email,name,from_me_count,to_me_count,total_messages,first_seen,last_seen,folders
do-not-reply@cloud-protect.net,GoDaddy Advanced Email Security,0,348,348,2024-01-03T01:10:16Z,2026-01-02T23:01:57Z,AQMkADE2MTk0ZGY2LWU4YTItNGY4Yy04MjU3LTUzZGM0ZmQ3OWViMQAuAAADwZP4641Q4U2bsdrBXD_zagEAgs_jWmtFXU_h_GPdjnYLFAAAAgEhAAAA;AQMkADE2MTk0ZGY2LWU4YTItNGY4Yy04MjU3LTUzZGM0ZmQ3OWViMQAuAAADwZP4641Q4U2bsdrBXD_zagEAgs_jWmtFXU_h_GPdjnYLFAAAAgEMAAAA
automated@sigparser.com,SigParser,0,1,1,2025-12-28T14:31:02Z,2025-12-28T14:31:02Z,AQMkADE2MTk0ZGY2LWU4YTItNGY4Yy04MjU3LTUzZGM0ZmQ3OWViMQAuAAADwZP4641Q4U2bsdrBXD_zagEAgs_jWmtFXU_h_GPdjnYLFAAAAgEKAAAA
microsoft-noreply@microsoft.com,Microsoft,0,5,5,2024-02-10T00:09:28Z,2025-12-19T21:50:39Z,AQMkADE2MTk0ZGY2LWU4YTItNGY4Yy04MjU3LTUzZGM0ZmQ3OWViMQAuAAADwZP4641Q4U2bsdrBXD_zagEAgs_jWmtFXU_h_GPdjnYLFAAAAgEKAAAA;AQMkADE2MTk0ZGY2LWU4YTItNGY4Yy04MjU3LTUzZGM0ZmQ3OWViMQAuAAADwZP4641Q4U2bsdrBXD_zagEAgs_jWmtFXU_h_GPdjnYLFAAAAgEMAAAA
dustin@thevintagepress.com,Dustin Cole,0,1,1,2025-12-16T00:26:06Z,2025-12-16T00:26:06Z,AQMkADE2MTk0ZGY2LWU4YTItNGY4Yy04MjU3LTUzZGM0ZmQ3OWViMQAuAAADwZP4641Q4U2bsdrBXD_zagEAgs_jWmtFXU_h_GPdjnYLFAAAAgEKAAAA
donotreply@godaddy.com,GoDaddy,0,32,32,2024-03-13T14:49:06Z,2025-12-15T09:51:17Z,AQMkADE2MTk0ZGY2LWU4YTItNGY4Yy04MjU3LTUzZGM0ZmQ3OWViMQAuAAADwZP4641Q4U2bsdrBXD_zagEAgs_jWmtFXU_h_GPdjnYLFAAAAgFJAAAA;AQMkADE2MTk0ZGY2LWU4YTItNGY4Yy04MjU3LTUzZGM0ZmQ3OWViMQAuAAADwZP4641Q4U2bsdrBXD_zagEAgs_jWmtFXU_h_GPdjnYLFAAAAgEMAAAA
delivery-noreply@sysco.com,Sysco,0,1,1,2025-12-15T07:49:42Z,2025-12-15T07:49:42Z,AQMkADE2MTk0ZGY2LWU4YTItNGY4Yy04MjU3LTUzZGM0ZmQ3OWViMQAuAAADwZP4641Q4U2bsdrBXD_zagEAgs_jWmtFXU_h_GPdjnYLFAAAAgEMAAAA
kaycee@thevintagepress.com,Kaycee Kirk,0,10,10,2024-01-02T19:30:56Z,2025-12-15T07:49:42Z,AQMkADE2MTk0ZGY2LWU4YTItNGY4Yy04MjU3LTUzZGM0ZmQ3OWViMQAuAAADwZP4641Q4U2bsdrBXD_zagEAgs_jWmtFXU_h_GPdjnYLFAAAAgEMAAAA;AQMkADE2MTk0ZGY2LWU4YTItNGY4Yy04MjU3LTUzZGM0ZmQ3OWViMQAuAAADwZP4641Q4U2bsdrBXD_zagEAgs_jWmtFXU_h_GPdjnYLFAAAAgEhAAAA
system@gbriskcontrol.com,GB Risk Control,0,1,1,2025-12-15T00:46:02Z,2025-12-15T00:46:02Z,AQMkADE2MTk0ZGY2LWU4YTItNGY4Yy04MjU3LTUzZGM0ZmQ3OWViMQAuAAADwZP4641Q4U2bsdrBXD_zagEAgs_jWmtFXU_h_GPdjnYLFAAAAgEMAAAA
support@stamplified.com,Stamplified,0,1,1,2025-12-14T23:29:44Z,2025-12-14T23:29:44Z,AQMkADE2MTk0ZGY2LWU4YTItNGY4Yy04MjU3LTUzZGM0ZmQ3OWViMQAuAAADwZP4641Q4U2bsdrBXD_zagEAgs_jWmtFXU_h_GPdjnYLFAAAAgEMAAAA
dale@wierenergygroup.com,Dale,0,2,2,2025-12-03T04:44:27Z,2025-12-03T04:44:27Z,AQMkADE2MTk0ZGY2LWU4YTItNGY4Yy04MjU3LTUzZGM0ZmQ3OWViMQAuAAADwZP4641Q4U2bsdrBXD_zagEAgs_jWmtFXU_h_GPdjnYLFAAAAgEMAAAA
mailer-daemon@ppe-hosted.com,Mail Delivery System,0,768,768,2024-03-29T15:20:52Z,2025-11-17T21:23:08Z,AQMkADE2MTk0ZGY2LWU4YTItNGY4Yy04MjU3LTUzZGM0ZmQ3OWViMQAuAAADwZP4641Q4U2bsdrBXD_zagEAgs_jWmtFXU_h_GPdjnYLFAAAAgEMAAAA
philadelphiainsurance@vuebill.com,philadelphiainsurance@vuebill.com,0,4,4,2025-10-18T23:07:43Z,2025-11-17T21:23:08Z,AQMkADE2MTk0ZGY2LWU4YTItNGY4Yy04MjU3LTUzZGM0ZmQ3OWViMQAuAAADwZP4641Q4U2bsdrBXD_zagEAgs_jWmtFXU_h_GPdjnYLFAAAAgEMAAAA
support@pciapply.com,support@pciapply.com,0,2,2,2025-10-18T21:50:21Z,2025-11-12T21:04:15Z,AQMkADE2MTk0ZGY2LWU4YTItNGY4Yy04MjU3LTUzZGM0ZmQ3OWViMQAuAAADwZP4641Q4U2bsdrBXD_zagEAgs_jWmtFXU_h_GPdjnYLFAAAAgEMAAAA
sce@message.sce.com,sce@message.sce.com,0,2,2,2025-10-18T21:50:21Z,2025-11-12T21:04:14Z,AQMkADE2MTk0ZGY2LWU4YTItNGY4Yy04MjU3LTUzZGM0ZmQ3OWViMQAuAAADwZP4641Q4U2bsdrBXD_zagEAgs_jWmtFXU_h_GPdjnYLFAAAAgEMAAAA
grace.loy@liveoak.bank,Grace Loy,1,1,2,2025-10-26T11:17:28Z,2025-11-12T21:00:12Z,AQMkADE2MTk0ZGY2LWU4YTItNGY4Yy04MjU3LTUzZGM0ZmQ3OWViMQAuAAADwZP4641Q4U2bsdrBXD_zagEAgs_jWmtFXU_h_GPdjnYLFAAAAgEPAAAA;AQMkADE2MTk0ZGY2LWU4YTItNGY4Yy04MjU3LTUzZGM0ZmQ3OWViMQAuAAADwZP4641Q4U2bsdrBXD_zagEAgs_jWmtFXU_h_GPdjnYLFAAAAgEMAAAA
support@dinovamarketplace.com,Dinova,0,3,3,2025-10-13T16:01:03Z,2025-11-12T17:01:44Z,AQMkADE2MTk0ZGY2LWU4YTItNGY4Yy04MjU3LTUzZGM0ZmQ3OWViMQAuAAADwZP4641Q4U2bsdrBXD_zagEAgs_jWmtFXU_h_GPdjnYLFAAAAgEMAAAA
help@paddle.com,Paddle,0,6,6,2025-11-06T22:15:04Z,2025-11-07T14:50:10Z,AQMkADE2MTk0ZGY2LWU4YTItNGY4Yy04MjU3LTUzZGM0ZmQ3OWViMQAuAAADwZP4641Q4U2bsdrBXD_zagEAgs_jWmtFXU_h_GPdjnYLFAAAAgEMAAAA
team@limeleads.com,Josh from LimeLeads,0,14,14,2025-11-06T22:13:30Z,2025-11-07T14:14:36Z,AQMkADE2MTk0ZGY2LWU4YTItNGY4Yy04MjU3LTUzZGM0ZmQ3OWViMQAuAAADwZP4641Q4U2bsdrBXD_zagEAgs_jWmtFXU_h_GPdjnYLFAAAAgEMAAAA
rrivera@mbt4schools.com,Rocio Rivera,0,1,1,2025-11-07T00:23:25Z,2025-11-07T00:23:25Z,AQMkADE2MTk0ZGY2LWU4YTItNGY4Yy04MjU3LTUzZGM0ZmQ3OWViMQAuAAADwZP4641Q4U2bsdrBXD_zagEAgs_jWmtFXU_h_GPdjnYLFAAAAgEMAAAA
notification@slack.com,Slack,0,2,2,2025-11-06T09:01:07Z,2025-11-06T09:57:17Z,AQMkADE2MTk0ZGY2LWU4YTItNGY4Yy04MjU3LTUzZGM0ZmQ3OWViMQAuAAADwZP4641Q4U2bsdrBXD_zagEAgs_jWmtFXU_h_GPdjnYLFAAAAgEMAAAA
no-reply@slack.com,Slack,0,3,3,2025-10-30T08:24:30Z,2025-11-06T08:42:03Z,AQMkADE2MTk0ZGY2LWU4YTItNGY4Yy04MjU3LTUzZGM0ZmQ3OWViMQAuAAADwZP4641Q4U2bsdrBXD_zagEAgs_jWmtFXU_h_GPdjnYLFAAAAgEMAAAA
office365reports@microsoft.com,Office365Reports@microsoft.com,0,1,1,2025-10-29T22:55:10Z,2025-10-29T22:55:10Z,AQMkADE2MTk0ZGY2LWU4YTItNGY4Yy04MjU3LTUzZGM0ZmQ3OWViMQAuAAADwZP4641Q4U2bsdrBXD_zagEAgs_jWmtFXU_h_GPdjnYLFAAAAgEMAAAA
cabercrombie@fblake.bank,Calvin Abercrombie,0,3,3,2025-10-26T11:39:46Z,2025-10-27T13:15:15Z,AQMkADE2MTk0ZGY2LWU4YTItNGY4Yy04MjU3LTUzZGM0ZmQ3OWViMQAuAAADwZP4641Q4U2bsdrBXD_zagEAgs_jWmtFXU_h_GPdjnYLFAAAAgEMAAAA
no-reply@liveoak.bank,Live Oak Bank,0,1,1,2025-10-26T11:11:06Z,2025-10-26T11:11:06Z,AQMkADE2MTk0ZGY2LWU4YTItNGY4Yy04MjU3LTUzZGM0ZmQ3OWViMQAuAAADwZP4641Q4U2bsdrBXD_zagEAgs_jWmtFXU_h_GPdjnYLFAAAAgEMAAAA
info@fintech.com,info@fintech.com,0,1,1,2025-10-18T21:50:21Z,2025-10-18T21:50:21Z,AQMkADE2MTk0ZGY2LWU4YTItNGY4Yy04MjU3LTUzZGM0ZmQ3OWViMQAuAAADwZP4641Q4U2bsdrBXD_zagEAgs_jWmtFXU_h_GPdjnYLFAAAAgEMAAAA
jpizarro@fintech.com,jpizarro@fintech.com,0,1,1,2025-10-18T21:50:21Z,2025-10-18T21:50:21Z,AQMkADE2MTk0ZGY2LWU4YTItNGY4Yy04MjU3LTUzZGM0ZmQ3OWViMQAuAAADwZP4641Q4U2bsdrBXD_zagEAgs_jWmtFXU_h_GPdjnYLFAAAAgEMAAAA
powerplat-noreply@microsoft.com,Microsoft Power Platform,0,3,3,2025-07-16T01:46:00Z,2025-10-15T01:47:56Z,AQMkADE2MTk0ZGY2LWU4YTItNGY4Yy04MjU3LTUzZGM0ZmQ3OWViMQAuAAADwZP4641Q4U2bsdrBXD_zagEAgs_jWmtFXU_h_GPdjnYLFAAAAgEMAAAA
careercenter+aarp@webscribble.com,AARP Job Board,0,1,1,2025-10-01T15:48:24Z,2025-10-01T15:48:24Z,AQMkADE2MTk0ZGY2LWU4YTItNGY4Yy04MjU3LTUzZGM0ZmQ3OWViMQAuAAADwZP4641Q4U2bsdrBXD_zagEAgs_jWmtFXU_h_GPdjnYLFAAAAgEMAAAA
jobs@purpleplacement.com,Admin,0,1,1,2025-10-01T15:36:03Z,2025-10-01T15:36:03Z,AQMkADE2MTk0ZGY2LWU4YTItNGY4Yy04MjU3LTUzZGM0ZmQ3OWViMQAuAAADwZP4641Q4U2bsdrBXD_zagEAgs_jWmtFXU_h_GPdjnYLFAAAAgEMAAAA
support@hireveterans.com,Hire Veterans - The #1 Veteran Jobs Marketplace,0,2,2,2025-10-01T14:59:30Z,2025-10-01T15:00:40Z,AQMkADE2MTk0ZGY2LWU4YTItNGY4Yy04MjU3LTUzZGM0ZmQ3OWViMQAuAAADwZP4641Q4U2bsdrBXD_zagEAgs_jWmtFXU_h_GPdjnYLFAAAAgEMAAAA
rowanchng@mail.fresnostate.edu,Rowan Chng,0,13,13,2024-01-16T17:30:30Z,2025-09-30T23:10:49Z,AQMkADE2MTk0ZGY2LWU4YTItNGY4Yy04MjU3LTUzZGM0ZmQ3OWViMQAuAAADwZP4641Q4U2bsdrBXD_zagEAgs_jWmtFXU_h_GPdjnYLFAAAAgEMAAAA
sequoia@elinkrecruiting.com,sequoia@elinkrecruiting.com,0,1,1,2025-09-29T16:58:48Z,2025-09-29T16:58:48Z,AQMkADE2MTk0ZGY2LWU4YTItNGY4Yy04MjU3LTUzZGM0ZmQ3OWViMQAuAAADwZP4641Q4U2bsdrBXD_zagEAgs_jWmtFXU_h_GPdjnYLFAAAAgEMAAAA
mdiaz@dinova.com,Mike Diaz,0,1,1,2025-09-19T16:26:12Z,2025-09-19T16:26:12Z,AQMkADE2MTk0ZGY2LWU4YTItNGY4Yy04MjU3LTUzZGM0ZmQ3OWViMQAuAAADwZP4641Q4U2bsdrBXD_zagEAgs_jWmtFXU_h_GPdjnYLFAAAAgEMAAAA
survey@edd.ca.gov,EDD Survey,0,4,4,2025-08-11T23:49:22Z,2025-09-03T00:05:46Z,AQMkADE2MTk0ZGY2LWU4YTItNGY4Yy04MjU3LTUzZGM0ZmQ3OWViMQAuAAADwZP4641Q4U2bsdrBXD_zagEAgs_jWmtFXU_h_GPdjnYLFAAAAgEMAAAA
misnupur424@gmail.com,mis nupur,0,1,1,2025-09-01T14:15:29Z,2025-09-01T14:15:29Z,AQMkADE2MTk0ZGY2LWU4YTItNGY4Yy04MjU3LTUzZGM0ZmQ3OWViMQAuAAADwZP4641Q4U2bsdrBXD_zagEAgs_jWmtFXU_h_GPdjnYLFAAAAgEMAAAA
k4jscall06@aol.com,k4jscall06@aol.com,0,1,1,2025-09-01T14:15:29Z,2025-09-01T14:15:29Z,AQMkADE2MTk0ZGY2LWU4YTItNGY4Yy04MjU3LTUzZGM0ZmQ3OWViMQAuAAADwZP4641Q4U2bsdrBXD_zagEAgs_jWmtFXU_h_GPdjnYLFAAAAgEMAAAA
kyle@geyservilleolive.com,kyle@geyservilleolive.com,0,1,1,2025-09-01T14:15:29Z,2025-09-01T14:15:29Z,AQMkADE2MTk0ZGY2LWU4YTItNGY4Yy04MjU3LTUzZGM0ZmQ3OWViMQAuAAADwZP4641Q4U2bsdrBXD_zagEAgs_jWmtFXU_h_GPdjnYLFAAAAgEMAAAA
wingsnthings@wingsnthings.net,wingsnthings@wingsnthings.net,0,1,1,2025-09-01T14:15:29Z,2025-09-01T14:15:29Z,AQMkADE2MTk0ZGY2LWU4YTItNGY4Yy04MjU3LTUzZGM0ZmQ3OWViMQAuAAADwZP4641Q4U2bsdrBXD_zagEAgs_jWmtFXU_h_GPdjnYLFAAAAgEMAAAA
lupita.mendez@foodmaker.com,lupita.mendez@foodmaker.com,0,1,1,2025-09-01T14:15:29Z,2025-09-01T14:15:29Z,AQMkADE2MTk0ZGY2LWU4YTItNGY4Yy04MjU3LTUzZGM0ZmQ3OWViMQAuAAADwZP4641Q4U2bsdrBXD_zagEAgs_jWmtFXU_h_GPdjnYLFAAAAgEMAAAA
elsaechandi@hotmail.com,elsaechandi@hotmail.com,0,1,1,2025-09-01T14:15:29Z,2025-09-01T14:15:29Z,AQMkADE2MTk0ZGY2LWU4YTItNGY4Yy04MjU3LTUzZGM0ZmQ3OWViMQAuAAADwZP4641Q4U2bsdrBXD_zagEAgs_jWmtFXU_h_GPdjnYLFAAAAgEMAAAA
info@myccasa.com,info@myccasa.com,0,1,1,2025-09-01T14:15:29Z,2025-09-01T14:15:29Z,AQMkADE2MTk0ZGY2LWU4YTItNGY4Yy04MjU3LTUzZGM0ZmQ3OWViMQAuAAADwZP4641Q4U2bsdrBXD_zagEAgs_jWmtFXU_h_GPdjnYLFAAAAgEMAAAA
melissa@burritozilla.com,melissa@burritozilla.com,0,1,1,2025-09-01T14:15:29Z,2025-09-01T14:15:29Z,AQMkADE2MTk0ZGY2LWU4YTItNGY4Yy04MjU3LTUzZGM0ZmQ3OWViMQAuAAADwZP4641Q4U2bsdrBXD_zagEAgs_jWmtFXU_h_GPdjnYLFAAAAgEMAAAA
ekilysa@yahoo.co.id,ekilysa@yahoo.co.id,0,1,1,2025-09-01T14:15:29Z,2025-09-01T14:15:29Z,AQMkADE2MTk0ZGY2LWU4YTItNGY4Yy04MjU3LTUzZGM0ZmQ3OWViMQAuAAADwZP4641Q4U2bsdrBXD_zagEAgs_jWmtFXU_h_GPdjnYLFAAAAgEMAAAA
now@cocosbakery.com,now@cocosbakery.com,0,1,1,2025-09-01T14:15:29Z,2025-09-01T14:15:29Z,AQMkADE2MTk0ZGY2LWU4YTItNGY4Yy04MjU3LTUzZGM0ZmQ3OWViMQAuAAADwZP4641Q4U2bsdrBXD_zagEAgs_jWmtFXU_h_GPdjnYLFAAAAgEMAAAA
jeff02@sbcglobal.net,jeff02@sbcglobal.net,0,1,1,2025-09-01T14:15:29Z,2025-09-01T14:15:29Z,AQMkADE2MTk0ZGY2LWU4YTItNGY4Yy04MjU3LTUzZGM0ZmQ3OWViMQAuAAADwZP4641Q4U2bsdrBXD_zagEAgs_jWmtFXU_h_GPdjnYLFAAAAgEMAAAA
riogrande@st35.com,riogrande@st35.com,0,1,1,2025-09-01T14:15:29Z,2025-09-01T14:15:29Z,AQMkADE2MTk0ZGY2LWU4YTItNGY4Yy04MjU3LTUzZGM0ZmQ3OWViMQAuAAADwZP4641Q4U2bsdrBXD_zagEAgs_jWmtFXU_h_GPdjnYLFAAAAgEMAAAA
adam@kgcnet.com,adam@kgcnet.com,0,1,1,2025-09-01T14:15:29Z,2025-09-01T14:15:29Z,AQMkADE2MTk0ZGY2LWU4YTItNGY4Yy04MjU3LTUzZGM0ZmQ3OWViMQAuAAADwZP4641Q4U2bsdrBXD_zagEAgs_jWmtFXU_h_GPdjnYLFAAAAgEMAAAA
acccincinfo@gmail.com,acccincinfo@gmail.com,0,1,1,2025-09-01T14:15:29Z,2025-09-01T14:15:29Z,AQMkADE2MTk0ZGY2LWU4YTItNGY4Yy04MjU3LTUzZGM0ZmQ3OWViMQAuAAADwZP4641Q4U2bsdrBXD_zagEAgs_jWmtFXU_h_GPdjnYLFAAAAgEMAAAA
donkeyballspalmsprings@gmail.com,donkeyballspalmsprings@gmail.com,0,1,1,2025-09-01T14:15:29Z,2025-09-01T14:15:29Z,AQMkADE2MTk0ZGY2LWU4YTItNGY4Yy04MjU3LTUzZGM0ZmQ3OWViMQAuAAADwZP4641Q4U2bsdrBXD_zagEAgs_jWmtFXU_h_GPdjnYLFAAAAgEMAAAA
questions@mromeletteca.com,questions@mromeletteca.com,0,1,1,2025-09-01T14:15:29Z,2025-09-01T14:15:29Z,AQMkADE2MTk0ZGY2LWU4YTItNGY4Yy04MjU3LTUzZGM0ZmQ3OWViMQAuAAADwZP4641Q4U2bsdrBXD_zagEAgs_jWmtFXU_h_GPdjnYLFAAAAgEMAAAA
management@famoushamburger.com,management@famoushamburger.com,0,1,1,2025-09-01T14:15:29Z,2025-09-01T14:15:29Z,AQMkADE2MTk0ZGY2LWU4YTItNGY4Yy04MjU3LTUzZGM0ZmQ3OWViMQAuAAADwZP4641Q4U2bsdrBXD_zagEAgs_jWmtFXU_h_GPdjnYLFAAAAgEMAAAA
zayna@zaynaflaminggrill.com,zayna@zaynaflaminggrill.com,0,1,1,2025-09-01T14:15:29Z,2025-09-01T14:15:29Z,AQMkADE2MTk0ZGY2LWU4YTItNGY4Yy04MjU3LTUzZGM0ZmQ3OWViMQAuAAADwZP4641Q4U2bsdrBXD_zagEAgs_jWmtFXU_h_GPdjnYLFAAAAgEMAAAA
wuwsysop@gmail.com,wuwsysop@gmail.com,0,1,1,2025-09-01T14:15:29Z,2025-09-01T14:15:29Z,AQMkADE2MTk0ZGY2LWU4YTItNGY4Yy04MjU3LTUzZGM0ZmQ3OWViMQAuAAADwZP4641Q4U2bsdrBXD_zagEAgs_jWmtFXU_h_GPdjnYLFAAAAgEMAAAA
bellaret@dominos.com,bellaret@dominos.com,0,1,1,2025-09-01T14:15:29Z,2025-09-01T14:15:29Z,AQMkADE2MTk0ZGY2LWU4YTItNGY4Yy04MjU3LTUzZGM0ZmQ3OWViMQAuAAADwZP4641Q4U2bsdrBXD_zagEAgs_jWmtFXU_h_GPdjnYLFAAAAgEMAAAA
s045@chuckecheese.com,s045@chuckecheese.com,0,1,1,2025-09-01T14:15:29Z,2025-09-01T14:15:29Z,AQMkADE2MTk0ZGY2LWU4YTItNGY4Yy04MjU3LTUzZGM0ZmQ3OWViMQAuAAADwZP4641Q4U2bsdrBXD_zagEAgs_jWmtFXU_h_GPdjnYLFAAAAgEMAAAA
amysrestaurant@yahoo.com,amysrestaurant@yahoo.com,0,1,1,2025-09-01T14:15:29Z,2025-09-01T14:15:29Z,AQMkADE2MTk0ZGY2LWU4YTItNGY4Yy04MjU3LTUzZGM0ZmQ3OWViMQAuAAADwZP4641Q4U2bsdrBXD_zagEAgs_jWmtFXU_h_GPdjnYLFAAAAgEMAAAA
wayne@whatalottapizza.com,wayne@whatalottapizza.com,0,1,1,2025-09-01T14:15:29Z,2025-09-01T14:15:29Z,AQMkADE2MTk0ZGY2LWU4YTItNGY4Yy04MjU3LTUzZGM0ZmQ3OWViMQAuAAADwZP4641Q4U2bsdrBXD_zagEAgs_jWmtFXU_h_GPdjnYLFAAAAgEMAAAA
bserver@tacobell.com,bserver@tacobell.com,0,1,1,2025-09-01T14:15:29Z,2025-09-01T14:15:29Z,AQMkADE2MTk0ZGY2LWU4YTItNGY4Yy04MjU3LTUzZGM0ZmQ3OWViMQAuAAADwZP4641Q4U2bsdrBXD_zagEAgs_jWmtFXU_h_GPdjnYLFAAAAgEMAAAA
rhock@tacobell.com,rhock@tacobell.com,0,1,1,2025-09-01T14:15:29Z,2025-09-01T14:15:29Z,AQMkADE2MTk0ZGY2LWU4YTItNGY4Yy04MjU3LTUzZGM0ZmQ3OWViMQAuAAADwZP4641Q4U2bsdrBXD_zagEAgs_jWmtFXU_h_GPdjnYLFAAAAgEMAAAA
cafe4470@panerabread.com,cafe4470@panerabread.com,0,1,1,2025-09-01T14:15:29Z,2025-09-01T14:15:29Z,AQMkADE2MTk0ZGY2LWU4YTItNGY4Yy04MjU3LTUzZGM0ZmQ3OWViMQAuAAADwZP4641Q4U2bsdrBXD_zagEAgs_jWmtFXU_h_GPdjnYLFAAAAgEMAAAA
mundosmexicangrill@gmail.com,mundosmexicangrill@gmail.com,0,1,1,2025-09-01T14:15:29Z,2025-09-01T14:15:29Z,AQMkADE2MTk0ZGY2LWU4YTItNGY4Yy04MjU3LTUzZGM0ZmQ3OWViMQAuAAADwZP4641Q4U2bsdrBXD_zagEAgs_jWmtFXU_h_GPdjnYLFAAAAgEMAAAA
mreyes@starbucks.com,mreyes@starbucks.com,0,1,1,2025-09-01T14:15:29Z,2025-09-01T14:15:29Z,AQMkADE2MTk0ZGY2LWU4YTItNGY4Yy04MjU3LTUzZGM0ZmQ3OWViMQAuAAADwZP4641Q4U2bsdrBXD_zagEAgs_jWmtFXU_h_GPdjnYLFAAAAgEMAAAA
jwprodsunl@aol.com,jwprodsunl@aol.com,0,1,1,2025-09-01T14:15:29Z,2025-09-01T14:15:29Z,AQMkADE2MTk0ZGY2LWU4YTItNGY4Yy04MjU3LTUzZGM0ZmQ3OWViMQAuAAADwZP4641Q4U2bsdrBXD_zagEAgs_jWmtFXU_h_GPdjnYLFAAAAgEMAAAA
fundraisers@pieology.com,fundraisers@pieology.com,0,1,1,2025-09-01T14:15:29Z,2025-09-01T14:15:29Z,AQMkADE2MTk0ZGY2LWU4YTItNGY4Yy04MjU3LTUzZGM0ZmQ3OWViMQAuAAADwZP4641Q4U2bsdrBXD_zagEAgs_jWmtFXU_h_GPdjnYLFAAAAgEMAAAA
info@pieology.com,info@pieology.com,0,1,1,2025-09-01T14:15:29Z,2025-09-01T14:15:29Z,AQMkADE2MTk0ZGY2LWU4YTItNGY4Yy04MjU3LTUzZGM0ZmQ3OWViMQAuAAADwZP4641Q4U2bsdrBXD_zagEAgs_jWmtFXU_h_GPdjnYLFAAAAgEMAAAA
jennifer.nixon@hotmail.com,jennifer.nixon@hotmail.com,0,1,1,2025-09-01T14:15:29Z,2025-09-01T14:15:29Z,AQMkADE2MTk0ZGY2LWU4YTItNGY4Yy04MjU3LTUzZGM0ZmQ3OWViMQAuAAADwZP4641Q4U2bsdrBXD_zagEAgs_jWmtFXU_h_GPdjnYLFAAAAgEMAAAA
groupbbbg@gmail.com,groupbbbg@gmail.com,0,1,1,2025-09-01T14:15:29Z,2025-09-01T14:15:29Z,AQMkADE2MTk0ZGY2LWU4YTItNGY4Yy04MjU3LTUzZGM0ZmQ3OWViMQAuAAADwZP4641Q4U2bsdrBXD_zagEAgs_jWmtFXU_h_GPdjnYLFAAAAgEMAAAA
info@mazarahb.com,info@mazarahb.com,0,1,1,2025-09-01T14:15:29Z,2025-09-01T14:15:29Z,AQMkADE2MTk0ZGY2LWU4YTItNGY4Yy04MjU3LTUzZGM0ZmQ3OWViMQAuAAADwZP4641Q4U2bsdrBXD_zagEAgs_jWmtFXU_h_GPdjnYLFAAAAgEMAAAA
joe@funkeyindustries.com,joe@funkeyindustries.com,0,1,1,2025-09-01T14:15:29Z,2025-09-01T14:15:29Z,AQMkADE2MTk0ZGY2LWU4YTItNGY4Yy04MjU3LTUzZGM0ZmQ3OWViMQAuAAADwZP4641Q4U2bsdrBXD_zagEAgs_jWmtFXU_h_GPdjnYLFAAAAgEMAAAA
kim@funkeyindustries.com,kim@funkeyindustries.com,0,1,1,2025-09-01T14:15:29Z,2025-09-01T14:15:29Z,AQMkADE2MTk0ZGY2LWU4YTItNGY4Yy04MjU3LTUzZGM0ZmQ3OWViMQAuAAADwZP4641Q4U2bsdrBXD_zagEAgs_jWmtFXU_h_GPdjnYLFAAAAgEMAAAA
privatepartypd@cafebizou.com,privatepartypd@cafebizou.com,0,1,1,2025-09-01T14:15:29Z,2025-09-01T14:15:29Z,AQMkADE2MTk0ZGY2LWU4YTItNGY4Yy04MjU3LTUzZGM0ZmQ3OWViMQAuAAADwZP4641Q4U2bsdrBXD_zagEAgs_jWmtFXU_h_GPdjnYLFAAAAgEMAAAA
privatepartysm@cafebizou.com,privatepartysm@cafebizou.com,0,1,1,2025-09-01T14:15:29Z,2025-09-01T14:15:29Z,AQMkADE2MTk0ZGY2LWU4YTItNGY4Yy04MjU3LTUzZGM0ZmQ3OWViMQAuAAADwZP4641Q4U2bsdrBXD_zagEAgs_jWmtFXU_h_GPdjnYLFAAAAgEMAAAA
privatepartyso@cafebizou.com,privatepartyso@cafebizou.com,0,1,1,2025-09-01T14:15:29Z,2025-09-01T14:15:29Z,AQMkADE2MTk0ZGY2LWU4YTItNGY4Yy04MjU3LTUzZGM0ZmQ3OWViMQAuAAADwZP4641Q4U2bsdrBXD_zagEAgs_jWmtFXU_h_GPdjnYLFAAAAgEMAAAA
steve@woodbridgecrossing.net,steve@woodbridgecrossing.net,0,1,1,2025-09-01T14:15:29Z,2025-09-01T14:15:29Z,AQMkADE2MTk0ZGY2LWU4YTItNGY4Yy04MjU3LTUzZGM0ZmQ3OWViMQAuAAADwZP4641Q4U2bsdrBXD_zagEAgs_jWmtFXU_h_GPdjnYLFAAAAgEMAAAA
ema.huizar@foodmaker.com,ema.huizar@foodmaker.com,0,1,1,2025-09-01T14:15:29Z,2025-09-01T14:15:29Z,AQMkADE2MTk0ZGY2LWU4YTItNGY4Yy04MjU3LTUzZGM0ZmQ3OWViMQAuAAADwZP4641Q4U2bsdrBXD_zagEAgs_jWmtFXU_h_GPdjnYLFAAAAgEMAAAA
spicysushiandgrill@gmail.com,spicysushiandgrill@gmail.com,0,1,1,2025-09-01T14:15:29Z,2025-09-01T14:15:29Z,AQMkADE2MTk0ZGY2LWU4YTItNGY4Yy04MjU3LTUzZGM0ZmQ3OWViMQAuAAADwZP4641Q4U2bsdrBXD_zagEAgs_jWmtFXU_h_GPdjnYLFAAAAgEMAAAA
helenivenson@tcby.com,helenivenson@tcby.com,0,1,1,2025-09-01T14:15:29Z,2025-09-01T14:15:29Z,AQMkADE2MTk0ZGY2LWU4YTItNGY4Yy04MjU3LTUzZGM0ZmQ3OWViMQAuAAADwZP4641Q4U2bsdrBXD_zagEAgs_jWmtFXU_h_GPdjnYLFAAAAgEMAAAA
billing@egumball.com,billing@egumball.com,0,1,1,2025-09-01T14:15:29Z,2025-09-01T14:15:29Z,AQMkADE2MTk0ZGY2LWU4YTItNGY4Yy04MjU3LTUzZGM0ZmQ3OWViMQAuAAADwZP4641Q4U2bsdrBXD_zagEAgs_jWmtFXU_h_GPdjnYLFAAAAgEMAAAA
qdeo@marvell.com,qdeo@marvell.com,0,1,1,2025-09-01T14:15:29Z,2025-09-01T14:15:29Z,AQMkADE2MTk0ZGY2LWU4YTItNGY4Yy04MjU3LTUzZGM0ZmQ3OWViMQAuAAADwZP4641Q4U2bsdrBXD_zagEAgs_jWmtFXU_h_GPdjnYLFAAAAgEMAAAA
pageadmin@marvell.com,pageadmin@marvell.com,0,1,1,2025-09-01T14:15:29Z,2025-09-01T14:15:29Z,AQMkADE2MTk0ZGY2LWU4YTItNGY4Yy04MjU3LTUzZGM0ZmQ3OWViMQAuAAADwZP4641Q4U2bsdrBXD_zagEAgs_jWmtFXU_h_GPdjnYLFAAAAgEMAAAA
send@giftrocket.com,send@giftrocket.com,0,2,2,2025-08-09T14:18:02Z,2025-09-01T14:15:29Z,AQMkADE2MTk0ZGY2LWU4YTItNGY4Yy04MjU3LTUzZGM0ZmQ3OWViMQAuAAADwZP4641Q4U2bsdrBXD_zagEAgs_jWmtFXU_h_GPdjnYLFAAAAgEMAAAA
admin@awshuckscarmel.com,admin@awshuckscarmel.com,0,1,1,2025-09-01T14:15:29Z,2025-09-01T14:15:29Z,AQMkADE2MTk0ZGY2LWU4YTItNGY4Yy04MjU3LTUzZGM0ZmQ3OWViMQAuAAADwZP4641Q4U2bsdrBXD_zagEAgs_jWmtFXU_h_GPdjnYLFAAAAgEMAAAA
huntingtonbeach@eurekaburger.com,huntingtonbeach@eurekaburger.com,0,1,1,2025-09-01T14:15:29Z,2025-09-01T14:15:29Z,AQMkADE2MTk0ZGY2LWU4YTItNGY4Yy04MjU3LTUzZGM0ZmQ3OWViMQAuAAADwZP4641Q4U2bsdrBXD_zagEAgs_jWmtFXU_h_GPdjnYLFAAAAgEMAAAA
tony@ziofraedos.com,tony@ziofraedos.com,0,1,1,2025-09-01T14:15:29Z,2025-09-01T14:15:29Z,AQMkADE2MTk0ZGY2LWU4YTItNGY4Yy04MjU3LTUzZGM0ZmQ3OWViMQAuAAADwZP4641Q4U2bsdrBXD_zagEAgs_jWmtFXU_h_GPdjnYLFAAAAgEMAAAA
giovannisberkeley@gmail.com,giovannisberkeley@gmail.com,0,1,1,2025-09-01T14:15:29Z,2025-09-01T14:15:29Z,AQMkADE2MTk0ZGY2LWU4YTItNGY4Yy04MjU3LTUzZGM0ZmQ3OWViMQAuAAADwZP4641Q4U2bsdrBXD_zagEAgs_jWmtFXU_h_GPdjnYLFAAAAgEMAAAA
mgford727@gmail.com,Matthew,0,1,1,2025-09-01T14:15:29Z,2025-09-01T14:15:29Z,AQMkADE2MTk0ZGY2LWU4YTItNGY4Yy04MjU3LTUzZGM0ZmQ3OWViMQAuAAADwZP4641Q4U2bsdrBXD_zagEAgs_jWmtFXU_h_GPdjnYLFAAAAgEMAAAA
munchcompany@gmail.com,munchcompany@gmail.com,0,1,1,2025-09-01T14:15:29Z,2025-09-01T14:15:29Z,AQMkADE2MTk0ZGY2LWU4YTItNGY4Yy04MjU3LTUzZGM0ZmQ3OWViMQAuAAADwZP4641Q4U2bsdrBXD_zagEAgs_jWmtFXU_h_GPdjnYLFAAAAgEMAAAA
celesteiliff@munchbrothers.org,celesteiliff@munchbrothers.org,0,1,1,2025-09-01T14:15:29Z,2025-09-01T14:15:29Z,AQMkADE2MTk0ZGY2LWU4YTItNGY4Yy04MjU3LTUzZGM0ZmQ3OWViMQAuAAADwZP4641Q4U2bsdrBXD_zagEAgs_jWmtFXU_h_GPdjnYLFAAAAgEMAAAA
information@lagunacliffs.com,information@lagunacliffs.com,0,1,1,2025-09-01T14:15:29Z,2025-09-01T14:15:29Z,AQMkADE2MTk0ZGY2LWU4YTItNGY4Yy04MjU3LTUzZGM0ZmQ3OWViMQAuAAADwZP4641Q4U2bsdrBXD_zagEAgs_jWmtFXU_h_GPdjnYLFAAAAgEMAAAA
info@morgans-on-main.com,info@morgans-on-main.com,0,1,1,2025-09-01T14:15:29Z,2025-09-01T14:15:29Z,AQMkADE2MTk0ZGY2LWU4YTItNGY4Yy04MjU3LTUzZGM0ZmQ3OWViMQAuAAADwZP4641Q4U2bsdrBXD_zagEAgs_jWmtFXU_h_GPdjnYLFAAAAgEMAAAA
alexia.penna@eurekarestaurantgroup.com,alexia.penna@eurekarestaurantgroup.com,0,1,1,2025-09-01T14:15:29Z,2025-09-01T14:15:29Z,AQMkADE2MTk0ZGY2LWU4YTItNGY4Yy04MjU3LTUzZGM0ZmQ3OWViMQAuAAADwZP4641Q4U2bsdrBXD_zagEAgs_jWmtFXU_h_GPdjnYLFAAAAgEMAAAA
card@redrobin.com,card@redrobin.com,0,1,1,2025-09-01T14:15:29Z,2025-09-01T14:15:29Z,AQMkADE2MTk0ZGY2LWU4YTItNGY4Yy04MjU3LTUzZGM0ZmQ3OWViMQAuAAADwZP4641Q4U2bsdrBXD_zagEAgs_jWmtFXU_h_GPdjnYLFAAAAgEMAAAA
twalsh@redrobin.com,twalsh@redrobin.com,0,1,1,2025-09-01T14:15:29Z,2025-09-01T14:15:29Z,AQMkADE2MTk0ZGY2LWU4YTItNGY4Yy04MjU3LTUzZGM0ZmQ3OWViMQAuAAADwZP4641Q4U2bsdrBXD_zagEAgs_jWmtFXU_h_GPdjnYLFAAAAgEMAAAA
info@matchbox369.com,info@matchbox369.com,0,1,1,2025-09-01T14:15:29Z,2025-09-01T14:15:29Z,AQMkADE2MTk0ZGY2LWU4YTItNGY4Yy04MjU3LTUzZGM0ZmQ3OWViMQAuAAADwZP4641Q4U2bsdrBXD_zagEAgs_jWmtFXU_h_GPdjnYLFAAAAgEMAAAA
remi.rivera@sbcglobal.net,remi.rivera@sbcglobal.net,0,1,1,2025-09-01T14:15:29Z,2025-09-01T14:15:29Z,AQMkADE2MTk0ZGY2LWU4YTItNGY4Yy04MjU3LTUzZGM0ZmQ3OWViMQAuAAADwZP4641Q4U2bsdrBXD_zagEAgs_jWmtFXU_h_GPdjnYLFAAAAgEMAAAA
oldpasadena@kabukirestaurants.com,oldpasadena@kabukirestaurants.com,0,1,1,2025-09-01T14:15:29Z,2025-09-01T14:15:29Z,AQMkADE2MTk0ZGY2LWU4YTItNGY4Yy04MjU3LTUzZGM0ZmQ3OWViMQAuAAADwZP4641Q4U2bsdrBXD_zagEAgs_jWmtFXU_h_GPdjnYLFAAAAgEMAAAA
elparian916@gmail.com,elparian916@gmail.com,0,1,1,2025-09-01T14:15:29Z,2025-09-01T14:15:29Z,AQMkADE2MTk0ZGY2LWU4YTItNGY4Yy04MjU3LTUzZGM0ZmQ3OWViMQAuAAADwZP4641Q4U2bsdrBXD_zagEAgs_jWmtFXU_h_GPdjnYLFAAAAgEMAAAA
joeswingsnfries@yahoo.com,joeswingsnfries@yahoo.com,0,1,1,2025-09-01T14:15:29Z,2025-09-01T14:15:29Z,AQMkADE2MTk0ZGY2LWU4YTItNGY4Yy04MjU3LTUzZGM0ZmQ3OWViMQAuAAADwZP4641Q4U2bsdrBXD_zagEAgs_jWmtFXU_h_GPdjnYLFAAAAgEMAAAA
anna@themeatmarket.com,anna@themeatmarket.com,0,1,1,2025-09-01T14:15:29Z,2025-09-01T14:15:29Z,AQMkADE2MTk0ZGY2LWU4YTItNGY4Yy04MjU3LTUzZGM0ZmQ3OWViMQAuAAADwZP4641Q4U2bsdrBXD_zagEAgs_jWmtFXU_h_GPdjnYLFAAAAgEMAAAA
info@themeatmarket.com,info@themeatmarket.com,0,1,1,2025-09-01T14:15:29Z,2025-09-01T14:15:29Z,AQMkADE2MTk0ZGY2LWU4YTItNGY4Yy04MjU3LTUzZGM0ZmQ3OWViMQAuAAADwZP4641Q4U2bsdrBXD_zagEAgs_jWmtFXU_h_GPdjnYLFAAAAgEMAAAA
gregc@fitzgeraldshb.net,gregc@fitzgeraldshb.net,0,1,1,2025-09-01T14:15:29Z,2025-09-01T14:15:29Z,AQMkADE2MTk0ZGY2LWU4YTItNGY4Yy04MjU3LTUzZGM0ZmQ3OWViMQAuAAADwZP4641Q4U2bsdrBXD_zagEAgs_jWmtFXU_h_GPdjnYLFAAAAgEMAAAA
contact@fitzgeraldshbpub.com,contact@fitzgeraldshbpub.com,0,1,1,2025-09-01T14:15:29Z,2025-09-01T14:15:29Z,AQMkADE2MTk0ZGY2LWU4YTItNGY4Yy04MjU3LTUzZGM0ZmQ3OWViMQAuAAADwZP4641Q4U2bsdrBXD_zagEAgs_jWmtFXU_h_GPdjnYLFAAAAgEMAAAA
lpendergas@rainforestcafe.com,lpendergas@rainforestcafe.com,0,1,1,2025-09-01T14:15:29Z,2025-09-01T14:15:29Z,AQMkADE2MTk0ZGY2LWU4YTItNGY4Yy04MjU3LTUzZGM0ZmQ3OWViMQAuAAADwZP4641Q4U2bsdrBXD_zagEAgs_jWmtFXU_h_GPdjnYLFAAAAgEMAAAA
j.c@papaya.com,j.c@papaya.com,0,1,1,2025-09-01T14:15:29Z,2025-09-01T14:15:29Z,AQMkADE2MTk0ZGY2LWU4YTItNGY4Yy04MjU3LTUzZGM0ZmQ3OWViMQAuAAADwZP4641Q4U2bsdrBXD_zagEAgs_jWmtFXU_h_GPdjnYLFAAAAgEMAAAA
order@gamisushisd.com,order@gamisushisd.com,0,1,1,2025-09-01T14:15:29Z,2025-09-01T14:15:29Z,AQMkADE2MTk0ZGY2LWU4YTItNGY4Yy04MjU3LTUzZGM0ZmQ3OWViMQAuAAADwZP4641Q4U2bsdrBXD_zagEAgs_jWmtFXU_h_GPdjnYLFAAAAgEMAAAA
reservations@lucianas.com,reservations@lucianas.com,0,1,1,2025-09-01T14:15:29Z,2025-09-01T14:15:29Z,AQMkADE2MTk0ZGY2LWU4YTItNGY4Yy04MjU3LTUzZGM0ZmQ3OWViMQAuAAADwZP4641Q4U2bsdrBXD_zagEAgs_jWmtFXU_h_GPdjnYLFAAAAgEMAAAA
going@outlook.com,going@outlook.com,0,1,1,2025-09-01T14:15:29Z,2025-09-01T14:15:29Z,AQMkADE2MTk0ZGY2LWU4YTItNGY4Yy04MjU3LTUzZGM0ZmQ3OWViMQAuAAADwZP4641Q4U2bsdrBXD_zagEAgs_jWmtFXU_h_GPdjnYLFAAAAgEMAAAA
miramesa@bucainc.com,miramesa@bucainc.com,0,1,1,2025-09-01T14:15:29Z,2025-09-01T14:15:29Z,AQMkADE2MTk0ZGY2LWU4YTItNGY4Yy04MjU3LTUzZGM0ZmQ3OWViMQAuAAADwZP4641Q4U2bsdrBXD_zagEAgs_jWmtFXU_h_GPdjnYLFAAAAgEMAAAA
marketingrequest@bucainc.com,marketingrequest@bucainc.com,0,1,1,2025-09-01T14:15:29Z,2025-09-01T14:15:29Z,AQMkADE2MTk0ZGY2LWU4YTItNGY4Yy04MjU3LTUzZGM0ZmQ3OWViMQAuAAADwZP4641Q4U2bsdrBXD_zagEAgs_jWmtFXU_h_GPdjnYLFAAAAgEMAAAA
info@pienot.com,info@pienot.com,0,1,1,2025-09-01T14:15:29Z,2025-09-01T14:15:29Z,AQMkADE2MTk0ZGY2LWU4YTItNGY4Yy04MjU3LTUzZGM0ZmQ3OWViMQAuAAADwZP4641Q4U2bsdrBXD_zagEAgs_jWmtFXU_h_GPdjnYLFAAAAgEMAAAA
info@starbucks.com,info@starbucks.com,0,1,1,2025-09-01T14:15:29Z,2025-09-01T14:15:29Z,AQMkADE2MTk0ZGY2LWU4YTItNGY4Yy04MjU3LTUzZGM0ZmQ3OWViMQAuAAADwZP4641Q4U2bsdrBXD_zagEAgs_jWmtFXU_h_GPdjnYLFAAAAgEMAAAA
lbrennan@starbucks.com,lbrennan@starbucks.com,0,1,1,2025-09-01T14:15:29Z,2025-09-01T14:15:29Z,AQMkADE2MTk0ZGY2LWU4YTItNGY4Yy04MjU3LTUzZGM0ZmQ3OWViMQAuAAADwZP4641Q4U2bsdrBXD_zagEAgs_jWmtFXU_h_GPdjnYLFAAAAgEMAAAA
info@lettucetossit.com,info@lettucetossit.com,0,1,1,2025-09-01T14:15:29Z,2025-09-01T14:15:29Z,AQMkADE2MTk0ZGY2LWU4YTItNGY4Yy04MjU3LTUzZGM0ZmQ3OWViMQAuAAADwZP4641Q4U2bsdrBXD_zagEAgs_jWmtFXU_h_GPdjnYLFAAAAgEMAAAA
lettucecater@lettucetossit.com,lettucecater@lettucetossit.com,0,1,1,2025-09-01T14:15:29Z,2025-09-01T14:15:29Z,AQMkADE2MTk0ZGY2LWU4YTItNGY4Yy04MjU3LTUzZGM0ZmQ3OWViMQAuAAADwZP4641Q4U2bsdrBXD_zagEAgs_jWmtFXU_h_GPdjnYLFAAAAgEMAAAA
angelinasfamouspizza@yahoo.com,angelinasfamouspizza@yahoo.com,0,1,1,2025-09-01T14:15:29Z,2025-09-01T14:15:29Z,AQMkADE2MTk0ZGY2LWU4YTItNGY4Yy04MjU3LTUzZGM0ZmQ3OWViMQAuAAADwZP4641Q4U2bsdrBXD_zagEAgs_jWmtFXU_h_GPdjnYLFAAAAgEMAAAA
dandkwong@yahoo.com,dandkwong@yahoo.com,0,1,1,2025-09-01T14:15:29Z,2025-09-01T14:15:29Z,AQMkADE2MTk0ZGY2LWU4YTItNGY4Yy04MjU3LTUzZGM0ZmQ3OWViMQAuAAADwZP4641Q4U2bsdrBXD_zagEAgs_jWmtFXU_h_GPdjnYLFAAAAgEMAAAA
grillaburger@aol.com,grillaburger@aol.com,0,1,1,2025-09-01T14:15:29Z,2025-09-01T14:15:29Z,AQMkADE2MTk0ZGY2LWU4YTItNGY4Yy04MjU3LTUzZGM0ZmQ3OWViMQAuAAADwZP4641Q4U2bsdrBXD_zagEAgs_jWmtFXU_h_GPdjnYLFAAAAgEMAAAA
contact@frescorestaurants.com,contact@frescorestaurants.com,0,1,1,2025-09-01T14:15:29Z,2025-09-01T14:15:29Z,AQMkADE2MTk0ZGY2LWU4YTItNGY4Yy04MjU3LTUzZGM0ZmQ3OWViMQAuAAADwZP4641Q4U2bsdrBXD_zagEAgs_jWmtFXU_h_GPdjnYLFAAAAgEMAAAA
tina@frescony.com,tina@frescony.com,0,1,1,2025-09-01T14:15:29Z,2025-09-01T14:15:29Z,AQMkADE2MTk0ZGY2LWU4YTItNGY4Yy04MjU3LTUzZGM0ZmQ3OWViMQAuAAADwZP4641Q4U2bsdrBXD_zagEAgs_jWmtFXU_h_GPdjnYLFAAAAgEMAAAA
rferguson@primohg.com,rferguson@primohg.com,0,1,1,2025-09-01T14:15:29Z,2025-09-01T14:15:29Z,AQMkADE2MTk0ZGY2LWU4YTItNGY4Yy04MjU3LTUzZGM0ZmQ3OWViMQAuAAADwZP4641Q4U2bsdrBXD_zagEAgs_jWmtFXU_h_GPdjnYLFAAAAgEMAAAA
haywardyukisushi@gmail.com,haywardyukisushi@gmail.com,0,1,1,2025-09-01T14:15:29Z,2025-09-01T14:15:29Z,AQMkADE2MTk0ZGY2LWU4YTItNGY4Yy04MjU3LTUzZGM0ZmQ3OWViMQAuAAADwZP4641Q4U2bsdrBXD_zagEAgs_jWmtFXU_h_GPdjnYLFAAAAgEMAAAA
info@watermarkonmain.com,info@watermarkonmain.com,0,1,1,2025-09-01T14:15:29Z,2025-09-01T14:15:29Z,AQMkADE2MTk0ZGY2LWU4YTItNGY4Yy04MjU3LTUzZGM0ZmQ3OWViMQAuAAADwZP4641Q4U2bsdrBXD_zagEAgs_jWmtFXU_h_GPdjnYLFAAAAgEMAAAA
phocadao@gmail.com,phocadao@gmail.com,0,1,1,2025-09-01T14:15:29Z,2025-09-01T14:15:29Z,AQMkADE2MTk0ZGY2LWU4YTItNGY4Yy04MjU3LTUzZGM0ZmQ3OWViMQAuAAADwZP4641Q4U2bsdrBXD_zagEAgs_jWmtFXU_h_GPdjnYLFAAAAgEMAAAA
info@pekingwokbonsall.com,info@pekingwokbonsall.com,0,1,1,2025-09-01T14:15:29Z,2025-09-01T14:15:29Z,AQMkADE2MTk0ZGY2LWU4YTItNGY4Yy04MjU3LTUzZGM0ZmQ3OWViMQAuAAADwZP4641Q4U2bsdrBXD_zagEAgs_jWmtFXU_h_GPdjnYLFAAAAgEMAAAA
info@ambrosiacafesacramento.com,info@ambrosiacafesacramento.com,0,1,1,2025-09-01T14:15:29Z,2025-09-01T14:15:29Z,AQMkADE2MTk0ZGY2LWU4YTItNGY4Yy04MjU3LTUzZGM0ZmQ3OWViMQAuAAADwZP4641Q4U2bsdrBXD_zagEAgs_jWmtFXU_h_GPdjnYLFAAAAgEMAAAA
info@thespoonnbistro.com,info@thespoonnbistro.com,0,1,1,2025-09-01T14:15:29Z,2025-09-01T14:15:29Z,AQMkADE2MTk0ZGY2LWU4YTItNGY4Yy04MjU3LTUzZGM0ZmQ3OWViMQAuAAADwZP4641Q4U2bsdrBXD_zagEAgs_jWmtFXU_h_GPdjnYLFAAAAgEMAAAA
jmartinz@tacobell.com,jmartinz@tacobell.com,0,1,1,2025-09-01T14:15:29Z,2025-09-01T14:15:29Z,AQMkADE2MTk0ZGY2LWU4YTItNGY4Yy04MjU3LTUzZGM0ZmQ3OWViMQAuAAADwZP4641Q4U2bsdrBXD_zagEAgs_jWmtFXU_h_GPdjnYLFAAAAgEMAAAA
thepointchophouse@yahoo.com,thepointchophouse@yahoo.com,0,1,1,2025-09-01T14:15:29Z,2025-09-01T14:15:29Z,AQMkADE2MTk0ZGY2LWU4YTItNGY4Yy04MjU3LTUzZGM0ZmQ3OWViMQAuAAADwZP4641Q4U2bsdrBXD_zagEAgs_jWmtFXU_h_GPdjnYLFAAAAgEMAAAA
papayabaysandiego@yahoo.com,papayabaysandiego@yahoo.com,0,1,1,2025-09-01T14:15:29Z,2025-09-01T14:15:29Z,AQMkADE2MTk0ZGY2LWU4YTItNGY4Yy04MjU3LTUzZGM0ZmQ3OWViMQAuAAADwZP4641Q4U2bsdrBXD_zagEAgs_jWmtFXU_h_GPdjnYLFAAAAgEMAAAA
lugano@swissbistro.com,lugano@swissbistro.com,0,1,1,2025-09-01T14:15:29Z,2025-09-01T14:15:29Z,AQMkADE2MTk0ZGY2LWU4YTItNGY4Yy04MjU3LTUzZGM0ZmQ3OWViMQAuAAADwZP4641Q4U2bsdrBXD_zagEAgs_jWmtFXU_h_GPdjnYLFAAAAgEMAAAA
luganol@redshift.com,luganol@redshift.com,0,1,1,2025-09-01T14:15:29Z,2025-09-01T14:15:29Z,AQMkADE2MTk0ZGY2LWU4YTItNGY4Yy04MjU3LTUzZGM0ZmQ3OWViMQAuAAADwZP4641Q4U2bsdrBXD_zagEAgs_jWmtFXU_h_GPdjnYLFAAAAgEMAAAA
luganoswissbistro@gmail.com,luganoswissbistro@gmail.com,0,1,1,2025-09-01T14:15:29Z,2025-09-01T14:15:29Z,AQMkADE2MTk0ZGY2LWU4YTItNGY4Yy04MjU3LTUzZGM0ZmQ3OWViMQAuAAADwZP4641Q4U2bsdrBXD_zagEAgs_jWmtFXU_h_GPdjnYLFAAAAgEMAAAA
fondhandler@yahoo.com,fondhandler@yahoo.com,0,1,1,2025-09-01T14:15:29Z,2025-09-01T14:15:29Z,AQMkADE2MTk0ZGY2LWU4YTItNGY4Yy04MjU3LTUzZGM0ZmQ3OWViMQAuAAADwZP4641Q4U2bsdrBXD_zagEAgs_jWmtFXU_h_GPdjnYLFAAAAgEMAAAA
pavilionbarandgrill@gmail.com,pavilionbarandgrill@gmail.com,0,1,1,2025-09-01T14:15:29Z,2025-09-01T14:15:29Z,AQMkADE2MTk0ZGY2LWU4YTItNGY4Yy04MjU3LTUzZGM0ZmQ3OWViMQAuAAADwZP4641Q4U2bsdrBXD_zagEAgs_jWmtFXU_h_GPdjnYLFAAAAgEMAAAA
zainab.adel@foodmaker.com,zainab.adel@foodmaker.com,0,1,1,2025-09-01T14:15:29Z,2025-09-01T14:15:29Z,AQMkADE2MTk0ZGY2LWU4YTItNGY4Yy04MjU3LTUzZGM0ZmQ3OWViMQAuAAADwZP4641Q4U2bsdrBXD_zagEAgs_jWmtFXU_h_GPdjnYLFAAAAgEMAAAA
chris@donjose.net,chris@donjose.net,0,1,1,2025-09-01T14:15:29Z,2025-09-01T14:15:29Z,AQMkADE2MTk0ZGY2LWU4YTItNGY4Yy04MjU3LTUzZGM0ZmQ3OWViMQAuAAADwZP4641Q4U2bsdrBXD_zagEAgs_jWmtFXU_h_GPdjnYLFAAAAgEMAAAA
srooney@starbucks.com,srooney@starbucks.com,0,1,1,2025-09-01T14:15:29Z,2025-09-01T14:15:29Z,AQMkADE2MTk0ZGY2LWU4YTItNGY4Yy04MjU3LTUzZGM0ZmQ3OWViMQAuAAADwZP4641Q4U2bsdrBXD_zagEAgs_jWmtFXU_h_GPdjnYLFAAAAgEMAAAA
info@jinya-la.com,info@jinya-la.com,0,1,1,2025-09-01T14:15:29Z,2025-09-01T14:15:29Z,AQMkADE2MTk0ZGY2LWU4YTItNGY4Yy04MjU3LTUzZGM0ZmQ3OWViMQAuAAADwZP4641Q4U2bsdrBXD_zagEAgs_jWmtFXU_h_GPdjnYLFAAAAgEMAAAA
sushinjoy@yahoo.com,sushinjoy@yahoo.com,0,1,1,2025-09-01T14:15:29Z,2025-09-01T14:15:29Z,AQMkADE2MTk0ZGY2LWU4YTItNGY4Yy04MjU3LTUzZGM0ZmQ3OWViMQAuAAADwZP4641Q4U2bsdrBXD_zagEAgs_jWmtFXU_h_GPdjnYLFAAAAgEMAAAA
manager@taqueriaa.com,manager@taqueriaa.com,0,1,1,2025-09-01T14:15:29Z,2025-09-01T14:15:29Z,AQMkADE2MTk0ZGY2LWU4YTItNGY4Yy04MjU3LTUzZGM0ZmQ3OWViMQAuAAADwZP4641Q4U2bsdrBXD_zagEAgs_jWmtFXU_h_GPdjnYLFAAAAgEMAAAA
patty@cafelatartine.com,patty@cafelatartine.com,0,1,1,2025-09-01T14:15:29Z,2025-09-01T14:15:29Z,AQMkADE2MTk0ZGY2LWU4YTItNGY4Yy04MjU3LTUzZGM0ZmQ3OWViMQAuAAADwZP4641Q4U2bsdrBXD_zagEAgs_jWmtFXU_h_GPdjnYLFAAAAgEMAAAA
info@cafelatartine.com,info@cafelatartine.com,0,1,1,2025-09-01T14:15:29Z,2025-09-01T14:15:29Z,AQMkADE2MTk0ZGY2LWU4YTItNGY4Yy04MjU3LTUzZGM0ZmQ3OWViMQAuAAADwZP4641Q4U2bsdrBXD_zagEAgs_jWmtFXU_h_GPdjnYLFAAAAgEMAAAA
dynes@ucla.com,dynes@ucla.com,0,1,1,2025-09-01T14:15:29Z,2025-09-01T14:15:29Z,AQMkADE2MTk0ZGY2LWU4YTItNGY4Yy04MjU3LTUzZGM0ZmQ3OWViMQAuAAADwZP4641Q4U2bsdrBXD_zagEAgs_jWmtFXU_h_GPdjnYLFAAAAgEMAAAA
culichitaco@hotmail.com,culichitaco@hotmail.com,0,1,1,2025-09-01T14:15:29Z,2025-09-01T14:15:29Z,AQMkADE2MTk0ZGY2LWU4YTItNGY4Yy04MjU3LTUzZGM0ZmQ3OWViMQAuAAADwZP4641Q4U2bsdrBXD_zagEAgs_jWmtFXU_h_GPdjnYLFAAAAgEMAAAA
johnh@mcdonalds.com,johnh@mcdonalds.com,0,1,1,2025-09-01T14:15:29Z,2025-09-01T14:15:29Z,AQMkADE2MTk0ZGY2LWU4YTItNGY4Yy04MjU3LTUzZGM0ZmQ3OWViMQAuAAADwZP4641Q4U2bsdrBXD_zagEAgs_jWmtFXU_h_GPdjnYLFAAAAgEMAAAA
info@mcdonalds.com.lb,info@mcdonalds.com.lb,0,2,2,2025-08-09T14:18:02Z,2025-09-01T14:15:29Z,AQMkADE2MTk0ZGY2LWU4YTItNGY4Yy04MjU3LTUzZGM0ZmQ3OWViMQAuAAADwZP4641Q4U2bsdrBXD_zagEAgs_jWmtFXU_h_GPdjnYLFAAAAgEMAAAA
info@eastbeachbattingcages.com,info@eastbeachbattingcages.com,0,1,1,2025-09-01T14:15:29Z,2025-09-01T14:15:29Z,AQMkADE2MTk0ZGY2LWU4YTItNGY4Yy04MjU3LTUzZGM0ZmQ3OWViMQAuAAADwZP4641Q4U2bsdrBXD_zagEAgs_jWmtFXU_h_GPdjnYLFAAAAgEMAAAA
dc@mcdonalds-sacreg.com,dc@mcdonalds-sacreg.com,0,1,1,2025-09-01T14:15:29Z,2025-09-01T14:15:29Z,AQMkADE2MTk0ZGY2LWU4YTItNGY4Yy04MjU3LTUzZGM0ZmQ3OWViMQAuAAADwZP4641Q4U2bsdrBXD_zagEAgs_jWmtFXU_h_GPdjnYLFAAAAgEMAAAA
lascazuelasrestaurant@live.com,lascazuelasrestaurant@live.com,0,1,1,2025-09-01T14:15:29Z,2025-09-01T14:15:29Z,AQMkADE2MTk0ZGY2LWU4YTItNGY4Yy04MjU3LTUzZGM0ZmQ3OWViMQAuAAADwZP4641Q4U2bsdrBXD_zagEAgs_jWmtFXU_h_GPdjnYLFAAAAgEMAAAA
info@cynclub.com,info@cynclub.com,0,1,1,2025-09-01T14:15:29Z,2025-09-01T14:15:29Z,AQMkADE2MTk0ZGY2LWU4YTItNGY4Yy04MjU3LTUzZGM0ZmQ3OWViMQAuAAADwZP4641Q4U2bsdrBXD_zagEAgs_jWmtFXU_h_GPdjnYLFAAAAgEMAAAA
tasteofindiala@gmail.com,tasteofindiala@gmail.com,0,1,1,2025-09-01T14:15:29Z,2025-09-01T14:15:29Z,AQMkADE2MTk0ZGY2LWU4YTItNGY4Yy04MjU3LTUzZGM0ZmQ3OWViMQAuAAADwZP4641Q4U2bsdrBXD_zagEAgs_jWmtFXU_h_GPdjnYLFAAAAgEMAAAA
maria.garcia@foodmaker.com,maria.garcia@foodmaker.com,0,1,1,2025-09-01T14:15:29Z,2025-09-01T14:15:29Z,AQMkADE2MTk0ZGY2LWU4YTItNGY4Yy04MjU3LTUzZGM0ZmQ3OWViMQAuAAADwZP4641Q4U2bsdrBXD_zagEAgs_jWmtFXU_h_GPdjnYLFAAAAgEMAAAA
delhidiner@gmail.com,delhidiner@gmail.com,0,1,1,2025-09-01T14:15:29Z,2025-09-01T14:15:29Z,AQMkADE2MTk0ZGY2LWU4YTItNGY4Yy04MjU3LTUzZGM0ZmQ3OWViMQAuAAADwZP4641Q4U2bsdrBXD_zagEAgs_jWmtFXU_h_GPdjnYLFAAAAgEMAAAA
info@arkarestaurant.com,info@arkarestaurant.com,0,1,1,2025-09-01T14:15:29Z,2025-09-01T14:15:29Z,AQMkADE2MTk0ZGY2LWU4YTItNGY4Yy04MjU3LTUzZGM0ZmQ3OWViMQAuAAADwZP4641Q4U2bsdrBXD_zagEAgs_jWmtFXU_h_GPdjnYLFAAAAgEMAAAA
mdafran1771@gmail.com,Md Afran,0,1,1,2025-08-09T14:18:02Z,2025-08-09T14:18:02Z,AQMkADE2MTk0ZGY2LWU4YTItNGY4Yy04MjU3LTUzZGM0ZmQ3OWViMQAuAAADwZP4641Q4U2bsdrBXD_zagEAgs_jWmtFXU_h_GPdjnYLFAAAAgEMAAAA
triplet@mcdonalds.com,triplet@mcdonalds.com,0,1,1,2025-08-09T14:18:02Z,2025-08-09T14:18:02Z,AQMkADE2MTk0ZGY2LWU4YTItNGY4Yy04MjU3LTUzZGM0ZmQ3OWViMQAuAAADwZP4641Q4U2bsdrBXD_zagEAgs_jWmtFXU_h_GPdjnYLFAAAAgEMAAAA
coffee@northcoastcalvary.org,coffee@northcoastcalvary.org,0,1,1,2025-08-09T14:18:02Z,2025-08-09T14:18:02Z,AQMkADE2MTk0ZGY2LWU4YTItNGY4Yy04MjU3LTUzZGM0ZmQ3OWViMQAuAAADwZP4641Q4U2bsdrBXD_zagEAgs_jWmtFXU_h_GPdjnYLFAAAAgEMAAAA
frank@nancyscoffee.com,frank@nancyscoffee.com,0,1,1,2025-08-09T14:18:02Z,2025-08-09T14:18:02Z,AQMkADE2MTk0ZGY2LWU4YTItNGY4Yy04MjU3LTUzZGM0ZmQ3OWViMQAuAAADwZP4641Q4U2bsdrBXD_zagEAgs_jWmtFXU_h_GPdjnYLFAAAAgEMAAAA
redvelvetcafeie@gmail.com,redvelvetcafeie@gmail.com,0,1,1,2025-08-09T14:18:02Z,2025-08-09T14:18:02Z,AQMkADE2MTk0ZGY2LWU4YTItNGY4Yy04MjU3LTUzZGM0ZmQ3OWViMQAuAAADwZP4641Q4U2bsdrBXD_zagEAgs_jWmtFXU_h_GPdjnYLFAAAAgEMAAAA
lastrancas@yahoo.com,lastrancas@yahoo.com,0,1,1,2025-08-09T14:18:02Z,2025-08-09T14:18:02Z,AQMkADE2MTk0ZGY2LWU4YTItNGY4Yy04MjU3LTUzZGM0ZmQ3OWViMQAuAAADwZP4641Q4U2bsdrBXD_zagEAgs_jWmtFXU_h_GPdjnYLFAAAAgEMAAAA
debbiez@checkers.com,debbiez@checkers.com,0,1,1,2025-08-09T14:18:02Z,2025-08-09T14:18:02Z,AQMkADE2MTk0ZGY2LWU4YTItNGY4Yy04MjU3LTUzZGM0ZmQ3OWViMQAuAAADwZP4641Q4U2bsdrBXD_zagEAgs_jWmtFXU_h_GPdjnYLFAAAAgEMAAAA
info@uvaenoteca.com,info@uvaenoteca.com,0,1,1,2025-08-09T14:18:02Z,2025-08-09T14:18:02Z,AQMkADE2MTk0ZGY2LWU4YTItNGY4Yy04MjU3LTUzZGM0ZmQ3OWViMQAuAAADwZP4641Q4U2bsdrBXD_zagEAgs_jWmtFXU_h_GPdjnYLFAAAAgEMAAAA
information@ihop.com,information@ihop.com,0,2,2,2024-11-05T09:11:12Z,2025-08-09T14:18:02Z,AQMkADE2MTk0ZGY2LWU4YTItNGY4Yy04MjU3LTUzZGM0ZmQ3OWViMQAuAAADwZP4641Q4U2bsdrBXD_zagEAgs_jWmtFXU_h_GPdjnYLFAAAAgEMAAAA
dismuke_jimmy@ihop.com,dismuke_jimmy@ihop.com,0,1,1,2025-08-09T14:18:02Z,2025-08-09T14:18:02Z,AQMkADE2MTk0ZGY2LWU4YTItNGY4Yy04MjU3LTUzZGM0ZmQ3OWViMQAuAAADwZP4641Q4U2bsdrBXD_zagEAgs_jWmtFXU_h_GPdjnYLFAAAAgEMAAAA
cafe4487@panerabread.com,cafe4487@panerabread.com,0,1,1,2025-08-09T14:18:02Z,2025-08-09T14:18:02Z,AQMkADE2MTk0ZGY2LWU4YTItNGY4Yy04MjU3LTUzZGM0ZmQ3OWViMQAuAAADwZP4641Q4U2bsdrBXD_zagEAgs_jWmtFXU_h_GPdjnYLFAAAAgEMAAAA
webmaster@pizzahut.com,webmaster@pizzahut.com,0,1,1,2025-08-09T14:18:02Z,2025-08-09T14:18:02Z,AQMkADE2MTk0ZGY2LWU4YTItNGY4Yy04MjU3LTUzZGM0ZmQ3OWViMQAuAAADwZP4641Q4U2bsdrBXD_zagEAgs_jWmtFXU_h_GPdjnYLFAAAAgEMAAAA
mike.moore@pizzahut.com,mike.moore@pizzahut.com,0,1,1,2025-08-09T14:18:02Z,2025-08-09T14:18:02Z,AQMkADE2MTk0ZGY2LWU4YTItNGY4Yy04MjU3LTUzZGM0ZmQ3OWViMQAuAAADwZP4641Q4U2bsdrBXD_zagEAgs_jWmtFXU_h_GPdjnYLFAAAAgEMAAAA
info@pizzafive85.com,info@pizzafive85.com,0,1,1,2025-08-09T14:18:02Z,2025-08-09T14:18:02Z,AQMkADE2MTk0ZGY2LWU4YTItNGY4Yy04MjU3LTUzZGM0ZmQ3OWViMQAuAAADwZP4641Q4U2bsdrBXD_zagEAgs_jWmtFXU_h_GPdjnYLFAAAAgEMAAAA
info@hoppesbistro.com,info@hoppesbistro.com,0,1,1,2025-08-09T14:18:02Z,2025-08-09T14:18:02Z,AQMkADE2MTk0ZGY2LWU4YTItNGY4Yy04MjU3LTUzZGM0ZmQ3OWViMQAuAAADwZP4641Q4U2bsdrBXD_zagEAgs_jWmtFXU_h_GPdjnYLFAAAAgEMAAAA
jenny_jim@tapiocaexpress.com,jenny_jim@tapiocaexpress.com,0,1,1,2025-08-09T14:18:02Z,2025-08-09T14:18:02Z,AQMkADE2MTk0ZGY2LWU4YTItNGY4Yy04MjU3LTUzZGM0ZmQ3OWViMQAuAAADwZP4641Q4U2bsdrBXD_zagEAgs_jWmtFXU_h_GPdjnYLFAAAAgEMAAAA
social@qdoba.com,social@qdoba.com,0,1,1,2025-08-09T14:18:02Z,2025-08-09T14:18:02Z,AQMkADE2MTk0ZGY2LWU4YTItNGY4Yy04MjU3LTUzZGM0ZmQ3OWViMQAuAAADwZP4641Q4U2bsdrBXD_zagEAgs_jWmtFXU_h_GPdjnYLFAAAAgEMAAAA
26beach@gmail.com,26beach@gmail.com,0,1,1,2025-08-09T14:18:02Z,2025-08-09T14:18:02Z,AQMkADE2MTk0ZGY2LWU4YTItNGY4Yy04MjU3LTUzZGM0ZmQ3OWViMQAuAAADwZP4641Q4U2bsdrBXD_zagEAgs_jWmtFXU_h_GPdjnYLFAAAAgEMAAAA
mandarincr2011@gmail.com,mandarincr2011@gmail.com,0,1,1,2025-08-09T14:18:02Z,2025-08-09T14:18:02Z,AQMkADE2MTk0ZGY2LWU4YTItNGY4Yy04MjU3LTUzZGM0ZmQ3OWViMQAuAAADwZP4641Q4U2bsdrBXD_zagEAgs_jWmtFXU_h_GPdjnYLFAAAAgEMAAAA
dining@crabcatcher.com,dining@crabcatcher.com,0,1,1,2025-08-09T14:18:02Z,2025-08-09T14:18:02Z,AQMkADE2MTk0ZGY2LWU4YTItNGY4Yy04MjU3LTUzZGM0ZmQ3OWViMQAuAAADwZP4641Q4U2bsdrBXD_zagEAgs_jWmtFXU_h_GPdjnYLFAAAAgEMAAAA
crabcatcher@aol.com,crabcatcher@aol.com,0,1,1,2025-08-09T14:18:02Z,2025-08-09T14:18:02Z,AQMkADE2MTk0ZGY2LWU4YTItNGY4Yy04MjU3LTUzZGM0ZmQ3OWViMQAuAAADwZP4641Q4U2bsdrBXD_zagEAgs_jWmtFXU_h_GPdjnYLFAAAAgEMAAAA
qualitycateringny@gmail.com,qualitycateringny@gmail.com,0,1,1,2025-08-09T14:18:02Z,2025-08-09T14:18:02Z,AQMkADE2MTk0ZGY2LWU4YTItNGY4Yy04MjU3LTUzZGM0ZmQ3OWViMQAuAAADwZP4641Q4U2bsdrBXD_zagEAgs_jWmtFXU_h_GPdjnYLFAAAAgEMAAAA
info@arestaurantnb.com,info@arestaurantnb.com,0,1,1,2025-08-09T14:18:02Z,2025-08-09T14:18:02Z,AQMkADE2MTk0ZGY2LWU4YTItNGY4Yy04MjU3LTUzZGM0ZmQ3OWViMQAuAAADwZP4641Q4U2bsdrBXD_zagEAgs_jWmtFXU_h_GPdjnYLFAAAAgEMAAAA
mial@me.com,mial@me.com,0,1,1,2025-08-09T14:18:02Z,2025-08-09T14:18:02Z,AQMkADE2MTk0ZGY2LWU4YTItNGY4Yy04MjU3LTUzZGM0ZmQ3OWViMQAuAAADwZP4641Q4U2bsdrBXD_zagEAgs_jWmtFXU_h_GPdjnYLFAAAAgEMAAAA
info@eatfwd.com,info@eatfwd.com,0,1,1,2025-08-09T14:18:02Z,2025-08-09T14:18:02Z,AQMkADE2MTk0ZGY2LWU4YTItNGY4Yy04MjU3LTUzZGM0ZmQ3OWViMQAuAAADwZP4641Q4U2bsdrBXD_zagEAgs_jWmtFXU_h_GPdjnYLFAAAAgEMAAAA
info@superburgerandbreakfast.com,info@superburgerandbreakfast.com,0,1,1,2025-08-09T14:18:02Z,2025-08-09T14:18:02Z,AQMkADE2MTk0ZGY2LWU4YTItNGY4Yy04MjU3LTUzZGM0ZmQ3OWViMQAuAAADwZP4641Q4U2bsdrBXD_zagEAgs_jWmtFXU_h_GPdjnYLFAAAAgEMAAAA
info@iloveyogurtcreations.com,info@iloveyogurtcreations.com,0,1,1,2025-08-09T14:18:02Z,2025-08-09T14:18:02Z,AQMkADE2MTk0ZGY2LWU4YTItNGY4Yy04MjU3LTUzZGM0ZmQ3OWViMQAuAAADwZP4641Q4U2bsdrBXD_zagEAgs_jWmtFXU_h_GPdjnYLFAAAAgEMAAAA
managersb@crushcakes.com,managersb@crushcakes.com,0,1,1,2025-08-09T14:18:02Z,2025-08-09T14:18:02Z,AQMkADE2MTk0ZGY2LWU4YTItNGY4Yy04MjU3LTUzZGM0ZmQ3OWViMQAuAAADwZP4641Q4U2bsdrBXD_zagEAgs_jWmtFXU_h_GPdjnYLFAAAAgEMAAAA
ceo@favorirestaurant.com,ceo@favorirestaurant.com,0,1,1,2025-08-09T14:18:02Z,2025-08-09T14:18:02Z,AQMkADE2MTk0ZGY2LWU4YTItNGY4Yy04MjU3LTUzZGM0ZmQ3OWViMQAuAAADwZP4641Q4U2bsdrBXD_zagEAgs_jWmtFXU_h_GPdjnYLFAAAAgEMAAAA
caissis@daliaspizza.com,caissis@daliaspizza.com,0,1,1,2025-08-09T14:18:02Z,2025-08-09T14:18:02Z,AQMkADE2MTk0ZGY2LWU4YTItNGY4Yy04MjU3LTUzZGM0ZmQ3OWViMQAuAAADwZP4641Q4U2bsdrBXD_zagEAgs_jWmtFXU_h_GPdjnYLFAAAAgEMAAAA
starryploughbooking@yahoo.com,starryploughbooking@yahoo.com,0,1,1,2025-08-09T14:18:02Z,2025-08-09T14:18:02Z,AQMkADE2MTk0ZGY2LWU4YTItNGY4Yy04MjU3LTUzZGM0ZmQ3OWViMQAuAAADwZP4641Q4U2bsdrBXD_zagEAgs_jWmtFXU_h_GPdjnYLFAAAAgEMAAAA
info@cantigawine.com,info@cantigawine.com,0,1,1,2025-08-09T14:18:02Z,2025-08-09T14:18:02Z,AQMkADE2MTk0ZGY2LWU4YTItNGY4Yy04MjU3LTUzZGM0ZmQ3OWViMQAuAAADwZP4641Q4U2bsdrBXD_zagEAgs_jWmtFXU_h_GPdjnYLFAAAAgEMAAAA
coronabbqislands@sbcglobal.net,coronabbqislands@sbcglobal.net,0,1,1,2025-08-09T14:18:02Z,2025-08-09T14:18:02Z,AQMkADE2MTk0ZGY2LWU4YTItNGY4Yy04MjU3LTUzZGM0ZmQ3OWViMQAuAAADwZP4641Q4U2bsdrBXD_zagEAgs_jWmtFXU_h_GPdjnYLFAAAAgEMAAAA
getaslice@pizzerialuigi.com,getaslice@pizzerialuigi.com,0,1,1,2025-08-09T14:18:02Z,2025-08-09T14:18:02Z,AQMkADE2MTk0ZGY2LWU4YTItNGY4Yy04MjU3LTUzZGM0ZmQ3OWViMQAuAAADwZP4641Q4U2bsdrBXD_zagEAgs_jWmtFXU_h_GPdjnYLFAAAAgEMAAAA
creasianbistro@gmail.com,creasianbistro@gmail.com,0,1,1,2025-08-09T14:18:02Z,2025-08-09T14:18:02Z,AQMkADE2MTk0ZGY2LWU4YTItNGY4Yy04MjU3LTUzZGM0ZmQ3OWViMQAuAAADwZP4641Q4U2bsdrBXD_zagEAgs_jWmtFXU_h_GPdjnYLFAAAAgEMAAAA
info@ciaopasta.net,info@ciaopasta.net,0,1,1,2025-08-09T14:18:02Z,2025-08-09T14:18:02Z,AQMkADE2MTk0ZGY2LWU4YTItNGY4Yy04MjU3LTUzZGM0ZmQ3OWViMQAuAAADwZP4641Q4U2bsdrBXD_zagEAgs_jWmtFXU_h_GPdjnYLFAAAAgEMAAAA
hanuribbq@yahoo.com,hanuribbq@yahoo.com,0,1,1,2025-08-09T14:18:02Z,2025-08-09T14:18:02Z,AQMkADE2MTk0ZGY2LWU4YTItNGY4Yy04MjU3LTUzZGM0ZmQ3OWViMQAuAAADwZP4641Q4U2bsdrBXD_zagEAgs_jWmtFXU_h_GPdjnYLFAAAAgEMAAAA
info@royalchinasr.com,info@royalchinasr.com,0,1,1,2025-08-09T14:18:02Z,2025-08-09T14:18:02Z,AQMkADE2MTk0ZGY2LWU4YTItNGY4Yy04MjU3LTUzZGM0ZmQ3OWViMQAuAAADwZP4641Q4U2bsdrBXD_zagEAgs_jWmtFXU_h_GPdjnYLFAAAAgEMAAAA
info@beachballbar.com,info@beachballbar.com,0,1,1,2025-08-09T14:18:02Z,2025-08-09T14:18:02Z,AQMkADE2MTk0ZGY2LWU4YTItNGY4Yy04MjU3LTUzZGM0ZmQ3OWViMQAuAAADwZP4641Q4U2bsdrBXD_zagEAgs_jWmtFXU_h_GPdjnYLFAAAAgEMAAAA
address@www.churchs.com,address@www.churchs.com,0,1,1,2025-08-09T14:18:02Z,2025-08-09T14:18:02Z,AQMkADE2MTk0ZGY2LWU4YTItNGY4Yy04MjU3LTUzZGM0ZmQ3OWViMQAuAAADwZP4641Q4U2bsdrBXD_zagEAgs_jWmtFXU_h_GPdjnYLFAAAAgEMAAAA
robinson@miramonte-resort.com,robinson@miramonte-resort.com,0,1,1,2025-08-09T14:18:02Z,2025-08-09T14:18:02Z,AQMkADE2MTk0ZGY2LWU4YTItNGY4Yy04MjU3LTUzZGM0ZmQ3OWViMQAuAAADwZP4641Q4U2bsdrBXD_zagEAgs_jWmtFXU_h_GPdjnYLFAAAAgEMAAAA
yensushila@gmail.com,yensushila@gmail.com,0,1,1,2025-08-09T14:18:02Z,2025-08-09T14:18:02Z,AQMkADE2MTk0ZGY2LWU4YTItNGY4Yy04MjU3LTUzZGM0ZmQ3OWViMQAuAAADwZP4641Q4U2bsdrBXD_zagEAgs_jWmtFXU_h_GPdjnYLFAAAAgEMAAAA
sam@nypizzeria.com,sam@nypizzeria.com,0,1,1,2025-08-09T14:18:02Z,2025-08-09T14:18:02Z,AQMkADE2MTk0ZGY2LWU4YTItNGY4Yy04MjU3LTUzZGM0ZmQ3OWViMQAuAAADwZP4641Q4U2bsdrBXD_zagEAgs_jWmtFXU_h_GPdjnYLFAAAAgEMAAAA
elmonterrreyrestaurant@gmail.com,elmonterrreyrestaurant@gmail.com,0,1,1,2025-08-09T14:18:02Z,2025-08-09T14:18:02Z,AQMkADE2MTk0ZGY2LWU4YTItNGY4Yy04MjU3LTUzZGM0ZmQ3OWViMQAuAAADwZP4641Q4U2bsdrBXD_zagEAgs_jWmtFXU_h_GPdjnYLFAAAAgEMAAAA
nacho@havanaclubelmonte.com,nacho@havanaclubelmonte.com,0,1,1,2025-08-09T14:18:02Z,2025-08-09T14:18:02Z,AQMkADE2MTk0ZGY2LWU4YTItNGY4Yy04MjU3LTUzZGM0ZmQ3OWViMQAuAAADwZP4641Q4U2bsdrBXD_zagEAgs_jWmtFXU_h_GPdjnYLFAAAAgEMAAAA
info@infofirm.com,info@infofirm.com,0,1,1,2025-08-09T14:18:02Z,2025-08-09T14:18:02Z,AQMkADE2MTk0ZGY2LWU4YTItNGY4Yy04MjU3LTUzZGM0ZmQ3OWViMQAuAAADwZP4641Q4U2bsdrBXD_zagEAgs_jWmtFXU_h_GPdjnYLFAAAAgEMAAAA
specialevents@bearcreekgc.com,specialevents@bearcreekgc.com,0,1,1,2025-08-09T14:18:02Z,2025-08-09T14:18:02Z,AQMkADE2MTk0ZGY2LWU4YTItNGY4Yy04MjU3LTUzZGM0ZmQ3OWViMQAuAAADwZP4641Q4U2bsdrBXD_zagEAgs_jWmtFXU_h_GPdjnYLFAAAAgEMAAAA
admin@bearcreekgc.com,admin@bearcreekgc.com,0,1,1,2025-08-09T14:18:02Z,2025-08-09T14:18:02Z,AQMkADE2MTk0ZGY2LWU4YTItNGY4Yy04MjU3LTUzZGM0ZmQ3OWViMQAuAAADwZP4641Q4U2bsdrBXD_zagEAgs_jWmtFXU_h_GPdjnYLFAAAAgEMAAAA
eat@zazukitchen.com,eat@zazukitchen.com,0,1,1,2025-08-09T14:18:02Z,2025-08-09T14:18:02Z,AQMkADE2MTk0ZGY2LWU4YTItNGY4Yy04MjU3LTUzZGM0ZmQ3OWViMQAuAAADwZP4641Q4U2bsdrBXD_zagEAgs_jWmtFXU_h_GPdjnYLFAAAAgEMAAAA
leonardosfoods@yahoo.com,leonardosfoods@yahoo.com,0,1,1,2025-08-09T14:18:02Z,2025-08-09T14:18:02Z,AQMkADE2MTk0ZGY2LWU4YTItNGY4Yy04MjU3LTUzZGM0ZmQ3OWViMQAuAAADwZP4641Q4U2bsdrBXD_zagEAgs_jWmtFXU_h_GPdjnYLFAAAAgEMAAAA
info@parlouroakland.com,info@parlouroakland.com,0,1,1,2025-08-09T14:18:02Z,2025-08-09T14:18:02Z,AQMkADE2MTk0ZGY2LWU4YTItNGY4Yy04MjU3LTUzZGM0ZmQ3OWViMQAuAAADwZP4641Q4U2bsdrBXD_zagEAgs_jWmtFXU_h_GPdjnYLFAAAAgEMAAAA
info@zolapa.com,info@zolapa.com,0,1,1,2025-08-09T14:18:02Z,2025-08-09T14:18:02Z,AQMkADE2MTk0ZGY2LWU4YTItNGY4Yy04MjU3LTUzZGM0ZmQ3OWViMQAuAAADwZP4641Q4U2bsdrBXD_zagEAgs_jWmtFXU_h_GPdjnYLFAAAAgEMAAAA
editor@thedinubasentinel.com,editor@thedinubasentinel.com,0,1,1,2025-08-09T14:18:02Z,2025-08-09T14:18:02Z,AQMkADE2MTk0ZGY2LWU4YTItNGY4Yy04MjU3LTUzZGM0ZmQ3OWViMQAuAAADwZP4641Q4U2bsdrBXD_zagEAgs_jWmtFXU_h_GPdjnYLFAAAAgEMAAAA
theoakscorner@gmail.com,theoakscorner@gmail.com,0,1,1,2025-08-09T14:18:02Z,2025-08-09T14:18:02Z,AQMkADE2MTk0ZGY2LWU4YTItNGY4Yy04MjU3LTUzZGM0ZmQ3OWViMQAuAAADwZP4641Q4U2bsdrBXD_zagEAgs_jWmtFXU_h_GPdjnYLFAAAAgEMAAAA
shellymitchell@thepinkboxbakery.com,shellymitchell@thepinkboxbakery.com,0,1,1,2025-08-09T14:18:02Z,2025-08-09T14:18:02Z,AQMkADE2MTk0ZGY2LWU4YTItNGY4Yy04MjU3LTUzZGM0ZmQ3OWViMQAuAAADwZP4641Q4U2bsdrBXD_zagEAgs_jWmtFXU_h_GPdjnYLFAAAAgEMAAAA
pinoypamsbest@ymail.com,pinoypamsbest@ymail.com,0,1,1,2025-08-09T14:18:02Z,2025-08-09T14:18:02Z,AQMkADE2MTk0ZGY2LWU4YTItNGY4Yy04MjU3LTUzZGM0ZmQ3OWViMQAuAAADwZP4641Q4U2bsdrBXD_zagEAgs_jWmtFXU_h_GPdjnYLFAAAAgEMAAAA
reservations@spyglassinn.com,reservations@spyglassinn.com,0,1,1,2025-08-09T14:18:02Z,2025-08-09T14:18:02Z,AQMkADE2MTk0ZGY2LWU4YTItNGY4Yy04MjU3LTUzZGM0ZmQ3OWViMQAuAAADwZP4641Q4U2bsdrBXD_zagEAgs_jWmtFXU_h_GPdjnYLFAAAAgEMAAAA
dominicsitalian@att.net,dominicsitalian@att.net,0,1,1,2025-08-09T14:18:02Z,2025-08-09T14:18:02Z,AQMkADE2MTk0ZGY2LWU4YTItNGY4Yy04MjU3LTUzZGM0ZmQ3OWViMQAuAAADwZP4641Q4U2bsdrBXD_zagEAgs_jWmtFXU_h_GPdjnYLFAAAAgEMAAAA
mtreed84@yahoo.com,mtreed84@yahoo.com,0,1,1,2025-08-09T14:18:02Z,2025-08-09T14:18:02Z,AQMkADE2MTk0ZGY2LWU4YTItNGY4Yy04MjU3LTUzZGM0ZmQ3OWViMQAuAAADwZP4641Q4U2bsdrBXD_zagEAgs_jWmtFXU_h_GPdjnYLFAAAAgEMAAAA
davis-ca@patch.com,davis-ca@patch.com,0,1,1,2025-08-09T14:18:02Z,2025-08-09T14:18:02Z,AQMkADE2MTk0ZGY2LWU4YTItNGY4Yy04MjU3LTUzZGM0ZmQ3OWViMQAuAAADwZP4641Q4U2bsdrBXD_zagEAgs_jWmtFXU_h_GPdjnYLFAAAAgEMAAAA
tommyjscatering@gmail.com,tommyjscatering@gmail.com,0,1,1,2025-08-09T14:18:02Z,2025-08-09T14:18:02Z,AQMkADE2MTk0ZGY2LWU4YTItNGY4Yy04MjU3LTUzZGM0ZmQ3OWViMQAuAAADwZP4641Q4U2bsdrBXD_zagEAgs_jWmtFXU_h_GPdjnYLFAAAAgEMAAAA
byrne@sipmendocino.com,byrne@sipmendocino.com,0,1,1,2025-08-09T14:18:02Z,2025-08-09T14:18:02Z,AQMkADE2MTk0ZGY2LWU4YTItNGY4Yy04MjU3LTUzZGM0ZmQ3OWViMQAuAAADwZP4641Q4U2bsdrBXD_zagEAgs_jWmtFXU_h_GPdjnYLFAAAAgEMAAAA
amoana@islandsrestaurants.com,amoana@islandsrestaurants.com,0,1,1,2025-08-09T14:18:02Z,2025-08-09T14:18:02Z,AQMkADE2MTk0ZGY2LWU4YTItNGY4Yy04MjU3LTUzZGM0ZmQ3OWViMQAuAAADwZP4641Q4U2bsdrBXD_zagEAgs_jWmtFXU_h_GPdjnYLFAAAAgEMAAAA
marketing@islandsrestaurants.com,marketing@islandsrestaurants.com,0,1,1,2025-08-09T14:18:02Z,2025-08-09T14:18:02Z,AQMkADE2MTk0ZGY2LWU4YTItNGY4Yy04MjU3LTUzZGM0ZmQ3OWViMQAuAAADwZP4641Q4U2bsdrBXD_zagEAgs_jWmtFXU_h_GPdjnYLFAAAAgEMAAAA
cs@mcdonalds-sacreg.com,cs@mcdonalds-sacreg.com,0,1,1,2025-08-09T14:18:02Z,2025-08-09T14:18:02Z,AQMkADE2MTk0ZGY2LWU4YTItNGY4Yy04MjU3LTUzZGM0ZmQ3OWViMQAuAAADwZP4641Q4U2bsdrBXD_zagEAgs_jWmtFXU_h_GPdjnYLFAAAAgEMAAAA
paul@milewinecompany.com,paul@milewinecompany.com,0,1,1,2025-08-09T14:18:02Z,2025-08-09T14:18:02Z,AQMkADE2MTk0ZGY2LWU4YTItNGY4Yy04MjU3LTUzZGM0ZmQ3OWViMQAuAAADwZP4641Q4U2bsdrBXD_zagEAgs_jWmtFXU_h_GPdjnYLFAAAAgEMAAAA
grlwh@luxuryresorts.com,grlwh@luxuryresorts.com,0,1,1,2025-08-09T14:18:02Z,2025-08-09T14:18:02Z,AQMkADE2MTk0ZGY2LWU4YTItNGY4Yy04MjU3LTUzZGM0ZmQ3OWViMQAuAAADwZP4641Q4U2bsdrBXD_zagEAgs_jWmtFXU_h_GPdjnYLFAAAAgEMAAAA
brea@bucadibeppo.com,brea@bucadibeppo.com,0,1,1,2025-08-09T14:18:02Z,2025-08-09T14:18:02Z,AQMkADE2MTk0ZGY2LWU4YTItNGY4Yy04MjU3LTUzZGM0ZmQ3OWViMQAuAAADwZP4641Q4U2bsdrBXD_zagEAgs_jWmtFXU_h_GPdjnYLFAAAAgEMAAAA
brea@bucainc.com,brea@bucainc.com,0,1,1,2025-08-09T14:18:02Z,2025-08-09T14:18:02Z,AQMkADE2MTk0ZGY2LWU4YTItNGY4Yy04MjU3LTUzZGM0ZmQ3OWViMQAuAAADwZP4641Q4U2bsdrBXD_zagEAgs_jWmtFXU_h_GPdjnYLFAAAAgEMAAAA
bonnie.powell@bamco.com,bonnie.powell@bamco.com,0,1,1,2025-08-09T14:18:02Z,2025-08-09T14:18:02Z,AQMkADE2MTk0ZGY2LWU4YTItNGY4Yy04MjU3LTUzZGM0ZmQ3OWViMQAuAAADwZP4641Q4U2bsdrBXD_zagEAgs_jWmtFXU_h_GPdjnYLFAAAAgEMAAAA
info@bamco.com,info@bamco.com,0,1,1,2025-08-09T14:18:02Z,2025-08-09T14:18:02Z,AQMkADE2MTk0ZGY2LWU4YTItNGY4Yy04MjU3LTUzZGM0ZmQ3OWViMQAuAAADwZP4641Q4U2bsdrBXD_zagEAgs_jWmtFXU_h_GPdjnYLFAAAAgEMAAAA
sammyburgerhb@gmail.com,sammyburgerhb@gmail.com,0,1,1,2025-08-09T14:18:02Z,2025-08-09T14:18:02Z,AQMkADE2MTk0ZGY2LWU4YTItNGY4Yy04MjU3LTUzZGM0ZmQ3OWViMQAuAAADwZP4641Q4U2bsdrBXD_zagEAgs_jWmtFXU_h_GPdjnYLFAAAAgEMAAAA
contact@vnvn.net,contact@vnvn.net,0,1,1,2025-08-09T14:18:02Z,2025-08-09T14:18:02Z,AQMkADE2MTk0ZGY2LWU4YTItNGY4Yy04MjU3LTUzZGM0ZmQ3OWViMQAuAAADwZP4641Q4U2bsdrBXD_zagEAgs_jWmtFXU_h_GPdjnYLFAAAAgEMAAAA
hongkongexpress92316@gmail.com,hongkongexpress92316@gmail.com,0,1,1,2025-08-09T14:18:02Z,2025-08-09T14:18:02Z,AQMkADE2MTk0ZGY2LWU4YTItNGY4Yy04MjU3LTUzZGM0ZmQ3OWViMQAuAAADwZP4641Q4U2bsdrBXD_zagEAgs_jWmtFXU_h_GPdjnYLFAAAAgEMAAAA
contact@eatonthehook.com,contact@eatonthehook.com,0,1,1,2025-08-09T14:18:02Z,2025-08-09T14:18:02Z,AQMkADE2MTk0ZGY2LWU4YTItNGY4Yy04MjU3LTUzZGM0ZmQ3OWViMQAuAAADwZP4641Q4U2bsdrBXD_zagEAgs_jWmtFXU_h_GPdjnYLFAAAAgEMAAAA
info@sdro.com,info@sdro.com,0,1,1,2025-08-09T14:18:02Z,2025-08-09T14:18:02Z,AQMkADE2MTk0ZGY2LWU4YTItNGY4Yy04MjU3LTUzZGM0ZmQ3OWViMQAuAAADwZP4641Q4U2bsdrBXD_zagEAgs_jWmtFXU_h_GPdjnYLFAAAAgEMAAAA
donnanovi@thepastaria.com,donnanovi@thepastaria.com,0,1,1,2025-08-09T14:18:02Z,2025-08-09T14:18:02Z,AQMkADE2MTk0ZGY2LWU4YTItNGY4Yy04MjU3LTUzZGM0ZmQ3OWViMQAuAAADwZP4641Q4U2bsdrBXD_zagEAgs_jWmtFXU_h_GPdjnYLFAAAAgEMAAAA
info@ihopkc.org,info@ihopkc.org,0,1,1,2025-08-09T14:18:02Z,2025-08-09T14:18:02Z,AQMkADE2MTk0ZGY2LWU4YTItNGY4Yy04MjU3LTUzZGM0ZmQ3OWViMQAuAAADwZP4641Q4U2bsdrBXD_zagEAgs_jWmtFXU_h_GPdjnYLFAAAAgEMAAAA
eric-paul@ihop.com,eric-paul@ihop.com,0,1,1,2025-08-09T14:18:02Z,2025-08-09T14:18:02Z,AQMkADE2MTk0ZGY2LWU4YTItNGY4Yy04MjU3LTUzZGM0ZmQ3OWViMQAuAAADwZP4641Q4U2bsdrBXD_zagEAgs_jWmtFXU_h_GPdjnYLFAAAAgEMAAAA
naqim@dominos.com,naqim@dominos.com,0,1,1,2025-08-09T14:18:02Z,2025-08-09T14:18:02Z,AQMkADE2MTk0ZGY2LWU4YTItNGY4Yy04MjU3LTUzZGM0ZmQ3OWViMQAuAAADwZP4641Q4U2bsdrBXD_zagEAgs_jWmtFXU_h_GPdjnYLFAAAAgEMAAAA
c.fatima@dardaseafood.com,c.fatima@dardaseafood.com,0,1,1,2025-08-09T14:18:02Z,2025-08-09T14:18:02Z,AQMkADE2MTk0ZGY2LWU4YTItNGY4Yy04MjU3LTUzZGM0ZmQ3OWViMQAuAAADwZP4641Q4U2bsdrBXD_zagEAgs_jWmtFXU_h_GPdjnYLFAAAAgEMAAAA
contact@gypsyslongbeach.com,contact@gypsyslongbeach.com,0,1,1,2025-08-09T14:18:02Z,2025-08-09T14:18:02Z,AQMkADE2MTk0ZGY2LWU4YTItNGY4Yy04MjU3LTUzZGM0ZmQ3OWViMQAuAAADwZP4641Q4U2bsdrBXD_zagEAgs_jWmtFXU_h_GPdjnYLFAAAAgEMAAAA
weddings@the-hacienda.com,weddings@the-hacienda.com,0,1,1,2025-08-09T14:18:02Z,2025-08-09T14:18:02Z,AQMkADE2MTk0ZGY2LWU4YTItNGY4Yy04MjU3LTUzZGM0ZmQ3OWViMQAuAAADwZP4641Q4U2bsdrBXD_zagEAgs_jWmtFXU_h_GPdjnYLFAAAAgEMAAAA
weddings@tivoliterrace.com,weddings@tivoliterrace.com,0,1,1,2025-08-09T14:18:02Z,2025-08-09T14:18:02Z,AQMkADE2MTk0ZGY2LWU4YTItNGY4Yy04MjU3LTUzZGM0ZmQ3OWViMQAuAAADwZP4641Q4U2bsdrBXD_zagEAgs_jWmtFXU_h_GPdjnYLFAAAAgEMAAAA
ericmason@wix.com,ericmason@wix.com,0,1,1,2025-08-09T14:18:02Z,2025-08-09T14:18:02Z,AQMkADE2MTk0ZGY2LWU4YTItNGY4Yy04MjU3LTUzZGM0ZmQ3OWViMQAuAAADwZP4641Q4U2bsdrBXD_zagEAgs_jWmtFXU_h_GPdjnYLFAAAAgEMAAAA
info@wix.com,info@wix.com,0,1,1,2025-08-09T14:18:02Z,2025-08-09T14:18:02Z,AQMkADE2MTk0ZGY2LWU4YTItNGY4Yy04MjU3LTUzZGM0ZmQ3OWViMQAuAAADwZP4641Q4U2bsdrBXD_zagEAgs_jWmtFXU_h_GPdjnYLFAAAAgEMAAAA
humanresource@chochosan.com,humanresource@chochosan.com,0,1,1,2025-08-09T14:18:02Z,2025-08-09T14:18:02Z,AQMkADE2MTk0ZGY2LWU4YTItNGY4Yy04MjU3LTUzZGM0ZmQ3OWViMQAuAAADwZP4641Q4U2bsdrBXD_zagEAgs_jWmtFXU_h_GPdjnYLFAAAAgEMAAAA
nanaysbestbbq@gmail.com,nanaysbestbbq@gmail.com,0,1,1,2025-08-09T14:18:02Z,2025-08-09T14:18:02Z,AQMkADE2MTk0ZGY2LWU4YTItNGY4Yy04MjU3LTUzZGM0ZmQ3OWViMQAuAAADwZP4641Q4U2bsdrBXD_zagEAgs_jWmtFXU_h_GPdjnYLFAAAAgEMAAAA
muhareb@aol.com,muhareb@aol.com,0,1,1,2025-08-09T14:18:02Z,2025-08-09T14:18:02Z,AQMkADE2MTk0ZGY2LWU4YTItNGY4Yy04MjU3LTUzZGM0ZmQ3OWViMQAuAAADwZP4641Q4U2bsdrBXD_zagEAgs_jWmtFXU_h_GPdjnYLFAAAAgEMAAAA
holbrooke@holbrooke.com,holbrooke@holbrooke.com,0,1,1,2025-08-09T14:18:02Z,2025-08-09T14:18:02Z,AQMkADE2MTk0ZGY2LWU4YTItNGY4Yy04MjU3LTUzZGM0ZmQ3OWViMQAuAAADwZP4641Q4U2bsdrBXD_zagEAgs_jWmtFXU_h_GPdjnYLFAAAAgEMAAAA
allan@ktie590.com,allan@ktie590.com,0,1,1,2025-08-09T14:18:02Z,2025-08-09T14:18:02Z,AQMkADE2MTk0ZGY2LWU4YTItNGY4Yy04MjU3LTUzZGM0ZmQ3OWViMQAuAAADwZP4641Q4U2bsdrBXD_zagEAgs_jWmtFXU_h_GPdjnYLFAAAAgEMAAAA
dositthai@gmail.com,DoSit Thai,0,1,1,2025-08-09T14:18:02Z,2025-08-09T14:18:02Z,AQMkADE2MTk0ZGY2LWU4YTItNGY4Yy04MjU3LTUzZGM0ZmQ3OWViMQAuAAADwZP4641Q4U2bsdrBXD_zagEAgs_jWmtFXU_h_GPdjnYLFAAAAgEMAAAA
daniel@hotmail.com,daniel@hotmail.com,0,1,1,2025-08-09T14:18:02Z,2025-08-09T14:18:02Z,AQMkADE2MTk0ZGY2LWU4YTItNGY4Yy04MjU3LTUzZGM0ZmQ3OWViMQAuAAADwZP4641Q4U2bsdrBXD_zagEAgs_jWmtFXU_h_GPdjnYLFAAAAgEMAAAA
contact@valentinosrb.com,contact@valentinosrb.com,0,1,1,2025-08-09T14:18:02Z,2025-08-09T14:18:02Z,AQMkADE2MTk0ZGY2LWU4YTItNGY4Yy04MjU3LTUzZGM0ZmQ3OWViMQAuAAADwZP4641Q4U2bsdrBXD_zagEAgs_jWmtFXU_h_GPdjnYLFAAAAgEMAAAA
info@hutchinsonla.com,info@hutchinsonla.com,0,1,1,2025-08-09T14:18:02Z,2025-08-09T14:18:02Z,AQMkADE2MTk0ZGY2LWU4YTItNGY4Yy04MjU3LTUzZGM0ZmQ3OWViMQAuAAADwZP4641Q4U2bsdrBXD_zagEAgs_jWmtFXU_h_GPdjnYLFAAAAgEMAAAA
info@roccosdeli.com,info@roccosdeli.com,0,1,1,2025-08-09T14:18:02Z,2025-08-09T14:18:02Z,AQMkADE2MTk0ZGY2LWU4YTItNGY4Yy04MjU3LTUzZGM0ZmQ3OWViMQAuAAADwZP4641Q4U2bsdrBXD_zagEAgs_jWmtFXU_h_GPdjnYLFAAAAgEMAAAA
boubouffetogo@yahoo.com,boubouffetogo@yahoo.com,0,1,1,2025-08-09T14:18:02Z,2025-08-09T14:18:02Z,AQMkADE2MTk0ZGY2LWU4YTItNGY4Yy04MjU3LTUzZGM0ZmQ3OWViMQAuAAADwZP4641Q4U2bsdrBXD_zagEAgs_jWmtFXU_h_GPdjnYLFAAAAgEMAAAA
catering@sugarfishsushi.com,catering@sugarfishsushi.com,0,1,1,2025-08-09T14:18:02Z,2025-08-09T14:18:02Z,AQMkADE2MTk0ZGY2LWU4YTItNGY4Yy04MjU3LTUzZGM0ZmQ3OWViMQAuAAADwZP4641Q4U2bsdrBXD_zagEAgs_jWmtFXU_h_GPdjnYLFAAAAgEMAAAA
info@sugarfishsushi.com,info@sugarfishsushi.com,0,1,1,2025-08-09T14:18:02Z,2025-08-09T14:18:02Z,AQMkADE2MTk0ZGY2LWU4YTItNGY4Yy04MjU3LTUzZGM0ZmQ3OWViMQAuAAADwZP4641Q4U2bsdrBXD_zagEAgs_jWmtFXU_h_GPdjnYLFAAAAgEMAAAA
info@aloftsunnyvale.com,info@aloftsunnyvale.com,0,1,1,2025-08-09T14:18:02Z,2025-08-09T14:18:02Z,AQMkADE2MTk0ZGY2LWU4YTItNGY4Yy04MjU3LTUzZGM0ZmQ3OWViMQAuAAADwZP4641Q4U2bsdrBXD_zagEAgs_jWmtFXU_h_GPdjnYLFAAAAgEMAAAA
etem.zorlu@hotmail.com,etem.zorlu@hotmail.com,0,1,1,2025-08-09T14:18:02Z,2025-08-09T14:18:02Z,AQMkADE2MTk0ZGY2LWU4YTItNGY4Yy04MjU3LTUzZGM0ZmQ3OWViMQAuAAADwZP4641Q4U2bsdrBXD_zagEAgs_jWmtFXU_h_GPdjnYLFAAAAgEMAAAA
susan@pointreyesseashore.com,susan@pointreyesseashore.com,0,1,1,2025-08-09T14:18:02Z,2025-08-09T14:18:02Z,AQMkADE2MTk0ZGY2LWU4YTItNGY4Yy04MjU3LTUzZGM0ZmQ3OWViMQAuAAADwZP4641Q4U2bsdrBXD_zagEAgs_jWmtFXU_h_GPdjnYLFAAAAgEMAAAA
careers@pointreyesseashore.com,careers@pointreyesseashore.com,0,1,1,2025-08-09T14:18:02Z,2025-08-09T14:18:02Z,AQMkADE2MTk0ZGY2LWU4YTItNGY4Yy04MjU3LTUzZGM0ZmQ3OWViMQAuAAADwZP4641Q4U2bsdrBXD_zagEAgs_jWmtFXU_h_GPdjnYLFAAAAgEMAAAA
sushiasahi.riverside@yahoo.com,sushiasahi.riverside@yahoo.com,0,1,1,2025-08-09T14:18:02Z,2025-08-09T14:18:02Z,AQMkADE2MTk0ZGY2LWU4YTItNGY4Yy04MjU3LTUzZGM0ZmQ3OWViMQAuAAADwZP4641Q4U2bsdrBXD_zagEAgs_jWmtFXU_h_GPdjnYLFAAAAgEMAAAA
info@dukeswesthollywood.com,info@dukeswesthollywood.com,0,1,1,2025-08-09T14:18:02Z,2025-08-09T14:18:02Z,AQMkADE2MTk0ZGY2LWU4YTItNGY4Yy04MjU3LTUzZGM0ZmQ3OWViMQAuAAADwZP4641Q4U2bsdrBXD_zagEAgs_jWmtFXU_h_GPdjnYLFAAAAgEMAAAA
chrisgumbrecht@patxispizza.com,chrisgumbrecht@patxispizza.com,0,1,1,2025-08-09T14:18:02Z,2025-08-09T14:18:02Z,AQMkADE2MTk0ZGY2LWU4YTItNGY4Yy04MjU3LTUzZGM0ZmQ3OWViMQAuAAADwZP4641Q4U2bsdrBXD_zagEAgs_jWmtFXU_h_GPdjnYLFAAAAgEMAAAA
feedback@patxispizza.com,feedback@patxispizza.com,0,1,1,2025-08-09T14:18:02Z,2025-08-09T14:18:02Z,AQMkADE2MTk0ZGY2LWU4YTItNGY4Yy04MjU3LTUzZGM0ZmQ3OWViMQAuAAADwZP4641Q4U2bsdrBXD_zagEAgs_jWmtFXU_h_GPdjnYLFAAAAgEMAAAA
lajolla@roysrestaurant.com,lajolla@roysrestaurant.com,0,1,1,2025-08-09T14:18:02Z,2025-08-09T14:18:02Z,AQMkADE2MTk0ZGY2LWU4YTItNGY4Yy04MjU3LTUzZGM0ZmQ3OWViMQAuAAADwZP4641Q4U2bsdrBXD_zagEAgs_jWmtFXU_h_GPdjnYLFAAAAgEMAAAA
fathernaturelavashwraps@yahoo.com,fathernaturelavashwraps@yahoo.com,0,1,1,2025-08-09T14:18:02Z,2025-08-09T14:18:02Z,AQMkADE2MTk0ZGY2LWU4YTItNGY4Yy04MjU3LTUzZGM0ZmQ3OWViMQAuAAADwZP4641Q4U2bsdrBXD_zagEAgs_jWmtFXU_h_GPdjnYLFAAAAgEMAAAA
info@ishikiplatelunch.com,info@ishikiplatelunch.com,0,1,1,2025-08-09T14:18:02Z,2025-08-09T14:18:02Z,AQMkADE2MTk0ZGY2LWU4YTItNGY4Yy04MjU3LTUzZGM0ZmQ3OWViMQAuAAADwZP4641Q4U2bsdrBXD_zagEAgs_jWmtFXU_h_GPdjnYLFAAAAgEMAAAA
wingpro@att.net,wingpro@att.net,0,1,1,2025-08-09T14:18:02Z,2025-08-09T14:18:02Z,AQMkADE2MTk0ZGY2LWU4YTItNGY4Yy04MjU3LTUzZGM0ZmQ3OWViMQAuAAADwZP4641Q4U2bsdrBXD_zagEAgs_jWmtFXU_h_GPdjnYLFAAAAgEMAAAA
el.pastorcito@sbcglobal.net,el.pastorcito@sbcglobal.net,0,1,1,2025-08-09T14:18:02Z,2025-08-09T14:18:02Z,AQMkADE2MTk0ZGY2LWU4YTItNGY4Yy04MjU3LTUzZGM0ZmQ3OWViMQAuAAADwZP4641Q4U2bsdrBXD_zagEAgs_jWmtFXU_h_GPdjnYLFAAAAgEMAAAA
elpastorcitotaqueria@hotmail.com,elpastorcitotaqueria@hotmail.com,0,1,1,2025-08-09T14:18:02Z,2025-08-09T14:18:02Z,AQMkADE2MTk0ZGY2LWU4YTItNGY4Yy04MjU3LTUzZGM0ZmQ3OWViMQAuAAADwZP4641Q4U2bsdrBXD_zagEAgs_jWmtFXU_h_GPdjnYLFAAAAgEMAAAA
gongchausa@gmail.com,gongchausa@gmail.com,0,1,1,2025-08-09T14:18:02Z,2025-08-09T14:18:02Z,AQMkADE2MTk0ZGY2LWU4YTItNGY4Yy04MjU3LTUzZGM0ZmQ3OWViMQAuAAADwZP4641Q4U2bsdrBXD_zagEAgs_jWmtFXU_h_GPdjnYLFAAAAgEMAAAA
nortecorp@yahoo.com,nortecorp@yahoo.com,0,1,1,2025-08-09T14:18:02Z,2025-08-09T14:18:02Z,AQMkADE2MTk0ZGY2LWU4YTItNGY4Yy04MjU3LTUzZGM0ZmQ3OWViMQAuAAADwZP4641Q4U2bsdrBXD_zagEAgs_jWmtFXU_h_GPdjnYLFAAAAgEMAAAA
luvn.donuts@yahoo.com,luvn.donuts@yahoo.com,0,1,1,2025-08-09T14:18:02Z,2025-08-09T14:18:02Z,AQMkADE2MTk0ZGY2LWU4YTItNGY4Yy04MjU3LTUzZGM0ZmQ3OWViMQAuAAADwZP4641Q4U2bsdrBXD_zagEAgs_jWmtFXU_h_GPdjnYLFAAAAgEMAAAA
rudysnewport@yahoo.com,rudysnewport@yahoo.com,0,1,1,2025-08-09T14:18:02Z,2025-08-09T14:18:02Z,AQMkADE2MTk0ZGY2LWU4YTItNGY4Yy04MjU3LTUzZGM0ZmQ3OWViMQAuAAADwZP4641Q4U2bsdrBXD_zagEAgs_jWmtFXU_h_GPdjnYLFAAAAgEMAAAA
wix-team@registrar.wix.com,wix-team@registrar.wix.com,0,4,4,2025-03-11T14:53:58Z,2025-07-15T01:46:40Z,AQMkADE2MTk0ZGY2LWU4YTItNGY4Yy04MjU3LTUzZGM0ZmQ3OWViMQAuAAADwZP4641Q4U2bsdrBXD_zagEAgs_jWmtFXU_h_GPdjnYLFAAAAgEMAAAA
support@bestofcentralcalifornia.ccsend.com,Best of Central California,0,3,3,2024-06-21T09:30:20Z,2025-06-10T17:18:04Z,AQMkADE2MTk0ZGY2LWU4YTItNGY4Yy04MjU3LTUzZGM0ZmQ3OWViMQAuAAADwZP4641Q4U2bsdrBXD_zagEAgs_jWmtFXU_h_GPdjnYLFAAAAgEMAAAA
circulation@thebusinessjournal.com,Morning Roundup,0,66,66,2024-01-23T17:30:19Z,2025-05-07T16:30:07Z,AQMkADE2MTk0ZGY2LWU4YTItNGY4Yy04MjU3LTUzZGM0ZmQ3OWViMQAuAAADwZP4641Q4U2bsdrBXD_zagEAgs_jWmtFXU_h_GPdjnYLFAAAAgEMAAAA
donotreply@cardmessage.capitalone.com,Capital One,0,41,41,2024-11-12T19:52:40Z,2025-05-02T21:13:18Z,AQMkADE2MTk0ZGY2LWU4YTItNGY4Yy04MjU3LTUzZGM0ZmQ3OWViMQAuAAADwZP4641Q4U2bsdrBXD_zagEAgs_jWmtFXU_h_GPdjnYLFAAAAgEMAAAA
news@nexus.xyz,Nexus,0,4,4,2025-03-06T22:34:21Z,2025-04-23T20:08:15Z,AQMkADE2MTk0ZGY2LWU4YTItNGY4Yy04MjU3LTUzZGM0ZmQ3OWViMQAuAAADwZP4641Q4U2bsdrBXD_zagEAgs_jWmtFXU_h_GPdjnYLFAAAAgEMAAAA
marketing@newsletter.eatokra.com,EatOkra,0,6,6,2024-10-09T00:20:31Z,2025-04-17T19:43:48Z,AQMkADE2MTk0ZGY2LWU4YTItNGY4Yy04MjU3LTUzZGM0ZmQ3OWViMQAuAAADwZP4641Q4U2bsdrBXD_zagEAgs_jWmtFXU_h_GPdjnYLFAAAAgEMAAAA
sarah@uponafarm.com,sarah@uponafarm.com,0,1,1,2025-03-23T08:35:33Z,2025-03-23T08:35:33Z,AQMkADE2MTk0ZGY2LWU4YTItNGY4Yy04MjU3LTUzZGM0ZmQ3OWViMQAuAAADwZP4641Q4U2bsdrBXD_zagEAgs_jWmtFXU_h_GPdjnYLFAAAAgEMAAAA
postmaster@hitachivantara.com,postmaster@hitachivantara.com,0,1,1,2025-03-23T07:44:39Z,2025-03-23T07:44:39Z,AQMkADE2MTk0ZGY2LWU4YTItNGY4Yy04MjU3LTUzZGM0ZmQ3OWViMQAuAAADwZP4641Q4U2bsdrBXD_zagEAgs_jWmtFXU_h_GPdjnYLFAAAAgEMAAAA
diane.clay@hitachivantara.com,Diane Clay,0,1,1,2025-03-23T07:44:39Z,2025-03-23T07:44:39Z,AQMkADE2MTk0ZGY2LWU4YTItNGY4Yy04MjU3LTUzZGM0ZmQ3OWViMQAuAAADwZP4641Q4U2bsdrBXD_zagEAgs_jWmtFXU_h_GPdjnYLFAAAAgEMAAAA
gdavar@autobahntx.com,gdavar@autobahntx.com,0,1,1,2025-03-22T23:28:38Z,2025-03-22T23:28:38Z,AQMkADE2MTk0ZGY2LWU4YTItNGY4Yy04MjU3LTUzZGM0ZmQ3OWViMQAuAAADwZP4641Q4U2bsdrBXD_zagEAgs_jWmtFXU_h_GPdjnYLFAAAAgEMAAAA
ka@worldremit.com,ka@worldremit.com,0,1,1,2025-03-22T23:26:55Z,2025-03-22T23:26:55Z,AQMkADE2MTk0ZGY2LWU4YTItNGY4Yy04MjU3LTUzZGM0ZmQ3OWViMQAuAAADwZP4641Q4U2bsdrBXD_zagEAgs_jWmtFXU_h_GPdjnYLFAAAAgEMAAAA
mina.morcos@mastercard.com,Mina Morcos [C],0,1,1,2025-03-22T19:50:12Z,2025-03-22T19:50:12Z,AQMkADE2MTk0ZGY2LWU4YTItNGY4Yy04MjU3LTUzZGM0ZmQ3OWViMQAuAAADwZP4641Q4U2bsdrBXD_zagEAgs_jWmtFXU_h_GPdjnYLFAAAAgEMAAAA
silvia.cabiddu@mmimicro.com,Silvia Cabiddu,0,1,1,2025-03-22T15:17:17Z,2025-03-22T15:17:17Z,AQMkADE2MTk0ZGY2LWU4YTItNGY4Yy04MjU3LTUzZGM0ZmQ3OWViMQAuAAADwZP4641Q4U2bsdrBXD_zagEAgs_jWmtFXU_h_GPdjnYLFAAAAgEMAAAA
divya.poojary@nium.com,divya.poojary@nium.com,0,1,1,2025-03-21T17:05:17Z,2025-03-21T17:05:17Z,AQMkADE2MTk0ZGY2LWU4YTItNGY4Yy04MjU3LTUzZGM0ZmQ3OWViMQAuAAADwZP4641Q4U2bsdrBXD_zagEAgs_jWmtFXU_h_GPdjnYLFAAAAgEMAAAA
bhartwick@noodles.com,bhartwick@noodles.com,0,1,1,2025-03-21T16:25:19Z,2025-03-21T16:25:19Z,AQMkADE2MTk0ZGY2LWU4YTItNGY4Yy04MjU3LTUzZGM0ZmQ3OWViMQAuAAADwZP4641Q4U2bsdrBXD_zagEAgs_jWmtFXU_h_GPdjnYLFAAAAgEMAAAA
benjamin.boyer@oxatis.com,benjamin.boyer@oxatis.com,0,1,1,2025-03-21T08:26:17Z,2025-03-21T08:26:17Z,AQMkADE2MTk0ZGY2LWU4YTItNGY4Yy04MjU3LTUzZGM0ZmQ3OWViMQAuAAADwZP4641Q4U2bsdrBXD_zagEAgs_jWmtFXU_h_GPdjnYLFAAAAgEMAAAA
d.wilson@innovheart.com,d.wilson@innovheart.com,0,1,1,2025-03-21T07:23:51Z,2025-03-21T07:23:51Z,AQMkADE2MTk0ZGY2LWU4YTItNGY4Yy04MjU3LTUzZGM0ZmQ3OWViMQAuAAADwZP4641Q4U2bsdrBXD_zagEAgs_jWmtFXU_h_GPdjnYLFAAAAgEMAAAA
anoop@seekout.com,Anoop Gupta,0,1,1,2025-03-21T06:55:32Z,2025-03-21T06:55:32Z,AQMkADE2MTk0ZGY2LWU4YTItNGY4Yy04MjU3LTUzZGM0ZmQ3OWViMQAuAAADwZP4641Q4U2bsdrBXD_zagEAgs_jWmtFXU_h_GPdjnYLFAAAAgEMAAAA
jigar.shah@nium.com,jigar.shah@nium.com,0,3,3,2025-03-04T15:29:55Z,2025-03-20T20:49:11Z,AQMkADE2MTk0ZGY2LWU4YTItNGY4Yy04MjU3LTUzZGM0ZmQ3OWViMQAuAAADwZP4641Q4U2bsdrBXD_zagEAgs_jWmtFXU_h_GPdjnYLFAAAAgEMAAAA
jack.danzasolution@gmail.com,Jack,0,2,2,2025-02-28T16:32:53Z,2025-03-20T11:01:39Z,AQMkADE2MTk0ZGY2LWU4YTItNGY4Yy04MjU3LTUzZGM0ZmQ3OWViMQAuAAADwZP4641Q4U2bsdrBXD_zagEAgs_jWmtFXU_h_GPdjnYLFAAAAgEMAAAA
indranjan.bhanja@moglix.com,indranjan.bhanja@moglix.com,0,1,1,2025-03-20T05:57:13Z,2025-03-20T05:57:13Z,AQMkADE2MTk0ZGY2LWU4YTItNGY4Yy04MjU3LTUzZGM0ZmQ3OWViMQAuAAADwZP4641Q4U2bsdrBXD_zagEAgs_jWmtFXU_h_GPdjnYLFAAAAgEMAAAA
postmaster@bafindonesia.onmicrosoft.com,postmaster@bafindonesia.onmicrosoft.com,0,1,1,2025-03-20T05:25:14Z,2025-03-20T05:25:14Z,AQMkADE2MTk0ZGY2LWU4YTItNGY4Yy04MjU3LTUzZGM0ZmQ3OWViMQAuAAADwZP4641Q4U2bsdrBXD_zagEAgs_jWmtFXU_h_GPdjnYLFAAAAgEMAAAA
eko.prastiyo@baf.id,Eko Prastiyo,0,1,1,2025-03-20T05:25:14Z,2025-03-20T05:25:14Z,AQMkADE2MTk0ZGY2LWU4YTItNGY4Yy04MjU3LTUzZGM0ZmQ3OWViMQAuAAADwZP4641Q4U2bsdrBXD_zagEAgs_jWmtFXU_h_GPdjnYLFAAAAgEMAAAA
prophesee@invitations.mailinblack.com,Sara Sayeed,0,2,2,2025-03-01T18:22:30Z,2025-03-19T23:43:27Z,AQMkADE2MTk0ZGY2LWU4YTItNGY4Yy04MjU3LTUzZGM0ZmQ3OWViMQAuAAADwZP4641Q4U2bsdrBXD_zagEAgs_jWmtFXU_h_GPdjnYLFAAAAgEMAAAA
daniel.grincewicz@gecurrent.com,daniel.grincewicz@gecurrent.com,0,1,1,2025-03-19T17:01:31Z,2025-03-19T17:01:31Z,AQMkADE2MTk0ZGY2LWU4YTItNGY4Yy04MjU3LTUzZGM0ZmQ3OWViMQAuAAADwZP4641Q4U2bsdrBXD_zagEAgs_jWmtFXU_h_GPdjnYLFAAAAgEMAAAA
ted.davis@biotissue.com,ted.davis@biotissue.com,0,1,1,2025-03-19T12:24:29Z,2025-03-19T12:24:29Z,AQMkADE2MTk0ZGY2LWU4YTItNGY4Yy04MjU3LTUzZGM0ZmQ3OWViMQAuAAADwZP4641Q4U2bsdrBXD_zagEAgs_jWmtFXU_h_GPdjnYLFAAAAgEMAAAA
alexander.metzger@seba.swiss,alexander.metzger@seba.swiss,0,1,1,2025-03-19T04:34:26Z,2025-03-19T04:34:26Z,AQMkADE2MTk0ZGY2LWU4YTItNGY4Yy04MjU3LTUzZGM0ZmQ3OWViMQAuAAADwZP4641Q4U2bsdrBXD_zagEAgs_jWmtFXU_h_GPdjnYLFAAAAgEMAAAA
joel.bergman@instagrid.co,joel.bergman@instagrid.co,0,1,1,2025-03-18T06:42:21Z,2025-03-18T06:42:21Z,AQMkADE2MTk0ZGY2LWU4YTItNGY4Yy04MjU3LTUzZGM0ZmQ3OWViMQAuAAADwZP4641Q4U2bsdrBXD_zagEAgs_jWmtFXU_h_GPdjnYLFAAAAgEMAAAA
czucchiatti@alpian.com,czucchiatti@alpian.com,0,2,2,2025-03-15T05:27:01Z,2025-03-17T23:23:54Z,AQMkADE2MTk0ZGY2LWU4YTItNGY4Yy04MjU3LTUzZGM0ZmQ3OWViMQAuAAADwZP4641Q4U2bsdrBXD_zagEAgs_jWmtFXU_h_GPdjnYLFAAAAgEMAAAA
maren.weise@xbav.de,maren.weise@xbav.de,0,1,1,2025-03-17T07:07:29Z,2025-03-17T07:07:29Z,AQMkADE2MTk0ZGY2LWU4YTItNGY4Yy04MjU3LTUzZGM0ZmQ3OWViMQAuAAADwZP4641Q4U2bsdrBXD_zagEAgs_jWmtFXU_h_GPdjnYLFAAAAgEMAAAA
hudingjun@cathaybiotech.com,hudingjun@cathaybiotech.com,0,2,2,2025-03-13T23:42:25Z,2025-03-17T01:25:25Z,AQMkADE2MTk0ZGY2LWU4YTItNGY4Yy04MjU3LTUzZGM0ZmQ3OWViMQAuAAADwZP4641Q4U2bsdrBXD_zagEAgs_jWmtFXU_h_GPdjnYLFAAAAgEMAAAA
kimberly.gordon@clarifyhealth.com,Kimberly Gordon,0,1,1,2025-03-14T20:58:47Z,2025-03-14T20:58:47Z,AQMkADE2MTk0ZGY2LWU4YTItNGY4Yy04MjU3LTUzZGM0ZmQ3OWViMQAuAAADwZP4641Q4U2bsdrBXD_zagEAgs_jWmtFXU_h_GPdjnYLFAAAAgEMAAAA
rlim@ddn.com,rlim@ddn.com,0,1,1,2025-03-14T10:39:03Z,2025-03-14T10:39:03Z,AQMkADE2MTk0ZGY2LWU4YTItNGY4Yy04MjU3LTUzZGM0ZmQ3OWViMQAuAAADwZP4641Q4U2bsdrBXD_zagEAgs_jWmtFXU_h_GPdjnYLFAAAAgEMAAAA
sramaswamy@kriyatx.com,sramaswamy@kriyatx.com,0,1,1,2025-03-14T04:58:19Z,2025-03-14T04:58:19Z,AQMkADE2MTk0ZGY2LWU4YTItNGY4Yy04MjU3LTUzZGM0ZmQ3OWViMQAuAAADwZP4641Q4U2bsdrBXD_zagEAgs_jWmtFXU_h_GPdjnYLFAAAAgEMAAAA
craig.koshkin@ninjarmm.com,craig.koshkin@ninjarmm.com,0,1,1,2025-03-13T22:38:33Z,2025-03-13T22:38:33Z,AQMkADE2MTk0ZGY2LWU4YTItNGY4Yy04MjU3LTUzZGM0ZmQ3OWViMQAuAAADwZP4641Q4U2bsdrBXD_zagEAgs_jWmtFXU_h_GPdjnYLFAAAAgEMAAAA
mcharpentier@all.space,mcharpentier@all.space,0,1,1,2025-03-13T05:22:33Z,2025-03-13T05:22:33Z,AQMkADE2MTk0ZGY2LWU4YTItNGY4Yy04MjU3LTUzZGM0ZmQ3OWViMQAuAAADwZP4641Q4U2bsdrBXD_zagEAgs_jWmtFXU_h_GPdjnYLFAAAAgEMAAAA
aissata.diakhite@seba.swiss,aissata.diakhite@seba.swiss,0,1,1,2025-03-13T01:28:53Z,2025-03-13T01:28:53Z,AQMkADE2MTk0ZGY2LWU4YTItNGY4Yy04MjU3LTUzZGM0ZmQ3OWViMQAuAAADwZP4641Q4U2bsdrBXD_zagEAgs_jWmtFXU_h_GPdjnYLFAAAAgEMAAAA
gburol@alpian.com,gburol@alpian.com,0,1,1,2025-03-12T21:08:12Z,2025-03-12T21:08:12Z,AQMkADE2MTk0ZGY2LWU4YTItNGY4Yy04MjU3LTUzZGM0ZmQ3OWViMQAuAAADwZP4641Q4U2bsdrBXD_zagEAgs_jWmtFXU_h_GPdjnYLFAAAAgEMAAAA
gerard.manzi@andela.com,gerard.manzi@andela.com,0,1,1,2025-03-12T20:42:15Z,2025-03-12T20:42:15Z,AQMkADE2MTk0ZGY2LWU4YTItNGY4Yy04MjU3LTUzZGM0ZmQ3OWViMQAuAAADwZP4641Q4U2bsdrBXD_zagEAgs_jWmtFXU_h_GPdjnYLFAAAAgEMAAAA
parth.patel@e2msolutions.com,parth.patel@e2msolutions.com,0,2,2,2025-03-10T07:14:21Z,2025-03-12T18:34:07Z,AQMkADE2MTk0ZGY2LWU4YTItNGY4Yy04MjU3LTUzZGM0ZmQ3OWViMQAuAAADwZP4641Q4U2bsdrBXD_zagEAgs_jWmtFXU_h_GPdjnYLFAAAAgEMAAAA
maria.mariana@osf.digital,maria.mariana@osf.digital,0,3,3,2025-03-01T09:53:31Z,2025-03-12T03:02:11Z,AQMkADE2MTk0ZGY2LWU4YTItNGY4Yy04MjU3LTUzZGM0ZmQ3OWViMQAuAAADwZP4641Q4U2bsdrBXD_zagEAgs_jWmtFXU_h_GPdjnYLFAAAAgEMAAAA
pszelc@worldremit.com,pszelc@worldremit.com,0,1,1,2025-03-11T23:12:04Z,2025-03-11T23:12:04Z,AQMkADE2MTk0ZGY2LWU4YTItNGY4Yy04MjU3LTUzZGM0ZmQ3OWViMQAuAAADwZP4641Q4U2bsdrBXD_zagEAgs_jWmtFXU_h_GPdjnYLFAAAAgEMAAAA
nalexiadis@worldremit.com,nalexiadis@worldremit.com,0,1,1,2025-03-11T22:30:14Z,2025-03-11T22:30:14Z,AQMkADE2MTk0ZGY2LWU4YTItNGY4Yy04MjU3LTUzZGM0ZmQ3OWViMQAuAAADwZP4641Q4U2bsdrBXD_zagEAgs_jWmtFXU_h_GPdjnYLFAAAAgEMAAAA
vincent.petit-jean@alpian.com,vincent.petit-jean@alpian.com,0,1,1,2025-03-09T19:04:35Z,2025-03-09T19:04:35Z,AQMkADE2MTk0ZGY2LWU4YTItNGY4Yy04MjU3LTUzZGM0ZmQ3OWViMQAuAAADwZP4641Q4U2bsdrBXD_zagEAgs_jWmtFXU_h_GPdjnYLFAAAAgEMAAAA
alejandro.loaiza@wompmobile.com,alejandro.loaiza@wompmobile.com,0,1,1,2025-03-09T17:14:49Z,2025-03-09T17:14:49Z,AQMkADE2MTk0ZGY2LWU4YTItNGY4Yy04MjU3LTUzZGM0ZmQ3OWViMQAuAAADwZP4641Q4U2bsdrBXD_zagEAgs_jWmtFXU_h_GPdjnYLFAAAAgEMAAAA
robinhe@bridgelux.com,robinhe@bridgelux.com,0,1,1,2025-03-08T16:50:14Z,2025-03-08T16:50:14Z,AQMkADE2MTk0ZGY2LWU4YTItNGY4Yy04MjU3LTUzZGM0ZmQ3OWViMQAuAAADwZP4641Q4U2bsdrBXD_zagEAgs_jWmtFXU_h_GPdjnYLFAAAAgEMAAAA
brett.matthews@katefarms.com,brett.matthews@katefarms.com,0,2,2,2025-03-05T16:20:30Z,2025-03-08T14:07:13Z,AQMkADE2MTk0ZGY2LWU4YTItNGY4Yy04MjU3LTUzZGM0ZmQ3OWViMQAuAAADwZP4641Q4U2bsdrBXD_zagEAgs_jWmtFXU_h_GPdjnYLFAAAAgEMAAAA
kmoran-blad@ddn.com,kmoran-blad@ddn.com,0,1,1,2025-03-07T23:32:11Z,2025-03-07T23:32:11Z,AQMkADE2MTk0ZGY2LWU4YTItNGY4Yy04MjU3LTUzZGM0ZmQ3OWViMQAuAAADwZP4641Q4U2bsdrBXD_zagEAgs_jWmtFXU_h_GPdjnYLFAAAAgEMAAAA
julie.trimmer@seba.swiss,julie.trimmer@seba.swiss,0,2,2,2025-03-04T13:55:29Z,2025-03-07T16:38:58Z,AQMkADE2MTk0ZGY2LWU4YTItNGY4Yy04MjU3LTUzZGM0ZmQ3OWViMQAuAAADwZP4641Q4U2bsdrBXD_zagEAgs_jWmtFXU_h_GPdjnYLFAAAAgEMAAAA
anhh@sendo.vn,anhh@sendo.vn,0,1,1,2025-03-07T04:07:25Z,2025-03-07T04:07:25Z,AQMkADE2MTk0ZGY2LWU4YTItNGY4Yy04MjU3LTUzZGM0ZmQ3OWViMQAuAAADwZP4641Q4U2bsdrBXD_zagEAgs_jWmtFXU_h_GPdjnYLFAAAAgEMAAAA
tflaherty@enableinjections.com,tflaherty@enableinjections.com,0,1,1,2025-03-07T03:22:24Z,2025-03-07T03:22:24Z,AQMkADE2MTk0ZGY2LWU4YTItNGY4Yy04MjU3LTUzZGM0ZmQ3OWViMQAuAAADwZP4641Q4U2bsdrBXD_zagEAgs_jWmtFXU_h_GPdjnYLFAAAAgEMAAAA
fchouraqui@cellarity.com,fchouraqui@cellarity.com,0,1,1,2025-03-06T23:56:50Z,2025-03-06T23:56:50Z,AQMkADE2MTk0ZGY2LWU4YTItNGY4Yy04MjU3LTUzZGM0ZmQ3OWViMQAuAAADwZP4641Q4U2bsdrBXD_zagEAgs_jWmtFXU_h_GPdjnYLFAAAAgEMAAAA
ptreacy@onkossurgical.com,ptreacy@onkossurgical.com,0,1,1,2025-03-06T23:32:23Z,2025-03-06T23:32:23Z,AQMkADE2MTk0ZGY2LWU4YTItNGY4Yy04MjU3LTUzZGM0ZmQ3OWViMQAuAAADwZP4641Q4U2bsdrBXD_zagEAgs_jWmtFXU_h_GPdjnYLFAAAAgEMAAAA
megan.nikolayenko@dialpad.com,Megan Nikolayenko,0,1,1,2025-03-06T19:32:54Z,2025-03-06T19:32:54Z,AQMkADE2MTk0ZGY2LWU4YTItNGY4Yy04MjU3LTUzZGM0ZmQ3OWViMQAuAAADwZP4641Q4U2bsdrBXD_zagEAgs_jWmtFXU_h_GPdjnYLFAAAAgEMAAAA
urs.lehmann@seba.swiss,urs.lehmann@seba.swiss,0,1,1,2025-03-06T00:58:50Z,2025-03-06T00:58:50Z,AQMkADE2MTk0ZGY2LWU4YTItNGY4Yy04MjU3LTUzZGM0ZmQ3OWViMQAuAAADwZP4641Q4U2bsdrBXD_zagEAgs_jWmtFXU_h_GPdjnYLFAAAAgEMAAAA
abhishek.srivastava@builder.ai,abhishek.srivastava@builder.ai,0,1,1,2025-03-05T19:31:34Z,2025-03-05T19:31:34Z,AQMkADE2MTk0ZGY2LWU4YTItNGY4Yy04MjU3LTUzZGM0ZmQ3OWViMQAuAAADwZP4641Q4U2bsdrBXD_zagEAgs_jWmtFXU_h_GPdjnYLFAAAAgEMAAAA
aman@codecademy.com,aman@codecademy.com,0,1,1,2025-03-05T01:46:53Z,2025-03-05T01:46:53Z,AQMkADE2MTk0ZGY2LWU4YTItNGY4Yy04MjU3LTUzZGM0ZmQ3OWViMQAuAAADwZP4641Q4U2bsdrBXD_zagEAgs_jWmtFXU_h_GPdjnYLFAAAAgEMAAAA
latifa.haefliger-friou@aminagroup.com,latifa.haefliger-friou@aminagroup.com,0,1,1,2025-03-04T22:58:49Z,2025-03-04T22:58:49Z,AQMkADE2MTk0ZGY2LWU4YTItNGY4Yy04MjU3LTUzZGM0ZmQ3OWViMQAuAAADwZP4641Q4U2bsdrBXD_zagEAgs_jWmtFXU_h_GPdjnYLFAAAAgEMAAAA
cseveri@alpian.com,cseveri@alpian.com,0,1,1,2025-03-04T22:41:39Z,2025-03-04T22:41:39Z,AQMkADE2MTk0ZGY2LWU4YTItNGY4Yy04MjU3LTUzZGM0ZmQ3OWViMQAuAAADwZP4641Q4U2bsdrBXD_zagEAgs_jWmtFXU_h_GPdjnYLFAAAAgEMAAAA
rettstclair@marketingevolution.com,rettstclair@marketingevolution.com,0,1,1,2025-03-04T14:26:21Z,2025-03-04T14:26:21Z,AQMkADE2MTk0ZGY2LWU4YTItNGY4Yy04MjU3LTUzZGM0ZmQ3OWViMQAuAAADwZP4641Q4U2bsdrBXD_zagEAgs_jWmtFXU_h_GPdjnYLFAAAAgEMAAAA
sh1@factorialenergy.com,Siyu Huang,0,1,1,2025-03-04T13:45:55Z,2025-03-04T13:45:55Z,AQMkADE2MTk0ZGY2LWU4YTItNGY4Yy04MjU3LTUzZGM0ZmQ3OWViMQAuAAADwZP4641Q4U2bsdrBXD_zagEAgs_jWmtFXU_h_GPdjnYLFAAAAgEMAAAA
rcooperberg@uncommonschools.org,rcooperberg@uncommonschools.org,0,1,1,2025-03-03T22:52:46Z,2025-03-03T22:52:46Z,AQMkADE2MTk0ZGY2LWU4YTItNGY4Yy04MjU3LTUzZGM0ZmQ3OWViMQAuAAADwZP4641Q4U2bsdrBXD_zagEAgs_jWmtFXU_h_GPdjnYLFAAAAgEMAAAA
tom@motorway.co.uk,tom@motorway.co.uk,0,1,1,2025-03-03T21:04:30Z,2025-03-03T21:04:30Z,AQMkADE2MTk0ZGY2LWU4YTItNGY4Yy04MjU3LTUzZGM0ZmQ3OWViMQAuAAADwZP4641Q4U2bsdrBXD_zagEAgs_jWmtFXU_h_GPdjnYLFAAAAgEMAAAA
pmccarter@all.space,pmccarter@all.space,0,1,1,2025-03-03T13:37:46Z,2025-03-03T13:37:46Z,AQMkADE2MTk0ZGY2LWU4YTItNGY4Yy04MjU3LTUzZGM0ZmQ3OWViMQAuAAADwZP4641Q4U2bsdrBXD_zagEAgs_jWmtFXU_h_GPdjnYLFAAAAgEMAAAA
mhamdy@comet-bio.com,mhamdy@comet-bio.com,0,1,1,2025-03-02T21:46:18Z,2025-03-02T21:46:18Z,AQMkADE2MTk0ZGY2LWU4YTItNGY4Yy04MjU3LTUzZGM0ZmQ3OWViMQAuAAADwZP4641Q4U2bsdrBXD_zagEAgs_jWmtFXU_h_GPdjnYLFAAAAgEMAAAA
elvis.ohajianya@worldremit.com,elvis.ohajianya@worldremit.com,0,1,1,2025-03-02T19:32:11Z,2025-03-02T19:32:11Z,AQMkADE2MTk0ZGY2LWU4YTItNGY4Yy04MjU3LTUzZGM0ZmQ3OWViMQAuAAADwZP4641Q4U2bsdrBXD_zagEAgs_jWmtFXU_h_GPdjnYLFAAAAgEMAAAA
danzasolutions7@gmail.com,danzasolutions7@gmail.com,0,1,1,2025-02-28T16:32:53Z,2025-02-28T16:32:53Z,AQMkADE2MTk0ZGY2LWU4YTItNGY4Yy04MjU3LTUzZGM0ZmQ3OWViMQAuAAADwZP4641Q4U2bsdrBXD_zagEAgs_jWmtFXU_h_GPdjnYLFAAAAgEMAAAA
abouzari@ddn.com,abouzari@ddn.com,0,1,1,2025-02-28T08:31:19Z,2025-02-28T08:31:19Z,AQMkADE2MTk0ZGY2LWU4YTItNGY4Yy04MjU3LTUzZGM0ZmQ3OWViMQAuAAADwZP4641Q4U2bsdrBXD_zagEAgs_jWmtFXU_h_GPdjnYLFAAAAgEMAAAA
allison@nerus.net,Allison Gnefkow,0,1,1,2025-02-26T21:19:08Z,2025-02-26T21:19:08Z,AQMkADE2MTk0ZGY2LWU4YTItNGY4Yy04MjU3LTUzZGM0ZmQ3OWViMQAuAAADwZP4641Q4U2bsdrBXD_zagEAgs_jWmtFXU_h_GPdjnYLFAAAAgEMAAAA
courtney.jensen@solana.org,courtney.jensen@solana.org,0,3,3,2025-02-16T03:02:35Z,2025-02-21T05:22:16Z,AQMkADE2MTk0ZGY2LWU4YTItNGY4Yy04MjU3LTUzZGM0ZmQ3OWViMQAuAAADwZP4641Q4U2bsdrBXD_zagEAgs_jWmtFXU_h_GPdjnYLFAAAAgEMAAAA
bryan.anoruo@binance.com,bryan.anoruo@binance.com,0,3,3,2025-02-14T17:13:20Z,2025-02-20T01:28:23Z,AQMkADE2MTk0ZGY2LWU4YTItNGY4Yy04MjU3LTUzZGM0ZmQ3OWViMQAuAAADwZP4641Q4U2bsdrBXD_zagEAgs_jWmtFXU_h_GPdjnYLFAAAAgEMAAAA
support@tryapollo.io,Apollo Support,0,4,4,2024-06-21T08:57:28Z,2025-02-20T00:24:05Z,AQMkADE2MTk0ZGY2LWU4YTItNGY4Yy04MjU3LTUzZGM0ZmQ3OWViMQAuAAADwZP4641Q4U2bsdrBXD_zagEAgs_jWmtFXU_h_GPdjnYLFAAAAgEMAAAA
dick.marbes@binance.com,dick.marbes@binance.com,0,3,3,2025-02-03T05:05:04Z,2025-02-19T08:05:05Z,AQMkADE2MTk0ZGY2LWU4YTItNGY4Yy04MjU3LTUzZGM0ZmQ3OWViMQAuAAADwZP4641Q4U2bsdrBXD_zagEAgs_jWmtFXU_h_GPdjnYLFAAAAgEMAAAA
rodolfo.reese@binance.com,rodolfo.reese@binance.com,0,3,3,2025-02-05T14:03:32Z,2025-02-19T05:23:54Z,AQMkADE2MTk0ZGY2LWU4YTItNGY4Yy04MjU3LTUzZGM0ZmQ3OWViMQAuAAADwZP4641Q4U2bsdrBXD_zagEAgs_jWmtFXU_h_GPdjnYLFAAAAgEMAAAA
scastello@mazalan.com,scastello@mazalan.com,0,1,1,2025-02-19T04:01:25Z,2025-02-19T04:01:25Z,AQMkADE2MTk0ZGY2LWU4YTItNGY4Yy04MjU3LTUzZGM0ZmQ3OWViMQAuAAADwZP4641Q4U2bsdrBXD_zagEAgs_jWmtFXU_h_GPdjnYLFAAAAgEMAAAA
charles.nevile@entethalliance.org,charles.nevile@entethalliance.org,0,3,3,2025-02-02T23:12:03Z,2025-02-19T03:46:17Z,AQMkADE2MTk0ZGY2LWU4YTItNGY4Yy04MjU3LTUzZGM0ZmQ3OWViMQAuAAADwZP4641Q4U2bsdrBXD_zagEAgs_jWmtFXU_h_GPdjnYLFAAAAgEMAAAA
andreia.gomes@xmobots.com.br,andreia.gomes@xmobots.com.br,0,1,1,2025-02-19T02:13:07Z,2025-02-19T02:13:07Z,AQMkADE2MTk0ZGY2LWU4YTItNGY4Yy04MjU3LTUzZGM0ZmQ3OWViMQAuAAADwZP4641Q4U2bsdrBXD_zagEAgs_jWmtFXU_h_GPdjnYLFAAAAgEMAAAA
antoine.guesry@blockchain-unchained.net,antoine.guesry@blockchain-unchained.net,0,9,9,2024-10-23T07:31:35Z,2025-02-19T00:48:51Z,AQMkADE2MTk0ZGY2LWU4YTItNGY4Yy04MjU3LTUzZGM0ZmQ3OWViMQAuAAADwZP4641Q4U2bsdrBXD_zagEAgs_jWmtFXU_h_GPdjnYLFAAAAgEMAAAA
mandeep.attwal@neptunus-power.com,mandeep.attwal@neptunus-power.com,0,3,3,2025-02-02T21:24:21Z,2025-02-18T18:31:12Z,AQMkADE2MTk0ZGY2LWU4YTItNGY4Yy04MjU3LTUzZGM0ZmQ3OWViMQAuAAADwZP4641Q4U2bsdrBXD_zagEAgs_jWmtFXU_h_GPdjnYLFAAAAgEMAAAA
colleen@ironclad.financial,colleen@ironclad.financial,0,1,1,2025-02-17T12:15:10Z,2025-02-17T12:15:10Z,AQMkADE2MTk0ZGY2LWU4YTItNGY4Yy04MjU3LTUzZGM0ZmQ3OWViMQAuAAADwZP4641Q4U2bsdrBXD_zagEAgs_jWmtFXU_h_GPdjnYLFAAAAgEMAAAA
mike.wang@binance.com,mike.wang@binance.com,0,3,3,2025-02-05T20:04:53Z,2025-02-17T07:03:55Z,AQMkADE2MTk0ZGY2LWU4YTItNGY4Yy04MjU3LTUzZGM0ZmQ3OWViMQAuAAADwZP4641Q4U2bsdrBXD_zagEAgs_jWmtFXU_h_GPdjnYLFAAAAgEMAAAA
info@restaurantscienceacademy.com,Restaurant Science Academy,0,2,2,2025-02-13T20:12:13Z,2025-02-15T14:14:37Z,AQMkADE2MTk0ZGY2LWU4YTItNGY4Yy04MjU3LTUzZGM0ZmQ3OWViMQAuAAADwZP4641Q4U2bsdrBXD_zagEAgs_jWmtFXU_h_GPdjnYLFAAAAgEMAAAA
xavier.t@binance.com,xavier.t@binance.com,0,1,1,2025-02-14T04:59:05Z,2025-02-14T04:59:05Z,AQMkADE2MTk0ZGY2LWU4YTItNGY4Yy04MjU3LTUzZGM0ZmQ3OWViMQAuAAADwZP4641Q4U2bsdrBXD_zagEAgs_jWmtFXU_h_GPdjnYLFAAAAgEMAAAA
jason@restaurantscientist.com,Hospitality Concepts,0,1,1,2025-02-13T19:37:59Z,2025-02-13T19:37:59Z,AQMkADE2MTk0ZGY2LWU4YTItNGY4Yy04MjU3LTUzZGM0ZmQ3OWViMQAuAAADwZP4641Q4U2bsdrBXD_zagEAgs_jWmtFXU_h_GPdjnYLFAAAAgEMAAAA
pedro.vaz@binance.com,pedro.vaz@binance.com,0,3,3,2025-02-05T22:46:14Z,2025-02-13T14:28:22Z,AQMkADE2MTk0ZGY2LWU4YTItNGY4Yy04MjU3LTUzZGM0ZmQ3OWViMQAuAAADwZP4641Q4U2bsdrBXD_zagEAgs_jWmtFXU_h_GPdjnYLFAAAAgEMAAAA
chase@sparkblox.com,chase@sparkblox.com,0,2,2,2025-02-10T14:38:03Z,2025-02-13T09:43:04Z,AQMkADE2MTk0ZGY2LWU4YTItNGY4Yy04MjU3LTUzZGM0ZmQ3OWViMQAuAAADwZP4641Q4U2bsdrBXD_zagEAgs_jWmtFXU_h_GPdjnYLFAAAAgEMAAAA
mike.maccana@solana.org,mike.maccana@solana.org,0,2,2,2025-02-03T00:43:01Z,2025-02-12T23:13:45Z,AQMkADE2MTk0ZGY2LWU4YTItNGY4Yy04MjU3LTUzZGM0ZmQ3OWViMQAuAAADwZP4641Q4U2bsdrBXD_zagEAgs_jWmtFXU_h_GPdjnYLFAAAAgEMAAAA
steven@blockchaininvest.io,steven@blockchaininvest.io,0,6,6,2025-02-01T14:52:11Z,2025-02-12T02:35:32Z,AQMkADE2MTk0ZGY2LWU4YTItNGY4Yy04MjU3LTUzZGM0ZmQ3OWViMQAuAAADwZP4641Q4U2bsdrBXD_zagEAgs_jWmtFXU_h_GPdjnYLFAAAAgEMAAAA
thiago.costa@lanmarmetal.com.br,thiago.costa@lanmarmetal.com.br,0,2,2,2025-02-08T18:02:41Z,2025-02-11T03:16:37Z,AQMkADE2MTk0ZGY2LWU4YTItNGY4Yy04MjU3LTUzZGM0ZmQ3OWViMQAuAAADwZP4641Q4U2bsdrBXD_zagEAgs_jWmtFXU_h_GPdjnYLFAAAAgEMAAAA
vinicius.granato@ubyfol.com.br,vinicius.granato@ubyfol.com.br,0,3,3,2025-02-04T14:22:57Z,2025-02-10T03:02:01Z,AQMkADE2MTk0ZGY2LWU4YTItNGY4Yy04MjU3LTUzZGM0ZmQ3OWViMQAuAAADwZP4641Q4U2bsdrBXD_zagEAgs_jWmtFXU_h_GPdjnYLFAAAAgEMAAAA
shirley.wong@binance.com,shirley.wong@binance.com,0,1,1,2025-02-08T15:05:16Z,2025-02-08T15:05:16Z,AQMkADE2MTk0ZGY2LWU4YTItNGY4Yy04MjU3LTUzZGM0ZmQ3OWViMQAuAAADwZP4641Q4U2bsdrBXD_zagEAgs_jWmtFXU_h_GPdjnYLFAAAAgEMAAAA
dug@vybecrypto.com,dug@vybecrypto.com,0,2,2,2025-02-02T10:06:49Z,2025-02-07T09:24:29Z,AQMkADE2MTk0ZGY2LWU4YTItNGY4Yy04MjU3LTUzZGM0ZmQ3OWViMQAuAAADwZP4641Q4U2bsdrBXD_zagEAgs_jWmtFXU_h_GPdjnYLFAAAAgEMAAAA
niccole.bartleson@visalia.city,Niccole Bartleson,0,1,1,2025-02-06T19:08:55Z,2025-02-06T19:08:55Z,AQMkADE2MTk0ZGY2LWU4YTItNGY4Yy04MjU3LTUzZGM0ZmQ3OWViMQAuAAADwZP4641Q4U2bsdrBXD_zagEAgs_jWmtFXU_h_GPdjnYLFAAAAgEMAAAA
realakashthakur@gmail.com,realakashthakur@gmail.com,0,1,1,2025-02-06T19:08:55Z,2025-02-06T19:08:55Z,AQMkADE2MTk0ZGY2LWU4YTItNGY4Yy04MjU3LTUzZGM0ZmQ3OWViMQAuAAADwZP4641Q4U2bsdrBXD_zagEAgs_jWmtFXU_h_GPdjnYLFAAAAgEMAAAA
massimo@mavatrix.com,massimo@mavatrix.com,0,1,1,2025-02-03T06:28:16Z,2025-02-03T06:28:16Z,AQMkADE2MTk0ZGY2LWU4YTItNGY4Yy04MjU3LTUzZGM0ZmQ3OWViMQAuAAADwZP4641Q4U2bsdrBXD_zagEAgs_jWmtFXU_h_GPdjnYLFAAAAgEMAAAA
microsoftexchange329e71ec88ae4615bbc36ab6ce41109e@netorg2698173.onmicrosoft.com,Microsoft Outlook,0,20,20,2024-03-29T16:06:03Z,2025-02-03T02:04:58Z,AQMkADE2MTk0ZGY2LWU4YTItNGY4Yy04MjU3LTUzZGM0ZmQ3OWViMQAuAAADwZP4641Q4U2bsdrBXD_zagEAgs_jWmtFXU_h_GPdjnYLFAAAAgEMAAAA
katala@theafricancrypto.com,Jakes Katala,0,1,1,2025-02-03T02:04:58Z,2025-02-03T02:04:58Z,AQMkADE2MTk0ZGY2LWU4YTItNGY4Yy04MjU3LTUzZGM0ZmQ3OWViMQAuAAADwZP4641Q4U2bsdrBXD_zagEAgs_jWmtFXU_h_GPdjnYLFAAAAgEMAAAA
jully@bc-labs.net,jully@bc-labs.net,0,1,1,2025-02-02T19:40:01Z,2025-02-02T19:40:01Z,AQMkADE2MTk0ZGY2LWU4YTItNGY4Yy04MjU3LTUzZGM0ZmQ3OWViMQAuAAADwZP4641Q4U2bsdrBXD_zagEAgs_jWmtFXU_h_GPdjnYLFAAAAgEMAAAA
tyquese@elinkrecruiting.com,tyquese@elinkrecruiting.com,0,1,1,2025-02-01T11:11:26Z,2025-02-01T11:11:26Z,AQMkADE2MTk0ZGY2LWU4YTItNGY4Yy04MjU3LTUzZGM0ZmQ3OWViMQAuAAADwZP4641Q4U2bsdrBXD_zagEAgs_jWmtFXU_h_GPdjnYLFAAAAgEMAAAA
danielle@ktrucks.com,Danielle Smith,0,1,1,2025-01-21T17:33:04Z,2025-01-21T17:33:04Z,AQMkADE2MTk0ZGY2LWU4YTItNGY4Yy04MjU3LTUzZGM0ZmQ3OWViMQAuAAADwZP4641Q4U2bsdrBXD_zagEAgs_jWmtFXU_h_GPdjnYLFAAAAgEMAAAA
maneeshbhatt4532@outlook.com,Maneesh Bhatt,0,2,2,2025-01-20T18:08:21Z,2025-01-20T18:08:21Z,AQMkADE2MTk0ZGY2LWU4YTItNGY4Yy04MjU3LTUzZGM0ZmQ3OWViMQAuAAADwZP4641Q4U2bsdrBXD_zagEAgs_jWmtFXU_h_GPdjnYLFAAAAgEMAAAA
francieli.zibetti@somosvipe.com.br,Francieli Zibetti,0,1,1,2025-01-13T11:14:22Z,2025-01-13T11:14:22Z,AQMkADE2MTk0ZGY2LWU4YTItNGY4Yy04MjU3LTUzZGM0ZmQ3OWViMQAuAAADwZP4641Q4U2bsdrBXD_zagEAgs_jWmtFXU_h_GPdjnYLFAAAAgEMAAAA
balalawi@alainclub.ae,balalawi@alainclub.ae,0,2,2,2024-11-23T04:04:05Z,2025-01-05T04:22:16Z,AQMkADE2MTk0ZGY2LWU4YTItNGY4Yy04MjU3LTUzZGM0ZmQ3OWViMQAuAAADwZP4641Q4U2bsdrBXD_zagEAgs_jWmtFXU_h_GPdjnYLFAAAAgEMAAAA;AQMkADE2MTk0ZGY2LWU4YTItNGY4Yy04MjU3LTUzZGM0ZmQ3OWViMQAuAAADwZP4641Q4U2bsdrBXD_zagEAgs_jWmtFXU_h_GPdjnYLFAAAAgEPAAAA
cdokken@wealthvest.com,cdokken@wealthvest.com,0,1,1,2025-01-04T15:24:23Z,2025-01-04T15:24:23Z,AQMkADE2MTk0ZGY2LWU4YTItNGY4Yy04MjU3LTUzZGM0ZmQ3OWViMQAuAAADwZP4641Q4U2bsdrBXD_zagEAgs_jWmtFXU_h_GPdjnYLFAAAAgEMAAAA
jlopresti@nexpoint.com,jlopresti@nexpoint.com,0,1,1,2025-01-04T13:22:11Z,2025-01-04T13:22:11Z,AQMkADE2MTk0ZGY2LWU4YTItNGY4Yy04MjU3LTUzZGM0ZmQ3OWViMQAuAAADwZP4641Q4U2bsdrBXD_zagEAgs_jWmtFXU_h_GPdjnYLFAAAAgEMAAAA
swillick@coldwellbankersaskatoon.ca,swillick@coldwellbankersaskatoon.ca,0,4,4,2024-12-23T17:41:36Z,2025-01-03T15:31:55Z,AQMkADE2MTk0ZGY2LWU4YTItNGY4Yy04MjU3LTUzZGM0ZmQ3OWViMQAuAAADwZP4641Q4U2bsdrBXD_zagEAgs_jWmtFXU_h_GPdjnYLFAAAAgEMAAAA
matt.lane@rebuilt.com,matt.lane@rebuilt.com,0,1,1,2025-01-03T13:16:35Z,2025-01-03T13:16:35Z,AQMkADE2MTk0ZGY2LWU4YTItNGY4Yy04MjU3LTUzZGM0ZmQ3OWViMQAuAAADwZP4641Q4U2bsdrBXD_zagEAgs_jWmtFXU_h_GPdjnYLFAAAAgEMAAAA
paride.pasta@pisasportingclub.com,paride.pasta@pisasportingclub.com,0,1,1,2025-01-02T13:52:18Z,2025-01-02T13:52:18Z,AQMkADE2MTk0ZGY2LWU4YTItNGY4Yy04MjU3LTUzZGM0ZmQ3OWViMQAuAAADwZP4641Q4U2bsdrBXD_zagEAgs_jWmtFXU_h_GPdjnYLFAAAAgEMAAAA
jigar.variyavwala@talentformula.co,jigar.variyavwala@talentformula.co,0,1,1,2025-01-02T06:42:58Z,2025-01-02T06:42:58Z,AQMkADE2MTk0ZGY2LWU4YTItNGY4Yy04MjU3LTUzZGM0ZmQ3OWViMQAuAAADwZP4641Q4U2bsdrBXD_zagEAgs_jWmtFXU_h_GPdjnYLFAAAAgEMAAAA
marina.adel@jumeirah-egypt.com,marina.adel@jumeirah-egypt.com,0,2,2,2024-12-18T06:28:31Z,2025-01-01T11:00:08Z,AQMkADE2MTk0ZGY2LWU4YTItNGY4Yy04MjU3LTUzZGM0ZmQ3OWViMQAuAAADwZP4641Q4U2bsdrBXD_zagEAgs_jWmtFXU_h_GPdjnYLFAAAAgEMAAAA
khaled.shawarby@premierpadel.com,khaled.shawarby@premierpadel.com,0,1,1,2025-01-01T10:15:16Z,2025-01-01T10:15:16Z,AQMkADE2MTk0ZGY2LWU4YTItNGY4Yy04MjU3LTUzZGM0ZmQ3OWViMQAuAAADwZP4641Q4U2bsdrBXD_zagEAgs_jWmtFXU_h_GPdjnYLFAAAAgEMAAAA
investor-care@crowdstreet.com,CrowdStreet Investor Care,0,2,2,2024-12-03T19:57:54Z,2024-12-31T21:20:22Z,AQMkADE2MTk0ZGY2LWU4YTItNGY4Yy04MjU3LTUzZGM0ZmQ3OWViMQAuAAADwZP4641Q4U2bsdrBXD_zagEAgs_jWmtFXU_h_GPdjnYLFAAAAgEMAAAA
diego.cespedes@chainlnklabs.com,Diego Mora,0,1,1,2024-12-31T10:05:37Z,2024-12-31T10:05:37Z,AQMkADE2MTk0ZGY2LWU4YTItNGY4Yy04MjU3LTUzZGM0ZmQ3OWViMQAuAAADwZP4641Q4U2bsdrBXD_zagEAgs_jWmtFXU_h_GPdjnYLFAAAAgEMAAAA
justin.laird@pacerfinancial.com,justin.laird@pacerfinancial.com,0,1,1,2024-12-30T15:04:27Z,2024-12-30T15:04:27Z,AQMkADE2MTk0ZGY2LWU4YTItNGY4Yy04MjU3LTUzZGM0ZmQ3OWViMQAuAAADwZP4641Q4U2bsdrBXD_zagEAgs_jWmtFXU_h_GPdjnYLFAAAAgEMAAAA
bruno.sousa@galcorr.com.br,bruno.sousa@galcorr.com.br,0,1,1,2024-12-29T19:17:24Z,2024-12-29T19:17:24Z,AQMkADE2MTk0ZGY2LWU4YTItNGY4Yy04MjU3LTUzZGM0ZmQ3OWViMQAuAAADwZP4641Q4U2bsdrBXD_zagEAgs_jWmtFXU_h_GPdjnYLFAAAAgEMAAAA
andrew.heineman@peakhealth.org,andrew.heineman@peakhealth.org,0,1,1,2024-12-27T21:02:12Z,2024-12-27T21:02:12Z,AQMkADE2MTk0ZGY2LWU4YTItNGY4Yy04MjU3LTUzZGM0ZmQ3OWViMQAuAAADwZP4641Q4U2bsdrBXD_zagEAgs_jWmtFXU_h_GPdjnYLFAAAAgEMAAAA
popovica@richmancapital.com,popovica@richmancapital.com,0,1,1,2024-12-27T18:05:24Z,2024-12-27T18:05:24Z,AQMkADE2MTk0ZGY2LWU4YTItNGY4Yy04MjU3LTUzZGM0ZmQ3OWViMQAuAAADwZP4641Q4U2bsdrBXD_zagEAgs_jWmtFXU_h_GPdjnYLFAAAAgEMAAAA
gsavransky@bluerockcm.com,gsavransky@bluerockcm.com,0,1,1,2024-12-27T16:04:46Z,2024-12-27T16:04:46Z,AQMkADE2MTk0ZGY2LWU4YTItNGY4Yy04MjU3LTUzZGM0ZmQ3OWViMQAuAAADwZP4641Q4U2bsdrBXD_zagEAgs_jWmtFXU_h_GPdjnYLFAAAAgEMAAAA
cbishop@thebrokerageinc.com,cbishop@thebrokerageinc.com,0,1,1,2024-12-27T14:11:46Z,2024-12-27T14:11:46Z,AQMkADE2MTk0ZGY2LWU4YTItNGY4Yy04MjU3LTUzZGM0ZmQ3OWViMQAuAAADwZP4641Q4U2bsdrBXD_zagEAgs_jWmtFXU_h_GPdjnYLFAAAAgEMAAAA
filippo.moor@oneswissbank.com,filippo.moor@oneswissbank.com,0,2,2,2024-12-22T11:31:52Z,2024-12-27T10:31:42Z,AQMkADE2MTk0ZGY2LWU4YTItNGY4Yy04MjU3LTUzZGM0ZmQ3OWViMQAuAAADwZP4641Q4U2bsdrBXD_zagEAgs_jWmtFXU_h_GPdjnYLFAAAAgEMAAAA
postmaster@bmhc.bh,BMHC Mail Admin,0,1,1,2024-12-27T04:01:21Z,2024-12-27T04:01:21Z,AQMkADE2MTk0ZGY2LWU4YTItNGY4Yy04MjU3LTUzZGM0ZmQ3OWViMQAuAAADwZP4641Q4U2bsdrBXD_zagEAgs_jWmtFXU_h_GPdjnYLFAAAAgEMAAAA
dwheeler@hi-reit.com,dwheeler@hi-reit.com,0,1,1,2024-12-26T19:13:18Z,2024-12-26T19:13:18Z,AQMkADE2MTk0ZGY2LWU4YTItNGY4Yy04MjU3LTUzZGM0ZmQ3OWViMQAuAAADwZP4641Q4U2bsdrBXD_zagEAgs_jWmtFXU_h_GPdjnYLFAAAAgEMAAAA
peter.fitzboydon@sussexcricket.co.uk,peter.fitzboydon@sussexcricket.co.uk,0,1,1,2024-12-26T09:55:52Z,2024-12-26T09:55:52Z,AQMkADE2MTk0ZGY2LWU4YTItNGY4Yy04MjU3LTUzZGM0ZmQ3OWViMQAuAAADwZP4641Q4U2bsdrBXD_zagEAgs_jWmtFXU_h_GPdjnYLFAAAAgEMAAAA
postmaster@mail.saigonbank.com.vn,Mail Delivery Subsystem,0,3,3,2024-12-15T01:05:04Z,2024-12-26T01:02:15Z,AQMkADE2MTk0ZGY2LWU4YTItNGY4Yy04MjU3LTUzZGM0ZmQ3OWViMQAuAAADwZP4641Q4U2bsdrBXD_zagEAgs_jWmtFXU_h_GPdjnYLFAAAAgEMAAAA
rmokhtar@whiteoakcf.com,rmokhtar@whiteoakcf.com,0,1,1,2024-12-25T20:59:12Z,2024-12-25T20:59:12Z,AQMkADE2MTk0ZGY2LWU4YTItNGY4Yy04MjU3LTUzZGM0ZmQ3OWViMQAuAAADwZP4641Q4U2bsdrBXD_zagEAgs_jWmtFXU_h_GPdjnYLFAAAAgEMAAAA
perttu.ahvenainen@kiinko.fi,perttu.ahvenainen@kiinko.fi,0,1,1,2024-12-25T10:46:21Z,2024-12-25T10:46:21Z,AQMkADE2MTk0ZGY2LWU4YTItNGY4Yy04MjU3LTUzZGM0ZmQ3OWViMQAuAAADwZP4641Q4U2bsdrBXD_zagEAgs_jWmtFXU_h_GPdjnYLFAAAAgEMAAAA
shaun.greer@bungalow.com,shaun.greer@bungalow.com,0,1,1,2024-12-24T17:22:11Z,2024-12-24T17:22:11Z,AQMkADE2MTk0ZGY2LWU4YTItNGY4Yy04MjU3LTUzZGM0ZmQ3OWViMQAuAAADwZP4641Q4U2bsdrBXD_zagEAgs_jWmtFXU_h_GPdjnYLFAAAAgEMAAAA
irina.silvers@westwoodinsurance.com,irina.silvers@westwoodinsurance.com,0,2,2,2024-12-18T18:00:25Z,2024-12-23T17:00:25Z,AQMkADE2MTk0ZGY2LWU4YTItNGY4Yy04MjU3LTUzZGM0ZmQ3OWViMQAuAAADwZP4641Q4U2bsdrBXD_zagEAgs_jWmtFXU_h_GPdjnYLFAAAAgEMAAAA
ravindra.liyanage@lankapay.net,ravindra.liyanage@lankapay.net,0,1,1,2024-12-23T16:31:46Z,2024-12-23T16:31:46Z,AQMkADE2MTk0ZGY2LWU4YTItNGY4Yy04MjU3LTUzZGM0ZmQ3OWViMQAuAAADwZP4641Q4U2bsdrBXD_zagEAgs_jWmtFXU_h_GPdjnYLFAAAAgEMAAAA
kfitzpatrick@mpival.com,kfitzpatrick@mpival.com,0,1,1,2024-12-23T16:28:41Z,2024-12-23T16:28:41Z,AQMkADE2MTk0ZGY2LWU4YTItNGY4Yy04MjU3LTUzZGM0ZmQ3OWViMQAuAAADwZP4641Q4U2bsdrBXD_zagEAgs_jWmtFXU_h_GPdjnYLFAAAAgEMAAAA
chris.alibf@thefrygroup.co.uk,chris.alibf@thefrygroup.co.uk,0,2,2,2024-12-14T05:56:25Z,2024-12-23T16:26:05Z,AQMkADE2MTk0ZGY2LWU4YTItNGY4Yy04MjU3LTUzZGM0ZmQ3OWViMQAuAAADwZP4641Q4U2bsdrBXD_zagEAgs_jWmtFXU_h_GPdjnYLFAAAAgEMAAAA
ana@felap.com.br,ana@felap.com.br,0,1,1,2024-12-23T16:23:07Z,2024-12-23T16:23:07Z,AQMkADE2MTk0ZGY2LWU4YTItNGY4Yy04MjU3LTUzZGM0ZmQ3OWViMQAuAAADwZP4641Q4U2bsdrBXD_zagEAgs_jWmtFXU_h_GPdjnYLFAAAAgEMAAAA
kshanks@anziif.com,kshanks@anziif.com,0,1,1,2024-12-23T16:14:49Z,2024-12-23T16:14:49Z,AQMkADE2MTk0ZGY2LWU4YTItNGY4Yy04MjU3LTUzZGM0ZmQ3OWViMQAuAAADwZP4641Q4U2bsdrBXD_zagEAgs_jWmtFXU_h_GPdjnYLFAAAAgEMAAAA
theo.hek@degraafschap.nl,theo.hek@degraafschap.nl,0,1,1,2024-12-23T09:44:15Z,2024-12-23T09:44:15Z,AQMkADE2MTk0ZGY2LWU4YTItNGY4Yy04MjU3LTUzZGM0ZmQ3OWViMQAuAAADwZP4641Q4U2bsdrBXD_zagEAgs_jWmtFXU_h_GPdjnYLFAAAAgEMAAAA
sandra.steinhauer@newable.co.uk,Sandra Steinhauer,0,1,1,2024-12-23T08:24:24Z,2024-12-23T08:24:24Z,AQMkADE2MTk0ZGY2LWU4YTItNGY4Yy04MjU3LTUzZGM0ZmQ3OWViMQAuAAADwZP4641Q4U2bsdrBXD_zagEAgs_jWmtFXU_h_GPdjnYLFAAAAgEMAAAA
truggieri@xptspecialty.com,truggieri@xptspecialty.com,0,1,1,2024-12-22T15:34:03Z,2024-12-22T15:34:03Z,AQMkADE2MTk0ZGY2LWU4YTItNGY4Yy04MjU3LTUzZGM0ZmQ3OWViMQAuAAADwZP4641Q4U2bsdrBXD_zagEAgs_jWmtFXU_h_GPdjnYLFAAAAgEMAAAA
adilevanon@stealthstartup.com,adilevanon@stealthstartup.com,0,2,2,2024-12-17T15:41:08Z,2024-12-22T14:40:13Z,AQMkADE2MTk0ZGY2LWU4YTItNGY4Yy04MjU3LTUzZGM0ZmQ3OWViMQAuAAADwZP4641Q4U2bsdrBXD_zagEAgs_jWmtFXU_h_GPdjnYLFAAAAgEMAAAA
olivier@novo.eco,olivier@novo.eco,0,2,2,2024-12-17T14:47:57Z,2024-12-22T13:47:13Z,AQMkADE2MTk0ZGY2LWU4YTItNGY4Yy04MjU3LTUzZGM0ZmQ3OWViMQAuAAADwZP4641Q4U2bsdrBXD_zagEAgs_jWmtFXU_h_GPdjnYLFAAAAgEMAAAA
kareem.sawy@clickatell.com,kareem.sawy@clickatell.com,0,1,1,2024-12-22T00:03:17Z,2024-12-22T00:03:17Z,AQMkADE2MTk0ZGY2LWU4YTItNGY4Yy04MjU3LTUzZGM0ZmQ3OWViMQAuAAADwZP4641Q4U2bsdrBXD_zagEAgs_jWmtFXU_h_GPdjnYLFAAAAgEMAAAA
ally.janja@tadb.co.tz,Ally A. Janja,0,1,1,2024-12-21T08:57:33Z,2024-12-21T08:57:33Z,AQMkADE2MTk0ZGY2LWU4YTItNGY4Yy04MjU3LTUzZGM0ZmQ3OWViMQAuAAADwZP4641Q4U2bsdrBXD_zagEAgs_jWmtFXU_h_GPdjnYLFAAAAgEMAAAA
suphanich.sr@axa.co.th,SRISAWAD Suphanich,0,1,1,2024-12-21T01:58:41Z,2024-12-21T01:58:41Z,AQMkADE2MTk0ZGY2LWU4YTItNGY4Yy04MjU3LTUzZGM0ZmQ3OWViMQAuAAADwZP4641Q4U2bsdrBXD_zagEAgs_jWmtFXU_h_GPdjnYLFAAAAgEMAAAA
richarda@pimfa.co.uk,Richard Adler,0,1,1,2024-12-20T10:13:28Z,2024-12-20T10:13:28Z,AQMkADE2MTk0ZGY2LWU4YTItNGY4Yy04MjU3LTUzZGM0ZmQ3OWViMQAuAAADwZP4641Q4U2bsdrBXD_zagEAgs_jWmtFXU_h_GPdjnYLFAAAAgEMAAAA
chigozie.nim@greenwichbankgroup.com,chigozie.nim@greenwichbankgroup.com,0,1,1,2024-12-20T08:40:27Z,2024-12-20T08:40:27Z,AQMkADE2MTk0ZGY2LWU4YTItNGY4Yy04MjU3LTUzZGM0ZmQ3OWViMQAuAAADwZP4641Q4U2bsdrBXD_zagEAgs_jWmtFXU_h_GPdjnYLFAAAAgEMAAAA
abdelrahman@azcorealestate.ae,abdelrahman@azcorealestate.ae,0,1,1,2024-12-20T05:12:12Z,2024-12-20T05:12:12Z,AQMkADE2MTk0ZGY2LWU4YTItNGY4Yy04MjU3LTUzZGM0ZmQ3OWViMQAuAAADwZP4641Q4U2bsdrBXD_zagEAgs_jWmtFXU_h_GPdjnYLFAAAAgEMAAAA
quang.nguyen@be.com.vn,quang.nguyen@be.com.vn,0,2,2,2024-12-13T02:21:05Z,2024-12-20T03:51:19Z,AQMkADE2MTk0ZGY2LWU4YTItNGY4Yy04MjU3LTUzZGM0ZmQ3OWViMQAuAAADwZP4641Q4U2bsdrBXD_zagEAgs_jWmtFXU_h_GPdjnYLFAAAAgEMAAAA
khanh.nguyen@atfx.com,khanh.nguyen@atfx.com,0,3,3,2024-12-13T01:01:18Z,2024-12-20T01:50:31Z,AQMkADE2MTk0ZGY2LWU4YTItNGY4Yy04MjU3LTUzZGM0ZmQ3OWViMQAuAAADwZP4641Q4U2bsdrBXD_zagEAgs_jWmtFXU_h_GPdjnYLFAAAAgEMAAAA
justin.hobbs@arkestro.com,justin.hobbs@arkestro.com,0,2,2,2024-11-25T18:04:01Z,2024-12-19T18:17:24Z,AQMkADE2MTk0ZGY2LWU4YTItNGY4Yy04MjU3LTUzZGM0ZmQ3OWViMQAuAAADwZP4641Q4U2bsdrBXD_zagEAgs_jWmtFXU_h_GPdjnYLFAAAAgEMAAAA;AQMkADE2MTk0ZGY2LWU4YTItNGY4Yy04MjU3LTUzZGM0ZmQ3OWViMQAuAAADwZP4641Q4U2bsdrBXD_zagEAgs_jWmtFXU_h_GPdjnYLFAAAAgEPAAAA
fahd.aisha@regal-london.co.uk,fahd.aisha@regal-london.co.uk,0,1,1,2024-12-19T05:07:29Z,2024-12-19T05:07:29Z,AQMkADE2MTk0ZGY2LWU4YTItNGY4Yy04MjU3LTUzZGM0ZmQ3OWViMQAuAAADwZP4641Q4U2bsdrBXD_zagEAgs_jWmtFXU_h_GPdjnYLFAAAAgEMAAAA
vaibhav@oriosvp.com,Vaibhav Ahuja,0,1,1,2024-12-19T04:43:20Z,2024-12-19T04:43:20Z,AQMkADE2MTk0ZGY2LWU4YTItNGY4Yy04MjU3LTUzZGM0ZmQ3OWViMQAuAAADwZP4641Q4U2bsdrBXD_zagEAgs_jWmtFXU_h_GPdjnYLFAAAAgEMAAAA
do-not-reply@sophosemail.com,do-not-reply@sophosemail.com,0,1,1,2024-12-18T22:19:17Z,2024-12-18T22:19:17Z,AQMkADE2MTk0ZGY2LWU4YTItNGY4Yy04MjU3LTUzZGM0ZmQ3OWViMQAuAAADwZP4641Q4U2bsdrBXD_zagEAgs_jWmtFXU_h_GPdjnYLFAAAAgEMAAAA
parth@memora.io,parth@memora.io,0,2,2,2024-12-13T17:56:43Z,2024-12-18T16:55:49Z,AQMkADE2MTk0ZGY2LWU4YTItNGY4Yy04MjU3LTUzZGM0ZmQ3OWViMQAuAAADwZP4641Q4U2bsdrBXD_zagEAgs_jWmtFXU_h_GPdjnYLFAAAAgEMAAAA
henri.songeur@pumaprivateequity.co.uk,henri.songeur@pumaprivateequity.co.uk,0,2,2,2024-12-13T16:35:31Z,2024-12-18T15:34:36Z,AQMkADE2MTk0ZGY2LWU4YTItNGY4Yy04MjU3LTUzZGM0ZmQ3OWViMQAuAAADwZP4641Q4U2bsdrBXD_zagEAgs_jWmtFXU_h_GPdjnYLFAAAAgEMAAAA
troy.fornof@macneillgroup.com,troy.fornof@macneillgroup.com,0,1,1,2024-12-18T14:46:59Z,2024-12-18T14:46:59Z,AQMkADE2MTk0ZGY2LWU4YTItNGY4Yy04MjU3LTUzZGM0ZmQ3OWViMQAuAAADwZP4641Q4U2bsdrBXD_zagEAgs_jWmtFXU_h_GPdjnYLFAAAAgEMAAAA
acain@corenetglobal.org,acain@corenetglobal.org,0,1,1,2024-12-18T13:28:31Z,2024-12-18T13:28:31Z,AQMkADE2MTk0ZGY2LWU4YTItNGY4Yy04MjU3LTUzZGM0ZmQ3OWViMQAuAAADwZP4641Q4U2bsdrBXD_zagEAgs_jWmtFXU_h_GPdjnYLFAAAAgEMAAAA
noura.jlassi@shuwaikhgate.com,noura.jlassi@shuwaikhgate.com,0,1,1,2024-12-18T09:23:20Z,2024-12-18T09:23:20Z,AQMkADE2MTk0ZGY2LWU4YTItNGY4Yy04MjU3LTUzZGM0ZmQ3OWViMQAuAAADwZP4641Q4U2bsdrBXD_zagEAgs_jWmtFXU_h_GPdjnYLFAAAAgEMAAAA
vivek@tradesocio.com,vivek@tradesocio.com,0,1,1,2024-12-18T09:01:05Z,2024-12-18T09:01:05Z,AQMkADE2MTk0ZGY2LWU4YTItNGY4Yy04MjU3LTUzZGM0ZmQ3OWViMQAuAAADwZP4641Q4U2bsdrBXD_zagEAgs_jWmtFXU_h_GPdjnYLFAAAAgEMAAAA
binh.thanh@era.com.vn,binh.thanh@era.com.vn,0,1,1,2024-12-18T03:23:30Z,2024-12-18T03:23:30Z,AQMkADE2MTk0ZGY2LWU4YTItNGY4Yy04MjU3LTUzZGM0ZmQ3OWViMQAuAAADwZP4641Q4U2bsdrBXD_zagEAgs_jWmtFXU_h_GPdjnYLFAAAAgEMAAAA
bcondon@progresspartners.com,bcondon@progresspartners.com,0,1,1,2024-12-17T22:04:30Z,2024-12-17T22:04:30Z,AQMkADE2MTk0ZGY2LWU4YTItNGY4Yy04MjU3LTUzZGM0ZmQ3OWViMQAuAAADwZP4641Q4U2bsdrBXD_zagEAgs_jWmtFXU_h_GPdjnYLFAAAAgEMAAAA
andrew.guesdon@rawson.com.au,Andrew Guesdon,0,1,1,2024-12-17T21:04:26Z,2024-12-17T21:04:26Z,AQMkADE2MTk0ZGY2LWU4YTItNGY4Yy04MjU3LTUzZGM0ZmQ3OWViMQAuAAADwZP4641Q4U2bsdrBXD_zagEAgs_jWmtFXU_h_GPdjnYLFAAAAgEMAAAA
michael.hall@oua.ca,michael.hall@oua.ca,0,1,1,2024-12-17T16:54:14Z,2024-12-17T16:54:14Z,AQMkADE2MTk0ZGY2LWU4YTItNGY4Yy04MjU3LTUzZGM0ZmQ3OWViMQAuAAADwZP4641Q4U2bsdrBXD_zagEAgs_jWmtFXU_h_GPdjnYLFAAAAgEMAAAA
virginie.pluralle@lifestone.fr,virginie.pluralle@lifestone.fr,0,1,1,2024-12-17T07:24:01Z,2024-12-17T07:24:01Z,AQMkADE2MTk0ZGY2LWU4YTItNGY4Yy04MjU3LTUzZGM0ZmQ3OWViMQAuAAADwZP4641Q4U2bsdrBXD_zagEAgs_jWmtFXU_h_GPdjnYLFAAAAgEMAAAA
bob.summerwill@ethereumclassic.org,bob.summerwill@ethereumclassic.org,0,1,1,2024-12-16T16:18:20Z,2024-12-16T16:18:20Z,AQMkADE2MTk0ZGY2LWU4YTItNGY4Yy04MjU3LTUzZGM0ZmQ3OWViMQAuAAADwZP4641Q4U2bsdrBXD_zagEAgs_jWmtFXU_h_GPdjnYLFAAAAgEMAAAA
marcella.coelho@mvinvestimentos.com,marcella.coelho@mvinvestimentos.com,0,1,1,2024-12-16T12:34:18Z,2024-12-16T12:34:18Z,AQMkADE2MTk0ZGY2LWU4YTItNGY4Yy04MjU3LTUzZGM0ZmQ3OWViMQAuAAADwZP4641Q4U2bsdrBXD_zagEAgs_jWmtFXU_h_GPdjnYLFAAAAgEMAAAA
noreply@quarterproof.com,Quarter Proof,0,1,1,2024-12-16T10:00:11Z,2024-12-16T10:00:11Z,AQMkADE2MTk0ZGY2LWU4YTItNGY4Yy04MjU3LTUzZGM0ZmQ3OWViMQAuAAADwZP4641Q4U2bsdrBXD_zagEAgs_jWmtFXU_h_GPdjnYLFAAAAgEMAAAA
greg@thevintagepress.com,Greg Vartanian,0,4,4,2024-02-29T07:16:29Z,2024-12-16T10:00:11Z,AQMkADE2MTk0ZGY2LWU4YTItNGY4Yy04MjU3LTUzZGM0ZmQ3OWViMQAuAAADwZP4641Q4U2bsdrBXD_zagEAgs_jWmtFXU_h_GPdjnYLFAAAAgEMAAAA
totalconnect2.0@alarmnet.com,TotalConnect2.0@alarmnet.com,0,1,1,2024-12-16T09:47:30Z,2024-12-16T09:47:30Z,AQMkADE2MTk0ZGY2LWU4YTItNGY4Yy04MjU3LTUzZGM0ZmQ3OWViMQAuAAADwZP4641Q4U2bsdrBXD_zagEAgs_jWmtFXU_h_GPdjnYLFAAAAgEMAAAA
marketing@mail.fresnobee.com,The Fresno Bee,0,1,1,2024-12-16T08:30:27Z,2024-12-16T08:30:27Z,AQMkADE2MTk0ZGY2LWU4YTItNGY4Yy04MjU3LTUzZGM0ZmQ3OWViMQAuAAADwZP4641Q4U2bsdrBXD_zagEAgs_jWmtFXU_h_GPdjnYLFAAAAgEMAAAA
noreply@haveibeenpwned.com,Have I Been Pwned,0,1,1,2024-12-16T07:37:02Z,2024-12-16T07:37:02Z,AQMkADE2MTk0ZGY2LWU4YTItNGY4Yy04MjU3LTUzZGM0ZmQ3OWViMQAuAAADwZP4641Q4U2bsdrBXD_zagEAgs_jWmtFXU_h_GPdjnYLFAAAAgEMAAAA
shoma@alhamra.com.kw,shoma@alhamra.com.kw,0,1,1,2024-12-16T05:01:50Z,2024-12-16T05:01:50Z,AQMkADE2MTk0ZGY2LWU4YTItNGY4Yy04MjU3LTUzZGM0ZmQ3OWViMQAuAAADwZP4641Q4U2bsdrBXD_zagEAgs_jWmtFXU_h_GPdjnYLFAAAAgEMAAAA
galves@grupoprima.com.br,Gefferson Alves,0,1,1,2024-12-14T11:24:59Z,2024-12-14T11:24:59Z,AQMkADE2MTk0ZGY2LWU4YTItNGY4Yy04MjU3LTUzZGM0ZmQ3OWViMQAuAAADwZP4641Q4U2bsdrBXD_zagEAgs_jWmtFXU_h_GPdjnYLFAAAAgEMAAAA
cameron.milton@oxbury.com,cameron.milton@oxbury.com,0,1,1,2024-12-14T08:14:58Z,2024-12-14T08:14:58Z,AQMkADE2MTk0ZGY2LWU4YTItNGY4Yy04MjU3LTUzZGM0ZmQ3OWViMQAuAAADwZP4641Q4U2bsdrBXD_zagEAgs_jWmtFXU_h_GPdjnYLFAAAAgEMAAAA
louise@frst.vc,louise@frst.vc,0,1,1,2024-12-14T07:09:20Z,2024-12-14T07:09:20Z,AQMkADE2MTk0ZGY2LWU4YTItNGY4Yy04MjU3LTUzZGM0ZmQ3OWViMQAuAAADwZP4641Q4U2bsdrBXD_zagEAgs_jWmtFXU_h_GPdjnYLFAAAAgEMAAAA
joe@trifalga.com.au,joe@trifalga.com.au,0,1,1,2024-12-14T04:55:21Z,2024-12-14T04:55:21Z,AQMkADE2MTk0ZGY2LWU4YTItNGY4Yy04MjU3LTUzZGM0ZmQ3OWViMQAuAAADwZP4641Q4U2bsdrBXD_zagEAgs_jWmtFXU_h_GPdjnYLFAAAAgEMAAAA
postmaster@qic.com,postmaster@qic.com,0,1,1,2024-12-14T04:35:22Z,2024-12-14T04:35:22Z,AQMkADE2MTk0ZGY2LWU4YTItNGY4Yy04MjU3LTUzZGM0ZmQ3OWViMQAuAAADwZP4641Q4U2bsdrBXD_zagEAgs_jWmtFXU_h_GPdjnYLFAAAAgEMAAAA
gregoire.charles@onlydust.xyz,gregoire.charles@onlydust.xyz,0,1,1,2024-12-13T09:55:00Z,2024-12-13T09:55:00Z,AQMkADE2MTk0ZGY2LWU4YTItNGY4Yy04MjU3LTUzZGM0ZmQ3OWViMQAuAAADwZP4641Q4U2bsdrBXD_zagEAgs_jWmtFXU_h_GPdjnYLFAAAAgEMAAAA
email.security@eap.com.au,Email Security,0,1,1,2024-12-13T00:06:27Z,2024-12-13T00:06:27Z,AQMkADE2MTk0ZGY2LWU4YTItNGY4Yy04MjU3LTUzZGM0ZmQ3OWViMQAuAAADwZP4641Q4U2bsdrBXD_zagEAgs_jWmtFXU_h_GPdjnYLFAAAAgEMAAAA
naveen@accessfintech.com,naveen@accessfintech.com,0,1,1,2024-12-12T15:52:56Z,2024-12-12T15:52:56Z,AQMkADE2MTk0ZGY2LWU4YTItNGY4Yy04MjU3LTUzZGM0ZmQ3OWViMQAuAAADwZP4641Q4U2bsdrBXD_zagEAgs_jWmtFXU_h_GPdjnYLFAAAAgEMAAAA
humood@mofne.gov.bh,Humood Jasim Abdulla Alhumood,0,1,1,2024-12-11T12:41:15Z,2024-12-11T12:41:15Z,AQMkADE2MTk0ZGY2LWU4YTItNGY4Yy04MjU3LTUzZGM0ZmQ3OWViMQAuAAADwZP4641Q4U2bsdrBXD_zagEAgs_jWmtFXU_h_GPdjnYLFAAAAgEMAAAA
mimecast.notifications@nsmgroup.com,NSM UK Mimecast Notifications,0,1,1,2024-12-10T12:53:00Z,2024-12-10T12:53:00Z,AQMkADE2MTk0ZGY2LWU4YTItNGY4Yy04MjU3LTUzZGM0ZmQ3OWViMQAuAAADwZP4641Q4U2bsdrBXD_zagEAgs_jWmtFXU_h_GPdjnYLFAAAAgEMAAAA
birdeyeforbusinessowners@birdeye.org,Birdeye for Businesses,0,2,2,2024-11-29T11:26:54Z,2024-12-09T13:07:37Z,AQMkADE2MTk0ZGY2LWU4YTItNGY4Yy04MjU3LTUzZGM0ZmQ3OWViMQAuAAADwZP4641Q4U2bsdrBXD_zagEAgs_jWmtFXU_h_GPdjnYLFAAAAgEMAAAA
dario.dippolito@btf.com.ar,Dario Dippolito,0,1,1,2024-12-09T11:24:24Z,2024-12-09T11:24:24Z,AQMkADE2MTk0ZGY2LWU4YTItNGY4Yy04MjU3LTUzZGM0ZmQ3OWViMQAuAAADwZP4641Q4U2bsdrBXD_zagEAgs_jWmtFXU_h_GPdjnYLFAAAAgEMAAAA
ryan+noreply@cadre.com,Ryan Williams,0,1,1,2024-12-08T13:27:21Z,2024-12-08T13:27:21Z,AQMkADE2MTk0ZGY2LWU4YTItNGY4Yy04MjU3LTUzZGM0ZmQ3OWViMQAuAAADwZP4641Q4U2bsdrBXD_zagEAgs_jWmtFXU_h_GPdjnYLFAAAAgEMAAAA
natalie@maveron.com,Natalie Dillon,0,1,1,2024-12-07T23:55:24Z,2024-12-07T23:55:24Z,AQMkADE2MTk0ZGY2LWU4YTItNGY4Yy04MjU3LTUzZGM0ZmQ3OWViMQAuAAADwZP4641Q4U2bsdrBXD_zagEAgs_jWmtFXU_h_GPdjnYLFAAAAgEMAAAA
graeme@fansunite.com,Graeme Moore,0,1,1,2024-12-07T18:05:52Z,2024-12-07T18:05:52Z,AQMkADE2MTk0ZGY2LWU4YTItNGY4Yy04MjU3LTUzZGM0ZmQ3OWViMQAuAAADwZP4641Q4U2bsdrBXD_zagEAgs_jWmtFXU_h_GPdjnYLFAAAAgEMAAAA
elle.anslow-clarke@tnhg.co.uk,Elle Anslow-Clarke,0,1,1,2024-12-06T13:56:57Z,2024-12-06T13:56:57Z,AQMkADE2MTk0ZGY2LWU4YTItNGY4Yy04MjU3LTUzZGM0ZmQ3OWViMQAuAAADwZP4641Q4U2bsdrBXD_zagEAgs_jWmtFXU_h_GPdjnYLFAAAAgEMAAAA
bryn.newell@eightcap.com,Bryn Newell,0,1,1,2024-12-06T04:46:12Z,2024-12-06T04:46:12Z,AQMkADE2MTk0ZGY2LWU4YTItNGY4Yy04MjU3LTUzZGM0ZmQ3OWViMQAuAAADwZP4641Q4U2bsdrBXD_zagEAgs_jWmtFXU_h_GPdjnYLFAAAAgEMAAAA
s.al-sefou@crif.com,Al-Sefou Sayf,0,1,1,2024-12-05T12:13:55Z,2024-12-05T12:13:55Z,AQMkADE2MTk0ZGY2LWU4YTItNGY4Yy04MjU3LTUzZGM0ZmQ3OWViMQAuAAADwZP4641Q4U2bsdrBXD_zagEAgs_jWmtFXU_h_GPdjnYLFAAAAgEMAAAA
rebecca@folklore.vc,Rebecca Wendland,0,1,1,2024-12-04T03:04:05Z,2024-12-04T03:04:05Z,AQMkADE2MTk0ZGY2LWU4YTItNGY4Yy04MjU3LTUzZGM0ZmQ3OWViMQAuAAADwZP4641Q4U2bsdrBXD_zagEAgs_jWmtFXU_h_GPdjnYLFAAAAgEMAAAA
cosullivan@futurityinvest.com,Catherine O'Sullivan,0,1,1,2024-11-25T16:32:57Z,2024-11-25T16:32:57Z,AQMkADE2MTk0ZGY2LWU4YTItNGY4Yy04MjU3LTUzZGM0ZmQ3OWViMQAuAAADwZP4641Q4U2bsdrBXD_zagEAgs_jWmtFXU_h_GPdjnYLFAAAAgEPAAAA
marketing@promotions.eatokra.com,EatOkra,0,1,1,2024-11-13T21:49:59Z,2024-11-13T21:49:59Z,AQMkADE2MTk0ZGY2LWU4YTItNGY4Yy04MjU3LTUzZGM0ZmQ3OWViMQAuAAADwZP4641Q4U2bsdrBXD_zagEAgs_jWmtFXU_h_GPdjnYLFAAAAgEMAAAA
mughira@blockchain420.net,mughira@blockchain420.net,0,2,2,2024-11-05T11:07:18Z,2024-11-10T10:09:38Z,AQMkADE2MTk0ZGY2LWU4YTItNGY4Yy04MjU3LTUzZGM0ZmQ3OWViMQAuAAADwZP4641Q4U2bsdrBXD_zagEAgs_jWmtFXU_h_GPdjnYLFAAAAgEMAAAA
donotreply@cardoffer.capitalone.com,Capital One,0,27,27,2024-08-02T20:56:46Z,2024-11-05T23:13:56Z,AQMkADE2MTk0ZGY2LWU4YTItNGY4Yy04MjU3LTUzZGM0ZmQ3OWViMQAuAAADwZP4641Q4U2bsdrBXD_zagEAgs_jWmtFXU_h_GPdjnYLFAAAAgEMAAAA
ahmedrn53@gmail.com,rn ahmed,0,1,1,2024-11-05T09:11:12Z,2024-11-05T09:11:12Z,AQMkADE2MTk0ZGY2LWU4YTItNGY4Yy04MjU3LTUzZGM0ZmQ3OWViMQAuAAADwZP4641Q4U2bsdrBXD_zagEAgs_jWmtFXU_h_GPdjnYLFAAAAgEMAAAA
cafe4281@panerabread.com,cafe4281@panerabread.com,0,1,1,2024-11-05T09:11:12Z,2024-11-05T09:11:12Z,AQMkADE2MTk0ZGY2LWU4YTItNGY4Yy04MjU3LTUzZGM0ZmQ3OWViMQAuAAADwZP4641Q4U2bsdrBXD_zagEAgs_jWmtFXU_h_GPdjnYLFAAAAgEMAAAA
subwaylathrop@gmail.com,subwaylathrop@gmail.com,0,1,1,2024-11-05T09:11:12Z,2024-11-05T09:11:12Z,AQMkADE2MTk0ZGY2LWU4YTItNGY4Yy04MjU3LTUzZGM0ZmQ3OWViMQAuAAADwZP4641Q4U2bsdrBXD_zagEAgs_jWmtFXU_h_GPdjnYLFAAAAgEMAAAA
j_latin_001@yahoo.com,j_latin_001@yahoo.com,0,1,1,2024-11-05T09:11:12Z,2024-11-05T09:11:12Z,AQMkADE2MTk0ZGY2LWU4YTItNGY4Yy04MjU3LTUzZGM0ZmQ3OWViMQAuAAADwZP4641Q4U2bsdrBXD_zagEAgs_jWmtFXU_h_GPdjnYLFAAAAgEMAAAA
customerservice@panamericannightclub.com,customerservice@panamericannightclub.com,0,1,1,2024-11-05T09:11:12Z,2024-11-05T09:11:12Z,AQMkADE2MTk0ZGY2LWU4YTItNGY4Yy04MjU3LTUzZGM0ZmQ3OWViMQAuAAADwZP4641Q4U2bsdrBXD_zagEAgs_jWmtFXU_h_GPdjnYLFAAAAgEMAAAA
info@williebirdsrestaurant.com,info@williebirdsrestaurant.com,0,1,1,2024-11-05T09:11:12Z,2024-11-05T09:11:12Z,AQMkADE2MTk0ZGY2LWU4YTItNGY4Yy04MjU3LTUzZGM0ZmQ3OWViMQAuAAADwZP4641Q4U2bsdrBXD_zagEAgs_jWmtFXU_h_GPdjnYLFAAAAgEMAAAA
drink@hogandrocks.com,drink@hogandrocks.com,0,1,1,2024-11-05T09:11:12Z,2024-11-05T09:11:12Z,AQMkADE2MTk0ZGY2LWU4YTItNGY4Yy04MjU3LTUzZGM0ZmQ3OWViMQAuAAADwZP4641Q4U2bsdrBXD_zagEAgs_jWmtFXU_h_GPdjnYLFAAAAgEMAAAA
smamunji@gmail.com,smamunji@gmail.com,0,1,1,2024-11-05T09:11:12Z,2024-11-05T09:11:12Z,AQMkADE2MTk0ZGY2LWU4YTItNGY4Yy04MjU3LTUzZGM0ZmQ3OWViMQAuAAADwZP4641Q4U2bsdrBXD_zagEAgs_jWmtFXU_h_GPdjnYLFAAAAgEMAAAA
taqelprimo@yahoo.com,taqelprimo@yahoo.com,0,1,1,2024-11-05T09:11:12Z,2024-11-05T09:11:12Z,AQMkADE2MTk0ZGY2LWU4YTItNGY4Yy04MjU3LTUzZGM0ZmQ3OWViMQAuAAADwZP4641Q4U2bsdrBXD_zagEAgs_jWmtFXU_h_GPdjnYLFAAAAgEMAAAA
taquerialosgordos@gmail.com,taquerialosgordos@gmail.com,0,1,1,2024-11-05T09:11:12Z,2024-11-05T09:11:12Z,AQMkADE2MTk0ZGY2LWU4YTItNGY4Yy04MjU3LTUzZGM0ZmQ3OWViMQAuAAADwZP4641Q4U2bsdrBXD_zagEAgs_jWmtFXU_h_GPdjnYLFAAAAgEMAAAA
lupo144@aol.com,lupo144@aol.com,0,1,1,2024-11-05T09:11:12Z,2024-11-05T09:11:12Z,AQMkADE2MTk0ZGY2LWU4YTItNGY4Yy04MjU3LTUzZGM0ZmQ3OWViMQAuAAADwZP4641Q4U2bsdrBXD_zagEAgs_jWmtFXU_h_GPdjnYLFAAAAgEMAAAA
barbara@unionhoteloccidental.com,barbara@unionhoteloccidental.com,0,1,1,2024-11-05T09:11:12Z,2024-11-05T09:11:12Z,AQMkADE2MTk0ZGY2LWU4YTItNGY4Yy04MjU3LTUzZGM0ZmQ3OWViMQAuAAADwZP4641Q4U2bsdrBXD_zagEAgs_jWmtFXU_h_GPdjnYLFAAAAgEMAAAA
mammasusannas@gmail.com,mammasusannas@gmail.com,0,1,1,2024-11-05T09:11:12Z,2024-11-05T09:11:12Z,AQMkADE2MTk0ZGY2LWU4YTItNGY4Yy04MjU3LTUzZGM0ZmQ3OWViMQAuAAADwZP4641Q4U2bsdrBXD_zagEAgs_jWmtFXU_h_GPdjnYLFAAAAgEMAAAA
kdonnelly@greenstarcoffee.com,kdonnelly@greenstarcoffee.com,0,1,1,2024-11-05T09:11:12Z,2024-11-05T09:11:12Z,AQMkADE2MTk0ZGY2LWU4YTItNGY4Yy04MjU3LTUzZGM0ZmQ3OWViMQAuAAADwZP4641Q4U2bsdrBXD_zagEAgs_jWmtFXU_h_GPdjnYLFAAAAgEMAAAA
drandall@greenstarcoffee.com,drandall@greenstarcoffee.com,0,1,1,2024-11-05T09:11:12Z,2024-11-05T09:11:12Z,AQMkADE2MTk0ZGY2LWU4YTItNGY4Yy04MjU3LTUzZGM0ZmQ3OWViMQAuAAADwZP4641Q4U2bsdrBXD_zagEAgs_jWmtFXU_h_GPdjnYLFAAAAgEMAAAA
info@greenstarcoffee.com,info@greenstarcoffee.com,0,1,1,2024-11-05T09:11:12Z,2024-11-05T09:11:12Z,AQMkADE2MTk0ZGY2LWU4YTItNGY4Yy04MjU3LTUzZGM0ZmQ3OWViMQAuAAADwZP4641Q4U2bsdrBXD_zagEAgs_jWmtFXU_h_GPdjnYLFAAAAgEMAAAA
info@sweetesbakeshop.com,info@sweetesbakeshop.com,0,1,1,2024-11-05T09:11:12Z,2024-11-05T09:11:12Z,AQMkADE2MTk0ZGY2LWU4YTItNGY4Yy04MjU3LTUzZGM0ZmQ3OWViMQAuAAADwZP4641Q4U2bsdrBXD_zagEAgs_jWmtFXU_h_GPdjnYLFAAAAgEMAAAA
eatcake@cakebakeshop.com,eatcake@cakebakeshop.com,0,1,1,2024-11-05T09:11:12Z,2024-11-05T09:11:12Z,AQMkADE2MTk0ZGY2LWU4YTItNGY4Yy04MjU3LTUzZGM0ZmQ3OWViMQAuAAADwZP4641Q4U2bsdrBXD_zagEAgs_jWmtFXU_h_GPdjnYLFAAAAgEMAAAA
ochoa@expresshauling.com,ochoa@expresshauling.com,0,1,1,2024-11-05T09:11:12Z,2024-11-05T09:11:12Z,AQMkADE2MTk0ZGY2LWU4YTItNGY4Yy04MjU3LTUzZGM0ZmQ3OWViMQAuAAADwZP4641Q4U2bsdrBXD_zagEAgs_jWmtFXU_h_GPdjnYLFAAAAgEMAAAA
dlacolmena@aol.com,dlacolmena@aol.com,0,1,1,2024-11-05T09:11:12Z,2024-11-05T09:11:12Z,AQMkADE2MTk0ZGY2LWU4YTItNGY4Yy04MjU3LTUzZGM0ZmQ3OWViMQAuAAADwZP4641Q4U2bsdrBXD_zagEAgs_jWmtFXU_h_GPdjnYLFAAAAgEMAAAA
info@dalbaffo.nl,info@dalbaffo.nl,0,1,1,2024-11-05T09:11:12Z,2024-11-05T09:11:12Z,AQMkADE2MTk0ZGY2LWU4YTItNGY4Yy04MjU3LTUzZGM0ZmQ3OWViMQAuAAADwZP4641Q4U2bsdrBXD_zagEAgs_jWmtFXU_h_GPdjnYLFAAAAgEMAAAA
franzobrien@yahoo.com,franzobrien@yahoo.com,0,1,1,2024-11-05T09:11:12Z,2024-11-05T09:11:12Z,AQMkADE2MTk0ZGY2LWU4YTItNGY4Yy04MjU3LTUzZGM0ZmQ3OWViMQAuAAADwZP4641Q4U2bsdrBXD_zagEAgs_jWmtFXU_h_GPdjnYLFAAAAgEMAAAA
flor@villagegrill.com,flor@villagegrill.com,0,1,1,2024-11-05T09:11:12Z,2024-11-05T09:11:12Z,AQMkADE2MTk0ZGY2LWU4YTItNGY4Yy04MjU3LTUzZGM0ZmQ3OWViMQAuAAADwZP4641Q4U2bsdrBXD_zagEAgs_jWmtFXU_h_GPdjnYLFAAAAgEMAAAA
kimfit@aol.com,kimfit@aol.com,0,1,1,2024-11-05T09:11:12Z,2024-11-05T09:11:12Z,AQMkADE2MTk0ZGY2LWU4YTItNGY4Yy04MjU3LTUzZGM0ZmQ3OWViMQAuAAADwZP4641Q4U2bsdrBXD_zagEAgs_jWmtFXU_h_GPdjnYLFAAAAgEMAAAA
info@kungfutacos.com,info@kungfutacos.com,0,1,1,2024-11-05T09:11:12Z,2024-11-05T09:11:12Z,AQMkADE2MTk0ZGY2LWU4YTItNGY4Yy04MjU3LTUzZGM0ZmQ3OWViMQAuAAADwZP4641Q4U2bsdrBXD_zagEAgs_jWmtFXU_h_GPdjnYLFAAAAgEMAAAA
expresscafelafayette@yahoo.com,expresscafelafayette@yahoo.com,0,1,1,2024-11-05T09:11:12Z,2024-11-05T09:11:12Z,AQMkADE2MTk0ZGY2LWU4YTItNGY4Yy04MjU3LTUzZGM0ZmQ3OWViMQAuAAADwZP4641Q4U2bsdrBXD_zagEAgs_jWmtFXU_h_GPdjnYLFAAAAgEMAAAA
giftcards@cashstar.com,giftcards@cashstar.com,0,1,1,2024-11-05T09:11:12Z,2024-11-05T09:11:12Z,AQMkADE2MTk0ZGY2LWU4YTItNGY4Yy04MjU3LTUzZGM0ZmQ3OWViMQAuAAADwZP4641Q4U2bsdrBXD_zagEAgs_jWmtFXU_h_GPdjnYLFAAAAgEMAAAA
contactus@sc-saigoncuisine.com,contactus@sc-saigoncuisine.com,0,1,1,2024-11-05T09:11:12Z,2024-11-05T09:11:12Z,AQMkADE2MTk0ZGY2LWU4YTItNGY4Yy04MjU3LTUzZGM0ZmQ3OWViMQAuAAADwZP4641Q4U2bsdrBXD_zagEAgs_jWmtFXU_h_GPdjnYLFAAAAgEMAAAA
info@yakiichiban.com,info@yakiichiban.com,0,1,1,2024-11-05T09:11:12Z,2024-11-05T09:11:12Z,AQMkADE2MTk0ZGY2LWU4YTItNGY4Yy04MjU3LTUzZGM0ZmQ3OWViMQAuAAADwZP4641Q4U2bsdrBXD_zagEAgs_jWmtFXU_h_GPdjnYLFAAAAgEMAAAA
cd@bonarealestate.com,cd@bonarealestate.com,0,1,1,2024-11-05T09:11:12Z,2024-11-05T09:11:12Z,AQMkADE2MTk0ZGY2LWU4YTItNGY4Yy04MjU3LTUzZGM0ZmQ3OWViMQAuAAADwZP4641Q4U2bsdrBXD_zagEAgs_jWmtFXU_h_GPdjnYLFAAAAgEMAAAA
blkice7000@yahoo.com,blkice7000@yahoo.com,0,1,1,2024-11-05T09:11:12Z,2024-11-05T09:11:12Z,AQMkADE2MTk0ZGY2LWU4YTItNGY4Yy04MjU3LTUzZGM0ZmQ3OWViMQAuAAADwZP4641Q4U2bsdrBXD_zagEAgs_jWmtFXU_h_GPdjnYLFAAAAgEMAAAA
office@flcbrainerd.com,office@flcbrainerd.com,0,1,1,2024-11-05T09:11:12Z,2024-11-05T09:11:12Z,AQMkADE2MTk0ZGY2LWU4YTItNGY4Yy04MjU3LTUzZGM0ZmQ3OWViMQAuAAADwZP4641Q4U2bsdrBXD_zagEAgs_jWmtFXU_h_GPdjnYLFAAAAgEMAAAA
info@tomodachisushila.com,info@tomodachisushila.com,0,1,1,2024-11-05T09:11:12Z,2024-11-05T09:11:12Z,AQMkADE2MTk0ZGY2LWU4YTItNGY4Yy04MjU3LTUzZGM0ZmQ3OWViMQAuAAADwZP4641Q4U2bsdrBXD_zagEAgs_jWmtFXU_h_GPdjnYLFAAAAgEMAAAA
valleyindiacafe@gmail.com,valleyindiacafe@gmail.com,0,1,1,2024-11-05T09:11:12Z,2024-11-05T09:11:12Z,AQMkADE2MTk0ZGY2LWU4YTItNGY4Yy04MjU3LTUzZGM0ZmQ3OWViMQAuAAADwZP4641Q4U2bsdrBXD_zagEAgs_jWmtFXU_h_GPdjnYLFAAAAgEMAAAA
abbate.tony@mcdonalds.com,abbate.tony@mcdonalds.com,0,1,1,2024-11-05T09:11:12Z,2024-11-05T09:11:12Z,AQMkADE2MTk0ZGY2LWU4YTItNGY4Yy04MjU3LTUzZGM0ZmQ3OWViMQAuAAADwZP4641Q4U2bsdrBXD_zagEAgs_jWmtFXU_h_GPdjnYLFAAAAgEMAAAA
chin@kabukirestaurant.com,chin@kabukirestaurant.com,0,1,1,2024-11-05T09:11:12Z,2024-11-05T09:11:12Z,AQMkADE2MTk0ZGY2LWU4YTItNGY4Yy04MjU3LTUzZGM0ZmQ3OWViMQAuAAADwZP4641Q4U2bsdrBXD_zagEAgs_jWmtFXU_h_GPdjnYLFAAAAgEMAAAA
events@dukeshuntington.com,events@dukeshuntington.com,0,1,1,2024-11-05T09:11:12Z,2024-11-05T09:11:12Z,AQMkADE2MTk0ZGY2LWU4YTItNGY4Yy04MjU3LTUzZGM0ZmQ3OWViMQAuAAADwZP4641Q4U2bsdrBXD_zagEAgs_jWmtFXU_h_GPdjnYLFAAAAgEMAAAA
info@chaumontbakery.com,info@chaumontbakery.com,0,1,1,2024-11-05T09:11:12Z,2024-11-05T09:11:12Z,AQMkADE2MTk0ZGY2LWU4YTItNGY4Yy04MjU3LTUzZGM0ZmQ3OWViMQAuAAADwZP4641Q4U2bsdrBXD_zagEAgs_jWmtFXU_h_GPdjnYLFAAAAgEMAAAA
lowerlakecoffee@hotmail.com,lowerlakecoffee@hotmail.com,0,1,1,2024-11-05T09:11:12Z,2024-11-05T09:11:12Z,AQMkADE2MTk0ZGY2LWU4YTItNGY4Yy04MjU3LTUzZGM0ZmQ3OWViMQAuAAADwZP4641Q4U2bsdrBXD_zagEAgs_jWmtFXU_h_GPdjnYLFAAAAgEMAAAA
feedback@pizzaguys.com,feedback@pizzaguys.com,0,1,1,2024-11-05T09:11:12Z,2024-11-05T09:11:12Z,AQMkADE2MTk0ZGY2LWU4YTItNGY4Yy04MjU3LTUzZGM0ZmQ3OWViMQAuAAADwZP4641Q4U2bsdrBXD_zagEAgs_jWmtFXU_h_GPdjnYLFAAAAgEMAAAA
ave@pizzaguys.com,ave@pizzaguys.com,0,1,1,2024-11-05T09:11:12Z,2024-11-05T09:11:12Z,AQMkADE2MTk0ZGY2LWU4YTItNGY4Yy04MjU3LTUzZGM0ZmQ3OWViMQAuAAADwZP4641Q4U2bsdrBXD_zagEAgs_jWmtFXU_h_GPdjnYLFAAAAgEMAAAA
rich.allen@wienerschnitzel.com,rich.allen@wienerschnitzel.com,0,1,1,2024-11-05T09:11:12Z,2024-11-05T09:11:12Z,AQMkADE2MTk0ZGY2LWU4YTItNGY4Yy04MjU3LTUzZGM0ZmQ3OWViMQAuAAADwZP4641Q4U2bsdrBXD_zagEAgs_jWmtFXU_h_GPdjnYLFAAAAgEMAAAA
info@westcoasthooters.com,info@westcoasthooters.com,0,1,1,2024-11-05T09:11:12Z,2024-11-05T09:11:12Z,AQMkADE2MTk0ZGY2LWU4YTItNGY4Yy04MjU3LTUzZGM0ZmQ3OWViMQAuAAADwZP4641Q4U2bsdrBXD_zagEAgs_jWmtFXU_h_GPdjnYLFAAAAgEMAAAA
twisted2info@gmail.com,twisted2info@gmail.com,0,1,1,2024-11-05T09:11:12Z,2024-11-05T09:11:12Z,AQMkADE2MTk0ZGY2LWU4YTItNGY4Yy04MjU3LTUzZGM0ZmQ3OWViMQAuAAADwZP4641Q4U2bsdrBXD_zagEAgs_jWmtFXU_h_GPdjnYLFAAAAgEMAAAA
dine@rivers-end.com,dine@rivers-end.com,0,1,1,2024-11-05T09:11:12Z,2024-11-05T09:11:12Z,AQMkADE2MTk0ZGY2LWU4YTItNGY4Yy04MjU3LTUzZGM0ZmQ3OWViMQAuAAADwZP4641Q4U2bsdrBXD_zagEAgs_jWmtFXU_h_GPdjnYLFAAAAgEMAAAA
stay@rivers-end.com,stay@rivers-end.com,0,1,1,2024-11-05T09:11:12Z,2024-11-05T09:11:12Z,AQMkADE2MTk0ZGY2LWU4YTItNGY4Yy04MjU3LTUzZGM0ZmQ3OWViMQAuAAADwZP4641Q4U2bsdrBXD_zagEAgs_jWmtFXU_h_GPdjnYLFAAAAgEMAAAA
erawanth@erawanthairestaurant.com,erawanth@erawanthairestaurant.com,0,1,1,2024-11-05T09:11:12Z,2024-11-05T09:11:12Z,AQMkADE2MTk0ZGY2LWU4YTItNGY4Yy04MjU3LTUzZGM0ZmQ3OWViMQAuAAADwZP4641Q4U2bsdrBXD_zagEAgs_jWmtFXU_h_GPdjnYLFAAAAgEMAAAA
rich_mckenna@goodyear.com,rich_mckenna@goodyear.com,0,1,1,2024-11-05T09:11:12Z,2024-11-05T09:11:12Z,AQMkADE2MTk0ZGY2LWU4YTItNGY4Yy04MjU3LTUzZGM0ZmQ3OWViMQAuAAADwZP4641Q4U2bsdrBXD_zagEAgs_jWmtFXU_h_GPdjnYLFAAAAgEMAAAA
privacy_office@goodyear.com,privacy_office@goodyear.com,0,1,1,2024-11-05T09:11:12Z,2024-11-05T09:11:12Z,AQMkADE2MTk0ZGY2LWU4YTItNGY4Yy04MjU3LTUzZGM0ZmQ3OWViMQAuAAADwZP4641Q4U2bsdrBXD_zagEAgs_jWmtFXU_h_GPdjnYLFAAAAgEMAAAA
jake@jakescafe.org,jake@jakescafe.org,0,1,1,2024-11-05T09:11:12Z,2024-11-05T09:11:12Z,AQMkADE2MTk0ZGY2LWU4YTItNGY4Yy04MjU3LTUzZGM0ZmQ3OWViMQAuAAADwZP4641Q4U2bsdrBXD_zagEAgs_jWmtFXU_h_GPdjnYLFAAAAgEMAAAA
mariscoslamarea@yahoo.com,mariscoslamarea@yahoo.com,0,1,1,2024-11-05T09:11:12Z,2024-11-05T09:11:12Z,AQMkADE2MTk0ZGY2LWU4YTItNGY4Yy04MjU3LTUzZGM0ZmQ3OWViMQAuAAADwZP4641Q4U2bsdrBXD_zagEAgs_jWmtFXU_h_GPdjnYLFAAAAgEMAAAA
mail@demolink.org,mail@demolink.org,0,1,1,2024-11-05T09:11:12Z,2024-11-05T09:11:12Z,AQMkADE2MTk0ZGY2LWU4YTItNGY4Yy04MjU3LTUzZGM0ZmQ3OWViMQAuAAADwZP4641Q4U2bsdrBXD_zagEAgs_jWmtFXU_h_GPdjnYLFAAAAgEMAAAA
customerservice@icscuisine.com,customerservice@icscuisine.com,0,1,1,2024-11-05T09:11:12Z,2024-11-05T09:11:12Z,AQMkADE2MTk0ZGY2LWU4YTItNGY4Yy04MjU3LTUzZGM0ZmQ3OWViMQAuAAADwZP4641Q4U2bsdrBXD_zagEAgs_jWmtFXU_h_GPdjnYLFAAAAgEMAAAA
service@fjfhardware.com,service@fjfhardware.com,0,1,1,2024-11-05T09:11:12Z,2024-11-05T09:11:12Z,AQMkADE2MTk0ZGY2LWU4YTItNGY4Yy04MjU3LTUzZGM0ZmQ3OWViMQAuAAADwZP4641Q4U2bsdrBXD_zagEAgs_jWmtFXU_h_GPdjnYLFAAAAgEMAAAA
jmiller@tacobell.com,jmiller@tacobell.com,0,1,1,2024-11-05T09:11:12Z,2024-11-05T09:11:12Z,AQMkADE2MTk0ZGY2LWU4YTItNGY4Yy04MjU3LTUzZGM0ZmQ3OWViMQAuAAADwZP4641Q4U2bsdrBXD_zagEAgs_jWmtFXU_h_GPdjnYLFAAAAgEMAAAA
igna.group@gmail.com,igna.group@gmail.com,0,1,1,2024-11-05T09:11:12Z,2024-11-05T09:11:12Z,AQMkADE2MTk0ZGY2LWU4YTItNGY4Yy04MjU3LTUzZGM0ZmQ3OWViMQAuAAADwZP4641Q4U2bsdrBXD_zagEAgs_jWmtFXU_h_GPdjnYLFAAAAgEMAAAA
mercado@redribbonbakeshop.com,mercado@redribbonbakeshop.com,0,1,1,2024-11-05T09:11:12Z,2024-11-05T09:11:12Z,AQMkADE2MTk0ZGY2LWU4YTItNGY4Yy04MjU3LTUzZGM0ZmQ3OWViMQAuAAADwZP4641Q4U2bsdrBXD_zagEAgs_jWmtFXU_h_GPdjnYLFAAAAgEMAAAA
nail_tam2na@blog.naver.com,nail_tam2na@blog.naver.com,0,1,1,2024-11-05T09:11:12Z,2024-11-05T09:11:12Z,AQMkADE2MTk0ZGY2LWU4YTItNGY4Yy04MjU3LTUzZGM0ZmQ3OWViMQAuAAADwZP4641Q4U2bsdrBXD_zagEAgs_jWmtFXU_h_GPdjnYLFAAAAgEMAAAA
jd@frozenbar.net,jd@frozenbar.net,0,1,1,2024-11-05T09:11:12Z,2024-11-05T09:11:12Z,AQMkADE2MTk0ZGY2LWU4YTItNGY4Yy04MjU3LTUzZGM0ZmQ3OWViMQAuAAADwZP4641Q4U2bsdrBXD_zagEAgs_jWmtFXU_h_GPdjnYLFAAAAgEMAAAA
shinkoisansushingrill@gmail.com,shinkoisansushingrill@gmail.com,0,1,1,2024-11-05T09:11:12Z,2024-11-05T09:11:12Z,AQMkADE2MTk0ZGY2LWU4YTItNGY4Yy04MjU3LTUzZGM0ZmQ3OWViMQAuAAADwZP4641Q4U2bsdrBXD_zagEAgs_jWmtFXU_h_GPdjnYLFAAAAgEMAAAA
jack@jackshrimp.com,jack@jackshrimp.com,0,1,1,2024-11-05T09:11:12Z,2024-11-05T09:11:12Z,AQMkADE2MTk0ZGY2LWU4YTItNGY4Yy04MjU3LTUzZGM0ZmQ3OWViMQAuAAADwZP4641Q4U2bsdrBXD_zagEAgs_jWmtFXU_h_GPdjnYLFAAAAgEMAAAA
b-poria@itsagrind.com,b-poria@itsagrind.com,0,1,1,2024-11-05T09:11:12Z,2024-11-05T09:11:12Z,AQMkADE2MTk0ZGY2LWU4YTItNGY4Yy04MjU3LTUzZGM0ZmQ3OWViMQAuAAADwZP4641Q4U2bsdrBXD_zagEAgs_jWmtFXU_h_GPdjnYLFAAAAgEMAAAA
supertortaschilangaslodi@hotmail.com,supertortaschilangaslodi@hotmail.com,0,1,1,2024-11-05T09:11:12Z,2024-11-05T09:11:12Z,AQMkADE2MTk0ZGY2LWU4YTItNGY4Yy04MjU3LTUzZGM0ZmQ3OWViMQAuAAADwZP4641Q4U2bsdrBXD_zagEAgs_jWmtFXU_h_GPdjnYLFAAAAgEMAAAA
lilia.flores@foodmaker.com,lilia.flores@foodmaker.com,0,1,1,2024-11-05T09:11:12Z,2024-11-05T09:11:12Z,AQMkADE2MTk0ZGY2LWU4YTItNGY4Yy04MjU3LTUzZGM0ZmQ3OWViMQAuAAADwZP4641Q4U2bsdrBXD_zagEAgs_jWmtFXU_h_GPdjnYLFAAAAgEMAAAA
thevaultcafe@gmail.com,thevaultcafe@gmail.com,0,1,1,2024-11-05T09:11:12Z,2024-11-05T09:11:12Z,AQMkADE2MTk0ZGY2LWU4YTItNGY4Yy04MjU3LTUzZGM0ZmQ3OWViMQAuAAADwZP4641Q4U2bsdrBXD_zagEAgs_jWmtFXU_h_GPdjnYLFAAAAgEMAAAA
hotandspicykabobgrill@outlook.com,hotandspicykabobgrill@outlook.com,0,1,1,2024-11-05T09:11:12Z,2024-11-05T09:11:12Z,AQMkADE2MTk0ZGY2LWU4YTItNGY4Yy04MjU3LTUzZGM0ZmQ3OWViMQAuAAADwZP4641Q4U2bsdrBXD_zagEAgs_jWmtFXU_h_GPdjnYLFAAAAgEMAAAA
maximatalla@gmail.com,maximatalla@gmail.com,0,1,1,2024-11-05T09:11:12Z,2024-11-05T09:11:12Z,AQMkADE2MTk0ZGY2LWU4YTItNGY4Yy04MjU3LTUzZGM0ZmQ3OWViMQAuAAADwZP4641Q4U2bsdrBXD_zagEAgs_jWmtFXU_h_GPdjnYLFAAAAgEMAAAA
fong.johnny@fareast88.com,fong.johnny@fareast88.com,0,1,1,2024-11-05T09:11:12Z,2024-11-05T09:11:12Z,AQMkADE2MTk0ZGY2LWU4YTItNGY4Yy04MjU3LTUzZGM0ZmQ3OWViMQAuAAADwZP4641Q4U2bsdrBXD_zagEAgs_jWmtFXU_h_GPdjnYLFAAAAgEMAAAA
fareast8@pacbell.net,fareast8@pacbell.net,0,1,1,2024-11-05T09:11:12Z,2024-11-05T09:11:12Z,AQMkADE2MTk0ZGY2LWU4YTItNGY4Yy04MjU3LTUzZGM0ZmQ3OWViMQAuAAADwZP4641Q4U2bsdrBXD_zagEAgs_jWmtFXU_h_GPdjnYLFAAAAgEMAAAA
hermansoto@pandakitchen.com,Herman Soto,0,1,1,2024-11-05T09:11:12Z,2024-11-05T09:11:12Z,AQMkADE2MTk0ZGY2LWU4YTItNGY4Yy04MjU3LTUzZGM0ZmQ3OWViMQAuAAADwZP4641Q4U2bsdrBXD_zagEAgs_jWmtFXU_h_GPdjnYLFAAAAgEMAAAA
jobs@pandakitchen.com,jobs@pandakitchen.com,0,1,1,2024-11-05T09:11:12Z,2024-11-05T09:11:12Z,AQMkADE2MTk0ZGY2LWU4YTItNGY4Yy04MjU3LTUzZGM0ZmQ3OWViMQAuAAADwZP4641Q4U2bsdrBXD_zagEAgs_jWmtFXU_h_GPdjnYLFAAAAgEMAAAA
magpies.jen@gmail.com,magpies.jen@gmail.com,0,1,1,2024-11-05T09:11:12Z,2024-11-05T09:11:12Z,AQMkADE2MTk0ZGY2LWU4YTItNGY4Yy04MjU3LTUzZGM0ZmQ3OWViMQAuAAADwZP4641Q4U2bsdrBXD_zagEAgs_jWmtFXU_h_GPdjnYLFAAAAgEMAAAA
flamesxpress@sbcglobal.net,flamesxpress@sbcglobal.net,0,1,1,2024-11-05T09:11:12Z,2024-11-05T09:11:12Z,AQMkADE2MTk0ZGY2LWU4YTItNGY4Yy04MjU3LTUzZGM0ZmQ3OWViMQAuAAADwZP4641Q4U2bsdrBXD_zagEAgs_jWmtFXU_h_GPdjnYLFAAAAgEMAAAA
bohawthorne68@gmail.com,bohawthorne68@gmail.com,0,1,1,2024-11-05T09:11:12Z,2024-11-05T09:11:12Z,AQMkADE2MTk0ZGY2LWU4YTItNGY4Yy04MjU3LTUzZGM0ZmQ3OWViMQAuAAADwZP4641Q4U2bsdrBXD_zagEAgs_jWmtFXU_h_GPdjnYLFAAAAgEMAAAA
info@bellabrucafe.com,info@bellabrucafe.com,0,1,1,2024-11-05T09:11:12Z,2024-11-05T09:11:12Z,AQMkADE2MTk0ZGY2LWU4YTItNGY4Yy04MjU3LTUzZGM0ZmQ3OWViMQAuAAADwZP4641Q4U2bsdrBXD_zagEAgs_jWmtFXU_h_GPdjnYLFAAAAgEMAAAA
w.kul@subway.com,w.kul@subway.com,0,1,1,2024-11-05T09:11:12Z,2024-11-05T09:11:12Z,AQMkADE2MTk0ZGY2LWU4YTItNGY4Yy04MjU3LTUzZGM0ZmQ3OWViMQAuAAADwZP4641Q4U2bsdrBXD_zagEAgs_jWmtFXU_h_GPdjnYLFAAAAgEMAAAA
socialmedia@bigmamaspizza.com,socialmedia@bigmamaspizza.com,0,1,1,2024-11-05T09:11:12Z,2024-11-05T09:11:12Z,AQMkADE2MTk0ZGY2LWU4YTItNGY4Yy04MjU3LTUzZGM0ZmQ3OWViMQAuAAADwZP4641Q4U2bsdrBXD_zagEAgs_jWmtFXU_h_GPdjnYLFAAAAgEMAAAA
socialmediaburbank@bigmamaspizza.com,socialmediaburbank@bigmamaspizza.com,0,1,1,2024-11-05T09:11:12Z,2024-11-05T09:11:12Z,AQMkADE2MTk0ZGY2LWU4YTItNGY4Yy04MjU3LTUzZGM0ZmQ3OWViMQAuAAADwZP4641Q4U2bsdrBXD_zagEAgs_jWmtFXU_h_GPdjnYLFAAAAgEMAAAA
eljalapenosmex.food@yahoo.com,eljalapenosmex.food@yahoo.com,0,1,1,2024-11-05T09:11:12Z,2024-11-05T09:11:12Z,AQMkADE2MTk0ZGY2LWU4YTItNGY4Yy04MjU3LTUzZGM0ZmQ3OWViMQAuAAADwZP4641Q4U2bsdrBXD_zagEAgs_jWmtFXU_h_GPdjnYLFAAAAgEMAAAA
exploresacto@gmail.com,exploresacto@gmail.com,0,1,1,2024-11-05T09:11:12Z,2024-11-05T09:11:12Z,AQMkADE2MTk0ZGY2LWU4YTItNGY4Yy04MjU3LTUzZGM0ZmQ3OWViMQAuAAADwZP4641Q4U2bsdrBXD_zagEAgs_jWmtFXU_h_GPdjnYLFAAAAgEMAAAA
press@cliffsedgecafe.com,press@cliffsedgecafe.com,0,1,1,2024-11-05T09:11:12Z,2024-11-05T09:11:12Z,AQMkADE2MTk0ZGY2LWU4YTItNGY4Yy04MjU3LTUzZGM0ZmQ3OWViMQAuAAADwZP4641Q4U2bsdrBXD_zagEAgs_jWmtFXU_h_GPdjnYLFAAAAgEMAAAA
jobs@kickincrab.com,jobs@kickincrab.com,0,1,1,2024-11-05T09:11:12Z,2024-11-05T09:11:12Z,AQMkADE2MTk0ZGY2LWU4YTItNGY4Yy04MjU3LTUzZGM0ZmQ3OWViMQAuAAADwZP4641Q4U2bsdrBXD_zagEAgs_jWmtFXU_h_GPdjnYLFAAAAgEMAAAA
cafe1509@panerabread.com,cafe1509@panerabread.com,0,1,1,2024-11-05T09:11:12Z,2024-11-05T09:11:12Z,AQMkADE2MTk0ZGY2LWU4YTItNGY4Yy04MjU3LTUzZGM0ZmQ3OWViMQAuAAADwZP4641Q4U2bsdrBXD_zagEAgs_jWmtFXU_h_GPdjnYLFAAAAgEMAAAA
lmartinez@tacobell.com,lmartinez@tacobell.com,0,1,1,2024-11-05T09:11:12Z,2024-11-05T09:11:12Z,AQMkADE2MTk0ZGY2LWU4YTItNGY4Yy04MjU3LTUzZGM0ZmQ3OWViMQAuAAADwZP4641Q4U2bsdrBXD_zagEAgs_jWmtFXU_h_GPdjnYLFAAAAgEMAAAA
tsssantacruz@gmail.com,tsssantacruz@gmail.com,0,1,1,2024-11-05T09:11:12Z,2024-11-05T09:11:12Z,AQMkADE2MTk0ZGY2LWU4YTItNGY4Yy04MjU3LTUzZGM0ZmQ3OWViMQAuAAADwZP4641Q4U2bsdrBXD_zagEAgs_jWmtFXU_h_GPdjnYLFAAAAgEMAAAA
webmaster@uruapanrestaurant.com,webmaster@uruapanrestaurant.com,0,1,1,2024-11-05T09:11:12Z,2024-11-05T09:11:12Z,AQMkADE2MTk0ZGY2LWU4YTItNGY4Yy04MjU3LTUzZGM0ZmQ3OWViMQAuAAADwZP4641Q4U2bsdrBXD_zagEAgs_jWmtFXU_h_GPdjnYLFAAAAgEMAAAA
coupdethai@gmail.com,coupdethai@gmail.com,0,1,1,2024-11-05T09:11:12Z,2024-11-05T09:11:12Z,AQMkADE2MTk0ZGY2LWU4YTItNGY4Yy04MjU3LTUzZGM0ZmQ3OWViMQAuAAADwZP4641Q4U2bsdrBXD_zagEAgs_jWmtFXU_h_GPdjnYLFAAAAgEMAAAA
aledesma@barona.com,aledesma@barona.com,0,1,1,2024-11-05T09:11:12Z,2024-11-05T09:11:12Z,AQMkADE2MTk0ZGY2LWU4YTItNGY4Yy04MjU3LTUzZGM0ZmQ3OWViMQAuAAADwZP4641Q4U2bsdrBXD_zagEAgs_jWmtFXU_h_GPdjnYLFAAAAgEMAAAA
info@barona.com,info@barona.com,0,1,1,2024-11-05T09:11:12Z,2024-11-05T09:11:12Z,AQMkADE2MTk0ZGY2LWU4YTItNGY4Yy04MjU3LTUzZGM0ZmQ3OWViMQAuAAADwZP4641Q4U2bsdrBXD_zagEAgs_jWmtFXU_h_GPdjnYLFAAAAgEMAAAA
indiasrestaurantla@gmail.com,indiasrestaurantla@gmail.com,0,1,1,2024-11-05T09:11:12Z,2024-11-05T09:11:12Z,AQMkADE2MTk0ZGY2LWU4YTItNGY4Yy04MjU3LTUzZGM0ZmQ3OWViMQAuAAADwZP4641Q4U2bsdrBXD_zagEAgs_jWmtFXU_h_GPdjnYLFAAAAgEMAAAA
tropikal325@gmail.com,tropikal325@gmail.com,0,1,1,2024-11-05T09:11:12Z,2024-11-05T09:11:12Z,AQMkADE2MTk0ZGY2LWU4YTItNGY4Yy04MjU3LTUzZGM0ZmQ3OWViMQAuAAADwZP4641Q4U2bsdrBXD_zagEAgs_jWmtFXU_h_GPdjnYLFAAAAgEMAAAA
warren@ihop.com,warren@ihop.com,0,1,1,2024-11-05T09:11:12Z,2024-11-05T09:11:12Z,AQMkADE2MTk0ZGY2LWU4YTItNGY4Yy04MjU3LTUzZGM0ZmQ3OWViMQAuAAADwZP4641Q4U2bsdrBXD_zagEAgs_jWmtFXU_h_GPdjnYLFAAAAgEMAAAA
info@atlastcafelb.com,info@atlastcafelb.com,0,1,1,2024-11-05T09:11:12Z,2024-11-05T09:11:12Z,AQMkADE2MTk0ZGY2LWU4YTItNGY4Yy04MjU3LTUzZGM0ZmQ3OWViMQAuAAADwZP4641Q4U2bsdrBXD_zagEAgs_jWmtFXU_h_GPdjnYLFAAAAgEMAAAA
info@jmchefcatering.com,info@jmchefcatering.com,0,1,1,2024-11-05T09:11:12Z,2024-11-05T09:11:12Z,AQMkADE2MTk0ZGY2LWU4YTItNGY4Yy04MjU3LTUzZGM0ZmQ3OWViMQAuAAADwZP4641Q4U2bsdrBXD_zagEAgs_jWmtFXU_h_GPdjnYLFAAAAgEMAAAA
yo@eatphillysbest.com,yo@eatphillysbest.com,0,1,1,2024-11-05T09:11:12Z,2024-11-05T09:11:12Z,AQMkADE2MTk0ZGY2LWU4YTItNGY4Yy04MjU3LTUzZGM0ZmQ3OWViMQAuAAADwZP4641Q4U2bsdrBXD_zagEAgs_jWmtFXU_h_GPdjnYLFAAAAgEMAAAA
info@mesaverderestaurant.com,info@mesaverderestaurant.com,0,1,1,2024-11-05T09:11:12Z,2024-11-05T09:11:12Z,AQMkADE2MTk0ZGY2LWU4YTItNGY4Yy04MjU3LTUzZGM0ZmQ3OWViMQAuAAADwZP4641Q4U2bsdrBXD_zagEAgs_jWmtFXU_h_GPdjnYLFAAAAgEMAAAA
info@calarestaurant.com,info@calarestaurant.com,0,1,1,2024-11-05T09:11:12Z,2024-11-05T09:11:12Z,AQMkADE2MTk0ZGY2LWU4YTItNGY4Yy04MjU3LTUzZGM0ZmQ3OWViMQAuAAADwZP4641Q4U2bsdrBXD_zagEAgs_jWmtFXU_h_GPdjnYLFAAAAgEMAAAA
info@winecask.com,info@winecask.com,0,1,1,2024-11-05T09:11:12Z,2024-11-05T09:11:12Z,AQMkADE2MTk0ZGY2LWU4YTItNGY4Yy04MjU3LTUzZGM0ZmQ3OWViMQAuAAADwZP4641Q4U2bsdrBXD_zagEAgs_jWmtFXU_h_GPdjnYLFAAAAgEMAAAA
tboylestavern@yahoo.com,tboylestavern@yahoo.com,0,1,1,2024-11-05T09:11:12Z,2024-11-05T09:11:12Z,AQMkADE2MTk0ZGY2LWU4YTItNGY4Yy04MjU3LTUzZGM0ZmQ3OWViMQAuAAADwZP4641Q4U2bsdrBXD_zagEAgs_jWmtFXU_h_GPdjnYLFAAAAgEMAAAA
cajuncritt@aol.com,cajuncritt@aol.com,0,1,1,2024-11-05T09:11:12Z,2024-11-05T09:11:12Z,AQMkADE2MTk0ZGY2LWU4YTItNGY4Yy04MjU3LTUzZGM0ZmQ3OWViMQAuAAADwZP4641Q4U2bsdrBXD_zagEAgs_jWmtFXU_h_GPdjnYLFAAAAgEMAAAA
eat@flipsideburgersandwings.com,eat@flipsideburgersandwings.com,0,1,1,2024-11-05T09:11:12Z,2024-11-05T09:11:12Z,AQMkADE2MTk0ZGY2LWU4YTItNGY4Yy04MjU3LTUzZGM0ZmQ3OWViMQAuAAADwZP4641Q4U2bsdrBXD_zagEAgs_jWmtFXU_h_GPdjnYLFAAAAgEMAAAA
mail@piccolomondo.com,mail@piccolomondo.com,0,1,1,2024-11-05T09:11:12Z,2024-11-05T09:11:12Z,AQMkADE2MTk0ZGY2LWU4YTItNGY4Yy04MjU3LTUzZGM0ZmQ3OWViMQAuAAADwZP4641Q4U2bsdrBXD_zagEAgs_jWmtFXU_h_GPdjnYLFAAAAgEMAAAA
islandtaqueria@gmail.com,islandtaqueria@gmail.com,0,1,1,2024-11-05T09:11:12Z,2024-11-05T09:11:12Z,AQMkADE2MTk0ZGY2LWU4YTItNGY4Yy04MjU3LTUzZGM0ZmQ3OWViMQAuAAADwZP4641Q4U2bsdrBXD_zagEAgs_jWmtFXU_h_GPdjnYLFAAAAgEMAAAA
informacion@pamplonatapasandwine.com,informacion@pamplonatapasandwine.com,0,1,1,2024-11-05T09:11:12Z,2024-11-05T09:11:12Z,AQMkADE2MTk0ZGY2LWU4YTItNGY4Yy04MjU3LTUzZGM0ZmQ3OWViMQAuAAADwZP4641Q4U2bsdrBXD_zagEAgs_jWmtFXU_h_GPdjnYLFAAAAgEMAAAA
david@theneighborhoodbar.com,david@theneighborhoodbar.com,0,1,1,2024-11-05T09:11:12Z,2024-11-05T09:11:12Z,AQMkADE2MTk0ZGY2LWU4YTItNGY4Yy04MjU3LTUzZGM0ZmQ3OWViMQAuAAADwZP4641Q4U2bsdrBXD_zagEAgs_jWmtFXU_h_GPdjnYLFAAAAgEMAAAA
chinaking@bizmelocal.com,chinaking@bizmelocal.com,0,1,1,2024-11-05T09:11:12Z,2024-11-05T09:11:12Z,AQMkADE2MTk0ZGY2LWU4YTItNGY4Yy04MjU3LTUzZGM0ZmQ3OWViMQAuAAADwZP4641Q4U2bsdrBXD_zagEAgs_jWmtFXU_h_GPdjnYLFAAAAgEMAAAA
eat@californiaburgers.com,eat@californiaburgers.com,0,1,1,2024-11-05T09:11:12Z,2024-11-05T09:11:12Z,AQMkADE2MTk0ZGY2LWU4YTItNGY4Yy04MjU3LTUzZGM0ZmQ3OWViMQAuAAADwZP4641Q4U2bsdrBXD_zagEAgs_jWmtFXU_h_GPdjnYLFAAAAgEMAAAA
nvgarlic@att.net,nvgarlic@att.net,0,1,1,2024-11-05T09:11:12Z,2024-11-05T09:11:12Z,AQMkADE2MTk0ZGY2LWU4YTItNGY4Yy04MjU3LTUzZGM0ZmQ3OWViMQAuAAADwZP4641Q4U2bsdrBXD_zagEAgs_jWmtFXU_h_GPdjnYLFAAAAgEMAAAA
kudos@loveandgarlic.com,kudos@loveandgarlic.com,0,1,1,2024-11-05T09:11:12Z,2024-11-05T09:11:12Z,AQMkADE2MTk0ZGY2LWU4YTItNGY4Yy04MjU3LTUzZGM0ZmQ3OWViMQAuAAADwZP4641Q4U2bsdrBXD_zagEAgs_jWmtFXU_h_GPdjnYLFAAAAgEMAAAA
barbaragordon@healdsburgbarandgrill.com,barbaragordon@healdsburgbarandgrill.com,0,1,1,2024-11-05T09:11:12Z,2024-11-05T09:11:12Z,AQMkADE2MTk0ZGY2LWU4YTItNGY4Yy04MjU3LTUzZGM0ZmQ3OWViMQAuAAADwZP4641Q4U2bsdrBXD_zagEAgs_jWmtFXU_h_GPdjnYLFAAAAgEMAAAA
info@hobokenpizza.com,info@hobokenpizza.com,0,1,1,2024-11-05T09:11:12Z,2024-11-05T09:11:12Z,AQMkADE2MTk0ZGY2LWU4YTItNGY4Yy04MjU3LTUzZGM0ZmQ3OWViMQAuAAADwZP4641Q4U2bsdrBXD_zagEAgs_jWmtFXU_h_GPdjnYLFAAAAgEMAAAA
to2000isp@yahoo.com,to2000isp@yahoo.com,0,1,1,2024-11-05T09:11:12Z,2024-11-05T09:11:12Z,AQMkADE2MTk0ZGY2LWU4YTItNGY4Yy04MjU3LTUzZGM0ZmQ3OWViMQAuAAADwZP4641Q4U2bsdrBXD_zagEAgs_jWmtFXU_h_GPdjnYLFAAAAgEMAAAA
in-n-out@customerservice.com,in-n-out@customerservice.com,0,1,1,2024-11-05T09:11:12Z,2024-11-05T09:11:12Z,AQMkADE2MTk0ZGY2LWU4YTItNGY4Yy04MjU3LTUzZGM0ZmQ3OWViMQAuAAADwZP4641Q4U2bsdrBXD_zagEAgs_jWmtFXU_h_GPdjnYLFAAAAgEMAAAA
catering@spicekit.com,catering@spicekit.com,0,1,1,2024-11-05T09:11:12Z,2024-11-05T09:11:12Z,AQMkADE2MTk0ZGY2LWU4YTItNGY4Yy04MjU3LTUzZGM0ZmQ3OWViMQAuAAADwZP4641Q4U2bsdrBXD_zagEAgs_jWmtFXU_h_GPdjnYLFAAAAgEMAAAA
careers@spicekit.com,careers@spicekit.com,0,1,1,2024-11-05T09:11:12Z,2024-11-05T09:11:12Z,AQMkADE2MTk0ZGY2LWU4YTItNGY4Yy04MjU3LTUzZGM0ZmQ3OWViMQAuAAADwZP4641Q4U2bsdrBXD_zagEAgs_jWmtFXU_h_GPdjnYLFAAAAgEMAAAA
mailer-daemon@googlemail.com,Mail Delivery Subsystem,0,47,47,2024-03-29T16:06:06Z,2024-11-04T00:34:56Z,AQMkADE2MTk0ZGY2LWU4YTItNGY4Yy04MjU3LTUzZGM0ZmQ3OWViMQAuAAADwZP4641Q4U2bsdrBXD_zagEAgs_jWmtFXU_h_GPdjnYLFAAAAgEMAAAA
postmaster@smxemail.com,Mail Delivery System,0,1,1,2024-11-03T19:01:43Z,2024-11-03T19:01:43Z,AQMkADE2MTk0ZGY2LWU4YTItNGY4Yy04MjU3LTUzZGM0ZmQ3OWViMQAuAAADwZP4641Q4U2bsdrBXD_zagEAgs_jWmtFXU_h_GPdjnYLFAAAAgEMAAAA
anjali@pandora.finance,anjali@pandora.finance,0,1,1,2024-11-01T06:55:52Z,2024-11-01T06:55:52Z,AQMkADE2MTk0ZGY2LWU4YTItNGY4Yy04MjU3LTUzZGM0ZmQ3OWViMQAuAAADwZP4641Q4U2bsdrBXD_zagEAgs_jWmtFXU_h_GPdjnYLFAAAAgEMAAAA
shan@lido.fi,Shan Shan,0,1,1,2024-10-31T00:57:59Z,2024-10-31T00:57:59Z,AQMkADE2MTk0ZGY2LWU4YTItNGY4Yy04MjU3LTUzZGM0ZmQ3OWViMQAuAAADwZP4641Q4U2bsdrBXD_zagEAgs_jWmtFXU_h_GPdjnYLFAAAAgEPAAAA
igor.scvortov@moneta-fx.com,igor.scvortov@moneta-fx.com,0,3,3,2024-10-20T16:22:43Z,2024-10-30T22:41:31Z,AQMkADE2MTk0ZGY2LWU4YTItNGY4Yy04MjU3LTUzZGM0ZmQ3OWViMQAuAAADwZP4641Q4U2bsdrBXD_zagEAgs_jWmtFXU_h_GPdjnYLFAAAAgEMAAAA
devon.davis@leadfocusdata.com,Devon Davis,0,2,2,2024-10-28T14:24:15Z,2024-10-29T12:19:03Z,AQMkADE2MTk0ZGY2LWU4YTItNGY4Yy04MjU3LTUzZGM0ZmQ3OWViMQAuAAADwZP4641Q4U2bsdrBXD_zagEAgs_jWmtFXU_h_GPdjnYLFAAAAgEMAAAA
abrama@bitcoin.inc,abrama@bitcoin.inc,0,1,1,2024-10-29T05:23:22Z,2024-10-29T05:23:22Z,AQMkADE2MTk0ZGY2LWU4YTItNGY4Yy04MjU3LTUzZGM0ZmQ3OWViMQAuAAADwZP4641Q4U2bsdrBXD_zagEAgs_jWmtFXU_h_GPdjnYLFAAAAgEMAAAA
tim@cryptocurrencyconsulting.com,tim@cryptocurrencyconsulting.com,0,2,2,2024-10-20T05:53:33Z,2024-10-25T04:53:11Z,AQMkADE2MTk0ZGY2LWU4YTItNGY4Yy04MjU3LTUzZGM0ZmQ3OWViMQAuAAADwZP4641Q4U2bsdrBXD_zagEAgs_jWmtFXU_h_GPdjnYLFAAAAgEMAAAA
maritess@blockchainpi.io,Maritess V.,0,1,1,2024-10-21T08:03:38Z,2024-10-21T08:03:38Z,AQMkADE2MTk0ZGY2LWU4YTItNGY4Yy04MjU3LTUzZGM0ZmQ3OWViMQAuAAADwZP4641Q4U2bsdrBXD_zagEAgs_jWmtFXU_h_GPdjnYLFAAAAgEMAAAA
chih-cheng@ethereumresearch.org,Chih-Cheng Liang,0,1,1,2024-10-20T07:56:58Z,2024-10-20T07:56:58Z,AQMkADE2MTk0ZGY2LWU4YTItNGY4Yy04MjU3LTUzZGM0ZmQ3OWViMQAuAAADwZP4641Q4U2bsdrBXD_zagEAgs_jWmtFXU_h_GPdjnYLFAAAAgEMAAAA
info@sugarhouseleather.com,Sugarhouse Leather,0,1,1,2024-10-09T10:28:56Z,2024-10-09T10:28:56Z,AQMkADE2MTk0ZGY2LWU4YTItNGY4Yy04MjU3LTUzZGM0ZmQ3OWViMQAuAAADwZP4641Q4U2bsdrBXD_zagEAgs_jWmtFXU_h_GPdjnYLFAAAAgEMAAAA
ssingh@boat-lifestyle.com,ssingh@boat-lifestyle.com,0,2,2,2024-09-06T10:51:29Z,2024-09-11T09:51:24Z,AQMkADE2MTk0ZGY2LWU4YTItNGY4Yy04MjU3LTUzZGM0ZmQ3OWViMQAuAAADwZP4641Q4U2bsdrBXD_zagEAgs_jWmtFXU_h_GPdjnYLFAAAAgEMAAAA
aleena.baig@boat-lifestyle.com,aleena.baig@boat-lifestyle.com,0,2,2,2024-09-04T04:47:06Z,2024-09-09T03:46:35Z,AQMkADE2MTk0ZGY2LWU4YTItNGY4Yy04MjU3LTUzZGM0ZmQ3OWViMQAuAAADwZP4641Q4U2bsdrBXD_zagEAgs_jWmtFXU_h_GPdjnYLFAAAAgEMAAAA
diego.pelizari@yarabrasil.com.br,diego.pelizari@yarabrasil.com.br,0,2,2,2024-09-03T21:49:46Z,2024-09-08T20:51:44Z,AQMkADE2MTk0ZGY2LWU4YTItNGY4Yy04MjU3LTUzZGM0ZmQ3OWViMQAuAAADwZP4641Q4U2bsdrBXD_zagEAgs_jWmtFXU_h_GPdjnYLFAAAAgEMAAAA
postmaster@mosaicco.com,postmaster@mosaicco.com,0,1,1,2024-09-07T12:35:38Z,2024-09-07T12:35:38Z,AQMkADE2MTk0ZGY2LWU4YTItNGY4Yy04MjU3LTUzZGM0ZmQ3OWViMQAuAAADwZP4641Q4U2bsdrBXD_zagEAgs_jWmtFXU_h_GPdjnYLFAAAAgEMAAAA
postmaster@polycab.com,postmaster@polycab.com,0,1,1,2024-09-07T10:50:11Z,2024-09-07T10:50:11Z,AQMkADE2MTk0ZGY2LWU4YTItNGY4Yy04MjU3LTUzZGM0ZmQ3OWViMQAuAAADwZP4641Q4U2bsdrBXD_zagEAgs_jWmtFXU_h_GPdjnYLFAAAAgEMAAAA
ghada.azab@haierappliances.com,ghada.azab@haierappliances.com,0,2,2,2024-09-02T06:17:57Z,2024-09-07T05:21:50Z,AQMkADE2MTk0ZGY2LWU4YTItNGY4Yy04MjU3LTUzZGM0ZmQ3OWViMQAuAAADwZP4641Q4U2bsdrBXD_zagEAgs_jWmtFXU_h_GPdjnYLFAAAAgEMAAAA
elaine.miranda@steck.com.br,Elaine Miranda,0,1,1,2024-09-06T19:59:12Z,2024-09-06T19:59:12Z,AQMkADE2MTk0ZGY2LWU4YTItNGY4Yy04MjU3LTUzZGM0ZmQ3OWViMQAuAAADwZP4641Q4U2bsdrBXD_zagEAgs_jWmtFXU_h_GPdjnYLFAAAAgEMAAAA
mailer-daemon@genatec.com,Mail Delivery System,0,1,1,2024-09-02T07:10:30Z,2024-09-02T07:10:30Z,AQMkADE2MTk0ZGY2LWU4YTItNGY4Yy04MjU3LTUzZGM0ZmQ3OWViMQAuAAADwZP4641Q4U2bsdrBXD_zagEAgs_jWmtFXU_h_GPdjnYLFAAAAgEMAAAA
nchappel@qinetiq.com.au,Narica Chappel,0,1,1,2024-09-01T23:36:59Z,2024-09-01T23:36:59Z,AQMkADE2MTk0ZGY2LWU4YTItNGY4Yy04MjU3LTUzZGM0ZmQ3OWViMQAuAAADwZP4641Q4U2bsdrBXD_zagEAgs_jWmtFXU_h_GPdjnYLFAAAAgEMAAAA
wix-team@notifications.wix.com,Wix.com,0,9,9,2024-07-11T22:09:19Z,2024-09-01T15:25:56Z,AQMkADE2MTk0ZGY2LWU4YTItNGY4Yy04MjU3LTUzZGM0ZmQ3OWViMQAuAAADwZP4641Q4U2bsdrBXD_zagEAgs_jWmtFXU_h_GPdjnYLFAAAAgEMAAAA
info@potacllc.com,info@potacllc.com,0,1,1,2024-08-30T16:15:31Z,2024-08-30T16:15:31Z,AQMkADE2MTk0ZGY2LWU4YTItNGY4Yy04MjU3LTUzZGM0ZmQ3OWViMQAuAAADwZP4641Q4U2bsdrBXD_zagEAgs_jWmtFXU_h_GPdjnYLFAAAAgEMAAAA
brigitte.narath@a1.net,IV iAudio-Teams,0,1,1,2024-08-25T00:18:24Z,2024-08-25T00:18:24Z,AQMkADE2MTk0ZGY2LWU4YTItNGY4Yy04MjU3LTUzZGM0ZmQ3OWViMQAuAAADwZP4641Q4U2bsdrBXD_zagEAgs_jWmtFXU_h_GPdjnYLFAAAAgEMAAAA
amanda@leadfocus.in,amanda Rachel,0,1,1,2024-08-22T21:35:21Z,2024-08-22T21:35:21Z,AQMkADE2MTk0ZGY2LWU4YTItNGY4Yy04MjU3LTUzZGM0ZmQ3OWViMQAuAAADwZP4641Q4U2bsdrBXD_zagEAgs_jWmtFXU_h_GPdjnYLFAAAAgEMAAAA
caljobs@edd.ca.gov,CalJOBS,0,3,3,2024-08-01T08:25:49Z,2024-08-12T20:13:47Z,AQMkADE2MTk0ZGY2LWU4YTItNGY4Yy04MjU3LTUzZGM0ZmQ3OWViMQAuAAADwZP4641Q4U2bsdrBXD_zagEAgs_jWmtFXU_h_GPdjnYLFAAAAgEMAAAA
welcome@t.brevo.com,Maelys @ Brevo,0,6,6,2024-07-15T07:15:22Z,2024-08-01T07:17:31Z,AQMkADE2MTk0ZGY2LWU4YTItNGY4Yy04MjU3LTUzZGM0ZmQ3OWViMQAuAAADwZP4641Q4U2bsdrBXD_zagEAgs_jWmtFXU_h_GPdjnYLFAAAAgEMAAAA
pwidi@bluewin.ch,Notifications.0365.Mailbox.storage.39484HDYY872883NZU28928838387277879,0,1,1,2024-07-27T16:24:03Z,2024-07-27T16:24:03Z,AQMkADE2MTk0ZGY2LWU4YTItNGY4Yy04MjU3LTUzZGM0ZmQ3OWViMQAuAAADwZP4641Q4U2bsdrBXD_zagEAgs_jWmtFXU_h_GPdjnYLFAAAAgEMAAAA
marketosync@apollo.io,marketosync@apollo.io,0,3,3,2024-06-21T08:57:28Z,2024-07-19T08:59:09Z,AQMkADE2MTk0ZGY2LWU4YTItNGY4Yy04MjU3LTUzZGM0ZmQ3OWViMQAuAAADwZP4641Q4U2bsdrBXD_zagEAgs_jWmtFXU_h_GPdjnYLFAAAAgEMAAAA
failed-payments+acct_0ba85qm0nabsuhn87xxc@stripe.com,ZenLeads Inc. (dba Apollo.io),0,11,11,2024-04-27T17:14:46Z,2024-07-18T14:54:34Z,AQMkADE2MTk0ZGY2LWU4YTItNGY4Yy04MjU3LTUzZGM0ZmQ3OWViMQAuAAADwZP4641Q4U2bsdrBXD_zagEAgs_jWmtFXU_h_GPdjnYLFAAAAgEMAAAA
info@srgllc.com,Settlement Recovery Group,0,2,2,2024-05-14T16:51:15Z,2024-07-08T21:22:44Z,AQMkADE2MTk0ZGY2LWU4YTItNGY4Yy04MjU3LTUzZGM0ZmQ3OWViMQAuAAADwZP4641Q4U2bsdrBXD_zagEAgs_jWmtFXU_h_GPdjnYLFAAAAgEMAAAA
doctor@drzerozero.com,Giovanni,0,1,1,2024-06-13T13:50:48Z,2024-06-13T13:50:48Z,AQMkADE2MTk0ZGY2LWU4YTItNGY4Yy04MjU3LTUzZGM0ZmQ3OWViMQAuAAADwZP4641Q4U2bsdrBXD_zagEAgs_jWmtFXU_h_GPdjnYLFAAAAgEMAAAA
hello@heyapollo.io,Darryl from Apollo,0,4,4,2024-04-25T15:29:51Z,2024-05-29T17:08:41Z,AQMkADE2MTk0ZGY2LWU4YTItNGY4Yy04MjU3LTUzZGM0ZmQ3OWViMQAuAAADwZP4641Q4U2bsdrBXD_zagEAgs_jWmtFXU_h_GPdjnYLFAAAAgEMAAAA
hello@meetapollo.io,Apollo,0,6,6,2024-04-23T22:16:11Z,2024-05-24T11:01:50Z,AQMkADE2MTk0ZGY2LWU4YTItNGY4Yy04MjU3LTUzZGM0ZmQ3OWViMQAuAAADwZP4641Q4U2bsdrBXD_zagEAgs_jWmtFXU_h_GPdjnYLFAAAAgEMAAAA
jack.clements@email.zoominfo.com,Jack Clements,0,1,1,2024-05-20T14:55:49Z,2024-05-20T14:55:49Z,AQMkADE2MTk0ZGY2LWU4YTItNGY4Yy04MjU3LTUzZGM0ZmQ3OWViMQAuAAADwZP4641Q4U2bsdrBXD_zagEAgs_jWmtFXU_h_GPdjnYLFAAAAgFJAAAA
nathan.lamb@zoominfo.com,Nathan Lamb,0,1,1,2024-05-20T14:55:49Z,2024-05-20T14:55:49Z,AQMkADE2MTk0ZGY2LWU4YTItNGY4Yy04MjU3LTUzZGM0ZmQ3OWViMQAuAAADwZP4641Q4U2bsdrBXD_zagEAgs_jWmtFXU_h_GPdjnYLFAAAAgFJAAAA
rachel.aguilar@ac-foods.com,Rachel Verdugo,0,1,1,2024-05-08T18:17:37Z,2024-05-08T18:17:37Z,AQMkADE2MTk0ZGY2LWU4YTItNGY4Yy04MjU3LTUzZGM0ZmQ3OWViMQAuAAADwZP4641Q4U2bsdrBXD_zagEAgs_jWmtFXU_h_GPdjnYLFAAAAgEMAAAA
josh@heyapollo.io,Josh from Apollo,0,1,1,2024-05-03T16:45:26Z,2024-05-03T16:45:26Z,AQMkADE2MTk0ZGY2LWU4YTItNGY4Yy04MjU3LTUzZGM0ZmQ3OWViMQAuAAADwZP4641Q4U2bsdrBXD_zagEAgs_jWmtFXU_h_GPdjnYLFAAAAgEMAAAA
josh@meetapollo.io,Josh from Apollo,0,1,1,2024-05-03T04:01:58Z,2024-05-03T04:01:58Z,AQMkADE2MTk0ZGY2LWU4YTItNGY4Yy04MjU3LTUzZGM0ZmQ3OWViMQAuAAADwZP4641Q4U2bsdrBXD_zagEAgs_jWmtFXU_h_GPdjnYLFAAAAgEMAAAA
somm@thevintagepress.com,Greg Vartanian,0,389,389,2024-01-09T01:46:16Z,2024-04-24T13:59:58Z,AQMkADE2MTk0ZGY2LWU4YTItNGY4Yy04MjU3LTUzZGM0ZmQ3OWViMQAuAAADwZP4641Q4U2bsdrBXD_zagEAgs_jWmtFXU_h_GPdjnYLFAAAAgEMAAAA
info@petrovit.com,info@petrovit.com,0,1,1,2024-04-24T12:05:56Z,2024-04-24T12:05:56Z,AQMkADE2MTk0ZGY2LWU4YTItNGY4Yy04MjU3LTUzZGM0ZmQ3OWViMQAuAAADwZP4641Q4U2bsdrBXD_zagEAgs_jWmtFXU_h_GPdjnYLFAAAAgEMAAAA
crm@anchor-co.com,crm@anchor-co.com,0,2,2,2024-04-19T10:50:25Z,2024-04-24T09:53:06Z,AQMkADE2MTk0ZGY2LWU4YTItNGY4Yy04MjU3LTUzZGM0ZmQ3OWViMQAuAAADwZP4641Q4U2bsdrBXD_zagEAgs_jWmtFXU_h_GPdjnYLFAAAAgEMAAAA
info@anchor-co.com,info@anchor-co.com,0,2,2,2024-04-19T10:50:25Z,2024-04-24T09:53:06Z,AQMkADE2MTk0ZGY2LWU4YTItNGY4Yy04MjU3LTUzZGM0ZmQ3OWViMQAuAAADwZP4641Q4U2bsdrBXD_zagEAgs_jWmtFXU_h_GPdjnYLFAAAAgEMAAAA
shop@www.akkuteile-b2b.de,shop@www.akkuteile-b2b.de,0,2,2,2024-04-19T10:50:00Z,2024-04-24T09:47:48Z,AQMkADE2MTk0ZGY2LWU4YTItNGY4Yy04MjU3LTUzZGM0ZmQ3OWViMQAuAAADwZP4641Q4U2bsdrBXD_zagEAgs_jWmtFXU_h_GPdjnYLFAAAAgEMAAAA
more@hotajp.com,more@hotajp.com,0,2,2,2024-04-19T10:30:30Z,2024-04-24T09:33:13Z,AQMkADE2MTk0ZGY2LWU4YTItNGY4Yy04MjU3LTUzZGM0ZmQ3OWViMQAuAAADwZP4641Q4U2bsdrBXD_zagEAgs_jWmtFXU_h_GPdjnYLFAAAAgEMAAAA
creampie@cuckold666.com,creampie@cuckold666.com,0,2,2,2024-04-19T10:28:59Z,2024-04-24T09:28:20Z,AQMkADE2MTk0ZGY2LWU4YTItNGY4Yy04MjU3LTUzZGM0ZmQ3OWViMQAuAAADwZP4641Q4U2bsdrBXD_zagEAgs_jWmtFXU_h_GPdjnYLFAAAAgEMAAAA
video@fuck-movies.com,video@fuck-movies.com,0,2,2,2024-04-19T09:59:41Z,2024-04-24T09:27:40Z,AQMkADE2MTk0ZGY2LWU4YTItNGY4Yy04MjU3LTUzZGM0ZmQ3OWViMQAuAAADwZP4641Q4U2bsdrBXD_zagEAgs_jWmtFXU_h_GPdjnYLFAAAAgEMAAAA
zimzamship@zimzam.com,zimzamship@zimzam.com,0,2,2,2024-04-19T10:12:26Z,2024-04-24T09:10:21Z,AQMkADE2MTk0ZGY2LWU4YTItNGY4Yy04MjU3LTUzZGM0ZmQ3OWViMQAuAAADwZP4641Q4U2bsdrBXD_zagEAgs_jWmtFXU_h_GPdjnYLFAAAAgEMAAAA
info@ycnylon.com,info@ycnylon.com,0,2,2,2024-04-19T10:12:15Z,2024-04-24T09:10:04Z,AQMkADE2MTk0ZGY2LWU4YTItNGY4Yy04MjU3LTUzZGM0ZmQ3OWViMQAuAAADwZP4641Q4U2bsdrBXD_zagEAgs_jWmtFXU_h_GPdjnYLFAAAAgEMAAAA
info@bs-rotor.com,info@bs-rotor.com,0,2,2,2024-04-19T10:12:16Z,2024-04-24T09:10:05Z,AQMkADE2MTk0ZGY2LWU4YTItNGY4Yy04MjU3LTUzZGM0ZmQ3OWViMQAuAAADwZP4641Q4U2bsdrBXD_zagEAgs_jWmtFXU_h_GPdjnYLFAAAAgEMAAAA
admin@rsenterprisebd.com,admin@rsenterprisebd.com,0,2,2,2024-04-19T10:12:21Z,2024-04-24T09:10:08Z,AQMkADE2MTk0ZGY2LWU4YTItNGY4Yy04MjU3LTUzZGM0ZmQ3OWViMQAuAAADwZP4641Q4U2bsdrBXD_zagEAgs_jWmtFXU_h_GPdjnYLFAAAAgEMAAAA
info@duetzpower.com,info@duetzpower.com,0,2,2,2024-04-19T10:09:03Z,2024-04-24T09:06:52Z,AQMkADE2MTk0ZGY2LWU4YTItNGY4Yy04MjU3LTUzZGM0ZmQ3OWViMQAuAAADwZP4641Q4U2bsdrBXD_zagEAgs_jWmtFXU_h_GPdjnYLFAAAAgEMAAAA
muhammad.hazer@duetzpower.com,muhammad.hazer@duetzpower.com,0,2,2,2024-04-19T10:09:03Z,2024-04-24T09:06:52Z,AQMkADE2MTk0ZGY2LWU4YTItNGY4Yy04MjU3LTUzZGM0ZmQ3OWViMQAuAAADwZP4641Q4U2bsdrBXD_zagEAgs_jWmtFXU_h_GPdjnYLFAAAAgEMAAAA
www@ascon.com,www@ascon.com,0,2,2,2024-04-19T10:02:03Z,2024-04-24T08:58:47Z,AQMkADE2MTk0ZGY2LWU4YTItNGY4Yy04MjU3LTUzZGM0ZmQ3OWViMQAuAAADwZP4641Q4U2bsdrBXD_zagEAgs_jWmtFXU_h_GPdjnYLFAAAAgEMAAAA
sex@xjona.com,sex@xjona.com,0,2,2,2024-04-19T09:59:42Z,2024-04-24T08:58:20Z,AQMkADE2MTk0ZGY2LWU4YTItNGY4Yy04MjU3LTUzZGM0ZmQ3OWViMQAuAAADwZP4641Q4U2bsdrBXD_zagEAgs_jWmtFXU_h_GPdjnYLFAAAAgEMAAAA
salesops@egmnow.com,salesops@egmnow.com,0,2,2,2024-04-19T09:54:57Z,2024-04-24T08:54:53Z,AQMkADE2MTk0ZGY2LWU4YTItNGY4Yy04MjU3LTUzZGM0ZmQ3OWViMQAuAAADwZP4641Q4U2bsdrBXD_zagEAgs_jWmtFXU_h_GPdjnYLFAAAAgEMAAAA
videos@xjona.com,videos@xjona.com,0,2,2,2024-04-19T09:54:43Z,2024-04-24T08:54:40Z,AQMkADE2MTk0ZGY2LWU4YTItNGY4Yy04MjU3LTUzZGM0ZmQ3OWViMQAuAAADwZP4641Q4U2bsdrBXD_zagEAgs_jWmtFXU_h_GPdjnYLFAAAAgEMAAAA
ethan.nguyen@alogex.com.vn,ethan.nguyen@alogex.com.vn,0,2,2,2024-04-19T09:54:25Z,2024-04-24T08:54:22Z,AQMkADE2MTk0ZGY2LWU4YTItNGY4Yy04MjU3LTUzZGM0ZmQ3OWViMQAuAAADwZP4641Q4U2bsdrBXD_zagEAgs_jWmtFXU_h_GPdjnYLFAAAAgEMAAAA
esg@funditesa.com,esg@funditesa.com,0,2,2,2024-04-19T09:54:29Z,2024-04-24T08:54:25Z,AQMkADE2MTk0ZGY2LWU4YTItNGY4Yy04MjU3LTUzZGM0ZmQ3OWViMQAuAAADwZP4641Q4U2bsdrBXD_zagEAgs_jWmtFXU_h_GPdjnYLFAAAAgEMAAAA
live@24livex.com,live@24livex.com,0,2,2,2024-04-19T08:10:09Z,2024-04-24T07:10:11Z,AQMkADE2MTk0ZGY2LWU4YTItNGY4Yy04MjU3LTUzZGM0ZmQ3OWViMQAuAAADwZP4641Q4U2bsdrBXD_zagEAgs_jWmtFXU_h_GPdjnYLFAAAAgEMAAAA
adopt@kid.info,adopt@kid.info,0,2,2,2024-04-19T08:07:44Z,2024-04-24T07:07:39Z,AQMkADE2MTk0ZGY2LWU4YTItNGY4Yy04MjU3LTUzZGM0ZmQ3OWViMQAuAAADwZP4641Q4U2bsdrBXD_zagEAgs_jWmtFXU_h_GPdjnYLFAAAAgEMAAAA
fetch@sketch.blogspot.com,fetch@sketch.blogspot.com,0,2,2,2024-04-19T08:07:42Z,2024-04-24T07:07:38Z,AQMkADE2MTk0ZGY2LWU4YTItNGY4Yy04MjU3LTUzZGM0ZmQ3OWViMQAuAAADwZP4641Q4U2bsdrBXD_zagEAgs_jWmtFXU_h_GPdjnYLFAAAAgEMAAAA
www.stamp@licious.blogspot.com,www.stamp@licious.blogspot.com,0,2,2,2024-04-19T08:07:44Z,2024-04-24T07:07:39Z,AQMkADE2MTk0ZGY2LWU4YTItNGY4Yy04MjU3LTUzZGM0ZmQ3OWViMQAuAAADwZP4641Q4U2bsdrBXD_zagEAgs_jWmtFXU_h_GPdjnYLFAAAAgEMAAAA
alison@thealleywaystamps.com,alison@thealleywaystamps.com,0,2,2,2024-04-19T08:07:35Z,2024-04-24T07:07:32Z,AQMkADE2MTk0ZGY2LWU4YTItNGY4Yy04MjU3LTUzZGM0ZmQ3OWViMQAuAAADwZP4641Q4U2bsdrBXD_zagEAgs_jWmtFXU_h_GPdjnYLFAAAAgEMAAAA
lapicesy@blogspot.com,lapicesy@blogspot.com,0,2,2,2024-04-19T08:07:23Z,2024-04-24T07:07:17Z,AQMkADE2MTk0ZGY2LWU4YTItNGY4Yy04MjU3LTUzZGM0ZmQ3OWViMQAuAAADwZP4641Q4U2bsdrBXD_zagEAgs_jWmtFXU_h_GPdjnYLFAAAAgEMAAAA
full@gg.gg,full@gg.gg,0,2,2,2024-04-19T08:07:08Z,2024-04-24T07:07:07Z,AQMkADE2MTk0ZGY2LWU4YTItNGY4Yy04MjU3LTUzZGM0ZmQ3OWViMQAuAAADwZP4641Q4U2bsdrBXD_zagEAgs_jWmtFXU_h_GPdjnYLFAAAAgEMAAAA
me@ashleynewell.com,me@ashleynewell.com,0,2,2,2024-04-19T08:07:11Z,2024-04-24T07:07:05Z,AQMkADE2MTk0ZGY2LWU4YTItNGY4Yy04MjU3LTUzZGM0ZmQ3OWViMQAuAAADwZP4641Q4U2bsdrBXD_zagEAgs_jWmtFXU_h_GPdjnYLFAAAAgEMAAAA
vsrdjan@vitalyu.com,vsrdjan@vitalyu.com,0,2,2,2024-04-19T08:04:25Z,2024-04-24T07:04:28Z,AQMkADE2MTk0ZGY2LWU4YTItNGY4Yy04MjU3LTUzZGM0ZmQ3OWViMQAuAAADwZP4641Q4U2bsdrBXD_zagEAgs_jWmtFXU_h_GPdjnYLFAAAAgEMAAAA
78611052@starhub.net.sg,78611052@starhub.net.sg,0,2,2,2024-04-19T08:03:55Z,2024-04-24T07:03:58Z,AQMkADE2MTk0ZGY2LWU4YTItNGY4Yy04MjU3LTUzZGM0ZmQ3OWViMQAuAAADwZP4641Q4U2bsdrBXD_zagEAgs_jWmtFXU_h_GPdjnYLFAAAAgEMAAAA
zamzama@starhub.net.sg,zamzama@starhub.net.sg,0,2,2,2024-04-19T08:03:55Z,2024-04-24T07:03:58Z,AQMkADE2MTk0ZGY2LWU4YTItNGY4Yy04MjU3LTUzZGM0ZmQ3OWViMQAuAAADwZP4641Q4U2bsdrBXD_zagEAgs_jWmtFXU_h_GPdjnYLFAAAAgEMAAAA
callgirl@epornerx.com,callgirl@epornerx.com,0,2,2,2024-04-19T08:09:25Z,2024-04-24T06:54:29Z,AQMkADE2MTk0ZGY2LWU4YTItNGY4Yy04MjU3LTUzZGM0ZmQ3OWViMQAuAAADwZP4641Q4U2bsdrBXD_zagEAgs_jWmtFXU_h_GPdjnYLFAAAAgEMAAAA
hello@goodgravydesigns.com,hello@goodgravydesigns.com,0,2,2,2024-04-19T07:32:14Z,2024-04-24T06:32:13Z,AQMkADE2MTk0ZGY2LWU4YTItNGY4Yy04MjU3LTUzZGM0ZmQ3OWViMQAuAAADwZP4641Q4U2bsdrBXD_zagEAgs_jWmtFXU_h_GPdjnYLFAAAAgEMAAAA
www.scrap@doodledoo.com,www.scrap@doodledoo.com,0,2,2,2024-04-19T07:31:47Z,2024-04-24T06:31:39Z,AQMkADE2MTk0ZGY2LWU4YTItNGY4Yy04MjU3LTUzZGM0ZmQ3OWViMQAuAAADwZP4641Q4U2bsdrBXD_zagEAgs_jWmtFXU_h_GPdjnYLFAAAAgEMAAAA
vladimir@yutrade.net,vladimir@yutrade.net,0,2,2,2024-04-19T07:43:35Z,2024-04-24T06:28:38Z,AQMkADE2MTk0ZGY2LWU4YTItNGY4Yy04MjU3LTUzZGM0ZmQ3OWViMQAuAAADwZP4641Q4U2bsdrBXD_zagEAgs_jWmtFXU_h_GPdjnYLFAAAAgEMAAAA
bbc@cuckold666.com,bbc@cuckold666.com,0,2,2,2024-04-19T06:22:38Z,2024-04-24T05:22:35Z,AQMkADE2MTk0ZGY2LWU4YTItNGY4Yy04MjU3LTUzZGM0ZmQ3OWViMQAuAAADwZP4641Q4U2bsdrBXD_zagEAgs_jWmtFXU_h_GPdjnYLFAAAAgEMAAAA
more@japanesemamas.com,more@japanesemamas.com,0,2,2,2024-04-19T00:48:13Z,2024-04-23T23:48:12Z,AQMkADE2MTk0ZGY2LWU4YTItNGY4Yy04MjU3LTUzZGM0ZmQ3OWViMQAuAAADwZP4641Q4U2bsdrBXD_zagEAgs_jWmtFXU_h_GPdjnYLFAAAAgEMAAAA
video@bokepvidz.com,video@bokepvidz.com,0,2,2,2024-04-19T00:47:56Z,2024-04-23T23:48:12Z,AQMkADE2MTk0ZGY2LWU4YTItNGY4Yy04MjU3LTUzZGM0ZmQ3OWViMQAuAAADwZP4641Q4U2bsdrBXD_zagEAgs_jWmtFXU_h_GPdjnYLFAAAAgEMAAAA
example@site.com,example@site.com,0,2,2,2024-04-19T00:43:27Z,2024-04-23T23:43:27Z,AQMkADE2MTk0ZGY2LWU4YTItNGY4Yy04MjU3LTUzZGM0ZmQ3OWViMQAuAAADwZP4641Q4U2bsdrBXD_zagEAgs_jWmtFXU_h_GPdjnYLFAAAAgEMAAAA
portal@career.hetzner.com,portal@career.hetzner.com,0,2,2,2024-04-19T00:42:47Z,2024-04-23T23:42:41Z,AQMkADE2MTk0ZGY2LWU4YTItNGY4Yy04MjU3LTUzZGM0ZmQ3OWViMQAuAAADwZP4641Q4U2bsdrBXD_zagEAgs_jWmtFXU_h_GPdjnYLFAAAAgEMAAAA
hisoft@henansoft.net,hisoft@henansoft.net,0,2,2,2024-04-19T00:42:12Z,2024-04-23T23:42:13Z,AQMkADE2MTk0ZGY2LWU4YTItNGY4Yy04MjU3LTUzZGM0ZmQ3OWViMQAuAAADwZP4641Q4U2bsdrBXD_zagEAgs_jWmtFXU_h_GPdjnYLFAAAAgEMAAAA
online@www.yellowpages.co.za,online@www.yellowpages.co.za,0,2,2,2024-04-19T00:28:42Z,2024-04-23T23:28:39Z,AQMkADE2MTk0ZGY2LWU4YTItNGY4Yy04MjU3LTUzZGM0ZmQ3OWViMQAuAAADwZP4641Q4U2bsdrBXD_zagEAgs_jWmtFXU_h_GPdjnYLFAAAAgEMAAAA
video@indianpornfast.com,video@indianpornfast.com,0,2,2,2024-04-19T00:22:57Z,2024-04-23T23:22:56Z,AQMkADE2MTk0ZGY2LWU4YTItNGY4Yy04MjU3LTUzZGM0ZmQ3OWViMQAuAAADwZP4641Q4U2bsdrBXD_zagEAgs_jWmtFXU_h_GPdjnYLFAAAAgEMAAAA
website@www.pepsico.com,website@www.pepsico.com,0,2,2,2024-04-19T00:22:54Z,2024-04-23T23:22:52Z,AQMkADE2MTk0ZGY2LWU4YTItNGY4Yy04MjU3LTUzZGM0ZmQ3OWViMQAuAAADwZP4641Q4U2bsdrBXD_zagEAgs_jWmtFXU_h_GPdjnYLFAAAAgEMAAAA
video@newxnxn.com,video@newxnxn.com,0,2,2,2024-04-19T00:18:00Z,2024-04-23T23:17:57Z,AQMkADE2MTk0ZGY2LWU4YTItNGY4Yy04MjU3LTUzZGM0ZmQ3OWViMQAuAAADwZP4641Q4U2bsdrBXD_zagEAgs_jWmtFXU_h_GPdjnYLFAAAAgEMAAAA
public@lrbabe.com,public@lrbabe.com,0,2,2,2024-04-19T00:18:01Z,2024-04-23T23:17:57Z,AQMkADE2MTk0ZGY2LWU4YTItNGY4Yy04MjU3LTUzZGM0ZmQ3OWViMQAuAAADwZP4641Q4U2bsdrBXD_zagEAgs_jWmtFXU_h_GPdjnYLFAAAAgEMAAAA
video@ngentotxsex.com,video@ngentotxsex.com,0,2,2,2024-04-19T00:12:58Z,2024-04-23T23:12:53Z,AQMkADE2MTk0ZGY2LWU4YTItNGY4Yy04MjU3LTUzZGM0ZmQ3OWViMQAuAAADwZP4641Q4U2bsdrBXD_zagEAgs_jWmtFXU_h_GPdjnYLFAAAAgEMAAAA
video@only-xxx.com,video@only-xxx.com,0,2,2,2024-04-18T23:55:23Z,2024-04-23T22:55:24Z,AQMkADE2MTk0ZGY2LWU4YTItNGY4Yy04MjU3LTUzZGM0ZmQ3OWViMQAuAAADwZP4641Q4U2bsdrBXD_zagEAgs_jWmtFXU_h_GPdjnYLFAAAAgEMAAAA
found@www.springernature.com,found@www.springernature.com,0,2,2,2024-04-18T23:54:49Z,2024-04-23T22:54:49Z,AQMkADE2MTk0ZGY2LWU4YTItNGY4Yy04MjU3LTUzZGM0ZmQ3OWViMQAuAAADwZP4641Q4U2bsdrBXD_zagEAgs_jWmtFXU_h_GPdjnYLFAAAAgEMAAAA
if@this.group,if@this.group,0,2,2,2024-04-18T23:53:57Z,2024-04-23T22:54:00Z,AQMkADE2MTk0ZGY2LWU4YTItNGY4Yy04MjU3LTUzZGM0ZmQ3OWViMQAuAAADwZP4641Q4U2bsdrBXD_zagEAgs_jWmtFXU_h_GPdjnYLFAAAAgEMAAAA
website@www.lauriefoos.net,website@www.lauriefoos.net,0,2,2,2024-04-18T23:54:14Z,2024-04-23T22:54:14Z,AQMkADE2MTk0ZGY2LWU4YTItNGY4Yy04MjU3LTUzZGM0ZmQ3OWViMQAuAAADwZP4641Q4U2bsdrBXD_zagEAgs_jWmtFXU_h_GPdjnYLFAAAAgEMAAAA
video@anyxxx.org,video@anyxxx.org,0,2,2,2024-04-18T23:48:03Z,2024-04-23T22:48:01Z,AQMkADE2MTk0ZGY2LWU4YTItNGY4Yy04MjU3LTUzZGM0ZmQ3OWViMQAuAAADwZP4641Q4U2bsdrBXD_zagEAgs_jWmtFXU_h_GPdjnYLFAAAAgEMAAAA
video@nicemilftube.com,video@nicemilftube.com,0,2,2,2024-04-18T23:48:04Z,2024-04-23T22:48:01Z,AQMkADE2MTk0ZGY2LWU4YTItNGY4Yy04MjU3LTUzZGM0ZmQ3OWViMQAuAAADwZP4641Q4U2bsdrBXD_zagEAgs_jWmtFXU_h_GPdjnYLFAAAAgEMAAAA
wholesalers@productcom.com,wholesalers@productcom.com,0,2,2,2024-04-18T23:48:03Z,2024-04-23T22:48:01Z,AQMkADE2MTk0ZGY2LWU4YTItNGY4Yy04MjU3LTUzZGM0ZmQ3OWViMQAuAAADwZP4641Q4U2bsdrBXD_zagEAgs_jWmtFXU_h_GPdjnYLFAAAAgEMAAAA
online@tradezila.com,online@tradezila.com,0,2,2,2024-04-18T23:47:57Z,2024-04-23T22:47:57Z,AQMkADE2MTk0ZGY2LWU4YTItNGY4Yy04MjU3LTUzZGM0ZmQ3OWViMQAuAAADwZP4641Q4U2bsdrBXD_zagEAgs_jWmtFXU_h_GPdjnYLFAAAAgEMAAAA
dewitt_bader@bigstring.com,dewitt_bader@bigstring.com,0,2,2,2024-04-18T23:47:44Z,2024-04-23T22:47:38Z,AQMkADE2MTk0ZGY2LWU4YTItNGY4Yy04MjU3LTUzZGM0ZmQ3OWViMQAuAAADwZP4641Q4U2bsdrBXD_zagEAgs_jWmtFXU_h_GPdjnYLFAAAAgEMAAAA
cost@etradegulf.com,cost@etradegulf.com,0,2,2,2024-04-18T23:47:38Z,2024-04-23T22:47:34Z,AQMkADE2MTk0ZGY2LWU4YTItNGY4Yy04MjU3LTUzZGM0ZmQ3OWViMQAuAAADwZP4641Q4U2bsdrBXD_zagEAgs_jWmtFXU_h_GPdjnYLFAAAAgEMAAAA
alphakey@consult.com,alphakey@consult.com,0,2,2,2024-04-18T23:47:33Z,2024-04-23T22:47:31Z,AQMkADE2MTk0ZGY2LWU4YTItNGY4Yy04MjU3LTUzZGM0ZmQ3OWViMQAuAAADwZP4641Q4U2bsdrBXD_zagEAgs_jWmtFXU_h_GPdjnYLFAAAAgEMAAAA
dengfengjuan@cvte.cn,dengfengjuan@cvte.cn,0,2,2,2024-04-18T23:47:26Z,2024-04-23T22:47:25Z,AQMkADE2MTk0ZGY2LWU4YTItNGY4Yy04MjU3LTUzZGM0ZmQ3OWViMQAuAAADwZP4641Q4U2bsdrBXD_zagEAgs_jWmtFXU_h_GPdjnYLFAAAAgEMAAAA
adoor@jagroup.com,adoor@jagroup.com,0,2,2,2024-04-18T23:47:02Z,2024-04-23T22:46:29Z,AQMkADE2MTk0ZGY2LWU4YTItNGY4Yy04MjU3LTUzZGM0ZmQ3OWViMQAuAAADwZP4641Q4U2bsdrBXD_zagEAgs_jWmtFXU_h_GPdjnYLFAAAAgEMAAAA
zxy@hkmeg.com,zxy@hkmeg.com,0,2,2,2024-04-18T23:46:24Z,2024-04-23T22:46:24Z,AQMkADE2MTk0ZGY2LWU4YTItNGY4Yy04MjU3LTUzZGM0ZmQ3OWViMQAuAAADwZP4641Q4U2bsdrBXD_zagEAgs_jWmtFXU_h_GPdjnYLFAAAAgEMAAAA
ji@b.nu,ji@b.nu,0,2,2,2024-04-18T19:27:26Z,2024-04-23T18:27:22Z,AQMkADE2MTk0ZGY2LWU4YTItNGY4Yy04MjU3LTUzZGM0ZmQ3OWViMQAuAAADwZP4641Q4U2bsdrBXD_zagEAgs_jWmtFXU_h_GPdjnYLFAAAAgEMAAAA
2a@www.ubs.com,2a@www.ubs.com,0,2,2,2024-04-18T19:27:27Z,2024-04-23T18:27:22Z,AQMkADE2MTk0ZGY2LWU4YTItNGY4Yy04MjU3LTUzZGM0ZmQ3OWViMQAuAAADwZP4641Q4U2bsdrBXD_zagEAgs_jWmtFXU_h_GPdjnYLFAAAAgEMAAAA
brochure@www.ubs.com,brochure@www.ubs.com,0,2,2,2024-04-18T19:27:27Z,2024-04-23T18:27:22Z,AQMkADE2MTk0ZGY2LWU4YTItNGY4Yy04MjU3LTUzZGM0ZmQ3OWViMQAuAAADwZP4641Q4U2bsdrBXD_zagEAgs_jWmtFXU_h_GPdjnYLFAAAAgEMAAAA
andrewleo8@slideshare.net,andrewleo8@slideshare.net,0,2,2,2024-04-18T19:25:56Z,2024-04-23T18:25:57Z,AQMkADE2MTk0ZGY2LWU4YTItNGY4Yy04MjU3LTUzZGM0ZmQ3OWViMQAuAAADwZP4641Q4U2bsdrBXD_zagEAgs_jWmtFXU_h_GPdjnYLFAAAAgEMAAAA
antoniovgarcialacunz@slideshare.net,antoniovgarcialacunz@slideshare.net,0,2,2,2024-04-18T19:25:56Z,2024-04-23T18:25:57Z,AQMkADE2MTk0ZGY2LWU4YTItNGY4Yy04MjU3LTUzZGM0ZmQ3OWViMQAuAAADwZP4641Q4U2bsdrBXD_zagEAgs_jWmtFXU_h_GPdjnYLFAAAAgEMAAAA
archivesdelyon@slideshare.net,archivesdelyon@slideshare.net,0,2,2,2024-04-18T19:25:56Z,2024-04-23T18:25:57Z,AQMkADE2MTk0ZGY2LWU4YTItNGY4Yy04MjU3LTUzZGM0ZmQ3OWViMQAuAAADwZP4641Q4U2bsdrBXD_zagEAgs_jWmtFXU_h_GPdjnYLFAAAAgEMAAAA
arliecerezo1@slideshare.net,arliecerezo1@slideshare.net,0,2,2,2024-04-18T19:25:56Z,2024-04-23T18:25:57Z,AQMkADE2MTk0ZGY2LWU4YTItNGY4Yy04MjU3LTUzZGM0ZmQ3OWViMQAuAAADwZP4641Q4U2bsdrBXD_zagEAgs_jWmtFXU_h_GPdjnYLFAAAAgEMAAAA
blahari24@slideshare.net,blahari24@slideshare.net,0,2,2,2024-04-18T19:25:56Z,2024-04-23T18:25:57Z,AQMkADE2MTk0ZGY2LWU4YTItNGY4Yy04MjU3LTUzZGM0ZmQ3OWViMQAuAAADwZP4641Q4U2bsdrBXD_zagEAgs_jWmtFXU_h_GPdjnYLFAAAAgEMAAAA
carolinaquintanilla14@slideshare.net,carolinaquintanilla14@slideshare.net,0,2,2,2024-04-18T19:25:56Z,2024-04-23T18:25:57Z,AQMkADE2MTk0ZGY2LWU4YTItNGY4Yy04MjU3LTUzZGM0ZmQ3OWViMQAuAAADwZP4641Q4U2bsdrBXD_zagEAgs_jWmtFXU_h_GPdjnYLFAAAAgEMAAAA
connectbeubax@slideshare.net,connectbeubax@slideshare.net,0,2,2,2024-04-18T19:25:56Z,2024-04-23T18:25:57Z,AQMkADE2MTk0ZGY2LWU4YTItNGY4Yy04MjU3LTUzZGM0ZmQ3OWViMQAuAAADwZP4641Q4U2bsdrBXD_zagEAgs_jWmtFXU_h_GPdjnYLFAAAAgEMAAAA
darioajomado@slideshare.net,darioajomado@slideshare.net,0,2,2,2024-04-18T19:25:56Z,2024-04-23T18:25:57Z,AQMkADE2MTk0ZGY2LWU4YTItNGY4Yy04MjU3LTUzZGM0ZmQ3OWViMQAuAAADwZP4641Q4U2bsdrBXD_zagEAgs_jWmtFXU_h_GPdjnYLFAAAAgEMAAAA
ducle868608@slideshare.net,ducle868608@slideshare.net,0,2,2,2024-04-18T19:25:56Z,2024-04-23T18:25:57Z,AQMkADE2MTk0ZGY2LWU4YTItNGY4Yy04MjU3LTUzZGM0ZmQ3OWViMQAuAAADwZP4641Q4U2bsdrBXD_zagEAgs_jWmtFXU_h_GPdjnYLFAAAAgEMAAAA
estefaniarecalde@slideshare.net,estefaniarecalde@slideshare.net,0,2,2,2024-04-18T19:25:56Z,2024-04-23T18:25:57Z,AQMkADE2MTk0ZGY2LWU4YTItNGY4Yy04MjU3LTUzZGM0ZmQ3OWViMQAuAAADwZP4641Q4U2bsdrBXD_zagEAgs_jWmtFXU_h_GPdjnYLFAAAAgEMAAAA
israelvillarreyes1@slideshare.net,israelvillarreyes1@slideshare.net,0,2,2,2024-04-18T19:25:56Z,2024-04-23T18:25:57Z,AQMkADE2MTk0ZGY2LWU4YTItNGY4Yy04MjU3LTUzZGM0ZmQ3OWViMQAuAAADwZP4641Q4U2bsdrBXD_zagEAgs_jWmtFXU_h_GPdjnYLFAAAAgEMAAAA
jorgeluissegura6@slideshare.net,jorgeluissegura6@slideshare.net,0,2,2,2024-04-18T19:25:56Z,2024-04-23T18:25:57Z,AQMkADE2MTk0ZGY2LWU4YTItNGY4Yy04MjU3LTUzZGM0ZmQ3OWViMQAuAAADwZP4641Q4U2bsdrBXD_zagEAgs_jWmtFXU_h_GPdjnYLFAAAAgEMAAAA
khylamaebassigconde@slideshare.net,khylamaebassigconde@slideshare.net,0,2,2,2024-04-18T19:25:56Z,2024-04-23T18:25:57Z,AQMkADE2MTk0ZGY2LWU4YTItNGY4Yy04MjU3LTUzZGM0ZmQ3OWViMQAuAAADwZP4641Q4U2bsdrBXD_zagEAgs_jWmtFXU_h_GPdjnYLFAAAAgEMAAAA
laurararzamendia@slideshare.net,laurararzamendia@slideshare.net,0,2,2,2024-04-18T19:25:56Z,2024-04-23T18:25:57Z,AQMkADE2MTk0ZGY2LWU4YTItNGY4Yy04MjU3LTUzZGM0ZmQ3OWViMQAuAAADwZP4641Q4U2bsdrBXD_zagEAgs_jWmtFXU_h_GPdjnYLFAAAAgEMAAAA
maryannegomezveroncr@slideshare.net,maryannegomezveroncr@slideshare.net,0,2,2,2024-04-18T19:25:56Z,2024-04-23T18:25:57Z,AQMkADE2MTk0ZGY2LWU4YTItNGY4Yy04MjU3LTUzZGM0ZmQ3OWViMQAuAAADwZP4641Q4U2bsdrBXD_zagEAgs_jWmtFXU_h_GPdjnYLFAAAAgEMAAAA
reynerleon1@slideshare.net,reynerleon1@slideshare.net,0,2,2,2024-04-18T19:25:56Z,2024-04-23T18:25:57Z,AQMkADE2MTk0ZGY2LWU4YTItNGY4Yy04MjU3LTUzZGM0ZmQ3OWViMQAuAAADwZP4641Q4U2bsdrBXD_zagEAgs_jWmtFXU_h_GPdjnYLFAAAAgEMAAAA
somyajain603714@slideshare.net,somyajain603714@slideshare.net,0,2,2,2024-04-18T19:25:56Z,2024-04-23T18:25:57Z,AQMkADE2MTk0ZGY2LWU4YTItNGY4Yy04MjU3LTUzZGM0ZmQ3OWViMQAuAAADwZP4641Q4U2bsdrBXD_zagEAgs_jWmtFXU_h_GPdjnYLFAAAAgEMAAAA
ssuser19c356@slideshare.net,ssuser19c356@slideshare.net,0,2,2,2024-04-18T19:25:56Z,2024-04-23T18:25:57Z,AQMkADE2MTk0ZGY2LWU4YTItNGY4Yy04MjU3LTUzZGM0ZmQ3OWViMQAuAAADwZP4641Q4U2bsdrBXD_zagEAgs_jWmtFXU_h_GPdjnYLFAAAAgEMAAAA
tekalignpawulose09@slideshare.net,tekalignpawulose09@slideshare.net,0,2,2,2024-04-18T19:25:56Z,2024-04-23T18:25:57Z,AQMkADE2MTk0ZGY2LWU4YTItNGY4Yy04MjU3LTUzZGM0ZmQ3OWViMQAuAAADwZP4641Q4U2bsdrBXD_zagEAgs_jWmtFXU_h_GPdjnYLFAAAAgEMAAAA
williamjaviercastelb@slideshare.net,williamjaviercastelb@slideshare.net,0,2,2,2024-04-18T19:25:56Z,2024-04-23T18:25:57Z,AQMkADE2MTk0ZGY2LWU4YTItNGY4Yy04MjU3LTUzZGM0ZmQ3OWViMQAuAAADwZP4641Q4U2bsdrBXD_zagEAgs_jWmtFXU_h_GPdjnYLFAAAAgEMAAAA
william.white@walmart-corp.com,william.white@walmart-corp.com,0,2,2,2024-04-18T19:14:30Z,2024-04-23T18:14:27Z,AQMkADE2MTk0ZGY2LWU4YTItNGY4Yy04MjU3LTUzZGM0ZmQ3OWViMQAuAAADwZP4641Q4U2bsdrBXD_zagEAgs_jWmtFXU_h_GPdjnYLFAAAAgEMAAAA
video@roloflix.com,video@roloflix.com,0,2,2,2024-04-18T19:14:26Z,2024-04-23T18:14:25Z,AQMkADE2MTk0ZGY2LWU4YTItNGY4Yy04MjU3LTUzZGM0ZmQ3OWViMQAuAAADwZP4641Q4U2bsdrBXD_zagEAgs_jWmtFXU_h_GPdjnYLFAAAAgEMAAAA
video@pornogramxxx.com,video@pornogramxxx.com,0,2,2,2024-04-18T19:10:23Z,2024-04-23T18:10:21Z,AQMkADE2MTk0ZGY2LWU4YTItNGY4Yy04MjU3LTUzZGM0ZmQ3OWViMQAuAAADwZP4641Q4U2bsdrBXD_zagEAgs_jWmtFXU_h_GPdjnYLFAAAAgEMAAAA
video@kenxxx.com,video@kenxxx.com,0,2,2,2024-04-18T19:10:22Z,2024-04-23T18:10:20Z,AQMkADE2MTk0ZGY2LWU4YTItNGY4Yy04MjU3LTUzZGM0ZmQ3OWViMQAuAAADwZP4641Q4U2bsdrBXD_zagEAgs_jWmtFXU_h_GPdjnYLFAAAAgEMAAAA
video@sexvideos.win,video@sexvideos.win,0,2,2,2024-04-18T19:10:24Z,2024-04-23T18:10:22Z,AQMkADE2MTk0ZGY2LWU4YTItNGY4Yy04MjU3LTUzZGM0ZmQ3OWViMQAuAAADwZP4641Q4U2bsdrBXD_zagEAgs_jWmtFXU_h_GPdjnYLFAAAAgEMAAAA
video@vipxnxx.com,video@vipxnxx.com,0,2,2,2024-04-18T19:10:19Z,2024-04-23T18:10:16Z,AQMkADE2MTk0ZGY2LWU4YTItNGY4Yy04MjU3LTUzZGM0ZmQ3OWViMQAuAAADwZP4641Q4U2bsdrBXD_zagEAgs_jWmtFXU_h_GPdjnYLFAAAAgEMAAAA
video@hot-sex-videos.com,video@hot-sex-videos.com,0,2,2,2024-04-18T19:10:05Z,2024-04-23T18:10:03Z,AQMkADE2MTk0ZGY2LWU4YTItNGY4Yy04MjU3LTUzZGM0ZmQ3OWViMQAuAAADwZP4641Q4U2bsdrBXD_zagEAgs_jWmtFXU_h_GPdjnYLFAAAAgEMAAAA
video@japbokep.com,video@japbokep.com,0,2,2,2024-04-18T19:10:00Z,2024-04-23T18:09:57Z,AQMkADE2MTk0ZGY2LWU4YTItNGY4Yy04MjU3LTUzZGM0ZmQ3OWViMQAuAAADwZP4641Q4U2bsdrBXD_zagEAgs_jWmtFXU_h_GPdjnYLFAAAAgEMAAAA
video@indianfuck.biz,video@indianfuck.biz,0,2,2,2024-04-18T19:10:00Z,2024-04-23T18:09:57Z,AQMkADE2MTk0ZGY2LWU4YTItNGY4Yy04MjU3LTUzZGM0ZmQ3OWViMQAuAAADwZP4641Q4U2bsdrBXD_zagEAgs_jWmtFXU_h_GPdjnYLFAAAAgEMAAAA
proshanta@dekkogroup.com,proshanta@dekkogroup.com,0,2,2,2024-04-18T19:09:51Z,2024-04-23T18:09:48Z,AQMkADE2MTk0ZGY2LWU4YTItNGY4Yy04MjU3LTUzZGM0ZmQ3OWViMQAuAAADwZP4641Q4U2bsdrBXD_zagEAgs_jWmtFXU_h_GPdjnYLFAAAAgEMAAAA
test@test.com,test@test.com,0,2,2,2024-04-18T19:07:30Z,2024-04-23T18:07:30Z,AQMkADE2MTk0ZGY2LWU4YTItNGY4Yy04MjU3LTUzZGM0ZmQ3OWViMQAuAAADwZP4641Q4U2bsdrBXD_zagEAgs_jWmtFXU_h_GPdjnYLFAAAAgEMAAAA
video@freepornmovies.biz,video@freepornmovies.biz,0,2,2,2024-04-18T19:00:24Z,2024-04-23T18:00:18Z,AQMkADE2MTk0ZGY2LWU4YTItNGY4Yy04MjU3LTUzZGM0ZmQ3OWViMQAuAAADwZP4641Q4U2bsdrBXD_zagEAgs_jWmtFXU_h_GPdjnYLFAAAAgEMAAAA
video@bokepxsex.com,video@bokepxsex.com,0,2,2,2024-04-18T18:45:02Z,2024-04-23T17:44:56Z,AQMkADE2MTk0ZGY2LWU4YTItNGY4Yy04MjU3LTUzZGM0ZmQ3OWViMQAuAAADwZP4641Q4U2bsdrBXD_zagEAgs_jWmtFXU_h_GPdjnYLFAAAAgEMAAAA
video@pornjuan.com,video@pornjuan.com,0,2,2,2024-04-18T18:35:20Z,2024-04-23T17:35:12Z,AQMkADE2MTk0ZGY2LWU4YTItNGY4Yy04MjU3LTUzZGM0ZmQ3OWViMQAuAAADwZP4641Q4U2bsdrBXD_zagEAgs_jWmtFXU_h_GPdjnYLFAAAAgEMAAAA
peek@boodesigns.blogspot.com,peek@boodesigns.blogspot.com,0,2,2,2024-04-18T18:34:58Z,2024-04-23T17:34:49Z,AQMkADE2MTk0ZGY2LWU4YTItNGY4Yy04MjU3LTUzZGM0ZmQ3OWViMQAuAAADwZP4641Q4U2bsdrBXD_zagEAgs_jWmtFXU_h_GPdjnYLFAAAAgEMAAAA
video@sextubefuck.pro,video@sextubefuck.pro,0,2,2,2024-04-18T17:03:13Z,2024-04-23T16:03:08Z,AQMkADE2MTk0ZGY2LWU4YTItNGY4Yy04MjU3LTUzZGM0ZmQ3OWViMQAuAAADwZP4641Q4U2bsdrBXD_zagEAgs_jWmtFXU_h_GPdjnYLFAAAAgEMAAAA
video@xxxdemia.com,video@xxxdemia.com,0,2,2,2024-04-18T16:42:52Z,2024-04-23T15:42:47Z,AQMkADE2MTk0ZGY2LWU4YTItNGY4Yy04MjU3LTUzZGM0ZmQ3OWViMQAuAAADwZP4641Q4U2bsdrBXD_zagEAgs_jWmtFXU_h_GPdjnYLFAAAAgEMAAAA
video@bokepindo.win,video@bokepindo.win,0,2,2,2024-04-18T16:42:56Z,2024-04-23T15:42:40Z,AQMkADE2MTk0ZGY2LWU4YTItNGY4Yy04MjU3LTUzZGM0ZmQ3OWViMQAuAAADwZP4641Q4U2bsdrBXD_zagEAgs_jWmtFXU_h_GPdjnYLFAAAAgEMAAAA
wangyan@haunqiu.com,wangyan@haunqiu.com,0,2,2,2024-04-18T16:42:00Z,2024-04-23T15:42:00Z,AQMkADE2MTk0ZGY2LWU4YTItNGY4Yy04MjU3LTUzZGM0ZmQ3OWViMQAuAAADwZP4641Q4U2bsdrBXD_zagEAgs_jWmtFXU_h_GPdjnYLFAAAAgEMAAAA
available@www.bb-automation.com,available@www.bb-automation.com,0,2,2,2024-04-18T16:42:13Z,2024-04-23T15:42:11Z,AQMkADE2MTk0ZGY2LWU4YTItNGY4Yy04MjU3LTUzZGM0ZmQ3OWViMQAuAAADwZP4641Q4U2bsdrBXD_zagEAgs_jWmtFXU_h_GPdjnYLFAAAAgEMAAAA
video@xmovies-xxx.com,video@xmovies-xxx.com,0,2,2,2024-04-18T15:04:36Z,2024-04-23T14:04:40Z,AQMkADE2MTk0ZGY2LWU4YTItNGY4Yy04MjU3LTUzZGM0ZmQ3OWViMQAuAAADwZP4641Q4U2bsdrBXD_zagEAgs_jWmtFXU_h_GPdjnYLFAAAAgEMAAAA
info@casinobutler.com,info@casinobutler.com,0,2,2,2024-04-18T15:03:04Z,2024-04-23T14:03:02Z,AQMkADE2MTk0ZGY2LWU4YTItNGY4Yy04MjU3LTUzZGM0ZmQ3OWViMQAuAAADwZP4641Q4U2bsdrBXD_zagEAgs_jWmtFXU_h_GPdjnYLFAAAAgEMAAAA
video@new-xxx-porn.com,video@new-xxx-porn.com,0,2,2,2024-04-18T15:09:34Z,2024-04-23T14:09:41Z,AQMkADE2MTk0ZGY2LWU4YTItNGY4Yy04MjU3LTUzZGM0ZmQ3OWViMQAuAAADwZP4641Q4U2bsdrBXD_zagEAgs_jWmtFXU_h_GPdjnYLFAAAAgEMAAAA
video@pornoworld.info,video@pornoworld.info,0,2,2,2024-04-18T15:04:55Z,2024-04-23T14:04:56Z,AQMkADE2MTk0ZGY2LWU4YTItNGY4Yy04MjU3LTUzZGM0ZmQ3OWViMQAuAAADwZP4641Q4U2bsdrBXD_zagEAgs_jWmtFXU_h_GPdjnYLFAAAAgEMAAAA
video@free-wap-tube.com,video@free-wap-tube.com,0,2,2,2024-04-18T15:04:55Z,2024-04-23T14:04:56Z,AQMkADE2MTk0ZGY2LWU4YTItNGY4Yy04MjU3LTUzZGM0ZmQ3OWViMQAuAAADwZP4641Q4U2bsdrBXD_zagEAgs_jWmtFXU_h_GPdjnYLFAAAAgEMAAAA
video@sexbombo.com,video@sexbombo.com,0,2,2,2024-04-18T15:03:13Z,2024-04-23T14:02:56Z,AQMkADE2MTk0ZGY2LWU4YTItNGY4Yy04MjU3LTUzZGM0ZmQ3OWViMQAuAAADwZP4641Q4U2bsdrBXD_zagEAgs_jWmtFXU_h_GPdjnYLFAAAAgEMAAAA
video@xxxflare.com,video@xxxflare.com,0,2,2,2024-04-18T15:04:36Z,2024-04-23T14:04:40Z,AQMkADE2MTk0ZGY2LWU4YTItNGY4Yy04MjU3LTUzZGM0ZmQ3OWViMQAuAAADwZP4641Q4U2bsdrBXD_zagEAgs_jWmtFXU_h_GPdjnYLFAAAAgEMAAAA
video@watchporn.win,video@watchporn.win,0,2,2,2024-04-18T15:04:36Z,2024-04-23T14:04:37Z,AQMkADE2MTk0ZGY2LWU4YTItNGY4Yy04MjU3LTUzZGM0ZmQ3OWViMQAuAAADwZP4641Q4U2bsdrBXD_zagEAgs_jWmtFXU_h_GPdjnYLFAAAAgEMAAAA
xiaoshuo@vread.com,xiaoshuo@vread.com,0,2,2,2024-04-18T15:02:36Z,2024-04-23T14:02:24Z,AQMkADE2MTk0ZGY2LWU4YTItNGY4Yy04MjU3LTUzZGM0ZmQ3OWViMQAuAAADwZP4641Q4U2bsdrBXD_zagEAgs_jWmtFXU_h_GPdjnYLFAAAAgEMAAAA
video@tiavaporn.club,video@tiavaporn.club,0,2,2,2024-04-18T14:59:22Z,2024-04-23T13:59:22Z,AQMkADE2MTk0ZGY2LWU4YTItNGY4Yy04MjU3LTUzZGM0ZmQ3OWViMQAuAAADwZP4641Q4U2bsdrBXD_zagEAgs_jWmtFXU_h_GPdjnYLFAAAAgEMAAAA
example@xxxxx.com,example@xxxxx.com,0,2,2,2024-04-18T14:52:59Z,2024-04-23T13:52:40Z,AQMkADE2MTk0ZGY2LWU4YTItNGY4Yy04MjU3LTUzZGM0ZmQ3OWViMQAuAAADwZP4641Q4U2bsdrBXD_zagEAgs_jWmtFXU_h_GPdjnYLFAAAAgEMAAAA
info@treeads.net,info@treeads.net,0,2,2,2024-04-18T14:50:24Z,2024-04-23T13:50:24Z,AQMkADE2MTk0ZGY2LWU4YTItNGY4Yy04MjU3LTUzZGM0ZmQ3OWViMQAuAAADwZP4641Q4U2bsdrBXD_zagEAgs_jWmtFXU_h_GPdjnYLFAAAAgEMAAAA
info@mycanadafitness.com,info@mycanadafitness.com,0,2,2,2024-04-18T14:50:24Z,2024-04-23T13:50:24Z,AQMkADE2MTk0ZGY2LWU4YTItNGY4Yy04MjU3LTUzZGM0ZmQ3OWViMQAuAAADwZP4641Q4U2bsdrBXD_zagEAgs_jWmtFXU_h_GPdjnYLFAAAAgEMAAAA
video@jizzxxx.win,video@jizzxxx.win,0,2,2,2024-04-18T14:49:38Z,2024-04-23T13:49:31Z,AQMkADE2MTk0ZGY2LWU4YTItNGY4Yy04MjU3LTUzZGM0ZmQ3OWViMQAuAAADwZP4641Q4U2bsdrBXD_zagEAgs_jWmtFXU_h_GPdjnYLFAAAAgEMAAAA
video@fap-site.com,video@fap-site.com,0,2,2,2024-04-18T14:49:38Z,2024-04-23T13:49:31Z,AQMkADE2MTk0ZGY2LWU4YTItNGY4Yy04MjU3LTUzZGM0ZmQ3OWViMQAuAAADwZP4641Q4U2bsdrBXD_zagEAgs_jWmtFXU_h_GPdjnYLFAAAAgEMAAAA
here@casinobutler.com,here@casinobutler.com,0,2,2,2024-04-18T14:49:36Z,2024-04-23T13:49:30Z,AQMkADE2MTk0ZGY2LWU4YTItNGY4Yy04MjU3LTUzZGM0ZmQ3OWViMQAuAAADwZP4641Q4U2bsdrBXD_zagEAgs_jWmtFXU_h_GPdjnYLFAAAAgEMAAAA
more@javhd.net,more@javhd.net,0,2,2,2024-04-18T14:49:37Z,2024-04-23T13:49:31Z,AQMkADE2MTk0ZGY2LWU4YTItNGY4Yy04MjU3LTUzZGM0ZmQ3OWViMQAuAAADwZP4641Q4U2bsdrBXD_zagEAgs_jWmtFXU_h_GPdjnYLFAAAAgEMAAAA
video@xnxx-xxx-movies.com,video@xnxx-xxx-movies.com,0,2,2,2024-04-18T14:49:32Z,2024-04-23T13:49:27Z,AQMkADE2MTk0ZGY2LWU4YTItNGY4Yy04MjU3LTUzZGM0ZmQ3OWViMQAuAAADwZP4641Q4U2bsdrBXD_zagEAgs_jWmtFXU_h_GPdjnYLFAAAAgEMAAAA
info@fim-live.com,info@fim-live.com,0,2,2,2024-04-18T14:44:44Z,2024-04-23T13:44:46Z,AQMkADE2MTk0ZGY2LWU4YTItNGY4Yy04MjU3LTUzZGM0ZmQ3OWViMQAuAAADwZP4641Q4U2bsdrBXD_zagEAgs_jWmtFXU_h_GPdjnYLFAAAAgEMAAAA
s.courts@ukonline.co.uk,s.courts@ukonline.co.uk,0,2,2,2024-04-18T14:39:10Z,2024-04-23T13:39:09Z,AQMkADE2MTk0ZGY2LWU4YTItNGY4Yy04MjU3LTUzZGM0ZmQ3OWViMQAuAAADwZP4641Q4U2bsdrBXD_zagEAgs_jWmtFXU_h_GPdjnYLFAAAAgEMAAAA
zhangju@mail.ce.cn,zhangju@mail.ce.cn,0,2,2,2024-04-18T14:34:36Z,2024-04-23T13:34:39Z,AQMkADE2MTk0ZGY2LWU4YTItNGY4Yy04MjU3LTUzZGM0ZmQ3OWViMQAuAAADwZP4641Q4U2bsdrBXD_zagEAgs_jWmtFXU_h_GPdjnYLFAAAAgEMAAAA
video@fullsexmovs.com,video@fullsexmovs.com,0,2,2,2024-04-18T14:32:54Z,2024-04-23T13:32:50Z,AQMkADE2MTk0ZGY2LWU4YTItNGY4Yy04MjU3LTUzZGM0ZmQ3OWViMQAuAAADwZP4641Q4U2bsdrBXD_zagEAgs_jWmtFXU_h_GPdjnYLFAAAAgEMAAAA
contact@gaiamagic.com,contact@gaiamagic.com,0,2,2,2024-04-18T14:31:24Z,2024-04-23T13:31:25Z,AQMkADE2MTk0ZGY2LWU4YTItNGY4Yy04MjU3LTUzZGM0ZmQ3OWViMQAuAAADwZP4641Q4U2bsdrBXD_zagEAgs_jWmtFXU_h_GPdjnYLFAAAAgEMAAAA
nami@www.europages.co.uk,nami@www.europages.co.uk,0,2,2,2024-04-18T14:30:58Z,2024-04-23T13:30:58Z,AQMkADE2MTk0ZGY2LWU4YTItNGY4Yy04MjU3LTUzZGM0ZmQ3OWViMQAuAAADwZP4641Q4U2bsdrBXD_zagEAgs_jWmtFXU_h_GPdjnYLFAAAAgEMAAAA
noi@www.europages.co.uk,noi@www.europages.co.uk,0,2,2,2024-04-18T14:30:58Z,2024-04-23T13:30:58Z,AQMkADE2MTk0ZGY2LWU4YTItNGY4Yy04MjU3LTUzZGM0ZmQ3OWViMQAuAAADwZP4641Q4U2bsdrBXD_zagEAgs_jWmtFXU_h_GPdjnYLFAAAAgEMAAAA
server@taksikenti.com,server@taksikenti.com,0,2,2,2024-04-18T14:29:59Z,2024-04-23T13:29:59Z,AQMkADE2MTk0ZGY2LWU4YTItNGY4Yy04MjU3LTUzZGM0ZmQ3OWViMQAuAAADwZP4641Q4U2bsdrBXD_zagEAgs_jWmtFXU_h_GPdjnYLFAAAAgEMAAAA
system@www.ati.com.ua,system@www.ati.com.ua,0,2,2,2024-04-18T14:28:18Z,2024-04-23T13:28:22Z,AQMkADE2MTk0ZGY2LWU4YTItNGY4Yy04MjU3LTUzZGM0ZmQ3OWViMQAuAAADwZP4641Q4U2bsdrBXD_zagEAgs_jWmtFXU_h_GPdjnYLFAAAAgEMAAAA
care@xxx.com,care@xxx.com,0,2,2,2024-04-18T14:28:41Z,2024-04-23T13:28:38Z,AQMkADE2MTk0ZGY2LWU4YTItNGY4Yy04MjU3LTUzZGM0ZmQ3OWViMQAuAAADwZP4641Q4U2bsdrBXD_zagEAgs_jWmtFXU_h_GPdjnYLFAAAAgEMAAAA
customercare@xxx.com,customercare@xxx.com,0,2,2,2024-04-18T14:28:41Z,2024-04-23T13:28:38Z,AQMkADE2MTk0ZGY2LWU4YTItNGY4Yy04MjU3LTUzZGM0ZmQ3OWViMQAuAAADwZP4641Q4U2bsdrBXD_zagEAgs_jWmtFXU_h_GPdjnYLFAAAAgEMAAAA
chinasports_ad@infosports.com.cn,chinasports_ad@infosports.com.cn,0,2,2,2024-04-18T14:24:48Z,2024-04-23T13:24:49Z,AQMkADE2MTk0ZGY2LWU4YTItNGY4Yy04MjU3LTUzZGM0ZmQ3OWViMQAuAAADwZP4641Q4U2bsdrBXD_zagEAgs_jWmtFXU_h_GPdjnYLFAAAAgEMAAAA
en_feedback@mail.ce.cn,en_feedback@mail.ce.cn,0,2,2,2024-04-18T14:22:23Z,2024-04-23T13:22:18Z,AQMkADE2MTk0ZGY2LWU4YTItNGY4Yy04MjU3LTUzZGM0ZmQ3OWViMQAuAAADwZP4641Q4U2bsdrBXD_zagEAgs_jWmtFXU_h_GPdjnYLFAAAAgEMAAAA
simply-one-of@kind.blogspot.com,simply-one-of@kind.blogspot.com,0,2,2,2024-04-18T14:22:00Z,2024-04-23T13:21:59Z,AQMkADE2MTk0ZGY2LWU4YTItNGY4Yy04MjU3LTUzZGM0ZmQ3OWViMQAuAAADwZP4641Q4U2bsdrBXD_zagEAgs_jWmtFXU_h_GPdjnYLFAAAAgEMAAAA
info@mystunningwebsite.com,info@mystunningwebsite.com,0,2,2,2024-04-18T14:21:49Z,2024-04-23T13:21:45Z,AQMkADE2MTk0ZGY2LWU4YTItNGY4Yy04MjU3LTUzZGM0ZmQ3OWViMQAuAAADwZP4641Q4U2bsdrBXD_zagEAgs_jWmtFXU_h_GPdjnYLFAAAAgEMAAAA
video@desi-fuck.com,video@desi-fuck.com,0,2,2,2024-04-18T14:20:07Z,2024-04-23T13:20:02Z,AQMkADE2MTk0ZGY2LWU4YTItNGY4Yy04MjU3LTUzZGM0ZmQ3OWViMQAuAAADwZP4641Q4U2bsdrBXD_zagEAgs_jWmtFXU_h_GPdjnYLFAAAAgEMAAAA
video@gizmoxxx.com,video@gizmoxxx.com,0,2,2,2024-04-18T14:20:00Z,2024-04-23T13:19:58Z,AQMkADE2MTk0ZGY2LWU4YTItNGY4Yy04MjU3LTUzZGM0ZmQ3OWViMQAuAAADwZP4641Q4U2bsdrBXD_zagEAgs_jWmtFXU_h_GPdjnYLFAAAAgEMAAAA
name@firma.com,name@firma.com,0,2,2,2024-04-18T14:19:39Z,2024-04-23T13:19:34Z,AQMkADE2MTk0ZGY2LWU4YTItNGY4Yy04MjU3LTUzZGM0ZmQ3OWViMQAuAAADwZP4641Q4U2bsdrBXD_zagEAgs_jWmtFXU_h_GPdjnYLFAAAAgEMAAAA
mittnavn@bedrift.com,mittnavn@bedrift.com,0,2,2,2024-04-18T14:19:36Z,2024-04-23T13:19:31Z,AQMkADE2MTk0ZGY2LWU4YTItNGY4Yy04MjU3LTUzZGM0ZmQ3OWViMQAuAAADwZP4641Q4U2bsdrBXD_zagEAgs_jWmtFXU_h_GPdjnYLFAAAAgEMAAAA
details@www.disneyplus.com,details@www.disneyplus.com,0,2,2,2024-04-18T14:18:48Z,2024-04-23T13:18:55Z,AQMkADE2MTk0ZGY2LWU4YTItNGY4Yy04MjU3LTUzZGM0ZmQ3OWViMQAuAAADwZP4641Q4U2bsdrBXD_zagEAgs_jWmtFXU_h_GPdjnYLFAAAAgEMAAAA
terms@www.disneyplus.com,terms@www.disneyplus.com,0,2,2,2024-04-18T14:18:48Z,2024-04-23T13:18:55Z,AQMkADE2MTk0ZGY2LWU4YTItNGY4Yy04MjU3LTUzZGM0ZmQ3OWViMQAuAAADwZP4641Q4U2bsdrBXD_zagEAgs_jWmtFXU_h_GPdjnYLFAAAAgEMAAAA
pharmacy@spar-midrand.myshopify.com,pharmacy@spar-midrand.myshopify.com,0,2,2,2024-04-18T14:18:48Z,2024-04-23T13:18:54Z,AQMkADE2MTk0ZGY2LWU4YTItNGY4Yy04MjU3LTUzZGM0ZmQ3OWViMQAuAAADwZP4641Q4U2bsdrBXD_zagEAgs_jWmtFXU_h_GPdjnYLFAAAAgEMAAAA
info@go4futuro.com,info@go4futuro.com,0,3,3,2024-04-18T14:16:57Z,2024-04-23T13:16:59Z,AQMkADE2MTk0ZGY2LWU4YTItNGY4Yy04MjU3LTUzZGM0ZmQ3OWViMQAuAAADwZP4641Q4U2bsdrBXD_zagEAgs_jWmtFXU_h_GPdjnYLFAAAAgEMAAAA
info@saudi-germany.com,info@saudi-germany.com,0,2,2,2024-04-18T14:13:57Z,2024-04-23T13:13:59Z,AQMkADE2MTk0ZGY2LWU4YTItNGY4Yy04MjU3LTUzZGM0ZmQ3OWViMQAuAAADwZP4641Q4U2bsdrBXD_zagEAgs_jWmtFXU_h_GPdjnYLFAAAAgEMAAAA
available@www.ukad.org.uk,available@www.ukad.org.uk,0,2,2,2024-04-18T14:02:37Z,2024-04-23T13:02:36Z,AQMkADE2MTk0ZGY2LWU4YTItNGY4Yy04MjU3LTUzZGM0ZmQ3OWViMQAuAAADwZP4641Q4U2bsdrBXD_zagEAgs_jWmtFXU_h_GPdjnYLFAAAAgEMAAAA
website@www.bmstt.org,website@www.bmstt.org,0,2,2,2024-04-18T14:02:31Z,2024-04-23T13:02:31Z,AQMkADE2MTk0ZGY2LWU4YTItNGY4Yy04MjU3LTUzZGM0ZmQ3OWViMQAuAAADwZP4641Q4U2bsdrBXD_zagEAgs_jWmtFXU_h_GPdjnYLFAAAAgEMAAAA
found@www.motorsportuk.org,found@www.motorsportuk.org,0,2,2,2024-04-18T14:02:31Z,2024-04-23T13:02:13Z,AQMkADE2MTk0ZGY2LWU4YTItNGY4Yy04MjU3LTUzZGM0ZmQ3OWViMQAuAAADwZP4641Q4U2bsdrBXD_zagEAgs_jWmtFXU_h_GPdjnYLFAAAAgEMAAAA
aogle@avencia.com,aogle@avencia.com,0,3,3,2024-04-18T13:57:12Z,2024-04-23T12:57:09Z,AQMkADE2MTk0ZGY2LWU4YTItNGY4Yy04MjU3LTUzZGM0ZmQ3OWViMQAuAAADwZP4641Q4U2bsdrBXD_zagEAgs_jWmtFXU_h_GPdjnYLFAAAAgEMAAAA
rovshand@cihanbeyli.nl,rovshand@cihanbeyli.nl,0,2,2,2024-04-18T13:49:24Z,2024-04-23T12:49:18Z,AQMkADE2MTk0ZGY2LWU4YTItNGY4Yy04MjU3LTUzZGM0ZmQ3OWViMQAuAAADwZP4641Q4U2bsdrBXD_zagEAgs_jWmtFXU_h_GPdjnYLFAAAAgEMAAAA
available@www.platts.com,available@www.platts.com,0,2,2,2024-04-18T13:47:38Z,2024-04-23T12:47:37Z,AQMkADE2MTk0ZGY2LWU4YTItNGY4Yy04MjU3LTUzZGM0ZmQ3OWViMQAuAAADwZP4641Q4U2bsdrBXD_zagEAgs_jWmtFXU_h_GPdjnYLFAAAAgEMAAAA
front@www.americasmart.com,front@www.americasmart.com,0,2,2,2024-04-18T13:47:07Z,2024-04-23T12:47:06Z,AQMkADE2MTk0ZGY2LWU4YTItNGY4Yy04MjU3LTUzZGM0ZmQ3OWViMQAuAAADwZP4641Q4U2bsdrBXD_zagEAgs_jWmtFXU_h_GPdjnYLFAAAAgEMAAAA
page@www.wizardwebrecovery.net,page@www.wizardwebrecovery.net,0,2,2,2024-04-18T13:42:57Z,2024-04-23T12:42:57Z,AQMkADE2MTk0ZGY2LWU4YTItNGY4Yy04MjU3LTUzZGM0ZmQ3OWViMQAuAAADwZP4641Q4U2bsdrBXD_zagEAgs_jWmtFXU_h_GPdjnYLFAAAAgEMAAAA
mailer-daemon@mailclean11.thundermail.uk,Mail Delivery System,0,1,1,2024-04-22T20:06:10Z,2024-04-22T20:06:10Z,AQMkADE2MTk0ZGY2LWU4YTItNGY4Yy04MjU3LTUzZGM0ZmQ3OWViMQAuAAADwZP4641Q4U2bsdrBXD_zagEAgs_jWmtFXU_h_GPdjnYLFAAAAgEMAAAA
srs0=y6xi=l3=thevintagepress.com=somm@national-autograss.co.uk,SRS0=Y6Xi=L3=thevintagepress.com=somm@national-autograss.co.uk,0,1,1,2024-04-22T20:06:10Z,2024-04-22T20:06:10Z,AQMkADE2MTk0ZGY2LWU4YTItNGY4Yy04MjU3LTUzZGM0ZmQ3OWViMQAuAAADwZP4641Q4U2bsdrBXD_zagEAgs_jWmtFXU_h_GPdjnYLFAAAAgEMAAAA
jubao@vip.163.com,jubao@vip.163.com,0,2,2,2024-04-18T12:38:05Z,2024-04-22T18:30:34Z,AQMkADE2MTk0ZGY2LWU4YTItNGY4Yy04MjU3LTUzZGM0ZmQ3OWViMQAuAAADwZP4641Q4U2bsdrBXD_zagEAgs_jWmtFXU_h_GPdjnYLFAAAAgEMAAAA
jubao@eastmoney.com,jubao@eastmoney.com,0,2,2,2024-04-18T12:38:26Z,2024-04-22T18:31:00Z,AQMkADE2MTk0ZGY2LWU4YTItNGY4Yy04MjU3LTUzZGM0ZmQ3OWViMQAuAAADwZP4641Q4U2bsdrBXD_zagEAgs_jWmtFXU_h_GPdjnYLFAAAAgEMAAAA
wildhacker16@gmail.co,wildhacker16@gmail.co,0,2,2,2024-04-18T22:29:06Z,2024-04-22T18:30:48Z,AQMkADE2MTk0ZGY2LWU4YTItNGY4Yy04MjU3LTUzZGM0ZmQ3OWViMQAuAAADwZP4641Q4U2bsdrBXD_zagEAgs_jWmtFXU_h_GPdjnYLFAAAAgEMAAAA
video@xvideo-xxx.com,video@xvideo-xxx.com,0,1,1,2024-04-19T18:23:07Z,2024-04-19T18:23:07Z,AQMkADE2MTk0ZGY2LWU4YTItNGY4Yy04MjU3LTUzZGM0ZmQ3OWViMQAuAAADwZP4641Q4U2bsdrBXD_zagEAgs_jWmtFXU_h_GPdjnYLFAAAAgEMAAAA
sales@legitmedicationstore.com,sales@legitmedicationstore.com,0,1,1,2024-04-19T18:23:01Z,2024-04-19T18:23:01Z,AQMkADE2MTk0ZGY2LWU4YTItNGY4Yy04MjU3LTUzZGM0ZmQ3OWViMQAuAAADwZP4641Q4U2bsdrBXD_zagEAgs_jWmtFXU_h_GPdjnYLFAAAAgEMAAAA
info@brovarico.com,info@brovarico.com,0,1,1,2024-04-19T18:20:20Z,2024-04-19T18:20:20Z,AQMkADE2MTk0ZGY2LWU4YTItNGY4Yy04MjU3LTUzZGM0ZmQ3OWViMQAuAAADwZP4641Q4U2bsdrBXD_zagEAgs_jWmtFXU_h_GPdjnYLFAAAAgEMAAAA
parts@engineatlas.com,parts@engineatlas.com,0,1,1,2024-04-19T18:19:50Z,2024-04-19T18:19:50Z,AQMkADE2MTk0ZGY2LWU4YTItNGY4Yy04MjU3LTUzZGM0ZmQ3OWViMQAuAAADwZP4641Q4U2bsdrBXD_zagEAgs_jWmtFXU_h_GPdjnYLFAAAAgEMAAAA
shipcare@vsnl.com,shipcare@vsnl.com,0,1,1,2024-04-19T18:19:29Z,2024-04-19T18:19:29Z,AQMkADE2MTk0ZGY2LWU4YTItNGY4Yy04MjU3LTUzZGM0ZmQ3OWViMQAuAAADwZP4641Q4U2bsdrBXD_zagEAgs_jWmtFXU_h_GPdjnYLFAAAAgEMAAAA
advancements@www.ethicon.com,advancements@www.ethicon.com,0,1,1,2024-04-19T18:19:22Z,2024-04-19T18:19:22Z,AQMkADE2MTk0ZGY2LWU4YTItNGY4Yy04MjU3LTUzZGM0ZmQ3OWViMQAuAAADwZP4641Q4U2bsdrBXD_zagEAgs_jWmtFXU_h_GPdjnYLFAAAAgEMAAAA
goods@yourledlight.com,goods@yourledlight.com,0,1,1,2024-04-19T18:18:01Z,2024-04-19T18:18:01Z,AQMkADE2MTk0ZGY2LWU4YTItNGY4Yy04MjU3LTUzZGM0ZmQ3OWViMQAuAAADwZP4641Q4U2bsdrBXD_zagEAgs_jWmtFXU_h_GPdjnYLFAAAAgEMAAAA
video@xnxx-fuck-porn.com,video@xnxx-fuck-porn.com,0,1,1,2024-04-19T18:18:00Z,2024-04-19T18:18:00Z,AQMkADE2MTk0ZGY2LWU4YTItNGY4Yy04MjU3LTUzZGM0ZmQ3OWViMQAuAAADwZP4641Q4U2bsdrBXD_zagEAgs_jWmtFXU_h_GPdjnYLFAAAAgEMAAAA
more@mm814.me,more@mm814.me,0,1,1,2024-04-19T18:14:58Z,2024-04-19T18:14:58Z,AQMkADE2MTk0ZGY2LWU4YTItNGY4Yy04MjU3LTUzZGM0ZmQ3OWViMQAuAAADwZP4641Q4U2bsdrBXD_zagEAgs_jWmtFXU_h_GPdjnYLFAAAAgEMAAAA
videos@camgirls25.com,videos@camgirls25.com,0,1,1,2024-04-19T18:14:16Z,2024-04-19T18:14:16Z,AQMkADE2MTk0ZGY2LWU4YTItNGY4Yy04MjU3LTUzZGM0ZmQ3OWViMQAuAAADwZP4641Q4U2bsdrBXD_zagEAgs_jWmtFXU_h_GPdjnYLFAAAAgEMAAAA
capricorn79@jacksparrowshipbrokers.co.cc,capricorn79@jacksparrowshipbrokers.co.cc,0,1,1,2024-04-19T18:14:00Z,2024-04-19T18:14:00Z,AQMkADE2MTk0ZGY2LWU4YTItNGY4Yy04MjU3LTUzZGM0ZmQ3OWViMQAuAAADwZP4641Q4U2bsdrBXD_zagEAgs_jWmtFXU_h_GPdjnYLFAAAAgEMAAAA
ebaykotan@akkartalmarine.com,ebaykotan@akkartalmarine.com,0,1,1,2024-04-19T18:13:45Z,2024-04-19T18:13:45Z,AQMkADE2MTk0ZGY2LWU4YTItNGY4Yy04MjU3LTUzZGM0ZmQ3OWViMQAuAAADwZP4641Q4U2bsdrBXD_zagEAgs_jWmtFXU_h_GPdjnYLFAAAAgEMAAAA
live@pusicam.com,live@pusicam.com,0,1,1,2024-04-19T18:09:24Z,2024-04-19T18:09:24Z,AQMkADE2MTk0ZGY2LWU4YTItNGY4Yy04MjU3LTUzZGM0ZmQ3OWViMQAuAAADwZP4641Q4U2bsdrBXD_zagEAgs_jWmtFXU_h_GPdjnYLFAAAAgEMAAAA
video@webxnxx.win,video@webxnxx.win,0,1,1,2024-04-19T18:09:19Z,2024-04-19T18:09:19Z,AQMkADE2MTk0ZGY2LWU4YTItNGY4Yy04MjU3LTUzZGM0ZmQ3OWViMQAuAAADwZP4641Q4U2bsdrBXD_zagEAgs_jWmtFXU_h_GPdjnYLFAAAAgEMAAAA
fhd@xphimsexhay.com,fhd@xphimsexhay.com,0,1,1,2024-04-19T18:09:19Z,2024-04-19T18:09:19Z,AQMkADE2MTk0ZGY2LWU4YTItNGY4Yy04MjU3LTUzZGM0ZmQ3OWViMQAuAAADwZP4641Q4U2bsdrBXD_zagEAgs_jWmtFXU_h_GPdjnYLFAAAAgEMAAAA
registered@packaging1.com,registered@packaging1.com,0,1,1,2024-04-19T17:47:37Z,2024-04-19T17:47:37Z,AQMkADE2MTk0ZGY2LWU4YTItNGY4Yy04MjU3LTUzZGM0ZmQ3OWViMQAuAAADwZP4641Q4U2bsdrBXD_zagEAgs_jWmtFXU_h_GPdjnYLFAAAAgEMAAAA
free@katehaven.hot4cams.com,free@katehaven.hot4cams.com,0,1,1,2024-04-19T17:47:16Z,2024-04-19T17:47:16Z,AQMkADE2MTk0ZGY2LWU4YTItNGY4Yy04MjU3LTUzZGM0ZmQ3OWViMQAuAAADwZP4641Q4U2bsdrBXD_zagEAgs_jWmtFXU_h_GPdjnYLFAAAAgEMAAAA
scotra@sr.net,scotra@sr.net,0,1,1,2024-04-19T17:47:11Z,2024-04-19T17:47:11Z,AQMkADE2MTk0ZGY2LWU4YTItNGY4Yy04MjU3LTUzZGM0ZmQ3OWViMQAuAAADwZP4641Q4U2bsdrBXD_zagEAgs_jWmtFXU_h_GPdjnYLFAAAAgEMAAAA
now@kate.hot4cams.com,now@kate.hot4cams.com,0,1,1,2024-04-19T17:46:36Z,2024-04-19T17:46:36Z,AQMkADE2MTk0ZGY2LWU4YTItNGY4Yy04MjU3LTUzZGM0ZmQ3OWViMQAuAAADwZP4641Q4U2bsdrBXD_zagEAgs_jWmtFXU_h_GPdjnYLFAAAAgEMAAAA
free@learngerman.dw.com,free@learngerman.dw.com,0,1,1,2024-04-19T17:43:51Z,2024-04-19T17:43:51Z,AQMkADE2MTk0ZGY2LWU4YTItNGY4Yy04MjU3LTUzZGM0ZmQ3OWViMQAuAAADwZP4641Q4U2bsdrBXD_zagEAgs_jWmtFXU_h_GPdjnYLFAAAAgEMAAAA
sales@iamarine.com,sales@iamarine.com,0,1,1,2024-04-19T17:38:07Z,2024-04-19T17:38:07Z,AQMkADE2MTk0ZGY2LWU4YTItNGY4Yy04MjU3LTUzZGM0ZmQ3OWViMQAuAAADwZP4641Q4U2bsdrBXD_zagEAgs_jWmtFXU_h_GPdjnYLFAAAAgEMAAAA
ops@juggernaut.co.in,ops@juggernaut.co.in,0,1,1,2024-04-19T17:37:50Z,2024-04-19T17:37:50Z,AQMkADE2MTk0ZGY2LWU4YTItNGY4Yy04MjU3LTUzZGM0ZmQ3OWViMQAuAAADwZP4641Q4U2bsdrBXD_zagEAgs_jWmtFXU_h_GPdjnYLFAAAAgEMAAAA
sunil@juggernaut.co.in,sunil@juggernaut.co.in,0,1,1,2024-04-19T17:37:50Z,2024-04-19T17:37:50Z,AQMkADE2MTk0ZGY2LWU4YTItNGY4Yy04MjU3LTUzZGM0ZmQ3OWViMQAuAAADwZP4641Q4U2bsdrBXD_zagEAgs_jWmtFXU_h_GPdjnYLFAAAAgEMAAAA
show@redcamtube.com,show@redcamtube.com,0,1,1,2024-04-19T17:37:26Z,2024-04-19T17:37:26Z,AQMkADE2MTk0ZGY2LWU4YTItNGY4Yy04MjU3LTUzZGM0ZmQ3OWViMQAuAAADwZP4641Q4U2bsdrBXD_zagEAgs_jWmtFXU_h_GPdjnYLFAAAAgEMAAAA
sharif1027@skye.com,sharif1027@skye.com,0,1,1,2024-04-19T17:33:39Z,2024-04-19T17:33:39Z,AQMkADE2MTk0ZGY2LWU4YTItNGY4Yy04MjU3LTUzZGM0ZmQ3OWViMQAuAAADwZP4641Q4U2bsdrBXD_zagEAgs_jWmtFXU_h_GPdjnYLFAAAAgEMAAAA
kentsharkey@gawab.com,kentsharkey@gawab.com,0,1,1,2024-04-19T17:29:08Z,2024-04-19T17:29:08Z,AQMkADE2MTk0ZGY2LWU4YTItNGY4Yy04MjU3LTUzZGM0ZmQ3OWViMQAuAAADwZP4641Q4U2bsdrBXD_zagEAgs_jWmtFXU_h_GPdjnYLFAAAAgEMAAAA
errolearp@gawab.com,errolearp@gawab.com,0,1,1,2024-04-19T17:29:08Z,2024-04-19T17:29:08Z,AQMkADE2MTk0ZGY2LWU4YTItNGY4Yy04MjU3LTUzZGM0ZmQ3OWViMQAuAAADwZP4641Q4U2bsdrBXD_zagEAgs_jWmtFXU_h_GPdjnYLFAAAAgEMAAAA
lottiepiesse@gawab.com,lottiepiesse@gawab.com,0,1,1,2024-04-19T17:29:08Z,2024-04-19T17:29:08Z,AQMkADE2MTk0ZGY2LWU4YTItNGY4Yy04MjU3LTUzZGM0ZmQ3OWViMQAuAAADwZP4641Q4U2bsdrBXD_zagEAgs_jWmtFXU_h_GPdjnYLFAAAAgEMAAAA
sales@supply-hub.net,sales@supply-hub.net,0,1,1,2024-04-19T16:28:04Z,2024-04-19T16:28:04Z,AQMkADE2MTk0ZGY2LWU4YTItNGY4Yy04MjU3LTUzZGM0ZmQ3OWViMQAuAAADwZP4641Q4U2bsdrBXD_zagEAgs_jWmtFXU_h_GPdjnYLFAAAAgEMAAAA
mailer-daemon@yironin03.netvigator.com,Mail Delivery System,0,1,1,2024-04-19T16:22:44Z,2024-04-19T16:22:44Z,AQMkADE2MTk0ZGY2LWU4YTItNGY4Yy04MjU3LTUzZGM0ZmQ3OWViMQAuAAADwZP4641Q4U2bsdrBXD_zagEAgs_jWmtFXU_h_GPdjnYLFAAAAgEMAAAA
streamline@netvigator.com,streamline@netvigator.com,0,1,1,2024-04-19T16:22:44Z,2024-04-19T16:22:44Z,AQMkADE2MTk0ZGY2LWU4YTItNGY4Yy04MjU3LTUzZGM0ZmQ3OWViMQAuAAADwZP4641Q4U2bsdrBXD_zagEAgs_jWmtFXU_h_GPdjnYLFAAAAgEMAAAA
bobfoster@boothbayharborshipyard.com,bobfoster@boothbayharborshipyard.com,0,1,1,2024-04-19T16:22:22Z,2024-04-19T16:22:22Z,AQMkADE2MTk0ZGY2LWU4YTItNGY4Yy04MjU3LTUzZGM0ZmQ3OWViMQAuAAADwZP4641Q4U2bsdrBXD_zagEAgs_jWmtFXU_h_GPdjnYLFAAAAgEMAAAA
mailer-daemon@gsgpm1014.siteground.biz,Mail Delivery System,0,1,1,2024-04-19T16:20:37Z,2024-04-19T16:20:37Z,AQMkADE2MTk0ZGY2LWU4YTItNGY4Yy04MjU3LTUzZGM0ZmQ3OWViMQAuAAADwZP4641Q4U2bsdrBXD_zagEAgs_jWmtFXU_h_GPdjnYLFAAAAgEMAAAA
marketing@sanghanitrading.com,marketing@sanghanitrading.com,0,1,1,2024-04-19T16:20:37Z,2024-04-19T16:20:37Z,AQMkADE2MTk0ZGY2LWU4YTItNGY4Yy04MjU3LTUzZGM0ZmQ3OWViMQAuAAADwZP4641Q4U2bsdrBXD_zagEAgs_jWmtFXU_h_GPdjnYLFAAAAgEMAAAA
pps@techemail.com,pps@techemail.com,0,1,1,2024-04-19T16:18:45Z,2024-04-19T16:18:45Z,AQMkADE2MTk0ZGY2LWU4YTItNGY4Yy04MjU3LTUzZGM0ZmQ3OWViMQAuAAADwZP4641Q4U2bsdrBXD_zagEAgs_jWmtFXU_h_GPdjnYLFAAAAgEMAAAA
shipping@usalb.com,shipping@usalb.com,0,1,1,2024-04-19T16:18:45Z,2024-04-19T16:18:45Z,AQMkADE2MTk0ZGY2LWU4YTItNGY4Yy04MjU3LTUzZGM0ZmQ3OWViMQAuAAADwZP4641Q4U2bsdrBXD_zagEAgs_jWmtFXU_h_GPdjnYLFAAAAgEMAAAA
purchase@alkhairshipping.com,purchase@alkhairshipping.com,0,1,1,2024-04-19T10:15:26Z,2024-04-19T10:15:26Z,AQMkADE2MTk0ZGY2LWU4YTItNGY4Yy04MjU3LTUzZGM0ZmQ3OWViMQAuAAADwZP4641Q4U2bsdrBXD_zagEAgs_jWmtFXU_h_GPdjnYLFAAAAgEMAAAA
ramfleet@gmail.com,ramfleet@gmail.com,0,1,1,2024-04-19T10:15:26Z,2024-04-19T10:15:26Z,AQMkADE2MTk0ZGY2LWU4YTItNGY4Yy04MjU3LTUzZGM0ZmQ3OWViMQAuAAADwZP4641Q4U2bsdrBXD_zagEAgs_jWmtFXU_h_GPdjnYLFAAAAgEMAAAA
95539@csair.com,95539@csair.com,0,1,1,2024-04-19T09:29:32Z,2024-04-19T09:29:32Z,AQMkADE2MTk0ZGY2LWU4YTItNGY4Yy04MjU3LTUzZGM0ZmQ3OWViMQAuAAADwZP4641Q4U2bsdrBXD_zagEAgs_jWmtFXU_h_GPdjnYLFAAAAgEMAAAA
splukraine@yandex.ua,splukraine@yandex.ua,0,1,1,2024-04-19T08:54:04Z,2024-04-19T08:54:04Z,AQMkADE2MTk0ZGY2LWU4YTItNGY4Yy04MjU3LTUzZGM0ZmQ3OWViMQAuAAADwZP4641Q4U2bsdrBXD_zagEAgs_jWmtFXU_h_GPdjnYLFAAAAgEMAAAA
amc_etec@invitations.mailinblack.com,commercial,0,1,1,2024-04-19T08:52:44Z,2024-04-19T08:52:44Z,AQMkADE2MTk0ZGY2LWU4YTItNGY4Yy04MjU3LTUzZGM0ZmQ3OWViMQAuAAADwZP4641Q4U2bsdrBXD_zagEAgs_jWmtFXU_h_GPdjnYLFAAAAgEMAAAA
registered@adhesives1.com,registered@adhesives1.com,0,1,1,2024-04-19T08:52:42Z,2024-04-19T08:52:42Z,AQMkADE2MTk0ZGY2LWU4YTItNGY4Yy04MjU3LTUzZGM0ZmQ3OWViMQAuAAADwZP4641Q4U2bsdrBXD_zagEAgs_jWmtFXU_h_GPdjnYLFAAAAgEMAAAA
social@allseasonmovers.com,social@allseasonmovers.com,0,1,1,2024-04-19T08:52:40Z,2024-04-19T08:52:40Z,AQMkADE2MTk0ZGY2LWU4YTItNGY4Yy04MjU3LTUzZGM0ZmQ3OWViMQAuAAADwZP4641Q4U2bsdrBXD_zagEAgs_jWmtFXU_h_GPdjnYLFAAAAgEMAAAA
hu.agnes@yahoo.cn,hu.agnes@yahoo.cn,0,1,1,2024-04-19T08:41:13Z,2024-04-19T08:41:13Z,AQMkADE2MTk0ZGY2LWU4YTItNGY4Yy04MjU3LTUzZGM0ZmQ3OWViMQAuAAADwZP4641Q4U2bsdrBXD_zagEAgs_jWmtFXU_h_GPdjnYLFAAAAgEMAAAA
ceo@selectconceptstradingasia.com,ceo@selectconceptstradingasia.com,0,1,1,2024-04-19T08:36:33Z,2024-04-19T08:36:33Z,AQMkADE2MTk0ZGY2LWU4YTItNGY4Yy04MjU3LTUzZGM0ZmQ3OWViMQAuAAADwZP4641Q4U2bsdrBXD_zagEAgs_jWmtFXU_h_GPdjnYLFAAAAgEMAAAA
hanand@tosaf.com,Hanan Daniel,0,1,1,2024-04-19T08:35:32Z,2024-04-19T08:35:32Z,AQMkADE2MTk0ZGY2LWU4YTItNGY4Yy04MjU3LTUzZGM0ZmQ3OWViMQAuAAADwZP4641Q4U2bsdrBXD_zagEAgs_jWmtFXU_h_GPdjnYLFAAAAgEMAAAA
contact@newsourceforkliftparts.com,contact@newsourceforkliftparts.com,0,1,1,2024-04-19T08:35:16Z,2024-04-19T08:35:16Z,AQMkADE2MTk0ZGY2LWU4YTItNGY4Yy04MjU3LTUzZGM0ZmQ3OWViMQAuAAADwZP4641Q4U2bsdrBXD_zagEAgs_jWmtFXU_h_GPdjnYLFAAAAgEMAAAA
88shuangyu88@163.com,88shuangyu88@163.com,0,1,1,2024-04-19T08:33:46Z,2024-04-19T08:33:46Z,AQMkADE2MTk0ZGY2LWU4YTItNGY4Yy04MjU3LTUzZGM0ZmQ3OWViMQAuAAADwZP4641Q4U2bsdrBXD_zagEAgs_jWmtFXU_h_GPdjnYLFAAAAgEMAAAA
postmaster@qunarservers.com,postmaster@qunarservers.com,0,1,1,2024-04-19T07:22:46Z,2024-04-19T07:22:46Z,AQMkADE2MTk0ZGY2LWU4YTItNGY4Yy04MjU3LTUzZGM0ZmQ3OWViMQAuAAADwZP4641Q4U2bsdrBXD_zagEAgs_jWmtFXU_h_GPdjnYLFAAAAgEMAAAA
xcycsjtsz@xtrip.com,xcycsjtsz@xtrip.com,0,1,1,2024-04-19T07:22:46Z,2024-04-19T07:22:46Z,AQMkADE2MTk0ZGY2LWU4YTItNGY4Yy04MjU3LTUzZGM0ZmQ3OWViMQAuAAADwZP4641Q4U2bsdrBXD_zagEAgs_jWmtFXU_h_GPdjnYLFAAAAgEMAAAA
mailer-daemon@gvam1286.siteground.biz,Mail Delivery System,0,1,1,2024-04-19T06:14:36Z,2024-04-19T06:14:36Z,AQMkADE2MTk0ZGY2LWU4YTItNGY4Yy04MjU3LTUzZGM0ZmQ3OWViMQAuAAADwZP4641Q4U2bsdrBXD_zagEAgs_jWmtFXU_h_GPdjnYLFAAAAgEMAAAA
cindy.li@bentengmachine.com,cindy.li@bentengmachine.com,0,1,1,2024-04-19T06:14:36Z,2024-04-19T06:14:36Z,AQMkADE2MTk0ZGY2LWU4YTItNGY4Yy04MjU3LTUzZGM0ZmQ3OWViMQAuAAADwZP4641Q4U2bsdrBXD_zagEAgs_jWmtFXU_h_GPdjnYLFAAAAgEMAAAA
atcco@link.net,Atcco,0,1,1,2024-04-19T06:12:36Z,2024-04-19T06:12:36Z,AQMkADE2MTk0ZGY2LWU4YTItNGY4Yy04MjU3LTUzZGM0ZmQ3OWViMQAuAAADwZP4641Q4U2bsdrBXD_zagEAgs_jWmtFXU_h_GPdjnYLFAAAAgEMAAAA
postmaster@freebmail.linkdatacenter.net,Postmaster@freebmail.linkdatacenter.net,0,1,1,2024-04-19T06:12:36Z,2024-04-19T06:12:36Z,AQMkADE2MTk0ZGY2LWU4YTItNGY4Yy04MjU3LTUzZGM0ZmQ3OWViMQAuAAADwZP4641Q4U2bsdrBXD_zagEAgs_jWmtFXU_h_GPdjnYLFAAAAgEMAAAA
video@camstripclubs.com,video@camstripclubs.com,0,1,1,2024-04-19T05:03:23Z,2024-04-19T05:03:23Z,AQMkADE2MTk0ZGY2LWU4YTItNGY4Yy04MjU3LTUzZGM0ZmQ3OWViMQAuAAADwZP4641Q4U2bsdrBXD_zagEAgs_jWmtFXU_h_GPdjnYLFAAAAgEMAAAA
postmaster@dfwmail1.emirates.net.ae,Internet Mail Delivery,0,1,1,2024-04-18T22:49:52Z,2024-04-18T22:49:52Z,AQMkADE2MTk0ZGY2LWU4YTItNGY4Yy04MjU3LTUzZGM0ZmQ3OWViMQAuAAADwZP4641Q4U2bsdrBXD_zagEAgs_jWmtFXU_h_GPdjnYLFAAAAgEMAAAA
info@hetzner.com,Info - Hetzner Online GmbH,0,1,1,2024-04-18T22:47:09Z,2024-04-18T22:47:09Z,AQMkADE2MTk0ZGY2LWU4YTItNGY4Yy04MjU3LTUzZGM0ZmQ3OWViMQAuAAADwZP4641Q4U2bsdrBXD_zagEAgs_jWmtFXU_h_GPdjnYLFAAAAgEMAAAA
7wq1vg3pmkx5ejk4@email.gorgias.com,Purebaby Support,0,1,1,2024-04-18T22:40:00Z,2024-04-18T22:40:00Z,AQMkADE2MTk0ZGY2LWU4YTItNGY4Yy04MjU3LTUzZGM0ZmQ3OWViMQAuAAADwZP4641Q4U2bsdrBXD_zagEAgs_jWmtFXU_h_GPdjnYLFAAAAgEMAAAA
info@spreadshirt.net,Spreadshirt,0,1,1,2024-04-18T22:37:41Z,2024-04-18T22:37:41Z,AQMkADE2MTk0ZGY2LWU4YTItNGY4Yy04MjU3LTUzZGM0ZmQ3OWViMQAuAAADwZP4641Q4U2bsdrBXD_zagEAgs_jWmtFXU_h_GPdjnYLFAAAAgEMAAAA
sunyifei@chexun.com,sunyifei@chexun.com,0,1,1,2024-04-18T19:09:30Z,2024-04-18T19:09:30Z,AQMkADE2MTk0ZGY2LWU4YTItNGY4Yy04MjU3LTUzZGM0ZmQ3OWViMQAuAAADwZP4641Q4U2bsdrBXD_zagEAgs_jWmtFXU_h_GPdjnYLFAAAAgEMAAAA
support@exodus.com,Exodude from Exodus,0,1,1,2024-04-18T17:41:51Z,2024-04-18T17:41:51Z,AQMkADE2MTk0ZGY2LWU4YTItNGY4Yy04MjU3LTUzZGM0ZmQ3OWViMQAuAAADwZP4641Q4U2bsdrBXD_zagEAgs_jWmtFXU_h_GPdjnYLFAAAAgEMAAAA
285753734@qq.com,285753734,0,1,1,2024-04-18T17:13:00Z,2024-04-18T17:13:00Z,AQMkADE2MTk0ZGY2LWU4YTItNGY4Yy04MjU3LTUzZGM0ZmQ3OWViMQAuAAADwZP4641Q4U2bsdrBXD_zagEAgs_jWmtFXU_h_GPdjnYLFAAAAgEMAAAA
security-op-fliggy@alibaba-inc.com,security-op-fliggy@alibaba-inc.com,0,1,1,2024-04-18T17:12:57Z,2024-04-18T17:12:57Z,AQMkADE2MTk0ZGY2LWU4YTItNGY4Yy04MjU3LTUzZGM0ZmQ3OWViMQAuAAADwZP4641Q4U2bsdrBXD_zagEAgs_jWmtFXU_h_GPdjnYLFAAAAgEMAAAA
multitradesarl@yahoo.com,multitradesarl@yahoo.com,0,1,1,2024-04-18T16:37:40Z,2024-04-18T16:37:40Z,AQMkADE2MTk0ZGY2LWU4YTItNGY4Yy04MjU3LTUzZGM0ZmQ3OWViMQAuAAADwZP4641Q4U2bsdrBXD_zagEAgs_jWmtFXU_h_GPdjnYLFAAAAgEMAAAA
tbjcirc@thebusinessjournal.com,TBJ Circ,0,3,3,2024-04-09T20:56:24Z,2024-04-18T15:36:55Z,AQMkADE2MTk0ZGY2LWU4YTItNGY4Yy04MjU3LTUzZGM0ZmQ3OWViMQAuAAADwZP4641Q4U2bsdrBXD_zagEAgs_jWmtFXU_h_GPdjnYLFAAAAgEMAAAA
abner@thebusinessjournal.com,Abner Garcia,0,3,3,2024-04-09T20:56:24Z,2024-04-18T15:36:55Z,AQMkADE2MTk0ZGY2LWU4YTItNGY4Yy04MjU3LTUzZGM0ZmQ3OWViMQAuAAADwZP4641Q4U2bsdrBXD_zagEAgs_jWmtFXU_h_GPdjnYLFAAAAgEMAAAA
tousu@zhaouc.com,tousu@zhaouc.com,0,1,1,2024-04-18T15:24:30Z,2024-04-18T15:24:30Z,AQMkADE2MTk0ZGY2LWU4YTItNGY4Yy04MjU3LTUzZGM0ZmQ3OWViMQAuAAADwZP4641Q4U2bsdrBXD_zagEAgs_jWmtFXU_h_GPdjnYLFAAAAgEMAAAA
postmaster@qq.com,PostMaster,0,1,1,2024-04-18T15:24:35Z,2024-04-18T15:24:35Z,AQMkADE2MTk0ZGY2LWU4YTItNGY4Yy04MjU3LTUzZGM0ZmQ3OWViMQAuAAADwZP4641Q4U2bsdrBXD_zagEAgs_jWmtFXU_h_GPdjnYLFAAAAgEMAAAA
jeffrey.parish@national-autograss.co.uk,jeffrey.parish@national-autograss.co.uk,0,1,1,2024-04-18T14:04:04Z,2024-04-18T14:04:04Z,AQMkADE2MTk0ZGY2LWU4YTItNGY4Yy04MjU3LTUzZGM0ZmQ3OWViMQAuAAADwZP4641Q4U2bsdrBXD_zagEAgs_jWmtFXU_h_GPdjnYLFAAAAgEMAAAA
support@vk.com,VK,0,1,1,2024-04-18T13:15:58Z,2024-04-18T13:15:58Z,AQMkADE2MTk0ZGY2LWU4YTItNGY4Yy04MjU3LTUzZGM0ZmQ3OWViMQAuAAADwZP4641Q4U2bsdrBXD_zagEAgs_jWmtFXU_h_GPdjnYLFAAAAgEMAAAA
cs_ins@bocgroup.com,cs_ins@bocgroup.com,0,1,1,2024-04-18T13:15:21Z,2024-04-18T13:15:21Z,AQMkADE2MTk0ZGY2LWU4YTItNGY4Yy04MjU3LTUzZGM0ZmQ3OWViMQAuAAADwZP4641Q4U2bsdrBXD_zagEAgs_jWmtFXU_h_GPdjnYLFAAAAgEMAAAA
support.usa@tp-link.com,TP-Link Support,0,1,1,2024-04-18T13:15:02Z,2024-04-18T13:15:02Z,AQMkADE2MTk0ZGY2LWU4YTItNGY4Yy04MjU3LTUzZGM0ZmQ3OWViMQAuAAADwZP4641Q4U2bsdrBXD_zagEAgs_jWmtFXU_h_GPdjnYLFAAAAgEMAAAA
support.smb@tp-link.com,TP-Link Support,0,1,1,2024-04-18T13:15:01Z,2024-04-18T13:15:01Z,AQMkADE2MTk0ZGY2LWU4YTItNGY4Yy04MjU3LTUzZGM0ZmQ3OWViMQAuAAADwZP4641Q4U2bsdrBXD_zagEAgs_jWmtFXU_h_GPdjnYLFAAAAgEMAAAA
jiahuojubao@cs.dangdang.com,jiahuojubao@cs.dangdang.com,0,1,1,2024-04-18T13:14:53Z,2024-04-18T13:14:53Z,AQMkADE2MTk0ZGY2LWU4YTItNGY4Yy04MjU3LTUzZGM0ZmQ3OWViMQAuAAADwZP4641Q4U2bsdrBXD_zagEAgs_jWmtFXU_h_GPdjnYLFAAAAgEMAAAA
konugantivss@rediffmail.com,konugantivss@rediffmail.com,0,1,1,2024-04-18T13:12:52Z,2024-04-18T13:12:52Z,AQMkADE2MTk0ZGY2LWU4YTItNGY4Yy04MjU3LTUzZGM0ZmQ3OWViMQAuAAADwZP4641Q4U2bsdrBXD_zagEAgs_jWmtFXU_h_GPdjnYLFAAAAgEMAAAA
biz.serwis@yandex.ua,biz.serwis@yandex.ua,0,1,1,2024-04-18T13:12:46Z,2024-04-18T13:12:46Z,AQMkADE2MTk0ZGY2LWU4YTItNGY4Yy04MjU3LTUzZGM0ZmQ3OWViMQAuAAADwZP4641Q4U2bsdrBXD_zagEAgs_jWmtFXU_h_GPdjnYLFAAAAgEMAAAA
gw@37.com,37邮件网关通知,0,1,1,2024-04-18T13:12:06Z,2024-04-18T13:12:06Z,AQMkADE2MTk0ZGY2LWU4YTItNGY4Yy04MjU3LTUzZGM0ZmQ3OWViMQAuAAADwZP4641Q4U2bsdrBXD_zagEAgs_jWmtFXU_h_GPdjnYLFAAAAgEMAAAA
postmaster@eastmoney.com,postmaster@eastmoney.com,0,1,1,2024-04-18T13:12:00Z,2024-04-18T13:12:00Z,AQMkADE2MTk0ZGY2LWU4YTItNGY4Yy04MjU3LTUzZGM0ZmQ3OWViMQAuAAADwZP4641Q4U2bsdrBXD_zagEAgs_jWmtFXU_h_GPdjnYLFAAAAgEMAAAA
blxxjb@alibaba-inc.com,blxxjb@alibaba-inc.com,0,1,1,2024-04-18T13:10:20Z,2024-04-18T13:10:20Z,AQMkADE2MTk0ZGY2LWU4YTItNGY4Yy04MjU3LTUzZGM0ZmQ3OWViMQAuAAADwZP4641Q4U2bsdrBXD_zagEAgs_jWmtFXU_h_GPdjnYLFAAAAgEMAAAA
jubao.tb@service.taobao.com,jubao.tb@service.taobao.com,0,1,1,2024-04-18T13:10:23Z,2024-04-18T13:10:23Z,AQMkADE2MTk0ZGY2LWU4YTItNGY4Yy04MjU3LTUzZGM0ZmQ3OWViMQAuAAADwZP4641Q4U2bsdrBXD_zagEAgs_jWmtFXU_h_GPdjnYLFAAAAgEMAAAA
postmaster@aliyun.com,postmaster@aliyun.com,0,1,1,2024-04-18T13:08:00Z,2024-04-18T13:08:00Z,AQMkADE2MTk0ZGY2LWU4YTItNGY4Yy04MjU3LTUzZGM0ZmQ3OWViMQAuAAADwZP4641Q4U2bsdrBXD_zagEAgs_jWmtFXU_h_GPdjnYLFAAAAgEMAAAA
art@service.netease.com,art@service.netease.com,0,1,1,2024-04-18T13:07:36Z,2024-04-18T13:07:36Z,AQMkADE2MTk0ZGY2LWU4YTItNGY4Yy04MjU3LTUzZGM0ZmQ3OWViMQAuAAADwZP4641Q4U2bsdrBXD_zagEAgs_jWmtFXU_h_GPdjnYLFAAAAgEMAAAA
gygg@cnr.cn,gygg@cnr.cn,0,1,1,2024-04-18T13:07:21Z,2024-04-18T13:07:21Z,AQMkADE2MTk0ZGY2LWU4YTItNGY4Yy04MjU3LTUzZGM0ZmQ3OWViMQAuAAADwZP4641Q4U2bsdrBXD_zagEAgs_jWmtFXU_h_GPdjnYLFAAAAgEMAAAA
qnck001@vip.sina.com,qnck001@vip.sina.com,0,1,1,2024-04-18T13:07:11Z,2024-04-18T13:07:11Z,AQMkADE2MTk0ZGY2LWU4YTItNGY4Yy04MjU3LTUzZGM0ZmQ3OWViMQAuAAADwZP4641Q4U2bsdrBXD_zagEAgs_jWmtFXU_h_GPdjnYLFAAAAgEMAAAA
comments2005@126.com,comments2005@126.com,0,1,1,2024-04-18T13:06:31Z,2024-04-18T13:06:31Z,AQMkADE2MTk0ZGY2LWU4YTItNGY4Yy04MjU3LTUzZGM0ZmQ3OWViMQAuAAADwZP4641Q4U2bsdrBXD_zagEAgs_jWmtFXU_h_GPdjnYLFAAAAgEMAAAA
youthcunguan@qq.com,youthcunguan,0,1,1,2024-04-18T13:07:07Z,2024-04-18T13:07:07Z,AQMkADE2MTk0ZGY2LWU4YTItNGY4Yy04MjU3LTUzZGM0ZmQ3OWViMQAuAAADwZP4641Q4U2bsdrBXD_zagEAgs_jWmtFXU_h_GPdjnYLFAAAAgEMAAAA
expocecn@163.com,expocecn@163.com,0,1,1,2024-04-18T13:03:52Z,2024-04-18T13:03:52Z,AQMkADE2MTk0ZGY2LWU4YTItNGY4Yy04MjU3LTUzZGM0ZmQ3OWViMQAuAAADwZP4641Q4U2bsdrBXD_zagEAgs_jWmtFXU_h_GPdjnYLFAAAAgEMAAAA
bnicall@bni.co.id,BNICall,0,1,1,2024-04-18T13:03:29Z,2024-04-18T13:03:29Z,AQMkADE2MTk0ZGY2LWU4YTItNGY4Yy04MjU3LTUzZGM0ZmQ3OWViMQAuAAADwZP4641Q4U2bsdrBXD_zagEAgs_jWmtFXU_h_GPdjnYLFAAAAgEMAAAA
autoresponse.danamon@danamon.co.id,Autoresponse Danamon (no Reply),0,1,1,2024-04-18T13:04:05Z,2024-04-18T13:04:05Z,AQMkADE2MTk0ZGY2LWU4YTItNGY4Yy04MjU3LTUzZGM0ZmQ3OWViMQAuAAADwZP4641Q4U2bsdrBXD_zagEAgs_jWmtFXU_h_GPdjnYLFAAAAgEMAAAA
tj7136@yahoo.com.cn,tj7136@yahoo.com.cn,0,1,1,2024-04-18T13:04:04Z,2024-04-18T13:04:04Z,AQMkADE2MTk0ZGY2LWU4YTItNGY4Yy04MjU3LTUzZGM0ZmQ3OWViMQAuAAADwZP4641Q4U2bsdrBXD_zagEAgs_jWmtFXU_h_GPdjnYLFAAAAgEMAAAA
donotreply@visable.com,donotreply@visable.com,0,3,3,2024-04-18T12:38:23Z,2024-04-18T13:03:29Z,AQMkADE2MTk0ZGY2LWU4YTItNGY4Yy04MjU3LTUzZGM0ZmQ3OWViMQAuAAADwZP4641Q4U2bsdrBXD_zagEAgs_jWmtFXU_h_GPdjnYLFAAAAgEMAAAA
shay@winniewalter.com,shay@winniewalter.com,0,1,1,2024-04-18T13:02:44Z,2024-04-18T13:02:44Z,AQMkADE2MTk0ZGY2LWU4YTItNGY4Yy04MjU3LTUzZGM0ZmQ3OWViMQAuAAADwZP4641Q4U2bsdrBXD_zagEAgs_jWmtFXU_h_GPdjnYLFAAAAgEMAAAA
samiullah.malekzadeh@iccgermany.de,Malekzadeh, Samiullah,0,1,1,2024-04-18T12:57:50Z,2024-04-18T12:57:50Z,AQMkADE2MTk0ZGY2LWU4YTItNGY4Yy04MjU3LTUzZGM0ZmQ3OWViMQAuAAADwZP4641Q4U2bsdrBXD_zagEAgs_jWmtFXU_h_GPdjnYLFAAAAgEMAAAA
postmaster@air.bg,postmaster,0,1,1,2024-04-18T12:56:01Z,2024-04-18T12:56:01Z,AQMkADE2MTk0ZGY2LWU4YTItNGY4Yy04MjU3LTUzZGM0ZmQ3OWViMQAuAAADwZP4641Q4U2bsdrBXD_zagEAgs_jWmtFXU_h_GPdjnYLFAAAAgEMAAAA
support@twitter.com,Twitter Support,0,1,1,2024-04-18T12:56:03Z,2024-04-18T12:56:03Z,AQMkADE2MTk0ZGY2LWU4YTItNGY4Yy04MjU3LTUzZGM0ZmQ3OWViMQAuAAADwZP4641Q4U2bsdrBXD_zagEAgs_jWmtFXU_h_GPdjnYLFAAAAgEMAAAA
info@domyate.com,info@domyate.com,0,1,1,2024-04-18T12:55:41Z,2024-04-18T12:55:41Z,AQMkADE2MTk0ZGY2LWU4YTItNGY4Yy04MjU3LTUzZGM0ZmQ3OWViMQAuAAADwZP4641Q4U2bsdrBXD_zagEAgs_jWmtFXU_h_GPdjnYLFAAAAgEMAAAA
team@latofonts.com,team@latofonts.com,0,1,1,2024-04-18T12:55:31Z,2024-04-18T12:55:31Z,AQMkADE2MTk0ZGY2LWU4YTItNGY4Yy04MjU3LTUzZGM0ZmQ3OWViMQAuAAADwZP4641Q4U2bsdrBXD_zagEAgs_jWmtFXU_h_GPdjnYLFAAAAgEMAAAA
git@github.com,git@github.com,0,1,1,2024-04-18T12:52:23Z,2024-04-18T12:52:23Z,AQMkADE2MTk0ZGY2LWU4YTItNGY4Yy04MjU3LTUzZGM0ZmQ3OWViMQAuAAADwZP4641Q4U2bsdrBXD_zagEAgs_jWmtFXU_h_GPdjnYLFAAAAgEMAAAA
alvin@cagedlaser.co.uk,Alvin Goh,0,1,1,2024-04-18T12:49:21Z,2024-04-18T12:49:21Z,AQMkADE2MTk0ZGY2LWU4YTItNGY4Yy04MjU3LTUzZGM0ZmQ3OWViMQAuAAADwZP4641Q4U2bsdrBXD_zagEAgs_jWmtFXU_h_GPdjnYLFAAAAgEMAAAA
info@philprice.co.uk,Phil Price Rallying,0,1,1,2024-04-18T12:48:46Z,2024-04-18T12:48:46Z,AQMkADE2MTk0ZGY2LWU4YTItNGY4Yy04MjU3LTUzZGM0ZmQ3OWViMQAuAAADwZP4641Q4U2bsdrBXD_zagEAgs_jWmtFXU_h_GPdjnYLFAAAAgEMAAAA
mail@rsacmotorsport.co.uk,mail@rsacmotorsport.co.uk,0,1,1,2024-04-18T12:48:45Z,2024-04-18T12:48:45Z,AQMkADE2MTk0ZGY2LWU4YTItNGY4Yy04MjU3LTUzZGM0ZmQ3OWViMQAuAAADwZP4641Q4U2bsdrBXD_zagEAgs_jWmtFXU_h_GPdjnYLFAAAAgEMAAAA
jcl@rsacmotorsport.co.uk,jcl@rsacmotorsport.co.uk,0,1,1,2024-04-18T12:44:56Z,2024-04-18T12:44:56Z,AQMkADE2MTk0ZGY2LWU4YTItNGY4Yy04MjU3LTUzZGM0ZmQ3OWViMQAuAAADwZP4641Q4U2bsdrBXD_zagEAgs_jWmtFXU_h_GPdjnYLFAAAAgEMAAAA
customer.service@visable.com,Visable GmbH | EUROPAGES,0,1,1,2024-04-18T12:34:32Z,2024-04-18T12:34:32Z,AQMkADE2MTk0ZGY2LWU4YTItNGY4Yy04MjU3LTUzZGM0ZmQ3OWViMQAuAAADwZP4641Q4U2bsdrBXD_zagEAgs_jWmtFXU_h_GPdjnYLFAAAAgEMAAAA
info@winniewalter.com,info@winniewalter.com,0,1,1,2024-04-18T12:33:17Z,2024-04-18T12:33:17Z,AQMkADE2MTk0ZGY2LWU4YTItNGY4Yy04MjU3LTUzZGM0ZmQ3OWViMQAuAAADwZP4641Q4U2bsdrBXD_zagEAgs_jWmtFXU_h_GPdjnYLFAAAAgEMAAAA
mike@axiosglobal.com,mike@axiosglobal.com,0,1,1,2024-04-18T12:33:16Z,2024-04-18T12:33:16Z,AQMkADE2MTk0ZGY2LWU4YTItNGY4Yy04MjU3LTUzZGM0ZmQ3OWViMQAuAAADwZP4641Q4U2bsdrBXD_zagEAgs_jWmtFXU_h_GPdjnYLFAAAAgEMAAAA
mailer-daemon@mailly.debian.org,Mail Delivery System,0,1,1,2024-04-18T12:29:40Z,2024-04-18T12:29:40Z,AQMkADE2MTk0ZGY2LWU4YTItNGY4Yy04MjU3LTUzZGM0ZmQ3OWViMQAuAAADwZP4641Q4U2bsdrBXD_zagEAgs_jWmtFXU_h_GPdjnYLFAAAAgEMAAAA
jmv_deb@nirgal.com,jmv_deb@nirgal.com,0,1,1,2024-04-18T12:29:40Z,2024-04-18T12:29:40Z,AQMkADE2MTk0ZGY2LWU4YTItNGY4Yy04MjU3LTUzZGM0ZmQ3OWViMQAuAAADwZP4641Q4U2bsdrBXD_zagEAgs_jWmtFXU_h_GPdjnYLFAAAAgEMAAAA
danamams45@gmail.com,MAMSCORP Indonesia,0,1,1,2024-04-08T07:55:13Z,2024-04-08T07:55:13Z,AQMkADE2MTk0ZGY2LWU4YTItNGY4Yy04MjU3LTUzZGM0ZmQ3OWViMQAuAAADwZP4641Q4U2bsdrBXD_zagEAgs_jWmtFXU_h_GPdjnYLFAAAAgEMAAAA
over@nuclearhydrocarbons.com,over@nuclearhydrocarbons.com,0,2,2,2024-04-01T02:05:12Z,2024-04-06T01:05:29Z,AQMkADE2MTk0ZGY2LWU4YTItNGY4Yy04MjU3LTUzZGM0ZmQ3OWViMQAuAAADwZP4641Q4U2bsdrBXD_zagEAgs_jWmtFXU_h_GPdjnYLFAAAAgEMAAAA
jenny@ehlersestate.com,Ehlers Estate,0,2,2,2024-03-18T16:00:12Z,2024-04-06T01:00:00Z,AQMkADE2MTk0ZGY2LWU4YTItNGY4Yy04MjU3LTUzZGM0ZmQ3OWViMQAuAAADwZP4641Q4U2bsdrBXD_zagEAgs_jWmtFXU_h_GPdjnYLFAAAAgEMAAAA
fcg@pentagon.af.mil,fcg@pentagon.af.mil,0,2,2,2024-04-01T01:59:21Z,2024-04-06T00:59:23Z,AQMkADE2MTk0ZGY2LWU4YTItNGY4Yy04MjU3LTUzZGM0ZmQ3OWViMQAuAAADwZP4641Q4U2bsdrBXD_zagEAgs_jWmtFXU_h_GPdjnYLFAAAAgEMAAAA
me@jscript.dk,me@jscript.dk,0,2,2,2024-04-01T01:59:18Z,2024-04-06T00:59:20Z,AQMkADE2MTk0ZGY2LWU4YTItNGY4Yy04MjU3LTUzZGM0ZmQ3OWViMQAuAAADwZP4641Q4U2bsdrBXD_zagEAgs_jWmtFXU_h_GPdjnYLFAAAAgEMAAAA
mailer-daemon@corp.mail.ru,mailer-daemon@corp.mail.ru,0,2,2,2024-04-05T18:04:28Z,2024-04-05T18:04:30Z,AQMkADE2MTk0ZGY2LWU4YTItNGY4Yy04MjU3LTUzZGM0ZmQ3OWViMQAuAAADwZP4641Q4U2bsdrBXD_zagEAgs_jWmtFXU_h_GPdjnYLFAAAAgEMAAAA
energy.oilllc.78@bk.ru,energy.oilllc.78@bk.ru,0,1,1,2024-04-05T18:04:28Z,2024-04-05T18:04:28Z,AQMkADE2MTk0ZGY2LWU4YTItNGY4Yy04MjU3LTUzZGM0ZmQ3OWViMQAuAAADwZP4641Q4U2bsdrBXD_zagEAgs_jWmtFXU_h_GPdjnYLFAAAAgEMAAAA
llc.avs-kontinent03@bk.ru,llc.avs-kontinent03@bk.ru,0,1,1,2024-04-05T18:04:28Z,2024-04-05T18:04:28Z,AQMkADE2MTk0ZGY2LWU4YTItNGY4Yy04MjU3LTUzZGM0ZmQ3OWViMQAuAAADwZP4641Q4U2bsdrBXD_zagEAgs_jWmtFXU_h_GPdjnYLFAAAAgEMAAAA
oooneftstandart@bk.ru,oooneftstandart@bk.ru,0,1,1,2024-04-05T18:04:28Z,2024-04-05T18:04:28Z,AQMkADE2MTk0ZGY2LWU4YTItNGY4Yy04MjU3LTUzZGM0ZmQ3OWViMQAuAAADwZP4641Q4U2bsdrBXD_zagEAgs_jWmtFXU_h_GPdjnYLFAAAAgEMAAAA
inquiry-sibgazneft@mail.ru,inquiry-sibgazneft@mail.ru,0,1,1,2024-04-05T18:04:30Z,2024-04-05T18:04:30Z,AQMkADE2MTk0ZGY2LWU4YTItNGY4Yy04MjU3LTUzZGM0ZmQ3OWViMQAuAAADwZP4641Q4U2bsdrBXD_zagEAgs_jWmtFXU_h_GPdjnYLFAAAAgEMAAAA
newtechwell.service@mail.ru,newtechwell.service@mail.ru,0,1,1,2024-04-05T18:04:30Z,2024-04-05T18:04:30Z,AQMkADE2MTk0ZGY2LWU4YTItNGY4Yy04MjU3LTUzZGM0ZmQ3OWViMQAuAAADwZP4641Q4U2bsdrBXD_zagEAgs_jWmtFXU_h_GPdjnYLFAAAAgEMAAAA
paveltrusov60@mail.ru,paveltrusov60@mail.ru,0,1,1,2024-04-05T18:04:30Z,2024-04-05T18:04:30Z,AQMkADE2MTk0ZGY2LWU4YTItNGY4Yy04MjU3LTUzZGM0ZmQ3OWViMQAuAAADwZP4641Q4U2bsdrBXD_zagEAgs_jWmtFXU_h_GPdjnYLFAAAAgEMAAAA
polimer.servicellc.50@mail.ru,polimer.servicellc.50@mail.ru,0,1,1,2024-04-05T18:04:30Z,2024-04-05T18:04:30Z,AQMkADE2MTk0ZGY2LWU4YTItNGY4Yy04MjU3LTUzZGM0ZmQ3OWViMQAuAAADwZP4641Q4U2bsdrBXD_zagEAgs_jWmtFXU_h_GPdjnYLFAAAAgEMAAAA
wordpressie@www.pierogiandmore.pl,wordpressie@www.pierogiandmore.pl,0,2,2,2024-03-30T20:03:46Z,2024-04-04T19:53:50Z,AQMkADE2MTk0ZGY2LWU4YTItNGY4Yy04MjU3LTUzZGM0ZmQ3OWViMQAuAAADwZP4641Q4U2bsdrBXD_zagEAgs_jWmtFXU_h_GPdjnYLFAAAAgEMAAAA
network@www.ssrn.com,network@www.ssrn.com,0,2,2,2024-03-30T20:39:34Z,2024-04-04T19:39:37Z,AQMkADE2MTk0ZGY2LWU4YTItNGY4Yy04MjU3LTUzZGM0ZmQ3OWViMQAuAAADwZP4641Q4U2bsdrBXD_zagEAgs_jWmtFXU_h_GPdjnYLFAAAAgEMAAAA
tec@rfqnet.com,tec@rfqnet.com,0,2,2,2024-03-30T20:37:58Z,2024-04-04T19:37:59Z,AQMkADE2MTk0ZGY2LWU4YTItNGY4Yy04MjU3LTUzZGM0ZmQ3OWViMQAuAAADwZP4641Q4U2bsdrBXD_zagEAgs_jWmtFXU_h_GPdjnYLFAAAAgEMAAAA
chris@dithered.com,chris@dithered.com,0,2,2,2024-03-30T20:37:40Z,2024-04-04T19:37:44Z,AQMkADE2MTk0ZGY2LWU4YTItNGY4Yy04MjU3LTUzZGM0ZmQ3OWViMQAuAAADwZP4641Q4U2bsdrBXD_zagEAgs_jWmtFXU_h_GPdjnYLFAAAAgEMAAAA
more@yunita.store,more@yunita.store,0,2,2,2024-03-30T20:08:04Z,2024-04-04T19:08:06Z,AQMkADE2MTk0ZGY2LWU4YTItNGY4Yy04MjU3LTUzZGM0ZmQ3OWViMQAuAAADwZP4641Q4U2bsdrBXD_zagEAgs_jWmtFXU_h_GPdjnYLFAAAAgEMAAAA
realizacje@www.staradestylarnia.pl,realizacje@www.staradestylarnia.pl,0,2,2,2024-03-30T20:07:43Z,2024-04-04T19:07:49Z,AQMkADE2MTk0ZGY2LWU4YTItNGY4Yy04MjU3LTUzZGM0ZmQ3OWViMQAuAAADwZP4641Q4U2bsdrBXD_zagEAgs_jWmtFXU_h_GPdjnYLFAAAAgEMAAAA
demoed@www.demo.com,demoed@www.demo.com,0,2,2,2024-03-30T20:07:22Z,2024-04-04T19:07:22Z,AQMkADE2MTk0ZGY2LWU4YTItNGY4Yy04MjU3LTUzZGM0ZmQ3OWViMQAuAAADwZP4641Q4U2bsdrBXD_zagEAgs_jWmtFXU_h_GPdjnYLFAAAAgEMAAAA
it@www.optionc.com,it@www.optionc.com,0,2,2,2024-03-30T20:07:21Z,2024-04-04T19:07:22Z,AQMkADE2MTk0ZGY2LWU4YTItNGY4Yy04MjU3LTUzZGM0ZmQ3OWViMQAuAAADwZP4641Q4U2bsdrBXD_zagEAgs_jWmtFXU_h_GPdjnYLFAAAAgEMAAAA
project@cryptohype.io,project@cryptohype.io,0,2,2,2024-03-30T20:03:27Z,2024-04-04T19:03:32Z,AQMkADE2MTk0ZGY2LWU4YTItNGY4Yy04MjU3LTUzZGM0ZmQ3OWViMQAuAAADwZP4641Q4U2bsdrBXD_zagEAgs_jWmtFXU_h_GPdjnYLFAAAAgEMAAAA
in@my.pei.org,in@my.pei.org,0,4,4,2024-03-30T19:28:41Z,2024-04-04T18:36:08Z,AQMkADE2MTk0ZGY2LWU4YTItNGY4Yy04MjU3LTUzZGM0ZmQ3OWViMQAuAAADwZP4641Q4U2bsdrBXD_zagEAgs_jWmtFXU_h_GPdjnYLFAAAAgEMAAAA
account@www.speedyrewards.com,account@www.speedyrewards.com,0,4,4,2024-03-30T18:47:58Z,2024-04-04T18:34:24Z,AQMkADE2MTk0ZGY2LWU4YTItNGY4Yy04MjU3LTUzZGM0ZmQ3OWViMQAuAAADwZP4641Q4U2bsdrBXD_zagEAgs_jWmtFXU_h_GPdjnYLFAAAAgEMAAAA
located@www.cleanpower.org,located@www.cleanpower.org,0,4,4,2024-03-30T19:28:13Z,2024-04-04T18:34:25Z,AQMkADE2MTk0ZGY2LWU4YTItNGY4Yy04MjU3LTUzZGM0ZmQ3OWViMQAuAAADwZP4641Q4U2bsdrBXD_zagEAgs_jWmtFXU_h_GPdjnYLFAAAAgEMAAAA
website@www.cleanpower.org,website@www.cleanpower.org,0,4,4,2024-03-30T19:28:13Z,2024-04-04T18:34:25Z,AQMkADE2MTk0ZGY2LWU4YTItNGY4Yy04MjU3LTUzZGM0ZmQ3OWViMQAuAAADwZP4641Q4U2bsdrBXD_zagEAgs_jWmtFXU_h_GPdjnYLFAAAAgEMAAAA
found@www.investing.com,found@www.investing.com,0,4,4,2024-03-30T19:28:12Z,2024-04-04T18:34:20Z,AQMkADE2MTk0ZGY2LWU4YTItNGY4Yy04MjU3LTUzZGM0ZmQ3OWViMQAuAAADwZP4641Q4U2bsdrBXD_zagEAgs_jWmtFXU_h_GPdjnYLFAAAAgEMAAAA
at.washington@tunisiaembassy.org,at.washington@tunisiaembassy.org,0,4,4,2024-03-30T18:47:42Z,2024-04-04T18:34:04Z,AQMkADE2MTk0ZGY2LWU4YTItNGY4Yy04MjU3LTUzZGM0ZmQ3OWViMQAuAAADwZP4641Q4U2bsdrBXD_zagEAgs_jWmtFXU_h_GPdjnYLFAAAAgEMAAAA
travel@thankyou.com,travel@thankyou.com,0,4,4,2024-03-30T18:47:39Z,2024-04-04T18:34:02Z,AQMkADE2MTk0ZGY2LWU4YTItNGY4Yy04MjU3LTUzZGM0ZmQ3OWViMQAuAAADwZP4641Q4U2bsdrBXD_zagEAgs_jWmtFXU_h_GPdjnYLFAAAAgEMAAAA
available@www.canada.ca,available@www.canada.ca,0,4,4,2024-03-30T18:47:42Z,2024-04-04T18:33:53Z,AQMkADE2MTk0ZGY2LWU4YTItNGY4Yy04MjU3LTUzZGM0ZmQ3OWViMQAuAAADwZP4641Q4U2bsdrBXD_zagEAgs_jWmtFXU_h_GPdjnYLFAAAAgEMAAAA
banks@www.jobbankinfo.org,banks@www.jobbankinfo.org,0,4,4,2024-03-30T18:47:35Z,2024-04-04T18:33:42Z,AQMkADE2MTk0ZGY2LWU4YTItNGY4Yy04MjU3LTUzZGM0ZmQ3OWViMQAuAAADwZP4641Q4U2bsdrBXD_zagEAgs_jWmtFXU_h_GPdjnYLFAAAAgEMAAAA
office@roembus.org,office@roembus.org,0,2,2,2024-03-30T18:32:30Z,2024-04-04T17:32:35Z,AQMkADE2MTk0ZGY2LWU4YTItNGY4Yy04MjU3LTUzZGM0ZmQ3OWViMQAuAAADwZP4641Q4U2bsdrBXD_zagEAgs_jWmtFXU_h_GPdjnYLFAAAAgEMAAAA
embassy@ecuador.org,embassy@ecuador.org,0,2,2,2024-03-30T18:32:59Z,2024-04-04T17:32:22Z,AQMkADE2MTk0ZGY2LWU4YTItNGY4Yy04MjU3LTUzZGM0ZmQ3OWViMQAuAAADwZP4641Q4U2bsdrBXD_zagEAgs_jWmtFXU_h_GPdjnYLFAAAAgEMAAAA
sedar@sedar.com,sedar@sedar.com,0,2,2,2024-03-30T18:31:31Z,2024-04-04T17:31:36Z,AQMkADE2MTk0ZGY2LWU4YTItNGY4Yy04MjU3LTUzZGM0ZmQ3OWViMQAuAAADwZP4641Q4U2bsdrBXD_zagEAgs_jWmtFXU_h_GPdjnYLFAAAAgEMAAAA
babug@gmx.de,Babu,0,3,3,2024-04-02T17:43:38Z,2024-04-04T12:17:01Z,AQMkADE2MTk0ZGY2LWU4YTItNGY4Yy04MjU3LTUzZGM0ZmQ3OWViMQAuAAADwZP4641Q4U2bsdrBXD_zagEAgs_jWmtFXU_h_GPdjnYLFAAAAgEMAAAA
reports@annualcreditreport.com,reports@annualcreditreport.com,0,2,2,2024-03-29T18:01:55Z,2024-04-03T17:01:55Z,AQMkADE2MTk0ZGY2LWU4YTItNGY4Yy04MjU3LTUzZGM0ZmQ3OWViMQAuAAADwZP4641Q4U2bsdrBXD_zagEAgs_jWmtFXU_h_GPdjnYLFAAAAgEMAAAA
impact@www.deloitte.com,impact@www.deloitte.com,0,2,2,2024-03-29T18:01:51Z,2024-04-03T17:01:53Z,AQMkADE2MTk0ZGY2LWU4YTItNGY4Yy04MjU3LTUzZGM0ZmQ3OWViMQAuAAADwZP4641Q4U2bsdrBXD_zagEAgs_jWmtFXU_h_GPdjnYLFAAAAgEMAAAA
pmc868@nceph.anu.edu.au,pmc868@nceph.anu.edu.au,0,2,2,2024-03-29T18:01:58Z,2024-04-03T17:01:59Z,AQMkADE2MTk0ZGY2LWU4YTItNGY4Yy04MjU3LTUzZGM0ZmQ3OWViMQAuAAADwZP4641Q4U2bsdrBXD_zagEAgs_jWmtFXU_h_GPdjnYLFAAAAgEMAAAA
available@www.danielyergin.com,available@www.danielyergin.com,0,2,2,2024-03-29T17:15:51Z,2024-04-03T16:16:03Z,AQMkADE2MTk0ZGY2LWU4YTItNGY4Yy04MjU3LTUzZGM0ZmQ3OWViMQAuAAADwZP4641Q4U2bsdrBXD_zagEAgs_jWmtFXU_h_GPdjnYLFAAAAgEMAAAA
in@my.nypost.com,in@my.nypost.com,0,2,2,2024-03-29T17:15:13Z,2024-04-03T16:15:21Z,AQMkADE2MTk0ZGY2LWU4YTItNGY4Yy04MjU3LTUzZGM0ZmQ3OWViMQAuAAADwZP4641Q4U2bsdrBXD_zagEAgs_jWmtFXU_h_GPdjnYLFAAAAgEMAAAA
available@www.iaai.com,available@www.iaai.com,0,2,2,2024-03-29T16:49:52Z,2024-04-03T15:50:03Z,AQMkADE2MTk0ZGY2LWU4YTItNGY4Yy04MjU3LTUzZGM0ZmQ3OWViMQAuAAADwZP4641Q4U2bsdrBXD_zagEAgs_jWmtFXU_h_GPdjnYLFAAAAgEMAAAA
m@current.id,m@current.id,0,2,2,2024-03-29T16:39:03Z,2024-04-03T15:39:03Z,AQMkADE2MTk0ZGY2LWU4YTItNGY4Yy04MjU3LTUzZGM0ZmQ3OWViMQAuAAADwZP4641Q4U2bsdrBXD_zagEAgs_jWmtFXU_h_GPdjnYLFAAAAgEMAAAA
months@annualcreditreport.com,months@annualcreditreport.com,0,2,2,2024-03-29T16:38:52Z,2024-04-03T15:38:53Z,AQMkADE2MTk0ZGY2LWU4YTItNGY4Yy04MjU3LTUzZGM0ZmQ3OWViMQAuAAADwZP4641Q4U2bsdrBXD_zagEAgs_jWmtFXU_h_GPdjnYLFAAAAgEMAAAA
week@annualcreditreport.com,week@annualcreditreport.com,0,2,2,2024-03-29T16:38:52Z,2024-04-03T15:38:53Z,AQMkADE2MTk0ZGY2LWU4YTItNGY4Yy04MjU3LTUzZGM0ZmQ3OWViMQAuAAADwZP4641Q4U2bsdrBXD_zagEAgs_jWmtFXU_h_GPdjnYLFAAAAgEMAAAA
year@annualcreditreport.com,year@annualcreditreport.com,0,2,2,2024-03-29T16:38:52Z,2024-04-03T15:38:53Z,AQMkADE2MTk0ZGY2LWU4YTItNGY4Yy04MjU3LTUzZGM0ZmQ3OWViMQAuAAADwZP4641Q4U2bsdrBXD_zagEAgs_jWmtFXU_h_GPdjnYLFAAAAgEMAAAA
mailer-daemon@flpd567.prodigy.net,Mail Delivery Subsystem,0,3,3,2024-03-30T20:15:50Z,2024-04-01T01:21:22Z,AQMkADE2MTk0ZGY2LWU4YTItNGY4Yy04MjU3LTUzZGM0ZmQ3OWViMQAuAAADwZP4641Q4U2bsdrBXD_zagEAgs_jWmtFXU_h_GPdjnYLFAAAAgEMAAAA
mailer-daemon@flpd595.prodigy.net,Mail Delivery Subsystem,0,2,2,2024-03-30T20:12:46Z,2024-04-01T01:21:05Z,AQMkADE2MTk0ZGY2LWU4YTItNGY4Yy04MjU3LTUzZGM0ZmQ3OWViMQAuAAADwZP4641Q4U2bsdrBXD_zagEAgs_jWmtFXU_h_GPdjnYLFAAAAgEMAAAA
mailer-daemon@flpd586.prodigy.net,Mail Delivery Subsystem,0,4,4,2024-03-30T20:08:04Z,2024-04-01T01:20:48Z,AQMkADE2MTk0ZGY2LWU4YTItNGY4Yy04MjU3LTUzZGM0ZmQ3OWViMQAuAAADwZP4641Q4U2bsdrBXD_zagEAgs_jWmtFXU_h_GPdjnYLFAAAAgEMAAAA
mailer-daemon@flpd592.prodigy.net,Mail Delivery Subsystem,0,1,1,2024-04-01T01:20:36Z,2024-04-01T01:20:36Z,AQMkADE2MTk0ZGY2LWU4YTItNGY4Yy04MjU3LTUzZGM0ZmQ3OWViMQAuAAADwZP4641Q4U2bsdrBXD_zagEAgs_jWmtFXU_h_GPdjnYLFAAAAgEMAAAA
mailer-daemon@alph775.prodigy.net,Mail Delivery Subsystem,0,3,3,2024-03-30T20:11:03Z,2024-04-01T01:20:27Z,AQMkADE2MTk0ZGY2LWU4YTItNGY4Yy04MjU3LTUzZGM0ZmQ3OWViMQAuAAADwZP4641Q4U2bsdrBXD_zagEAgs_jWmtFXU_h_GPdjnYLFAAAAgEMAAAA
mailer-daemon@alpd677.prodigy.net,Mail Delivery Subsystem,0,2,2,2024-03-31T01:34:43Z,2024-04-01T01:20:19Z,AQMkADE2MTk0ZGY2LWU4YTItNGY4Yy04MjU3LTUzZGM0ZmQ3OWViMQAuAAADwZP4641Q4U2bsdrBXD_zagEAgs_jWmtFXU_h_GPdjnYLFAAAAgEMAAAA
mailer-daemon@flpd583.prodigy.net,Mail Delivery Subsystem,0,3,3,2024-03-30T20:15:03Z,2024-04-01T01:20:07Z,AQMkADE2MTk0ZGY2LWU4YTItNGY4Yy04MjU3LTUzZGM0ZmQ3OWViMQAuAAADwZP4641Q4U2bsdrBXD_zagEAgs_jWmtFXU_h_GPdjnYLFAAAAgEMAAAA
mailer-daemon@flpd594.prodigy.net,Mail Delivery Subsystem,0,4,4,2024-03-30T20:04:39Z,2024-04-01T01:20:04Z,AQMkADE2MTk0ZGY2LWU4YTItNGY4Yy04MjU3LTUzZGM0ZmQ3OWViMQAuAAADwZP4641Q4U2bsdrBXD_zagEAgs_jWmtFXU_h_GPdjnYLFAAAAgEMAAAA
mailer-daemon@alph755.prodigy.net,Mail Delivery Subsystem,0,4,4,2024-03-30T20:07:32Z,2024-04-01T01:19:48Z,AQMkADE2MTk0ZGY2LWU4YTItNGY4Yy04MjU3LTUzZGM0ZmQ3OWViMQAuAAADwZP4641Q4U2bsdrBXD_zagEAgs_jWmtFXU_h_GPdjnYLFAAAAgEMAAAA
mailer-daemon@alph760.prodigy.net,Mail Delivery Subsystem,0,3,3,2024-04-01T00:04:13Z,2024-04-01T01:19:52Z,AQMkADE2MTk0ZGY2LWU4YTItNGY4Yy04MjU3LTUzZGM0ZmQ3OWViMQAuAAADwZP4641Q4U2bsdrBXD_zagEAgs_jWmtFXU_h_GPdjnYLFAAAAgEMAAAA
mailer-daemon@alph738.prodigy.net,Mail Delivery Subsystem,0,2,2,2024-04-01T00:08:31Z,2024-04-01T01:19:33Z,AQMkADE2MTk0ZGY2LWU4YTItNGY4Yy04MjU3LTUzZGM0ZmQ3OWViMQAuAAADwZP4641Q4U2bsdrBXD_zagEAgs_jWmtFXU_h_GPdjnYLFAAAAgEMAAAA
mailer-daemon@flpd588.prodigy.net,Mail Delivery Subsystem,0,2,2,2024-03-30T20:11:35Z,2024-04-01T01:19:36Z,AQMkADE2MTk0ZGY2LWU4YTItNGY4Yy04MjU3LTUzZGM0ZmQ3OWViMQAuAAADwZP4641Q4U2bsdrBXD_zagEAgs_jWmtFXU_h_GPdjnYLFAAAAgEMAAAA
mailer-daemon@flph839.prodigy.net,Mail Delivery Subsystem,0,3,3,2024-03-30T20:11:59Z,2024-04-01T00:20:27Z,AQMkADE2MTk0ZGY2LWU4YTItNGY4Yy04MjU3LTUzZGM0ZmQ3OWViMQAuAAADwZP4641Q4U2bsdrBXD_zagEAgs_jWmtFXU_h_GPdjnYLFAAAAgEMAAAA
mailer-daemon@alph756.prodigy.net,Mail Delivery Subsystem,0,2,2,2024-04-01T00:18:00Z,2024-04-01T00:20:08Z,AQMkADE2MTk0ZGY2LWU4YTItNGY4Yy04MjU3LTUzZGM0ZmQ3OWViMQAuAAADwZP4641Q4U2bsdrBXD_zagEAgs_jWmtFXU_h_GPdjnYLFAAAAgEMAAAA
mailer-daemon@flpd576.prodigy.net,Mail Delivery Subsystem,0,2,2,2024-03-30T20:11:16Z,2024-04-01T00:20:01Z,AQMkADE2MTk0ZGY2LWU4YTItNGY4Yy04MjU3LTUzZGM0ZmQ3OWViMQAuAAADwZP4641Q4U2bsdrBXD_zagEAgs_jWmtFXU_h_GPdjnYLFAAAAgEMAAAA
mailer-daemon@flph823.prodigy.net,Mail Delivery Subsystem,0,2,2,2024-04-01T00:17:47Z,2024-04-01T00:19:37Z,AQMkADE2MTk0ZGY2LWU4YTItNGY4Yy04MjU3LTUzZGM0ZmQ3OWViMQAuAAADwZP4641Q4U2bsdrBXD_zagEAgs_jWmtFXU_h_GPdjnYLFAAAAgEMAAAA
mailer-daemon@alpd682.prodigy.net,Mail Delivery Subsystem,0,2,2,2024-04-01T00:14:03Z,2024-04-01T00:19:28Z,AQMkADE2MTk0ZGY2LWU4YTItNGY4Yy04MjU3LTUzZGM0ZmQ3OWViMQAuAAADwZP4641Q4U2bsdrBXD_zagEAgs_jWmtFXU_h_GPdjnYLFAAAAgEMAAAA
mailer-daemon@alph761.prodigy.net,Mail Delivery Subsystem,0,5,5,2024-04-01T00:12:00Z,2024-04-01T00:19:17Z,AQMkADE2MTk0ZGY2LWU4YTItNGY4Yy04MjU3LTUzZGM0ZmQ3OWViMQAuAAADwZP4641Q4U2bsdrBXD_zagEAgs_jWmtFXU_h_GPdjnYLFAAAAgEMAAAA
mailer-daemon@flph836.prodigy.net,Mail Delivery Subsystem,0,2,2,2024-03-30T20:08:52Z,2024-04-01T00:18:57Z,AQMkADE2MTk0ZGY2LWU4YTItNGY4Yy04MjU3LTUzZGM0ZmQ3OWViMQAuAAADwZP4641Q4U2bsdrBXD_zagEAgs_jWmtFXU_h_GPdjnYLFAAAAgEMAAAA
mailer-daemon@alph763.prodigy.net,Mail Delivery Subsystem,0,1,1,2024-04-01T00:18:45Z,2024-04-01T00:18:45Z,AQMkADE2MTk0ZGY2LWU4YTItNGY4Yy04MjU3LTUzZGM0ZmQ3OWViMQAuAAADwZP4641Q4U2bsdrBXD_zagEAgs_jWmtFXU_h_GPdjnYLFAAAAgEMAAAA
mailer-daemon@flpd591.prodigy.net,Mail Delivery Subsystem,0,2,2,2024-04-01T00:16:12Z,2024-04-01T00:18:26Z,AQMkADE2MTk0ZGY2LWU4YTItNGY4Yy04MjU3LTUzZGM0ZmQ3OWViMQAuAAADwZP4641Q4U2bsdrBXD_zagEAgs_jWmtFXU_h_GPdjnYLFAAAAgEMAAAA
mailer-daemon@alph737.prodigy.net,Mail Delivery Subsystem,0,1,1,2024-04-01T00:17:42Z,2024-04-01T00:17:42Z,AQMkADE2MTk0ZGY2LWU4YTItNGY4Yy04MjU3LTUzZGM0ZmQ3OWViMQAuAAADwZP4641Q4U2bsdrBXD_zagEAgs_jWmtFXU_h_GPdjnYLFAAAAgEMAAAA
mailer-daemon@alph747.prodigy.net,Mail Delivery Subsystem,0,2,2,2024-04-01T00:09:11Z,2024-04-01T00:17:20Z,AQMkADE2MTk0ZGY2LWU4YTItNGY4Yy04MjU3LTUzZGM0ZmQ3OWViMQAuAAADwZP4641Q4U2bsdrBXD_zagEAgs_jWmtFXU_h_GPdjnYLFAAAAgEMAAAA
mailer-daemon@alph750.prodigy.net,Mail Delivery Subsystem,0,2,2,2024-04-01T00:11:13Z,2024-04-01T00:17:21Z,AQMkADE2MTk0ZGY2LWU4YTItNGY4Yy04MjU3LTUzZGM0ZmQ3OWViMQAuAAADwZP4641Q4U2bsdrBXD_zagEAgs_jWmtFXU_h_GPdjnYLFAAAAgEMAAAA
mailer-daemon@flpd601.prodigy.net,Mail Delivery Subsystem,0,3,3,2024-04-01T00:10:57Z,2024-04-01T00:17:04Z,AQMkADE2MTk0ZGY2LWU4YTItNGY4Yy04MjU3LTUzZGM0ZmQ3OWViMQAuAAADwZP4641Q4U2bsdrBXD_zagEAgs_jWmtFXU_h_GPdjnYLFAAAAgEMAAAA
mailer-daemon@alph748.prodigy.net,Mail Delivery Subsystem,0,4,4,2024-03-30T20:16:39Z,2024-04-01T00:17:00Z,AQMkADE2MTk0ZGY2LWU4YTItNGY4Yy04MjU3LTUzZGM0ZmQ3OWViMQAuAAADwZP4641Q4U2bsdrBXD_zagEAgs_jWmtFXU_h_GPdjnYLFAAAAgEMAAAA
mailer-daemon@alph773.prodigy.net,Mail Delivery Subsystem,0,2,2,2024-04-01T00:12:52Z,2024-04-01T00:16:47Z,AQMkADE2MTk0ZGY2LWU4YTItNGY4Yy04MjU3LTUzZGM0ZmQ3OWViMQAuAAADwZP4641Q4U2bsdrBXD_zagEAgs_jWmtFXU_h_GPdjnYLFAAAAgEMAAAA
mailer-daemon@alph740.prodigy.net,Mail Delivery Subsystem,0,1,1,2024-04-01T00:16:28Z,2024-04-01T00:16:28Z,AQMkADE2MTk0ZGY2LWU4YTItNGY4Yy04MjU3LTUzZGM0ZmQ3OWViMQAuAAADwZP4641Q4U2bsdrBXD_zagEAgs_jWmtFXU_h_GPdjnYLFAAAAgEMAAAA
mailer-daemon@alph769.prodigy.net,Mail Delivery Subsystem,0,1,1,2024-04-01T00:15:54Z,2024-04-01T00:15:54Z,AQMkADE2MTk0ZGY2LWU4YTItNGY4Yy04MjU3LTUzZGM0ZmQ3OWViMQAuAAADwZP4641Q4U2bsdrBXD_zagEAgs_jWmtFXU_h_GPdjnYLFAAAAgEMAAAA
mailer-daemon@alph759.prodigy.net,Mail Delivery Subsystem,0,2,2,2024-03-30T20:13:36Z,2024-04-01T00:15:42Z,AQMkADE2MTk0ZGY2LWU4YTItNGY4Yy04MjU3LTUzZGM0ZmQ3OWViMQAuAAADwZP4641Q4U2bsdrBXD_zagEAgs_jWmtFXU_h_GPdjnYLFAAAAgEMAAAA
mailer-daemon@alph730.prodigy.net,Mail Delivery Subsystem,0,1,1,2024-04-01T00:15:37Z,2024-04-01T00:15:37Z,AQMkADE2MTk0ZGY2LWU4YTItNGY4Yy04MjU3LTUzZGM0ZmQ3OWViMQAuAAADwZP4641Q4U2bsdrBXD_zagEAgs_jWmtFXU_h_GPdjnYLFAAAAgEMAAAA
mailer-daemon@flpd578.prodigy.net,Mail Delivery Subsystem,0,2,2,2024-04-01T00:15:03Z,2024-04-01T00:15:25Z,AQMkADE2MTk0ZGY2LWU4YTItNGY4Yy04MjU3LTUzZGM0ZmQ3OWViMQAuAAADwZP4641Q4U2bsdrBXD_zagEAgs_jWmtFXU_h_GPdjnYLFAAAAgEMAAAA
mailer-daemon@alph731.prodigy.net,Mail Delivery Subsystem,0,1,1,2024-04-01T00:15:13Z,2024-04-01T00:15:13Z,AQMkADE2MTk0ZGY2LWU4YTItNGY4Yy04MjU3LTUzZGM0ZmQ3OWViMQAuAAADwZP4641Q4U2bsdrBXD_zagEAgs_jWmtFXU_h_GPdjnYLFAAAAgEMAAAA
mailer-daemon@alpd683.prodigy.net,Mail Delivery Subsystem,0,3,3,2024-03-30T20:05:04Z,2024-04-01T00:14:55Z,AQMkADE2MTk0ZGY2LWU4YTItNGY4Yy04MjU3LTUzZGM0ZmQ3OWViMQAuAAADwZP4641Q4U2bsdrBXD_zagEAgs_jWmtFXU_h_GPdjnYLFAAAAgEMAAAA
mailer-daemon@alph732.prodigy.net,Mail Delivery Subsystem,0,3,3,2024-03-30T20:11:33Z,2024-04-01T00:14:43Z,AQMkADE2MTk0ZGY2LWU4YTItNGY4Yy04MjU3LTUzZGM0ZmQ3OWViMQAuAAADwZP4641Q4U2bsdrBXD_zagEAgs_jWmtFXU_h_GPdjnYLFAAAAgEMAAAA
mailer-daemon@alph764.prodigy.net,Mail Delivery Subsystem,0,3,3,2024-03-30T20:03:58Z,2024-04-01T00:14:29Z,AQMkADE2MTk0ZGY2LWU4YTItNGY4Yy04MjU3LTUzZGM0ZmQ3OWViMQAuAAADwZP4641Q4U2bsdrBXD_zagEAgs_jWmtFXU_h_GPdjnYLFAAAAgEMAAAA
mailer-daemon@flph835.prodigy.net,Mail Delivery Subsystem,0,3,3,2024-03-30T20:10:33Z,2024-04-01T00:14:19Z,AQMkADE2MTk0ZGY2LWU4YTItNGY4Yy04MjU3LTUzZGM0ZmQ3OWViMQAuAAADwZP4641Q4U2bsdrBXD_zagEAgs_jWmtFXU_h_GPdjnYLFAAAAgEMAAAA
mailer-daemon@flph828.prodigy.net,Mail Delivery Subsystem,0,2,2,2024-03-30T20:08:10Z,2024-04-01T00:14:03Z,AQMkADE2MTk0ZGY2LWU4YTItNGY4Yy04MjU3LTUzZGM0ZmQ3OWViMQAuAAADwZP4641Q4U2bsdrBXD_zagEAgs_jWmtFXU_h_GPdjnYLFAAAAgEMAAAA
mailer-daemon@flpd572.prodigy.net,Mail Delivery Subsystem,0,1,1,2024-04-01T00:13:48Z,2024-04-01T00:13:48Z,AQMkADE2MTk0ZGY2LWU4YTItNGY4Yy04MjU3LTUzZGM0ZmQ3OWViMQAuAAADwZP4641Q4U2bsdrBXD_zagEAgs_jWmtFXU_h_GPdjnYLFAAAAgEMAAAA
mailer-daemon@flph831.prodigy.net,Mail Delivery Subsystem,0,1,1,2024-04-01T00:13:38Z,2024-04-01T00:13:38Z,AQMkADE2MTk0ZGY2LWU4YTItNGY4Yy04MjU3LTUzZGM0ZmQ3OWViMQAuAAADwZP4641Q4U2bsdrBXD_zagEAgs_jWmtFXU_h_GPdjnYLFAAAAgEMAAAA
mailer-daemon@alph754.prodigy.net,Mail Delivery Subsystem,0,2,2,2024-04-01T00:07:34Z,2024-04-01T00:13:14Z,AQMkADE2MTk0ZGY2LWU4YTItNGY4Yy04MjU3LTUzZGM0ZmQ3OWViMQAuAAADwZP4641Q4U2bsdrBXD_zagEAgs_jWmtFXU_h_GPdjnYLFAAAAgEMAAAA
mailer-daemon@alph762.prodigy.net,Mail Delivery Subsystem,0,1,1,2024-04-01T00:13:15Z,2024-04-01T00:13:15Z,AQMkADE2MTk0ZGY2LWU4YTItNGY4Yy04MjU3LTUzZGM0ZmQ3OWViMQAuAAADwZP4641Q4U2bsdrBXD_zagEAgs_jWmtFXU_h_GPdjnYLFAAAAgEMAAAA
mailer-daemon@alph771.prodigy.net,Mail Delivery Subsystem,0,2,2,2024-04-01T00:10:33Z,2024-04-01T00:12:57Z,AQMkADE2MTk0ZGY2LWU4YTItNGY4Yy04MjU3LTUzZGM0ZmQ3OWViMQAuAAADwZP4641Q4U2bsdrBXD_zagEAgs_jWmtFXU_h_GPdjnYLFAAAAgEMAAAA
mailer-daemon@flph830.prodigy.net,Mail Delivery Subsystem,0,2,2,2024-03-30T20:13:32Z,2024-04-01T00:12:32Z,AQMkADE2MTk0ZGY2LWU4YTItNGY4Yy04MjU3LTUzZGM0ZmQ3OWViMQAuAAADwZP4641Q4U2bsdrBXD_zagEAgs_jWmtFXU_h_GPdjnYLFAAAAgEMAAAA
mailer-daemon@alph753.prodigy.net,Mail Delivery Subsystem,0,4,4,2024-03-30T20:05:29Z,2024-04-01T00:12:28Z,AQMkADE2MTk0ZGY2LWU4YTItNGY4Yy04MjU3LTUzZGM0ZmQ3OWViMQAuAAADwZP4641Q4U2bsdrBXD_zagEAgs_jWmtFXU_h_GPdjnYLFAAAAgEMAAAA
mailer-daemon@alph767.prodigy.net,Mail Delivery Subsystem,0,2,2,2024-03-30T20:18:16Z,2024-04-01T00:12:16Z,AQMkADE2MTk0ZGY2LWU4YTItNGY4Yy04MjU3LTUzZGM0ZmQ3OWViMQAuAAADwZP4641Q4U2bsdrBXD_zagEAgs_jWmtFXU_h_GPdjnYLFAAAAgEMAAAA
mailer-daemon@flph834.prodigy.net,Mail Delivery Subsystem,0,2,2,2024-03-30T20:09:07Z,2024-04-01T00:12:12Z,AQMkADE2MTk0ZGY2LWU4YTItNGY4Yy04MjU3LTUzZGM0ZmQ3OWViMQAuAAADwZP4641Q4U2bsdrBXD_zagEAgs_jWmtFXU_h_GPdjnYLFAAAAgEMAAAA
mailer-daemon@flpd577.prodigy.net,Mail Delivery Subsystem,0,3,3,2024-03-30T20:13:57Z,2024-04-01T00:12:09Z,AQMkADE2MTk0ZGY2LWU4YTItNGY4Yy04MjU3LTUzZGM0ZmQ3OWViMQAuAAADwZP4641Q4U2bsdrBXD_zagEAgs_jWmtFXU_h_GPdjnYLFAAAAgEMAAAA
mailer-daemon@flph838.prodigy.net,Mail Delivery Subsystem,0,3,3,2024-03-30T20:07:38Z,2024-04-01T00:11:53Z,AQMkADE2MTk0ZGY2LWU4YTItNGY4Yy04MjU3LTUzZGM0ZmQ3OWViMQAuAAADwZP4641Q4U2bsdrBXD_zagEAgs_jWmtFXU_h_GPdjnYLFAAAAgEMAAAA
mailer-daemon@alph757.prodigy.net,Mail Delivery Subsystem,0,1,1,2024-04-01T00:11:50Z,2024-04-01T00:11:50Z,AQMkADE2MTk0ZGY2LWU4YTItNGY4Yy04MjU3LTUzZGM0ZmQ3OWViMQAuAAADwZP4641Q4U2bsdrBXD_zagEAgs_jWmtFXU_h_GPdjnYLFAAAAgEMAAAA
mailer-daemon@flph826.prodigy.net,Mail Delivery Subsystem,0,1,1,2024-04-01T00:11:29Z,2024-04-01T00:11:29Z,AQMkADE2MTk0ZGY2LWU4YTItNGY4Yy04MjU3LTUzZGM0ZmQ3OWViMQAuAAADwZP4641Q4U2bsdrBXD_zagEAgs_jWmtFXU_h_GPdjnYLFAAAAgEMAAAA
mailer-daemon@alph758.prodigy.net,Mail Delivery Subsystem,0,1,1,2024-04-01T00:11:18Z,2024-04-01T00:11:18Z,AQMkADE2MTk0ZGY2LWU4YTItNGY4Yy04MjU3LTUzZGM0ZmQ3OWViMQAuAAADwZP4641Q4U2bsdrBXD_zagEAgs_jWmtFXU_h_GPdjnYLFAAAAgEMAAAA
mailer-daemon@alph770.prodigy.net,Mail Delivery Subsystem,0,1,1,2024-04-01T00:10:55Z,2024-04-01T00:10:55Z,AQMkADE2MTk0ZGY2LWU4YTItNGY4Yy04MjU3LTUzZGM0ZmQ3OWViMQAuAAADwZP4641Q4U2bsdrBXD_zagEAgs_jWmtFXU_h_GPdjnYLFAAAAgEMAAAA
mailer-daemon@alph733.prodigy.net,Mail Delivery Subsystem,0,2,2,2024-03-30T20:17:21Z,2024-04-01T00:10:35Z,AQMkADE2MTk0ZGY2LWU4YTItNGY4Yy04MjU3LTUzZGM0ZmQ3OWViMQAuAAADwZP4641Q4U2bsdrBXD_zagEAgs_jWmtFXU_h_GPdjnYLFAAAAgEMAAAA
mailer-daemon@flpd570.prodigy.net,Mail Delivery Subsystem,0,3,3,2024-03-30T20:09:15Z,2024-04-01T00:10:19Z,AQMkADE2MTk0ZGY2LWU4YTItNGY4Yy04MjU3LTUzZGM0ZmQ3OWViMQAuAAADwZP4641Q4U2bsdrBXD_zagEAgs_jWmtFXU_h_GPdjnYLFAAAAgEMAAAA
mailer-daemon@alph736.prodigy.net,Mail Delivery Subsystem,0,2,2,2024-03-30T20:10:13Z,2024-04-01T00:08:56Z,AQMkADE2MTk0ZGY2LWU4YTItNGY4Yy04MjU3LTUzZGM0ZmQ3OWViMQAuAAADwZP4641Q4U2bsdrBXD_zagEAgs_jWmtFXU_h_GPdjnYLFAAAAgEMAAAA
mailer-daemon@alph765.prodigy.net,Mail Delivery Subsystem,0,2,2,2024-03-30T20:14:39Z,2024-04-01T00:07:59Z,AQMkADE2MTk0ZGY2LWU4YTItNGY4Yy04MjU3LTUzZGM0ZmQ3OWViMQAuAAADwZP4641Q4U2bsdrBXD_zagEAgs_jWmtFXU_h_GPdjnYLFAAAAgEMAAAA
mailer-daemon@alph772.prodigy.net,Mail Delivery Subsystem,0,3,3,2024-03-30T20:07:06Z,2024-04-01T00:07:08Z,AQMkADE2MTk0ZGY2LWU4YTItNGY4Yy04MjU3LTUzZGM0ZmQ3OWViMQAuAAADwZP4641Q4U2bsdrBXD_zagEAgs_jWmtFXU_h_GPdjnYLFAAAAgEMAAAA
mailer-daemon@flpd579.prodigy.net,Mail Delivery Subsystem,0,1,1,2024-04-01T00:06:45Z,2024-04-01T00:06:45Z,AQMkADE2MTk0ZGY2LWU4YTItNGY4Yy04MjU3LTUzZGM0ZmQ3OWViMQAuAAADwZP4641Q4U2bsdrBXD_zagEAgs_jWmtFXU_h_GPdjnYLFAAAAgEMAAAA
mailer-daemon@flph840.prodigy.net,Mail Delivery Subsystem,0,2,2,2024-03-31T01:34:18Z,2024-04-01T00:05:45Z,AQMkADE2MTk0ZGY2LWU4YTItNGY4Yy04MjU3LTUzZGM0ZmQ3OWViMQAuAAADwZP4641Q4U2bsdrBXD_zagEAgs_jWmtFXU_h_GPdjnYLFAAAAgEMAAAA
mailer-daemon@flpd589.prodigy.net,Mail Delivery Subsystem,0,1,1,2024-04-01T00:05:28Z,2024-04-01T00:05:28Z,AQMkADE2MTk0ZGY2LWU4YTItNGY4Yy04MjU3LTUzZGM0ZmQ3OWViMQAuAAADwZP4641Q4U2bsdrBXD_zagEAgs_jWmtFXU_h_GPdjnYLFAAAAgEMAAAA
mailer-daemon@flpd585.prodigy.net,Mail Delivery Subsystem,0,1,1,2024-04-01T00:05:05Z,2024-04-01T00:05:05Z,AQMkADE2MTk0ZGY2LWU4YTItNGY4Yy04MjU3LTUzZGM0ZmQ3OWViMQAuAAADwZP4641Q4U2bsdrBXD_zagEAgs_jWmtFXU_h_GPdjnYLFAAAAgEMAAAA
dscc.price.challenge@dla.mil,DSCC Price Challenge (DSCC),0,1,1,2024-04-01T00:03:56Z,2024-04-01T00:03:56Z,AQMkADE2MTk0ZGY2LWU4YTItNGY4Yy04MjU3LTUzZGM0ZmQ3OWViMQAuAAADwZP4641Q4U2bsdrBXD_zagEAgs_jWmtFXU_h_GPdjnYLFAAAAgEMAAAA
omaviation@dla.mil,Organic Manufacturing Aviation,0,1,1,2024-04-01T00:03:56Z,2024-04-01T00:03:56Z,AQMkADE2MTk0ZGY2LWU4YTItNGY4Yy04MjU3LTUzZGM0ZmQ3OWViMQAuAAADwZP4641Q4U2bsdrBXD_zagEAgs_jWmtFXU_h_GPdjnYLFAAAAgEMAAAA
hqeeoinquiries@dla.mil,HQ EEO Inquiries,0,1,1,2024-04-01T00:03:56Z,2024-04-01T00:03:56Z,AQMkADE2MTk0ZGY2LWU4YTItNGY4Yy04MjU3LTUzZGM0ZmQ3OWViMQAuAAADwZP4641Q4U2bsdrBXD_zagEAgs_jWmtFXU_h_GPdjnYLFAAAAgEMAAAA
mailer-daemon@flpd600.prodigy.net,Mail Delivery Subsystem,0,1,1,2024-04-01T00:04:40Z,2024-04-01T00:04:40Z,AQMkADE2MTk0ZGY2LWU4YTItNGY4Yy04MjU3LTUzZGM0ZmQ3OWViMQAuAAADwZP4641Q4U2bsdrBXD_zagEAgs_jWmtFXU_h_GPdjnYLFAAAAgEMAAAA
hqsreasonableaccommodations@dla.mil,HQs Reasonable Accommodation Requests,0,1,1,2024-04-01T00:03:55Z,2024-04-01T00:03:55Z,AQMkADE2MTk0ZGY2LWU4YTItNGY4Yy04MjU3LTUzZGM0ZmQ3OWViMQAuAAADwZP4641Q4U2bsdrBXD_zagEAgs_jWmtFXU_h_GPdjnYLFAAAAgEMAAAA
vendorparescalation@dla.mil,VendorPARescalation,0,1,1,2024-04-01T00:03:52Z,2024-04-01T00:03:52Z,AQMkADE2MTk0ZGY2LWU4YTItNGY4Yy04MjU3LTUzZGM0ZmQ3OWViMQAuAAADwZP4641Q4U2bsdrBXD_zagEAgs_jWmtFXU_h_GPdjnYLFAAAAgEMAAAA
pricechallenge.dscr@dla.mil,AVN Price Challenges,0,1,1,2024-04-01T00:03:56Z,2024-04-01T00:03:56Z,AQMkADE2MTk0ZGY2LWU4YTItNGY4Yy04MjU3LTUzZGM0ZmQ3OWViMQAuAAADwZP4641Q4U2bsdrBXD_zagEAgs_jWmtFXU_h_GPdjnYLFAAAAgEMAAAA
dscc.cddwgs@dla.mil,CDDWGS,0,1,1,2024-04-01T00:03:56Z,2024-04-01T00:03:56Z,AQMkADE2MTk0ZGY2LWU4YTItNGY4Yy04MjU3LTUzZGM0ZmQ3OWViMQAuAAADwZP4641Q4U2bsdrBXD_zagEAgs_jWmtFXU_h_GPdjnYLFAAAAgEMAAAA
omar.khlifi@dla.mil,Khlifi, Omar CIV DLA DISPOSITION SERVICES (USA),0,1,1,2024-04-01T00:03:56Z,2024-04-01T00:03:56Z,AQMkADE2MTk0ZGY2LWU4YTItNGY4Yy04MjU3LTUzZGM0ZmQ3OWViMQAuAAADwZP4641Q4U2bsdrBXD_zagEAgs_jWmtFXU_h_GPdjnYLFAAAAgEMAAAA
mailer-daemon@alph752.prodigy.net,Mail Delivery Subsystem,0,3,3,2024-03-30T20:04:20Z,2024-04-01T00:03:59Z,AQMkADE2MTk0ZGY2LWU4YTItNGY4Yy04MjU3LTUzZGM0ZmQ3OWViMQAuAAADwZP4641Q4U2bsdrBXD_zagEAgs_jWmtFXU_h_GPdjnYLFAAAAgEMAAAA
mailer-daemon@alpd680.prodigy.net,Mail Delivery Subsystem,0,1,1,2024-03-31T01:34:58Z,2024-03-31T01:34:58Z,AQMkADE2MTk0ZGY2LWU4YTItNGY4Yy04MjU3LTUzZGM0ZmQ3OWViMQAuAAADwZP4641Q4U2bsdrBXD_zagEAgs_jWmtFXU_h_GPdjnYLFAAAAgEMAAAA
mailer-daemon@flpd568.prodigy.net,Mail Delivery Subsystem,0,1,1,2024-03-31T01:34:01Z,2024-03-31T01:34:01Z,AQMkADE2MTk0ZGY2LWU4YTItNGY4Yy04MjU3LTUzZGM0ZmQ3OWViMQAuAAADwZP4641Q4U2bsdrBXD_zagEAgs_jWmtFXU_h_GPdjnYLFAAAAgEMAAAA
mailer-daemon@alph734.prodigy.net,Mail Delivery Subsystem,0,3,3,2024-03-30T20:02:16Z,2024-03-30T20:17:57Z,AQMkADE2MTk0ZGY2LWU4YTItNGY4Yy04MjU3LTUzZGM0ZmQ3OWViMQAuAAADwZP4641Q4U2bsdrBXD_zagEAgs_jWmtFXU_h_GPdjnYLFAAAAgEMAAAA
mailer-daemon@flph827.prodigy.net,Mail Delivery Subsystem,0,3,3,2024-03-30T20:10:32Z,2024-03-30T20:16:15Z,AQMkADE2MTk0ZGY2LWU4YTItNGY4Yy04MjU3LTUzZGM0ZmQ3OWViMQAuAAADwZP4641Q4U2bsdrBXD_zagEAgs_jWmtFXU_h_GPdjnYLFAAAAgEMAAAA
mailer-daemon@alph739.prodigy.net,Mail Delivery Subsystem,0,2,2,2024-03-30T20:13:07Z,2024-03-30T20:15:24Z,AQMkADE2MTk0ZGY2LWU4YTItNGY4Yy04MjU3LTUzZGM0ZmQ3OWViMQAuAAADwZP4641Q4U2bsdrBXD_zagEAgs_jWmtFXU_h_GPdjnYLFAAAAgEMAAAA
mailer-daemon@flpd587.prodigy.net,Mail Delivery Subsystem,0,1,1,2024-03-30T20:14:18Z,2024-03-30T20:14:18Z,AQMkADE2MTk0ZGY2LWU4YTItNGY4Yy04MjU3LTUzZGM0ZmQ3OWViMQAuAAADwZP4641Q4U2bsdrBXD_zagEAgs_jWmtFXU_h_GPdjnYLFAAAAgEMAAAA
mailer-daemon@alph768.prodigy.net,Mail Delivery Subsystem,0,1,1,2024-03-30T20:13:58Z,2024-03-30T20:13:58Z,AQMkADE2MTk0ZGY2LWU4YTItNGY4Yy04MjU3LTUzZGM0ZmQ3OWViMQAuAAADwZP4641Q4U2bsdrBXD_zagEAgs_jWmtFXU_h_GPdjnYLFAAAAgEMAAAA
mailer-daemon@flph837.prodigy.net,Mail Delivery Subsystem,0,1,1,2024-03-30T20:13:12Z,2024-03-30T20:13:12Z,AQMkADE2MTk0ZGY2LWU4YTItNGY4Yy04MjU3LTUzZGM0ZmQ3OWViMQAuAAADwZP4641Q4U2bsdrBXD_zagEAgs_jWmtFXU_h_GPdjnYLFAAAAgEMAAAA
mailer-daemon@alph735.prodigy.net,Mail Delivery Subsystem,0,1,1,2024-03-30T20:12:46Z,2024-03-30T20:12:46Z,AQMkADE2MTk0ZGY2LWU4YTItNGY4Yy04MjU3LTUzZGM0ZmQ3OWViMQAuAAADwZP4641Q4U2bsdrBXD_zagEAgs_jWmtFXU_h_GPdjnYLFAAAAgEMAAAA
mailer-daemon@flpd574.prodigy.net,Mail Delivery Subsystem,0,1,1,2024-03-30T20:12:23Z,2024-03-30T20:12:23Z,AQMkADE2MTk0ZGY2LWU4YTItNGY4Yy04MjU3LTUzZGM0ZmQ3OWViMQAuAAADwZP4641Q4U2bsdrBXD_zagEAgs_jWmtFXU_h_GPdjnYLFAAAAgEMAAAA
mailer-daemon@alph774.prodigy.net,Mail Delivery Subsystem,0,1,1,2024-03-30T20:09:24Z,2024-03-30T20:09:24Z,AQMkADE2MTk0ZGY2LWU4YTItNGY4Yy04MjU3LTUzZGM0ZmQ3OWViMQAuAAADwZP4641Q4U2bsdrBXD_zagEAgs_jWmtFXU_h_GPdjnYLFAAAAgEMAAAA
mailer-daemon@flpd598.prodigy.net,Mail Delivery Subsystem,0,1,1,2024-03-30T20:08:46Z,2024-03-30T20:08:46Z,AQMkADE2MTk0ZGY2LWU4YTItNGY4Yy04MjU3LTUzZGM0ZmQ3OWViMQAuAAADwZP4641Q4U2bsdrBXD_zagEAgs_jWmtFXU_h_GPdjnYLFAAAAgEMAAAA
mailer-daemon@flpd569.prodigy.net,Mail Delivery Subsystem,0,1,1,2024-03-30T20:08:31Z,2024-03-30T20:08:31Z,AQMkADE2MTk0ZGY2LWU4YTItNGY4Yy04MjU3LTUzZGM0ZmQ3OWViMQAuAAADwZP4641Q4U2bsdrBXD_zagEAgs_jWmtFXU_h_GPdjnYLFAAAAgEMAAAA
mailer-daemon@flph821.prodigy.net,Mail Delivery Subsystem,0,1,1,2024-03-30T20:08:28Z,2024-03-30T20:08:28Z,AQMkADE2MTk0ZGY2LWU4YTItNGY4Yy04MjU3LTUzZGM0ZmQ3OWViMQAuAAADwZP4641Q4U2bsdrBXD_zagEAgs_jWmtFXU_h_GPdjnYLFAAAAgEMAAAA
mailer-daemon@alph751.prodigy.net,Mail Delivery Subsystem,0,1,1,2024-03-30T20:07:51Z,2024-03-30T20:07:51Z,AQMkADE2MTk0ZGY2LWU4YTItNGY4Yy04MjU3LTUzZGM0ZmQ3OWViMQAuAAADwZP4641Q4U2bsdrBXD_zagEAgs_jWmtFXU_h_GPdjnYLFAAAAgEMAAAA
mailer-daemon@flpd575.prodigy.net,Mail Delivery Subsystem,0,2,2,2024-03-30T20:02:55Z,2024-03-30T20:06:28Z,AQMkADE2MTk0ZGY2LWU4YTItNGY4Yy04MjU3LTUzZGM0ZmQ3OWViMQAuAAADwZP4641Q4U2bsdrBXD_zagEAgs_jWmtFXU_h_GPdjnYLFAAAAgEMAAAA
mailer-daemon@alpd679.prodigy.net,Mail Delivery Subsystem,0,1,1,2024-03-30T20:06:00Z,2024-03-30T20:06:00Z,AQMkADE2MTk0ZGY2LWU4YTItNGY4Yy04MjU3LTUzZGM0ZmQ3OWViMQAuAAADwZP4641Q4U2bsdrBXD_zagEAgs_jWmtFXU_h_GPdjnYLFAAAAgEMAAAA
cdbcustserv@cdsfulfillment.com,Car and Driver,0,1,1,2024-03-30T18:49:14Z,2024-03-30T18:49:14Z,AQMkADE2MTk0ZGY2LWU4YTItNGY4Yy04MjU3LTUzZGM0ZmQ3OWViMQAuAAADwZP4641Q4U2bsdrBXD_zagEAgs_jWmtFXU_h_GPdjnYLFAAAAgEMAAAA
boardroomresponsecentre@boardroomlimited.com.au,BoardRoom Response Centre,0,1,1,2024-03-30T18:48:37Z,2024-03-30T18:48:37Z,AQMkADE2MTk0ZGY2LWU4YTItNGY4Yy04MjU3LTUzZGM0ZmQ3OWViMQAuAAADwZP4641Q4U2bsdrBXD_zagEAgs_jWmtFXU_h_GPdjnYLFAAAAgEMAAAA
ccs.scc@international.gc.ca,ccs.scc@international.gc.ca,0,1,1,2024-03-30T18:47:16Z,2024-03-30T18:47:16Z,AQMkADE2MTk0ZGY2LWU4YTItNGY4Yy04MjU3LTUzZGM0ZmQ3OWViMQAuAAADwZP4641Q4U2bsdrBXD_zagEAgs_jWmtFXU_h_GPdjnYLFAAAAgEMAAAA
william.woltjen@dla.mil,Woltjen, William J CIV DLA TROOP SUPPORT (USA),0,1,1,2024-03-30T18:43:37Z,2024-03-30T18:43:37Z,AQMkADE2MTk0ZGY2LWU4YTItNGY4Yy04MjU3LTUzZGM0ZmQ3OWViMQAuAAADwZP4641Q4U2bsdrBXD_zagEAgs_jWmtFXU_h_GPdjnYLFAAAAgEMAAAA
distributionj7@dla.mil,Distribution J7,0,1,1,2024-03-30T18:43:29Z,2024-03-30T18:43:29Z,AQMkADE2MTk0ZGY2LWU4YTItNGY4Yy04MjU3LTUzZGM0ZmQ3OWViMQAuAAADwZP4641Q4U2bsdrBXD_zagEAgs_jWmtFXU_h_GPdjnYLFAAAAgEMAAAA
amb.office@liberianembassyus.org,Genevieve S. Woods-Winstead,0,1,1,2024-03-30T18:47:03Z,2024-03-30T18:47:03Z,AQMkADE2MTk0ZGY2LWU4YTItNGY4Yy04MjU3LTUzZGM0ZmQ3OWViMQAuAAADwZP4641Q4U2bsdrBXD_zagEAgs_jWmtFXU_h_GPdjnYLFAAAAgEMAAAA
james.lusk@odysseydcs.com,James lusk,0,1,1,2024-03-30T18:43:25Z,2024-03-30T18:43:25Z,AQMkADE2MTk0ZGY2LWU4YTItNGY4Yy04MjU3LTUzZGM0ZmQ3OWViMQAuAAADwZP4641Q4U2bsdrBXD_zagEAgs_jWmtFXU_h_GPdjnYLFAAAAgEMAAAA
hmaieritsch@crystallake.org,Heather Maieritsch,0,1,1,2024-03-30T18:43:12Z,2024-03-30T18:43:12Z,AQMkADE2MTk0ZGY2LWU4YTItNGY4Yy04MjU3LTUzZGM0ZmQ3OWViMQAuAAADwZP4641Q4U2bsdrBXD_zagEAgs_jWmtFXU_h_GPdjnYLFAAAAgEMAAAA
postmaster@interact.globaldata.com,postmaster@interact.globaldata.com,0,2,2,2024-03-30T17:31:01Z,2024-03-30T17:39:00Z,AQMkADE2MTk0ZGY2LWU4YTItNGY4Yy04MjU3LTUzZGM0ZmQ3OWViMQAuAAADwZP4641Q4U2bsdrBXD_zagEAgs_jWmtFXU_h_GPdjnYLFAAAAgEMAAAA
mail@algerianembassy.org,mail@algerianembassy.org,0,2,2,2024-03-30T17:30:34Z,2024-03-30T17:38:11Z,AQMkADE2MTk0ZGY2LWU4YTItNGY4Yy04MjU3LTUzZGM0ZmQ3OWViMQAuAAADwZP4641Q4U2bsdrBXD_zagEAgs_jWmtFXU_h_GPdjnYLFAAAAgEMAAAA
support@cx.freelancer.com,Freelancer Support,0,1,1,2024-03-30T17:31:20Z,2024-03-30T17:31:20Z,AQMkADE2MTk0ZGY2LWU4YTItNGY4Yy04MjU3LTUzZGM0ZmQ3OWViMQAuAAADwZP4641Q4U2bsdrBXD_zagEAgs_jWmtFXU_h_GPdjnYLFAAAAgEMAAAA
help@rocketmortgage.com,Quicken Loans,0,1,1,2024-03-30T17:30:38Z,2024-03-30T17:30:38Z,AQMkADE2MTk0ZGY2LWU4YTItNGY4Yy04MjU3LTUzZGM0ZmQ3OWViMQAuAAADwZP4641Q4U2bsdrBXD_zagEAgs_jWmtFXU_h_GPdjnYLFAAAAgEMAAAA
sboorse@pei.org,Scott Boorse,0,1,1,2024-03-30T17:14:10Z,2024-03-30T17:14:10Z,AQMkADE2MTk0ZGY2LWU4YTItNGY4Yy04MjU3LTUzZGM0ZmQ3OWViMQAuAAADwZP4641Q4U2bsdrBXD_zagEAgs_jWmtFXU_h_GPdjnYLFAAAAgEMAAAA
eshafer@pei.org,Erica Shafer,0,1,1,2024-03-30T17:14:09Z,2024-03-30T17:14:09Z,AQMkADE2MTk0ZGY2LWU4YTItNGY4Yy04MjU3LTUzZGM0ZmQ3OWViMQAuAAADwZP4641Q4U2bsdrBXD_zagEAgs_jWmtFXU_h_GPdjnYLFAAAAgEMAAAA
patriots+noreply@dailycaller.com,Patriots,0,1,1,2024-03-30T17:13:59Z,2024-03-30T17:13:59Z,AQMkADE2MTk0ZGY2LWU4YTItNGY4Yy04MjU3LTUzZGM0ZmQ3OWViMQAuAAADwZP4641Q4U2bsdrBXD_zagEAgs_jWmtFXU_h_GPdjnYLFAAAAgEMAAAA
hello+noreply@growella.com,Hello,0,1,1,2024-03-30T17:13:57Z,2024-03-30T17:13:57Z,AQMkADE2MTk0ZGY2LWU4YTItNGY4Yy04MjU3LTUzZGM0ZmQ3OWViMQAuAAADwZP4641Q4U2bsdrBXD_zagEAgs_jWmtFXU_h_GPdjnYLFAAAAgEMAAAA
olivia@hazlnut.com,Olivia Jenkins,0,1,1,2024-03-30T14:01:06Z,2024-03-30T14:01:06Z,AQMkADE2MTk0ZGY2LWU4YTItNGY4Yy04MjU3LTUzZGM0ZmQ3OWViMQAuAAADwZP4641Q4U2bsdrBXD_zagEAgs_jWmtFXU_h_GPdjnYLFAAAAgEMAAAA
forcustserv@cdsfulfillment.com,Fortune,0,1,1,2024-03-29T16:14:51Z,2024-03-29T16:14:51Z,AQMkADE2MTk0ZGY2LWU4YTItNGY4Yy04MjU3LTUzZGM0ZmQ3OWViMQAuAAADwZP4641Q4U2bsdrBXD_zagEAgs_jWmtFXU_h_GPdjnYLFAAAAgEMAAAA
u003eenterprisesales@fortune.com,u003eenterprisesales@fortune.com,0,1,1,2024-03-29T16:06:03Z,2024-03-29T16:06:03Z,AQMkADE2MTk0ZGY2LWU4YTItNGY4Yy04MjU3LTUzZGM0ZmQ3OWViMQAuAAADwZP4641Q4U2bsdrBXD_zagEAgs_jWmtFXU_h_GPdjnYLFAAAAgEMAAAA
u003esupport@fortune.com,u003esupport@fortune.com,0,1,1,2024-03-29T16:06:03Z,2024-03-29T16:06:03Z,AQMkADE2MTk0ZGY2LWU4YTItNGY4Yy04MjU3LTUzZGM0ZmQ3OWViMQAuAAADwZP4641Q4U2bsdrBXD_zagEAgs_jWmtFXU_h_GPdjnYLFAAAAgEMAAAA
u003ebrian.ernst@fortune.com,u003ebrian.ernst@fortune.com,0,1,1,2024-03-29T16:06:03Z,2024-03-29T16:06:03Z,AQMkADE2MTk0ZGY2LWU4YTItNGY4Yy04MjU3LTUzZGM0ZmQ3OWViMQAuAAADwZP4641Q4U2bsdrBXD_zagEAgs_jWmtFXU_h_GPdjnYLFAAAAgEMAAAA
u003efeedback@fortune.com,u003efeedback@fortune.com,0,1,1,2024-03-29T16:06:03Z,2024-03-29T16:06:03Z,AQMkADE2MTk0ZGY2LWU4YTItNGY4Yy04MjU3LTUzZGM0ZmQ3OWViMQAuAAADwZP4641Q4U2bsdrBXD_zagEAgs_jWmtFXU_h_GPdjnYLFAAAAgEMAAAA
u003eletters@fortune.com,u003eletters@fortune.com,0,1,1,2024-03-29T16:06:03Z,2024-03-29T16:06:03Z,AQMkADE2MTk0ZGY2LWU4YTItNGY4Yy04MjU3LTUzZGM0ZmQ3OWViMQAuAAADwZP4641Q4U2bsdrBXD_zagEAgs_jWmtFXU_h_GPdjnYLFAAAAgEMAAAA
u003epr@fortune.com,u003epr@fortune.com,0,1,1,2024-03-29T16:06:03Z,2024-03-29T16:06:03Z,AQMkADE2MTk0ZGY2LWU4YTItNGY4Yy04MjU3LTUzZGM0ZmQ3OWViMQAuAAADwZP4641Q4U2bsdrBXD_zagEAgs_jWmtFXU_h_GPdjnYLFAAAAgEMAAAA
rodell@sjvhomes.com,Rose O'Dell,0,1,1,2024-03-29T15:50:20Z,2024-03-29T15:50:20Z,AQMkADE2MTk0ZGY2LWU4YTItNGY4Yy04MjU3LTUzZGM0ZmQ3OWViMQAuAAADwZP4641Q4U2bsdrBXD_zagEAgs_jWmtFXU_h_GPdjnYLFAAAAgEMAAAA
mailer-daemon@stdel202.appriver.com,Mail Delivery Subsystem,0,1,1,2024-03-29T15:20:52Z,2024-03-29T15:20:52Z,AQMkADE2MTk0ZGY2LWU4YTItNGY4Yy04MjU3LTUzZGM0ZmQ3OWViMQAuAAADwZP4641Q4U2bsdrBXD_zagEAgs_jWmtFXU_h_GPdjnYLFAAAAgEMAAAA
ethompson@nahb.org,Liz Thompson,0,1,1,2024-03-29T15:20:49Z,2024-03-29T15:20:49Z,AQMkADE2MTk0ZGY2LWU4YTItNGY4Yy04MjU3LTUzZGM0ZmQ3OWViMQAuAAADwZP4641Q4U2bsdrBXD_zagEAgs_jWmtFXU_h_GPdjnYLFAAAAgEMAAAA
chris.blanchard@opusonewinery.com,Chris Blanchard, MS,0,1,1,2024-03-12T17:32:15Z,2024-03-12T17:32:15Z,AQMkADE2MTk0ZGY2LWU4YTItNGY4Yy04MjU3LTUzZGM0ZmQ3OWViMQAuAAADwZP4641Q4U2bsdrBXD_zagEAgs_jWmtFXU_h_GPdjnYLFAAAAgEMAAAA
andrew@marginedge.com,Andrew Hoing,0,1,1,2024-03-12T00:21:11Z,2024-03-12T00:21:11Z,AQMkADE2MTk0ZGY2LWU4YTItNGY4Yy04MjU3LTUzZGM0ZmQ3OWViMQAuAAADwZP4641Q4U2bsdrBXD_zagEAgs_jWmtFXU_h_GPdjnYLFAAAAgEMAAAA
stephany.soto@visalia.city,Stephany Soto,0,1,1,2024-03-08T17:01:23Z,2024-03-08T17:01:23Z,AQMkADE2MTk0ZGY2LWU4YTItNGY4Yy04MjU3LTUzZGM0ZmQ3OWViMQAuAAADwZP4641Q4U2bsdrBXD_zagEAgs_jWmtFXU_h_GPdjnYLFAAAAgEMAAAA
holly.ellis@visalia.city,Holly Ellis,0,1,1,2024-03-08T17:01:23Z,2024-03-08T17:01:23Z,AQMkADE2MTk0ZGY2LWU4YTItNGY4Yy04MjU3LTUzZGM0ZmQ3OWViMQAuAAADwZP4641Q4U2bsdrBXD_zagEAgs_jWmtFXU_h_GPdjnYLFAAAAgEMAAAA
arianna.ornelas@visalia.city,Arianna Ornelas,0,1,1,2024-03-08T17:01:23Z,2024-03-08T17:01:23Z,AQMkADE2MTk0ZGY2LWU4YTItNGY4Yy04MjU3LTUzZGM0ZmQ3OWViMQAuAAADwZP4641Q4U2bsdrBXD_zagEAgs_jWmtFXU_h_GPdjnYLFAAAAgEMAAAA
hollis@staglinfamily.com,Hollis Nelson,0,2,2,2024-02-16T00:29:44Z,2024-02-28T17:25:09Z,AQMkADE2MTk0ZGY2LWU4YTItNGY4Yy04MjU3LTUzZGM0ZmQ3OWViMQAuAAADwZP4641Q4U2bsdrBXD_zagEAgs_jWmtFXU_h_GPdjnYLFAAAAgEMAAAA
azure-noreply@microsoft.com,Microsoft Azure,0,5,5,2024-01-14T22:33:25Z,2024-02-18T14:30:51Z,AQMkADE2MTk0ZGY2LWU4YTItNGY4Yy04MjU3LTUzZGM0ZmQ3OWViMQAuAAADwZP4641Q4U2bsdrBXD_zagEAgs_jWmtFXU_h_GPdjnYLFAAAAgEMAAAA
info@dsr.org.cn,Lucy Guo,0,1,1,2024-02-08T13:51:46Z,2024-02-08T13:51:46Z,AQMkADE2MTk0ZGY2LWU4YTItNGY4Yy04MjU3LTUzZGM0ZmQ3OWViMQAuAAADwZP4641Q4U2bsdrBXD_zagEAgs_jWmtFXU_h_GPdjnYLFAAAAgEMAAAA
wineclub@ehlersestate.com,Ehlers Estate,0,1,1,2024-02-05T17:00:10Z,2024-02-05T17:00:10Z,AQMkADE2MTk0ZGY2LWU4YTItNGY4Yy04MjU3LTUzZGM0ZmQ3OWViMQAuAAADwZP4641Q4U2bsdrBXD_zagEAgs_jWmtFXU_h_GPdjnYLFAAAAgEMAAAA
bobby@ehlersestate.com,Bobby Smeltzer,0,1,1,2024-01-31T21:12:09Z,2024-01-31T21:12:09Z,AQMkADE2MTk0ZGY2LWU4YTItNGY4Yy04MjU3LTUzZGM0ZmQ3OWViMQAuAAADwZP4641Q4U2bsdrBXD_zagEAgs_jWmtFXU_h_GPdjnYLFAAAAgEMAAAA
support@justboardrooms.com,Just Boardrooms,0,1,1,2024-01-30T13:02:23Z,2024-01-30T13:02:23Z,AQMkADE2MTk0ZGY2LWU4YTItNGY4Yy04MjU3LTUzZGM0ZmQ3OWViMQAuAAADwZP4641Q4U2bsdrBXD_zagEAgs_jWmtFXU_h_GPdjnYLFAAAAgEMAAAA
j.obriens@getdandynow.com,Jennifer Obrien,0,1,1,2024-01-28T19:05:03Z,2024-01-28T19:05:03Z,AQMkADE2MTk0ZGY2LWU4YTItNGY4Yy04MjU3LTUzZGM0ZmQ3OWViMQAuAAADwZP4641Q4U2bsdrBXD_zagEAgs_jWmtFXU_h_GPdjnYLFAAAAgEMAAAA
jen.obrien@dandyreviewtech.com,Jennifer Obrien,0,1,1,2024-01-27T10:46:16Z,2024-01-27T10:46:16Z,AQMkADE2MTk0ZGY2LWU4YTItNGY4Yy04MjU3LTUzZGM0ZmQ3OWViMQAuAAADwZP4641Q4U2bsdrBXD_zagEAgs_jWmtFXU_h_GPdjnYLFAAAAgEMAAAA
lauren@contact.1-westfinance.com,Lauren Powers,0,1,1,2024-01-26T17:00:28Z,2024-01-26T17:00:28Z,AQMkADE2MTk0ZGY2LWU4YTItNGY4Yy04MjU3LTUzZGM0ZmQ3OWViMQAuAAADwZP4641Q4U2bsdrBXD_zagEAgs_jWmtFXU_h_GPdjnYLFAAAAgEMAAAA
jenna@adminvas.com,Jenna Harper,0,2,2,2024-01-11T16:20:00Z,2024-01-11T16:20:00Z,AQMkADE2MTk0ZGY2LWU4YTItNGY4Yy04MjU3LTUzZGM0ZmQ3OWViMQAuAAADwZP4641Q4U2bsdrBXD_zagEAgs_jWmtFXU_h_GPdjnYLFAAAAgEMAAAA
no-reply@customers.instacartemail.com,Instacart,0,3,3,2024-01-03T16:47:43Z,2024-01-08T20:18:20Z,AQMkADE2MTk0ZGY2LWU4YTItNGY4Yy04MjU3LTUzZGM0ZmQ3OWViMQAuAAADwZP4641Q4U2bsdrBXD_zagEAgs_jWmtFXU_h_GPdjnYLFAAAAgEMAAAA
david@thevintagepress.com,David Vartanian,0,150,150,2024-01-02T15:01:59Z,2024-01-08T20:18:20Z,AQMkADE2MTk0ZGY2LWU4YTItNGY4Yy04MjU3LTUzZGM0ZmQ3OWViMQAuAAADwZP4641Q4U2bsdrBXD_zagEAgs_jWmtFXU_h_GPdjnYLFAAAAgEMAAAA
insiders@send.riverbendhome.com,Riverbend Home,0,4,4,2024-01-03T19:45:20Z,2024-01-08T19:45:22Z,AQMkADE2MTk0ZGY2LWU4YTItNGY4Yy04MjU3LTUzZGM0ZmQ3OWViMQAuAAADwZP4641Q4U2bsdrBXD_zagEAgs_jWmtFXU_h_GPdjnYLFAAAAgEMAAAA
info@getmainelobster.com,Get Maine Lobster,0,10,10,2024-01-02T15:44:05Z,2024-01-08T19:04:00Z,AQMkADE2MTk0ZGY2LWU4YTItNGY4Yy04MjU3LTUzZGM0ZmQ3OWViMQAuAAADwZP4641Q4U2bsdrBXD_zagEAgs_jWmtFXU_h_GPdjnYLFAAAAgEMAAAA
steve@etchegarayfarms.com,Steve Etchegaray,0,1,1,2024-01-08T18:57:31Z,2024-01-08T18:57:31Z,AQMkADE2MTk0ZGY2LWU4YTItNGY4Yy04MjU3LTUzZGM0ZmQ3OWViMQAuAAADwZP4641Q4U2bsdrBXD_zagEAgs_jWmtFXU_h_GPdjnYLFAAAAgEMAAAA
noreply@mail.lendistry.com,Lendistry,0,1,1,2024-01-08T18:15:56Z,2024-01-08T18:15:56Z,AQMkADE2MTk0ZGY2LWU4YTItNGY4Yy04MjU3LTUzZGM0ZmQ3OWViMQAuAAADwZP4641Q4U2bsdrBXD_zagEAgs_jWmtFXU_h_GPdjnYLFAAAAgEMAAAA
events+sequoiatrex.org@ccsend.com,Trex Fraternity of California, Sequoia Chapter,0,2,2,2024-01-02T23:02:24Z,2024-01-08T18:00:15Z,AQMkADE2MTk0ZGY2LWU4YTItNGY4Yy04MjU3LTUzZGM0ZmQ3OWViMQAuAAADwZP4641Q4U2bsdrBXD_zagEAgs_jWmtFXU_h_GPdjnYLFAAAAgEMAAAA
campaign@mail.vctrainings.com,Accountants And Chat GPT,0,4,4,2024-01-03T21:31:09Z,2024-01-08T16:46:00Z,AQMkADE2MTk0ZGY2LWU4YTItNGY4Yy04MjU3LTUzZGM0ZmQ3OWViMQAuAAADwZP4641Q4U2bsdrBXD_zagEAgs_jWmtFXU_h_GPdjnYLFAAAAgEMAAAA
bootbarn@p.bootbarn.com,Boot Barn,0,7,7,2024-01-02T16:48:37Z,2024-01-08T16:48:52Z,AQMkADE2MTk0ZGY2LWU4YTItNGY4Yy04MjU3LTUzZGM0ZmQ3OWViMQAuAAADwZP4641Q4U2bsdrBXD_zagEAgs_jWmtFXU_h_GPdjnYLFAAAAgEMAAAA
flyers@webstaurantstore.com,WebstaurantStore,0,4,4,2024-01-02T19:34:46Z,2024-01-08T16:39:53Z,AQMkADE2MTk0ZGY2LWU4YTItNGY4Yy04MjU3LTUzZGM0ZmQ3OWViMQAuAAADwZP4641Q4U2bsdrBXD_zagEAgs_jWmtFXU_h_GPdjnYLFAAAAgEMAAAA
sales@renaissancecorp.com,Renaissance Fine Consignment,0,2,2,2024-01-02T15:46:35Z,2024-01-08T16:07:11Z,AQMkADE2MTk0ZGY2LWU4YTItNGY4Yy04MjU3LTUzZGM0ZmQ3OWViMQAuAAADwZP4641Q4U2bsdrBXD_zagEAgs_jWmtFXU_h_GPdjnYLFAAAAgEMAAAA
dell@em.business.dell.com,Dell Technologies,0,3,3,2024-01-02T16:02:05Z,2024-01-08T16:05:37Z,AQMkADE2MTk0ZGY2LWU4YTItNGY4Yy04MjU3LTUzZGM0ZmQ3OWViMQAuAAADwZP4641Q4U2bsdrBXD_zagEAgs_jWmtFXU_h_GPdjnYLFAAAAgEMAAAA
email@email.etsy.com,Etsy,0,5,5,2024-01-02T16:18:16Z,2024-01-08T15:37:01Z,AQMkADE2MTk0ZGY2LWU4YTItNGY4Yy04MjU3LTUzZGM0ZmQ3OWViMQAuAAADwZP4641Q4U2bsdrBXD_zagEAgs_jWmtFXU_h_GPdjnYLFAAAAgEMAAAA
news@subscriptions.dorchestercollection.com,The Lana,0,1,1,2024-01-08T15:15:37Z,2024-01-08T15:15:37Z,AQMkADE2MTk0ZGY2LWU4YTItNGY4Yy04MjU3LTUzZGM0ZmQ3OWViMQAuAAADwZP4641Q4U2bsdrBXD_zagEAgs_jWmtFXU_h_GPdjnYLFAAAAgEMAAAA
josabank@shop.josbank.com,Jos. A. Bank,0,14,14,2024-01-02T15:10:36Z,2024-01-08T15:11:28Z,AQMkADE2MTk0ZGY2LWU4YTItNGY4Yy04MjU3LTUzZGM0ZmQ3OWViMQAuAAADwZP4641Q4U2bsdrBXD_zagEAgs_jWmtFXU_h_GPdjnYLFAAAAgEMAAAA
emails@postable.com,Postable,0,4,4,2024-01-02T15:01:59Z,2024-01-08T15:01:22Z,AQMkADE2MTk0ZGY2LWU4YTItNGY4Yy04MjU3LTUzZGM0ZmQ3OWViMQAuAAADwZP4641Q4U2bsdrBXD_zagEAgs_jWmtFXU_h_GPdjnYLFAAAAgEMAAAA
thekeyrewards@e.thekeyrewards.com,The Key Rewards,0,2,2,2024-01-02T19:04:52Z,2024-01-08T14:35:40Z,AQMkADE2MTk0ZGY2LWU4YTItNGY4Yy04MjU3LTUzZGM0ZmQ3OWViMQAuAAADwZP4641Q4U2bsdrBXD_zagEAgs_jWmtFXU_h_GPdjnYLFAAAAgEMAAAA
news@email.nuts.com,Nuts.com,0,8,8,2024-01-03T16:04:02Z,2024-01-08T14:00:51Z,AQMkADE2MTk0ZGY2LWU4YTItNGY4Yy04MjU3LTUzZGM0ZmQ3OWViMQAuAAADwZP4641Q4U2bsdrBXD_zagEAgs_jWmtFXU_h_GPdjnYLFAAAAgEMAAAA
williamssonoma@e.williams-sonoma.com,Williams Sonoma,0,13,13,2024-01-03T12:42:18Z,2024-01-08T12:43:47Z,AQMkADE2MTk0ZGY2LWU4YTItNGY4Yy04MjU3LTUzZGM0ZmQ3OWViMQAuAAADwZP4641Q4U2bsdrBXD_zagEAgs_jWmtFXU_h_GPdjnYLFAAAAgEMAAAA
alerts@notify.wellsfargo.com,Wells Fargo,0,2,2,2024-01-05T03:39:00Z,2024-01-08T12:36:46Z,AQMkADE2MTk0ZGY2LWU4YTItNGY4Yy04MjU3LTUzZGM0ZmQ3OWViMQAuAAADwZP4641Q4U2bsdrBXD_zagEAgs_jWmtFXU_h_GPdjnYLFAAAAgEMAAAA
customercare21136@customercenter.net,customercare21136@customercenter.net,0,1,1,2024-01-08T08:16:39Z,2024-01-08T08:16:39Z,AQMkADE2MTk0ZGY2LWU4YTItNGY4Yy04MjU3LTUzZGM0ZmQ3OWViMQAuAAADwZP4641Q4U2bsdrBXD_zagEAgs_jWmtFXU_h_GPdjnYLFAAAAgEMAAAA
shop@emails.macys.com,Macy's One Day Sale,0,8,8,2024-01-03T12:59:03Z,2024-01-07T22:23:17Z,AQMkADE2MTk0ZGY2LWU4YTItNGY4Yy04MjU3LTUzZGM0ZmQ3OWViMQAuAAADwZP4641Q4U2bsdrBXD_zagEAgs_jWmtFXU_h_GPdjnYLFAAAAgEMAAAA
specials@eml.cigarsinternational.com,CI Specials,0,4,4,2024-01-03T21:11:14Z,2024-01-07T20:12:24Z,AQMkADE2MTk0ZGY2LWU4YTItNGY4Yy04MjU3LTUzZGM0ZmQ3OWViMQAuAAADwZP4641Q4U2bsdrBXD_zagEAgs_jWmtFXU_h_GPdjnYLFAAAAgEMAAAA
frette-us@email.frette.com,Frette,0,2,2,2024-01-04T14:07:45Z,2024-01-07T15:08:34Z,AQMkADE2MTk0ZGY2LWU4YTItNGY4Yy04MjU3LTUzZGM0ZmQ3OWViMQAuAAADwZP4641Q4U2bsdrBXD_zagEAgs_jWmtFXU_h_GPdjnYLFAAAAgEMAAAA
news@email.etonshirts.com,Eton Shirts,0,3,3,2024-01-03T14:01:11Z,2024-01-07T14:01:10Z,AQMkADE2MTk0ZGY2LWU4YTItNGY4Yy04MjU3LTUzZGM0ZmQ3OWViMQAuAAADwZP4641Q4U2bsdrBXD_zagEAgs_jWmtFXU_h_GPdjnYLFAAAAgEMAAAA
restaurantowner@restaurantowner.com,RestaurantOwner Team,0,1,1,2024-01-07T13:04:31Z,2024-01-07T13:04:31Z,AQMkADE2MTk0ZGY2LWU4YTItNGY4Yy04MjU3LTUzZGM0ZmQ3OWViMQAuAAADwZP4641Q4U2bsdrBXD_zagEAgs_jWmtFXU_h_GPdjnYLFAAAAgEMAAAA
dianefar@yahoo.com,Diane Farley,0,8,8,2024-01-03T03:38:43Z,2024-01-07T03:23:17Z,AQMkADE2MTk0ZGY2LWU4YTItNGY4Yy04MjU3LTUzZGM0ZmQ3OWViMQAuAAADwZP4641Q4U2bsdrBXD_zagEAgs_jWmtFXU_h_GPdjnYLFAAAAgEMAAAA
restaurants@yelp.com,Yelp for Restaurants,0,1,1,2024-01-06T20:15:15Z,2024-01-06T20:15:15Z,AQMkADE2MTk0ZGY2LWU4YTItNGY4Yy04MjU3LTUzZGM0ZmQ3OWViMQAuAAADwZP4641Q4U2bsdrBXD_zagEAgs_jWmtFXU_h_GPdjnYLFAAAAgEMAAAA
customerservice@jbprince.com,JB Prince Company,0,1,1,2024-01-06T10:00:12Z,2024-01-06T10:00:12Z,AQMkADE2MTk0ZGY2LWU4YTItNGY4Yy04MjU3LTUzZGM0ZmQ3OWViMQAuAAADwZP4641Q4U2bsdrBXD_zagEAgs_jWmtFXU_h_GPdjnYLFAAAAgEMAAAA
usaukmarketing@proton.me,USAUKmarketing,0,1,1,2024-01-06T03:49:06Z,2024-01-06T03:49:06Z,AQMkADE2MTk0ZGY2LWU4YTItNGY4Yy04MjU3LTUzZGM0ZmQ3OWViMQAuAAADwZP4641Q4U2bsdrBXD_zagEAgs_jWmtFXU_h_GPdjnYLFAAAAgEMAAAA
toni.strahan@jackinthebox.com,toni.strahan@jackinthebox.com,0,1,1,2024-01-06T03:49:06Z,2024-01-06T03:49:06Z,AQMkADE2MTk0ZGY2LWU4YTItNGY4Yy04MjU3LTUzZGM0ZmQ3OWViMQAuAAADwZP4641Q4U2bsdrBXD_zagEAgs_jWmtFXU_h_GPdjnYLFAAAAgEMAAAA
melissa.martinez@pandarg.com,melissa.martinez@pandarg.com,0,1,1,2024-01-06T03:49:06Z,2024-01-06T03:49:06Z,AQMkADE2MTk0ZGY2LWU4YTItNGY4Yy04MjU3LTUzZGM0ZmQ3OWViMQAuAAADwZP4641Q4U2bsdrBXD_zagEAgs_jWmtFXU_h_GPdjnYLFAAAAgEMAAAA
nadav@eat24.com,nadav@eat24.com,0,1,1,2024-01-06T03:49:06Z,2024-01-06T03:49:06Z,AQMkADE2MTk0ZGY2LWU4YTItNGY4Yy04MjU3LTUzZGM0ZmQ3OWViMQAuAAADwZP4641Q4U2bsdrBXD_zagEAgs_jWmtFXU_h_GPdjnYLFAAAAgEMAAAA
kdiedrich@jasperscornertap.com,kdiedrich@jasperscornertap.com,0,1,1,2024-01-06T03:49:06Z,2024-01-06T03:49:06Z,AQMkADE2MTk0ZGY2LWU4YTItNGY4Yy04MjU3LTUzZGM0ZmQ3OWViMQAuAAADwZP4641Q4U2bsdrBXD_zagEAgs_jWmtFXU_h_GPdjnYLFAAAAgEMAAAA
angella.green@pandarg.com,angella.green@pandarg.com,0,1,1,2024-01-06T03:49:06Z,2024-01-06T03:49:06Z,AQMkADE2MTk0ZGY2LWU4YTItNGY4Yy04MjU3LTUzZGM0ZmQ3OWViMQAuAAADwZP4641Q4U2bsdrBXD_zagEAgs_jWmtFXU_h_GPdjnYLFAAAAgEMAAAA
nancy@valetgirls.com,nancy@valetgirls.com,0,1,1,2024-01-06T03:49:06Z,2024-01-06T03:49:06Z,AQMkADE2MTk0ZGY2LWU4YTItNGY4Yy04MjU3LTUzZGM0ZmQ3OWViMQAuAAADwZP4641Q4U2bsdrBXD_zagEAgs_jWmtFXU_h_GPdjnYLFAAAAgEMAAAA
nsood@tanzore.com,nsood@tanzore.com,0,1,1,2024-01-06T03:49:06Z,2024-01-06T03:49:06Z,AQMkADE2MTk0ZGY2LWU4YTItNGY4Yy04MjU3LTUzZGM0ZmQ3OWViMQAuAAADwZP4641Q4U2bsdrBXD_zagEAgs_jWmtFXU_h_GPdjnYLFAAAAgEMAAAA
sudesh@tanzore.com,sudesh@tanzore.com,0,1,1,2024-01-06T03:49:06Z,2024-01-06T03:49:06Z,AQMkADE2MTk0ZGY2LWU4YTItNGY4Yy04MjU3LTUzZGM0ZmQ3OWViMQAuAAADwZP4641Q4U2bsdrBXD_zagEAgs_jWmtFXU_h_GPdjnYLFAAAAgEMAAAA
bruner@msu.edu,bruner@msu.edu,0,1,1,2024-01-06T03:49:06Z,2024-01-06T03:49:06Z,AQMkADE2MTk0ZGY2LWU4YTItNGY4Yy04MjU3LTUzZGM0ZmQ3OWViMQAuAAADwZP4641Q4U2bsdrBXD_zagEAgs_jWmtFXU_h_GPdjnYLFAAAAgEMAAAA
toby@bigsurfoodandwine.org,toby@bigsurfoodandwine.org,0,1,1,2024-01-06T03:49:06Z,2024-01-06T03:49:06Z,AQMkADE2MTk0ZGY2LWU4YTItNGY4Yy04MjU3LTUzZGM0ZmQ3OWViMQAuAAADwZP4641Q4U2bsdrBXD_zagEAgs_jWmtFXU_h_GPdjnYLFAAAAgEMAAAA
laura@bigsurfoodandwine.org,laura@bigsurfoodandwine.org,0,1,1,2024-01-06T03:49:06Z,2024-01-06T03:49:06Z,AQMkADE2MTk0ZGY2LWU4YTItNGY4Yy04MjU3LTUzZGM0ZmQ3OWViMQAuAAADwZP4641Q4U2bsdrBXD_zagEAgs_jWmtFXU_h_GPdjnYLFAAAAgEMAAAA
peter@mangia-mi.com,peter@mangia-mi.com,0,1,1,2024-01-06T03:49:06Z,2024-01-06T03:49:06Z,AQMkADE2MTk0ZGY2LWU4YTItNGY4Yy04MjU3LTUzZGM0ZmQ3OWViMQAuAAADwZP4641Q4U2bsdrBXD_zagEAgs_jWmtFXU_h_GPdjnYLFAAAAgEMAAAA
roberto@jackandtonys.com,roberto@jackandtonys.com,0,1,1,2024-01-06T03:49:06Z,2024-01-06T03:49:06Z,AQMkADE2MTk0ZGY2LWU4YTItNGY4Yy04MjU3LTUzZGM0ZmQ3OWViMQAuAAADwZP4641Q4U2bsdrBXD_zagEAgs_jWmtFXU_h_GPdjnYLFAAAAgEMAAAA
billt@daphnes.biz,billt@daphnes.biz,0,1,1,2024-01-06T03:49:06Z,2024-01-06T03:49:06Z,AQMkADE2MTk0ZGY2LWU4YTItNGY4Yy04MjU3LTUzZGM0ZmQ3OWViMQAuAAADwZP4641Q4U2bsdrBXD_zagEAgs_jWmtFXU_h_GPdjnYLFAAAAgEMAAAA
betsysv@icloud.com,Elizabeth Reniers,0,1,1,2024-01-06T01:01:40Z,2024-01-06T01:01:40Z,AQMkADE2MTk0ZGY2LWU4YTItNGY4Yy04MjU3LTUzZGM0ZmQ3OWViMQAuAAADwZP4641Q4U2bsdrBXD_zagEAgs_jWmtFXU_h_GPdjnYLFAAAAgEMAAAA
potterybarn@e.potterybarn.com,Pottery Barn,0,1,1,2024-01-05T22:10:26Z,2024-01-05T22:10:26Z,AQMkADE2MTk0ZGY2LWU4YTItNGY4Yy04MjU3LTUzZGM0ZmQ3OWViMQAuAAADwZP4641Q4U2bsdrBXD_zagEAgs_jWmtFXU_h_GPdjnYLFAAAAgEMAAAA
information@cvlux.com,CVLUX,0,1,1,2024-01-05T20:59:32Z,2024-01-05T20:59:32Z,AQMkADE2MTk0ZGY2LWU4YTItNGY4Yy04MjU3LTUzZGM0ZmQ3OWViMQAuAAADwZP4641Q4U2bsdrBXD_zagEAgs_jWmtFXU_h_GPdjnYLFAAAAgEMAAAA
hello@daouvineyards.com,DAOU Vineyards,0,1,1,2024-01-05T19:33:17Z,2024-01-05T19:33:17Z,AQMkADE2MTk0ZGY2LWU4YTItNGY4Yy04MjU3LTUzZGM0ZmQ3OWViMQAuAAADwZP4641Q4U2bsdrBXD_zagEAgs_jWmtFXU_h_GPdjnYLFAAAAgEMAAAA
anne.goltz@ac-foods.com,Anne Goltz,0,4,4,2024-01-02T19:30:56Z,2024-01-05T16:25:25Z,AQMkADE2MTk0ZGY2LWU4YTItNGY4Yy04MjU3LTUzZGM0ZmQ3OWViMQAuAAADwZP4641Q4U2bsdrBXD_zagEAgs_jWmtFXU_h_GPdjnYLFAAAAgEMAAAA
bootbarn@t.bootbarn.com,Boot Barn Rewards,0,2,2,2024-01-03T15:18:00Z,2024-01-05T15:44:57Z,AQMkADE2MTk0ZGY2LWU4YTItNGY4Yy04MjU3LTUzZGM0ZmQ3OWViMQAuAAADwZP4641Q4U2bsdrBXD_zagEAgs_jWmtFXU_h_GPdjnYLFAAAAgEMAAAA
do_not_reply@alerts.wellsfargo.com,Wells Fargo Fraud Detection,0,1,1,2024-01-05T02:45:08Z,2024-01-05T02:45:08Z,AQMkADE2MTk0ZGY2LWU4YTItNGY4Yy04MjU3LTUzZGM0ZmQ3OWViMQAuAAADwZP4641Q4U2bsdrBXD_zagEAgs_jWmtFXU_h_GPdjnYLFAAAAgEMAAAA
dallasrutherford@att.net,dallas rutherford,0,2,2,2024-01-05T01:49:49Z,2024-01-05T02:27:59Z,AQMkADE2MTk0ZGY2LWU4YTItNGY4Yy04MjU3LTUzZGM0ZmQ3OWViMQAuAAADwZP4641Q4U2bsdrBXD_zagEAgs_jWmtFXU_h_GPdjnYLFAAAAgEMAAAA
subscriptions@email.usfoods.com,US Foods,0,1,1,2024-01-04T23:50:05Z,2024-01-04T23:50:05Z,AQMkADE2MTk0ZGY2LWU4YTItNGY4Yy04MjU3LTUzZGM0ZmQ3OWViMQAuAAADwZP4641Q4U2bsdrBXD_zagEAgs_jWmtFXU_h_GPdjnYLFAAAAgEMAAAA
experience@yourvoice.principal.com,Principal,0,1,1,2024-01-04T21:31:09Z,2024-01-04T21:31:09Z,AQMkADE2MTk0ZGY2LWU4YTItNGY4Yy04MjU3LTUzZGM0ZmQ3OWViMQAuAAADwZP4641Q4U2bsdrBXD_zagEAgs_jWmtFXU_h_GPdjnYLFAAAAgEMAAAA
matthewb@yelp.com,Matt Brady,0,1,1,2024-01-04T21:08:22Z,2024-01-04T21:08:22Z,AQMkADE2MTk0ZGY2LWU4YTItNGY4Yy04MjU3LTUzZGM0ZmQ3OWViMQAuAAADwZP4641Q4U2bsdrBXD_zagEAgs_jWmtFXU_h_GPdjnYLFAAAAgEMAAAA
reply@e.fordpro.com,Ford Pro,0,1,1,2024-01-04T20:00:55Z,2024-01-04T20:00:55Z,AQMkADE2MTk0ZGY2LWU4YTItNGY4Yy04MjU3LTUzZGM0ZmQ3OWViMQAuAAADwZP4641Q4U2bsdrBXD_zagEAgs_jWmtFXU_h_GPdjnYLFAAAAgEMAAAA
alert@emails.macys.com,macys,0,1,1,2024-01-04T19:20:38Z,2024-01-04T19:20:38Z,AQMkADE2MTk0ZGY2LWU4YTItNGY4Yy04MjU3LTUzZGM0ZmQ3OWViMQAuAAADwZP4641Q4U2bsdrBXD_zagEAgs_jWmtFXU_h_GPdjnYLFAAAAgEMAAAA
rparsley@oneputtbroadcasting.com,Russ Parsley,0,4,4,2024-01-02T18:41:34Z,2024-01-04T19:05:23Z,AQMkADE2MTk0ZGY2LWU4YTItNGY4Yy04MjU3LTUzZGM0ZmQ3OWViMQAuAAADwZP4641Q4U2bsdrBXD_zagEAgs_jWmtFXU_h_GPdjnYLFAAAAgEMAAAA
mail@notify.onecallnow.com,Waste Connections,0,1,1,2024-01-04T17:53:52Z,2024-01-04T17:53:52Z,AQMkADE2MTk0ZGY2LWU4YTItNGY4Yy04MjU3LTUzZGM0ZmQ3OWViMQAuAAADwZP4641Q4U2bsdrBXD_zagEAgs_jWmtFXU_h_GPdjnYLFAAAAgEMAAAA
email@opryemail.com,Grand Ole Opry,0,1,1,2024-01-04T17:11:27Z,2024-01-04T17:11:27Z,AQMkADE2MTk0ZGY2LWU4YTItNGY4Yy04MjU3LTUzZGM0ZmQ3OWViMQAuAAADwZP4641Q4U2bsdrBXD_zagEAgs_jWmtFXU_h_GPdjnYLFAAAAgEMAAAA
employernotification@alert.principal.com,employernotification@alert.principal.com,0,3,3,2024-01-02T16:05:44Z,2024-01-04T16:04:29Z,AQMkADE2MTk0ZGY2LWU4YTItNGY4Yy04MjU3LTUzZGM0ZmQ3OWViMQAuAAADwZP4641Q4U2bsdrBXD_zagEAgs_jWmtFXU_h_GPdjnYLFAAAAgEMAAAA
potterybarnkids@e.potterybarnkids.com,Pottery Barn Kids,0,1,1,2024-01-04T15:11:17Z,2024-01-04T15:11:17Z,AQMkADE2MTk0ZGY2LWU4YTItNGY4Yy04MjU3LTUzZGM0ZmQ3OWViMQAuAAADwZP4641Q4U2bsdrBXD_zagEAgs_jWmtFXU_h_GPdjnYLFAAAAgEMAAAA
notification@alert.principal.com,notification@alert.principal.com,0,1,1,2024-01-04T10:18:06Z,2024-01-04T10:18:06Z,AQMkADE2MTk0ZGY2LWU4YTItNGY4Yy04MjU3LTUzZGM0ZmQ3OWViMQAuAAADwZP4641Q4U2bsdrBXD_zagEAgs_jWmtFXU_h_GPdjnYLFAAAAgEMAAAA
realsodacc@gmail.com,Real Soda Central California,0,1,1,2024-01-04T03:39:23Z,2024-01-04T03:39:23Z,AQMkADE2MTk0ZGY2LWU4YTItNGY4Yy04MjU3LTUzZGM0ZmQ3OWViMQAuAAADwZP4641Q4U2bsdrBXD_zagEAgs_jWmtFXU_h_GPdjnYLFAAAAgEMAAAA
ettopasta@gmail.com,Etto Pastificio,0,1,1,2024-01-04T02:56:04Z,2024-01-04T02:56:04Z,AQMkADE2MTk0ZGY2LWU4YTItNGY4Yy04MjU3LTUzZGM0ZmQ3OWViMQAuAAADwZP4641Q4U2bsdrBXD_zagEAgs_jWmtFXU_h_GPdjnYLFAAAAgEMAAAA
isabel@teamedizeven.com,Isabel Perez,0,1,1,2024-01-03T23:01:23Z,2024-01-03T23:01:23Z,AQMkADE2MTk0ZGY2LWU4YTItNGY4Yy04MjU3LTUzZGM0ZmQ3OWViMQAuAAADwZP4641Q4U2bsdrBXD_zagEAgs_jWmtFXU_h_GPdjnYLFAAAAgEMAAAA
andrewsteamtc@hotmail.com,sarah boardman,0,2,2,2024-01-03T20:15:00Z,2024-01-03T20:16:49Z,AQMkADE2MTk0ZGY2LWU4YTItNGY4Yy04MjU3LTUzZGM0ZmQ3OWViMQAuAAADwZP4641Q4U2bsdrBXD_zagEAgs_jWmtFXU_h_GPdjnYLFAAAAgEMAAAA
wellsfargoonline@mail1.wellsfargo.com,Wells Fargo Online,0,1,1,2024-01-03T18:22:13Z,2024-01-03T18:22:13Z,AQMkADE2MTk0ZGY2LWU4YTItNGY4Yy04MjU3LTUzZGM0ZmQ3OWViMQAuAAADwZP4641Q4U2bsdrBXD_zagEAgs_jWmtFXU_h_GPdjnYLFAAAAgEMAAAA
b.dubuisson@parisgourmet.com,Benoit Dubuisson,0,1,1,2024-01-03T18:19:16Z,2024-01-03T18:19:16Z,AQMkADE2MTk0ZGY2LWU4YTItNGY4Yy04MjU3LTUzZGM0ZmQ3OWViMQAuAAADwZP4641Q4U2bsdrBXD_zagEAgs_jWmtFXU_h_GPdjnYLFAAAAgEMAAAA
online.communications@alerts.comcast.net,Xfinity,0,1,1,2024-01-03T10:48:24Z,2024-01-03T10:48:24Z,AQMkADE2MTk0ZGY2LWU4YTItNGY4Yy04MjU3LTUzZGM0ZmQ3OWViMQAuAAADwZP4641Q4U2bsdrBXD_zagEAgs_jWmtFXU_h_GPdjnYLFAAAAgEMAAAA
williamssonoma@o.williams-sonoma.com,Williams Sonoma,0,1,1,2024-01-03T08:10:14Z,2024-01-03T08:10:14Z,AQMkADE2MTk0ZGY2LWU4YTItNGY4Yy04MjU3LTUzZGM0ZmQ3OWViMQAuAAADwZP4641Q4U2bsdrBXD_zagEAgs_jWmtFXU_h_GPdjnYLFAAAAgEMAAAA
sarahlboardman@hotmail.com,Sarah Boardman,0,5,5,2024-01-03T03:38:43Z,2024-01-03T03:54:17Z,AQMkADE2MTk0ZGY2LWU4YTItNGY4Yy04MjU3LTUzZGM0ZmQ3OWViMQAuAAADwZP4641Q4U2bsdrBXD_zagEAgs_jWmtFXU_h_GPdjnYLFAAAAgEMAAAA
customerservice@socalgas.com,SoCalGas,0,1,1,2024-01-02T18:40:49Z,2024-01-02T18:40:49Z,AQMkADE2MTk0ZGY2LWU4YTItNGY4Yy04MjU3LTUzZGM0ZmQ3OWViMQAuAAADwZP4641Q4U2bsdrBXD_zagEAgs_jWmtFXU_h_GPdjnYLFAAAAgEMAAAA