First Name,Last Name,Title,Company,Company Name for Emails,Email,Email Status,Primary Email Source,Email Confidence,Primary Email Catch-all Status,Primary Email Last Verified At,Seniority,Departments,Contact Owner,Work Direct Phone,Home Phone,Mobile Phone,Corporate Phone,Other Phone,Stage,Lists,Last Contacted,Account Owner,# Employees,Industry,Keywords,Person Linkedin Url,Website,Company Linkedin Url,Facebook Url,Twitter Url,City,State,Country,Company Address,Company City,Company State,Company Country,Company Phone,SEO Description,Technologies,Annual Revenue,Total Funding,Latest Funding,Latest Funding Amount,Last Raised At,Email Sent,Email Open,Email Bounced,Replied,Demoed,Number of Retail Locations,Apollo Contact Id,Apollo Account Id,Secondary Email,Secondary Email Source,Tertiary Email,Tertiary Email Source,Primary Intent Topic,Primary Intent Score,Secondary Intent Topic,Secondary Intent Score
Drago,Nate,Token Smart Community Coordinator,nameless,nameless,nate@nft42.com,Potentially Invalid,Apollo,"",Catch-all,"",Entry,"",tyquese@elinkrecruiting.com,"","","","","",Unresponsive,crypto,2025-02-22T05:21:01+00:00,tyquese@elinkrecruiting.com,"","","",http://www.linkedin.com/in/dragonate,http://www.nft42.com,"","","","","",Canada,"Cheyenne, Wyoming, United States",Cheyenne,Wyoming,United States,"","","","","","","","",true,false,false,false,false,"",67136d19bd3c790509ceb86f,67136d19bd3c790509ceb876,"","","","","","","",""
Valentin,Kuznetsov,Chief Executive Officer,Scalable Solutions AG,Scalable Solutions AG,v.kuznetsov@scalablesolutions.io,Verified,Apollo,"",Not Catch-all,2025-02-04T10:31:50+00:00,C suite,C-Suite,tyquese@elinkrecruiting.com,"","","","","",Approaching,crypto,2025-02-26T09:30:55+00:00,tyquese@elinkrecruiting.com,32,financial services,"white label crypto exchange, custody, crypto wallet, blockchain, exchange platform, custodial wallet, non-custodial wallet, custody solutions, digital asset liquidity, audit services, structured products, capital markets, commodities solutions, equity share trading, white label technology, tokenization, smart contracts, cryptocurrency trading, decentralized finance, secure trading infrastructure, user-friendly wallet, multi-asset trading, high frequency trading, blockchain technology, risk management tools, market data solutions, digital asset management, instant exchange solutions, institutional trading services, cold storage solutions, payment gateway integrations, kyc compliance, aml compliance, robust security protocols, market making, data analytics for trading, liquidity partnerships, seamless integrations, customized blockchain solutions, global spot liquidity, trading pair diversity, user authentication systems, transaction monitoring, multifactor authentication, mobile wallet application, retail trader support, liquidity pools, api integration, trading system performance, cryptocurrency market infrastructure, exchange analytics tool, financial services",http://www.linkedin.com/in/valkuznetsov,http://www.scalablesolutions.io,http://www.linkedin.com/company/scalable-solutions-io,https://www.facebook.com/ScalableAG,https://twitter.com/scalable_ag,Redwood City,California,United States,"Im Rank, Zug, Canton of Zug, Switzerland, 6300",Zug,Canton of Zug,Switzerland,"",White-label exchange with built-in wallet and liquidity solutions. Building better infrastructure for digital assets. Get a free demo.,"Cloudflare DNS, Sendgrid, Gmail, Google Apps, CloudFlare Hosting, DoubleClick Conversion, Google Tag Manager, reCAPTCHA, Facebook Widget, Hotjar, Facebook Custom Audiences, Facebook Login (Connect), Mobile Friendly, Linkedin Marketing Solutions, WordPress.org, Google Analytics, Google Dynamic Remarketing, DoubleClick, Android, AI, Micro","","","","","",true,false,false,false,false,"",67138340158312000119f384,67138340158312000119f390,"","","","","","","",""
Martins,Krutainis,Chief Financial Officer,paybis.com,paybis.com,martins.krutainis@paybis.com,Verified,Apollo,"",Not Catch-all,2025-02-18T11:44:25+00:00,C suite,"C-Suite, Finance",tyquese@elinkrecruiting.com,"","","","","",Approaching,crypto,2024-11-24T06:02:57+00:00,tyquese@elinkrecruiting.com,110,financial services,"fintech solutions, cryptocurrency services, cryptocurrency adoption, b2b payments, white label solutions, crypto onramp, crypto offramp, new revenue streams, digital currency exchange, high approval rates, blockchain technology, blockchain, digital currency, crypto, cryptocurrency, e-commerce, bitcoin, bitcoin exchange, consumer internet, internet, information technology, buy bitcoin, sell bitcoin, swap crypto, crypto wallet, payment gateway, on/off ramp, crypto payouts, wallet as a service, credit card payments, debit card payments, apple pay, skrill payments, neteller payments, ach transfers, low fees, instant transactions, global access, secure transactions, cryptocurrency exchange, multi-currency support, crypto payment solutions, bitcoin investments, secure wallet options, fiat currency transactions, immediate withdrawals, no hidden fees, kyc compliance, dedicated customer support, api integration, mobile friendly, user-friendly interface, crypto calculators, digital asset management, safety features, transfer speed, verified accounts, customer testimonials, real-time transactions, state-of-the-art security, transaction history tracking, business wallets, payment processing, blockchain payments, cryptocurrency investment, trading commissions, fraud protection, investment advice, global crypto markets, consumers, information technology & services, capital markets, financial services",http://www.linkedin.com/in/martins-krutainis-454153,http://www.paybis.com,http://www.linkedin.com/company/paybis,https://www.facebook.com/Paybis/,https://twitter.com/paybis,Riga,Rigas pilseta,Latvia,"86 ulica Hoza, Warszawa, woj. mazowieckie, Poland, 00-682",Warszawa,woj. mazowieckie,Poland,"","Buy Bitcoin with Credit Card or Debit Card instantly. Best Price in the world, 24/7 customer service, serving 48 U.S. states and 180+ countries, loved by millions!","Cloudflare DNS, Rackspace MailGun, Sendgrid, Gmail, Google Apps, Zendesk, CloudFlare Hosting, VueJS, CloudFlare, Atlassian Cloud, Appcues, StatusPage IO, Mobile Friendly, Google Play, Hubspot, Google Plus, reCAPTCHA, Sift Science, Google Analytics, AWeber, Google Tag Manager, Ruby On Rails, WordPress.org, Vimeo, Linkedin Marketing Solutions, Google Font API",1200000,"","","","",true,false,false,false,false,"",6713871638c3560001e2b9cf,6713871638c3560001e2b9d8,"","","","","","","",""
Gordon,Brocklehurst,Chief Financial Officer,SmartPay,SmartPay,gordon@coinsmart.com,Verifying,Apollo,"",Not Catch-all,"",C suite,"C-Suite, Finance",tyquese@elinkrecruiting.com,"","","",'+1 855-390-2646,"",Cold,crypto,"",tyquese@elinkrecruiting.com,13,financial services,"cryptocurrency & crypto payments, cryptocurrency, trading platform, buy bitcoin, sell bitcoin, crypto exchange, fiat currency, dogecoin, litecoin, ethereum, blockchain, trading pairs, trade altcoins, instant verification, security measures, crypto wallets, smart trade, real-time charting, crypto deposits, merchant services, 2fa, cold storage, customer support, crypto invoicing, advanced trading tools, same day payments, crypto payments, otc trading, fees structure, exchange rates, digital currency, smart guarantee, market liquidity, customer verification, decentralized finance, investment tools, tax reporting, crypto assets, staking, passive income, cryptocurrency mining, order book, volatile market, regulatory compliance, user education, crypto transactions, mobile app, liquidity mining, market insights",http://www.linkedin.com/in/gordon-brocklehurst-1bb834220,http://www.coinsmart.com,http://www.linkedin.com/company/smartpay-digital,https://www.facebook.com/CoinSmartCA/,https://twitter.com/coinsmart/,Toronto,Ontario,Canada,"1075 Bay St, Toronto, Ontario, Canada, M5S 2B1",Toronto,Ontario,Canada,'+1 855-390-2646,Buy and sell quickly and easily with Canada’s most trusted crypto trading platform. CoinSmart takes the difficulty out of trading cryptocurrency. Learn more,"Route 53, Outlook, Microsoft Office 365, Zendesk, Google Cloud Hosting, VueJS, WP Engine, Atlassian Cloud, React Redux, React, Mobile Friendly, Nginx, Adobe Media Optimizer, Salesforce, Twitter Advertising, Facebook Custom Audiences, WordPress.org, Google Font API, AdRoll, Facebook Widget, reCAPTCHA, Facebook Login (Connect), Vimeo, Google Tag Manager, Cedexis Radar, AddThis, Bootstrap Framework, Google Maps (Non Paid Users), Hotjar, Google Maps, Google Analytics, Google Play, Android, Basis, Remote, Circle, AI",13066000,7070807,Convertible Note,3570807,2021-03-01,"",false,false,false,false,"",671387dc3b2d4c0001c0756a,671387dc3b2d4c0001c07588,"","","","","","","",""
Emmet,Meehan,Founder & CEO,QuickieCoin,QuickieCoin,emmet@quickiecoin.com,Verified,Apollo,"",Not Catch-all,2025-02-24T19:50:43+00:00,Founder,C-Suite,tyquese@elinkrecruiting.com,"","","",'+1 201-419-5933,"",Approaching,crypto,2024-10-19T15:59:00+00:00,tyquese@elinkrecruiting.com,1,financial services,"ethereum, bitcoin, bitcoin & cryptocurrency, cryptocurrency",http://www.linkedin.com/in/emmet-meehan,http://www.quickiecoin.com,http://www.linkedin.com/company/quickiecoin,"",http://twitter.com/quickiecoin,New York,New York,United States,"19 Interstate Shop Ctr, Ramsey, New Jersey, United States, 07446",Ramsey,New Jersey,United States,'+1 201-419-5933,"QuickieCoin is the fastest, easiest and most secure way to buy Bitcoin in New Jersey.","NSOne, Gmail, Google Apps, Amazon AWS, Mobile Friendly, Circle, SharePoint","","","","","",true,false,false,false,false,"",6713670bf4ac710001fa563d,6713670bf4ac710001fa5649,"","","","","","","",""
Harvey,Liu,Venture Partner,Navigator Capital,Navigator Capital,harvey@gonavcap.com,Verified,Apollo,"",Catch-all,2024-10-19T08:28:56+00:00,Partner,"",tyquese@elinkrecruiting.com,"","","","","",Unresponsive,crypto,2025-01-12T00:10:08+00:00,tyquese@elinkrecruiting.com,6,venture capital & private equity,"blockchain, crypto, cryptocurrency, vc, startup, nft, x2p, venture capital & private equity principals",http://www.linkedin.com/in/harvey-liu-8a46859,http://www.gonavcap.com,http://www.linkedin.com/company/navigatorcapital,"","",Singapore,"",Singapore,"","","","","","","","","","","","",true,false,false,false,false,"",67136dc8acb29600016c727a,67136dc8acb29600016c7281,"","","","","","","",""
Rakam,Coats,Digital Marketing Manager,Playnance | Web3 Game Provider,Playnance,rakanc@playnance.com,Verified,Apollo,"",Not Catch-all,2025-02-26T17:54:49+00:00,Manager,Marketing,tyquese@elinkrecruiting.com,"","","","","",Unresponsive,crypto,2025-02-20T05:05:38+00:00,tyquese@elinkrecruiting.com,21,computer games,"games, financial games, casual games, play to earn, blockchain, web3, fintech, defi, crypto, blockchaingames, web3 gaming, gamefi, decentralized payouts, fair gaming, smart contracts, player vs player, self-custodial wallet, zero-fraud, instant funding, social login, fiat & crypto support, layer 3 blockchain, scalable gaming, white-label solutions, crypto wallet integration, plugin infrastructure, game asset ownership, trusted gaming, high transaction throughput, automated earnings, token bridging, gaming ecosystem, player-centric design, adoption-focused, play-to-earn, low transaction fees, community-driven, peer-to-peer betting, rapid deployment, automated user support, multi-currency compatibility, crypto gaming rewards, nft integration, liquidity management, real-time analytics, audited smart contracts, onboarding simplicity, gaming sdk, easy integrations, referral incentives, game publishers, decentralized finance, cross-platform accessibility, seamless user experience, gamification elements, marketplace for tokens, virtual gaming economy, finance technology, information technology & services, financial services",http://www.linkedin.com/in/rakam-coats,http://www.playnance.com,http://www.linkedin.com/company/playnance,"","",Herzliya,Tel Aviv District,Israel,"Tel Aviv-Yafo, Tel Aviv District, Israel",Tel Aviv-Yafo,Tel Aviv District,Israel,"","Explore Playnance: Pioneering Web3 gaming, redefining the decentralized gaming landscape with seamless experiences and boundless potential.","Cloudflare DNS, Outlook, CloudFlare Hosting, Mobile Friendly, Yandex Metrica, Facebook Widget, Google Tag Manager, Facebook Custom Audiences, Vimeo, AI","","","","","",true,false,false,false,false,"",67138515daf6790001056f00,67138515daf6790001056f06,"","","","","","","",""
Sam,Betts,Executive Advisor & Support Engineer,OneStep Power Solutions Inc.,OneStep Power Solutions,sbetts@onesteppower.com,Verified,Apollo,"",Not Catch-all,2024-10-19T10:14:50+00:00,Entry,Engineering & Technical,tyquese@elinkrecruiting.com,"","","",'+1 713-240-8639,"",Unresponsive,crypto,2025-02-09T06:11:55+00:00,tyquese@elinkrecruiting.com,10,maritime,"power, dp power, dp2, dp3, power testing, fmea test, generator test, electrical engineering, dynposer, commissioning, remote power systems, drillship, semisubmersibles, blackout prevention, marine safety, maritime transportation, independent assurance, clean power, energy transition, maritime energy validation, power system testing, design for validation, cross connections, primary injection testing, voltage dip testing, ride-through testing, power monitoring solutions, battery-hybrid upgrades, alternative fuel systems, data-driven validation, maritime decarbonization, reliability testing, offshore oil & gas, shuttle tankers, super yachts, cruise ships, offshore wind, inland vessels, technology readiness assessment, risk mitigation, project management support, vessel control systems, dynamic positioning, fault tolerance validation, emissions reduction, technical readiness evaluation, cost management, power consumption monitoring, high-speed data collection, environmental compliance, incident investigation, protection system audit, failure analysis, energy storage systems, marine engineering solutions, integrated validation, client acceptance support, transportation power systems, environmental impact assessment, technical support for upgrades",http://www.linkedin.com/in/sam-betts-29737b31,http://www.onesteppower.com,http://www.linkedin.com/company/onestep-power,https://www.facebook.com/OneStepPower,https://twitter.com/OneStep_Power,Houston,Texas,United States,"16840 Clay Road, Houston, Texas, United States, 77084",Houston,Texas,United States,'+1 713-240-8639,We stop blackouts! The power system experts.,"Gmail, Google Apps, Google Cloud Hosting, Wix, Varnish, Mobile Friendly, Google Tag Manager, Remote, AI",3000000,907786,Other,45037,2023-02-01,true,false,false,false,false,"",67138699af7ec000019ee26e,67138699af7ec000019ee27e,sambetts@bigpond.com.au,Apollo,"","","","","",""
Natalia,Ilyina,Chief Financial Officer,Dzengi.com,Dzengi.com,natalia.ilyina@dzengi.com,Verifying,Apollo,"",Not Catch-all,"",C suite,"C-Suite, Finance",tyquese@elinkrecruiting.com,"","","",'+375 29 167-67-67,"",Cold,crypto,"",tyquese@elinkrecruiting.com,60,financial services,"b2b, crypto exchange, tokenised assets, crypto currency, cryptoplatform, investments, partnership, for business, legal entities, cryptocurrency trading, regulated exchange, trading api, mobile application, bitcoin trading, ethereum trading, tokenised shares, tokenised commodities, tokenised currencies, leverage trading, financial markets, secure trading, cryptocurrency investment, real-time price alerts, advanced charts, technical indicators, risk management, stop-loss orders, take-profit orders, no hidden fees, tight spreads, user-friendly interface, demo account, financial education, aml compliance, kyc regulations, market liquidity, asset management, investment portfolio, digital assets, 24/7 trading, fiat-free trading, crypto collateral, order management system, market analysis, chart customization, trading strategies, global financial instruments, client support, competitive commissions, automated trading, crypto holdings, institutional execution, deep liquidity, high-speed transactions, cutting-edge technology, trading opportunities, market trends, cryptocurrency exchange, internet, information technology & services, computer software",http://www.linkedin.com/in/natalia-ilyina-2b704485,http://www.dzengi.com,http://www.linkedin.com/company/dzengicom,"","","","",Spain,"Minsk, Minsk Region, Belarus",Minsk,Minsk Region,Belarus,'+375 29 167-67-67,"Dzengi.com is the world’s first regulated tokenised assets exchange to trade fast and securely cryptocurrencies and digital tokens of top-traded real-world assets. Buy and trade now tokenized shares of Apple, Amazon, Tesla and more.","Cloudflare DNS, Amazon SES, Gmail, Google Apps, Zendesk, CloudFlare Hosting, Yandex Metrica, Mobile Friendly, Vimeo, Google Tag Manager, Shutterstock","","","","","","",false,false,false,false,"",671387dc3b2d4c0001c0757f,671387dc3b2d4c0001c07594,"","","","","","","",""
Chase,Stokes,Software Developer,Sparkblox,Sparkblox,chase@sparkblox.com,Verified,Apollo,"",Catch-all,2025-02-10T05:45:50+00:00,Entry,"Engineering & Technical, Information Technology",tyquese@elinkrecruiting.com,"","","","","",Bad Data,crypto,2025-02-13T09:43:10+00:00,tyquese@elinkrecruiting.com,2,information technology & services,"nft, blockchain, ethereum, polygon, solana, software development, nft infrastructure, blockchain technology, digital assets, smart contracts, decentralized applications, tokenization, crypto wallet integration, web3 solutions, nft marketplace, virtual collectibles, metaverse integration, digital ownership, peer-to-peer transactions, token standards, non-fungible tokens, supply chain tracking, immutable records, user authentication, decentralized finance, crypto trading, asset management, community governance, layer 2 solutions, scalability, interoperability, digital rights management, data security, token economics, crowdfunding, artist royalties, marketplace analytics, user engagement, blockchain scalability, nft minting, token distribution, e-commerce solutions, saas for blockchain, nft utility, crypto payments, nft staking, digital identity, secure transactions, cross-chain compatibility, web3 adoption, investment opportunities, cryptocurrency, information technology & services, computer & network security, social fundraising, social media, consumer internet, consumers, internet, fund-raising",http://www.linkedin.com/in/chase-stokes-b08548153,http://www.sparkblox.com,http://www.linkedin.com/company/sparkblox,"","",Portland,Oregon,United States,"Chicago, Illinois, United States",Chicago,Illinois,United States,"","","Google Cloud Hosting, WordPress.org, Nginx, Google Font API, Mobile Friendly, Reviews, Remote, , Airtable, AI, Flutter","","","","","",true,false,true,false,false,"",671365cb6550a70001000334,671365cb6550a7000100033e,"","","","","","","",""
Peter,Slagter,Founder and Analyst,Bitcoin Alpha,Bitcoin Alpha,peter@bitcoinalpha.nl,Verified,Apollo,"",Not Catch-all,2025-01-29T04:55:14+00:00,Founder,C-Suite,tyquese@elinkrecruiting.com,"","","","","",Unresponsive,crypto,2025-02-08T23:11:48+00:00,tyquese@elinkrecruiting.com,4,media production,"crypto, ethereum, macro economics, bitcoin, financial independence, market analysis, trading insights, decentralized technology, investment opportunities, risk management, trading tools, community learning, educational resources, investment strategies, crypto market updates, newsletter subscription, market trends, financial education, trading signals, financial sovereignty, exclusive insights, technical analysis, educational content, membership benefits, financial insights, alpha community, cryptocurrency, volatility, investment risks, stoploss orders, limit orders, cryptocurrency market, network expansion, portfolio advice, financial empowerment, premium content, digital assets, cryptocurrency adoption, financial literacy, investment decisions, deep analyses, market dynamics, exclusive events, trading platforms, financial news, investment planning, educational webinars, analysis reports, cryptocurrency etfs, market opportunities, market fluctuations",http://www.linkedin.com/in/pesla,http://www.bitcoinalpha.nl,http://www.linkedin.com/company/bitcoinalpha-nl,"","",Amsterdam,Noord-Holland,Netherlands,"Utrecht, Utrecht, Netherlands",Utrecht,Utrecht,Netherlands,"",Bitcoin en crypto zijn complex. Alpha geeft grip en beschermt je tegen dure misstappen. Versterk jezelf met dé bitcoinautoriteiten in je broekzak. Word Alpha!,"Gmail, Google Apps, DigitalOcean, Stripe, Google Tag Manager, Facebook Widget, Nginx, reCAPTCHA, Ubuntu, Twitter Advertising, Linkedin Marketing Solutions, Mobile Friendly, Facebook Custom Audiences, Facebook Login (Connect), , Basis","","","","","",true,false,false,false,false,"",671366c59a60b7000118033b,671366756f73d00001af84ea,"","","","","","","",""
Evelina,Buiciag,Blockchain,LI.FI,LI.FI,evelina@li.finance,Potentially Invalid,Apollo,"",Not Catch-all,"",Entry,"",tyquese@elinkrecruiting.com,"","","","","",Unresponsive,crypto,2025-01-07T09:10:05+00:00,tyquese@elinkrecruiting.com,54,information technology & services,"blockchain, defi, decentralizedfinance, interoperability, blockchain services, information technology & services",http://www.linkedin.com/in/anysolution,http://www.li.fi,http://www.linkedin.com/company/lifiprotocol,"",https://twitter.com/lifiprotocol,Bucharest,Bucharest,Romania,"19 Lychener Strasse, Berlin, Berlin, Germany, 10437",Berlin,Berlin,Germany,"","","Cloudflare DNS, CloudFlare Hosting, Gmail, Google Apps, Zendesk, Hubspot, Google Font API, Mobile Friendly, Render, Remote",1000000,23000000,Series A,17500000,2023-03-01,true,false,false,false,false,"",6713778bb28ddf0001be697f,6713778bb28ddf0001be698a,"","","","","","","",""
Blockchain,Connected,Blockchain,Blockchain Connected,Blockchain Connected,blockchain@technologyconnected.net,Verified,Apollo,"",Not Catch-all,2024-10-19T09:10:35+00:00,Entry,"",tyquese@elinkrecruiting.com,"","","","","",Bad Data,crypto,2024-10-27T09:43:17+00:00,tyquese@elinkrecruiting.com,6,nonprofit organization management,"non-profit organizations, nonprofit organization management",http://www.linkedin.com/in/blockchain-connected-04b769211,http://www.technologyconnected.net,http://www.linkedin.com/company/blockchainconnected,"","",Rhoose,"",United Kingdom,"","","","","","","","","","","","",true,false,true,false,false,"",6713778bb28ddf0001be6984,6713778bb28ddf0001be698d,"","","","","","","",""
Michael,Carr,Chief Executive Officer,Buen Crypto Consulting,Buen Crypto Consulting,michael@buencrypto.io,Verified,Apollo,"",Catch-all,2025-02-12T04:15:05+00:00,C suite,C-Suite,tyquese@elinkrecruiting.com,"","","","","",Unresponsive,crypto,2025-02-13T00:11:20+00:00,tyquese@elinkrecruiting.com,3,information technology & services,"professional services, regulatory advisory, crypto, blockchain, web3, asset management, blockchain services, professional training & coaching, information technology & services",http://www.linkedin.com/in/michael-carr-a9b07775,http://www.buencrypto.io,http://www.linkedin.com/company/buen-crypto,"","",Dublin,County Dublin,Ireland,"Dublin, Dublin, Ireland",Dublin,Dublin,Ireland,"","","","","","","","",true,false,false,false,false,"",6713826217ee4e00017d8161,6713826217ee4e00017d816a,"","","","","","","",""
Yasin,Bal,Digital Marketing Manager,SmartCredit.io,SmartCredit.io,yasin@smartcredit.io,Verified,Apollo,"",Not Catch-all,2025-01-25T16:43:50+00:00,Manager,Marketing,tyquese@elinkrecruiting.com,"","","","","",Unresponsive,crypto,2024-12-08T05:23:59+00:00,tyquese@elinkrecruiting.com,2,banking,"crypto lending, defi, ai driven fraud detection",http://www.linkedin.com/in/yasinbal,http://www.smartcredit.io,http://www.linkedin.com/company/smartcredit-io,https://facebook.com/smartcredit.io,https://twitter.com/smartcredit_io,Istanbul,Istanbul,Turkey,"Segantinistrasse, Zurich, Zurich, Switzerland, 8049",Zurich,Zurich,Switzerland,"","","Route 53, Amazon SES, Amazon AWS, Basis","","","","","",true,false,false,false,false,"",67138591c72f4000010d650e,67138591c72f4000010d6519,data.yasinbal@gmail.com,Apollo,"","","","","",""
Paul,Brody,Chairman,Enterprise Ethereum Alliance,Enterprise Ethereum Alliance,paul.brody@ey.com,Verified,Apollo,"",Catch-all,2025-01-30T17:49:26+00:00,Entry,"",tyquese@elinkrecruiting.com,"","","",'+1 781-876-6283,"",Unresponsive,crypto,2025-02-09T09:05:59+00:00,tyquese@elinkrecruiting.com,48,computer networking,"ethereum, blockchain, alliance, computer networking products, enterprise ethereum, blockchain technology, membership benefits, ethereum ecosystem, smart contract audits, business adoption, defi risk standardization, interoperable systems, technical specifications, collaborative standards, ethereum integration, business operations, industry adoption, security standards, ethtrust security levels, ethereum foundation, decentralized applications, web3 infrastructure, stakeholder collaboration, global interoperability, crypto businesses, ethereum developers, financial solutions for daos, blockchain community, ethereum business readiness, technical programs, blockchain innovation, scalable solutions, membership resources, ethereum workshops, tokenization, virtual cards, stakeholder engagement, token standards, research & reports, market insights, ethereum technical specifications, client support services, blockchain certification, smart contract certification, ethereum governance, sustainability in blockchain, public & private networks, regional representation, networking opportunities, standards development, ethereum business ecosystem, cross-industry collaboration, enterprise adoption, open-source standards, collaboration, permissioned networks, privacy, scalability, interoperability, enterprise-grade solutions, community engagement, blockchain as a service (baas), research & development, technology vendors, fortune 500 companies, financial services, healthcare, energy sector, automotive industry, government applications, innovation, certification programs, educational resources, technical support, hybrid architectures, enterprise requirements, governance, best practices, cryptocurrency, information technology & services, health care, health, wellness & fitness, hospital & health care",http://www.linkedin.com/in/pbrody,http://www.entethalliance.org,http://www.linkedin.com/company/enterpriseethereumalliance,https://facebook.com/entethalliance,https://twitter.com/entethalliance,San Francisco,California,United States,"401 Edgewater Place, Wakefield, Massachusetts, United States, 01880",Wakefield,Massachusetts,United States,'+1 781-876-6283,The EEA enables organizations to adopt and use Ethereum technology in their day-to-day business operations.,"Salesforce, Rackspace MailGun, Sendgrid, Outlook, Microsoft Office 365, Emma, WP Engine, Stripe, Google Analytics, reCAPTCHA, Eventbrite, Intercom, Bootstrap Framework, YouTube, WordPress.org, Google Tag Manager, Mobile Friendly, SharePoint","","","","","",true,false,false,false,false,"",67136b5f4c4e18000119e004,67136b5f4c4e18000119e00c,pbrody@gmail.com,Apollo,"","","","","",""
Kartik,Talwar,Co-Founder,ETHGlobal,ETHGlobal,kartik@ethglobal.com,Verified,Apollo,"",Not Catch-all,2025-02-05T18:22:59+00:00,Founder,C-Suite,tyquese@elinkrecruiting.com,"","","","","",Unresponsive,crypto,2024-12-07T22:25:07+00:00,tyquese@elinkrecruiting.com,38,information technology & services,"ethereum, hackathons, blockchain, technology, information & internet, cryptocurrency, information technology & services",http://www.linkedin.com/in/kartiktalwar,http://www.ethglobal.com,http://www.linkedin.com/company/ethglobal,https://facebook.com/ethglobal/,https://twitter.com/ethglobal,San Francisco,California,United States,"1 Market St, San Francisco, California, United States, 94105",San Francisco,California,United States,"","","Cloudflare DNS, Rackspace MailGun, Gmail, Google Apps, CloudFlare Hosting, Notion, Netlify, Greenhouse.io, Lever, Mobile Friendly, Render, Discord, AI","","","","","",true,false,false,false,false,"",67136bec8db42f00018fa05d,67136bec8db42f00018fa060,kartik.talwar@gmail.com,Apollo,"","","","","",""
Rafa,S.,CEO,Millennium Crypto Universe,Millennium Crypto Universe,rafa@millenniumcryptouniverse.com,Verified,Apollo,"",Not Catch-all,2024-10-19T09:56:50+00:00,C suite,C-Suite,tyquese@elinkrecruiting.com,"","","","","",Unresponsive,crypto,2025-02-07T11:25:22+00:00,tyquese@elinkrecruiting.com,2,information technology & services,"blockchain, crypto, cryptomining, criptomineria, bitcoin, mining as a service, blockchain services, mining, bitcoin mining, curtailment solution, renewable energy, solar energy, wind energy, tokenization, cryptocurrency, stablecoin, security token offering, profitability, energy optimization, energy management, home mining, hardware maintenance, corporate governance, economic rights, legal security, mining power, energy efficiency, smart contracts, financial returns, cryptocurrency assets, battery storage, electricity tariffs, investment strategy, sustainability, long-term scalability, cryptographic security, asic hardware, antminer, whatsminer, power deployment, mining efficiency, dashboard monitoring, passive investment, risk management, market conditions, asset tokenization, energy curtailment, profit-sharing model, market competitiveness, hashrate management, client portfolio management, information technology & services, clean energy & technology, environmental services, renewables & environment, oil & energy",http://www.linkedin.com/in/rsgmillennium,http://www.millenniumcryptouniverse.com,http://www.linkedin.com/company/millennium-crypto-universe,"","",Las Palmas,Canarias,Spain,"265c Avenida de Finisterre, A Coruna, Galicia, Spain, 15008",A Coruna,Galicia,Spain,"","","Hubspot, Ecwid, Mobile Friendly, Apache, Bootstrap Framework, Google Maps, Google Maps (Non Paid Users), Google Font API, WordPress.org, Google Tag Manager","","","","","",true,false,false,false,false,"",6713826217ee4e00017d8160,6713826217ee4e00017d8169,"","","","","","","",""
Eliseu,Abreu,Founder CEO,Orimatla Crypto Social Network,Orimatla Crypto Social Network,eliseu.abreu@orimatla.com,Verified,Apollo,"","",2025-02-03T13:02:34+00:00,Founder,C-Suite,tyquese@elinkrecruiting.com,"","","","","",Unresponsive,crypto,2024-12-28T15:16:06+00:00,tyquese@elinkrecruiting.com,4,information technology & services,"defi, cryptocurrency, blockchain, social media, social network, bitcoin, tech for good, rewards, crypto, social life, ico, smart contracts, ethereum, binance smart chain, exchange, finance decentralized, initial coin offering, investor, partnership, advisor crypto, advisor blockchain, crypto capital, invest cryptocurrency, technology blockchain, technology crypto, technology defi, wallet crypto, wallet defi, wallet cryptocurrency, decentralized, web3, web30, technology, information & internet, consumer internet, consumers, internet, information technology & services",http://www.linkedin.com/in/eliseu-abreu-a8ab8397,http://www.orimatla.io,http://www.linkedin.com/company/orimatla-company,"","",Goiania,State of Goias,Brazil,"London, England, United Kingdom",London,England,United Kingdom,"","Orimatla is the first ""Tech For Good"" social network that rewards users with cryptocurrencies and connects content creators with brands.","Mobile Friendly, Bootstrap Framework","","","","","",true,false,false,false,false,"",671382fa3fb11c0001055de8,671382fa3fb11c0001055df6,"","","","","","","",""
Dug,Popovich,Chief Executive Officer,Vybe Crypto,Vybe Crypto,dug@vybecrypto.com,New Data Available,Apollo,"",Catch-all,"",C suite,C-Suite,tyquese@elinkrecruiting.com,"","","","","",Bad Data,crypto,2025-02-07T09:25:08+00:00,tyquese@elinkrecruiting.com,2,information technology & services,"blockchain services, information technology & services",http://www.linkedin.com/in/dug-popovich,http://www.vybecrypto.com,http://www.linkedin.com/company/vybecrypto,"","",McLean,Virginia,United States,"Mount Pleasant, Texas, United States",Mount Pleasant,Texas,United States,"","","Amazon CloudFront, Route 53, Sendgrid, Outlook, Amazon Elastic Load Balancer, Amazon AWS, Micro, SAP, , Metamask, Basis, AI","","","","","",true,false,true,false,false,"",67138340158312000119f38b,67138340158312000119f395,"","","","","","","",""
Michael,Levine,CFO,Fireblocks,Fireblocks,mlevine@fireblocks.com,Verifying,Apollo,"",Catch-all,"",C suite,"C-Suite, Finance",tyquese@elinkrecruiting.com,"","","",'+1 888-888-8888,"",Cold,crypto,"",tyquese@elinkrecruiting.com,760,information technology & services,"cybersecurity, blockchain, finance, crypto, custody, digital assets, mpc, capital markets, digital asset custody, tokenization, digital asset settlement, web3, defi, nfts, software development, multi-party computation, mpc wallets, wallets as a service, tokenization platform, permissioned defi, automated compliance, crypto payments, secure transactions, blockchain integration, asset tokenization, smart contract management, real-time transaction monitoring, aml compliance, kyt solutions, staking management, treasury management, off-exchange trading, policy engine, decentralized identity, embedded wallets, api integrations, stablecoin settlement, cross-border payments, financial institutions, trading platforms, automated workflows, fund management, merchant services, digital asset insurance, liquidity management, user governance, decentralized applications, web3 integration, enterprise security, private key management, cloud deployment, saas solutions, regulatory compliance, risk management, security certifications, payment orchestration, marketplace payments, customer onboarding, liquid staking, risk assessment, transaction approval workflows, developer tools, real-time visibility, user experience management, secure digital asset management, enterprise-grade platform, wallet infrastructure, tokenization services, payments engine, compliance solutions, institutional investors, cryptocurrency exchanges, blockchain technology, operational efficiency, digital asset security, scalable solutions, innovative technology, customer-centric approach, defi access, asset transfer network, professional services, advanced encryption, market accessibility, partnerships, fintech, digital asset ecosystem, transaction governance, cold storage solutions, client empowerment, financial technology, financial services, information technology & services, enterprise software, enterprises, computer software, b2b, professional training & coaching, finance technology",http://www.linkedin.com/in/michael-g-levine-b82a524,http://www.fireblocks.com,http://www.linkedin.com/company/fireblocks,https://www.facebook.com/pg/FireblocksHQ,https://twitter.com/FireblocksHQ,New York,New York,United States,"New York, New York, United States, 10018",New York,New York,United States,'+1 888-888-8888,"Utilize Fireblocks end to end tokenization platform for managing the full lifecycle of your digital assets including token issuance, custody and distribution.","Route 53, Cloudflare DNS, Gmail, Google Apps, Microsoft Office 365, CloudFlare Hosting, Amazon SES, Amazon AWS, WP Engine, Atlassian Cloud, OneTrust, Greenhouse.io, Zendesk, Hubspot, Twitter Advertising, Google Tag Manager, Stripe, Google Dynamic Remarketing, DoubleClick, Google Font API, WordPress.org, Wistia, Typekit, DoubleClick Conversion, YouTube, Google Analytics, Bing Ads, Hotjar, Linkedin Marketing Solutions, Mobile Friendly, AI, Render, , Node.js, React Native, Android, Splunk, , Domo, SharePoint, Intuit, Xamarin, Sisense, Flutter, KNIME, Data Analytics, Magento, Circle, Remote",100000000,14489000000,Series E,400000000,2021-11-01,"",false,false,false,false,"",671387dc3b2d4c0001c07566,67138515daf6790001056f05,"","","","","","","",""
Bassil,Eid,CFO,XEROF,XEROF,bassil@xerof.com,Verifying,Apollo,"",Not Catch-all,"",C suite,"C-Suite, Finance",tyquese@elinkrecruiting.com,"","","",'+41 41 562 04 00,"",Cold,crypto,"",tyquese@elinkrecruiting.com,11,financial services,"cryptoassets, crypto currency, exchange, brokerage, cross border settlement, currency exchange, bitcoin, ethereum, usdt, usdc, blockchain, btc, eth, dlt, web3 financial services, third party payments, investment solutions, daos, web3 solutions, real estate transactions, luxury goods payments, xerofpay, crypto to fiat conversion, on-off ramp solutions, international payments, frictionless payments, cross-border settlements, aml compliance, kyc regulations, digital currency exchange, institutional financial services, secure transactions, trustworthy platform, deep liquidity, asset custody, continuous support, regulated vasp, swiss financial authority, competitive rates, seamless financial services, fiat currency management, merchant payment solutions, adaptive treasury management, tier-1 banking relationships, low transaction costs, cryptocurrency trading, high-net-worth individuals, payment integration solutions, efficient currency exchange, manage operational expenses, crypto to real estate conversion, luxury product purchases, instant payment processing, compliant fundraising solutions, expert financial guidance, multi-currency transactions, risk mitigation strategies, vendor invoice settlements, direct crypto payments, speedy currency conversion, secure asset transfers, streamlined transaction processes, easy payment ecosystem, cryptocurrency",http://www.linkedin.com/in/bassil-eid-7701a822,http://www.xerof.com,http://www.linkedin.com/company/xerof-financial,"",https://twitter.com/xerof_financial,Zuerich,Zurich,Switzerland,"11 Gubelstrasse, Zug, Zug, Switzerland, 6300",Zug,Zug,Switzerland,'+41 41 562 04 00,"XEROF, your regulated Swiss pathway to crypto services, offers secure crypto exchange, custody, payment, institutional services, and real estate transactions.","Route 53, Gmail, Google Apps, Amazon AWS, Pipedrive, Leadfeeder, GitLab, Hubspot, Webflow, Linkedin Marketing Solutions, Hotjar, Google Font API, Google Tag Manager, Mobile Friendly, Android, Circle, Remote, AI, Semrush","","","","","","",false,false,false,false,"",671387dc3b2d4c0001c0756f,671387dc3b2d4c0001c0758b,"","","","","","","",""
Seth,Pinkerton,Board,Mycelium Networks,Mycelium,seth@myceliumnetworks.io,Verified,Apollo,"",Catch-all,2025-02-24T03:59:30+00:00,Entry,"",tyquese@elinkrecruiting.com,"","","",'+1 479-579-9577,"",Unresponsive,crypto,2025-02-19T15:25:40+00:00,tyquese@elinkrecruiting.com,9,information technology & services,"blockchain, depin, solana, web3, telecom, northwest arkansas, cbrs, 5g, lorawan, technology, information & internet, decentralized networks, decentralized physical infrastructure network, decentralization, connectivity, community governance, blockchains, smart agriculture, internet of things, infrastructure solutions, testbed, empowerment, managed installations, host network, onboarding, monthly rewards, data protection, privacy, sensor networks, real-world applications, collaborative testing, dynamic coverage, innovation, reward systems, participation, transparency, peer-to-peer networks, urban networking, decentralized energy, crowdsourced platforms, user-centric design, community engagement, open networks, permissionless access, scalability, blockchain support, inclusivity, educational resources, easier access, monthly payouts, high-speed internet, messaging solutions, collaborative economy, technology validation, data insights, iot devices, environmental monitoring, connectivity solutions, secure networks, crowdsourced data, information technology & services",http://www.linkedin.com/in/seth-pinkerton-77bb6b65,http://www.myceliumnetworks.com,http://www.linkedin.com/company/myceliumnetworks,https://facebook.com/pages/%C3%89ohum/821823887910583,https://twitter.com/myceliumX,Fayetteville,Arkansas,United States,"525 S School Ave, Fayetteville, Arkansas, United States, 72701-5904",Fayetteville,Arkansas,United States,'+1 479-579-9577,"","Gmail, Google Apps, WordPress.org, Mobile Friendly, Nginx, Google Font API, Google Tag Manager, Hotjar, Remote, IoT","","","","","",true,false,false,false,false,"",671365cb6550a70001000338,67136579e0205c00014b565d,spinkadhd@yahoo.com,Apollo,"","","","","",""
Eren,Palfy,Director,CryptoCurrency,CryptoCurrency,eren@blockchainacademy.co.za,Verified,Apollo,"",Not Catch-all,2024-10-19T07:57:44+00:00,Director,"",tyquese@elinkrecruiting.com,"","","","","",Bad Data,crypto,2024-10-24T15:55:27+00:00,tyquese@elinkrecruiting.com,190,banking,"bitcoin, ethereum, cryptocurrency, ads",http://www.linkedin.com/in/eren-palfy-97b580161,http://www.blockchainacademy.co.za,http://www.linkedin.com/company/cryptocurrencybeecrypto,"","","",England,United Kingdom,"Sandton, Gauteng, South Africa, 2196",Sandton,Gauteng,South Africa,"","","","","","","","",true,false,true,false,false,"",671366756f73d00001af84df,671366756f73d00001af84ed,"","","","","","","",""
Victor,Monreal,Principal CEO,Methodo Bitcoin,Methodo Bitcoin,victor.monreal@monrealia.com,Verified,Apollo,"",Not Catch-all,2025-02-12T09:05:17+00:00,C suite,C-Suite,tyquese@elinkrecruiting.com,"","","","","",Unresponsive,crypto,2025-02-13T23:01:18+00:00,tyquese@elinkrecruiting.com,6,banking,"crypto, blockchain, bitcoin, ethereum, satoshi, satoshinakamoto, cryptocurrency exchange, buy cryptocurrency, sell cryptocurrency, secure transactions, cryptocurrency wallet, account verification, anti-money laundering, customer support, investment strategies, financial security, two-factor authentication, crypto market volatility, cryptocurrency prices, digital assets, blockchain technology, transaction fees, cryptocurrency portfolio, user data protection, gdpr compliance, kyc regulations, crypto trading platform, payment methods, real-time market access, crypto investment risks, user-friendly interface, financial regulations, customer data privacy, financial technology, 24/7 service, crypto asset management, decentralized currency, crypto trading fees, market fluctuations, crypto market analysis, investment guidance, global cryptocurrency market, trading cryptocurrencies, financial advisors, digital currency trading, cryptocurrency safety, secure data transmission, user experience, financial inclusion, transaction history, security protocols, data encryption, user account management, crypto trading tools, local currency transactions, frequently asked questions, cryptocurrency, finance technology, information technology & services, financial services, ux",http://www.linkedin.com/in/victor-monreal-89530910,http://www.methodobitcoin.com,http://www.linkedin.com/company/methodobitcoin,"","",Barcelona,Catalonia,Spain,"98 Gran Via de Carles III, Barcelona, Catalonia, Spain, 08028",Barcelona,Catalonia,Spain,'+34 933 80 09 65,"","Gmail, Google Apps, Route 53, Nginx, Mobile Friendly, Bootstrap Framework, reCAPTCHA, Ubuntu, Django, Gusto","","","","","",true,false,false,false,false,"",671366c59a60b7000118033c,671366c59a60b70001180341,"","","","","","","",""
Sofia,Alvarado,Project Manager,Ethereum Honduras,Ethereum Honduras,sofia@ethereumhonduras.org,Verified,Apollo,"",Not Catch-all,2025-02-11T17:20:21+00:00,Manager,Engineering & Technical,tyquese@elinkrecruiting.com,"","","","","",Unresponsive,crypto,2025-02-07T07:03:15+00:00,tyquese@elinkrecruiting.com,5,education management,"security, community, builders, technology, innovation, mentorship, awareness, education, ethereum, grants, founders, developers, communities, mentoring, cryptocurrency",http://www.linkedin.com/in/sofiaalvaradothukral,http://www.ethcentroamerica.com,http://www.linkedin.com/company/ethereum-honduras,"","",Tegucigalpa,Francisco Morazan,Honduras,"Tegucigalpa, Francisco Morazan, Honduras",Tegucigalpa,Francisco Morazan,Honduras,"","","Mobile Friendly, Woo Commerce, WordPress.org, Google Tag Manager, Nginx","","","","","",true,false,false,false,false,"",67136b5f4c4e18000119dffa,67136b5f4c4e18000119e00b,"","","","","","","",""
Brian,Sidlow,Self Employed,Cryptocurrency Trading,Cryptocurrency Trading,brian@kraken.com,New Data Available,Apollo,"",Catch-all,"",Entry,"",tyquese@elinkrecruiting.com,"","","","","",Unresponsive,crypto,2025-02-11T10:32:08+00:00,tyquese@elinkrecruiting.com,48,financial services,"forex directory, fx directory, forex trading directory, cryptocurrency directory, cryptocurrency trading, cryptocurrency brokers, cryptocurrency trading signals, cryptocurrency affiliate programs, cryptocurrency resources, cryptocurrency links, cryptocurrency traffic, cryptocurrency ads, cryptocurrency marketing, cryptocurrency, bitcoin, bitcoin trading, bitcoin news, cryptocurrency news, bitcoin brokers, forex trading, forex brokers, stock trading, stock trading brokers, stock market, stock market news, stock market today, dow jones, dow jones today, nasdaq, nasdaq today, index trading, equity trading, commodity trading, etf trading, etf trading brokers, cfd trading, cfd trading brokers, gold trading, gold trading brokers, crypto directory, crypto brokers, crypto news, crypto mining, bitcoin mining, crypto trading, blockchain, bitcoin price, ethereum, ethereum price, crypto trader, crypto ads, crypto traffic, crypto marketing, web3, block chain, digital marketing, social media marketing, marketing & advertising, consumer internet, consumers, internet, information technology & services",http://www.linkedin.com/in/brian-sidlow-3079169,http://www.kraken.com,http://www.linkedin.com/company/cryptocurrencytrading,"","",San Mateo,California,United States,"Meerut, Uttar Pradesh, India, 250001",Meerut,Uttar Pradesh,India,"","","Route 53, Amazon SES, AI, Bullhorn","","","","","",true,false,false,false,false,"",671366f5b8b0ff000126b68d,671366f5b8b0ff000126b68e,brian_sidlow@yahoo.com,Apollo,"","","","","",""
Andrew,Vermouth,Partnerships / UX Research,Ethereum Remix,Ethereum Remix,andrew.vermouth@ethereum.org,Verified,Apollo,"",Catch-all,2025-02-25T04:21:05+00:00,Entry,"Engineering & Technical, Sales",tyquese@elinkrecruiting.com,"","","","","",Unresponsive,crypto,2024-12-23T15:01:35+00:00,tyquese@elinkrecruiting.com,5,information technology & services,"vscode, nfts, ethereum, smart contract development, solidity, remix, software development, ide, smart contracts, blockchain development, decentralized applications, dapps, web3, code editor, test network, contract deployment, debugging tools, version control, collaboration, user-friendly interface, compiler, frontend integration, security tools, open-source, developer community, smart contract testing, javascript, web3.js, ethereum toolkit, api integration, frontend frameworks, decentralized finance, ethereum wallet, transaction simulation, network explorer, ethereum infrastructure, code snippets, real-time analytics, technical documentation, tutorials, community support, bug tracking, source control, multi-network support, project templates, event logging, code optimization, decentralized storage, custom scripts, peer-to-peer network, user permissions, unit testing, development environment, cryptocurrency, information technology & services, open source, computer software",http://www.linkedin.com/in/andrewvermouth,http://www.remix-project.org,http://www.linkedin.com/company/ethereum-remix,"","",Denver,Colorado,United States,"Berlin, Berlin, Germany",Berlin,Berlin,Germany,"",Web site created using create-react-app,"Route 53, Varnish, Mobile Friendly","","","","","",true,false,false,false,false,"",67136b5f4c4e18000119e009,67136b5f4c4e18000119e00e,"","","","","","","",""
Jim,Seto,Chief Executive Officer,ePIC Blockchain Technologies,ePIC Blockchain,jseto@qualcomm.com,Verified,Apollo,"",Catch-all,2025-01-31T09:38:18+00:00,C suite,C-Suite,tyquese@elinkrecruiting.com,"","","",'+1 647-271-8864,"",Approaching,crypto,2025-02-25T06:44:01+00:00,tyquese@elinkrecruiting.com,22,semiconductors,"blockchain, crypto, technology, bitcoin mining, crypto mining, semiconductors, semiconductor manufacturing, asic mining, blockchain technology, mining rigs, custom firmware, mining performance, universal mining controller, efficiency optimization, profit maximization, mining fleet management, low power consumption, high hashrate, thermal solutions, liquid cooling systems, hydro cooling, mining algorithms, mining equipment, asic chip design, mining rig customization, perpetual tuning, fleet enhancement solutions, fpga development, overclocking capabilities, bitcoin mining hardware, networking equipment savings, mining infrastructure cost reduction, mining uptime improvement, adaptable mining solutions, crypto mining operations, customized asic miners, energy efficiency, maximizing roi, mining rig specifications, flexible power supply units, mining process optimization, user-friendly management tools, real-time performance monitoring, mining system maintenance, scalability in mining operations, modular mining platform, sustainable mining practices, mining firmware updates, collaboration with tech partners, mining optimization techniques, altscoin mining solutions, advanced mining technologies, market competitiveness in mining, comprehensive mining solutions, industry standards for mining, mining industry innovations, hardware, environmental services, renewables & environment",http://www.linkedin.com/in/jim-seto-663149a,http://www.epicblockchain.io,http://www.linkedin.com/company/epic-blockchain-technologies,https://facebook.com/ePICBlockchainTechnologies/,https://twitter.com/epicblockchain,Toronto,Ontario,Canada,"4789 Yonge St, Toronto, Ontario, Canada, M2N 0G3",Toronto,Ontario,Canada,'+1 647-271-8864,"","Wordpress.com, Gmail, Google Apps, Mobile Friendly, Nginx, Cedexis Radar, WordPress.org, Vimeo, Google Analytics, Google Tag Manager, Adobe Media Optimizer, Docker, , Splunk, IoT, Android, Data Analytics, Circle, Remote, AI",2000000,7600000,Series A,7500000,2021-04-15,true,false,false,false,false,"",6713826217ee4e00017d815c,6713826217ee4e00017d8167,"","","","","","","",""
Rajesh,Chabbra,Digital Marketing Manager,Infograins Software Solutions Pvt. Ltd.,Infograins Software Solutions Pvt,mohammedhatimi@infograins.com,Verified,Apollo,"",Not Catch-all,2025-01-16T10:11:31+00:00,Manager,Marketing,tyquese@elinkrecruiting.com,"","","",'+91 97704 77239,"",Unresponsive,crypto,2025-02-07T18:34:41+00:00,tyquese@elinkrecruiting.com,120,information technology & services,"website design, mobile application, ionic, backbone, node, angular js, blockchain development, defi, dao, enterprise blockchain development, private blockchain development, flutter, nft development, token development, smartcontract, rust, solidity, dex, blockchain protocol development, staffing, it services & it consulting, software development, custom software, mobile app development, web development, blockchain solutions, ai development, machine learning, iot solutions, salesforce solutions, ecommerce development, game development, ui/ux design, dapp development, smart contracts, web 3.0, nft marketplace, metaverse solutions, cloud solutions, data analytics, natural language processing, blockchain consulting, digital transformation, agile methodology, hiring developers, remote insourcing, cross-platform apps, native app development, software testing, crypto wallet development, decentralized applications, business intelligence, ux prototyping, smart home solutions, supply chain solutions, logistics software, healthcare software, financial software, telecom solutions, payment gateway integration, cybersecurity solutions, analytics dashboard, proof of concept, ai chatbots, speech recognition, augmented reality, virtual reality, iot hardware, employee management software, talent acquisition solutions, it services, digital marketing, e-commerce development, artificial intelligence, internet of things, cryptocurrency, decentralized finance, nft, staff augmentation, mid-market businesses, small businesses, enterprise solutions, healthcare technology, real estate solutions, retail technology, supply chain management, agricultural technology, financial technology, client-focused, innovative technology, global presence, technology consulting, risk management, customer-centric solutions, agile development, technology integration, web design, internet, information technology & services, computer software, computer games, games, consumers, cloud computing, enterprise software, enterprises, b2b, analytics, marketing & advertising, logistics & supply chain, finance technology, financial services, management consulting",http://www.linkedin.com/in/mohammed-hatimi,http://www.infograins.com,http://www.linkedin.com/company/infograin-software-solutions,https://www.facebook.com/infograins/,https://twitter.com/infograinssoft,Indore,Madhya Pradesh,India,"Indore, Madhya Pradesh, India, 452001",Indore,Madhya Pradesh,India,'+91 97704 77239,"","Nginx, Adobe Media Optimizer, DoubleClick, Vimeo, Cloudinary, Google Dynamic Remarketing, Google AdWords Conversion, Google Analytics, Ubuntu, Cedexis Radar, Mobile Friendly, Google Tag Manager, DoubleClick Conversion, Apache, Taboola, React Native, , Android, Remote, Basis, Python",4530000,"","","","",true,false,false,false,false,"",671385e3e7052f0001408b22,671385e3e7052f0001408b29,"","","","","","","",""
Bill,Regan,Chief Financial Officer,"Everything Blockchain, Inc.",Everything Blockchain,bregan@everythingblockchain.io,New Data Available,Apollo,"",Not Catch-all,"",C suite,"C-Suite, Finance",tyquese@elinkrecruiting.com,"","","",'+1 321-802-2474,"",Cold,crypto,"",tyquese@elinkrecruiting.com,6,computer & network security,"blockchain, data management, data solutions, cybersecurity, blockchain platform, data storage, data protection, intellectual property management, security solutions, enterprise data, database platform, decentralized solutions, zero trust security, data retrieval, data control, data integrity, business consulting, digital transformation, application development, data optimization, data analytics, custom solutions, data architecture, cloud solutions, data sharing, military grade security, data agility, intellectual property protection, interoperability, efficient data handling, enterprise solutions, next generation applications, data compliance, data ownership, resiliency solutions, innovation strategy, communication security, data governance, supply chain transparency, encrypted transactions, customer engagement, technology patents, blockchain engineering, business efficiency, data scalability, data utility, agile solutions, data strategy planning, b2b, management consulting, app development, apps, software development, information technology & services, cloud computing, enterprise software, enterprises, computer software",http://www.linkedin.com/in/bill-regan-5baa6710,http://www.everythingblockchain.io,http://www.linkedin.com/company/everythingebi,https://www.facebook.com/everythingebi,https://twitter.com/everythingebi,Agoura Hills,California,United States,"12574 Flagler Center Blvd, Jacksonville, Florida, United States, 32258",Jacksonville,Florida,United States,'+1 321-802-2474,"","Outlook, Microsoft Office 365, Amazon AWS, Atlassian Cloud, Hubspot, Cedexis Radar, Linkedin Marketing Solutions, Nginx, Apache, YouTube, Facebook Login (Connect), Vimeo, Mobile Friendly, Google Font API, Adobe Media Optimizer, WordPress.org, Google Tag Manager, Facebook Widget, Facebook Custom Audiences, Splunk, Domo, Sisense, Remote, AI, KNIME, Android",11600000,3105095,Other,250000,2023-08-01,"",false,false,false,false,"",671387dc3b2d4c0001c0756c,671387dc3b2d4c0001c07589,"","","","","","","",""
Arunkumar,Krishnakumar,Head of Institutional Growth,Marinade,Marinade,arun@marinade.finance,Verified,Apollo,"",Catch-all,2025-02-16T05:25:50+00:00,Head,Marketing,tyquese@elinkrecruiting.com,"","","","","",Approaching,crypto,2025-02-24T00:04:16+00:00,tyquese@elinkrecruiting.com,19,information technology & services,"defi, solana, dao, staking, infrastructure, blockchain, finance, tradfi, software development, liquid staking, native staking, stake automation, sol staking, asset flexibility, staking rewards, protected staking rewards, decentralization, staking yield, stake auction marketplace, validator delegation, staking solutions, self-custody, custodial solutions, smart contract risk, cross-platform integrations, real-time performance insights, instant unstake, algorithmic rebalancing, yield calculator, community governance, dao governance, stakeholder voting, network audits, security compliance, strategic roadmaps, staking pools, token utility, defi ecosystem, stability & security, validators performance, low fees, passive income, liquidity maximization, user-friendly platform, treasury management, multi-validator support, competitive fees, collateralized staking, flexible investments, integration partnerships, staking best practices, education resources, yield farming, diversified staking, real-time data reporting, blockchain technology, dao governance participation, financial services, information technology & services",http://www.linkedin.com/in/arunkumar-krishnakumar-b4a8921,http://www.marinade.finance,http://www.linkedin.com/company/marinade-finance,"","","","",United Kingdom,"517 N Military St, Loretto, Tennessee, United States, 38469-2332",Loretto,Tennessee,United States,"",Self-custodial automation tool for Solana staking that helps SOL holders find the best staking rate on Solana. No smart contract. 100% uptime protection.,"Cloudflare DNS, Gmail, Google Apps, Amazon AWS, CloudFlare, Grafana, Netlify, Hubspot, Mixpanel, Twitter Advertising, Mobile Friendly, Linkedin Marketing Solutions, Vimeo, Google Font API, Google Tag Manager, Render","","","","","",true,false,false,false,false,"",67136579e0205c00014b5656,67136579e0205c00014b565e,"","","","","","","",""
James,Matthewson,Founder & CEO,SUPERLUXE & Partners: Fine Art & Web3,SUPERLUXE,james@superluxe.je,Verified,Apollo,"","",2025-02-08T06:15:39+00:00,Founder,C-Suite,tyquese@elinkrecruiting.com,"","","","","",Unresponsive,crypto,2025-02-09T08:04:48+00:00,tyquese@elinkrecruiting.com,3,fine art,"web3, fine art, digital art, nft, solana, blockchain, metaverse, slxr, product development, innovation, user experience, design, prototype, creativity, technology, research, market analysis, customer feedback, agile methodology, collaboration, teamwork, solution-oriented, launch strategy, business growth, branding, digital transformation, sustainability, automation, efficiency, data-driven, product lifecycle, strategic planning, customization, quality assurance, product features, customer engagement, competitor analysis, market trends, scalability, performance metrics, user interface, user testing, feedback loops, product roadmap, business strategy, value proposition, project management, stakeholder engagement, prototyping tools, user research, innovation pipeline, core capabilities, market positioning, service design, cross-functional teams, ux, environmental services, renewables & environment, productivity",http://www.linkedin.com/in/jamessuperluxe,http://www.superluxe.io,http://www.linkedin.com/company/superluxeio,https://www.facebook.com/dotluxe,https://twitter.com/SUPERLUXEIO,Saint Helier,St Helier,Jersey,"Saint Helier, St Helier, Jersey, JE2 3",Saint Helier,St Helier,Jersey,"","","Route 53, Gmail, Google Apps, Amazon AWS, Nginx, Google Tag Manager, reCAPTCHA, Woo Commerce, WordPress.org, Google Font API, Apache, Mobile Friendly","","","","","",true,false,false,false,false,"",67136579e0205c00014b5659,67136579e0205c00014b565f,"","","","","","","",""
Kristin,Thompson,Head of Events | Demand Growth,Swan Bitcoin,Swan Bitcoin,kristin@swanbitcoin.com,Verified,Apollo,"",Not Catch-all,2025-01-30T12:25:22+00:00,Head,Marketing,tyquese@elinkrecruiting.com,"","","",'+1 218-379-7926,"",Unresponsive,crypto,2025-01-13T23:34:10+00:00,tyquese@elinkrecruiting.com,95,financial services,"bitcoin, financial services, bitcoin ira, bitcoin custody, bitcoin mining, buy bitcoin, bitcoin investment, crypto custody, bitcoin treasury, recurring buys, self-custody, bitcoin trading, cold storage, bitcoin withdrawal, bitcoin tax-loss harvesting, swan vault, multi-signature wallet, bitcoin trading fees, bitcoin financial services, enterprise-grade custody, bitcoin for retirement, bitcoin education, bitcoin integration, bitcoin liquidity, bitcoin for advisors, bitcoin transactions, instant buys, bitcoin community, managed bitcoin accounts, bitcoin insurance, bitcoin support, bitcoin diversification, swan api, automated investing, bitcoin market analysis, concierge otc service, secure bitcoin storage, customer care, bitcoin compliance, retirement savings, bitcoin asset management, bitcoin wealth preservation, self-directed 401k, tax-advantaged accounts, bitcoin liquidity solutions, financial sovereignty, bitcoin investment strategy, bitcoin security features, qualified custodians, secure bitcoin purchases, dollar-cost averaging, automated savings plans, high-net-worth services, institutional custody, multi-signature security, financial education, user-friendly platform, low fees, transparent pricing, self-custody solutions, concierge services, retail investors, financial advisors, wealth management, bitcoin accumulation, educational resources, financial empowerment, community support, innovative technology, bitcoin-only services, customer support, financial independence, economic empowerment, long-term investment strategy, cryptocurrency market, cryptocurrency, investment management",http://www.linkedin.com/in/speakservegrow,http://www.swanbitcoin.com,http://www.linkedin.com/company/swanbitcoin,"",https://twitter.com/swanbitcoin,Portland,Oregon,United States,"26565 Agoura Rd, Calabasas, California, United States, 91302",Calabasas,California,United States,'+1 218-379-7926,Swan is a leading Bitcoin financial services company.,"Salesforce, Route 53, Amazon SES, MailJet, Sendgrid, Gmail, Marketo, Google Apps, Microsoft Office 365, Zendesk, Amazon AWS, Amazon CloudFront, WP Engine, Netlify, Typeform, React Redux, Google Font API, Google Dynamic Remarketing, Linkedin Marketing Solutions, WordPress.org, Mobile Friendly, Twitter Advertising, Google Tag Manager, New Relic, Trustpilot, Varnish, Facebook Widget, Cloudinary, Facebook Custom Audiences, DoubleClick Conversion, Bootstrap Framework, DoubleClick, Facebook Login (Connect), Google Play, Vimeo, Sift Science, Remote, AI","",6000000,Series A,6000000,2021-11-01,true,false,false,false,false,"",6713671f66a6860001e7b85f,6713670bf4ac710001fa5647,kesthompson@yahoo.com,Apollo,"","","","","",""
Olga,Savranskaya,Personal Assistant,TRASTRA,TRASTRA,os@trastra.com,Verified,Apollo,"",Not Catch-all,2025-01-19T10:18:14+00:00,Entry,"",tyquese@elinkrecruiting.com,"","","","","",Unresponsive,crypto,2025-02-14T00:03:13+00:00,tyquese@elinkrecruiting.com,21,financial services,"bitcoin exchange, buy ethereum, sell ethereum, ethereum exchange, buy bitcoin, sell bitcoin, bitcoin to cash, withdraw crypto to fiat, ethereum to cash, blockhain, iban, sepa transfers",http://www.linkedin.com/in/olga-savranskaya-34464863,http://www.trastra.com,http://www.linkedin.com/company/trastra,https://facebook.com/trastra.ltd,"",Valdemoro,Comunidad de Madrid,Spain,"11 Eisiskiu Sodu 18-oji gatve, Vilnius, Vilnius County, Lithuania, 02194",Vilnius,Vilnius County,Lithuania,"","","Cloudflare DNS, Mailchimp Mandrill, Rackspace MailGun, Gmail, Google Apps, MailChimp SPF, Zendesk, CloudFlare Hosting, Atlassian Cloud, React","","","","","",true,false,false,false,false,"",67136bd53ccc8600018fc7dd,67136bb5c1fdac00019a52c5,"","","","","","","",""
Filip,Brdar,Contributor,Lido Finance,Lido Finance,filip@lido.fi,Verified,Apollo,"",Not Catch-all,2024-10-19T08:20:53+00:00,Entry,"",tyquese@elinkrecruiting.com,"","","","","",Cold,crypto,"",tyquese@elinkrecruiting.com,55,information technology & services,"ethereum, technology, information & internet, liquid staking, staking eth, steth, defi integrations, node operators, lido dao, governance, cross-chain compatibility, ethereum staking, rewards system, collateral management, nft integration, decentralized finance, institutional staking, risk management, audits & security, smart contracts, validator performance, non-custodial staking, staking tokens, community governance, ecosystem partnerships, staking tokenomics, token burn mechanism, apy calculation, liquidity solutions, decentralization, bug bounty program, token utility, integrations with defi protocols, cross-chain staking, user interface, api access, staking rewards, token delegation, regulatory compliance, user onboarding, lsts, liquid restaking tokens, validator diversity, ecosystem growth, ecosystem support, economic incentives, decentralized governance, staking risk factors, performance metrics, community engagement, user education programs, interactive documentation, bridging protocols, cryptocurrency, information technology & services",http://www.linkedin.com/in/filip-brdar-4b421b2a7,http://www.lido.fi,http://www.linkedin.com/company/lidofi,"",https://twitter.com/lidofinance,Split,Split-Dalmatia County,Croatia,"6an England Ln, London, Kentucky, United States, 40741-6070",London,Kentucky,United States,"",Empowering and securing Ethereum since 2020,"Cloudflare DNS, Gmail, Google Apps, CloudFlare Hosting, YouTube, Mobile Friendly, Intercom, Ruby On Rails, WordPress.org, Varnish",1000000,145000000,Venture (Round not Specified),70000000,2022-03-01,"",false,false,false,false,"",67136bd53ccc8600018fc7df,67136b9eafcb4f0001543569,"","","","","","","",""
Ken,Chia,Head of Institutional,Pendle,Pendle,ken@pendle.finance,Verified,Apollo,"",Not Catch-all,2025-02-02T21:04:56+00:00,Head,"",tyquese@elinkrecruiting.com,"","","","","",Unresponsive,crypto,2024-12-03T04:13:10+00:00,tyquese@elinkrecruiting.com,26,financial services,"defi & ethereum, pendle, yield tokenisation, fixed yield, decentralized finance, crypto wallet, cross-chain compatibility, yield trading, liquidity pools, blockchain technology, non-custodial, smart contracts, crypto assets, community governance, automated collection, digital assets, contractual agreements, crypto trading, yield farming, open-source software, defi ecosystem, financial independence, protocol audits, risk management, market dynamics, liquidity management, user experience, crypto exchanges, wallet connect, gas fees, data protection, user privacy, cryptographic tokens, market fluctuations, analytics, user engagement, tokenomics, financial inclusion, staking, crypto rewards, blockchain scalability, trading volume, community engagement, decentralized applications, asset management, revenue sharing, token distribution, protocol integrations, arbitration agreement, ux, information technology & services",http://www.linkedin.com/in/kenchia,http://www.pendle.finance,http://www.linkedin.com/company/pendlefinance,"",https://twitter.com/pendle_fi,Singapore,"",Singapore,"24 Lor Telok, Singapore, Singapore, 049036",Singapore,"",Singapore,"","Pendle is a DeFi protocol focused on yield trading, allowing users to both fix or leverage their yield.","Cloudflare DNS, Gmail, Google Apps, CloudFlare Hosting, Facebook Login (Connect), WordPress.org, Varnish, Lucky Orange, Google Tag Manager, Mobile Friendly, Google Font API, Facebook Widget, Render, Basis, AI",500000,7400000,Other,"",2023-11-01,true,false,false,false,false,"",67136bec8db42f00018fa05f,67136bec8db42f00018fa062,"","","","","","","",""
Antonio,Gil,Co-Founder and CEO,To Be Blockchain,To Be Blockchain,antonio@tobeblockchain.com,Verified,Apollo,"",Not Catch-all,2025-02-08T13:05:11+00:00,Founder,C-Suite,tyquese@elinkrecruiting.com,"","","","","",Unresponsive,crypto,2025-02-22T16:59:05+00:00,tyquese@elinkrecruiting.com,2,information technology & services,"blockchain, crypto, bitcoin, ethereum, it services & it consulting, decentralized technology, secure information systems, public private solutions, vertical solutions, horizontal solutions, self-sovereign identity, trusted data sharing, decentralized notarization, financial inclusion, central bank digital currencies, defi services, asset tokenization, community currencies, daos, digital marketplaces, micropayments, blockchain training, blockchain workshops, blockchain webinars, proof of concept, data marketplaces, digital identity, public donations, voting systems, insurance services, stable coins, electronic voting, health data marketplaces, immunity passports, gps tracing, blockchain integration, salesforce blockchain, ebsi, blockchain governance, smart contracts, dispute resolution, custom currencies, data privacy, open source solutions, digital transformation, web3 technologies, innovation, sustainability, social responsibility, digital currencies, financial management, tech awareness, cryptocurrency, information technology & services, conflict resolution, environmental services, renewables & environment",http://www.linkedin.com/in/antoniogil,http://www.tobeblockchain.com,http://www.linkedin.com/company/to-be-blockchain,"","",Guarda,Guarda,Portugal,"Guarda, Guarda District, Portugal, 6300",Guarda,Guarda District,Portugal,"","","Route 53, Gmail, Google Apps, Amazon AWS, WordPress.org, Mobile Friendly, Apache, Google Font API, Android, Discord","","","","","",true,false,false,false,false,"",671382fa3fb11c0001055def,671382fa3fb11c0001055dfc,"","","","","","","",""
Dm,Unocoin,Digital Marketing Manager,Unocoin: Crypto ka Super App,Unocoin,dmu@unocoin.com,Verified,Apollo,"",Catch-all,2025-02-25T14:23:11+00:00,Manager,Marketing,tyquese@elinkrecruiting.com,"","","",'+91 77889 78910,"",Approaching,crypto,2024-10-25T05:50:19+00:00,tyquese@elinkrecruiting.com,65,financial services,"buy, sell, trade 90 cryptos, pro, lite version, instant deposits, withdrawals, crypto basket, uninterrupted withdrawl, deposits, systematic buying plans, sub broker programme, earn intrest on crypto, 51 referral programme, shake & earn daily cryptos, bitcoin, cryptocurrency, trade, exchange, india, api, market data, trading bot, trusted, fees, inr, mobile app, wallet, systematic buying plan, sbp, sub-broker, digital assets, merchant gateway, utility payments, dth, blockchain, security, customer support, user interface, crypto portfolio, peer-to-peer, otc trading, recharge, accept bitcoin, payment processing, investment, bitcoins, ethereum, crypto trading, financial freedom, decentralized, retail investors, kyc, net banking, digital currency, scalability, user experience, asset storage, api documentation, online trading, verifications, trading signals, ux",http://www.linkedin.com/in/dm-unocoin-433b0a147,http://www.unocoin.com,http://www.linkedin.com/company/unocoin,https://www.facebook.com/unocoin/,https://twitter.com/Unocoin,Bengaluru,Karnataka,India,"S S Puram Main Road, Tumakur, Karnataka, India, 572103",Tumakur,Karnataka,India,'+91 77889 78910,"Unocoin is a cryptocurrency exchange in India, offers seamless trading of Bitcoin & other cryptos. With 2M users Since 2013. Join India's trusted crypto platform.","Cloudflare DNS, Gmail, Google Apps, CloudFlare Hosting, Facebook Like Button, Google Tag Manager, Google Play, WordPress.org, Facebook Login (Connect), reCAPTCHA, Google Font API, YouTube, Mobile Friendly, Facebook Widget, , Micro, AI",3222000,8250000,Series A,5000000,2020-10-08,true,false,false,false,false,"",671384c80d7054000149013e,671384c80d70540001490145,"","","","","","","",""
Karthik,Adhikary,Digital Marketing Manager,VAP Group,VAP Group,karthikadhikary@vapgroup.co,Verified,Apollo,"",Not Catch-all,2025-01-30T07:37:56+00:00,Manager,Marketing,tyquese@elinkrecruiting.com,"","","",'+91 99098 09378,"",Unresponsive,crypto,2024-12-02T02:41:44+00:00,tyquese@elinkrecruiting.com,260,management consulting,"web3, blockchain, ai, business consulting & services, blockchain consulting, ai strategy, web3 development, decentralized solutions, blockchain recruitment, digital marketing, media management, pr services, influencer marketing, seo optimization, content development, brand strategy, customer loyalty, multi-chain services, bounty campaigns, expos & conferences, ico strategy, sto services, defi solutions, nft strategy, talent acquisition, performance marketing, business development, analytics expertise, visibility enhancement, community building, client satisfaction, project proposal, growth acceleration, team management, ethics in blockchain, innovative strategies, market trends adaptation, technical seo, web design services, reputation management, client success stories, employer branding, global operations, feedback mechanism, staffing solutions, project management, client engagement, cross-platform integration, digital experience, ecosystem development, emerging technologies, blockchain ecosystem, ai solutions, web3 technologies, business consulting, financial technologies, global presence, client-centric approach, event organization, recruitment services, decentralized web, digital transformation, technology consulting, startup support, industry networking, growth strategies, comprehensive services, blockchain marketing, public relations, conferences & expos, software development, cybersecurity, mobile app development, advertising services, innovative solutions, technology adoption, market expansion, management consulting, marketing & advertising, b2b, productivity, information technology & services",http://www.linkedin.com/in/karthikadhikary,http://www.vapgroup.co,http://www.linkedin.com/company/vap-group,https://www.facebook.com/VAPGroup/,https://twitter.com/VapGroup_in,Bengaluru,Karnataka,India,"81 البرج, Dubai, Dubai, United Arab Emirates",Dubai,Dubai,United Arab Emirates,'+91 99098 09378,"VAP Group, A leading Blockchain consulting firm specializing in Blockchain Media & PR, Conferences & Expos. We help to find right talent for blockchain, AI and web3 companies worldwide.","Gmail, Google Apps, Google Font API, Google Tag Manager, Mobile Friendly, Bootstrap Framework, Nginx, WordPress.org, Node.js, , Android, React Native, Remote, , Basis, Discord, Reviews, Python, Circle, AI","","","","","",true,false,false,false,false,"",671385e3e7052f0001408b20,671385e3e7052f0001408b28,"","","","","","","",""
Steven,D,investment banker and ambassador,blockchain,blockchain,steven@blockchaininvest.io,Verified,Apollo,"","",2024-10-19T07:45:59+00:00,Entry,Finance,tyquese@elinkrecruiting.com,"","","","","",Bad Data,crypto,2025-02-12T02:35:39+00:00,tyquese@elinkrecruiting.com,6,utilities,blockchain & fintech,http://www.linkedin.com/in/steven-jovetich-d-1a057b1b3,http://www.blockchaininvest.io,http://www.linkedin.com/company/blockchain-invest-dac,"","",London,England,United Kingdom,"21 Priory Hall, Dublin, County Dublin, Ireland, D12",Dublin,County Dublin,Ireland,"","","Mobile Friendly, Reviews","","","","","",true,false,true,false,false,"",6713639fe30eaa0001feb3d9,6713639fe30eaa0001feb3f3,"","","","","","","",""
Luxman,Chauhan,Senior Talent Acquisition Specialist/ Resource Management,Tech Mahindra,Tech Mahindra,lc00467789@techmahindra.com,Verified,Apollo,"",Catch-all,2025-01-28T12:21:41+00:00,Senior,Human Resources,tyquese@elinkrecruiting.com,"","","",'+91 20 4225 0000,"",Unresponsive,crypto,2024-12-19T10:01:04+00:00,tyquese@elinkrecruiting.com,260000,information technology & services,"telecom, it consulting, telecom security consulting, bss, oss, network technology solutions, services, network design, engineering, next generation networks, mobility solutions, consulting, solution integration, ims, bsg, blockchain, artificial intelligence, metaverse, it services & it consulting, digital transformation, cloud services, data analytics, business process services, cyber security, experience services, engineering services, performance engineering, intelligent automation, digital enterprise applications, sap, oracle, salesforce, pega, business consulting, supply chain management, network services, testing services, next-gen services, sustainability solutions, corporate social responsibility, customer experience, innovation & r&d, telecom solutions, financial services, healthcare technology, retail technology, logistics technology, media & entertainment, manufacturing solutions, energy & utilities technology, insurance technology, private equity solutions, cloud consulting, partner ecosystem, agile solutions, enterprise applications, digital supply chain, metaverse solutions, emerging technologies, ai-powered analytics, scalability & agility, customer-centric solutions, technology partnerships, it services, business process outsourcing, ai solutions, blockchain technology, innovation, sustainability, telecommunications, healthcare, manufacturing, retail, media, entertainment, cybersecurity, consulting services, enterprise solutions, customer-centric, global operations, strategic partnerships, net-zero emissions, mobile solutions, customer value management, operational efficiency, technology consulting, industry expertise, digital platforms, agile methodologies, r&d investment, community development, social responsibility, information technology & services, b2b, management consulting, cloud computing, enterprise software, enterprises, computer software, computer & network security, logistics & supply chain, environmental services, renewables & environment, health care, health, wellness & fitness, hospital & health care, mechanical or industrial engineering",http://www.linkedin.com/in/luxman-chauhan-l-i-o-n-851a978a,http://www.techmahindra.com,http://www.linkedin.com/company/tech-mahindra,https://www.facebook.com/TechMahindra,https://twitter.com/Tech_Mahindra,"",Delhi,India,"Karve Road, Pune, Maharashtra, India, 411004",Pune,Maharashtra,India,'+91 20 4225 0000,"We offer technology consulting and digital solutions to global enterprises across industries, enabling transformative scale at unparalleled speed.","Gmail, Outlook, Google Apps, Amazon AWS, Sendgrid, OneTrust, Salesforce, MongoDB, Django, Open AdStream (Appnexus), Cedexis Radar, YouTube, Adobe Media Optimizer, Google Analytics, Typekit, Linkedin Marketing Solutions, Stripe, Multilingual, reCAPTCHA, Google Font API, DoubleClick, Google Tag Manager, Mobile Friendly, Disqus, F5 BIG-IP, Bootstrap Framework, WordPress.org, Shutterstock, Eloqua, Vimeo, Google Maps, Google Maps (Non Paid Users), Remote",2400000,99685763,Other,"",2023-06-01,true,false,false,false,false,"",671363d5cd32240001049a6a,6713639fe30eaa0001feb3f9,"","","","","","","",""
Supriya,Rawat,Associate Consultant UI/UX Desinger,Oodles Blockchain,Oodles Blockchain,supriya.rawat@oodles.io,Verified,Apollo,"",Catch-all,2025-02-11T10:52:23+00:00,Entry,"Engineering & Technical, Consulting",tyquese@elinkrecruiting.com,"","","","","",Unresponsive,crypto,2025-02-11T20:58:57+00:00,tyquese@elinkrecruiting.com,7,information technology & services,"blockchain development services, blockchain software services, cryptocurrency development, blockchain development service providers, blockchain software development company, cryptocurrency exchanges development, oodles blockchain, smart contract development solutions, blockchain frameworks, hyperledger development services, hyperledger blockchain development company, app development, ai & blockchain development services, smart contract development company, smart contract development services, it services & it consulting, apps, software development, information technology & services",http://www.linkedin.com/in/supriya-rawat-9aab1abb,http://www.oodles.io,http://www.linkedin.com/company/blockchainoodles,"","","",Delhi,India,"104 Sohna Main Road, Gurugram, Haryana, India, 122004",Gurugram,Haryana,India,"","","Cloudflare DNS, Gmail, Google Apps, CloudFlare Hosting, Outlook, Microsoft Office 365, Amazon AWS, Amazon SES, CloudFlare, AWS SDK for JavaScript, React, PrestaShop, DoubleClick Conversion, Google Analytics, Mobile Friendly, Google Tag Manager, WordPress.org, Google Font API, Facebook Custom Audiences, Google Maps, Bootstrap Framework, DoubleClick, Intercom, Google Custom Search, Shutterstock, Google Maps (Non Paid Users), reCAPTCHA, Google Dynamic Remarketing, Google AdWords Conversion, Facebook Widget, Linkedin Marketing Solutions, IoT, , Elasticsearch, Android, React Native, , Laravel, Wowza, Python, Flutter","","","","","",true,false,false,false,false,"",67136411f254f30001bbb2b5,67136411f254f30001bbb2c0,"","","","","","","",""
Crypto,Guide,Cryptocurrency Trader,Crypto Guide,Crypto Guide,steve@cryptoguide.tips,Verified,Apollo,"",Catch-all,2025-02-26T12:42:37+00:00,Entry,"",tyquese@elinkrecruiting.com,"","","","","",Approaching,crypto,2024-10-24T06:04:17+00:00,tyquese@elinkrecruiting.com,1,financial services,"crypto, write & earn crypto, find hidden crypto gems, crypto guide, trading signals, community for crypto enthusaists",http://www.linkedin.com/in/crypto-guide-7a31631b6,http://www.crypto-guide.in,http://www.linkedin.com/company/crypto-guide,"","",Duiven,Gelderland,Netherlands,"New Delhi, Delhi, India, 110034",New Delhi,Delhi,India,"","","Cloudflare DNS, CloudFlare Hosting, Viewpoint, Circle, Remote, Toast, Flutter, AI, Reviews","","","","","",true,false,false,false,false,"",67136cb0d1489700012cb840,67136cb1d1489700012cb841,"","","","","","","",""
Mete,Gergin,Co-Founder - Product&Events,node101,node101,mete@node101.io,Verified,Apollo,"",Not Catch-all,2025-01-13T08:37:07+00:00,Founder,C-Suite,tyquese@elinkrecruiting.com,"","","","","",Unresponsive,crypto,2025-02-06T21:01:25+00:00,tyquese@elinkrecruiting.com,13,information technology & services,"blockchain, node, validation, testnet, mainnet, staking, blockchain services, decentralization, node management, cosmos ecosystem, open source, community events, developer workshops, protocol relayers, data availability, mass content creation, distributed value, validator services, non-profit, cosmos sdk, hackathon, crypto education, grpc, webapi services, ecosystem contributions, web3, next-gen blockchain, turkey blockchain, developer hub, technical knowledge, validator nodes, telegrams groups, software development, crypto rewards, ecosystem growth, clean code, community support, educational summits, hacker houses, cosmosphere, education curriculums, klein tool, cryptist events, ibc protocols, node101 videos, network expansion, crypto community, remote nodes, content library, blockchain conferences, cryptocurrency rewards, cosmos hub, distributed applications, developer engagement, blockchain philosophy, information technology & services, computer software, nonprofit organization management",http://www.linkedin.com/in/mete-koray-gergin-794757172,http://www.node101.io,http://www.linkedin.com/company/node101,"",https://twitter.com/cryptistanbul,Kadikoey,Istanbul,Turkey,"Istanbul, Istanbul, Turkey",Istanbul,Istanbul,Turkey,"","World is changing, and there are a lot of new values emerging with blockchain technology. Now, it is the time to distribute the value. node101 is validating and distributing the value in more than 15 blockchains, all with different visions for their community. To discover and learn more how you can join the distributed ecosystem, reach out at hello@node101.io.","Cloudflare DNS, ElasticEmail, Gmail, Google Apps, CloudFlare Hosting, Google Font API, Mobile Friendly, Google Tag Manager","","","","","",true,false,false,false,false,"",67136d7c0063f60001aa5342,67136d7d0063f60001aa5343,"","","","","","","",""
William,Wall,Towercrane and Contract Lifting Manager at Optimacranes.com,Crypto Exchange and Trade,Crypto Exchange and Trade,williamwall@optimasitesolutions.com,Verified,Apollo,"",Not Catch-all,2025-02-26T12:42:04+00:00,Manager,Legal,tyquese@elinkrecruiting.com,"","","","","",Unresponsive,crypto,2025-02-07T00:19:48+00:00,tyquese@elinkrecruiting.com,3,financial services,"crypto trading, bitcoin, dogecoin, investment, venture capitalist, litecoin, lividblock, cryptocurrency",http://www.linkedin.com/in/william-wall-0abb657,http://www.optimasitesolutions.com,http://www.linkedin.com/company/cryptoexchangeandtrade,"","",London,England,United Kingdom,"Upper Upnor, England, United Kingdom, ME2 4XG",Upper Upnor,England,United Kingdom,"","","Amazon AWS, Cloudflare DNS, MailJet, Mimecast, Outlook, CloudFlare Hosting, Google Font API, reCAPTCHA, Google Maps (Non Paid Users), Google Tag Manager, Nginx, Mobile Friendly, WordPress.org, Google Maps, ASP.NET, Google Play, YouTube","","","","","",true,false,false,false,false,"",67136edd2b8518000199ddb1,67136edd2b8518000199ddb7,"","","","","","","",""
Calero,Io,Blockchain,Calero,Calero,calero@calero.com,Verified,Apollo,"",Catch-all,2025-01-24T17:57:50+00:00,Entry,"",tyquese@elinkrecruiting.com,"","","",'+1 585-381-6000,"",Unresponsive,crypto,2025-02-20T06:28:00+00:00,tyquese@elinkrecruiting.com,930,information technology & services,"financial market data management, telecom expense management, managed services, technology expense management, cloud expense management, managed mobility services, call accounting, business intelligence & reporting, mobile, enterprise software, software, information technology, it services & it consulting, managed technology, technology lifecycle management, visibility, control, optimization, mobility management, telecom management, saas management, unified communications, market data solutions, digital transformation, cost management, compliance management, automation, analytics dashboards, inventory tracking, expense reporting, enterprise mobility suite, end-to-end management, global mobility management, sustainable solutions, it asset management, shadow it management, telecom inventory management, contract management, invoices management, procurement management, efficiency optimization, customer experience, data security, regulatory compliance, service desk support, knowledge management, incident resolution, budgeting & forecasting, risk management, user provisioning, vendor management, expense insights, device lifecycle management, self-service solutions, mobile expense management, analytics reporting, strategic decision-making, performance benchmarking, automated procurement, telecom auditing, cost-savings opportunities, cross-category trends, communications lifecycle management, cost optimization, invoice management, global support, cloud-based solutions, usage management, enterprise mobility, cost control, reporting & analytics, integration capabilities, shadow it, business intelligence, sustainability, customer satisfaction, innovation, large enterprises, u.s. market, european market, asset management, telecommunications, it services, software solutions, corporate clients, financial institutions, government agencies, employee engagement, work-life balance, customer reviews, competitive analysis, market data management, internet, information technology & services, enterprises, computer software, b2b, computer & network security, analytics, environmental services, renewables & environment",http://www.linkedin.com/in/calero-io,http://www.calero.com,http://www.linkedin.com/company/calero,http://www.facebook.com/pages/Movero-Technology/338077194008?ref=ts,https://twitter.com/CaleroSoftware,"",England,United Kingdom,"1040 University Ave, Rochester, New York, United States, 14607-1239",Rochester,New York,United States,'+1 585-381-6000,"The Calero team has proven expertise in the automation and management of telecom, mobility and SaaS & UCaaS expenses for global enterprises. Learn more.","Route 53, Outlook, Cloudflare DNS, Gmail, Google Apps, CloudFlare Hosting, Microsoft Application Insights, Jira, Atlassian Confluence, React, Pardot, Hubspot, Mobile Friendly, Linkedin Login, CallRail, Facebook Like Button, Bootstrap Framework, Google Tag Manager, HeapAnalytics, AddThis, Linkedin Marketing Solutions, Facebook Custom Audiences, New Relic, Hotjar, DoubleClick, AdRoll, Google Dynamic Remarketing, DoubleClick Conversion, YouTube, Facebook Widget, LeadForensics, Linkedin Widget, Google Analytics, Facebook Login (Connect), Wistia, Amcharts JS Library, AI",50000000,"","","","",true,false,false,false,false,"",6713778bb28ddf0001be6988,6713778bb28ddf0001be6990,"","","","","","","",""
Neor,Basteker,Chief Executive Officer,Crypto Bank,Crypto Bank,neor@crypto-bank.io,Verified,Apollo,"","",2025-01-31T13:52:48+00:00,C suite,C-Suite,tyquese@elinkrecruiting.com,"","","","","",Unresponsive,crypto,2025-02-11T06:11:15+00:00,tyquese@elinkrecruiting.com,28,financial services,"crypto, cryptobank, neobanking, fintech, cryptocurrency, regulation, payments, digital banking, blockchain, bitcoin, ethereum, cbt, finance, money, digitization, global, crypto bank, digital wallet, fiat currency, cryptocurrency payments, global money transfer, ai & ml integration, blockchain technology, automated trading, hybrid crypto exchange, crypto trading platform, online banking, insurance solutions, low transaction fees, decentralized finance, customer education, regulatory compliance, multi-trading systems, stable coin, crypto & fiat conversion, crypto banking services, smart atms, wealth management, blockchain ecosystem, financial products, open platform solutions, securities trading, charity platform, customer-centric solutions, cryptocurrency loans, fundraising platform, crypto banking for the unbanked, desktop & mobile banking, ai wealth protection systems, cryptocurrency investments, business accounts, cryptocurrency debit cards, automated tax reporting, crypto staking, peer-to-peer transactions, crypto business solutions, cross-border payments, financial transparency, real estate backed stable coins, crypto asset protection, ico & tokenomics, web 3.0 integration, financial innovation, fund management protection, digital asset trading, finance technology, information technology & services, financial services, investment management",http://www.linkedin.com/in/neor-basteker,http://www.crypto-bank.io,http://www.linkedin.com/company/crypto-bank-cbt,https://web.facebook.com/Crypto-%20Bank-102859525308050,https://twitter.com/CryptoBankENG,"",South District,Israel,"30 North Gould Street, Sheridan, Wyoming, United States, 82801",Sheridan,Wyoming,United States,"","Crypto Bank is a Blockchain and AI based innovative FinTech solution, enabling the banked and unbanked to transition into a crypto and fiat lifestyle with ease and simplicity.
	Crypto Bank plans to provide a host of features like retail banking, fiat-crypto conversion, ATM services, financial remittances, Payments, Special trading through AI, credit facilities and insurance to name a few, Stable exchange rates, The liquidity of crypto and fiat for everyday life, Global services, customer service and a large number of innovations that are constantly updated.
	Crypto Bank shall implement a robust AML compliance framework to follow the highest level of regulatory and compliance obligations with improved and upgraded Blockchain deposit algorithm.","Cloudflare DNS, CloudFlare Hosting, Mobile Friendly, Bootstrap Framework, , Node.js, Render, Remote, Circle","","","","","",true,false,false,false,false,"",671382fa3fb11c0001055df0,671382fa3fb11c0001055dfd,"","","","","","","",""
Conward,Swift,Chief Executive Officer,Crypto Loops,Crypto Loops,conward@crypto-loops.com,Verified,Apollo,"","",2024-10-19T10:00:32+00:00,C suite,C-Suite,tyquese@elinkrecruiting.com,"","","","","",Approaching,crypto,2024-10-28T14:06:25+00:00,tyquese@elinkrecruiting.com,4,information technology & services,"blockchain, cardano, bitcoin, tokenomics, virtual content, nft tooling, web3 gaming, blockchain services, cryptocurrency, information technology & services",http://www.linkedin.com/in/conward-swift-aa9a06118,http://www.flooftopia.org,http://www.linkedin.com/company/crypto-loops,"","",Houston,Texas,United States,"Saint Louis, Missouri, United States",Saint Louis,Missouri,United States,"","","Route 53, Amazon SES, Amazon AWS","","","","","",true,false,false,false,false,"",67138340158312000119f38f,67138340158312000119f398,"","","","","","","",""
Tim,McCracken,Founder and CEO,Cryptocurrency Consulting,Cryptocurrency Consulting,tim@cryptocurrencyconsulting.com,Verified,Apollo,"","",2024-10-19T07:57:44+00:00,Founder,C-Suite,tyquese@elinkrecruiting.com,"","","","","",Bad Data,crypto,2024-10-25T04:53:17+00:00,tyquese@elinkrecruiting.com,31,information technology & services,"bitcoin, startups, cryptocurrency, bitcoin mining, solidity, ico, cryptocurrency mining, ethereum, software development, information technology & services",http://www.linkedin.com/in/timmccracken1,http://www.cryptocurrencyconsulting.com,http://www.linkedin.com/company/cryptocurrency-consutling-llc,"","",Perth,Western Australia,Australia,"1601 Elm Street, Dallas, Texas, United States, 75201",Dallas,Texas,United States,'+1 469-951-8107,"",Remote,"","","","","",true,false,true,false,false,"",671366756f73d00001af84e3,671366756f73d00001af84f0,"","","","","","","",""
Luke,Rossy,Chief Operating Officer,HIVE Digital Technologies LTD,HIVE Digital,luke@hiveblockchain.com,Verified,Apollo,"",Not Catch-all,2025-02-13T14:02:19+00:00,C suite,"C-Suite, Information Technology, Operations",tyquese@elinkrecruiting.com,"","","",'+1 604-664-1078,"",Approaching,crypto,2025-02-24T10:54:01+00:00,tyquese@elinkrecruiting.com,27,information technology & services,"blockchain, bitcoin, ethereum mining, ethereum, bitcoin mining, gpu mining, finance: consumer services, finance, technology, information & internet, ai solutions, data centers, web3 infrastructure, hpc, gpu operations, cryptocurrency mining, nvidia gpus, cloud computing, ai training, data processing, digital economy, renewable energy, green data centers, energy efficiency, blockchain technology, cryptocurrency, high-performance computing, enterprise cloud services, graphics processing units, gpu as a service, data center management, large language models, privacy in ai, machine learning, heat recapture, low-cost energy, ai compute, sustainable technology, data infrastructure, infrastructure as a service, decentralized economy, power efficiency, big data solutions, data security, industrial-grade gpus, data center cooling, remote gpu access, virtualization technology, compute marketplaces, nvidia a40, nvidia rtx a6000, nvidia rtx a5000, nvidia rtx a4000, gpu memory, high-demand technologies, clean energy mining, blockchain infrastructure, data ownership solutions, ai inference processing, financial services, information technology & services, internet service providers, enterprise software, enterprises, computer software, b2b, clean energy & technology, environmental services, renewables & environment, artificial intelligence, computer & network security",http://www.linkedin.com/in/luke-rossy-b3b66952,http://www.hivedigitaltechnologies.com,http://www.linkedin.com/company/hiveblockchain,https://facebook.com/HIVE-Blockchain-Technologies-Ltd-133201254147180/,https://twitter.com/HIVEDigitalTech,"","",Canada,"789 W Pender St, Vancouver, British Columbia, Canada, V6C 1H2",Vancouver,British Columbia,Canada,'+1 604-664-1078,AI Infrastructure for the Web3 Digital Transformation.,"Cloudflare DNS, DigitalOcean, Outlook, Microsoft Office 365, CloudFlare Hosting, Google Tag Manager, Django, Facebook Custom Audiences, Nginx, Google Font API, Mobile Friendly, Facebook Widget, MailChimp, AppNexus, Marin, GoToWebinar, Facebook Login (Connect), Perfect Audience, Ubuntu, Google Analytics, YouTube, Remote, Reviews, Basis, AI",114465000,236745450,Other,4460000,2024-09-01,true,false,false,false,false,"",67136bb5c1fdac00019a527e,67136b9eafcb4f000154356a,lrossy@gmail.com,Apollo,"","","","","",""
Michael,Kagwa,Chief Investment Officer,Dhow Kimura African Commodity Trade Finance Fund,Dhow Kimura African Commodity Trade Finance Fund,michael@dhowkimura.com,Verified,Apollo,"",Not Catch-all,2025-02-08T05:46:37+00:00,C suite,Finance,tyquese@elinkrecruiting.com,"","","","","",Unresponsive,crypto,2025-02-16T04:19:14+00:00,tyquese@elinkrecruiting.com,2,financial services,"funding, trade finance, africa, website maintenance, site downtime, system check, server issues, web service interruption, service availability, maintenance mode, user notifications, error messages, site reliability, performance monitoring, customer support, scheduled maintenance, web uptime, service restoration, technical difficulties, maintenance updates, service announcement, user experience, web troubleshooting, site performance, digital service management, infrastructure maintenance, cybersecurity, load balancing, data recovery, content management, website performance, fault tolerance, it support, network maintenance, service continuity, online presence, brand reputation, user engagement, effective communication, customer alert, web hosting services, downtime notification, technical support, system optimization, audience retention, service feedback, maintenance protocol, user trust, service transparency, digital reliability, it infrastructure, web application stability, ux, information technology & services",http://www.linkedin.com/in/michael-kagwa-5670a95,http://www.dhowkimura.com,http://www.linkedin.com/company/dhow-kimura,"","","","",United Kingdom,"Mincing Lane, London, England, United Kingdom, EC3R 7AE",London,England,United Kingdom,"","","Mobile Friendly, WordPress.org, Google Font API, Google Tag Manager, reCAPTCHA, Apache, AI, Android, Circle","","","","","",true,false,false,false,false,"",67136f486385390001fac127,67136f211695de000180bee8,"","","","","","","",""
Daniel,Lazovsky,CEO,"Crypto Marketing Agency ""Crypto-Upvotes""","Crypto Marketing Agency ""Crypto-Upvotes""",founder@crypto-upvotes.com,Verified,Apollo,"",Not Catch-all,2025-02-26T03:57:12+00:00,C suite,C-Suite,tyquese@elinkrecruiting.com,"","","","","",Unresponsive,crypto,2024-12-01T21:11:53+00:00,tyquese@elinkrecruiting.com,2,marketing & advertising,"marketing, promotion, advertising agency, crypto marketing agency, business marketing, advertising company, blockchain marketing agency, services for promotion, crypto news, breaking news, crypto advertising agency, crypto marketing company, crypto advertising company, crypto, cryptocurrency promotion agency, cryptocurrency promotion company, blockchain promotion agency, promotional agency, marketing management, digital marketing agency, blockchain development, nft services, marketing services, crypto marketing, promotion services, nft development, smart contract development, telegram bot development, blockchain solutions, individual marketing plan, twitter promotion, instagram promotion, shilling services, reddit promotion, press releases, banner advertising, influencer marketing, listing services, votes for polls, watchlist management, crypto project promotion, mass dm sending, billboard advertising, cmc & cg trending, decentralized applications, crypto exchange development, marketing strategy, digital marketing, seo optimization, community building, brand awareness, high karma accounts, social media campaigns, targeted traffic generation, content marketing, voting sites services, upvotes purchasing, online presence enhancement, altcoin marketing, decentralized finance promotion, web3 projects, payment system integration, data analysis, market research, client consultations, real-time audience engagement, telegram marketing, buzz generation, benchmarking, ad performance tracking, competitive analysis, marketing & advertising, public relations & communications, data analytics",http://www.linkedin.com/in/daniel-lazovsky-crypto-upvotes,http://www.crypto-upvotes.com,http://www.linkedin.com/company/crypto-marketing-agency-crypto-upvotes,"",https://twitter.com/crypto_upvotes,Sydney,New South Wales,Australia,"455-463 Kent St, Sydney, New South Wales, Australia, 2000",Sydney,New South Wales,Australia,"",Our crypto marketing agency offers affordable full-service marketing and advertising services to expand your business worldwide,"Mobile Friendly, WordPress.org, Google Tag Manager, Nginx, reCAPTCHA, Woo Commerce, Google Font API, Reviews, AI, IoT, SharePoint, Flutter, Android, Render, Python, Semrush, Node.js","","","","","",true,false,false,false,false,"",67136f486385390001fac128,67136f486385390001fac12a,"","","","","","","",""
Gaurav,Dubey,Chief Executive Officer,TDeFi | TradeDog Token Growth Studio,TDeFi,gaurav@tde.fi,Verified,Apollo,"",Not Catch-all,2024-10-19T09:59:23+00:00,C suite,C-Suite,tyquese@elinkrecruiting.com,"","","","","",Unresponsive,crypto,2025-02-14T06:26:10+00:00,tyquese@elinkrecruiting.com,20,financial services,"defi accelerator, nft accelerator, crypto investments, crypto vc, blockchain vc, crypto incubator, blockchain startup incubator, blockchain project fundraising, crypto fundraising, token engineering, liquidity management, market support, regulatory compliance, marketing strategy, token design, economic audits, token sales design, investor networking, community growth, brand communication, ecosystem connections, decentralized finance, web3 acceleration, treasury management, transparent liquidity provisioning, market making, compliance advisory, influencer networking, growth hacking, digital asset management, corporate structuring, token market management, public relations, user acquisition, financial modeling, kyc compliance, smart contract design, unit economics, ico advisory, product launch strategy, marketing campaigns, brand positioning, regulatory guideline advisory, event coordination, business model optimization, risk management, capital raising, mentor sessions, community engagement, fundraising strategies, networking initiatives, customer engagement, tokenomics, decentralized ecosystem, market analysis, public engagement, brand analytics, asset tokenization, marketing & advertising",http://www.linkedin.com/in/gauravdubeyith,http://www.tde.fi,http://www.linkedin.com/company/tdefi,"",https://twitter.com/Tde_Fi,Dubai,Dubai,United Arab Emirates,"Dubai, Dubai, United Arab Emirates",Dubai,Dubai,United Arab Emirates,"",TDeFi is a Token Growth Studio dedicated to providing comprehensive support to web3 startups,"Cloudflare DNS, MailJet, Gmail, Google Apps, CloudFlare Hosting, DoubleClick, Bootstrap Framework, Eventbrite, Google Tag Manager, Facebook Login (Connect), YouTube, DoubleClick Conversion, Google Analytics, Hotjar, WordPress.org, Facebook Custom Audiences, Google Plus, Facebook Widget, Google Dynamic Remarketing, Google Font API, Nginx, Mobile Friendly, Render, , Android, Discord, Circle, Reviews, Basis, Remote, AI",800000,"","","","",true,false,false,false,false,"",671382fa3fb11c0001055df5,671382fa3fb11c0001055e00,"","","","","","","",""
Rodion,Bulavin,Digital Marketing Manager,Coinband,Coinband,r.bulavin@coinband.io,Verified,Apollo,"",Not Catch-all,2025-02-01T12:24:43+00:00,Manager,Marketing,tyquese@elinkrecruiting.com,"","","",'+1 763-363-8532,"",Unresponsive,crypto,2025-02-20T02:31:45+00:00,tyquese@elinkrecruiting.com,27,marketing & advertising,"crypto marketing, blockchain marketing, nft marketing, promote crypto, marketing services, web3 marketing, social media marketing (smm), community management, influencer marketing, ppc advertising, seo promotion, website development, ico marketing, ido marketing, ieo marketing, defi marketing, gamefi marketing, crypto exchange marketing, brand awareness, audience engagement, content creation, public relations (pr), email marketing, marketing strategy, analytics & reporting, digital marketing, lead generation, token sales, crowdfunding, market research, crypto projects, target audience, community building, online presence, digital asset growth, digital advertising, user acquisition, performance marketing, content marketing, cross-marketing initiatives, engagement strategies, campaign management, media relations, press releases, branding, strategic partnerships, advertising solutions, market penetration, conversion optimization, web design, technical seo, keyword research, marketing & advertising, web development, information technology & services, sales, social fundraising, social media, consumer internet, consumers, internet, fund-raising, public relations & communications",http://www.linkedin.com/in/rodion-bulavin,http://www.coinband.io,http://www.linkedin.com/company/coinband,"","","",Kyiv city,Ukraine,"111 Bonham Strand, Hong Kong","","",Hong Kong,'+1 763-363-8532,"","Cloudflare DNS, Gmail, Google Apps, Amazon AWS, CloudFlare Hosting","","","","","",true,false,false,false,false,"",671384c80d70540001490132,6713838544f765000106f269,"","","","","","","",""
Marta,Escabias,Digital Marketing Manager,iCommunity | Certificación y trazabilidad de datos con Blockchain,iCommunity,marta.escabias@icommunity.io,Verified,Apollo,"",Not Catch-all,2025-01-28T14:56:26+00:00,Manager,Marketing,tyquese@elinkrecruiting.com,"","","","","",Unresponsive,crypto,2024-12-05T07:02:04+00:00,tyquese@elinkrecruiting.com,12,information technology & services,"blockchain, baas, real estate, crowdfunding, trazability, aapp, ethereum, fintech, proptech, insurtech, legaltech, foodtech, ehealth, regtech, digital transformation, iot, industry 40, traceability, apis, it services & it consulting, blockchain-as-a-service, data certification, identity verification, fraud prevention, transaction certification, electronic payments, document traceability, supply chain management, healthcare data security, digital signatures, biometric verification, document certification, audit trail, smart contracts, custom branding, whitelabel solutions, iot data security, decentralized identity, endpoint verification, data integrity, real-time verification, data privacy, data management, financial regulations, public administration, trust in transactions, data traceability, customer trust, system scalability, business efficiency, digital notary, provenance tracking, compliance verification, operational transparency, patient safety, asset tracking, regulatory compliance, process automation, loss prevention, call certification, digital evidence, intellectual property protection, data authenticity, transparency in governance, fast implementation, flexible pricing, api integration, cloud-based solutions, multi-chain compatibility, social fundraising, social media, consumer internet, consumers, internet, information technology & services, fund-raising, cryptocurrency, finance technology, financial services, logistics & supply chain",http://www.linkedin.com/in/marta-escabias-trapero-,http://www.icommunity.io,http://www.linkedin.com/company/icommunity-baas,https://facebook.com/icommunity.io,https://twitter.com/iCommunity_io,Madrid,Community of Madrid,Spain,"2 Calle de Valverde, Madrid, Community of Madrid, Spain, 28004",Madrid,Community of Madrid,Spain,"","","Rackspace MailGun, Gmail, Google Apps, Google Cloud Hosting, Hubspot, , Remote","","","","","",true,false,false,false,false,"",67138591c72f4000010d650f,67138591c72f4000010d651a,"","","","","","","",""
Francesca,Failoni,Chief Financial Officer,Alps Blockchain,Alps Blockchain,f.failoni@alpsblockchain.com,Verified,Apollo,"",Not Catch-all,2025-02-19T04:26:01+00:00,C suite,"C-Suite, Finance",tyquese@elinkrecruiting.com,"","","",'+39 333 266 3836,"",Unresponsive,crypto,2024-12-18T14:56:55+00:00,tyquese@elinkrecruiting.com,11,information technology & services,"digitale, informatica, blockchain, tecnologia, mining, criptovalute, industria 40, ricerca, bitcoin, cybersecurity, sviluppo, blockchain services, bitcoin mining, digital mining, blockchain technology, sustainable mining, renewable energy, energy efficiency, advanced infrastructure, mining farms, international expansion, carbon-neutral mining, hydroelectric power, decentralization, cryptocurrency solutions, energy consumption, hash rate, energy management, eco-friendly practices, digital transformation, clean technology, strategic partnerships, innovative cooling solutions, market growth, energy production, financial inclusion, smart energy grid, operational efficiency, environmental impact, research & development, customized solutions, tailor-made projects, mining as a service, energy surplus utilization, green data centers, technology integration, energy transition, niche markets, local partnerships, agile infrastructure, sustainability initiatives, digital economy, network effects, efficient resource allocation, future energy systems, mining hardware optimization, centralized vs decentralized energy, bitcoin ecosystem, community engagement, technology, information technology & services, cryptocurrency, clean energy & technology, environmental services, renewables & environment, oil & energy",http://www.linkedin.com/in/francesca-failoni-974bb4162,http://www.alpsblockchain.com,http://www.linkedin.com/company/alps-blockchain-spa,"",https://twitter.com/alpsblockchain,Trento,Trentino-Alto Adige/South Tyrol,Italy,"1 Vicolo del Liceo, Trento, Trentino-Alto Adige/South Tyrol, Italy, 38122",Trento,Trentino-Alto Adige/South Tyrol,Italy,'+39 333 266 3836,"Alps Blockchain è un’impresa italiana con uno sguardo globale, che coniuga l’attività di digital mining professionale allo sviluppo del settore energetico.","Outlook, MailUp, reCAPTCHA, Mobile Friendly, Google Font API, Google Tag Manager, WordPress.org, YouTube, Shutterstock, Render, SharePoint, Laravel, Intuit, Reviews, , AI","","","","","",true,false,false,false,false,"",67138699af7ec000019ee273,67138699af7ec000019ee281,"","","","","","","",""
Maria,Angelova,CFO,Propy Title Agency,Propy Title Agency,m.angelova@propy.com,Verifying,Apollo,"",Not Catch-all,"",C suite,"C-Suite, Finance",tyquese@elinkrecruiting.com,"","","",'+1 415-319-5644,"",Cold,crypto,"",tyquese@elinkrecruiting.com,64,real estate,"real estate, blockchain, proptech, web3, real estate nfts, crypto real estate transactions, title & escrow, mobile, property management, information technology, enterprise software, software, 24/7 service, property closing, technology-driven, online transactions, digital escrow, automated processes, virtual real estate, transaction management, cloud-based solutions, smart contracts, cross-border transactions, secure payments, real estate platform, buying properties, selling properties, listing services, property listings, market analysis, real estate investment, property valuation, customer support, client portal, mobile app, user-friendly interface, transparent transactions, blockchain technology, document management, legal compliance, transaction tracking, property title service, financial transactions, automated workflows, real estate analytics, remote closing, agent services, real estate software, lead generation, market insights, transaction efficiency, time-saving solutions, customer experience, real estate marketplace, integrated solutions, listing management, real estate technology, blockchain transactions, offer management, automated closing process, digital document management, e-signatures, compliance tracking, global real estate market, nft real estate, crypto payments, property ownership, title registry, ai integration, streamline transactions, transparency, cost savings, innovative solutions, self-driving transactions, customer service, market democratization, educational programs, property tokenization, financial services, efficiency, security, customer satisfaction, digital solutions, real estate professionals, internet, information technology & services, enterprises, computer software, b2b, marketing & advertising, sales",http://www.linkedin.com/in/maria-angelova-0a601631,http://www.propy.com,http://www.linkedin.com/company/propy-title,https://www.facebook.com/propyinc/?ref=hl,https://twitter.com/propyinc,"","",Bulgaria,"333 SE 2nd Ave, Miami, Florida, United States, 33131",Miami,Florida,United States,'+1 415-319-5644,The Best Closers + AI + 24/7 Support = Impressed Clients,"Route 53, Gmail, Google Apps, MailChimp SPF, Microsoft Office 365, Amazon AWS, Outlook, Hubspot, Cedexis Radar, Google Font API, Vimeo, Google Analytics, Facebook Login (Connect), Mobile Friendly, Nginx, Facebook Widget, Eventbrite, WordPress.org, Facebook Custom Audiences, reCAPTCHA, Intercom, Linkedin Marketing Solutions, Stripe, Google Tag Manager, Google Maps, Google Maps (Non Paid Users), Quantcast, Gravity Forms, FullStory, YouTube, Apache, Adobe Media Optimizer, Render, Android, Remote, Reviews, Basis, AI, ",11600000,40900998,Other,1499988,2022-10-01,"",false,false,false,false,"",671387dc3b2d4c0001c07563,671387dc3b2d4c0001c07585,"","","","","","","",""
Gaurav,Ladani,Head of Engineering,Tevaera,Tevaera,gauravl@tevaeralabs.com,Verified,Apollo,"",Not Catch-all,2025-01-27T14:03:00+00:00,Head,"Engineering & Technical, Information Technology",tyquese@elinkrecruiting.com,"","","","","",Unresponsive,crypto,2025-02-18T20:06:05+00:00,tyquese@elinkrecruiting.com,14,information technology & services,"metaverse, games, nft, blockchain, 3d games, play to earn, web3gaming, unity, zksync, web3infrastructure, ethereum, gamingdex, technology, information & internet, web3, gaming ecosystem, decentralized, blockchain games, nfts, play-to-earn, cryptocurrency, virtual economy, game development, user-generated content, digital collectibles, smart contracts, multiplayer gaming, immersive experiences, cross-platform compatibility, community-driven, gaming platform, social interaction, security features, in-game assets, rewards system, eco-friendly gaming, innovative gameplay, digital ownership, economic incentives, real-world value, gamification, tokenomics, game monetization, game mechanics, interactive storytelling, augmented reality, virtual reality, competitive gaming, e-sports, community engagement, peer-to-peer transactions, scalable infrastructure, developer tools, metaverse integration, user engagement, content creation, digital marketplaces, token rewards, in-game currency, customizable avatars, virtual goods, information technology & services, computer games, consumers, computer software, enterprise software, enterprises, b2b",http://www.linkedin.com/in/gaurav-ladani,http://www.tevaera.com,http://www.linkedin.com/company/tevaera,"","",Bengaluru,Karnataka,India,British Virgin Islands,"","",British Virgin Islands,"",Tevaera is a ZK Stack powered gaming ecosystem for effortlessly launching and playing web3 games.,"Route 53, Amazon SES, Amazon AWS, Atlassian Cloud, HeapAnalytics, Google Analytics, Vimeo, Google Tag Manager, Mobile Friendly, WordPress.org, AI, Circle","","","","","",true,false,false,false,false,"",67136c19a5b235000189c428,67136c19a5b235000189c42b,"","","","","","","",""
Diego,Almada,Editor,Crypto Briefing,Crypto Briefing,diego@cryptobriefing.com,Verified,Apollo,"",Not Catch-all,2025-01-29T22:24:11+00:00,Entry,"",tyquese@elinkrecruiting.com,"","","",'+1 855-431-1299,"",Unresponsive,crypto,2025-02-07T20:18:16+00:00,tyquese@elinkrecruiting.com,190,information services,"blockchain, cryptocurrency, crypto media, bitcoin, ethereum, ico analysis, ico reviews, ico investment, crypto news, blockchain investment, blockchain news, xrp, cardano, chainlink, dogecoin, defi, nfts, crypto research, crypto trading, meme coins, crypto regulation, staking, digital assets, ecosystem, gaming, market analysis, investment opportunities, stablecoins, liquidity, asset management, smart contracts, tokenization, web3, crypto education, market trends, decentralization, investor insights, risk management, emerging technologies, market liquidity, investor sentiment, institutional adoption, digital wallets, financial strategies, supply chain transparency, cross-chain solutions, native assets, cryptocurrency mining, selling pressure, market volatility, digital currencies, privacy coins, crowdfunding, ico, revenue sharing, financial inclusion, innovative projects, technical analysis, portfolio diversification, exchange integration, synthetic assets, regulatory compliance, yield farming, news media, research analysis, investment insights, simetri, digital asset ratings, decentralized finance, financial technology, educational content, real-time alerts, portfolio tools, integrity, transparency, unbiased information, crypto community, tech-savvy audience, innovators, early adopters, financial news, investment reports, trade recommendations, crypto ecosystem, responsible integration, information asymmetry, web3 technologies, games, social fundraising, social media, consumer internet, consumers, internet, information technology & services, fund-raising, finance technology, financial services",http://www.linkedin.com/in/goalmada,http://www.cryptobriefing.com,http://www.linkedin.com/company/cryptobriefing,https://facebook.com/cryptobriefing,https://twitter.com/crypto_briefing,"","",Mexico,"954 Lexington Ave, New York, New York, United States, 10021",New York,New York,United States,'+1 855-431-1299,"Crypto Briefing is a leading independent crypto media organization delivering relevant news and in depth research to those who are serious about cryptocurrency and web3. Since 2017, our team of crypto experts have provided unbiased reviews, breaking news, forward-looking market analyses, and comprehensive research to help millions of readers find opportunities, and avoid pitfalls, as they navigate the complexities of the cryptocurrency markets","Cloudflare DNS, Mailchimp Mandrill, ExactTarget, Gmail, Google Apps, CloudFlare Hosting, CloudFlare, Easy Digital Downloads, Google Analytics, WordPress.org, Lotame, OpenX - Exchange, Conversant (ValueClick), Vimeo, E-planning, AppNexus, Integral Ad Science, Google AdSense, Criteo, reCAPTCHA, TripleLift, YouTube, DoubleClick Conversion, Mobile Friendly, Google Font API, RTB House, Adobe Media Optimizer, DoubleClick, greyscale - grey, Google Plus, Quantcast, Cedexis Radar, Media.net, LiveRamp, Google Tag Manager, Amazon Associates, PubMatic, Google Play, 33Across, Shutterstock, Rubicon Project, Yahoo Analytics, Metamask, Basis, Circle, Discord, AI, ",12300000,2000000,Seed,2000000,2018-09-01,true,false,false,false,false,"",67136f5cb5627a000117f827,671362d6fc6e000001ed61e3,"","","","","","","",""
Rasmus,Wrona,Digital Marketing Manager,Concordium,Concordium,rwr@concordium.com,Verified,Apollo,"",Not Catch-all,2025-02-07T09:08:51+00:00,Manager,Marketing,tyquese@elinkrecruiting.com,"","","","","",Unresponsive,crypto,2025-02-19T00:43:17+00:00,tyquese@elinkrecruiting.com,73,information technology & services,"blockchain, crypto, cryptocurrency, technology, fintech, cryptography, science, software development, secure blockchain, ccd token, id layer, tokenization, smart contracts, zero-knowledge proofs, compliance, private transactions, decentralized finance, web3, transparent carbon markets, digital identity, sustainable blockchain, tokenomics, grants, developer support, trust & accountability, ecosystem partnerships, ai integration, environmental responsibility, scalable applications, cost-effective transactions, community engagement, research collaboration, blockchain governance, digital asset management, identity verification, privacy-preserving solutions, real-time interactions, accountable ecosystems, layer-1 blockchain, secondary markets, financial services, data integrity, community-driven tokenomics, esg technology, financial compliance, regulatory-ready blockchain, user-centric wallet, open-source development, cryptographic security, network transparency, business applications, gaming solutions, nft projects, metaverse development, interoperability solutions, fast transaction finalization, environmentally efficient technology, decentralized identity, regulatory compliance, blockchain technology, proof-of-stake, enterprise solutions, real-world asset tokenization, stablecoin issuance, privacy & accountability, carbon markets, digital art, metaverses, supply chain finance, mobility-as-a-service, high throughput, swift transaction finality, stake-based governance, interoperability, trust & transparency, finance technology, information technology & services",http://www.linkedin.com/in/rasmus-wrona,http://www.concordium.com,http://www.linkedin.com/company/concordium,https://facebook.com/TheConcordiumFoundation,https://twitter.com/ConcordiumNet,Copenhagen,Capital Region of Denmark,Denmark,"7 Sankt Andreas, Cham, Canton of Zug, Switzerland, 6330",Cham,Canton of Zug,Switzerland,"","Discover Concordium's blockchain ecosystem, empowering secure transactions and privacy with CCD crypto and Concordium tokens. Join us today!","Cloudflare DNS, Gmail, Google Apps, Amazon AWS, WP Engine, Hubspot, Webflow, Google Tag Manager, YouTube, Adobe Media Optimizer, Twitter Advertising, Cision, Linkedin Marketing Solutions, Google Font API, reCAPTCHA, Google Play, Vimeo, Mobile Friendly, WordPress.org, Cedexis Radar, BuySellAds, Remote, Discord, AI","",51000000,Other,36000000,2021-04-01,true,false,false,false,false,"",671384c80d70540001490138,671384c80d70540001490141,"","","","","","","",""
Irina,Sokolova,Digital Marketing Manager,Apiz Coin,Apiz Coin,irina@apiz.digital,Verified,Apollo,"","",2025-01-31T21:00:26+00:00,Manager,Marketing,tyquese@elinkrecruiting.com,"","","","","",Unresponsive,crypto,2025-02-13T09:52:57+00:00,tyquese@elinkrecruiting.com,6,information technology & services,"crypto, product, sales, blockchain services, information technology & services",http://www.linkedin.com/in/irina-sokolova-858250232,http://www.apiz.digital,http://www.linkedin.com/company/apizcoin,"","","","","","9 暢運道, Kowloon, Hong Kong","",Kowloon,Hong Kong,"","","","","","","","",true,false,false,false,false,"",671384c80d7054000149013b,671384c80d70540001490143,"","","","","","","",""
Rinkesh,Jha,Digital Marketing Manager,BuyUcoin™,BuyUcoin™,rinkesh@buyucoin.com,Verified,Apollo,"",Not Catch-all,2024-10-19T10:07:04+00:00,Manager,Marketing,tyquese@elinkrecruiting.com,"","","",'+91 74283 02232,"",Unresponsive,crypto,2024-12-12T08:34:06+00:00,tyquese@elinkrecruiting.com,39,internet,"bitcoin, cryptocurrency, blockchain, investment, finance, ecommerce, marketplace, crypto exchange, onramps, financial exchange, crypto, wallet, defi, remittance, virtual trading, trading, decentralization, finance technology, blockchain / cryptocurrency, internet marketplace platforms, buyucoin, ethereum, ripple, litecoin, dogecoin, tether, nft marketplace, digital currency, spot trading, otc trading, api, trading fees, referral program, earn free bitcoin, trade securely, rest api, blockchain technology, cryptocurrency prices, crypto trading app, financial independence, cryptocurrency investment, market risk, crypto market, customer support, crypto wallet, kyc verification, decentralized, crypto assets, multi-cryptocurrency exchange, crypto transactions, business partnership, crypto community, insightful market updates, crypto trading features, free bitcoin rewards, token trading, asset management, crypto trading options, instant trading, price prediction, market trends, non-fungible tokens, crypto cashback, security features, wallet setup, trade anytime anywhere, monthly earnings, financial services, e-commerce, consumer internet, consumers, internet, information technology & services",http://www.linkedin.com/in/rinkesh-jha-059aa5159,http://www.buyucoin.com,http://www.linkedin.com/company/buyucoin,http://www.facebook.com/buyucoin,http://www.twitter.com/buyucoin,"",Delhi,India,"New Delhi, Delhi, India, 110001",New Delhi,Delhi,India,'+91 74283 02232,BuyUcoin is India's Most Secure Crypto Exchange with 1M+ customers to buy bitcoin and other cryptocurrencies at the best prices. Start trading now and earn free bitcoins of 100 INR on signup.,"Cloudflare DNS, Gmail, Google Apps, CloudFlare Hosting, reCAPTCHA, Google AdSense, YouTube, Google translate widget, Ruxit, Hotjar, Facebook Custom Audiences, Google translate API, Taboola, Bootstrap Framework, Google Analytics, Google AdWords Conversion, Google Font API, Highcharts JS Library, Facebook Login (Connect), Freshdesk, Mobile Friendly, Google Tag Manager, Facebook Widget, Google Play, AdRoll, WordPress.org",1437000,"","","","",true,false,false,false,false,"",671384c80d7054000149013c,671384c80d70540001490144,"","","","","","","",""
Ramesh,Yadav,Sr. Digital Marketing Manager,On-Chain Index,On-Chain Index,ramesh@onchainindex.io,Verified,Apollo,"",Not Catch-all,2024-10-19T10:10:26+00:00,Manager,Marketing,tyquese@elinkrecruiting.com,"","","",'+1 408-596-3847,"",Approaching,crypto,2024-12-11T02:32:48+00:00,tyquese@elinkrecruiting.com,4,financial services,"digital asset management, thematic smart contracts, blockchainnative, crypto, crypto fund management, cryptocurrency portfolio, wealth management, blockchain-native platform, investment solutions, decentralized finance, smart contract automation, theme-based asset indexes, institutional investors, high-net-worth individuals, fund management, portfolio management, transparency in investments, blockchain transparency, real-time data tracking, on-chain investment strategies, investment risk mitigation, diversification in crypto assets, layer-1 strategies, layer-2 strategies, defi strategies, investor confidence, robust security mechanisms, built on ethereum, automated fund operations, investor portal, mobile investment app, investment research tools, analytics & reporting, blockchain index funds, customized investment strategies, capital growth opportunities, family office solutions, crypto asset consulting, emerging crypto opportunities, managed index funds, invest in nfts, user-friendly experience, investor control, compliant investment solutions, digital currency investment, crypto asset diversity, performance tracking, real-time portfolio access, crypto market research, tech-enabled investment solutions, investment management, financial services",http://www.linkedin.com/in/rameshyadav30,http://www.onchainindex.io,http://www.linkedin.com/company/onchainindex,"",https://twitter.com/ociventures,Mumbai,Maharashtra,India,"2033 Gateway Place, San Jose, California, United States, 95110",San Jose,California,United States,'+1 408-596-3847,"On-Chain Index (OCI) crypto mutual fund manager uses an innovative index 
based smart contracts platform for your cryptocurrency portfolio management 
& wealth management.","Gmail, Google Apps, Hubspot, Google AdSense, Mobile Friendly, Google Tag Manager, Squarespace ECommerce","","","","","",true,false,false,false,false,"",67138591c72f4000010d6511,67138591c72f4000010d651c,ramesh4u.1103@gmail.com,Apollo,"","","","","",""
Ashish,Pareek,Chief Financial Officer,Antier Solutions,Antier Solutions,ashish.pareek@antiersolutions.com,Verified,Apollo,"",Catch-all,2025-01-28T05:29:27+00:00,C suite,"C-Suite, Finance",tyquese@elinkrecruiting.com,"","","",'+91 17240 08460,"",Unresponsive,crypto,2025-02-12T22:52:12+00:00,tyquese@elinkrecruiting.com,740,information technology & services,"blockchain solutions, digital wallet, smart contract development, defi, crypto banking, fintech, blockchain development, metaverse development, nft development, it services & it consulting, web3 solutions, enterprise blockchain, decentralized applications, tokenization services, defi solutions, digital wallet solutions, layer 2 solutions, cross-chain interoperability, supply chain transparency, healthcare blockchain, identity management, gaming development, metaverse solutions, blockchain consulting, custom blockchain protocols, arbitrum development, polkadot parachains, substrate development, ai integration, generative ai, market making services, decentralized finance, digital identity verification, data privacy solutions, blockchain security, crypto exchange development, daos, p2p lending platforms, api development for blockchain, blockchain auditing services, payments gateway solutions, digital asset management, trustless transactions, interoperable fabric, customization frameworks, cryptocurrency wallets, decentralized governance systems, token economy design, automated trading bots, fractional ownership systems, real estate tokenization, blockchain for education, digital banking solutions, decentralized logistics solutions, blockchain events management, asset tokenization, cryptocurrency wallet development, digital transformation, decentralized finance (defi), cryptocurrency exchange development, artificial intelligence solutions, digital banking, gaming industry, financial institutions, web3 technologies, immersive experiences, transparency, efficiency, security, innovative solutions, customer satisfaction, collaborative approach, technical expertise, rapid deployment, scalability, compliance, marketing & pr services, diverse industries, customer service solutions, digital identity, predictive analytics, community building, tokenization of carbon credits, lottery & raffles platform, supply chain management, healthcare solutions, real estate transactions, fintech solutions, finance technology, information technology & services, financial services, privacy, enterprise software, enterprises, computer software, b2b, logistics & supply chain",http://www.linkedin.com/in/ashish-pareek-8992a88,http://www.antiersolutions.com,http://www.linkedin.com/company/antiersolutions,https://facebook.com/antiersolutions,https://twitter.com/antiersolutions,Gurgaon,Haryana,India,"Mohali Industrial Area Road, Sahibzada Ajit Singh Nagar, Punjab, India, 160055",Sahibzada Ajit Singh Nagar,Punjab,India,'+91 17240 08460,"Our company take yours business to the next level with our futuristic and result-oriented Web3 development services. Our proficient blockchain developers ensure the delivery of tailored enterprise blockchain solutions for a highly efficient, secure, and decentralized digital transformation.","Cloudflare DNS, SendInBlue, Gmail, Google Apps, CloudFlare Hosting, Amazon AWS, Zoho Email, CloudFlare, Adobe Media Optimizer, Inspectlet, WordPress.org, DoubleClick Conversion, Facebook Login (Connect), Vimeo, Google Font API, MouseFlow, Mobile Friendly, YouTube, Google Dynamic Remarketing, Google Tag Manager, Facebook Widget, LeadSquared, Google Play, DoubleClick, Cedexis Radar, Facebook Custom Audiences, Google Analytics, reCAPTCHA, Disqus, AI",6000000,"","","","",true,false,false,false,false,"",6713878f4a67f900015e4199,6713878f4a67f900015e41a8,pareekashish11@yahoo.co.in,Apollo,"","","","","",""
Laura,Vera,Director de cuentas de flotilla,Grupo Solana,Grupo Solana,laura.vera@gruposolana.com,Verified,Apollo,"",Not Catch-all,2025-02-28T03:03:24+00:00,Director,"",tyquese@elinkrecruiting.com,"","","","","",Unresponsive,crypto,2024-12-23T18:28:17+00:00,tyquese@elinkrecruiting.com,280,automotive,"distribuidor automotriz & servicio automotriz, fleet management, vehicle rental, car dealership, used cars, new car sales, hyundai, toyota, suzuki, kia, isuzu, volkswagen, vehicle financing, commercial vehicles, pickup trucks, suvs, hybrid vehicles, personal transportation, fleet services, commercial fleet, vehicle maintenance, customer service, job recruitment, employee training, transportation solutions, personalized service, vehicle insurance, extended warranty, automotive leasing, fleet optimization, after-sales service, accessories for vehicles, safety features, technology integration, vehicle tracking, customer engagement, business solutions, operational efficiency, multi-brand dealerships, regional presence, automotive industry experience, corporate identity, automotive marketing, promotions, customer satisfaction, automobile accessories, fleet expansion, industry partnerships, sustainability in transportation, fleet customizations",http://www.linkedin.com/in/laura-vera-cruz-49790018,http://www.gruposolana.com,http://www.linkedin.com/company/grupo-solana-automotriz,"","","",Mexico City,Mexico,"Tesistan, Jalisco, Mexico, 45200",Tesistan,Jalisco,Mexico,"","","Cloudflare DNS, Microsoft Office 365, Google Font API, Google Maps, Mobile Friendly, Google Maps (Non Paid Users), Adobe Media Optimizer, Vimeo, Cedexis Radar, Apache, Gusto, Remote, Render, Android","","","","","",true,false,false,false,false,"",67136579e0205c00014b5655,671365594811d70001752975,"","","","","","","",""
Fabio,Pezzotti,"Founder, CEO",ICONIUM Blockchain Ventures,ICONIUM Blockchain Ventures,fabio@iconium.it,Verified,Apollo,"",Catch-all,2025-02-03T07:28:45+00:00,Founder,C-Suite,tyquese@elinkrecruiting.com,"","","","","",Unresponsive,crypto,2025-02-07T04:14:37+00:00,tyquese@elinkrecruiting.com,10,information technology & services,"cryptocurrencies, blockchain, bitcoin, ethereum, ico, initial coin offering, crowdsale, marketplaces, venture capital 30, cryptoeconomy, crypto, ido, nft, nfts, metaverse, yield farming, defi, technology, information & internet, blockchain ventures, digital assets, decentralized internet, crypto investment, ethereum staking, liquid staking derivatives, distributed validator technology, nft tokenization, financial infrastructure, cryptocurrency investment, web3, pooled staking, venture capital, asymmetric bets, blockchain projects, tokenized assets, smart contracts, cryptocurrency fund, investment strategies, growth phase, portfolio diversification, staking security, tokenomics, risk mitigation, cryptocurrency regulations, market analysis, investor participation, staking efficiency, decentralized ecosystem, ethereum proof of stake, infrastructure investment, value transfer, internet of value, asset tokenization, team collaboration, market opportunities, long-term investments, digital asset management, cryptocurrency trends, distributed key generation, stakeholders engagement, financial technology, crypto market analysis, decentralized finance, investing in blockchain, crypto advisory services, innovative blockchain solutions, tech investment fund, cryptocurrency, information technology & services, finance technology, financial services",http://www.linkedin.com/in/fpezzotti,http://www.iconium.it,http://www.linkedin.com/company/iconium.it,https://facebook.com/IconiumBCV/,https://twitter.com/iconiumv,Milan,Lombardy,Italy,"61 Corso di Porta Romana, Milan, Lombardy, Italy, 20122",Milan,Lombardy,Italy,"",Blockchain Ventures,"Gmail, Google Apps, Bootstrap Framework, Apache, WordPress.org, MailChimp, Google Font API, Google Tag Manager, Mobile Friendly, Render, AI","",5715500,Seed,5715500,2018-11-07,true,false,false,false,false,"",6713838544f765000106f24f,6713838544f765000106f25f,"","","","","","","",""
Guy,Harel,CFO,Tectona,Tectona,guy.harel@tectona.io,Verified,Apollo,"",Catch-all,2025-02-06T05:40:09+00:00,C suite,"C-Suite, Finance",tyquese@elinkrecruiting.com,"","","",'+972 73-397-6815,"",Unresponsive,crypto,2024-12-12T06:15:03+00:00,tyquese@elinkrecruiting.com,8,financial services,"nft, crypto, fintech, bitcoin, algo trading, blockchain, investment, algotrading, fianance, digital assets, blockchain portfolio, trading, financial instruments, algorithmic trading, high-frequency trading, cryptocurrency, defi, decentralized finance, web3, nfts, play-to-earn, public company, transparency, innovation, passionate leadership, collaborations, creative thinking, entrepreneurship, technology, market education, regulatory compliance, risk management, investment strategies, proprietary trading, market analysis, globalization, financial technology, portfolio diversification, strategic partnerships, cutting-edge solutions, industry trends, digital finance, asset management, blockchain technology, decentralization, creative problem solving, imaginative approaches, employee engagement, work-life balance, business collaboration, industry leaders, market opportunities, public blockchain, investor relations, financial reporting, market insights, finance technology, information technology & services, financial services",http://www.linkedin.com/in/guy-harel-96b5ab3b,http://www.tectona.io,http://www.linkedin.com/company/tectona_ltd,https://facebook.com/tectonaltd,"","","",Israel,"12 Abba Hillel Silver Road, Ramat Gan, Tel Aviv District, Israel",Ramat Gan,Tel Aviv District,Israel,'+972 73-397-6815,"Tectona Is The largest Publicly-Traded Company In Israel (TLV:TECT) Dedicated To Creating, Trading & Investing In Digital Assets.","Route 53, Gmail, Google Apps, Amazon AWS, Bootstrap Framework, Google Tag Manager, Mobile Friendly, Circle","","","","","",true,false,false,false,false,"",6713878f4a67f900015e4194,6713878f4a67f900015e41a5,"","","","","","","",""
Jeremy,Baumann,Chief Financial Officer,SwissBorg,SwissBorg,jeremy@swissborg.com,Verifying,Apollo,"",Catch-all,"",C suite,"C-Suite, Finance",tyquese@elinkrecruiting.com,"","","",'+41 21 310 10 50,"",Cold,crypto,"",tyquese@elinkrecruiting.com,240,financial services,"wealthtech, digital investment management, investment plaform, machine learning, cryptocurrency, blockchain, bitcoin, wealth management, cryptowealthmangement, crypto, digital assets, crypto investment, buy cryptocurrencies, sell cryptocurrencies, exchange cryptocurrencies, decentralized finance, defi portfolio, passive income, strategic investing, portfolio analytics, crypto asset analysis, premium accounts, cryptographic security, smart engine, yield strategies, portfolio visualizer, thematic investing, risk assessment, community index, crypto staking, borg token, automated trading, market insights, ai trading tools, daily yield payouts, unique trading pairs, transparent transaction fees, cryptocurrency custody, community-driven governance, investment opportunities, volatile market management, investment diversification, crypto market trends, liquidity solutions, crypto wallets, user-friendly interface, international fiat support, algorithmic trading, crypto taxation assistance, performance tracking, instant trading, financial transparency, ai market prediction, investment education, real-time analytics, community rewards, social trading, financial technology, fundamental analysis, customer support services, multi-asset portfolios, blockchain wealth management, digital asset management, cryptocurrency trading, smart yield accounts, thematic investment bundles, decentralized finance (defi), community-centric platform, passive income generation, multi-asset trading, innovative financial solutions, democratization of finance, ai portfolio analytics, tokenized assets, educational resources, global accessibility, regulatory compliance, crypto investment opportunities, financial inclusivity, wealth creation, crypto ecosystem, customer engagement, security & trust, fintech solutions, web3 innovation, crypto education, community-driven approach, competitive liquidity, governance token, loyalty rewards, artificial intelligence, information technology & services, investment management, financial services, finance technology",http://www.linkedin.com/in/jeremy-baumann-63807215,http://www.swissborg.com,http://www.linkedin.com/company/swissborg,https://facebook.com/swissborg,https://twitter.com/swissborg,Geneva,Geneva,Switzerland,"8 Rue du Grand-Chene, Lausanne, Vaud, Switzerland, 1003",Lausanne,Vaud,Switzerland,'+41 21 310 10 50,Join thousands of smart users and start investing with the SwissBorg app at the best available price anywhere at any time.,"Cloudflare DNS, Gmail, Google Apps, Zendesk, CloudFlare Hosting, Atlassian Cloud, Typeform, StatusPage IO, Lever, Hotjar, Ruby On Rails, Facebook Login (Connect), Google Analytics, Twitter Advertising, YouTube, Facebook Custom Audiences, Google Dynamic Remarketing, Google Tag Manager, Facebook Widget, Shopify, Adform, Mobile Friendly, Linkedin Marketing Solutions, Multilingual, Bootstrap Framework, DoubleClick, Google Play, Vimeo, Google AdWords Conversion, Google Font API, DoubleClick Conversion, Remote, AI",21850000,128753900,Series A,22313400,2023-04-01,"",false,false,false,false,"",671387dc3b2d4c0001c07581,671387dc3b2d4c0001c07595,"","","","","","","",""
Maritess,V.,CEO,Blockchain Pi,Blockchain Pi,maritess@blockchainpi.io,Verified,Apollo,"","",2024-10-19T07:47:03+00:00,C suite,C-Suite,tyquese@elinkrecruiting.com,"","","","","",Bad Data,crypto,2024-10-21T08:03:40+00:00,tyquese@elinkrecruiting.com,3,research,"blockchain accounting internships, blockchain speakers bureau, ico, blockchain speaker39s bureau, irs, blockchain rda partnerships, while paper reviews, monitoring, public private partnerships, sec, blockchain rdampa partnerships",http://www.linkedin.com/in/maritess-v-2b9b513a,http://www.blockchainpi.io,http://www.linkedin.com/company/blockchainpi,"","","",Metro Manila,Philippines,"840 1st St NE, Washington, District of Columbia, United States, 20002",Washington,District of Columbia,United States,"","","","","","","","",true,false,true,false,false,"",671363f7b7e40500012c701d,671363f7b7e40500012c7026,"","","","","","","",""
Frederic,Chesnais,Founder & CEO,CBI - Crypto Blockchain Industries,CBI,fredchesnais@cbicorp.io,Verified,Apollo,"",Not Catch-all,2025-02-05T14:32:02+00:00,Founder,C-Suite,tyquese@elinkrecruiting.com,"","","","","",Unresponsive,crypto,2025-02-18T23:28:56+00:00,tyquese@elinkrecruiting.com,25,information technology & services,"blockchain, investissement, video games, metaverse, cryptomonnaie, cryptocurrency, investment, jeux video, blockchain services, crypto, interactive entertainment, digital assets, gaming, ai-powered platforms, 3d entertainment, football, partnerships, financial investments, value unlocking, application development, tokenization, market capitalization, multimillion dollar investments, industry diversity, crypto currency, investment opportunities, management partnerships, hyperconnectivity, decentralized finance, nfts, digital universes, video game industry, atari, investment strategies, financial advisory, mergers & acquisitions, team collaboration, digital innovation, smart contracts, ecosystem integration, user engagement, fan-driven platforms, cross-industry applications, client collaboration, asset management, technology investment, strategic initiatives, financial growth, business development, portfolio diversification, industry partnerships, community building, computer games, consumers, computer software, information technology & services, games, sports, app development, apps, software development, financial consulting, financial services, consulting, management consulting, b2b",http://www.linkedin.com/in/fredericchesnais,http://www.cbicorp.io,http://www.linkedin.com/company/cbi-crypto-blockchain-industries,"",https://twitter.com/CBIcorp_io,"","",France,"38 Rue de Berri, Paris, Ile-de-France, France, 75008",Paris,Ile-de-France,France,"",CBI unlock value by investing in blockchain-based applications across multiple industries and as a video game publisher.,"Gmail, Google Apps, Google Cloud Hosting, SendInBlue, Google Tag Manager, Wix, Varnish, Mobile Friendly, WordPress.org, reCAPTCHA, Render, IoT, Canva, AI",4766000,"",Other,"",2021-10-01,true,false,false,false,false,"",671382fa3fb11c0001055dec,671382fa3fb11c0001055dfa,"","","","","","","",""
Luca,Basile,CEO,Flovatar,Flovatar,luca@flovatar.com,Verified,Apollo,"","",2025-02-25T06:34:55+00:00,C suite,C-Suite,tyquese@elinkrecruiting.com,"","","","","",Approaching,crypto,2024-10-31T09:57:49+00:00,tyquese@elinkrecruiting.com,2,information technology & services,"nft, crypto, blockchain, svg, technology, information & internet, information technology & services",http://www.linkedin.com/in/luca-basile-831a9472,http://www.flovatar.com,http://www.linkedin.com/company/flovatar,"","",Milan,Lombardy,Italy,"","","","","",Flovatar is a next generation NFT creativity platform where people can become creator and make their characters with any combination they like.,"Cloudflare DNS, CloudFlare Hosting, Typekit, Google Play, Mobile Friendly, Android, Discord, Toast, Basis","","","","","",true,false,false,false,false,"",67138340158312000119f388,67138340158312000119f393,"","","","","","","",""
Igor,Scvortov,Chief Financial Officer,Moneta Digitec,Moneta Digitec,igor.scvortov@moneta-fx.com,Verified,Apollo,"","",2025-02-08T08:48:37+00:00,C suite,"C-Suite, Finance",tyquese@elinkrecruiting.com,"","","",'+1 786-408-7985,"",Unresponsive,crypto,2024-11-24T16:27:16+00:00,tyquese@elinkrecruiting.com,50,financial services,"crypto, blockchain, crypto assets, tokenization, exchange",http://www.linkedin.com/in/igor-scvortov-9094a188,http://www.moneta-fx.com,http://www.linkedin.com/company/monetadigitec,"","","","",United States,"500 W Delaware Ave, Wilmington, Delaware, United States, 19809",Wilmington,Delaware,United States,'+1 786-408-7985,"","Cloudflare DNS, CloudFlare Hosting, Shopify, Mobile Friendly","","","","","",true,false,false,false,false,"",67138699af7ec000019ee275,67138699af7ec000019ee282,"","","","","","","",""
Barry,Chubrik,CFO,Elliptic,Elliptic,barry.chubrik@elliptic.co,Verified,Apollo,"",Not Catch-all,2025-02-06T10:51:33+00:00,C suite,"C-Suite, Finance",tyquese@elinkrecruiting.com,"","","",'+44 20 7193 4722,"",Unresponsive,crypto,2025-02-12T09:13:18+00:00,tyquese@elinkrecruiting.com,180,financial services,"blockchain, cryptocurrency, bitcoin, compliance, aml, cft, blockchain analysis, cryptoassets, crypto compliance, crypto regulation, regulatory compliance, financial crime, antimoney laundering, crypto transaction monitoring, crypto wallet screening, crypto risk scoring, crypto regulatory affairs, fintech, ethereum, crypto, crypto business, crypto risk management, compliance operations, future of money, future of finance, fraud prevention, financial services, blockchains, law enforcement, enterprise software, finance, software, information technology, blockchain forensics, aml solutions, risk management, vasp screening, wallet screening, transaction monitoring, cross-chain investigations, data ingestion, custom alerts, asset analytics, ecosystem monitoring, illicit activity detection, compliance lifecycle, financial crime prevention, crypto investigations, real-time monitoring, entity due diligence, risk assessment, crypto analytics, data visualization, customer risk profiling, automatic rescreening, cross-asset tracing, alert configuration, on-chain analytics, token assessment, network integrations, blockchain technology, financial institutions, stablecoin monitoring, law enforcement support, regulator tools, risk detection, holistic compliance, asset due diligence, monitoring solutions, data intelligence, transaction tracing, educational resources, certification programs, entity activity tracking, crypto market integrity, illicit funds tracking, risk exposure analysis, blockchain data quality, transaction activity analysis, cross-chain data verification, blockchain analytics, anti-money laundering (aml), counter-terrorism financing (ctf), cryptocurrency transactions, suspicious activity detection, cryptoasset screening, machine learning, data science, cryptocurrency exchanges, government agencies, compliance solutions, data coverage, cybersecurity, regulatory technology (regtech), financial technology (fintech), digital asset strategies, transparency, accountability, innovative solutions, tailored training, partnerships, integration, customer support, audit trails, risk scoring system, finance technology, information technology & services, enterprises, computer software, b2b, artificial intelligence",http://www.linkedin.com/in/chubrik,http://www.elliptic.co,http://www.linkedin.com/company/ellipticco,http://www.facebook.com/ellipticCo,http://twitter.com/elliptic,New York,New York,United States,"22 Upper Ground, London, England, United Kingdom, SE1 9AE",London,England,United Kingdom,'+44 20 7193 4722,Blockchain analytics for financial crime risk management and regulatory compliance in crypto. Empowering businesses and regulators to grow with confidence.,"Mailchimp Mandrill, Gmail, Google Apps, Zendesk, Hubspot, Atlassian Cloud, React Redux, DoubleClick Conversion, Vimeo, DoubleClick, Google Font API, Cedexis Radar, Intercom, Google AdWords Conversion, Linkedin Marketing Solutions, Hotjar, Linkedin Widget, Mobile Friendly, Google Tag Manager, Facebook Widget, Shutterstock, Adobe Media Optimizer, LiveRamp, Wistia, Google Dynamic Remarketing, Twitter Advertising, YouTube, Google Analytics, Facebook Custom Audiences, Facebook Login (Connect), Bootstrap Framework, Linkedin Login, , Remote, Basis, AI",5900000,97047754,Series C,60000000,2021-10-01,true,false,false,false,false,"",6713871638c3560001e2b9c3,6713871638c3560001e2b9d2,"","","","","","","",""
Justin,Greene,Chief Financial Officer,Engiven,Engiven,j.greene@engiven.com,Verified,Apollo,"",Catch-all,2025-02-08T21:23:53+00:00,C suite,"C-Suite, Finance",tyquese@elinkrecruiting.com,"","","",'+1 760-302-4232,"",Unresponsive,crypto,2025-02-20T17:44:03+00:00,tyquese@elinkrecruiting.com,9,financial services,"cryptocurrency, crypto donations, nonprofit donations, donate crypto, bitcoin donations, nonprofit fundraising, crypto philanthropy, blockchain, cryptocurrency platform, nonprofit development, fundraising strategy, cryptocurrency education, strategic philanthropy, donate ethereum, donate bitcoin, cryptocurrency donation platform, manage cryptocurrency donations, crypto donation widget, crypto news, financial services, cryptocurrency donations, stock donations, non-cash giving, white-label solutions, automated receipting, tax documentation, donor management, user-friendly interface, legacy giving, smartwill integration, multi-factor authentication, soc 2 certified, real-time notifications, blockchain monitoring, customizable giving pages, fundraising tools, average donation size, enterprise solutions, charitable contributions, automated exchanges, dedicated support, api integrations, crypto transaction security, flexible donation options, nonprofit support, financial compliance, tax benefits, automated donation processing, powerful reporting tools, seamless integration, customer success, nonprofit partnerships, charity fundraising, donor engagement, financial institutions partnerships, digital wallet support, impact-driven giving, wealth transfer, community impact, donation widgets, risk management, compliance audits, insurance coverage, service organization control, automated appraisal processes, real human support, dedicated user accounts, online giving solutions, secure transaction processing",http://www.linkedin.com/in/justinpgreene,http://www.engiven.com,http://www.linkedin.com/company/engiven,https://www.facebook.com/engiven/,https://twitter.com/engiveninc,Hampton,Virginia,United States,"210 South Juniper Street, Escondido, California, United States, 92025",Escondido,California,United States,'+1 760-302-4232,"Engiven simplifies complex giving.  The Engiven platform allows nonprofits, ministries, and universities to accept stock and crypto donations safely & securely.","Rackspace MailGun, Gmail, Google Apps, Amazon AWS, WP Engine, Hubspot, Webflow, StatusPage IO, Vimeo, Mobile Friendly, Intercom, Google Tag Manager, Google Font API, Google Analytics, IoT, Node.js, SharePoint, Flutter, Python, AI, Justworks, PEO",2500000,1200000,Other,1200000,2022-11-01,true,false,false,false,false,"",6713871638c3560001e2b9c5,6713871638c3560001e2b9d3,"","","","","","","",""
Didier,Lepoutre,Chief Financial Officer,enfineo,enfineo,didier@enfineo.com,Verified,Apollo,"",Not Catch-all,2025-02-04T16:48:03+00:00,C suite,"C-Suite, Finance",tyquese@elinkrecruiting.com,"","","","","",Unresponsive,crypto,2024-11-30T09:31:00+00:00,tyquese@elinkrecruiting.com,12,financial services,"neobank, crypto exchange, bitcoin, ethereum, cryptocurrency, mobile payments, cashback, loyalty cards, blockchain, financial instruments, crypto instruments, nfts, real-time finance, security-driven, instant transfers, user-friendly interface, multi-currency support, crypto finance ecosystem, fiat management, secure payments, low fee transactions, savings goals, automation tools, withdrawal flexibility, virtual card, payment solutions, asset swapping, zero fee transfers, financial app, banking ecosystem, investments, commodities, shares, etfs, forex, borrowing & lending, staking, integrated finance, savings pocket, financial tools, crypto assets, decentralized finance, user experience, transaction speed, investment funds, digital wallet, fiat deposits, account types, seamless integration, money transfers, wealth management, automated savings, secure financial transactions, financial management, crypto trading, internet, information technology & services, financial services, ux, investment management",http://www.linkedin.com/in/didier-lepoutre-69041714,http://www.enfineo.com,http://www.linkedin.com/company/enfineo,https://www.facebook.com/enfineo,https://twitter.com/enfineoapp,Bucharest,Bucharest,Romania,"Noel Street, London, England, United Kingdom, W1F 8GH",London,England,United Kingdom,"","enfineo offers seamless crypto and fiat solutions, providing secure and innovative financial services.","Cloudflare DNS, Outlook, Microsoft Office 365, CloudFlare Hosting, Mobile Friendly, reCAPTCHA, Google Font API, Google Tag Manager, Remote","","","","","",true,false,false,false,false,"",6713878f4a67f900015e41a0,6713878f4a67f900015e41ac,"","","","","","","",""
Sudhanshu,Bhatnagar,Head Tech Transformation Advisory I Capability Lead,Accenture in India,Accenture in India,sudhanshu.bhatnagar@accenture.com,Verified,Apollo,"",Not Catch-all,2025-02-22T16:53:21+00:00,Head,Information Technology,tyquese@elinkrecruiting.com,"","","",'+91 63033 86426,"",Unresponsive,crypto,2024-12-04T08:44:07+00:00,tyquese@elinkrecruiting.com,69000,information technology & services,"management consulting, systems integration & technology, business process outsourcing, application & infrastructure outsourcing, digital, technology, strategy, cloud, analytics, artificial intelligence, blockchain, security, it services & it consulting, information technology & services",http://www.linkedin.com/in/sudhanshu-bhatnagar-38832210,http://www.accenture.com,http://www.linkedin.com/company/accentureindia,https://www.facebook.com/accenture,"","",Delhi,India,"Bannerghatta Main Road, Bengaluru, Karnataka, India, 560029",Bengaluru,Karnataka,India,'+91 63033 86426,Accenture discuss how organizations can increase B2C sales across all channels. Learn more.,"Route 53, Microsoft Office 365, Amazon AWS, Taboola Newsroom, DemandBase, TubeMogul, Adobe Marketing Cloud, Amazon SES, Marketo, Taleo, Eloqua, MediaPlatform, Pixlee, Delve, Moat, SimpleReach, Vidyard, AppNexus, Apache, Bootstrap Framework, Google Maps, ClickTale, BoldChat, Adobe Coldfusion, Piwik, YouTube, Google Font API, Cvent, Facebook Login (Connect), Kaltura, Linkedin Marketing Solutions, AppDynamics, Multilingual, Totango, JQuery 1.11.1, Wordpress.com, Confirmit, Bing Ads, DoubleClick Floodlight, ASP.NET, Omniture (Adobe), Google Analytics, Adobe Media Optimizer, WordPress.org, Facebook Widget, Mobile Friendly, Facebook Custom Audiences, Google Maps (Paid Users), AddThis, DoubleClick, reCAPTCHA, Google Tag Manager, CrazyEgg","","","","","",true,false,false,false,false,"",671363d5cd32240001049a66,671363d5cd32240001049a76,sbhatnagar.india@gmail.com,Apollo,"","","","","",""
James,Paul,Office & Operations Manager/Executive Secretary,BlockChain MarketingGuru,BlockChain MarketingGuru,james@bcmguru.io,Verified,Apollo,"",Not Catch-all,2024-10-19T07:47:03+00:00,Entry,Operations,tyquese@elinkrecruiting.com,"","","","","",Bad Data,crypto,2024-11-02T04:30:21+00:00,tyquese@elinkrecruiting.com,4,information technology & services,"blockchain, technology, information & internet, information technology & services",http://www.linkedin.com/in/james-paul-1071a9114,http://www.bcmguru.io,http://www.linkedin.com/company/blockchain-marketingguru,"","",Dubai,Dubai,United Arab Emirates,"60 Paya Lebar Rd, Singapore, Singapore, 409051",Singapore,"",Singapore,"","","Gmail, Google Apps, Mobile Friendly, Apache, Bootstrap Framework, Android","","","","","",true,false,true,false,false,"",671363f7b7e40500012c701b,671363f7b7e40500012c7024,"","","","","","","",""
Ana,Dias,Assistente administrativo,Magnetiza S/A,Magnetiza S/A,ana@felap.com.br,Verified,Apollo,"",Not Catch-all,2024-12-18T01:01:27+00:00,Entry,"",tyquese@elinkrecruiting.com,"","","","","",Replied,crypto,2024-12-23T16:23:24+00:00,tyquese@elinkrecruiting.com,5,information technology & services,"seed investor, venture capital, investor, startups, startup, investidor anjo, venture capital & venture capitalist, venture capitalist, technology, information & internet, information technology & services",http://www.linkedin.com/in/ana-paula-dias-095020276,http://www.felap.com.br,http://www.linkedin.com/company/venture-capitalistas,"","",Sao Paulo,State of Sao Paulo,Brazil,"Sao Paulo, State of Sao Paulo, Brazil, 04547-130",Sao Paulo,State of Sao Paulo,Brazil,"","","","","","","","",true,true,false,true,false,"",67136edd2b8518000199ddb2,67136edd2b8518000199ddb8,"","","","","","","",""
Tina,Kvintradze,Chief Executive Officer,Bitnet,Bitnet,tina@bitnet.ge,Verified,Apollo,"",Not Catch-all,2025-02-17T14:52:09+00:00,C suite,C-Suite,tyquese@elinkrecruiting.com,"","","","","",Unresponsive,crypto,2024-11-21T22:37:00+00:00,tyquese@elinkrecruiting.com,41,financial services,"cryptocurrency, digital aseets, cryptoexchange, bitcoin, bitcoin exchange, crypto assets, blockchain technology, blockchain enthusiast, crypto deposits, crypto credits, blockchain projects, crypto bank, financial technologies, fin tech, finance technology, information technology & services, financial services",http://www.linkedin.com/in/tina-kvintradze-mba-0a766959,http://www.bitnet.ge,http://www.linkedin.com/company/bitnet-exchange,"","","","",Georgia,"Tbilisi, Tbilisi, Georgia",Tbilisi,Tbilisi,Georgia,"","","Cloudflare DNS, Sendgrid, Gmail, Google Apps, Zendesk, CloudFlare Hosting, Remote, AI","","","","","",true,false,false,false,false,"",6713838544f765000106f251,6713838544f765000106f261,tikkaa_k@yahoo.com,Apollo,"","","","","",""
Christine,Lacharme,Partnerships Manager,Blockchain Innov,Blockchain Innov,christine.lacharme@blockchaininnov.com,Verified,Apollo,"",Catch-all,2024-10-19T07:47:30+00:00,Manager,Sales,tyquese@elinkrecruiting.com,"","","",'+33 6 24 46 16 15,"",Approaching,crypto,2025-02-23T23:01:09+00:00,tyquese@elinkrecruiting.com,23,information technology & services,"blockchain, web3, networking, business, mises en relation, competitivite, souverainete, blockchain services, crypto assets, tokens, tokenization, nfts, metaverse, decentralized finance, defi, smart contracts, digital currency, cryptocurrency, stablecoins, ethereum, bitcoin, liquidity, peer-to-peer transactions, regulatory compliance, institutional investment, forecasting, market trends, risk management, financial innovation, community engagement, tokenomics, decentralized applications, blockchain governance, exchange platforms, digital wallets, cryptographic security, privacy protocols, asset management, investment strategies, yield farming, crypto trading, digital identity, social impact, sustainability, educational resources, awareness campaigns, industry events, networking opportunities, digital transformation, international collaboration, technological advancement, economic growth, innovative solutions, financial inclusion, capital markets, information technology & services, environmental services, renewables & environment, financial services",http://www.linkedin.com/in/christinelacharme,http://www.blockchaininnov.com,http://www.linkedin.com/company/blockchain-innov,"",https://twitter.com/innovblockchain,Paris,Ile-de-France,France,France,"","",France,'+33 6 24 46 16 15,"Blockchain Innov explore et promeut les usages et les innovations de la Blockchain, des Crypto actifs, des Tokens, des NFT, des Métavers et du Web 3","SendInBlue, Gmail, Google Apps, Multilingual, Google Tag Manager, Blogger, Google translate API, Google translate widget, Google AdSense, reCAPTCHA, Google Analytics, YouTube, Google Plus, AI, Remote, Micro","","","","","",true,false,false,false,false,"",67136411f254f30001bbb2be,67136411f254f30001bbb2c3,"","","","","","","",""
Khalil,Kassam,Interim Chief Executive Officer,Arts DAO,Arts DAO,khalil@artsdao.io,Verified,Apollo,"",Not Catch-all,2024-10-19T08:21:00+00:00,C suite,C-Suite,tyquese@elinkrecruiting.com,"","","","","",Unresponsive,crypto,2024-12-11T05:37:11+00:00,tyquese@elinkrecruiting.com,8,information technology & services,"nft, dao, cryptocurrency, ethereum, technology, information & internet, information technology & services",http://www.linkedin.com/in/khalil-kassam-0b002186,http://www.artsdao.io,http://www.linkedin.com/company/artsdao,"","",Dubai,Dubai,United Arab Emirates,"Dubai, Dubai, United Arab Emirates",Dubai,Dubai,United Arab Emirates,"","","Cloudflare DNS, Gmail, Google Apps, CloudFlare Hosting, Android, Remote, Basis, Discord, AI","","","","","",true,false,false,false,false,"",67136bec8db42f00018fa05e,67136bec8db42f00018fa061,"","","","","","","",""
Stratos,Verikakis,free agent,nameless,nameless,stratos@nameless.io,Verified,Apollo,"",Catch-all,2025-01-21T23:19:11+00:00,Entry,"",tyquese@elinkrecruiting.com,"","","","","",Approaching,crypto,2024-10-25T06:15:52+00:00,tyquese@elinkrecruiting.com,0,"","sso login, two-factor authentication, password requirements, ldap integration, secure access, user credentials, session timeout, scratch codes, strong password, rsa authentication, security keys, user groups, admin management, session management, account security, credentials validation, authentication process, cybersecurity, data encryption, identity verification, login errors, password complexity, authentication codes, user session, system access, network security, user permissions, secure login, multi-factor authentication, account recovery, password reset, security protocols, login screen, user interface, user experience, it security, company login, secure session, identity management, account protection, security measures, data protection, system authentication, access control, authentication methods, user data privacy, information technology & services, ux, computer & network security, privacy",http://www.linkedin.com/in/stratos-verikakis-815aa0139,http://www.nameless.io,"","",https://twitter.com/nameless_nft,"","",Greece,"Cheyenne, Wyoming, United States",Cheyenne,Wyoming,United States,"","","Gmail, Google Apps, Microsoft Office 365, Amazon AWS, Render, Circle, Remote, AI","","","","","",true,false,false,false,false,"",67136d19bd3c790509ceb870,67136d19bd3c790509ceb877,"","","","","","","",""
Rob,Shaw,Blockchain,Cymbal,Cymbal,rob@cymbal.xyz,Verified,Apollo,"",Not Catch-all,2025-02-11T11:18:00+00:00,Entry,"",tyquese@elinkrecruiting.com,"","","","","",Unresponsive,crypto,2025-02-07T05:01:37+00:00,tyquese@elinkrecruiting.com,11,information technology & services,"technology, information & internet, information technology & services",http://www.linkedin.com/in/shawrob,http://www.cymbal.xyz,http://www.linkedin.com/company/cymbalxyz,"",https://twitter.com/cymbalxyz,Indianapolis,Indiana,United States,"1180 N Lemon Ave, Menlo Park, California, United States, 94025-6025",Menlo Park,California,United States,"","","Cloudflare DNS, Gmail, Google Apps, CloudFlare Hosting, Mobile Friendly, Google Tag Manager, Node.js, Render, Android, Flutter, Python, SharePoint, Discord, IoT, Remote, AI",1000000,18500000,Venture (Round not Specified),18500000,2023-07-01,true,false,false,false,false,"",6713778bb28ddf0001be6985,6713778bb28ddf0001be698e,rjshaw.purdue@gmail.com,Apollo,"","","","","",""
Ed,Saunders,Chief Executive Officer,Crypto Dragon's Den,Crypto Dragon's Den,ed@cryptodragonsden.com,Verified,Apollo,"",Not Catch-all,2025-02-23T13:16:50+00:00,C suite,C-Suite,tyquese@elinkrecruiting.com,"","","","","",Unresponsive,crypto,2025-02-20T00:04:21+00:00,tyquese@elinkrecruiting.com,2,investment management,"investment, crypto, cryptocurrency, seed investment, angel investment, private investment, seed round, seed investor, private investor, crypto investor, blockchain, nft, crypto investment, seed funding, angel investing, venture capital, tokenomics, crowdfunding, web3 technologies, mining operations, passive income, early stage startups, investment syndicate, investment advisory, community growth, market making, project pitching, private placement, ico, ido, fundraising, decentralized finance, crypto trading, investor access, portfolio diversification, doxxing, crowdsourcing, return on investment, asic mining, token generation event, nft collection creation, investment criteria, project evaluation, investor education, vesting period, project presentation, risk management, investment strategy, market analysis, exchange listing, financial services, investor engagement, blockchain innovation, early adopter program, airdrop, investor rights, holders benefits, diversity in investment, private rounds, venture capital & private equity, social fundraising, social media, consumer internet, consumers, internet, information technology & services, fund-raising, communities",http://www.linkedin.com/in/ed-saunders,http://www.cryptodragonsden.com,http://www.linkedin.com/company/cryptodragonsden,https://www.facebook.com/profile.php,https://twitter.com/crypdragonsden,Sutton Coldfield,England,United Kingdom,"Birmingham, England, United Kingdom",Birmingham,England,United Kingdom,"",Crypto Dragons Den,"Google Tag Manager, WordPress.org, Mobile Friendly, Remote, Vimeo, , Basis","","","","","",true,false,false,false,false,"",6713838544f765000106f250,6713838544f765000106f260,"","","","","","","",""
Tanya,Petrusenko,Chief Executive Officer,Bitmedia.IO,Bitmedia.IO,t@bitmedia.io,Verified,Apollo,"",Not Catch-all,2025-01-27T17:02:18+00:00,C suite,C-Suite,tyquese@elinkrecruiting.com,"","","","","",Unresponsive,crypto,2025-01-11T11:13:18+00:00,tyquese@elinkrecruiting.com,32,marketing & advertising,"bitcoin, blockchain, advertising, crypto, marketing, crypto advertising, marketing agency, crypto pr, advertising services, bitcoin ads, ad network, publisher monetization, targeted advertising, audience analytics, campaign optimization, cost per click, cost per impression, rich media ads, html5 banners, responsive ads, native advertising, ad targeting, advertiser tools, api integration, conversion tracking, traffic quality control, geotargeting, freemium advertising, influencer marketing, pr distribution, high-quality traffic, real-time analytics, digital marketing, cpc model, cpm model, self-serve platform, advertising marketplace, dynamic advertising, audience segmentation, data-driven marketing, mobile advertising, desktop advertising, ad formats, publisher approval, brand awareness, content distribution, social media marketing, crypto traffic generation, banner ads, smart banners, user engagement, affiliated marketing, advertiser support, digital conversion, ad performance analysis, content monetization, campaign management, cryptocurrency, marketing & advertising, internet, information technology & services, consumer internet, consumers",http://www.linkedin.com/in/tanya-petrusenko-b6696911b,http://www.bitmedia.io,http://www.linkedin.com/company/bitmedia-io,https://facebook.com/bitmedia.io,https://twitter.com/bitmedia_io,Vienna,Vienna,Austria,"Shelton Street, London, England, United Kingdom, WC2H 9JQ",London,England,United Kingdom,"",Bitmedia is a premier crypto advertising network and marketing platform. Reach your target audience with precision through our crypto ad solutions,"Cloudflare DNS, Amazon SES, Gmail, Google Apps, Zendesk, CloudFlare Hosting, JQuery 2.1.1, React Redux, Mobile Friendly, Google Analytics, Stripe, Facebook Custom Audiences, Hotjar, DoubleClick Conversion, DoubleClick, Google Tag Manager, Google Play, Baidu Ads, Linkedin Marketing Solutions, Facebook Login (Connect), reCAPTCHA, Bootstrap Framework, Twitter Advertising, Taboola, WordPress.org, Bing Ads, LiveChat, Facebook Widget, Google Dynamic Remarketing",1600000,"","","","",true,false,false,false,false,"",671384343fb11c00010577bc,671384343fb11c00010577c4,"","","","","","","",""
Ulziisuren,Erdenetugs,Software Engineer,TEO Blockchain,TEO Blockchain,ulziisuren@teo.mn,Verified,Apollo,"",Catch-all,2025-02-04T03:16:12+00:00,Entry,Engineering & Technical,tyquese@elinkrecruiting.com,"","","","","",Unresponsive,crypto,2024-12-27T00:01:11+00:00,tyquese@elinkrecruiting.com,3,information technology & services,"blockchain, blockchain services, information technology & services",http://www.linkedin.com/in/ulziisuren-erdenetugs-a74b09220,http://www.teo.mn,http://www.linkedin.com/company/teoblockchain,"","",Ulaanbaatar,Ulaanbaatar,Mongolia,"Ulaanbaatar, Ulaanbaatar, Mongolia",Ulaanbaatar,Ulaanbaatar,Mongolia,"",This web site is about TEO blockchain.,"Cloudflare DNS, Mailchimp Mandrill, Outlook, Microsoft Office 365, CloudFlare Hosting, Mobile Friendly, Google Tag Manager","","","","","",true,false,false,false,false,"",671363f7b7e40500012c701e,671363b596ba4200012c9999,"","","","","","","",""
Jon,Wong,Technical Lead,Solana Foundation,Solana Foundation,jon.wong@solana.org,Verified,Apollo,"",Not Catch-all,2025-02-25T16:25:42+00:00,Manager,"",tyquese@elinkrecruiting.com,"","","",'+1 858-220-6902,"",Approaching,crypto,2025-02-26T05:11:59+00:00,tyquese@elinkrecruiting.com,340,information technology & services,"blockchain, decentralized networks, solana, proof of stake networks, software development, distributed ledger technology, technology, information & internet, web3, decentralization, nfts, payments, cryptocurrency, high throughput, secure transactions, low fees, developers, scalability, decentralized finance (defi), daos, crypto integration, ecosystem, real-time data, gaming, digital art, speed, energy efficient, state compression, smart contracts, cross-program invocation, merkle trees, community, innovation, on-chain programs, crypto exchange, loyalty programs, hackathon, openness, artificial intelligence, immersive art, cloud infrastructure, tokenization, hackathon participation, funding, transaction verification, ticket marketplace, permissions management, user experience, crypto wallet, mobile integration, social impact, art exhibitions, digital transformation, environmental sustainability, enterprise solutions, high-performance, censorship resistance, solana ecosystem, grants, funding programs, developer tools, community engagement, hackathons, open-source development, validator network, solana pay, payment solutions, fast transactions, digital equality, ecosystem growth, innovative applications, web3 technologies, institutional partnerships, community-driven projects, security, transaction processing, proof-of-stake, proof-of-history, developer demographics, educational programs, partnerships, financial services, global reach, technology integration, digital assets, nft projects, decentralized applications (dapps), information technology & services, games, communities, e-commerce, consumer internet, consumers, internet, enterprise software, enterprises, computer software, b2b, internet infrastructure, ux",http://www.linkedin.com/in/jnwng,http://www.solana.com,http://www.linkedin.com/company/solana-foundation,"","",New York,New York,United States,"Zug, Canton of Zug, Switzerland, 6300",Zug,Canton of Zug,Switzerland,'+1 858-220-6902,Fast. Decentralized. Scalable. Energy efficient. Solana can power thousands of transactions per second.,"Cloudflare DNS, Mailchimp Mandrill, Gmail, Google Apps, MailChimp SPF, Microsoft Office 365, Greenhouse.io, StatusPage IO, VueJS, Grafana, Vercel, OneTrust, React Redux, The Trade Desk, Webflow, Lever, Workable, Salesforce, Twitter Advertising, Google Maps, Eventbrite, Linkedin Marketing Solutions, Woopra, Google Tag Manager, Google Maps (Non Paid Users), Vimeo, Shopify, Mobile Friendly, Google Dynamic Remarketing, Hotjar, Amadesa, Adobe Media Optimizer, Cedexis Radar, Google Analytics, DoubleClick, Media.net, DoubleClick Conversion, Paypal, YouTube, Google Font API, MailChimp, Remote, Discord, AI","",26000000,Other,10000000,2023-05-01,true,false,false,false,false,"",6713643c276c9100015bea92,6713643c276c9100015beac0,wong.jonathanj@gmail.com,Apollo,"","","","","",""
B,S,Digital Marketing Manager (Blockchain & Crypto marketing specialist),Vegavid Technology,Vegavid Technology,sakshi.bali@vegavid.com,Verified,Apollo,"",Not Catch-all,2025-02-07T18:01:56+00:00,Manager,Marketing,tyquese@elinkrecruiting.com,"","","","","",Unresponsive,crypto,2024-12-04T08:34:06+00:00,tyquese@elinkrecruiting.com,33,information technology & services,"blockchain development, artificial intelligence, machine learning, cryptocurrency, trading bot, ocr system, data analytics, smart contracts, security token offering, research, ico, ieo, token, coin, trading exchange, token marketing, crypto marketing, digital marketing, nft marketplace, metaverse, crypto exchange, it services & it consulting, blockchain services, blockchain consulting, smart contract development, cryptocurrency exchange development, cryptocurrency wallet development, nft development, dapp development, real estate tokenization, tokenization advisory, asset fractionalization, token offering, smart contract audit service, ai chatbot solution, ai video analytics, generative ai development, metaverse development, metaverse application development, enterprise software development, fintech software development, e-commerce development, mobile app development, digital marketing strategy, ico marketing, blockchain game development, token creation, security tokens, private blockchain development, defi development, cross-platform development, custom blockchain solutions, enterprise blockchain solutions, agile development process, full stack development services, cloud integration, blockchain ecosystem management, decentralized applications, p2p transactions, market research, ui/ux development, data management systems, ai integration, data-driven decision making, rapid prototyping, cryptocurrency custody solutions, transparency in transactions, kyc & aml compliance, information technology & services, marketing & advertising, software development",http://www.linkedin.com/in/sakshibali,http://www.vegavid.com,http://www.linkedin.com/company/vegavid-technology,https://www.facebook.com/VegavidTechnology/,https://twitter.com/VegavidOfficial,New Delhi,Delhi,India,"Mumbai, Maharashtra, India, 400076",Mumbai,Maharashtra,India,'+91 79000 07980,"Vegavid Technology, a digital transformation company helps businesses solve complex problems with expertise in blockchain,NFT,metaverse, DeFi,web3 technologies.","Route 53, Outlook, Amazon AWS, Google Tag Manager, WordPress.org, Google Font API, Google Analytics, Nginx, Bootstrap Framework, YouTube, Mobile Friendly, Android, Python, Remote, AI, IoT, Data Analytics, Bitmovin, Circle, Proofpoint, , SharePoint","","","","","",true,false,false,false,false,"",67138591c72f4000010d6510,67138591c72f4000010d651b,"","","","","","","",""
Margarita,Zandi,Chief Financial Officer,OnEquity,OnEquity,m.zandi@onequity.com,Verifying,Apollo,"",Not Catch-all,"",C suite,"C-Suite, Finance",tyquese@elinkrecruiting.com,"","","",'+248 4 671 965,"",Cold,crypto,"",tyquese@elinkrecruiting.com,65,financial services,"crypto cfds, trading, introductory brokers, forex trading, commodity trading, stock trading, cryptocurrency trading, cfds, dynamic leverage, real-time market data, no commission trading, high-speed execution, metatrader 4, metatrader 5, equinix datacenter, pamm accounts, investor protection, segregated accounts, negative balance protection, market analysis tools, daily technical analysis, weekly market outlook, live spreads, tight spreads, zero spreads, multi-asset trading, risk management, automated trading, expert advisors, trading conditions, instant deposits, fast withdrawals, client support, regulated brokerage, financial instruments, diversified portfolio, market insights, economic calendar, pip calculator, trading strategies, personalized support, trading accounts, commission-free trading, educational resources, global markets, investor returns, hands-off investing, higher success rates, trading tools, market execution, real-time monitoring, trading platforms, investment management, financial services",http://www.linkedin.com/in/margarita-zandi-282037100,http://www.onequity.com,http://www.linkedin.com/company/onequity-group,https://www.facebook.com/onequity.global,https://twitter.com/OnEquityGroup,Limassol,Limassol,Cyprus,Seychelles,"","",Seychelles,'+248 4 671 965,"Experience a top-tier ecosystem offering a diverse range of markets available for trading, with low commissions and lightning-fast execution, all at enticingly low pricing.","Cloudflare DNS, Sendgrid, Outlook, Microsoft Office 365, CloudFlare Hosting, AdRoll, Trustpilot, Bootstrap Framework, Shutterstock, WordPress.org, Mobile Friendly, Google Font API, Linkedin Marketing Solutions, Google Tag Manager","","","","","","",false,false,false,false,"",671387dc3b2d4c0001c07568,671387dc3b2d4c0001c07587,"","","","","","","",""
Kevin,Koolmees,Oprichter Crypto-gids.nl,Crypto-Gids.nl,Crypto-Gids.nl,kevin@crypto-gids.nl,Verified,Apollo,"","",2025-02-01T23:41:21+00:00,Entry,"",tyquese@elinkrecruiting.com,"","","","","",Approaching,crypto,2025-02-26T00:56:15+00:00,tyquese@elinkrecruiting.com,6,information technology & services,"bitcoin, cryptocurrency, blockchain, altcoin, cryptogeld, ethereum, altcoins, cryptocurrencies, crypto nieuws, realworldassets, interviews, btc, ai, passiefinkomen, bitcoinmining, technology, information & internet, bitcoin mining, passive income, blockchain technology, educational articles, crypto trading bots, bitcoin updates, defi, nfts, satoshi trading bot, investment strategies, virtual assets, crypto exchanges, trading platforms, real world assets, market analysis, crypto podcasts, investment plan, financial freedom, synthetic assets, kyc regulations, dex, crypto tax, ai in finance, crypto market trends, digital currencies, satoshi fx, early retirement club, investment insights, mining equipment, crypto community, cryptocurrency investment, latest news, ico, dapps, financial technology, exchange rates, crypto security, buy low sell high, crypto volatility, financial news, trending coins, portfolio management, wealth building, market predictions, online courses, financial independence, crypto collaborations, alerts & updates, information technology & services, finance technology, financial services",http://www.linkedin.com/in/kevinkoolmees,http://www.crypto-gids.nl,http://www.linkedin.com/company/cryptogids,https://www.facebook.com/cryptogids/,https://twitter.com/CryptoGidsNL,Papendrecht,Zuid-Holland,Netherlands,"20 Keizerskroon, Papendrecht, Zuid-Holland, Netherlands, 3353 XP",Papendrecht,Zuid-Holland,Netherlands,"","Crypto nieuws, Trading Bots, Passief Inkomen, Bitcoin, Mining en Podcasts en Interviews. Crypto-Gids.nl is jouw Crypto Platform","Cloudflare DNS, CloudFlare Hosting, YouTube, WordPress.org, Facebook Custom Audiences, Helpscout, Facebook Widget, Facebook Login (Connect), Google Maps, Google Tag Manager, Mobile Friendly, Google Font API, Google AdSense, Trustpilot, Shutterstock, DoubleClick, Bootstrap Framework, MailChimp, Quantcast, Woo Commerce, reCAPTCHA, Deel, Remote, Basis, AI, Circle, Data Storage","","","","","",true,false,false,false,false,"",671362d6fc6e000001ed61dc,671362d6fc6e000001ed61e4,"","","","","","","",""
Julieta,P.,HR SSC - Payroll,Binance,Binance,julieta.paniego@binance.com,Verified,Apollo,"",Not Catch-all,2025-02-13T11:18:24+00:00,Entry,Human Resources,tyquese@elinkrecruiting.com,"","","",'+1 210-552-3248,"",Unresponsive,crypto,2024-12-14T11:01:11+00:00,tyquese@elinkrecruiting.com,"","","",http://www.linkedin.com/in/julietapaniego,http://www.binance.com,"","","",Buenos Aires,Autonomous City of Buenos Aires,Argentina,"Oo, De Pere, Wisconsin, United States, 54115",De Pere,Wisconsin,United States,'+1 210-552-3248,"","","","","","","",true,false,false,false,false,"",671366756f73d00001af84e1,671366756f73d00001af84ef,"","","","","","","",""
Nina,Blankenship,Chief Executive Officer,Crypto Tutors,Crypto Tutors,nina@cryptotutors.com,Verified,Apollo,"",Not Catch-all,2025-02-21T15:57:10+00:00,C suite,C-Suite,tyquese@elinkrecruiting.com,"","","",'+1 646-384-0885,"",Approaching,crypto,2025-02-23T07:37:16+00:00,tyquese@elinkrecruiting.com,17,information technology & services,"elearning, cryptocurrency, course, tutoring, crypto, vocabulary, knowledge, learning, diversity, minority, women, blockchain services, web3 education, diversity in blockchain, crypto conference, virtual event, blockchain technology, nfts, digital currencies, metaverse, sponsorship opportunities, career opportunities, crypto tutors, self-hosted wallets, decentralized identity, tokenization, financial reporting, blockchain use cases, ai & blockchain, policy legislation, financial institutions, success stories, community empowerment, marginalized communities, crypto security, technical analysis, how to invest in cryptocurrency, altcoin research, crypto funding, data protection, user privacy, lead generation, creator content, creator services, crypto innovation, decentralized finance, student engagement, personal data security, online courses, blockchain careers, blockchain trends, community networking, crypto legislation, sustainable blockchain practices, crowdfunding in crypto, authentic representation, economic empowerment, networking opportunities, data collection practices, sustainable investment practices, social media impact on crypto, e-learning, internet, information technology & services, computer software, education, education management, marketing & advertising, sales",http://www.linkedin.com/in/nblankenship,http://www.cryptofortheculture.io,http://www.linkedin.com/company/crypto-tutors,https://www.facebook.com/Crypto-Tutors-108591117660087,https://twitter.com/thecryptotutors,Orlando,Florida,United States,"Orlando, Florida, United States",Orlando,Florida,United States,'+1 646-384-0885,"","Google Cloud Hosting, Gmail, Google Apps, Greenhouse.io, Wix, YouTube, Mobile Friendly, Varnish, Facebook Login (Connect), Facebook Widget, Twitter Advertising, Linkedin Marketing Solutions, Google Analytics, Facebook Custom Audiences, Google Tag Manager, Render, , IoT, Android, Remote, Circle, Python, , Reviews, AI","","","","","",true,false,false,false,false,"",6713826217ee4e00017d8165,6713826217ee4e00017d816d,"","","","","","","",""
Gabriel,Jaccard,CEO,Arbitri | Swiss Advisors for Blockchain & AI,Arbitri,jaccard@arbitri.ch,Verified,Apollo,"",Not Catch-all,2024-10-19T09:59:23+00:00,C suite,C-Suite,tyquese@elinkrecruiting.com,"","","","","",Unresponsive,crypto,2025-01-08T08:05:12+00:00,tyquese@elinkrecruiting.com,4,information technology & services,"communication, branding, business development, blockchain, crypto, cryptocurrencies, tokenization, legal, marketing, project development, brokerage, fintech, dao, technology, information & internet, services, consulting, legal advice, technical support, ai solutions, tokenomics, smart contracts, governance systems, daos, business incorporation, aml services, partnerships, nft creation, code auditing, international strategy, custom software, marketing strategy, data protection, cryptocurrency payments, risk management, retail solutions, business networking, privacy policy, client engagement, specialized consulting, legal compliance, contract writing, regulatory guidance, confidentiality agreements, crypto consulting, payment processing, data analytics, business assessment, legal documentation, business strategy, client relations, network of partners, user experience optimization, technology integration, service agreements, reputational risk, innovation, market entry strategy, digital assets management, b2b, finance technology, information technology & services, financial services, marketing & advertising",http://www.linkedin.com/in/gabrieljaccard,http://www.arbitri.ch,http://www.linkedin.com/company/arbitri,"","","","",Switzerland,"1 Rue Chandieu, Geneva, Geneva, Switzerland, 1202",Geneva,Geneva,Switzerland,"","","Google Tag Manager, Facebook Widget, Google Font API, WordPress.org, Apache, reCAPTCHA, Mobile Friendly, Facebook Login (Connect), Toast, AI, Discord","","","","","",true,false,false,false,false,"",671382fa3fb11c0001055ded,671382fa3fb11c0001055dfb,"","","","","","","",""
Renee,Wong,CFO,Superlayer,Superlayer,rwong@superlayer.io,Verified,Apollo,"",Not Catch-all,2025-02-18T11:52:09+00:00,C suite,"C-Suite, Finance",tyquese@elinkrecruiting.com,"","","","","",Approaching,crypto,2025-02-23T14:07:59+00:00,tyquese@elinkrecruiting.com,14,information technology & services,"crypto, venture studio, blockchain, b2c, technology, information & internet, consumer experiences, gaming projects, co-founding, pre-seed funding, innovation, angel network, project development, scaling startups, domain expertise, partnerships, team collaboration, launching projects, gaming ecosystem, startup acceleration, experienced founders, co-founders, growth support, investment opportunities, creative ideas, iconic companies, tech leadership, business strategy, user acquisition, digital platforms, concept development, market testing, exit strategies, funding network, talent acquisition, in-house development, consumer technology, strategic partnerships, venture capital, start-up ecosystem, game development, consumer innovation, digital experiences, collaborative projects, entrepreneurial support, mentorship network, exponential growth, tech startup mentorship, founder resources, company scaling, investor relations, business innovation, information technology & services, computer games, games, consumers, computer software",http://www.linkedin.com/in/renee-wong-340ba91,http://www.superlayer.io,http://www.linkedin.com/company/superlayer,"",https://twitter.com/SuperLayerio,New York,New York,United States,"San Francisco, California, United States, 94102",San Francisco,California,United States,"","Invest in Web3 with Superlayer, a team of experienced founders and operators building premium projects in consumer Web3.Superlayer is the leading venture studio co-founding projects at the intersection of consumer, gaming and monetization.","Sendgrid, Gmail, Google Apps, Greenhouse.io, Google Tag Manager, Mobile Friendly, WordPress.org, Render, Android, Python, Circle, Flutter, Remote, SharePoint, AI","",25000000,Other,25000000,2022-08-01,true,false,false,false,false,"",67138699af7ec000019ee279,67138699af7ec000019ee284,"","","","","","","",""
Richard,Schaap,Team Lead Engineer,TesTneT by UL Solutions,TesTneT by UL Solutions,rschaap@h2-test.net,Verified,Apollo,"",Catch-all,2025-01-02T05:44:56+00:00,Manager,Engineering & Technical,tyquese@elinkrecruiting.com,"","","",'+49 604 8176243,"",Unresponsive,crypto,2025-02-20T09:57:12+00:00,tyquese@elinkrecruiting.com,36,renewables & environment,"type approval, hydrogen testing, cng testing, certification, services for renewable energy, alternative fuels, compressed natural gas, cng systems, high pressure hydrogen, iso 17025 certification, testing services, gas cycle testing, hydraulic cycle testing, pneumatic cycle testing, destructive testing, field testing, component testing, fuel system testing, safety testing, durability testing, performance testing, regulatory compliance, testing standards, custom testing solutions, hydrogen technology consulting, hydrogen refueling stations, data analysis, engineering expertise, testing laboratory, global testing services, customer support, partner collaboration, innovation in testing, ul solutions partnership, testing infrastructure, quality assurance, risk assessment, test sample evaluation, certification services, compressed gas dynamics, safety regulations, industry standards development, technician expertise, workshop training, testing capabilities, testing facilities, equipment design, engineer consultation, project management, safety protocols, compliance verification, renewables & environment, data analytics, productivity",http://www.linkedin.com/in/richard-schaap-b3a03a91,http://www.h2-test.net,http://www.linkedin.com/company/testnetbyulsolutions,"","",Vancouver,British Columbia,Canada,"Oberding, Bavaria, Germany",Oberding,Bavaria,Germany,'+49 604 8176243,"","Outlook, Microsoft Office 365, WordPress.org, Google Maps, Google Font API, Bootstrap Framework, reCAPTCHA, Apache, Mobile Friendly","","","","","",true,false,false,false,false,"",67136d622b8518000199d45d,67136d19bd3c790509ceb878,"","","","","","","",""
Mateusz,Uldynowicz,"",Kancelaria Adwokacka Mateusz Kara,Kancelaria Adwokacka Mateusz Kara,mateusz@uldynowicz.eu,Verified,Apollo,"","",2025-02-07T03:02:01+00:00,"","",tyquese@elinkrecruiting.com,"","","","","",Approaching,crypto,2024-10-25T08:41:47+00:00,tyquese@elinkrecruiting.com,18,law practice,"sto, blockchain, offshore, crypto, ai, startup, eto, prawo, kryptowaluty, ico, machine learning, artificial intelligence, information technology & services",http://www.linkedin.com/in/mateusz-uldynowicz,http://www.kara.com.pl,http://www.linkedin.com/company/kancelariakara,"","",Szczecin,West Pomeranian Voivodeship,Poland,"71 ulica Garbary, Poznan, wielkopolskie, Poland, 61-758",Poznan,wielkopolskie,Poland,"",Największa polska giełda domen internetowych. Najniższe ceny przedłużenia. Nie zastanawiaj się - przenieś do nas domeny już dziś!,"Apache, Google Tag Manager, Ubuntu, Mobile Friendly","","","","","",true,false,false,false,false,"",67136dc8acb29600016c727b,67136dc8acb29600016c7282,"","","","","","","",""
Sagar,Thakkar,Digital Marketing Manager,The Crypto Times,The Crypto Times,sagar@cryptotimes.io,Verified,Apollo,"","",2024-10-19T10:10:26+00:00,Manager,Marketing,tyquese@elinkrecruiting.com,"","","","","",Unresponsive,crypto,2024-11-04T07:38:10+00:00,tyquese@elinkrecruiting.com,24,online media,"internet news, online media, media",http://www.linkedin.com/in/sagar-thakkar-834214147,http://www.cryptotimes.io,http://www.linkedin.com/company/crypto-times-io,"","",Ahmedabad,Gujarat,India,"313, Ahmedabad, Gujarat, India, 380051",Ahmedabad,Gujarat,India,"","","Cloudflare DNS, CloudFlare Hosting, 33Across, Lotame, Google AdSense, WordPress.org, DoubleClick Conversion, GoToWebinar, Bootstrap Framework, Open AdStream (Appnexus), PrototypeJS, OpenX - Exchange, Ad Unit 320 x 50, Adobe Media Optimizer, Vimeo, Google AdWords Conversion, Google Tag Manager, Google Font API, Disqus, Shutterstock, Criteo, AT Internet, Ad Unit 160 x 600, Ad Unit 300 x 250, YouTube, Ad Unit 728 x 90, Cedexis Radar, Adform, Google Analytics, Media.net, Mobile Friendly, RTB House, DoubleClick, Outbrain, Basis, Remote, ADP, AI","","","","","",true,false,false,false,false,"",67138591c72f4000010d6508,67138591c72f4000010d6515,"","","","","","","",""
Alex,Ioffe,CFO,Galaxy,Galaxy,alex.ioffe@galaxydigital.io,Verified,Apollo,"",Not Catch-all,2025-02-15T04:33:21+00:00,C suite,"C-Suite, Finance",tyquese@elinkrecruiting.com,"","","",'+1 212-390-9216,"",Approaching,crypto,2025-02-23T16:55:07+00:00,tyquese@elinkrecruiting.com,1800,financial services,"crypto, digital assets, blockchain technology, institutional crypto, blockchain solutions, digital asset economy, trading strategies, lending services, derivatives trading, investment banking, asset management, bitcoin mining, staking services, enterprise custodial technology, liquidity provision, otc trading, electronic trading, crypto funds, venture investing, market insights, risk management, financial advisory, grade infrastructure, passive investing, active investing, crypto market access, bitcoin treasuries, secured lending, collateralized loans, cryptocurrency custody, margin trading, financial solutions, blockchain infrastructure, validator services, m&a advisory, research insights, digital finance, crypto education, stablecoins, decentralized finance, web3 investment, energy market solutions, high-frequency trading, tokenization services, crypto lending desk, structured products, customized financing, trading firms, institutional investors, crypto portfolio management, advisory services, institutional adoption, trading solutions, digital infrastructure, derivatives, global markets, strategic advisory, enterprise custody, network validation, crypto investments, economic progress, innovation, transparency, scalability, security, web3, defi, tech-savvy clients, global reach, compliance, holistic platform, economic transformation, capital markets, financial services, financial consulting, consulting, management consulting",http://www.linkedin.com/in/alex-ioffe,http://www.galaxy.com,http://www.linkedin.com/company/galaxyhq,"","",New York,New York,United States,"300 Vesey Street, New York, New York, United States, 10282",New York,New York,United States,'+1 212-390-9216,"Access the digital asset ecosystem with our institutional-grade active, passive, and venture funds.","Cloudflare DNS, Mimecast, Outlook, Pardot, Microsoft Office 365, CloudFlare Hosting, Hubspot, Atlassian Cloud, React, HeapAnalytics, New Relic, DoubleClick Conversion, Woopra, Google Dynamic Remarketing, Facebook Custom Audiences, DoubleClick, Cloudinary, 33Across, Facebook Login (Connect), Mobile Friendly, Google Font API, Lever, Bootstrap Framework, Google Tag Manager, Facebook Widget, Adobe Media Optimizer, Greenhouse.io, reCAPTCHA, AdRoll, Linkedin Marketing Solutions, Google Analytics, Hotjar, WordPress.org, Vimeo, Breezy HR (formerly NimbleHR), Cedexis Radar, Wistia, Remote, AI, Metamask, Basis, Circle",671902000,1660500000,Debt Financing,402500000,2024-11-01,true,false,false,false,false,"",67138699af7ec000019ee277,67138699af7ec000019ee283,aioffe@yahoo.com,Apollo,"","","","","",""
Andy,Perkins,Chief Financial Officer,Sparling Financial,Sparling Financial,andy@sparlingfinancial.com,Verified,Apollo,"",Not Catch-all,2024-10-19T10:18:55+00:00,C suite,"C-Suite, Finance",tyquese@elinkrecruiting.com,"","","","","",Unresponsive,crypto,2025-02-20T18:55:06+00:00,tyquese@elinkrecruiting.com,4,financial services,"otc desk, regulated vasp, crypto assets, crypto custody",http://www.linkedin.com/in/andy-perkins-1a914b34,http://www.sparlingfinancial.com,http://www.linkedin.com/company/sparling-financial,"","",London,England,United Kingdom,"Mamer, Luxembourg District, Luxembourg, 8308",Mamer,Luxembourg District,Luxembourg,"","","Cloudflare DNS, Gmail, Google Apps, Microsoft Office 365, CloudFlare Hosting, DigitalOcean, Hubspot, WordPress.org, Mobile Friendly, Bootstrap Framework, Google Tag Manager, Remote, Basis, Circle, ","","","","","",true,false,false,false,false,"",6713878f4a67f900015e419b,6713878f4a67f900015e41a9,"","","","","","","",""
Vincent,Borgne,Researcher,Blockchain Economics,Blockchain Economics,vborgne@beconomics.io,Verified,Apollo,"",Catch-all,2025-02-11T10:53:08+00:00,Entry,"",tyquese@elinkrecruiting.com,"","","","","",Unresponsive,crypto,2024-12-23T04:36:06+00:00,tyquese@elinkrecruiting.com,1,information technology & services,"consulting, cross industry, blockchain, blockchain services, information technology & services",http://www.linkedin.com/in/vborgne,http://www.beconomics.io,http://www.linkedin.com/company/blockchain-economics,"","",Kuala Lumpur,Federal Territory of Kuala Lumpur,Malaysia,"Brussels, Brussels, Belgium",Brussels,Brussels,Belgium,"","","Outlook, Amazon AWS, Mobile Friendly, IoT, Data Analytics, , Android, AI, Reviews","","","","","",true,false,false,false,false,"",67136411f254f30001bbb2b8,67136411f254f30001bbb2c2,vborgne@free.fr,Apollo,"","","","","",""
Andrey,Manolov,"Ops, BD and product",Cambrian,Cambrian,am@cambrian.one,Verified,Apollo,"",Not Catch-all,2025-01-28T06:28:51+00:00,Entry,"Operations, Sales",tyquese@elinkrecruiting.com,"","","","","",Unresponsive,crypto,2025-02-08T22:04:07+00:00,tyquese@elinkrecruiting.com,2,information technology & services,"blockchain, restaking, blockchain services, solana ecosystem, information technology & services",http://www.linkedin.com/in/andrey-manolov,http://www.cambrian.one,http://www.linkedin.com/company/cambrian-one,"","","","",Bulgaria,"75 Shelton Street, London, England, United Kingdom, WC2H 9",London,England,United Kingdom,"","Cambrian offers a comprehensive SDK for developing, deploying, and managing Actively Validated Services (AVS), consolidating the entire lifecycle from concept to production for the Solana ecosystem.","Gmail, Google Apps, Amazon AWS, Mobile Friendly","","","","","",true,false,false,false,false,"",671365cb6550a70001000336,671365cb6550a70001000340,"","","","","","","",""
Daria,Nikolaiets,Digital marketing manager,PromoJ: Marketing Agency,PromoJ,daria.nikolaiets@promoj.io,Verified,Apollo,"",Not Catch-all,2025-02-25T18:00:00+00:00,Manager,Marketing,tyquese@elinkrecruiting.com,"","","","","",Unresponsive,crypto,2025-01-09T09:28:05+00:00,tyquese@elinkrecruiting.com,6,marketing & advertising,"ama, community building, influence marketing, bounty marketing, crypto marketing, ico marketing, advertising services, marketing & advertising",http://www.linkedin.com/in/daria-nikolaiets,http://www.promoj.io,http://www.linkedin.com/company/promoj,"",https://twitter.com/promoJagency,Dnipro,Dnipropetrovsk Oblast,Ukraine,"Avinguda Jean Claude Combaldie, Valencian Community, Spain, 03008","",Valencian Community,Spain,"",How to promotion and save your project on the bearish trend? Get a free consultation from the crypto marketing agency.,"Cloudflare DNS, Gmail, Google Apps, CloudFlare Hosting, Google Tag Manager, Linkedin Marketing Solutions, Mobile Friendly","","","","","",true,false,false,false,false,"",67138591c72f4000010d650b,67138591c72f4000010d6517,"","","","","","","",""
Sergej,Orlovskij,CFO,CoinGate,CoinGate,sergej.orlovskij@coingate.com,Verified,Apollo,"",Catch-all,2025-02-18T12:44:31+00:00,C suite,"C-Suite, Finance",tyquese@elinkrecruiting.com,"","","","","",Unresponsive,crypto,2025-02-08T22:27:06+00:00,tyquese@elinkrecruiting.com,82,financial services,"bitcoin, blockchain, bitcoin payments, cryptocurrencies, crypto payment processing, crypto payment gateway, accept bitcoin, cryptocurrency payments, stablecoin payments, mass payouts, gift cards, crypto-to-fiat conversion, payment integration solutions, merchant directory, e-commerce plugins, payment buttons, woocommerce integration, in-store payments, payment processor, automated invoicing, white label solutions, credit card purchases, bank account transactions, payout settings, binance pay integration, crypto billing, api documentation, developer resources, refund processing, payment settlements, transaction verification, blockchain payments, cryptocurrency exchange, multi-network support, payment security, merchant account functionality, customer support, documentation repository, affiliate program, referral program, gift card marketplace, bulk gift card discounts, subscription billing, invoice tracking, cryptocurrency wallets, point of sale, currency exchange rates, legal compliance, data protection, gdpr compliance, cryptocurrency regulations, user interface, customizable checkout, digital asset management, payment tracking, cryptocurrency, pos, payments, financial services, b2b, enterprise software, enterprises, computer software, information technology & services",http://www.linkedin.com/in/sergej-orlovskij,http://www.coingate.com,http://www.linkedin.com/company/coingate,https://www.facebook.com/coingatecom/,https://twitter.com/CoinGatecom/,Vilnius,Vilnius County,Lithuania,"37 Lvivo gatve, Vilnius, Vilnius County, Lithuania, 09307",Vilnius,Vilnius County,Lithuania,"",Accept Bitcoin and crypto in your business with the best crypto-to-fiat payment processor | Buy & sell 250+ cryptos | Buy gift cards.,"Cloudflare DNS, MailJet, Gmail, Google Apps, CloudFlare Hosting, StatusPage IO, Atlassian Cloud, Vercel, Zendesk, Hubspot, Google Tag Manager, DoubleClick, Facebook Login (Connect), Facebook Custom Audiences, DoubleClick Conversion, Facebook Widget, Linkedin Marketing Solutions, Google Dynamic Remarketing, Ruby On Rails, Commission Junction, Google AdWords Conversion, Multilingual, Hotjar, Visual Website Optimizer, reCAPTCHA, Twitter Advertising, SkimLinks, Google Analytics, Google Analytics Ecommerce Tracking, YouTube, Google Font API, WordPress.org, Mobile Friendly, Bootstrap Framework, Google AdSense, AI, Semrush",8500000,"","","","",true,false,false,false,false,"",6713871638c3560001e2b9c0,6713871638c3560001e2b9d0,"","","","","","","",""
Rodrigo,Leon,Chief Financial Officer,minka_,minka_,rodrigo@minka.io,Verified,Apollo,"",Not Catch-all,2025-02-24T05:59:52+00:00,C suite,"C-Suite, Finance",tyquese@elinkrecruiting.com,"","","",'+57 350 5389480,"",Unresponsive,crypto,2025-02-10T05:16:55+00:00,tyquese@elinkrecruiting.com,42,financial services,"financial services, api, core banking, open banking, cloud, fintech, blockchain, crypto, real time payments, alias directory, ledger as a service, programmable money, digital transactions, fintech solutions, financial integration, payment network, user experience, secure transactions, cloud infrastructure, microservices, transaction processing, financial ecosystem, payment apis, instant money movement, decentralized finance, transaction history, immutable ledger, scalable payment solutions, digital signatures, cross-border transactions, peer-to-peer payments, financial institutions integration, compliance solutions, seamless money transfers, fraud prevention, customer-centric design, multicurrency transactions, transaction validation, loyalty points management, cash-based economies, cross-platform integration, mobile wallet solutions, banking technology, payment processing infrastructure, api development, interoperable payment systems, payment aggregation, automated financial services, efficient money management, digital banking solutions, integration protocols, real-time monitoring, advanced security protocols, user-friendly interfaces, open banking standards, innovative payment methods, currency agnostic solutions, finance technology, information technology & services, ux, enterprise software, enterprises, computer software, b2b, internet infrastructure, internet",http://www.linkedin.com/in/rodrigo-leon-03710910,http://www.minka.io,http://www.linkedin.com/company/minkainc,https://facebook.com/MinkaInc/,https://twitter.com/incminka,Bogota,Bogota,Colombia,"Calle 102, Bogota, Bogota, Colombia, 110211",Bogota,Bogota,Colombia,'+57 350 5389480,"A cloud based platform that allows to move money in real time to build the financial solutions of today and future. Real time payments, alias directory, payment switch, ledger as a service and more.","Cloudflare DNS, Gmail, Google Apps, Microsoft Office 365, Zendesk, Amazon AWS, CloudFlare, WordPress.org, Google Tag Manager, Mobile Friendly, Google Font API, Gusto, AI","",27000000,Series A,24000000,2022-03-01,true,false,false,false,false,"",6713871638c3560001e2b9c1,6713871638c3560001e2b9d1,"","","","","","","",""
Yuichiro,Miyazaki,CFO,REINDEER TECHNOLOGY PTE. LTD.,REINDEER TECHNOLOGY PTE,miyazaki@reindeer.tech,Verified,Apollo,"",Not Catch-all,2025-02-21T19:08:00+00:00,C suite,"C-Suite, Finance",tyquese@elinkrecruiting.com,"","","","","",Unresponsive,crypto,2024-11-06T23:12:10+00:00,tyquese@elinkrecruiting.com,4,information technology & services,"blockchain, cloudcomputing, crypto, cryptocurrency, cloudcomputingdesign, dapps, it services & it consulting, information technology & services",http://www.linkedin.com/in/yuichiro-miyazaki-60a707103,http://www.reindeer.tech,http://www.linkedin.com/company/reindeer-technology-pte-ltd,"",https://twitter.com/reindeer_press,"","",Japan,"20 Collyer Quay, Singapore, Singapore, 049319",Singapore,"",Singapore,"","","Route 53, Gmail, Google Apps, Amazon AWS, Mobile Friendly, Google Tag Manager, Bootstrap Framework, Python, Deel, Flutter, AI, Remote, IoT, React Native, Node.js","","","","","",true,false,false,false,false,"",6713871638c3560001e2b9cc,6713871638c3560001e2b9d6,"","","","","","","",""
Marcelo,Freitas,CFO,Liqi Digital Assets,Liqi Digital Assets,marcelo.freitas@liqi.com.br,Verified,Apollo,"",Not Catch-all,2025-02-27T19:39:51+00:00,C suite,"C-Suite, Finance",tyquese@elinkrecruiting.com,"","","","","",Unresponsive,crypto,2025-01-06T11:01:28+00:00,tyquese@elinkrecruiting.com,52,capital markets,"blockchain, tokenizacao, criptomoedas, criptoativos, tokens, tokenizacao de ativos, blockchain as a service, crypto as a service, antecipacao de recebiveis, mercado de capitais, tidc, liquidation, financial solutions, asset management, debt recovery, investment strategies, trading options, risk assessment, capital restructuring, market analysis, financial forecasting, portfolio management, liquidity planning, business valuation, cash management, tax optimization, performance analysis, return on investment, compliance regulations, credit evaluation, financial reporting, operational efficiency, strategic consulting, wealth management, business growth, startup funding, investment portfolios, diversification strategies, market trends, financial instruments, economic research, customer analytics, performance benchmarking, profit maximization, fund management, valuation services, credit risk management, capital allocation, leveraged buyouts, investment risk, mergers & acquisitions, business forecasting, financial modeling, equity financing, venture capital, financial advisory, business analysis, financial technology, regulatory compliance, financial services, b2b, management consulting, investment management, financial consulting, consulting, finance technology, information technology & services",http://www.linkedin.com/in/marcelot1,http://www.liqi.com.br,http://www.linkedin.com/company/liqibr,"","",Belo Horizonte,State of Minas Gerais,Brazil,"1452 Avenida Brigadeiro Faria Lima, Sao Paulo, State of Sao Paulo, Brazil, 01451-001",Sao Paulo,State of Sao Paulo,Brazil,"","","Amazon CloudFront, Route 53, Rackspace MailGun, Sendgrid, Gmail, Google Apps, Microsoft Office 365, Amazon AWS, Active Campaign, GitHub Hosting, TikTok, Google Analytics, Google Play, WordPress.org, reCAPTCHA, Google AdWords Conversion, Google Tag Manager, Google Dynamic Remarketing, Facebook Login (Connect), Linkedin Marketing Solutions, Mobile Friendly, DoubleClick Conversion, Facebook Widget, YouTube, Facebook Custom Audiences, DoubleClick, Render, IoT, Remote, Reviews","","",Venture (Round not Specified),"",2024-08-01,true,false,false,false,false,"",6713878f4a67f900015e4192,6713878f4a67f900015e41a3,marcelo.freitas@gmail.com,Apollo,"","","","","",""
Arkadii,Irincheev,Technical Product Manager,Neon Labs,Neon Labs,ai@neonlabs.org,Verified,Apollo,"",Not Catch-all,2025-01-21T09:09:48+00:00,Manager,Product,tyquese@elinkrecruiting.com,"","","","","",Unresponsive,crypto,2024-12-31T07:04:21+00:00,tyquese@elinkrecruiting.com,57,information technology & services,"blockchain, solana, dapp builders, evm to solana, cryptocurrency, decentralized networks, ethereum evm, parallelized evm, parallel processing, software development, distributed ledger technology, web3, neon labs, evm, ethereum, remote work, crypto wallet, smart contract, user data, transaction data, data processing, technical support, digital identity, user privacy, kyc compliance, decentralized applications, data analytics, blockchain integration, digital assets, cryptocurrency transactions, wallet security, performance optimization, user experience, app development, account management, bug fixing, user engagement, online security, data retention, network infrastructure, remote collaboration, data protection, transaction verification, integrated solutions, usage tracking, marketing strategies, privacy policies, data privacy, security measures, software updates, financial transactions, cloud storage, quality control, product testing, community voting, third-party services, personal data management, access control, information technology & services, ux, apps, computer & network security, marketing strategy, marketing & advertising",http://www.linkedin.com/in/arkadii-irincheev,http://www.neon-labs.org,http://www.linkedin.com/company/neonlabsorg,"",https://twitter.com/Neon_EVM,Belgrade,"",Serbia,"67 Fort St, George Town, George Town, Cayman Islands, KY1-1100",George Town,George Town,Cayman Islands,"",Neon Labs Website,"Cloudflare DNS, MailJet, Gmail, Outlook, Google Apps, Microsoft Office 365, CloudFlare Hosting, GitHub Hosting, Nginx, Ubuntu, Mobile Friendly, Render, AI","",85000000,Other,45000000,2023-06-01,true,false,false,false,false,"",671365daec4ba6000107e15f,67136579e0205c00014b565b,"","","","","","","",""
Marc,Zeller,Co-fondateur,Ethereum France,Ethereum France,marc@aave.com,Verified,Apollo,"",Not Catch-all,2025-02-19T17:27:55+00:00,Entry,"",tyquese@elinkrecruiting.com,"","","","","",Unresponsive,crypto,2025-02-12T01:24:50+00:00,tyquese@elinkrecruiting.com,11,professional training & coaching,"ethereum, blockchain, dapps, dao, smart contracts, decentralized identity, defi, nft, community governance, membership, events organization, knowledge sharing, community development, meetups, education, research, technical articles, open source, innovation, collaboration, networking, web3, digital identity, identity management, token economics, cryptocurrency, assets management, self-sovereign identity, data privacy, user onboarding, governance rights, digital wallets, token minting, ethereum community conference, community engagement, voting rights, content creation, network security, cryptographic standards, scalability, layer 2 solutions, mining, staking, protocol development, identity verification, digital assets, collaboration tools, open community, member benefits, online forums, social responsibility, computer software, information technology & services, privacy",http://www.linkedin.com/in/marc-zeller-8153753b,http://www.ethereum-france.com,http://www.linkedin.com/company/ethereumfrance,"",https://www.twitter.com/Ethereum_France,Versailles,Ile-de-France,France,"Paris, Ile-de-France, France",Paris,Ile-de-France,France,"","Bienvenue sur le blog d'Ethereum France, l’association qui se connecte avec la communauté française de la crypto-monnaie Ethereum.","MailJet, Gmail, Google Apps, Amazon AWS, Amazon SES, YouTube, Mobile Friendly, Bootstrap Framework, WordPress.org, Nginx, Google Tag Manager, Metamask, Discord, AI","","","","","",true,false,false,false,false,"",67136b5f4c4e18000119e003,67136b5f4c4e18000119e00d,"","","","","","","",""
Alexander,Werkheim,Chief Executive Officer,Cyber Capital,Cyber Capital,lex@cyber.capital,Verified,Apollo,"",Not Catch-all,2025-02-17T14:52:35+00:00,C suite,C-Suite,tyquese@elinkrecruiting.com,"","","",'+31 20 778 1293,"",Approaching,crypto,2025-02-24T00:31:10+00:00,tyquese@elinkrecruiting.com,9,financial services,"crypto investing, blockchain, cryptocurrency, crypto fund, investment fund, crypto assets, crypto, investing, crypto education, aifmd light registered, cryptocurrency investment, fundamental analysis, value investing, portfolio management, contrarian strategy, crypto ecosystem, risk minimization, digital assets, long-term perspective, asset management, sustainable growth, financial markets, token economics, investment strategies, regulated investment, investment funds, performance monitoring, investment recommendations, security protocols, auditable custody, crypto research, crypto governance, institutional security, high conviction investing, diversification strategy, blockchain technology, cryptocurrency portfolio, liquid investments, capital allocation, market cycles, self-custody, crypto trading strategies, experts in cryptocurrency, hedge funds, scrutiny of projects, cryptocurrency regulation, behavioral economics, crypto asset classes, market trends, long position strategy, fund management, performance metrics, investor education, fund analysis, market liquidity, emerging technologies, cryptocurrency metrics, investment opportunities, financial services",http://www.linkedin.com/in/lex-werkheim,http://www.cyber.capital,http://www.linkedin.com/company/cyber_capital,https://facebook.com/Cyber,https://twitter.com/cybercapital,Utrecht,Utrecht,Netherlands,"416 Herengracht, Amsterdam, North Holland, Netherlands, 1017 BZ",Amsterdam,North Holland,Netherlands,'+31 20 778 1293,Our team uses fundamental analysis to make sound decisions in an ever-changing market.,"Gmail, Google Apps, Amazon AWS, reCAPTCHA, WordPress.org, YouTube, Google Analytics, Google Tag Manager, Mobile Friendly, Google Font API, Webmail, Render, Metamask, Basis, Remote","","","","","",true,false,false,false,false,"",6713838544f765000106f254,6713838544f765000106f263,"","","","","","","",""
Ian,Tian,Chief Executive Officer,BigONE Exchange,BigONE Exchange,ian@big.one,Verified,Apollo,"",Not Catch-all,2025-02-17T14:52:10+00:00,C suite,C-Suite,tyquese@elinkrecruiting.com,"","","","","",Unresponsive,crypto,2025-01-14T04:04:12+00:00,tyquese@elinkrecruiting.com,40,information technology & services,"blockchain, crypto, bitcoin, spot trading, technology, information & internet, bitcoin exchange, cryptocurrency trading, digital asset exchange, bitcoin price, blockchain technology, crypto market, altcoin trading, margin trading, trading fees, investment platform, secure wallet, user-friendly interface, peer-to-peer transactions, futures trading, crypto trading tools, market analysis, trading signals, fiat to crypto, decentralized finance, mobile app, staking services, crypto portfolio management, liquidity pool, exchange pairs, order types, 24/7 trading, regulatory compliance, customer support, api integration, multi-currency support, transaction speed, cold storage security, hot wallet, price charts, market trends, real-time data, user verification, kyc compliance, referral program, educational resources, community engagement, market insights, exchange token, trading competitions, trading strategy, cryptocurrency, information technology & services",http://www.linkedin.com/in/ian-tian-29307919,http://www.big.one,http://www.linkedin.com/company/bigone-exchange,"","","","",United Arab Emirates,Seychelles,"","",Seychelles,"","BigONE Exchange is the crypto trading platform you can exchange and store cryptocurrencies like Bitcoin, Ethereum, DOT, DOGE, Litecoin and more. We also provide latest BTC ETH DOT price trends.DeFi","Akamai, Akamai DNS, Gmail, Google Apps, SOASTA, Google Tag Manager, Google Analytics, Mobile Friendly","","","","","",true,false,false,false,false,"",671384343fb11c00010577c0,671384343fb11c00010577c7,"","","","","","","",""
Audrey,Fily,Digital Marketing Manager,Securosys,Securosys,audrey.fily@securosys.ch,Verified,Apollo,"",Not Catch-all,2025-02-05T10:06:47+00:00,Manager,Marketing,tyquese@elinkrecruiting.com,"","","",'+41 44 552 31 00,"",Approaching,crypto,2025-02-25T00:43:41+00:00,tyquese@elinkrecruiting.com,32,computer networking,"pki, blockchain, iot, finance, fintech, encryption, authentication, hsm, crypto, crypto currencies, crypto assets, tokenization, multi signature, cybersecurity, hardware security modules, external key store, double key encryption, cloudhsm, hsm as a service, aws xks, 365 dke with microsoft, computer networking products, hardware security module, key management, cloud security, remote management, blockchain security, data protection, cryptographic keys, multi-tenancy, high availability, smart key attributes, auditing, transaction security, digital signatures, cryptography, fips 140-2 certified, common criteria eal4+, encryption algorithms, rsa, ecc, data sovereignty, byok (bring your own key), key attestation, aws external key store, decanus terminal, zero trust networking, database encryption, iot security, digital asset management, post-quantum cryptography, key storage, regulatory compliance, secure access, user-controlled management, crypto custody, pkcs#11 integration, openssl support, network integration, rest api, smart metering security, identity access management, trusted environment, cryptographic operations, secure backup solutions, cloud-native security, financial services, finance technology, information technology & services",http://www.linkedin.com/in/audrey-fily-5a4bb6a7,http://www.securosys.com,http://www.linkedin.com/company/securosys,https://www.facebook.com/securosys,https://twitter.com/securosys,Kreuzlingen,Thurgau,Switzerland,"2 Max-Hoegger-Strasse, Zurich, Zurich, Switzerland, 8048",Zurich,Zurich,Switzerland,'+41 44 552 31 00,"We offer advanced cybersecurity solutions, including XKS, BYOK, PKI, and more. Embrace digital security with our state-of-the-art hardware security module.","Outlook, Hubspot, DoubleClick, Google Tag Manager, YouTube, DoubleClick Conversion, Google Dynamic Remarketing, Mobile Friendly, Shutterstock, Google Maps (Non Paid Users), Linkedin Marketing Solutions, Google Analytics, Google Font API, Google Maps, Micro, Remote, Circle, , IoT",4600000,1051644,Seed,1051644,2015-05-01,true,false,false,false,false,"",67138515daf6790001056ef9,67138515daf6790001056f03,"","","","","","","",""
Gosia,Surowiec,Digital Marketing Manager,Diamond Pigs,Diamond Pigs,gosia@diamondpigs.com,Verified,Apollo,"",Not Catch-all,2024-10-19T10:08:21+00:00,Manager,Marketing,tyquese@elinkrecruiting.com,"","","","","",Cold,crypto,"",tyquese@elinkrecruiting.com,7,information technology & services,"it, software, platform, investment services, crypto, crypto investment, cryptocurrency, it services & it consulting, cryptocurrency investments, ai trading bots, automated trading, risk management, crypto strategies, portfolio optimization, flexible wallet allocation, trading signals, crypto exchange integration, long-term gains, performance tracking, strategy matching tool, hodl strategies, active trading strategies, index strategies, fee transparency, user-friendly platform, demo account, cryptocurrency trading, crypto market analysis, real-time metrics, market volatility protection, affiliate program, passive income, personalized trading, api connections, expert trading guidance, customer support, trading psychology, investment goals, emotion-free trading, tailored investment strategies, safety measures, long-term investment, crypto risk profile, adaptive portfolio management, flexible billing options, user data protection, data security measures, cross-platform compatibility, transparent fees, intuitive dashboard, investment research, community engagement, crypto asset management, successful trading outcomes, crypto education, information technology & services",http://www.linkedin.com/in/gosia-surowiec-a85408197,http://www.diamondpigs.com,http://www.linkedin.com/company/diamond-pigs,https://www.facebook.com/profile.php,"","","",Netherlands,"Amsterdam, North Holland, Netherlands",Amsterdam,North Holland,Netherlands,'+31 6 26429695,Smart Crypto Investment Strategies directly from your digital wallet. Check out and play the demo!,"Cloudflare DNS, Amazon SES, Gmail, Google Apps, Amazon AWS, VueJS, Flywheel, Zoho SalesIQ, Facebook Custom Audiences, Twitter Advertising, Google Analytics, WordPress.org, Trustpilot, Google Tag Manager, Google Frontend (Webserver), Facebook Widget, Facebook Login (Connect), Mobile Friendly, Bootstrap Framework, reCAPTCHA, Google Font API, Remote, Basis, AI","","","","","","",false,false,false,false,"",67138515daf6790001056efb,67138515daf6790001056f04,"","","","","","","",""
Keren,Aizic,Chief Financial Officer,SSV Labs,SSV Labs,keren@blox.io,Verified,Apollo,"",Not Catch-all,2025-02-23T09:03:56+00:00,C suite,"C-Suite, Finance",tyquese@elinkrecruiting.com,"","","","","",Approaching,crypto,2025-02-23T22:01:31+00:00,tyquese@elinkrecruiting.com,57,information technology & services,"cryptocurrency, blockchain, bitcoin, ethereum, crypto, defi, staking, software development, ethereum staking, distributed validator network, decentralized staking, validator infrastructure, trust-minimized nodes, node operators, boosted rewards, ssv tokens, fault tolerance, validator duties, non-custodial staking, key shares, slashing protection, resilient staking, community governance, open-source code, dvt technology, ssv network, staker rewards, running a node, validator key management, technical documentation, validator clusters, decentralized governance, developer resources, staking pools, staking services, solo stakers, distributed infrastructure, secure key management, performance optimization, multi-node validation, grants program, ecosystem partners, operational risk reduction, community collaboration, dune dashboard, api integration, software development kit, economic incentives, liquid staking, ethereum ecosystem, adaptable technology, collateral management, multi-operator deployment, user-friendly interface, high availability, customizable solutions, active fault tolerance, information technology & services",http://www.linkedin.com/in/keren-tow-aizic-55867514,http://www.ssv.network,http://www.linkedin.com/company/ssv-labs,"",https://twitter.com/ssv_network,"","",Israel,"30 הראב""ע, Tel Aviv-Yafo, Tel Aviv District, Israel, 6603437",Tel Aviv-Yafo,Tel Aviv District,Israel,"","Leverage ssv.network operator's Distributed Validator Technology that provides fault tolerance, decentralization, and security for Ethereum stakers.","Route 53, Mailchimp Mandrill, MailJet, Gmail, Google Apps, CloudFlare, Vercel, Google Analytics, Hotjar, Google Tag Manager, WordPress.org, YouTube, Mobile Friendly, Nginx, reCAPTCHA, Google Font API, Render","",10000000,Other,10000000,2022-02-01,true,false,false,false,false,"",6713871638c3560001e2b9c9,6713871638c3560001e2b9d4,keren_tow@hotmail.com,Apollo,"","","","","",""
Andressa,Ramos,CFO,Sm4rt Solutions,Sm4rt Solutions,andressa@smartsw.com.br,Verifying,Apollo,"",Not Catch-all,"",C suite,"C-Suite, Finance",tyquese@elinkrecruiting.com,"","","",'+55 11 2924-2783,"",Cold,crypto,"",tyquese@elinkrecruiting.com,27,information technology & services,"wso2, golang, programming, devops, datadog, forgerock, iam, api, apm, consulting, cloud, crypto, blockchain, google cloud partner, google workspace, choreo, support, ai, ml, it services & it consulting, digital transformation, cloud solutions, identity management, open banking, digital monitoring, api gateway, access management, software development, agile methodologies, iot solutions, performance metrics, data insights, cloud scalability, hybrid environments, privacy policy, data protection, cybersecurity, continuous improvement, team collaboration, quality assurance, remote work tools, technical support, project management, enterprise service bus, microservices architecture, user experience, customer satisfaction, automated processes, system integration, risk management, digital infrastructure, digital collaboration, kpi tracking, application tracing, log monitoring, data security, workflow automation, client onboarding, cloud migration, software engineering, digital governance, innovation strategies, technology integration, software quality standards, consulting services, technology adoption, remote collaboration tools, digital ecosystem, information technology & services, cloud computing, enterprise software, enterprises, computer software, b2b, privacy, productivity, ux, computer & network security, management consulting",http://www.linkedin.com/in/andressa-ramos-81070b176,http://www.smartsw.com.br,http://www.linkedin.com/company/smrt-soft-solutions-informatica-ltda,https://www.facebook.com/smartsoftwarebrasil,"",Sao Paulo,State of Sao Paulo,Brazil,"1700 Avenida Queiroz Filho, Sao Paulo, Brazil, 05319","",Sao Paulo,Brazil,'+55 11 2924-2783,"#[et_pb_slide heading=""Somos GPTW !"" button_text=""Mais"" use_text_overlay=""off"" _builder_version=""4.24.1"" _module_preset=""default"" header_font=""Roboto|700|||||||"" header_text_align=""left"" header_text_color=""#E09900"" header_font_size=""44px"" body_font=""Roboto|300|||||||"" body_font_size=""22px"" body_line_height=""1.6em"" background_color=""RGBA(0,0,0,0)"" background_enable_color=""on"" use_background_color_gradient=""on"" background_color_gradient_direction=""90deg"" background_color_gradient_stops=""#000000 0%|rgba(0,0,0,0.11) 100%"" background_color_gradient_overlays_image=""on"" background_color_gradient_start=""#000000"" background_color_gradient_end=""rgba(0,0,0,0.11)"" background_image=""https://www.smartsw.com.br/wp-content/uploads/2024/03/slide-gptw-smart-2023.png"" background_enable_image=""on"" custom_button=""on"" button_bg_color=""#feac0e"" button_border_width=""1px"" button_border_radius=""44px"" button_font=""|600|||||||"" button_icon_placement=""right""","Gmail, Google Apps, Google Font API, YouTube, Google Maps, WordPress.org, Google Tag Manager, Mobile Friendly, Ubuntu, Nginx, , KNIME, Domo, Splunk, Sisense","","","","","","",false,false,false,false,"",671387dc3b2d4c0001c0757a,671387dc3b2d4c0001c07590,"","","","","","","",""
Grane,Xavier,Blockchain Engineer,Blockchain Labs,Blockchain Labs,grane@bc-labs.net,Verified,Apollo,"",Not Catch-all,2024-10-19T07:46:29+00:00,Entry,Engineering & Technical,tyquese@elinkrecruiting.com,"","","",'+1 714-797-7449,"",Bad Data,crypto,2024-11-01T01:01:32+00:00,tyquese@elinkrecruiting.com,55,information technology & services,"blockchain, web3, ai, technology, information & internet, infrablockchain, medical data platform, fund tracking, cost tracking, coov, vaccine passport, blockchain chip, super id, remote vehicle control, blockchat, sto platform, real estate transaction safety sdk, public blockchain, cryptocurrency-less, data management, trust, security tokens, investment tracking, blockchain id system, mobile application, real-time monitoring, budget management, data privacy, data protection, online verification, identity authentication, digital certificates, user-friendly, transparent transactions, cross-border applications, integration solutions, smart contracts, blockchain technology, decentralized messenger, token management, financial services, real-time alerts, abnormal transaction detection, feature-rich dashboard, user empowerment, ecosystem building, stakeholder trust, mobile wallet, biometric data, scalability, global interoperability, crowdfunding tools, enterprise solutions, construction project tracking, entertainment investments, information technology & services, internet, computer software",http://www.linkedin.com/in/grane-xavier,http://www.bc-labs.net,http://www.linkedin.com/company/infrablockchain,"","",Singapore,"",Singapore,"Seoul, South Korea",Seoul,"",South Korea,'+1 714-797-7449,"","Route 53, Gmail, Google Apps, Amazon AWS, React Native, Remote","","","","","",true,false,true,false,false,"",671363d5cd32240001049a68,6713639fe30eaa0001feb3f6,"","","","","","","",""
David,Muehlbacher,Geschäftsführer/ Managing Director,Stereum Services FlexCo,Stereum Services FlexCo,david.muehlbacher@stereum.com,Verified,Apollo,"",Not Catch-all,2025-02-20T09:10:36+00:00,Director,"",tyquese@elinkrecruiting.com,"","","","","",Approaching,crypto,2025-02-24T03:25:59+00:00,tyquese@elinkrecruiting.com,4,information technology & services,"blockchain, ethereum, ethereum node, ethereum infrastructure, evm nodes, ethereum blockchain, ethereum node setup, manager, smart contracts, software development, cryptocurrency, information technology & services",http://www.linkedin.com/in/david-muehlbacher-9981541a6,http://www.stereum.com,http://www.linkedin.com/company/stereum-services-flexco,"",https://twitter.com/stereumdev,Vienna,Vienna,Austria,"24 Leitzersbrunnerfeld, Stockerau, Lower Austria, Austria, 2003",Stockerau,Lower Austria,Austria,"",Stereum is an Open Source Ethereum node setup & management tool to stake ETH & use the node to receive data from the Ethereum network.,"Outlook, Microsoft Office 365, Eventbrite, Google Play, Nginx, Mobile Friendly","","","","","",true,false,false,false,false,"",67136b7ff688530001a1b168,67136b7ff688530001a1b175,"","","","","","","",""
Artur,Movs,Day Trader,Ethereum Classic,Ethereum Classic,artur@numoney.store,Verified,Apollo,"",Catch-all,2025-01-31T13:54:13+00:00,Entry,"",tyquese@elinkrecruiting.com,"","","",'+55 21 2668-5921,"",Unresponsive,crypto,2025-01-09T04:13:39+00:00,tyquese@elinkrecruiting.com,8,civic & social organization,"decentralized contracts, decentralized governance, sustainable solutions, cryptocurrency, erc223 tokens, radicalism, diplomacy, technology, blockchain, civic & social organizations, ethereum classic, etc, smart contracts, blockchain technology, decentralized applications, mining, ethereum network, code is law, rug pulls, community engagement, wallet integration, market data, rpc endpoints, explorers, api access, network monitors, trusted services, decentralized finance, etcswap, ethereum classic dao, nfts, stablecoin, client tooling, testnets, development, protocol improvement, peer-to-peer transactions, api documentation, community support, proof of work, cryptographic security, stakeholder faqs, multi-language support, user-generated content, official resources, mining software, digital currencies, transaction validation, protocol participants, ecosystem partners, developer tools, educational resources, stakeholder governance, cross-chain interoperability, leverage blockchain, trading platforms, enterprise software, enterprises, computer software, information technology & services, b2b",http://www.linkedin.com/in/artur-movs-360b1a15b,http://www.ethereumclassic.org,http://www.linkedin.com/company/ethereum-classic,https://facebook.com/ethclassic,https://twitter.com/eth_classic,"","",Armenia,"State of Parana, Brazil","",State of Parana,Brazil,'+55 21 2668-5921,"A decentralized computing platform that runs smart contracts: applications that run exactly as programmed without downtime, censorship or third party interference","Cloudflare DNS, Rackspace MailGun, CloudFlare Hosting, YouTube, Mobile Friendly, Remote, AI","",10000000,Other,10000000,2022-07-01,true,false,false,false,false,"",67136b9eafcb4f0001543566,67136b7ff688530001a1b178,"","","","","","","",""
Timo,Musiol,Chief Financial Officer,Bitcoin Suisse AG,Bitcoin Suisse AG,timo.musiol@bitcoinsuisse.com,Verified,Apollo,"",Not Catch-all,2025-02-21T18:29:36+00:00,C suite,"C-Suite, Finance",tyquese@elinkrecruiting.com,"","","",'+41 800 800 008,"",Approaching,crypto,2024-10-26T13:33:42+00:00,tyquese@elinkrecruiting.com,230,financial services,"cryptocurrencies, bitcoin, crypto, staking, crypto trading, crypto custody, crypto lending, crypto research, web3, switzerland, crypto valley, crypto pioneer, blockchain, redirect, javascript, browser compatibility, web security, user experience, performance optimization, website accessibility, loading speed, web development, front-end technology, back-end integration, api support, responsive design, cross-browser functionality, client-side scripting, progressive web apps, mobile-friendly design, content management, site navigation, seo tools, data analytics, real-time updates, user authentication, session management, content delivery network, cloud hosting, ssl encryption, error handling, form validation, customization options, interactive elements, web standards compliance, version control, task automation, template system, modular architecture, debugging tools, code optimization, framework compatibility, ui components, design system, third-party integrations, e-commerce features, customer support, analytics dashboard, site optimization, digital marketing tools, user feedback, a/b testing, load balancing, crypto-financial services, brokerage, trading, custody solutions, lending services, payment solutions, institutional clients, private clients, regulatory compliance, security, digital assets, tokenization, decentralized finance, asset management, financial technology, innovation, market leader, high net-worth clients, strategic partnerships, european market, crypto investments, blockchain technology, professional services, client satisfaction, digital asset management, tokenized bonds, crypto tax payments, financial recovery, market expansion, cryptocurrency, ux, information technology & services, cloud computing, enterprise software, enterprises, computer software, b2b, finance technology, financial services, professional training & coaching",http://www.linkedin.com/in/timo-musiol-cfa-97139b124,http://www.bitcoinsuisse.com,http://www.linkedin.com/company/bitcoin-suisse-ag,https://www.facebook.com/BitcoinSuisse,https://twitter.com/BitcoinSuisseAG,Kuesnacht,Zurich,Switzerland,"12 Grafenauweg, Zug, Canton of Zug, Switzerland, 6300",Zug,Canton of Zug,Switzerland,'+41 800 800 008,"","Outlook, Microsoft Office 365, Zendesk, Mailchimp Mandrill, Microsoft Azure Monitor, React, Microsoft Azure, Vimeo, Disqus, Google Tag Manager, Google Play, YouTube, Google Font API, Google Analytics, Mobile Friendly, WordPress.org",68300000,20555069,Series A,20555069,2020-05-08,true,false,false,false,false,"",67138699af7ec000019ee270,67138699af7ec000019ee27f,"","","","","","","",""
Stephen,Crowley,Chief Financial Officer,Moralis,Moralis,stephen@moralis.io,Verified,Apollo,"",Not Catch-all,2025-01-30T11:06:30+00:00,C suite,"C-Suite, Finance",tyquese@elinkrecruiting.com,"","","","","",Unresponsive,crypto,2025-02-21T01:31:18+00:00,tyquese@elinkrecruiting.com,82,information technology & services,"web3, blockchain technology, cryptocurrency, blockchain, crypto, software development, web3 apis, cross-chain data, nft api, token api, real-time data, defi api, wallet integration, blockchain data, price api, market insights, rpc nodes, streaming data, on-chain events, crypto analytics, token transfers, transaction logging, data filtering, transaction history, block data, ownership data, crypto balances, user engagement, portfolio tracking, crypto price tracking, liquidity data, smart contract interactions, metadata enrichment, real-time notifications, api integration, evm compatibility, defi dapps, nft metadata, webhooks, dapp scalability, spam detection, event tracking, multi-chain support, data normalization, metadata aggregation, user retention, decentralized finance, transaction metrics, market data analysis, token analytics, api documentation, end-user experience, web3 infrastructure, enterprise solutions, crypto tax solutions, developer community, decentralized applications, dapps, blockchain data apis, cross-chain support, web3 authentication, nft integration, token management, defi solutions, enterprise-grade apis, developer tools, programming support, community resources, scalable solutions, wallet tracking, portfolio management, blockchain education, multi-chain compatibility, data security, soc 2 certified, innovation in blockchain, developer-centric platform, streamlined development, cost-effective solutions, user-friendly interfaces, technical support, blockchain ecosystem, nft marketplaces, cryptocurrency applications, real-time data access, information technology & services, enterprise software, enterprises, computer software, b2b, computer & network security",http://www.linkedin.com/in/crowleystephen,http://www.moralis.io,http://www.linkedin.com/company/moralisweb3,https://facebook.com/moralisweb3,https://twitter.com/MoralisWeb3,Dublin,Dublin,Ireland,"24 Herkulesgatan, Stockholm, Stockholm County, Sweden, 111 52",Stockholm,Stockholm County,Sweden,"","","Cloudflare DNS, SendInBlue, Gmail, Google Apps, Zendesk, CloudFlare Hosting, Amazon AWS, CloudFlare, LearnDash, Typeform, Create React App, AWeber, Circle, Discord, Remote, AI",2000000,53400000,Series A,40000000,2022-05-01,true,false,false,false,false,"",67138699af7ec000019ee272,67138699af7ec000019ee280,"","","","","","","",""
Dajana,Matic,Chief Financial Officer,Adriatic Crypto Exchange,Adriatic Crypto Exchange,dajana.matic@acx.ba,Verified,Apollo,"",Not Catch-all,2025-02-12T18:23:44+00:00,C suite,"C-Suite, Finance",tyquese@elinkrecruiting.com,"","","",'+387 66 888 495,"",Approaching,crypto,2025-02-26T23:01:21+00:00,tyquese@elinkrecruiting.com,7,information technology & services,"blockchain services, information technology & services",http://www.linkedin.com/in/dajana-matic-177549182,http://www.acx.ba,http://www.linkedin.com/company/adriatic-crypto-exchange,"","","","",Bosnia and Herzegovina,"Улица Новице Церовића, Banja Luka, Republika Srpska, Bosnia and Herzegovina, 78000",Banja Luka,Republika Srpska,Bosnia and Herzegovina,'+387 66 888 495,"","Cloudflare DNS, Sendgrid, Gmail, Google Apps, CloudFlare Hosting, Zendesk","","","","","",true,false,false,false,false,"",67138699af7ec000019ee27b,67138699af7ec000019ee286,"","","","","","","",""
Tarek,Hassoun,Chief Financial Officer,IBC Group - International Blockchain Consulting,IBC Group,tarek.h@ibcgroup.io,Verified,Apollo,"",Not Catch-all,2025-02-15T05:03:00+00:00,C suite,"C-Suite, Finance",tyquese@elinkrecruiting.com,"","","",'+44 20 3318 9700,"",Unresponsive,crypto,2024-12-17T05:12:49+00:00,tyquese@elinkrecruiting.com,130,information technology & services,"ico marketing, blockchain development, ico platform, ico legal, ico financial, ico technical, post ico services, reverseico services, full ico services, ico audits, cryptocurrency, banking, finance, overthecounter services, escrow services, enterprise blockchain, it services & it consulting, blockchain consulting, web3 incubator, crypto fundraising, ico support, ieo/ido strategies, strategic investment, media partnerships, community engagement, tokenomics design, regulatory compliance, kyc/aml, smart contracts, defi solutions, nft marketplace, game development, digital assets, fundraising methods, marketing strategies, portfolio management, cross-chain technology, influencer partnerships, legal advisory, project acceleration, dao involvement, blockchain education, investment advisory, community building, exchange listing assistance, technical expertise, innovation support, social media management, performance marketing, risk assessment, white paper development, governance frameworks, digital marketing, client success management, creative content strategy, audience engagement, brand visibility, financial planning, outreach campaigns, strategic partnerships, education resources, wealth management, data privacy, fundraising compliance, onboarding solutions, business development, financial services, information technology & services, computer games, games, consumers, computer software, marketing strategy, marketing & advertising, investment management, b2b",http://www.linkedin.com/in/tarek-hassoun-338569156,http://www.ibcgroup.io,http://www.linkedin.com/company/ibcventures,https://facebook.com/people/International-Blockchain-Consulting/100063589613371/,"",Dubai,Dubai,United Arab Emirates,"شارع 7, Dubai, Dubai, United Arab Emirates",Dubai,Dubai,United Arab Emirates,'+44 20 3318 9700,"Empowering visionary founders to actualize their ambitions within the Web3 landscape, strategically focusing on amplifying their reach through our extensive media assets, generating millions of impressions on platforms like X (Twitter).","Cloudflare DNS, Gmail, Google Apps, Amazon AWS, WP Engine, Typeform, Amazon SES, Google Analytics, Facebook Custom Audiences, Cloudinary, 33Across, Cedexis Radar, Bing Ads, Vimeo, AdRoll, Adobe Media Optimizer, Facebook Login (Connect), WordPress.org, Google Tag Manager, Google Font API, Linkedin Marketing Solutions, Mobile Friendly, Facebook Widget, YouTube, Remote, AI",10000000,"","","","",true,false,false,false,false,"",6713878f4a67f900015e418f,6713878f4a67f900015e41a1,"","","","","","","",""
Steven,Chu,Communications Assistant,Blockchain@UBC,Blockchain@UBC,s.chu@ubc.ca,Verified,Apollo,"",Catch-all,2025-01-21T15:21:34+00:00,Entry,Marketing,tyquese@elinkrecruiting.com,"","","","","",Approaching,crypto,2025-02-25T09:58:21+00:00,tyquese@elinkrecruiting.com,5,research,"research, blockchain, blockchain & research, research services",http://www.linkedin.com/in/steven-chu-1847ab216,http://www.ubc.ca,http://www.linkedin.com/company/blockchain-ubc,"","",Vancouver,British Columbia,Canada,"2366 Main Mall, Vancouver, British Columbia, Canada, V6T 1Z4",Vancouver,British Columbia,Canada,"","","DNSimple, Google AdSense, Mobile Friendly, Bootstrap Framework, Nginx, Google Font API","","","","","",true,false,false,false,false,"",671363f7b7e40500012c7018,6713639fe30eaa0001feb3f4,"","","","","","","",""
Abram,Arnst,Blockchain,Bitcoin Inc.,Bitcoin,abrama@bitcoin.inc,Verified,Apollo,"",Not Catch-all,2024-10-19T09:10:35+00:00,Entry,"",tyquese@elinkrecruiting.com,"","","",'+1 702-666-8570,"",Bad Data,crypto,2024-10-29T05:23:29+00:00,tyquese@elinkrecruiting.com,6000,utilities,"bitcoin, blockchain, payments, full nodes, hardware wallet, btc, mining, miner, financial services, business services, enterprise software, finance, software, information technology, cryptocurrency, bitcoin ecosystem, brand promotion, network preservation, development, regulatory compliance, intellectual property management, monetization, tech-savvy individuals, investors, businesses, educational institutions, financial institutions, global market, decentralized future, military technology, cybersecurity, government contracting, digital currency, innovation, user education, portfolio diversification, wealth accumulation, customer service, compliance, media production, internet services, b2b, enterprises, computer software, information technology & services",http://www.linkedin.com/in/abram-arnst-14127215b,http://www.bitcoin.inc,http://www.linkedin.com/company/bitcoinco,"","","","",Egypt,"1810 E Sahara Ave, Las Vegas, Nevada, United States, 89104",Las Vegas,Nevada,United States,'+1 702-666-8570,"","Cloudflare DNS, CloudFlare Hosting, Amazon AWS, Vimeo, Google Tag Manager, Bootstrap Framework, Mobile Friendly, Google Play, Google Font API, Google Analytics, YouTube, Disqus, Remote","","","","","",true,false,true,false,false,"",6713778bb28ddf0001be6982,6713778bb28ddf0001be698c,"","","","","","","",""
Emmanuel,Fenet,CEO,Paris Blockchain Week,Paris Blockchain Week,emmanuel@parisblockchainweek.com,Verified,Apollo,"",Not Catch-all,2025-02-24T11:22:09+00:00,C suite,C-Suite,tyquese@elinkrecruiting.com,"","","","","",Unresponsive,crypto,2025-02-22T20:23:03+00:00,tyquese@elinkrecruiting.com,56,events services,"blockchain, nft, web3, summit, bitcoin, crypto, digital assets, defi, investors, founders, startup competition, networking, c-level, speakers, sponsors, hackathon, technology, data management, investing, fundraising, institutional capital, mass adoption, tokenization, smart contracts, digital finance, virtual events, public policy, financial services, innovation, ai & blockchain, open finance, regulation, tech collaboration, banking, crypto exchanges, payments, digital economy, enterprise solutions, scalability, interoperability, risk management, cybersecurity, event organization, community building, brand partnerships, market insights, industry leaders, community voting, education, business development, vc funding, thought leadership, cryptocurrency, global collaboration, decentralized finance, ai integration, hackathons, c-suite executives, educational workshops, investor relations, regulatory insights, nft gaming, luxury brands, technology trends, community engagement, european blockchain, immersive experiences, knowledge sharing, real-world applications, competitive landscape, global audience, professional development, event partnerships, sponsorship opportunities, fund-raising, b2b",http://www.linkedin.com/in/emmanuelfenet,http://www.parisblockchainweek.com,http://www.linkedin.com/company/parisblockchainweek,"","",Paris,Ile-de-France,France,"6 Avenue du General Lemonnier, Paris, Ile-de-France, France, 75001",Paris,Ile-de-France,France,"",Visit Paris Blockchain Week (PBW) 08 – 10 April 2025. Europe's biggest blockchain & digital assets event that covers all aspects of blockchain technology including NFTs.,"Mailchimp Mandrill, Gmail, Google Apps, Amazon AWS, Hubspot, Webflow, Linkedin Marketing Solutions, Facebook Custom Audiences, LiveChat, DoubleClick Conversion, Cedexis Radar, Google Tag Manager, Google AdWords Conversion, Vimeo, Twitter Advertising, Facebook Widget, Eventbrite, Adobe Media Optimizer, Google Analytics, Google Font API, Mobile Friendly, Google Dynamic Remarketing, YouTube, DoubleClick, Facebook Login (Connect), Hotjar","","","","","",true,false,false,false,false,"",6713826217ee4e00017d8162,6713826217ee4e00017d816b,"","","","","","","",""
Lena,Elvbakken,Founder and CEO,"Crypto Licenses in Panama, Lithuania, Estonia, Dubai",Crypto Licenses in Panama Lithuania Estonia Dubai,lena@consulting24.co,Verified,Apollo,"",Not Catch-all,2025-02-04T07:35:50+00:00,Founder,C-Suite,tyquese@elinkrecruiting.com,"","","",'+372 5815 5779,"",Approaching,crypto,2024-12-25T06:05:48+00:00,tyquese@elinkrecruiting.com,7,legal services,"business strategy consulting, blockchain consulting, crypto licenses in estonia, crypto licenses in lithuania, crypto licenses in dubai, bitcoin consulting, innovation consulting, regulation consulting, crypto licenses consulting, regulatory compliance consulting, risk management consulting, cryptocurrency licensing consulting, crypto licensing consulting, crypto payments integration consulting, panama company registration, dubai company registration, cryptocurrency license, crypto compliance, aml regulations, kyc procedures, cryptocurrency exchange, digital asset management, crypto wallet service, virtual asset services, cryptocurrency custodial services, ico registration, digital currency exchanges, vasp license, blockchain startups, cryptocurrency advisory, eu crypto regulations, fast-track licensing, virtual financial assets act, crypto asset management, financial crime prevention, token classification, crypto trading platforms, decentralized exchange, security token offerings, non-fungible tokens, crypto investment consulting, financial oversight, cryptocurrency tax regulation, payment service regulation, anti-money laundering, consumer protection, digital currency transactions, international crypto regulations, payment processing solutions, capital requirements for licenses, virtual currency regulations, cryptocurrency market integrity, blockchain technology adoption, regulatory framework for crypto, business setup in crypto, risk management in crypto, cryptocurrency investment strategies, online crypto licensing, cryptocurrency market analysis, tax benefits for crypto, crypto startup incubators, cryptocurrency legal compliance, cryptocurrency platforms, blockchain innovation",http://www.linkedin.com/in/lena-elvbakken-8a238a56,http://www.consulting24.co,http://www.linkedin.com/company/consulting24-co,https://www.facebook.com/consulting24crypto/,https://twitter.com/Consulting24_,Vilnius,Vilnius County,Lithuania,"19 Raevala puiestee, Tallinn, Harju County, Estonia, 10143",Tallinn,Harju County,Estonia,'+372 5815 5779,"Completed Binance, Lbank and 500+ companies secured their crypto licenses through Consulting24's expertise in Estonia and Lithuania.","Gmail, Google Apps, Google Cloud Hosting, Varnish, Wix, Mobile Friendly, Google Font API, WordPress.org, Google Tag Manager","","","","","",true,false,false,false,false,"",6713838544f765000106f252,6713838544f765000106f262,"","","","","","","",""
Diego,Consimo,CEO,Crypto Investidor,Crypto Investidor,diego@cryptoinvestidor.net,Verified,Apollo,"",Not Catch-all,2025-01-29T22:17:26+00:00,C suite,C-Suite,tyquese@elinkrecruiting.com,"","","","","",Unresponsive,crypto,2025-02-14T03:17:38+00:00,tyquese@elinkrecruiting.com,2,financial services,"bnb, cripto, tutoriais de criptomoedas, xdc, crypto, btc, criptomoedas, cursos de criptomoedas, cripto trading, trading, eth, sinais de trade, bitcoin, cryptocurrency, noticias de criptomoedas, investment, financial freedom, crypto trading, crypto education, trading strategies, technical analysis, blockchain technology, crypto portfolio management, investment success, crypto assets, market trends, beginner course, advanced trading, swing trading, day trading, scalping techniques, crypto signals, community support, investment opportunities, income growth, financial literacy, risk management, personal development, cryptocurrency market, investment courses, crypto market analysis, live trading sessions, crypto trading bot, automated trading, decentralized finance (defi), blockchain education, crypto mentorship, profit generation, market analysis tools, investment methodology, cryptocurrency exchange, fundamental analysis, financial strategy, crypto insights, trade execution, online learning, educational resources, financial analysis, trading psychology, crypto applications, investment strategies, crypto newsletters, e-learning, internet, information technology & services, computer software, education, education management",http://www.linkedin.com/in/diegoconsimo,http://www.cryptoinvestidor.com,http://www.linkedin.com/company/cryptoinvestidor,https://www.facebook.com/CryptoInvestidor/,https://twitter.com/cryptoinvestido,Campinas,State of Sao Paulo,Brazil,"1636 Avenida Paulista, Sao Paulo, State of Sao Paulo, Brazil, 01310-200",Sao Paulo,State of Sao Paulo,Brazil,"","Aprenda a investir em Bitcoin e criptomoedas maximizando seus lucros com análises, calls de trade, portfólios, cursos, copytrading e uma comunidade cripto","Outlook, Microsoft Office 365, Sendgrid, Google Play, Mobile Friendly, YouTube, Google Tag Manager, Google Font API, WordPress.org, Circle, Basis, , Discord","","","","","",true,false,false,false,false,"",671384343fb11c00010577bd,671384343fb11c00010577c5,diegoconsimo@gmail.com,Apollo,"","","","","",""
Bela,Pandya,Chief Financial Officer,Forte,Forte,bpandya@forte.io,Verified,Apollo,"",Catch-all,2025-02-07T08:29:26+00:00,C suite,"C-Suite, Finance",tyquese@elinkrecruiting.com,"","","","","",Approaching,crypto,2025-02-25T11:17:53+00:00,tyquese@elinkrecruiting.com,360,information technology & services,"blockchain, developer tools, blockchain technology, kyc, kyw, compliance, economy safeguards, web3, crypto, technology, information & media, blockchain compliance, on-chain assets, kyc requirements, aml regulations, digital asset management, virtual asset economy, gaming blockchain solutions, token economics, smart contract infrastructure, web3 technology, nft management, user engagement rewards, token minting, stakeholder incentives, regulatory compliance tools, rules engine, economic controls, community governance, fungible tokens, non-fungible tokens, transaction validation, lockup periods, flexible rules architecture, sanction list validation, decentralized applications, evm compatibility, ethereum support, polygon integration, binance chain support, digital wallet services, game publishing, web3 game development, compliance partners, data protection, api security, transaction reporting, user data privacy, protocol governance, credit card processing, digital currency services, user authentication, data analytics, marketplace integration, price stabilization, value transfer systems, play-to-earn mechanics, community engagement tools, enterprise software, enterprises, computer software, information technology & services, b2b, payments, financial services",http://www.linkedin.com/in/bela-pandya-1a4a5693,http://www.forte.io,http://www.linkedin.com/company/forterulesengine,"",https://twitter.com/FortePlatform,San Francisco,California,United States,"235 Pine St, San Francisco, California, United States, 94104",San Francisco,California,United States,"",Forte Rules Engine is the premier on-chain compliance solution for blockchain projects.,"Salesforce, Route 53, Sendgrid, Gmail, Marketo, Google Apps, Microsoft Office 365, Greenhouse.io, WP Engine, Atlassian Cloud, StatusPage IO, React, WordPress.org, Google Font API, reCAPTCHA, Gravity Forms, Google translate API, Google translate widget, Bootstrap Framework, YouTube, Mobile Friendly, Shutterstock, Google Tag Manager, Hubspot, Remote, AI",12300000,910000000,Series B,725000000,2021-11-01,true,false,false,false,false,"",6713878f4a67f900015e4193,6713878f4a67f900015e41a4,"","","","","","","",""
Paul,Opra,Chief Executive Officer,BeambitX - Crypto Exchange,BeambitX,paul.opra@beambitx.com,Verified,Apollo,"",Not Catch-all,2024-10-19T07:42:14+00:00,C suite,C-Suite,tyquese@elinkrecruiting.com,"","","","","",Unresponsive,crypto,2025-02-18T23:03:21+00:00,tyquese@elinkrecruiting.com,4,financial services,"crypto exchange, crypto wallets, crypto trading, otc crypto trading, liquidity provider, crypto news",http://www.linkedin.com/in/paul-opra-14a033105,http://www.beambitx.co,http://www.linkedin.com/company/beambitx-crypto-exchange,"","",Valencia,Valencian Community,Spain,"Sofia, Sofia-city, Bulgaria",Sofia,Sofia-city,Bulgaria,"","","Cloudflare DNS, Gmail, Google Apps, CloudFlare Hosting","","","","","",true,false,false,false,false,"",671362d6fc6e000001ed61d1,671362d6fc6e000001ed61dd,"","","","","","","",""
Stephanie,Li,Vice President,Blockchain Dynamics Ltd,Blockchain Dynamics,stephanie@bdd-tech.com,Verified,Apollo,"","",2025-02-09T17:37:28+00:00,Vp,"",tyquese@elinkrecruiting.com,"","","","","",Unresponsive,crypto,2025-02-14T07:47:06+00:00,tyquese@elinkrecruiting.com,1,computer hardware,"digital assets, ethereum, ethereum mining, computer hardware manufacturing, cryptocurrency",http://www.linkedin.com/in/stephanie-zhichao-li-b5025624,http://www.bdd-tech.com,http://www.linkedin.com/company/bddd,"","",New York,New York,United States,"18 Harbour Road, Hong Kong Island, Hong Kong","",Hong Kong Island,Hong Kong,"","","Google Cloud Hosting, IoT, Micro, Android, SharePoint, Flutter, Python, AI, Remote","","","","","",true,false,false,false,false,"",67136bb5c1fdac00019a527c,67136bb5c1fdac00019a52c4,stephanie-11@163.com,Apollo,"","","","","",""
Bryan,Courchesne,Chief Executive Officer,D A i M - Crypto Wealth Management,D A i M,bc@daim.io,Verified,Apollo,"",Not Catch-all,2025-02-17T13:13:19+00:00,C suite,C-Suite,tyquese@elinkrecruiting.com,"","","",'+1 949-298-7582,"",Approaching,crypto,2025-02-23T11:01:13+00:00,tyquese@elinkrecruiting.com,5,financial services,"investing in crypto, crypto portfolio management, digital asset management, crypto retirement accounts, crypto advice, investment management, bitcoin management, crypto tax strategies, crypto investment management, retirement accounts, crypto ira, bitcoin investments, managed accounts, fiduciary services, asset management, blended management, wealth management, professional investment strategies, tax-advantaged accounts, digital asset custody, portfolio diversification, cryptocurrency advisory, 401k plans, equity & crypto portfolio, investment reporting, risk management, maximize returns, cryptocurrency trading, institutional investments, family office solutions, tax loss harvesting, backdoor roth conversions, consultative advisory, robo-advisory services, long-term investment, overnight trading strategies, institutional trust, crypto custodianship, managed crypto solutions, cryptocurrency compliance, cold storage custody, client education, market insights, active portfolio management, client support services, cryptocurrency regulations, client-centric services, tax deferred gains, investment execution services, custom investment options, secure transactions, client relationship management, diversified holdings, strategic portfolio management, custom fee structures, tailored investment products, financial services",http://www.linkedin.com/in/bryan%ef%bb%bf%ef%bb%bfcourchesne,http://www.daim.io,http://www.linkedin.com/company/digitalassetinvestmentmanagement,"",https://twitter.com/daim_io,Newport Beach,California,United States,"120 Newport Center Dr, Newport Beach, California, United States, 92660",Newport Beach,California,United States,'+1 949-298-7582,"DAIM’s unique experience in traditional and digital assets, including Crypto Investment Management, allows us to help companies and individuals build truly diversified portfolios.","Cloudflare DNS, Rackspace MailGun, Gmail, Google Apps, CloudFlare Hosting, Google Tag Manager, reCAPTCHA, WordPress.org, Google Dynamic Remarketing, DoubleClick Conversion, Google Analytics, DoubleClick, Google Font API, Mobile Friendly, Circle, Reviews, SharePoint, Android, Flutter, Python, Node.js, IoT, AI, Data Analytics","","","","","",true,false,false,false,false,"",67138340158312000119f389,67138340158312000119f394,"","","","","","","",""
Rufus,Wright,CEO & Founder,Crypto Caverns,Crypto Caverns,rufusw@cryptocaverns.com,Verified,Apollo,"",Not Catch-all,2024-10-19T10:01:42+00:00,Founder,C-Suite,tyquese@elinkrecruiting.com,"","","",'+1 888-279-7808,"",Approaching,crypto,2025-02-23T07:47:16+00:00,tyquese@elinkrecruiting.com,4,computer hardware,"cryptocurrency, crypto mining, gpu clusters, computer hardware manufacturing, mining hosting, asic miners, gpu mining, hashrate guarantee, turn-key solutions, mining rigs, automated maintenance, cost-effective hosting, real-time monitoring, daily payouts, custom mining interface, secure facilities, worldwide shipping, mining contracts, electrical efficiency, crypto wallet integration, customer support, 24/7 security, uptime guarantee, flexible buyouts, hosted solutions, mining equipment sales, environmentally friendly power, hydroelectric energy, mining facility management, power infrastructure, network security, predictable returns, client communication, mining profitability, rig ownership, coin selection, wholesale pricing, secure data center, custom consulting, fault reporting, facility design, technical support, performance optimization, retail customer leveraging, remotely managed services, dedicated mining hardware, adaptive cryptocurrency mining, client-centric approach, competitive pricing, easy setup, hassle-free transitions, pre-owned equipment listing, information technology & services",http://www.linkedin.com/in/rufus-wright,http://www.cryptocaverns.com,http://www.linkedin.com/company/crypto-caverns,https://www.facebook.com/cryptocaverns,https://twitter.com/RealCryptoCave,New York,New York,United States,"33 W 85th St, New York, New York, United States, 10024-4112",New York,New York,United States,'+1 888-279-7808,"","Cloudflare DNS, Gmail, Google Apps, Nginx, Mobile Friendly, Woo Commerce, Google Font API, YouTube, WordPress.org, Intercom, Android, SharePoint, Flutter, Python","",862000,Other,862000,2022-06-01,true,false,false,false,false,"",6713838544f765000106f256,6713838544f765000106f264,"","","","","","","",""
Carme,Camprubi,CFO,VOTTUN,VOTTUN,ccamprubi@vottun.com,Verified,Apollo,"",Catch-all,2025-02-10T09:21:32+00:00,C suite,"C-Suite, Finance",tyquese@elinkrecruiting.com,"","","",'+34 664 48 09 64,"",Unresponsive,crypto,2025-02-08T04:52:05+00:00,tyquese@elinkrecruiting.com,22,information technology & services,"blockchain, technology, innovation, education, supply chain, research, crypto, certification, security, ethereum, nft, polygon, circular economy, digital art, nft gaming, stellar, marketplace, apis, blockchain services, cryptocurrency, information technology & services",http://www.linkedin.com/in/carme-camprubi-24930a1,http://www.vottun.com,http://www.linkedin.com/company/vottun,https://facebook.com/vottun-300524873851167,https://twitter.com/vottun,Barcelona,Catalonia,Spain,"230 Carrer d'Aribau, Barcelona, Catalonia, Spain, 08006",Barcelona,Catalonia,Spain,'+34 664 48 09 64,"","Cloudflare DNS, Mailchimp Mandrill, Sendgrid, Gmail, Google Apps, MailChimp SPF, Microsoft Office 365, CloudFlare Hosting, PrestaShop, Android, Remote, AI, Reviews",3100000,561792,Seed,561792,2019-06-10,true,false,false,false,false,"",6713878f4a67f900015e419e,6713878f4a67f900015e41ab,"","","","","","","",""
Noe,Rieker,Partnerships,Superteam,Superteam,noe@superteam.fun,Verified,Apollo,"",Not Catch-all,2025-02-23T23:02:31+00:00,Entry,Sales,tyquese@elinkrecruiting.com,"","","","","",Approaching,crypto,2025-02-25T23:23:59+00:00,tyquese@elinkrecruiting.com,120,staffing & recruiting,"solana, crypto, bounties, grants",http://www.linkedin.com/in/noe-rieker-6ba533187,http://www.superteam.fun,http://www.linkedin.com/company/superteam-talent,https://www.facebook.com/solanasuperteamvietnam,https://twitter.com/SuperteamVN,Berlin,Berlin,Germany,"Berlin, Berlin, Germany",Berlin,Berlin,Germany,"","Superteam Vietnam là nhánh phát triển cộng đồng Superteam tại Việt Nam. Thành viên cốt cán của Superteam là những cá nhân có kinh nghiệm trong lĩnh vực phát triển và xây dựng phần mềm (lập trình viên, thiết kế, vận hành, marketing,…).","Cloudflare DNS, Gmail, Google Apps, CloudFlare Hosting, Vercel, Webflow, Vimeo, Open AdStream (Appnexus), Cloudinary, Google Font API, Cedexis Radar, Varnish, WordPress.org, Mobile Friendly, Google Tag Manager, Bootstrap Framework, React, YouTube, Google Dynamic Remarketing, DoubleClick Conversion, Wix, DoubleClick, Adobe Media Optimizer, Discord, Airtable, AI","","","","","",true,false,false,false,false,"",67136579e0205c00014b5650,671365594811d70001752969,"","","","","","","",""
Oleksandr,Synytsia,Virtual Legal Officer,Legal Nodes,Legal Nodes,oleksandr@legalnodes.com,Verified,Apollo,"",Not Catch-all,2025-02-02T05:46:35+00:00,Entry,"Information Technology, Legal",tyquese@elinkrecruiting.com,"","","","","",Unresponsive,crypto,2024-11-29T09:22:59+00:00,tyquese@elinkrecruiting.com,22,legal services,"law, legal services, legal compliance, privacy compliance, privacy, gdpr, ip, intellectual property, contract work, corporate work, incorporation, due diligence, banking, financial compliance, blockchain, web3, startup, crypto, dao, financial services",http://www.linkedin.com/in/oleksandr-synytsia-b12b1b1a2,http://www.legalnodes.com,http://www.linkedin.com/company/legalnodes,https://facebook.com/LegalNodes,https://twitter.com/LegalNodes,"",Kyiv city,Ukraine,"3 Gower Street, London, England, United Kingdom, WC1E 6HA",London,England,United Kingdom,"","","Gmail, Google Apps, Amazon AWS, Basis, AI",2000000,300000,Other,300000,2021-08-01,true,false,false,false,false,"",67136ded3e5b820001ee40d3,67136ded3e5b820001ee40db,"","","","","","","",""
Vlad,Chejkov,CEO & Founder,Blockchain-Ads,Blockchain-Ads,vlad@blockchain-ads.com,Verified,Apollo,"",Not Catch-all,2025-02-27T21:53:00+00:00,Founder,C-Suite,tyquese@elinkrecruiting.com,"","","","","",Unresponsive,crypto,2024-11-30T02:04:27+00:00,tyquese@elinkrecruiting.com,13,information technology & services,"advertising, blockchain projects, adtech, web30, tokenomics, crypto, decentralized, technology, information & media, information technology & services",http://www.linkedin.com/in/vlad-chejkov,http://www.blockchain-ads.com,http://www.linkedin.com/company/blockchain-ads,https://facebook.com/blockchainads,https://twitter.com/blockchainads_,Bangkok,Bangkok,Thailand,"Bangkok, Thailand","",Bangkok,Thailand,"","","Gmail, Google Apps, Amazon AWS, CloudFlare, Webflow, Google Tag Manager, Mobile Friendly, Epom, AI, Discord, Remote","",50000,Other,50000,2023-03-01,true,false,false,false,false,"",671382fa3fb11c0001055de9,671382fa3fb11c0001055df7,"","","","","","","",""
Mark,Goode,Chief Executive Officer,Blockchain Power Corp,Blockchain Power,mark@blockchain-power.com,Verified,Apollo,"",Catch-all,2025-02-06T07:01:26+00:00,C suite,C-Suite,tyquese@elinkrecruiting.com,"","","",'+1 202-465-5564,"",Unresponsive,crypto,2025-02-08T12:08:32+00:00,tyquese@elinkrecruiting.com,13,information technology & services,"crypto, crypto mining, hosting services, blockchain technology, sustainable energy, hash power, natural gas solution, bitcoin, bitcoin mining, colocation services, data center, technology, information & internet, asic computers, data centers, power supply, scalable infrastructure, renewable energy, cryptocurrency, digital assets, data processing, west virginia, energy resources, mining technicians, decentralized network, high computing power, sustainable production, job creation, economic development, data security, hashrate, digital block, cyber-secure, hash power expansion, mining capacity, mobile data centers, power efficiency, natural gas, energy capacity, hash rate, cloud infrastructure, decentralized power, energy efficiency, data mining, blockchain ledger, energy optimization, mining assets, blockchain network, energy management, hashrate performance, blockchain innovation, computing efficiency, digital transformation, cryptographic hashes, mining operations, hyper-speed processing, green energy solutions, market expansion, internet service providers, information technology & services, clean energy & technology, environmental services, renewables & environment, computer & network security, enterprise software, enterprises, computer software, b2b, internet infrastructure, internet, oil & energy",http://www.linkedin.com/in/jmarkgoode,http://www.blockchain-power.com,http://www.linkedin.com/company/blockchain-power-corporation,"","",Miami,Florida,United States,"2000 PGA Blvd, Palm Beach Gardens, Florida, United States, 33408",Palm Beach Gardens,Florida,United States,'+1 202-465-5564,"","Gmail, Outlook, Google Apps, Google Cloud Hosting, Varnish, Wix, Mobile Friendly, Metamask, Razorpay, AI","","","","","",true,false,false,false,false,"",671382fa3fb11c0001055df3,671382fa3fb11c0001055dff,"","","","","","","",""
Paloma,Sanchez,Chief Financial Officer,Silver 8,Silver 8,paloma.sanchez@silver8capital.com,Verified,Apollo,"",Not Catch-all,2025-02-08T06:17:12+00:00,C suite,"C-Suite, Finance",tyquese@elinkrecruiting.com,"","","",'+1 203-541-0167,"",Unresponsive,crypto,2025-02-17T03:24:05+00:00,tyquese@elinkrecruiting.com,14,investment management,"digital assets, crypto assets, liquid digital assets, blockchain technology, financial technology, hedge fund, institutional investor, investment strategy, risk management, quantitative models, financial discipline, active risk management, liquid strategy, long-bias strategy, market cycles, portfolio management, industry research, mature segment, volatility mitigation, drawdowns, credit risk, operational risk, institutional setup, regulated venues, derivatives trading, investment objective, accredited investors, private placement memorandum, limited partnership agreement, subscription agreement, assets under management, annualized return, global investor base, experienced team, confidential offering, investment decisions, operational considerations, technology investing, risk disclosures, trading strategies, highly multidisciplinary team, market risks, tactical asset allocation, private fund structure, institutional relationships, investment thesis, client-focused., strategic partnership, financial services, investment performance, team expertise, reputable counterparties, finance technology, information technology & services",http://www.linkedin.com/in/paloma-sanchez-madrigal-03033487,http://www.silver8capital.com,http://www.linkedin.com/company/silver8,"","",Madrid,Community of Madrid,Spain,"1130 Creekside Way, Naples, Florida, United States, 34108",Naples,Florida,United States,'+1 203-541-0167,"","Gmail, Google Apps, Microsoft Office 365, Amazon AWS, Mobile Friendly, Bootstrap Framework, Render, Basis","","","","","",true,false,false,false,false,"",6713878f4a67f900015e419c,6713878f4a67f900015e41aa,"","","","","","","",""
Erika,Fuertes,Software Developer,Zeyo Blockchain,Zeyo Blockchain,erika.fuertes@zeyo.io,Verified,Apollo,"",Not Catch-all,2024-10-19T07:46:29+00:00,Entry,"Engineering & Technical, Information Technology",tyquese@elinkrecruiting.com,"","","","","",Unresponsive,crypto,2025-02-16T09:02:29+00:00,tyquese@elinkrecruiting.com,53,information technology & services,"blockchain, distributed ledger technologies, dapp, hyperledger, ethereum, r3, corda, blockchain training, iot, blockchain consultancy, consultoria blockchain, cursos blockchain, blockchain empresarial, blockchain services, digital identity, real-time certification, enterprise solutions, saas platform, digital process automation, identity protection, regulatory compliance, trusted transactions, document security, asset management, fraud reduction, digital trust, modular suite, traceability, workflow management, immutable certifications, data security, cross-industry solutions, web3 technology, food safety, supply chain transparency, export optimization, fintech, smart contracts, identity verification, data privacy, distributed ledger, trustless systems, secure transactions, efficient logistics, digital certificates, blockchain in finance, agriculture blockchain, healthcare blockchain, logistics blockchain, digital transformation, automated processes, crypto solutions, certification systems, authentication, enterprise blockchain, market transparency, blockchain adoption, financial regulations, blockchain for smes, tokenization, data integrity, collaboration platforms, applications of blockchain, cryptocurrency, information technology & services, computer & network security, finance technology, financial services",http://www.linkedin.com/in/erika-fuertes-606410137,http://www.zeyo.io,http://www.linkedin.com/company/zeyoblockchain,https://www.facebook.com/zeyoblockchain,https://twitter.com/zeyoblockchain,Ibarra,Imbabura,Ecuador,"142 Avenida Suecia, Providencia, Santiago Metropolitan Region, Chile, 7500000",Providencia,Santiago Metropolitan Region,Chile,"","Creamos productos blockchain de certificación digital y trazabilidad blockchain - Podemos marcar, trazar y tokenizar datos usando múltiples redes blockchain.","Gmail, Google Apps, Zoho Email, Hubspot, Google Font API, Facebook Login (Connect), Facebook Custom Audiences, Linkedin Marketing Solutions, Facebook Widget, Apache, YouTube, WordPress.org, Mobile Friendly, Render, Gusto, SAP, AI","","","","","",true,false,false,false,false,"",671363d5cd32240001049a61,6713639fe30eaa0001feb3fb,"","","","","","","",""
Jared,F.,Founder,Zero Sec LLC,Zero Sec,jared@zerosec.gg,Verified,Apollo,"",Not Catch-all,2025-01-30T12:09:41+00:00,Founder,C-Suite,tyquese@elinkrecruiting.com,"","","","","",Approaching,crypto,2025-02-24T06:02:01+00:00,tyquese@elinkrecruiting.com,1,financial services,"ethereum, cryptocurrency, bitcoin, defi, solidity, solana",http://www.linkedin.com/in/jaredfranka,http://www.zerosec.gg,http://www.linkedin.com/company/zerosec-llc,"","",Brandon,South Dakota,United States,"Sioux Falls, South Dakota, United States, 57104",Sioux Falls,South Dakota,United States,"","","Cloudflare DNS, CloudFlare Hosting, Facebook Widget, Mobile Friendly, Facebook Custom Audiences, Facebook Login (Connect), Google Tag Manager, Bootstrap Framework, reCAPTCHA","","","","","",true,false,false,false,false,"",67136579e0205c00014b5652,67136579e0205c00014b565c,"","","","","","","",""
Kris,Lai,Founder / CEO,Scallop,Scallop,kriss@scallop.io,Verified,Apollo,"",Not Catch-all,2025-02-11T23:26:14+00:00,Founder,C-Suite,tyquese@elinkrecruiting.com,"","","","","",Unresponsive,crypto,2025-02-12T17:11:58+00:00,tyquese@elinkrecruiting.com,25,information technology & services,"defi, web3, crypto, solana, blockchain, nfts, software development, financial services, cryptocurrency, digital assets, decentralized, cryptocurrency exchange, peer-to-peer transactions, digital wallet, secure payments, decentralized finance, investment platform, transaction tracking, smart contracts, tokenization, asset management, crypto trading, market insights, risk management, liquidity provider, financial technology, compliance solutions, user-friendly interface, real-time data, multi-currency support, cross-border transactions, cryptography, portfolio management, staking, yield farming, trading automation, api integration, exchange listing, transaction fees, margin trading, security protocols, verification services, customer support, educational resources, market volatility, financial analytics, user authentication, mobile app, web platform, transaction history, community engagement, investment options, scalability, performance metrics, information technology & services, finance technology",http://www.linkedin.com/in/djchrisssssss,http://www.scallop.io,http://www.linkedin.com/company/scallopio,"","","",Taichung City,Taiwan,"Tortola, British Virgin Islands","",Tortola,British Virgin Islands,"",Scallop is a DeFi protocol for lending and borrowing on the Sui blockchain.,"Amazon CloudFront, Route 53, Gmail, Google Apps, Amazon AWS, Google Tag Manager, Mobile Friendly, , Discord, Basis, Circle, Render, Sigma, AI, Remote","","","","","",true,false,false,false,false,"",671365cb6550a70001000335,671365cb6550a7000100033f,"","","","","","","",""
Gregoire,Lecharpentier,CFO,Bitcoin Avenue,Bitcoin Avenue,gregoire@bitcoin-avenue.com,Verified,Apollo,"",Not Catch-all,2025-02-06T20:55:09+00:00,C suite,"C-Suite, Finance",tyquese@elinkrecruiting.com,"","","",'+33 9 87 78 65 45,"",Unresponsive,crypto,2025-02-18T00:23:22+00:00,tyquese@elinkrecruiting.com,4,information technology & services,"exchange, blockchain, bitcoin, mining, cryptocurrency, ethereum, training, it services & it consulting, cryptocurrency exchange, ripple, bitcoin cash, litecoin, crypto trading, digital assets, wallet solutions, blockchain technology, kyc compliance, aml regulations, investment guidance, mining equipment, online payments, sepa transfers, payment security, 3d secure, market analysis, user account verification, customer support, educational workshops, smart contracts, decentralized applications, trading fees, transaction fees, asset management, exchange volume discounts, personalized assistance, client onboarding, crypto market trends, payment processing, peer-to-peer transactions, investment strategies, token trading, account limits, asset custody, crypto payments, liquidity solutions, regulatory compliance, custom transactions, asset storage solutions, futures trading, mining pools, hardware wallets, mobile wallets, desktop wallets, fraud prevention, user interface, client identification, information technology & services",http://www.linkedin.com/in/gr%c3%a9goire-lecharpentier-735115113,http://www.bitcoin-avenue.com,http://www.linkedin.com/company/bitcoin-avenue,"","",Caen,Lower Normandy,France,"17 Rue de Bernieres, Caen, Lower Normandy, France, 14000",Caen,Lower Normandy,France,'+33 9 87 78 65 45,"","Rackspace MailGun, Hubspot, Bootstrap Framework, Google Tag Manager, Mobile Friendly, reCAPTCHA, Google Font API, SAP, AI, , Android, Vimeo, IoT, , SharePoint, Flutter, Python, Basis, Node.js","","","","","",true,false,false,false,false,"",671366c59a60b7000118033f,671366756f73d00001af84ec,"","","","","","","",""
William,Corbett,Founder,Ethereum Address Service (EAS),Ethereum Address Service,wcorbett@accurentventures.com,Verified,Apollo,"",Catch-all,2024-10-19T08:19:11+00:00,Founder,C-Suite,tyquese@elinkrecruiting.com,"","","",'+1 917-348-0223,"",Unresponsive,crypto,2025-02-18T09:22:12+00:00,tyquese@elinkrecruiting.com,2,information technology & services,"cryptocurrency, nfts, real estate, virtual real estate, blockchain, ethereum, metaverse, nonfungible tokens, crypto, web3, nft, mapping, digital rights, digital ownership, address mapping, opensea, ether, coinbase, metamask, nft trading, non fungible token, digital address rights, digital property rights, technology, information & internet, information technology & services",http://www.linkedin.com/in/williampcorbett,http://www.easnft.com,http://www.linkedin.com/company/easnft,https://facebook.com/easNFT/,https://twitter.com/eas_nft,New York,New York,United States,"33 Irving Pl, New York, New York, United States, 10003-2316",New York,New York,United States,'+1 917-348-0223,"","Gmail, Google Apps, GoDaddy Hosting, Hubspot","","","","","",true,false,false,false,false,"",67136b7ff688530001a1b170,67136b7ff688530001a1b179,"","","","","","","",""
Serhat,Onay,Chief Executive Officer,Kadesh Chain,Kadesh Chain,serhat.onay@kadeshchain.com,Verified,Apollo,"",Not Catch-all,2024-10-19T10:04:37+00:00,C suite,C-Suite,tyquese@elinkrecruiting.com,"","","","","",Unresponsive,crypto,2024-12-13T08:34:04+00:00,tyquese@elinkrecruiting.com,4,information technology & services,"crypto currency, it, blockchain, dlt, blockchain services, information technology & services",http://www.linkedin.com/in/serhat-onay-6ab761132,http://www.kadeshchain.com,http://www.linkedin.com/company/kadeshchain,https://facebook.com/kadeshchain,https://twitter.com/kadeshchain,Antalya,"",Turkey,"Antalya, Antalya, Turkey",Antalya,Antalya,Turkey,"","","Mobile Friendly, Microsoft-IIS, ASP.NET, Bootstrap Framework, Remote","","","","","",true,false,false,false,false,"",671384343fb11c00010577bf,671384343fb11c00010577c3,"","","","","","","",""
George,McDevitt,Chief Financial Officer,Crypto Quantique,Crypto Quantique,gmcdevitt@cryptoquantique.com,Verifying,Apollo,"",Not Catch-all,"",C suite,"C-Suite, Finance",tyquese@elinkrecruiting.com,"","","",'+82 2-595-5190,"",Cold,crypto,"",tyquese@elinkrecruiting.com,48,computer & network security,"cybersecurity, iot, internet, software, quantum safe cryptography, security, quantum, quantumphysics, cryptography, cyber security, semiconductors, hardware, information technology, iot security, embedded security, device lifecycle management, on-device key generation, secure boot, code signing, secure fota, pki integration, certificate lifecycle management, cloud onboarding, cross-platform security, unique device identity, post-quantum cryptography, secure provisioning, medical device compliance, automated security updates, software development lifecycle (sdlc), ci/cd integration, chiplet security, physical unclonable function (puf), secure software delivery, firmware integrity monitoring, remote trust relationship, integrated cryptography, device provisioning, secure communication channels, software development toolkit, hardware security, zero-trust architecture, identity management, error-free firmware updates, trusted platform module, endpoint security, security regulation compliance, iot hubs, secure key storage, quantum-derived security, secure cloud connectivity, automated key generation, advanced cryptographic solutions, firmware update reliability, secure element design, secure identity generation, security-by-design, device authentication, cloud service integration, healthcare cybersecurity, embedded medical devices, information technology & services, computer & network security, privacy",http://www.linkedin.com/in/gmcdevitt,http://www.cryptoquantique.com,http://www.linkedin.com/company/crypto-quantique,"",https://twitter.com/cryptoquantique,Reading,England,United Kingdom,"180 Union Street, London, England, United Kingdom, SE1 0",London,England,United Kingdom,'+82 2-595-5190,"","Outlook, MailChimp SPF, Microsoft Office 365, Zendesk, WP Engine, reCAPTCHA, Vimeo, Google Maps, Mobile Friendly, Google Tag Manager, Google Maps (Non Paid Users), Google Analytics, YouTube, Hotjar, WordPress.org, , Python, IoT","",8000000,Seed,8000000,2019-09-24,"",false,false,false,false,"",671387dc3b2d4c0001c07571,671387dc3b2d4c0001c0758c,"","","","","","","",""
Seyed,Ali,Blockchain Consultant,Blockchain Firm,Blockchain Firm,seyedali@blockchainfirm.io,Potentially Invalid,Apollo,"",Not Catch-all,"",Entry,Consulting,tyquese@elinkrecruiting.com,"","","",'+91 89460 15133,"",Unresponsive,crypto,2025-02-16T05:58:58+00:00,tyquese@elinkrecruiting.com,17,information technology & services,"blockchain development, blockchain development company, enterprise blockchain solution, artificial intelligence, it services & it consulting, nft marketplace development, defi staking solutions, yield farming, smart contract development, tokenization of real estate, market data analysis, trading tool development, algorithmic trading solutions, decentralized applications (dapps), digital asset tokenization, custom smart contracts, blockchain integration services, financial automation, real world asset tokenization, community engagement, e-commerce mini app, telegram bots development, fractional ownership platforms, asset-backed securities, security token offerings (sto), decentralized finance (defi), cross chain bridge solutions, market making tools, trading signals & indicators, portfolio management services, client-centric blockchain solutions, blockchain consulting, enterprise blockchain solutions, ico development services, cryptocurrency wallet integration, payment gateway integration, user rewards management, data privacy compliance, regulatory compliance in blockchain, smart contract audits, blockchain technology consulting, user-friendly blockchain applications, real-time asset tracking, secure transaction processes, token creation & management, investment fund tokenization, automated trading solutions, staking platform development, supply chain automation, defi governance models, in-game asset tokenization, decentralized identity solutions, financial services automation, cryptocurrency market data tools, information technology & services",http://www.linkedin.com/in/seyed-ali-489248142,http://www.blockchainfirm.io,http://www.linkedin.com/company/blockchainfirmsolutions,"","",Chennai,Tamil Nadu,India,"Old Mahabalipuram Road, Chennai, Tamil Nadu, India, 600041",Chennai,Tamil Nadu,India,'+91 89460 15133,"Blockchain Firm is a sustainable Blockchain Development Services Company in UAE & India, helping businesses to develop Custom blockchain Platforms throughout the globe.","Gmail, Google Apps, Amazon AWS, YouTube, Nginx, Bootstrap Framework, reCAPTCHA, Typekit, WordPress.org, Google Dynamic Remarketing, DoubleClick, LiveChat, Facebook Custom Audiences, Facebook Widget, Ubuntu, Mobile Friendly, DoubleClick Conversion, ShareASale, Google Play, iTunes, Google translate widget, Linkedin Marketing Solutions, Google Tag Manager, Basis, Reviews, AI","","","","","",true,false,false,false,false,"",67136411f254f30001bbb2b9,67136411f254f30001bbb2c1,"","","","","","","",""
Nicolas,Ribeiro,Co-Founder & CEO | Director General,Blockchain Mining,Blockchain Mining,nribeiro@bcmining.uy,Verified,Apollo,"",Not Catch-all,2025-02-27T10:47:08+00:00,Founder,C-Suite,tyquese@elinkrecruiting.com,"","","",'+598 91 927 020,"",Unresponsive,crypto,2024-11-22T12:01:10+00:00,tyquese@elinkrecruiting.com,3,computer hardware,"mining, cryptocurrencies, crypto, collocations, blockchain, bitcoin, litecoin, ethereum, altcoins, computer hardware manufacturing, crypto mining farms, cryptocurrency mining, blockchain mining, renewable energy, energy surplus, plug & play mining, custom mining solutions, crypto-batteries, energy efficiency, mining hardware, energy costs, mining profitability, electricity provider, mining maintenance, mining technology, modular mining solutions, crypto battery design, large scale mining, medium scale mining, automated mining, cryptocurrency investment, energy transformation, clean energy mining, battery-powered mining, mining facility design, energy optimization, sustainable mining, mining project management, downtime management, mining infrastructure, cryptocurrency profitability, consumption agreements, specialized mining teams, crypto mining systems, real-time monitoring, crypto project planning, high-performance mining, mining efficiency, energy management, technology research, blockchain technology, mining community engagement, investment opportunities, mining capital, market analysis, cryptocurrency solutions, project development, cryptocurrency, clean energy & technology, environmental services, renewables & environment, oil & energy",http://www.linkedin.com/in/nicolasribeiro,http://www.bcmining.uy,http://www.linkedin.com/company/blockchain-mining,"",https://twitter.com/bcmining_uy,La Paz,Departamento Autonomo de La Paz,Bolivia,"1651 Divina Comedia, Montevideo, Montevideo Department, Uruguay, 11500",Montevideo,Montevideo Department,Uruguay,'+598 91 927 020,"BCMining design, build and maintain cryptocurrency mining farms that drives de next generation of blockchain & decentralized apps.","Cloudflare DNS, Gmail, Google Apps, CloudFlare Hosting, Mobile Friendly, reCAPTCHA, Google Font API, Google Analytics, WordPress.org","","","","","",true,false,false,false,false,"",67138340158312000119f38d,67138340158312000119f397,nicoribeiro@gmail.com,Apollo,"","","","","",""
Andrii,Shapovalov,Co-Founder/ CEO,STAMPSDAQ,STAMPSDAQ,andrii.shapovalov@stampsdaq.com,Verified,Apollo,"",Not Catch-all,2025-01-30T07:01:54+00:00,Founder,C-Suite,tyquese@elinkrecruiting.com,"","","","","",Unresponsive,crypto,2025-02-20T23:27:03+00:00,tyquese@elinkrecruiting.com,4,information technology & services,"blockchain, nft, digital goods, crypto, crypto art, technology, information & internet, information technology & services",http://www.linkedin.com/in/andrii-shapovalov-b5503a2a,http://www.stampsdaq.com,http://www.linkedin.com/company/stampsdaq,"","",Warsaw,Masovian Voivodeship,Poland,"4 Keemia, Tallinn, Harju County, Estonia, 10616",Tallinn,Harju County,Estonia,"",BECOME PART OF AGES OLD PHILATELIC AND ART HERITAGE IN THE CRYPTO WORLD,"MailJet, Gmail, Google Apps, LiveChat, Mobile Friendly, Ubuntu, Nginx, , Data Storage, Remote, Circle, Jamf, AI","","","","","",true,false,false,false,false,"",671384343fb11c00010577be,671384343fb11c00010577c6,"","","","","","","",""
Anjali,Y.,Digital Marketing Manager,Pandora Finance,Pandora Finance,anjali@pandora.finance,Verified,Apollo,"",Not Catch-all,2024-11-10T19:23:48+00:00,Manager,Marketing,tyquese@elinkrecruiting.com,"","","","","",Approaching,crypto,2024-11-01T06:56:13+00:00,tyquese@elinkrecruiting.com,19,information technology & services,"blockchain, fintech, web3, real world assets, metaverse, nfts, nft marketplace, crypto, pandora, pndr, express protocol, unity market, liquidity, pinfts, software development, mint, trade, erc404, marketplace, decentralized, nft, tokenization, asset-backed, dapps, swapping, buying, selling, auction, dynamic marketplace, erc721, trustless, borderless, seamless, digital twin, decentralized exchange, tokenizing, real-world assets, liquidity enhancement, asset trading, pandora finance, nft economy, decentralized ecosystem, 404 marketplace, 404 collection, 404 indexer, 404 wrapper, partner ecosystem, consulting, strategic management, business growth, economic norms, transformative future, community collaboration, native tokens, investor engagement, aconomy, ambassador program, digital assets, online trading, crypto marketplace, innovative solutions, roadmap, user experience, finance technology, information technology & services, financial services, ux",http://www.linkedin.com/in/anjali-y-576361169,http://www.pandora.finance,http://www.linkedin.com/company/aconomyglobal,https://facebook.com/PandoraProtocol/,https://twitter.com/PandoraProtocol,"","",India,"Central Expy, Singapore, Singapore",Singapore,"",Singapore,"","Join Aconomy, the world’s first decentralized RWA P2P marketplace. Effortlessly verify and trade luxury watches, handbags, and jewels with trusted RWA Validators. Explore a secure, transparent ecosystem for seamless global asset trading.","Gmail, Google Apps, Amazon AWS, Twitter Advertising, Varnish, Google Tag Manager, Lucky Orange, Mobile Friendly, Render","",2400000,Seed,2400000,2021-05-25,true,false,false,false,false,"",67138515daf6790001056f01,67138515daf6790001056f07,"","","","","","","",""
Jeremy,Fox-Geen,Chief Financial Officer,Circle,Circle,jeremy.foxgeen@circle.com,Verified,Apollo,"",Catch-all,2025-02-10T15:50:17+00:00,C suite,"C-Suite, Finance",tyquese@elinkrecruiting.com,"","","",'+1 415-992-2720,"",Approaching,crypto,2025-02-25T06:34:00+00:00,tyquese@elinkrecruiting.com,1100,financial services,"blockchain, digital currency, crypto, fintech, consumer finance, stablecoins, software, cryptocurrency, blockchain / cryptocurrency, financial technology, information technology, usdc, stablecoin, euro backed, cross-chain protocols, programmable wallets, smart contract platform, multi-chain compatibility, remittances, low-cost payments, global access, 24/7 trading, lending & borrowing, circle mint, compliance engine, transaction fees, cryptographic encryption, real-time fx trading, digital dollar, reserve management, financial inclusivity, decentralized finance (defi), borderless transactions, instant settlement, api integration, digital asset exchange, currency conversion, on/off-ramp service, full reserve model, trust & transparency, real-time liquidity, open internet, blockchain interoperability, blockchain solutions, liquid asset management, in-app wallets, crypto capital markets, secure transactions, reliable digital wallets, cross-border payments, business applications, developer tools, financial institutions, user-friendly interfaces, global economic prosperity, risk management, currency stabilization, financial infrastructure, usd coin, digital currencies, peer-to-peer payments, financial inclusion, programmable money, digital asset management, developer platform, global payments, transaction efficiency, security, compliance, transparency, accessibility, humanitarian aid, digital financial literacy, open financial systems, gas-free transactions, interoperability, circle impact initiative, digital wallets, fintech solutions, finance technology, information technology & services, financial services, enterprise software, enterprises, computer software, b2b",http://www.linkedin.com/in/jeremy-fox-geen-a4a306,http://www.circle.com,http://www.linkedin.com/company/circle-internet-financial,https://facebook.com/circle,https://twitter.com/circle,New York,New York,United States,"2210 Massachusetts Avenue, Cambridge, Massachusetts, United States, 02140",Cambridge,Massachusetts,United States,'+1 415-992-2720,"Circle is building the largest, most widely used stablecoin network so billions around the world can access digital dollars for payments and liquidity.","Salesforce, Amazon SES, Gmail, Google Apps, CloudFlare Hosting, Mixpanel, VueJS, Greenhouse.io, SalesLoft, WP Engine, Atlassian Cloud, Zapier, OneTrust, React Redux, The Trade Desk, Sage Intacct, Salesforce Live Agent, Salesforce Service Cloud, Hubspot, Zendesk, StatusPage IO, DoubleClick Floodlight, Google Play, Google Maps, Segment.io, DoubleClick Conversion, Cedexis Radar, Typekit, Vidyard, Open AdStream (Appnexus), Stripe, Google Plus, DoubleClick, Google translate widget, Twitter Advertising, Google AdSense, Google AdWords Conversion, Mobile Friendly, Wistia, Vimeo, Facebook Custom Audiences, Linkedin Widget, Cvent, reCAPTCHA, Facebook Login (Connect), Linkedin Login, WordPress.org, Bootstrap Framework, AT Internet, Google Font API, Workday Recruit, Dropbox, Facebook Widget, Adobe Media Optimizer, Google Dynamic Remarketing, Google Analytics, Linkedin Marketing Solutions, Google Tag Manager, Google translate API, FullStory, YouTube, Multilingual, Remote, Circle, AI",772000000,1526000000,Other,"",2023-08-01,true,false,false,false,false,"",6713871638c3560001e2b9c7,67138515daf6790001056f02,jeremyfoxgeen@gmail.com,Apollo,"","","","","",""
Fabio,Pires,CFO,Z.ro Bank,Z.ro Bank,fabio.pires@zrobank.com.br,Verifying,Apollo,"",Not Catch-all,"",C suite,"C-Suite, Finance",tyquese@elinkrecruiting.com,"","","","","",Cold,crypto,"",tyquese@elinkrecruiting.com,90,banking,"servicos financeiros, pagamentos, cambio, blockchain, bitcoin, digital banking, criptoasaservice, mesa otc, pixasaservice, criptomoedas para empresas, crypto for business, pix para negocios, api criptomoedas, criptomoedas, pix, remittances, cryptocurrency, payment hub, digital account, api integration, multi-currency transactions, crypto conversion, debit card, visa card, automated payments, real-time notifications, fraud prevention, cryptocurrency exchange, financial dashboard, digital wallets, forex, instant transfers, cashback, peer-to-peer payments, multi-currency banking, banking as a service, transaction monitoring, money laundering prevention, customer support, data privacy, security compliance, liquidity management, qr code payments, chargeback management, financial transparency, cross-border payments, smart remittance api, cryptocurrency storage, crypto payments, remittance auctioning, seamless transactions, financial automation, mobile banking, kyc compliance, transactional integrity, user authentication, financial reporting, account reconciliation, financial freedom, api access, digital financial services, multi-currency platform, blockchain technology, pix payment system, innovation, digital bank account, visa debit card, cryptocurrency conversions, automated foreign exchange, payment processing, financial technology, fintech, user verification, customer experience, sports betting solutions, regulatory compliance, tech-savvy customers, brazilian market, global presence, instant payments, financial institutions, customer segments, entrepreneurial mindset, transparency, financial services, finance technology, information technology & services",http://www.linkedin.com/in/f%c3%a1bio-pires-2b329115,http://www.zrobank.com.br,http://www.linkedin.com/company/zrobank,https://facebook.com/zrobankoficial,"",Sao Paulo,State of Sao Paulo,Brazil,"2010 Avenida Eng. Domingos Ferreira, Recife, State of Pernambuco, Brazil, 51111-020",Recife,State of Pernambuco,Brazil,"","","Cloudflare DNS, Gmail, Google Apps, CloudFlare Hosting, Freshdesk, Atlassian Cloud, Mobile Friendly, Render, AI","","","","","","",false,false,false,false,"",671387dc3b2d4c0001c07575,671387dc3b2d4c0001c0758e,"","","","","","","",""
Mark,Hull,Core Contributor,Kamino Finance,Kamino Finance,mark@kamino.finance,Verified,Apollo,"",Not Catch-all,2024-10-01T16:36:29+00:00,Entry,"",tyquese@elinkrecruiting.com,"","","","","",Unresponsive,crypto,2025-02-15T10:39:04+00:00,tyquese@elinkrecruiting.com,7,financial services,"defi, concentrated liquidity, liquidity provision, market making, solana, lending, liquidity, leverage, yield farming, automated market making, crypto assets, borrow, lend, sol staking, dex, performance analytics, position information, secured assets, financial protocol, market liquidity, trading yields, crypto yield, asset deployment, financial derivatives, strategic leverage, investment platform, decentralized finance, cryptocurrency trading, risk management, crypto analytics, yield optimization, real-time data, portfolio management, transaction speed, liquidity pools, market data, user experience, asset management, smart contracts, financial tools, yield strategies, community governance, cross-chain liquidity, trading strategies, financial transparency, liquidity mining, asset pairing, crypto trading analytics, decentralized applications, yield aggregators, ux",http://www.linkedin.com/in/mark-hull-36050b6,http://www.kamino.finance,http://www.linkedin.com/company/kamino-finance,"","","","",Switzerland,"29 Folger Ave, Beverly, Massachusetts, United States, 01915-4148",Beverly,Massachusetts,United States,"","Solana' s Borrowing, Lending, Market Making, and Leverage venue. Earn yield on
    SOL, USDC, JUP, JLP, JitoSOL, and more","Cloudflare DNS, Gmail, Google Apps, CloudFlare Hosting, Vimeo, Google Tag Manager, Mobile Friendly, Hotjar, Stripe, Braintree, AI, , Circle, Discord","","","","","",true,false,false,false,false,"",671365cb6550a70001000337,671365cb6550a70001000341,"","","","","","","",""
Marina,Bugari,Core Team,Ethereum Argentina,Ethereum Argentina,marina@andinadefi.com,Verified,Apollo,"",Not Catch-all,2024-10-19T08:19:11+00:00,Entry,"",tyquese@elinkrecruiting.com,"","","","","",Unresponsive,crypto,2024-12-07T11:14:54+00:00,tyquese@elinkrecruiting.com,1,information technology & services,"blockchain, criptomonedas, tecnologia, technology, information & internet, technology, information technology & services",http://www.linkedin.com/in/marina-bugari-8a5a2525,http://www.andinadefi.com,http://www.linkedin.com/company/ethereum-argentina,"","","","",Argentina,"684 Doctor Tomas M. de Anchorena, La Lucila del Mar, Buenos Aires, Argentina, 1636",La Lucila del Mar,Buenos Aires,Argentina,"","","Cloudflare DNS, Gmail, Google Apps, Mobile Friendly, Centro, ","","","","","",true,false,false,false,false,"",67136b7ff688530001a1b169,67136b7ff688530001a1b176,marinabugary@hotmail.com,Apollo,"","","","","",""
Maxime,Servais,Software Developer,Ethereum Ecosystem,Ethereum Ecosystem,mservais@web3xplore.com,Verified,Apollo,"",Catch-all,2024-10-19T08:19:42+00:00,Entry,"Engineering & Technical, Information Technology",tyquese@elinkrecruiting.com,"","","","","",Unresponsive,crypto,2025-02-19T23:14:51+00:00,tyquese@elinkrecruiting.com,3,information technology & services,"blockchain services, information technology & services",http://www.linkedin.com/in/maximeservais,http://www.ethereum-ecosystem.com,http://www.linkedin.com/company/ethereum-ecosystem,"","",Brussels,Brussels,Belgium,"","","","","",Immerse yourself in the Ethereum Ecosystem and get familiar with hundreds of popular Apps & tools.,"Cloudflare DNS, Gmail, Google Apps, Cloudinary, Mobile Friendly, Clicky, Vimeo","","","","","",true,false,false,false,false,"",67136b9eafcb4f0001543563,67136b9eafcb4f000154356b,"","","","","","","",""
Javi,B.,CEO,AutoLayer,AutoLayer,javi@tortle.ninja,Verified,Apollo,"",Catch-all,2024-10-19T10:04:37+00:00,C suite,C-Suite,tyquese@elinkrecruiting.com,"","","","","",Approaching,crypto,2025-02-24T03:15:58+00:00,tyquese@elinkrecruiting.com,15,financial services,"blockchain technology, crypto, decentralized finance, blockchain, lrt, lst, avs, restaking, liquid staking, defi protocols, yield generation, autolayer, aubnb, ethereum integration, bnb chain, staking rewards, smart contracts, point system, airdrop, yield farming, collateral management, chain abstraction, token liquification, automated transactions, trading fees, risk management, incentive mechanisms, liquidity pools, on-chain strategies, off-chain strategies, auto-compounding, user experience, community engagement, security audits, non-liquid assets, total value locked, multi-chain compatibility, user rewards, referral programs, bug bounties, governance tokens, protocol integration, milestone rewards, genesis nfts, transaction management, restaking competitions, programmable finance, arbitrum network, cross-network bridge, trading volume, tokenized assets, in-built analytics, points accumulation, digital assets management, token wallet integration, ux",http://www.linkedin.com/in/javierblancothomas,http://www.autolayer.io,http://www.linkedin.com/company/autolayer,"","",Vigo,Galicia,Spain,"12 Ahtri, Tallinn, Harju County, Estonia, 10151",Tallinn,Harju County,Estonia,"","The largest restaking marketplace with advanced risk-reward analytics, points management, and structured products.","Cloudflare DNS, Gmail, Google Apps, CloudFlare Hosting, Mobile Friendly, Multilingual, Google Tag Manager","","","","","",true,false,false,false,false,"",671384343fb11c00010577ba,671384343fb11c00010577c2,"","","","","","","",""
Artur,Sikora,Digital Marketing Manager,Finvest Group,Finvest Group,artur.sikora@finvest.group,Verified,Apollo,"",Not Catch-all,2025-01-25T10:34:48+00:00,Manager,Marketing,tyquese@elinkrecruiting.com,"","","",'+48 60 611 98 20,"",Unresponsive,crypto,2025-02-17T01:49:41+00:00,tyquese@elinkrecruiting.com,6,financial services,"finance, marketing, investment, forex, cfd, fx, crypto, cryptocurrencies, bitcoin, mifid, mifir, consulting, seo, marketing solutions, branding, content creation, lead generation, public relations, expert positioning, webinars, seminars, conferences, email marketing, social media marketing, media consulting, translations, technical support, link building, cost per lead, campaign management, media engagement, market analysis, investment strategies, online education, database access, push notifications, brand awareness, target audience, web resources, roi, market research, sales development, advertising materials, content strategy, personalized services, customer satisfaction, industry expertise, trend analysis, event organization, digital marketing, performance metrics, crisis management, marketing audits, technology integration, online presence, client acquisition, content publishing, networking events, data optimization, strategic partnerships, financial services, cryptocurrency, information technology & services, search marketing, marketing & advertising, sales, consumer internet, consumers, internet, e-learning, computer software, education management",http://www.linkedin.com/in/artur-sikora-6b4568238,http://www.finvest.group,http://www.linkedin.com/company/finvest-group,"","","","",Poland,"26 ulica Bieniewicka, Warszawa, woj. mazowieckie, Poland, 01-632",Warszawa,woj. mazowieckie,Poland,'+48 60 611 98 20,Finvest Group provides solutions for the financial and investment industry. Our offer will allow you to reach new customers in the most optimal way.,"Outlook, Microsoft Office 365, Mobile Friendly, Google Font API, Apache, WordPress.org, Shoper, Android, Discord","","","","","",true,false,false,false,false,"",671385e3e7052f0001408b1c,671385e3e7052f0001408b26,"","","","","","","",""
Devender,Sagar,Digital Marketing Manager,Quytech,Quytech,devender.sagar@quytech.com,Verified,Apollo,"",Catch-all,2025-01-28T09:06:17+00:00,Manager,Marketing,tyquese@elinkrecruiting.com,"","","",'+91 70422 95974,"",Unresponsive,crypto,2025-02-10T18:41:04+00:00,tyquese@elinkrecruiting.com,280,information technology & services,"mobile application development, iphone app development, android app development, augmented reality, virtual reality, mobile application consulting, healthcare apps, mobile bi, artificial intelligence, enterprise mobility solutions, 3d modeling, unity 3d, computer vision, image analysis, blockchain, machine learning, crypto exchange, e learning, metaverse, game development, it staffing, generative ai, it services & it consulting, ai development, mobile app development, blockchain solutions, metaverse applications, saas development, dedicated developers, staff augmentation, artificial intelligence solutions, machine learning development, natural language processing, predictive analytics, chatbot integration, augmented reality development, virtual reality development, smart contract development, crypto exchange development, nft marketplace development, cross-platform development, ios app development, react native development, custom crm development, ai-based recommendation engine, ai in healthcare, ai in finance, ai in education, iot solutions, cloud computing solutions, data engineering, devops services, user experience design, digital transformation, automation solutions, field services management, e-commerce solutions, remote team management, ai-powered chatbots, 24/7 customer support solutions, industry-specific solutions, smart devices integration, real-time analytics solutions, ai for marketing, blockchain development services, offshore development center, ai consulting services, custom software solutions, digital product development, software development, ai solutions, blockchain technology, internet of things, custom digital solutions, startup support, enterprise solutions, ecommerce apps, healthcare applications, education technology, fintech solutions, saas applications, user-centric design, scalable applications, innovative technology, global presence, customer-centric approach, immersive experiences, technical expertise, project management, quality assurance, customer engagement, business growth, technology integration, competitive advantage, digital innovation, information technology & services, computer games, games, consumers, computer software, staffing & recruiting, enterprise software, enterprises, b2b, consumer internet, internet, e-learning, education management, productivity",http://www.linkedin.com/in/devendersagar,http://www.quytech.com,http://www.linkedin.com/company/quytech,https://www.facebook.com/Quytech,https://twitter.com/quytech,"",Delhi,India,"Gurugram, Haryana, India, 122016",Gurugram,Haryana,India,'+91 70422 95974,Quytech is a leading digital transformation and mobile app development company that brings change to your business with its robust AI-first approach.,"Gmail, Google Apps, Hostgator, Amazon SES, Zoho SalesIQ, YouTube, DoubleClick, Google Font API, reCAPTCHA, Adobe Media Optimizer, Vimeo, DoubleClick Conversion, Facebook Custom Audiences, Facebook Widget, Hotjar, Google Dynamic Remarketing, Bootstrap Framework, WordPress.org, Mobile Friendly, Facebook Login (Connect), Google Play, Google Tag Manager, Cedexis Radar, React, Apache, Linkedin Marketing Solutions, Google Analytics, Google AdWords Conversion, Android, Python, AI",6026000,"","","","",true,false,false,false,false,"",671385e3e7052f0001408b1e,671385e3e7052f0001408b27,devender147@gmail.com,Apollo,"","","","","",""
Nurit,Gurkov,Chief Financial Officer,SALT Lending,SALT Lending,nurit.gurkov@saltlending.com,Verified,Apollo,"",Catch-all,2025-02-03T20:06:36+00:00,C suite,"C-Suite, Finance",tyquese@elinkrecruiting.com,"","","",'+1 720-457-2288,"",Approaching,crypto,2025-02-23T07:58:38+00:00,tyquese@elinkrecruiting.com,42,financial services,"lending, investing, digital assets, bitcoin, blockchain, crypto, financial services, blockchain education, ethereum, financial technology, broker dealer, custody, blockchains, blockchain / cryptocurrency, consumer lending, crypto-backed loans, personal loans, business loans, stablecoin financing, asset-backed loans, loan-to-value ltv, crypto collateral, financial inclusion, no credit check, fixed rates, mobile app for loans, treasury management solution, hodl strategy, flexible loan terms, digital asset management, low interest rates, crypto volatility management, loan customization, quick loan approval, institutional-grade storage, liquidity solutions, multicollateral loans, crypto asset security, retail crypto lending, online loan application, financial strategy for crypto, real-time loan monitoring, crypto lending technology, crypto-backed business financing, decentralized finance solutions, fintech innovation, stablecoin loans, risk mitigation, financial empowerment, regulatory compliance, wealth preservation, cryptocurrency custody, private lending, business growth financing, customer support for loans, tax efficient lending, emergency liquidity solutions, online loan servicing, p2p lending, advanced security features, investment opportunities in crypto, financial technology services, crypto trading support, investment diversification, cryptocurrency, finance technology, information technology & services",http://www.linkedin.com/in/nurit-gurkov-cpa,http://www.saltlending.com,http://www.linkedin.com/company/saltlending,http://facebook.com/SALTLENDING/,https://twitter.com/SALTLending,New York,New York,United States,"600 17th St, Denver, Colorado, United States, 80202-3333",Denver,Colorado,United States,'+1 720-457-2288,"For fast, secure bitcoin-backed loans, individuals and businesses trust SALT Lending to leverage their crypto assets for wealth opportunities since 2016.","Cloudflare DNS, Amazon SES, Mailchimp Mandrill, Postmark, Gmail, Google Apps, Microsoft Office 365, Zendesk, CloudFlare Hosting, VueJS, Atlassian Cloud, OneTrust, React, Hubspot, Google Tag Manager, HeapAnalytics, YouTube, Google Play, Disqus, WordPress.org, Google Analytics, Vimeo, Greenhouse.io, Google Font API, Mobile Friendly, Remote, Basis, AI",3012000,65900000,Other,64400000,2023-02-01,true,false,false,false,false,"",6713871638c3560001e2b9cd,6713871638c3560001e2b9d7,"","","","","","","",""
Hani,Mounla,Software Engineer,Syndica,Syndica,hani.mounla@syndica.io,Verified,Apollo,"",Not Catch-all,2025-01-25T08:41:21+00:00,Entry,Engineering & Technical,tyquese@elinkrecruiting.com,"","","",'+1 281-910-5381,"",Unresponsive,crypto,2024-12-09T04:04:07+00:00,tyquese@elinkrecruiting.com,24,information technology & services,"solana, infrastructure, rpc infrastructure, blockchain, software development, solana rpc, dapp deployment, custom apis, chainstream api, validator services, real-time notifications, fault-tolerant infrastructure, load-balanced rpc nodes, developer experience, scalable infrastructure, transaction monitoring, api key management, analytics dashboard, high-speed connections, dynamic nft trading, web3 infrastructure, performance optimization, api access control, event streaming, automated order execution, real-time transaction updates, user demographics, cohort analysis, structured logging, developer tools, cloud deployment, github integration, dockerfile configuration, observability tools, fault tolerance, high uptime, rpc request analytics, streaming apis, blockchain transaction notifications, user journey tracking, metadata analysis, deployment automation, scalable node infrastructure, transaction speed optimization, restful apis, real-time data feed, decentralized applications, open-source validator, readable codebase, zig programming, community contributions, enterprise-grade solutions, digital ecosystem, client diversity, transaction per second (tps) improvement, information technology & services, enterprise software, enterprises, computer software, b2b",http://www.linkedin.com/in/hani-mounla-46132bab,http://www.syndica.io,http://www.linkedin.com/company/syndica-io,"",https://twitter.com/syndica_io,Dubai,Dubai,United Arab Emirates,"2700 Post Oak Boulevard, Houston, Texas, United States, 77056",Houston,Texas,United States,'+1 281-910-5381,Syndica provides scalable RPC node infrastructure for the Solana blockchain. Get started with 10M free RPC calls.,"Route 53, Gmail, Google Apps, Amazon AWS, CloudFlare, Hubspot, StatusPage IO, YouTube, Bootstrap Framework, Mobile Friendly, Google Tag Manager, Node.js, , Docker, Android, Python, , Basis, Circle, Remote, AI","",8000000,Seed,8000000,2021-11-01,true,false,false,false,false,"",671365daec4ba6000107e160,671365cb6550a70001000342,"","","","","","","",""
Tomo,Tagami,Co-founder / CEO,Pheasant Network,Pheasant Network,tomo_tagami@pheasant.network,Verified,Apollo,"",Catch-all,2025-02-11T07:28:41+00:00,Founder,C-Suite,tyquese@elinkrecruiting.com,"","","","","",Unresponsive,crypto,2024-12-16T02:52:27+00:00,tyquese@elinkrecruiting.com,6,information technology & services,"ethereum, layer 2, interoperability, layer 3, public goods, zkrollup, zero knowledge proof, software development, cryptocurrency, information technology & services",http://www.linkedin.com/in/tomohiro-tagami,http://www.pheasant.network,http://www.linkedin.com/company/pheasant-network,"","",Singapore,"",Singapore,"","","","","",Pheasant Network is an optimistic bridge specialized for Layer 2.,"Gmail, Google Apps, Mobile Friendly, Google Tag Manager, Braintree","","","","","",true,false,false,false,false,"",67136c3198bed2000145b999,67136c3198bed2000145b99b,"","","","","","","",""
R,K,Group Chief Operating Officer | Chief Strategy Officer,YC Ventures,YC Ventures,rk@ycray.com,Verified,Apollo,"",Catch-all,2025-01-31T08:20:04+00:00,C suite,"C-Suite, Information Technology, Operations",tyquese@elinkrecruiting.com,"","","","","",Unresponsive,crypto,2024-12-12T05:22:12+00:00,tyquese@elinkrecruiting.com,5,financial services,"venture capitalist & marine investment, investing, maritime industry, sustainable growth, innovation, technology integration, data empowerment, automation solutions, customer-centric approach, business practices, environmental stewardship, green technologies, marine ecosystems, industry leadership, productivity improvement, eco-friendly solutions, transformative power, responsible practices, dynamic company, diversified portfolio, investment strategy, future vision, corporate ethos, cutting-edge solutions, informed decisions, sustainable future, dedicated professionals, core values, integrity, excellence, operational efficiency, economic sustainability, risk management, client empowerment, performance enhancement, market growth, resource optimization, strategic planning, business development, renewable resources, environmental impact, social responsibility, technological advancements, sector diversification, futures investment, profitability enhancement, b2b",http://www.linkedin.com/in/rks15,http://www.ycventure.us,http://www.linkedin.com/company/ycventures,"","",Dubai,Dubai,United Arab Emirates,"Dubai, Dubai, United Arab Emirates",Dubai,Dubai,United Arab Emirates,"","","Cloudflare DNS, Outlook, Microsoft Office 365, CloudFlare Hosting, Paddle, Mobile Friendly","","","","","",true,false,false,false,false,"",67136edd2b8518000199ddb5,67136edd2b8518000199ddb6,"","","","","","","",""
Stuart,Morrison,Chief Executive Officer,Crypto Snack 🍩,Crypto Snack 🍩,stuart@cryptosnacks.org,Verified,Apollo,"",Not Catch-all,2025-02-03T11:51:39+00:00,C suite,C-Suite,tyquese@elinkrecruiting.com,"","","","","",Approaching,crypto,2025-02-25T23:02:51+00:00,tyquese@elinkrecruiting.com,7,information technology & services,"crypto, environment, technology, cryptocurrency, finance, defi, decentralized, technology, information & internet, utility token, snack token, igaming, blockchain technology, real estate investment, sports engagement, payment solutions, tokenomics, community-driven, referral programs, passive income, stable investment, digital wallets, crypto payments, nft integration, affordable investments, exclusive events, tokenized assets, sports betting, financial returns, social impact investing, virtual experiences, gaming benefits, crypto exchanges, bep-20, inflation protection, compliance, partnerships, security measures, decentralized ownership, vip access, gaming industry, exclusive merchandise, marketplace, customer loyalty, investment strategies, risk management, transparent operations, sports franchises, digital asset trading, blockchain integration, holdings management, community growth, innovative technology, enhanced user benefits, global reach, financial services, information technology & services",http://www.linkedin.com/in/stuart-morrison-8063a5143,http://www.cryptosnacks.org,http://www.linkedin.com/company/crypto-snacks,"",https://twitter.com/cryptosnack_,Barcelona,Catalonia,Spain,"Barcelona, Catalonia, Spain, 08005",Barcelona,Catalonia,Spain,"","Integrated with over 800 platforms, our solution ensures fast, secure, and efficient transactions for businesses and consumers across the globe","Cloudflare DNS, SendInBlue, Gmail, Google Apps, CloudFlare Hosting, Mobile Friendly, Google Analytics, Media.net, Woo Commerce, Google Tag Manager, Typekit, YouTube, Google Font API, reCAPTCHA, WordPress.org, Semrush","",50000000,Venture (Round not Specified),50000000,2022-07-01,true,false,false,false,false,"",67138340158312000119f38c,67138340158312000119f396,"","","","","","","",""
Shubham,Chopra,Digital Marketing Manager,WisewayTec,WisewayTec,shubham.chopra@wisewaytec.com,Verified,Apollo,"",Not Catch-all,2025-02-17T14:52:11+00:00,Manager,Marketing,tyquese@elinkrecruiting.com,"","","",'+91 79733 57241,"",Unresponsive,crypto,2025-02-21T20:17:34+00:00,tyquese@elinkrecruiting.com,22,information technology & services,"web3, smart contracts, dapps, crypto banking, defi development, nft, marketing, crypto exchange, blockchain development, token development, community building, crypto marketing, it services & it consulting, dapp development, crypto exchange development, crypto token development, smart contract development, web3 development, nft marketplace development, metaverse development, decentralized applications, p2p crypto exchange, white label solutions, blockchain consulting, digital wallet development, tokenization services, defi solutions, nft development, blockchain technology integration, ai & blockchain, custom blockchain solutions, enterprise blockchain, agile development, blockchain governance, cross-chain solutions, supply chain management blockchain, healthcare blockchain solutions, real estate blockchain, financial services blockchain, gaming blockchain development, cybersecurity solutions for blockchain, insurance blockchain solutions, data privacy & blockchain, smart contracts for healthcare, scalable blockchain solutions, stablecoin development, decentralized finance (defi), gaming tokens, asset backed tokens, ico/ieo services, nft token development, token burn & minting, blockchain for logistics, blockchain infrastructure, crypto trading solutions, blockchain smart contracts, erc standards for tokens, hyperledger solutions, solidity development, ethereum smart contracts, information technology & services",http://www.linkedin.com/in/chopra-shubham,http://www.wisewaytec.com,http://www.linkedin.com/company/wisewaytec,"","",Chandigarh,Chandigarh,India,"C-155, Sahibzada Ajit Singh Nagar, Punjab, India, 160055",Sahibzada Ajit Singh Nagar,Punjab,India,'+91 79733 57241,"WisewayTec offers top-notch Web3 and blockchain solutions. Drive innovation, transform your business, and achieve success with our development services.","Cloudflare DNS, MailJet, CloudFlare Hosting, WordPress.org, Mobile Friendly, Google Tag Manager, reCAPTCHA","","","","","",true,false,false,false,false,"",671384c80d70540001490139,671384c80d70540001490142,"","","","","","","",""
Andrew,Chung,Chief Financial Officer,FACTBLOCK,FACTBLOCK,andrew.chung@factblock.com,Verified,Apollo,"",Not Catch-all,2025-02-25T02:19:42+00:00,C suite,"C-Suite, Finance",tyquese@elinkrecruiting.com,"","","",'+82 2-525-0707,"",Unresponsive,crypto,2024-11-03T23:15:14+00:00,tyquese@elinkrecruiting.com,23,information technology & services,"korea blockchain week, kbw, advisory, consulting, web3, web30, blockchain, crypto, p2e, apptech, fablo, blockchain services, ecosystem builder, community hub, online platform, event planning, node validator service, consulting services, pr services, marketing, institutional adoption, blockchain security, event organization, networking, media partnerships, crypto education, immersive experiences, community engagement, blockchain innovation, global brand platform, industry insights, delegated staking, workshops, collaboration, curated content, learning materials, event logistics, stakeholder connections, immersive quests, c-level networking, industry leadership, business development, expansion strategy, crypto projects, community outreach, peer-to-peer learning, brand presence, consulting expertise, dynamic space, knowledge sharing, festival organization, event curation, digital transformation, industry standards, expert team, marketing strategies, information technology & services, events services, management consulting, b2b, marketing strategy, marketing & advertising",http://www.linkedin.com/in/andrew-chekwon-chung-303a28139,http://www.factblock.com,http://www.linkedin.com/company/factblock,https://www.facebook.com/factblock/,"","","",South Korea,"Seoul, South Korea",Seoul,"",South Korea,'+82 2-525-0707,Web3 Ecosystem Builder,"Route 53, Gmail, Google Apps, Nginx, Bootstrap Framework, Vimeo, Shopify, Mobile Friendly, AI","","","","","",true,false,false,false,false,"",6713871638c3560001e2b9ca,6713871638c3560001e2b9d5,"","","","","","","",""
Jeffrey,Caron,CFO,Eco Inc.,Eco,jcaron@eco.com,Verifying,Apollo,"",Not Catch-all,"",C suite,"C-Suite, Finance",tyquese@elinkrecruiting.com,"","","","","",Cold,crypto,"",tyquese@elinkrecruiting.com,15,information technology & services,"blockchain, payments, web3, intents, middleware, layer 2, rollup, optimism, base, crypto, cryptocurrency, stablecoins, digital dollars, usdc, usdt, tether, usd coin, bend, wallet, p2p, layer 1, ethereum, technology, information & internet, financial services, information technology & services",http://www.linkedin.com/in/jeffrey-caron-91626163,http://www.eco.com,http://www.linkedin.com/company/eco-incorp,"","",Boston,Massachusetts,United States,"","","","","","","","","","","","","",false,false,false,false,"",671387dc3b2d4c0001c0756e,671387dc3b2d4c0001c0758a,"","","","","","","",""
Alan,Ford,Partner - Crypto Investigations,Crypto Investigators,Crypto Investigators,alan.ford@cryptosec.com,Verified,Apollo,"",Catch-all,2025-02-05T06:18:10+00:00,Partner,"",tyquese@elinkrecruiting.com,"","","","","",Approaching,crypto,2025-02-24T02:05:56+00:00,tyquese@elinkrecruiting.com,5,security & investigations,"blockchain investigations, cryptocurrency tracing, crypto assets recovery, cryptocurrencies, cryptocurrency examinations, expert witness, crypto, crypto investigations, crypto forensics, investigations, blockchain, digital assets recovery, cryptocurrency investigations, crypto tracing, digital assets investigations, blockchain forensics, blockchain analysis, blockchain analytics, crypto examinations",http://www.linkedin.com/in/alan-ford,http://www.cryptoinvestigators.com,http://www.linkedin.com/company/crypto-investigators,"",https://twitter.com/cryptosec,Amsterdam,North Holland,Netherlands,"New York, New York, United States",New York,New York,United States,"",Unlock the mysteries of crypto crimes with Crypto Investigators. Trust in our extensive global investigation expertise to safeguard your digital assets.,"Cloudflare DNS, CloudFlare Hosting, Gmail, Google Apps, WordPress.org, Shutterstock, reCAPTCHA, Google Font API, Mobile Friendly, Google Maps, Google Tag Manager, DoubleClick, Basis","","","","","",true,false,false,false,false,"",671362d6fc6e000001ed61d9,671362d6fc6e000001ed61e2,"","","","","","","",""
Eugenia,Dabu,"",ING,ING,eugenia.dabu@ing.com,Verified,Apollo,"",Catch-all,2025-01-14T05:56:05+00:00,"","",tyquese@elinkrecruiting.com,"","","",'+31 20 576 6369,"",Cold,crypto,"",tyquese@elinkrecruiting.com,68000,banking,"banking, personal banking, wholesale banking, fintech, retail banking, online banking, private banking, mobile banking, mobile payments, innovation, agile, blockchain, sustainability, commercial banks, finance, investment banking, asset management, insurance, digital banking, customer experience, net-zero operations, corporate finance, specialized lending, wealth management, financial empowerment, customer-centric, digital transformation, sme solutions, personalized services, green finance, low-carbon future, financial inclusion, global presence, diverse customer base, operational efficiency, fintech partnerships, emotional connection, integrity, responsibility, economic progress, social responsibility, financial services, finance technology, information technology & services, internet, environmental services, renewables & environment, capital markets, investment management",http://www.linkedin.com/in/eugeniadabu,http://www.ing.com,http://www.linkedin.com/company/ing,https://facebook.com/ING,https://twitter.com/ing_news,Brussels,Brussels,Belgium,"104 Bijlmerdreef, Amsterdam, North Holland, Netherlands, 1102 CT",Amsterdam,North Holland,Netherlands,'+31 20 576 6369,Browse available job openings at ING,"Akamai, Akamai DNS, Outlook, CSC Corporate Domains, VueJS, Salesforce, Shutterstock, YouTube, Google Play, Cedexis Radar, Stripe, Vimeo, Adobe Media Optimizer, Google Font API, Mobile Friendly, Apache, WordPress.org, LiveRamp, Disqus, Google Tag Manager, Google Analytics, Bootstrap Framework, Twitter Advertising, Blueconic, BugHerd, DoubleClick Floodlight, Omniture (Adobe), Qualtrics, Taleo, Linkedin Marketing Solutions, Workday Recruit, DoubleClick, AI",17630000000,"",Other,"",1997-06-01,"",false,false,false,false,"",671363d5cd32240001049a6c,671363d5cd32240001049a77,"","","","","","","",""
Deborah,Andrea,Binary  and Forex trading strategist,Bitcoin and Cryptocurrency Hub,Bitcoin and Cryptocurrency Hub,deborah.andrea@coinbase.com,Verified,Apollo,"",Catch-all,2024-10-19T07:57:44+00:00,Entry,"",tyquese@elinkrecruiting.com,"","","","","",Unresponsive,crypto,2025-01-08T11:08:58+00:00,tyquese@elinkrecruiting.com,2,online media,"bitcoin, blockchain, bitcoin & blockchain, online audio & video media, cryptocurrency, online media",http://www.linkedin.com/in/deborah-andrea-a57498149,http://www.coinbase.com,http://www.linkedin.com/company/bchub,"","",Oslo,Oslo,Norway,"Nakashipara, West Bengal, India, 741154",Nakashipara,West Bengal,India,"","","","","","","","",true,false,false,false,false,"",671366756f73d00001af84e0,671366756f73d00001af84ee,"","","","","","","",""
Tatsuki,Yamatani,Software Engineer,Vancouver Bitcoin,Vancouver Bitcoin,tatsuki.yamatani@vancouverbitcoin.com,Verified,Apollo,"",Not Catch-all,2025-02-26T23:45:22+00:00,Entry,Engineering & Technical,tyquese@elinkrecruiting.com,"","","",'+1 604-559-9499,"",Unresponsive,crypto,2025-02-16T14:58:06+00:00,tyquese@elinkrecruiting.com,6,financial services,"crypto, exchange, bitcoin, ethereum, dogecoin, xrp, vancouver, cryptocurrency, crypto exchange, buy bitcoin, sell bitcoin, e-transfer, otc trading desk, crypto wallets, crypto education, bitcoin guides, crypto basics, cryptocurrency tax, bitcoin news, vancouver bitcoin, calgary bitcoin, surrey bitcoin, brick-and-mortar exchange, client support, live support, non-custodial, payment options, cash transactions, wire transfers, instant crypto purchase, secure transactions, price beat guarantee, competitive fees, best price guarantee, trade confidence, crypto safety, customer reviews, in-person transactions, expert advice, digital wallets, hardware wallets, cold storage, security measures, instant transactions, crypto trading support, cryptocurrency liquidity, private trades, high-net-worth clients, crypto asset management, multi-currency support, trading fees, customer satisfaction, crypto resources, beginner assistance, hands-on support, proven track record",http://www.linkedin.com/in/tatsuki-yamatani,http://www.vancouverbitcoin.com,http://www.linkedin.com/company/vancouverbitcoin,https://www.facebook.com/vancouverbitcoin,https://twitter.com/Vancouver_BTC,Vancouver,British Columbia,Canada,"1807 Burrard St, Vancouver, British Columbia, Canada, V6J 3G9",Vancouver,British Columbia,Canada,'+1 604-559-9499,"Get a crypto exchange for cash to cryptocurrency, Bitcoin near me in Vancouver. We offer our services in Edmonton, Victoria, and Calgary. Call 1604-559–9499","Route 53, Amazon SES, ElasticEmail, VueJS, WordPress.org, Hotjar, AdRoll, Google Font API, Google Tag Manager, Facebook Login (Connect), Mobile Friendly, Facebook Widget, Twitter Advertising, Nginx, Facebook Custom Audiences, React Native, Android, Node.js, Remote, Python, Render, Circle, Basis, Stamped, ADP, AI","","","","","",true,false,false,false,false,"",671366c59a60b7000118033d,671366756f73d00001af84f1,"","","","","","","",""
Andre,Flores,"Co-Founder, Product",Testnet Labs,Testnet Labs,andre@testnetlabs.com,New Data Available,Apollo,"",Catch-all,"",Founder,C-Suite,tyquese@elinkrecruiting.com,"","","","","",Approaching,crypto,2025-02-18T21:50:26+00:00,tyquese@elinkrecruiting.com,1,information technology & services,"cryptocurrency, ux design, blockchain, web app, startup, web3, android, ios, ui design, dao, nft, mobile app, product design, blockchain services, mobile, internet, information technology & services",http://www.linkedin.com/in/floresandre,http://www.testnetlabs.com,http://www.linkedin.com/company/testnetlabs,"",https://twitter.com/testnetlabsHQ,Vancouver,Washington,United States,"Vancouver, British Columbia, Canada",Vancouver,British Columbia,Canada,"","We're Testnet Labs Web3 solutions for problems IRL Join the movment Where web3 finds its true purpose We are technology group focused on creating web3 applications that will make our lives better.No fluff, no bs get-rich-quick schemes. Discover and Collect our Best Rare NFTs View on OpenSea Roadmap For Testnet Labs Our mission is to","Google Cloud Hosting, WordPress.org, Nginx, Mobile Friendly, Google Font API, AI, Flutter, Render, Reviews","","","","","",true,false,false,false,false,"",67136d19bd3c790509ceb86e,67136d19bd3c790509ceb875,dre.flo87@gmail.com,Apollo,"","","","","",""
Theo,Vorster,Co Founder and CEO,Galileo Capital Limited,Galileo Capital Limited,theo@galileocapital.co.za,Verified,Apollo,"","",2025-02-11T09:45:47+00:00,Founder,C-Suite,tyquese@elinkrecruiting.com,"","","","","",Unresponsive,crypto,2024-11-22T06:14:36+00:00,tyquese@elinkrecruiting.com,1,investment management,"angel investor, investment management, venture capitalist, financial services",http://www.linkedin.com/in/theo-vorster-88760b5a,http://www.galileocapital.com.au,http://www.linkedin.com/company/galileo-capital,"","",Johannesburg,Gauteng,South Africa,"","","","","","","","","","","","",true,false,false,false,false,"",67136f1c1695de000180bee7,67136f211695de000180bee9,"","","","","","","",""
Sanjeev,Sinha,Executive Director,Truedigital Ventures,Truedigital Ventures,sanjeev@tdventures.in,Verified,Apollo,"",Not Catch-all,2025-02-03T12:04:14+00:00,Director,"",tyquese@elinkrecruiting.com,"","","",'+91 80979 70588,"",Unresponsive,crypto,2025-01-10T03:04:47+00:00,tyquese@elinkrecruiting.com,6,financial services,"scaling, startups, unicorns, funding, venture capitalist, global funding, startup funding, investor network, pitch deck assistance, fundraising platform, investor introductions, mentor program, business incubation, equity funding, venture capital, startup visibility, entrepreneur mentorship, investor connections, curated startup listings, fundraising strategies, global investment opportunities, pitch refinement, success fee, seed funding, angel investors, business development, investment strategies, startup scaling, community of startups, tailored funding solutions, network growth, founder resources, market expansion support, investor outreach, startup ecosystem, innovation showcase, great unicorn show, start-up marketing, equity & debt funding, expert guidance, business operations, live online mentoring, industry-specific investors, transparent communication, access to funding, portfolio growth strategies, investment opportunities, customized mentorship, startup growth metrics, interactive sessions, startup hub, virtual investment platform, b2b",http://www.linkedin.com/in/sanjeev-sinha-028a68194,http://www.tdventures.in,http://www.linkedin.com/company/truedigital-consulting-india-pvt-ltd,"","",Bengaluru,Karnataka,India,"33 Bannerghatta Main Road, Bengaluru, Karnataka, India, 560083",Bengaluru,Karnataka,India,'+91 80979 70588,"TD Ventures fuels tomorrow's breakthroughs. We empower innovative startups with the funding, guidance, and connections they need to thrive.","YouTube, Quantcast, Nginx, Mobile Friendly, Facebook Widget, Facebook Custom Audiences, Google Font API, WordPress.org, Woo Commerce, Facebook Login (Connect)","","","","","",true,false,false,false,false,"",67136f5cb5627a000117f825,67136f486385390001fac129,"","","","","","","",""
Ignacio,Ferrer-Bonsoms,Chief Executive Officer,Blockchain Arbitration & Commerce Society,Blockchain Arbitration & Commerce Society,ignacio@bacsociety.com,Verified,Apollo,"",Not Catch-all,2025-02-21T10:51:04+00:00,C suite,C-Suite,tyquese@elinkrecruiting.com,"","","",'+34 910 18 29 46,"",Approaching,crypto,2024-12-27T12:44:13+00:00,tyquese@elinkrecruiting.com,11,government administration,"law, smart contracts, blockchain, crypto, legaltech, administration of justice, arbitration, international tribunal, quality seal, crypto complaints, networking, training, events, legal framework, decentralized solutions, private law, commercial arbitration, tokenization, community regulation, dispute resolution, membership benefits, legal compliance, crypto ecosystem, legal education, expert network, business practices, regulatory challenges, crypto assets, legal oracle, quality assurance, conflict resolution, bacs community, international trade, legal technology, business relationships, crypto security, crypto legislation, arbitrators, mediation, economic quality, legal quality, technical quality, crypto governance, aml/kyc policies, international arbitration, legal standards, compliance audits, smart contract enforcement, community interface, legal advocacy, bacsit tribunal, virtual jurisdiction, arbitration rules, government administration",http://www.linkedin.com/in/ignacio-ferrer-bonsoms-hern%c3%a1ndez-0b96209,http://www.bacsociety.com,http://www.linkedin.com/company/blockchain-arbitration-society,"","",Pamplona,Navarre,Spain,"Madrid, Community of Madrid, Spain",Madrid,Community of Madrid,Spain,'+34 910 18 29 46,"","Outlook, Adobe Media Optimizer, Cedexis Radar, WordPress.org, Nginx, reCAPTCHA, Mobile Friendly, Vimeo","","","","","",true,false,false,false,false,"",6713826217ee4e00017d815e,6713826217ee4e00017d8168,"","","","","","","",""
Davi,Lopes,Chief Executive Officer,Crypto Use,Crypto Use,davi@cryptouse.com.br,Verified,Apollo,"",Not Catch-all,2024-12-19T05:11:05+00:00,C suite,C-Suite,tyquese@elinkrecruiting.com,"","","","","",Unresponsive,crypto,2025-02-14T12:34:21+00:00,tyquese@elinkrecruiting.com,4,information technology & services,"criptomoeda, blockchain, web3, bitcoin, ethereum, pagamentos digitais, pagamentos com criptomoedas, blockchain services, cryptocurrency payments, payment gateway, point of sale, pos system, low transaction fees, accept bitcoin, usdt transactions, eth payments, btc integration, secure payment solutions, merchant services, digital payments, cryptocurrency solutions, seamless transactions, crypto adoption, payment integration, hassle-free payments, withdrawal via pix, real-time payments, brazilian market, custom payment options, cryptocurrency acceptance, financial technology, payment processing, business operations, customer transactions, innovative payment methods, crypto sub-acquirer, multi-currency support, secure transactions, digital currency, financial transparency, blockchain integration, evolution of payments, merchant partnerships, business efficiency, easy transactions, revolutionize payments, payment security, customer satisfaction, payment innovation, cryptocurrency ecosystem, stablecoin transactions, digital wallets, merchant onboarding, integration api, global payment solutions, payment scalability, cryptocurrency marketplace, cryptocurrency, information technology & services, pos, payments, financial services, b2b, enterprise software, enterprises, computer software, finance technology",http://www.linkedin.com/in/davilopes,http://www.cryptouse.io,http://www.linkedin.com/company/crypto-use,"",https://twitter.com/cryptousebr,Osasco,Sao Paulo,Brazil,"503 Alameda Rio Negro, Barueri, Sao Paulo, Brazil, 06454-000",Barueri,Sao Paulo,Brazil,"",Aceite Bitcoin em seu negócio com a Crypto Use. Com nosso PDV você recebe pagamentos em criptomoedas com Binance pay de uma forma simples e fácil e recebe suas vendas em PIX.,"Google Cloud Hosting, Mobile Friendly, Facebook Custom Audiences, Facebook Widget, Google Tag Manager, Facebook Login (Connect)","","","","","",true,false,false,false,false,"",6713838544f765000106f258,6713838544f765000106f265,"","","","","","","",""
Nikola,Klak,CEO,BCX.ba,BCX.ba,nikola.klak@bcx.ba,Verified,Apollo,"",Not Catch-all,2025-02-24T11:53:38+00:00,C suite,C-Suite,tyquese@elinkrecruiting.com,"","","","","",Unresponsive,crypto,2025-02-10T01:37:07+00:00,tyquese@elinkrecruiting.com,5,financial services,"blockchain, cryptoexchange, crypto, digitalasset, cryptocurrency exchange, digital wallet, bitcoin, ethereum, litecoin, tether, bitcoin cash, ethereum classic, cryptocurrency trading, secure transactions, instant trading, 24/7 support, crypto wallet, trading platform, cryptocurrency services, smart contracts, digital assets, market capitalization, customer support, regulated platform, cryptocurrency market, payment solutions, trade cryptocurrencies, bam currency, peer-to-peer trading, blockchain technology, crypto payments, staking services, crypto conversion, multi-currency support, api access, crypto investment, user-friendly interface, transaction fees, trade commissions, crypto app, mobile payment solutions, live cryptocurrency prices, crypto trading tools, financial education, community support, customer feedback, crypto news, real-time trading, frequent updates, market trends, performance analytics, investment strategies, user registration, identity verification, cryptocurrency",http://www.linkedin.com/in/nikola-klak-10204316,http://www.bcx.ba,http://www.linkedin.com/company/bcx-ba,https://www.facebook.com/bcxba/,https://twitter.com/bcxba,Banja Luka,Republika Srpska,Bosnia and Herzegovina,"Улица Краља Алфонса XIII, Banja Luka, Republika Srpska, Bosnia and Herzegovina, 78000",Banja Luka,Republika Srpska,Bosnia and Herzegovina,"","BCX.ba je prva platforma u Bosni i Hercegovini za kupovinu, prodaju, razmjenu, trgovanje, pohranu i upravljanje vašim kriptovalutama.","Route 53, Google Analytics, Bootstrap Framework, Google Play, Google Font API, Google Maps (Non Paid Users), DoubleClick Conversion, Nginx, reCAPTCHA, Facebook Custom Audiences, Facebook Login (Connect), Google Dynamic Remarketing, Facebook Widget, Mobile Friendly, Google Maps, Google Tag Manager, YouTube, DoubleClick, Remote","","","","","",true,false,false,false,false,"",6713838544f765000106f25a,6713838544f765000106f267,"","","","","","","",""
Alex,Slocum,Chief Executive Officer,GOPX Blockchain Currency,GOPX Blockchain Currency,aslocum@gameonplayers.com,Verified,Apollo,"",Not Catch-all,2025-02-10T09:06:36+00:00,C suite,C-Suite,tyquese@elinkrecruiting.com,"","","","","",Unresponsive,crypto,2024-11-06T17:40:09+00:00,tyquese@elinkrecruiting.com,2,information technology & services,"blockchain, megaverse, dao ecosystem, megafi, guilds, nfts, blockchain services, information technology & services",http://www.linkedin.com/in/gopfet,http://www.gopxmegaverse.com,http://www.linkedin.com/company/gopxmegaverse,"","",Beverly Hills,California,United States,"3350 SW 148th Ave, Miramar, Florida, United States, 33027-3200",Miramar,Florida,United States,"","","","","","","","",true,false,false,false,false,"",6713838544f765000106f25b,6713838544f765000106f268,"","","","","","","",""
Thomas,Yan,Assistant Digital Marketing Manager,UD Blockchain,UD Blockchain,thomasyan@ud.hk,Verified,Apollo,"",Not Catch-all,2025-02-06T05:00:03+00:00,Manager,Marketing,tyquese@elinkrecruiting.com,"","","",'+852 2554 7545,"",Approaching,crypto,2025-02-27T09:36:50+00:00,tyquese@elinkrecruiting.com,530,information technology & services,"domain name, cloud server, network security, web, email hosting, antiddos, virtualization, live streaming, china solution, managed security service provider, internet security, dedicated server hosting, data security, firewall, content delivery network, data centers, cloud firewall, china routing, cdn, cloud hosting, cloud si, multi cloud, penetration test, cve, opencloud, china cdn, cloud computing, it services & it consulting, blockchain, baas, decentralized finance, defi solutions, nft development, smart contract, blockchain security, validator hosting, multi-chain support, token swap, gaming, gamefi, tokenomics, hybrid blockchain, private blockchain, public blockchain, blockchain infrastructure, enterprise solutions, cryptocurrency payments, cross-chain integration, blockchain consulting, application development, financial technology, digital assets, cybersecurity, node hosting, marketplace solutions, low latency, scalable network, blockchain ecosystem, custom blockchain, cryptocurrency wallet, digital identity, domain registration, ai integration, data encryption, scalability, high availability, managed services, penetration testing, vulnerability scanning, smart contract audit, token launchpad, identity verification, asset tokenization, real-time transactions, community governance, information technology & services, computer & network security, internet service providers, enterprise software, enterprises, computer software, b2b, games, app development, apps, software development, finance technology, financial services",http://www.linkedin.com/in/thomas-yan-0a62291a4,http://www.ud.hk,http://www.linkedin.com/company/udhk,https://www.facebook.com/udblockchain,"",Hong Kong,"",Hong Kong,"18 Hung To Rd, Kowloon, Hong Kong","",Kowloon,Hong Kong,'+852 2554 7545,"UD is a BaaS provider, cover solutions of infrastructure, RPC node, private blockchain, DeFi, GameFi, NFT, marketplace, metaverse, security, and more","Gmail, Outlook, Google Apps, SendInBlue, Zendesk, CloudFlare, React Redux, React, Mobile Friendly, Google Dynamic Remarketing, Google Tag Manager, DoubleClick, Google Analytics, DoubleClick Conversion, Linkedin Marketing Solutions, YouTube, Stripe, Google AdWords Conversion, Google Remarketing, Google AdSense, Bootstrap Framework, WordPress.org, Google Font API","","","","","",true,false,false,false,false,"",67138591c72f4000010d6506,67138591c72f4000010d6514,"","","","","","","",""
Anne,Balkisson,Chief Financial Officer,Saxon,Saxon,abalkisson@saxon.ky,Verifying,Apollo,"","","",C suite,"C-Suite, Finance",tyquese@elinkrecruiting.com,"","","","","",Cold,crypto,"",tyquese@elinkrecruiting.com,30,financial services,"blockchain, icos, utility tokens, security tokens, exchange listings, investment, research, corporate finance, valuation, venture capital, crypto, defi, banking, investment banking, investor, cryptocurrency, web3, advisory services, investment firm, startups, token sale, private placements, staking as a service, nodes as a service, digital asset ecosystem, financial performance analytics, asset custody, validator maintenance, network infrastructure, technical advice, early-stage projects, crypto investments, capital raising, institutional investors, passive income, node hosting, network security, decentralized finance, crypto advisory, asset management, financial economics, performance insights, node operation, investment strategy, technology-driven, crypto asset management, blockchain technology, entrepreneurship, crypto networks, business development, crypto compliance, fundraising, risk management, investment opportunities, validator rewards, network growth, technical support, crypto advisory services, financial services, capital markets, computer & network security, information technology & services, b2b, fund-raising",http://www.linkedin.com/in/anne-balkisson-12714541,http://www.saxon.xyz,http://www.linkedin.com/company/saxonxyz,"",https://twitter.com/saxonxyz,"","",Cayman Islands,"8 Gatliff Road, England, United Kingdom, SW1W 8DT","",England,United Kingdom,"",Saxon is a technology-driven advisory and investment firm that serves start-ups and institutions that operate within the Web3 & cryptocurrency ecosystem.,"Cloudflare DNS, Outlook, CloudFlare Hosting, Google Tag Manager, Cloudinary, Mobile Friendly, Vimeo, Render, Metamask, Remote, AI","","","","","","",false,false,false,false,"",671387dc3b2d4c0001c0757d,671387dc3b2d4c0001c07592,"","","","","","","",""
Jeff,Butler,Chief Financial Officer,Orbital,Orbital,jeff.butler@getorbital.com,Verifying,Apollo,"",Catch-all,"",C suite,"C-Suite, Finance",tyquese@elinkrecruiting.com,"","","",'+44 20 3807 5060,"",Cold,crypto,"",tyquese@elinkrecruiting.com,260,financial services,"fintech b2b currency accounts crossborder payments crypto currencies, neobanking, pooled accounts, orbital accounts, payments, foreign exchange, otc trading, crypto gateway, payment api, payment link, stablecoin payments, corporate treasury solutions, multi-currency accounts, crypto payment processing, real-time payments, instant payment approvals, risk management tools, cryptocurrency custody, automated conversions, blockchain payments, fiat to crypto exchange, cross-border transactions, dedicated ibans, global payment solutions, financial crime expertise, regulatory compliance, stablecoin transaction, digital asset services, banking as a service, eft payments, crypto deposit acceptance, embedded payment solutions, low-cost transactions, transaction monitoring, multi-asset platforms, digital treasury management, innovative banking solutions, real-time currency exchange, automated invoicing, high-volume transaction processing, cryptocurrency trading, integrated payment solutions, api integration, turnkey payment solutions, transaction segmentation, exotic currency markets, trusted cloud provider, financial analytics, stablecoin dashboard, client fund segregation, cybersecurity compliance, financial services",http://www.linkedin.com/in/jeff-butler-095a6119,http://www.getorbital.com,http://www.linkedin.com/company/orbital-finance,"","","","",Isle of Man,"1 Silex Street, London, England, United Kingdom, SE1 0DW",London,England,United Kingdom,'+44 20 3807 5060,"We bridge the gap between traditional and crypto financial solutions, providing a regulated, secure and frictionless experience for global businesses.","Route 53, Gmail, Google Apps, Amazon AWS, CloudFlare, Hubspot, Webflow, Google Tag Manager, DoubleClick, Facebook Widget, AdRoll, Linkedin Marketing Solutions, Google Dynamic Remarketing, Cloudinary, Facebook Custom Audiences, Ruby On Rails, Facebook Login (Connect), DoubleClick Conversion, New Relic, Mobile Friendly, Hotjar, Typekit, Remote, AI","",6373350,Other,6373350,2023-08-01,"",false,false,false,false,"",671387dc3b2d4c0001c07583,671387dc3b2d4c0001c07596,"","","","","","","",""
Benjamin,Casebolt,Co Founder & Managing Partner,Crypto Empire LLC,Crypto Empire,benjamin@empirebit.com,Verified,Apollo,"",Catch-all,2024-10-19T08:35:54+00:00,Founder,C-Suite,tyquese@elinkrecruiting.com,"","","","","",Unresponsive,crypto,2025-02-17T06:25:10+00:00,tyquese@elinkrecruiting.com,2,capital markets,"crypto currency development, crypto currency trading, crypto currency mining",http://www.linkedin.com/in/benjamin-casebolt-71343462,http://www.empirebit.com,http://www.linkedin.com/company/affordable-tax-service,"","",Kansas City,Missouri,United States,"NW St Clair Ct, Kansas City, Missouri, United States, 64151",Kansas City,Missouri,United States,"","","SMTP.com, GoDaddy Hosting, Mobile Friendly, Google Font API, Apache, WordPress.org, AI","","","","","",true,false,false,false,false,"",67136f5cb5627a000117f824,67136f5cb5627a000117f829,benjamincasebolt@gmail.com,Apollo,"","","","","",""
Alfredo,Marquez,CFO,Spyral labs,Spyral labs,alfredo@spyral-labs.xyz,New Data Available,Apollo,"",Not Catch-all,"",C suite,"C-Suite, Finance",tyquese@elinkrecruiting.com,"","","","","",Unresponsive,crypto,2024-11-06T20:56:07+00:00,tyquese@elinkrecruiting.com,9,information technology & services,"nft, crypto, blockchain, technology, information & internet, information technology & services",http://www.linkedin.com/in/alfredomarquez,http://www.spyral-labs.xyz,http://www.linkedin.com/company/spyral-labs,"","",Bogota,Bogota,Colombia,"56 Carrera 6 116, Bogota, Bogota, Colombia, 110111",Bogota,Bogota,Colombia,"","","Gmail, Google Apps","","","","","",true,false,false,false,false,"",67138699af7ec000019ee26d,67138699af7ec000019ee27d,"","","","","","","",""
Dor,Maman,Chief Financial Officer,XBO.com,XBO.com,dor@xbo.com,Verified,Apollo,"",Not Catch-all,2025-02-06T14:56:54+00:00,C suite,"C-Suite, Finance",tyquese@elinkrecruiting.com,"","","","","",Unresponsive,crypto,2025-02-17T03:14:05+00:00,tyquese@elinkrecruiting.com,43,financial services,blockchain technologies & crypto,http://www.linkedin.com/in/dor-maman-a983a3105,http://www.xbo.com,http://www.linkedin.com/company/xbo-com,"","","","",Cyprus,"Warsaw, Masovian Voivodeship, Poland",Warsaw,Masovian Voivodeship,Poland,"","","Cloudflare DNS, Rackspace MailGun, Outlook, Microsoft Office 365, CloudFlare Hosting, Google Analytics, Mobile Friendly, Facebook Login (Connect), Trustpilot, Bootstrap Framework, Twitter Advertising, Facebook Widget, Vimeo, Google Tag Manager, reCAPTCHA, Facebook Custom Audiences","","","","","",true,false,false,false,false,"",67138699af7ec000019ee27a,67138699af7ec000019ee285,"","","","","","","",""
Jim,Maccallum,Chief Financial Officer,Argo Blockchain,Argo Blockchain,jim@argoblockchain.com,Verifying,Apollo,"",Not Catch-all,"",C suite,"C-Suite, Finance",tyquese@elinkrecruiting.com,"","","",'+44 20 3553 1276,"",Cold,crypto,"",tyquese@elinkrecruiting.com,25,information technology & services,"cryptocurrency, mining, cryptomining, finance: consumer services, finance, technology, information & media, bitcoin mining, cryptocurrency mining, blockchain technology, data centers, energy optimization, renewable energy, hydro power, wind energy, hasrate capacity, financial technology, crypto facilities, sustainable mining, data center infrastructure, grid balancing, clean energy transition, investor relations, power capacity, digital assets, energy efficiency, profitability, smart contracts, engineering, agility, innovation, work culture, employee engagement, team development, environmental impact, market strategy, business development, capital markets, energy utilities, financial services, cryptocurrency exchange, digital financial ecosystem, renewable grid, agile operations, operational excellence, mining facilities, mining optimization, infrastructure investment, mining operations, technological innovation, financial governance, international banking, energy resources, flexible load management, green technology, investor education, sustainable practices, mining-as-a-service, institutional investors, environmental responsibility, large-scale operations, quebec, texas, transparency, community engagement, decentralized finance (defi), web 3.0, gamefi, custom mining machines, immersion mining, grid stability, cryptocurrency ecosystem, financial performance, market volatility, leadership changes, hosting agreements, nasdaq compliance, information technology & services, internet service providers, clean energy & technology, environmental services, renewables & environment, finance technology, b2b",http://www.linkedin.com/in/jimmaccallum,http://www.argoblockchain.com,http://www.linkedin.com/company/argoblockchain,https://facebook.com/argomining,https://twitter.com/ArgoBlockchain,West Vancouver,British Columbia,Canada,"27-28 Eastcastle Street, England, United Kingdom, W1W 8DH","",England,United Kingdom,'+44 20 3553 1276,"Argo Blockchain (LSE: ARB NASD:ARBK), leader in Bitcoin Mining & Blockchain Technology. A pioneer in using renewable power & innovation in Blockchain Technology","Cloudflare DNS, Gmail, Google Apps, Amazon AWS, YouTube, Google Font API, Mobile Friendly, Google Tag Manager, WordPress.org, Google Analytics, Circle, Remote, Basis",59660000,282161740,Other,5345340,2024-12-01,"",false,false,false,false,"",671387dc3b2d4c0001c07573,671387dc3b2d4c0001c0758d,"","","","","","","",""
Nalaka,Gamage,Chief Financial Officer,Wintermute,Wintermute,nalaka.gamage@wintermute.com,Verifying,Apollo,"",Not Catch-all,"",C suite,"C-Suite, Finance",tyquese@elinkrecruiting.com,"","","",'+44 800 797 3141,"",Cold,crypto,"",tyquese@elinkrecruiting.com,130,financial services,"algorithmic trading, cryptocurrency, crypto exchanges, highfrequency making, quantitative trading, crypto projects, crypto liquidity, software development, algorithms development, trading applications development, high frequency trading, crypto exchange, crypto arbitrage, ieo, defi, cefi, programmatic trading, technology, security, internet, information technology, digital assets, liquidity provision, otc trading, spot trading, derivatives, market making, centralized exchanges, decentralized exchanges, trading platforms, crypto markets, high-frequency trading, crypto derivatives, financial technology, trading volume, investment strategies, market efficiency, trading infrastructure, blockchain, crypto investments, volatility management, risk management, institutional trading, cfds, token liquidity, crypto market analysis, otc desk, cross-platform trades, crypto builders bootcamp, liquid markets, regulatory compliance, fca registered, trading analytics, gift tokenization, crypto partnerships, dca trading, digital asset indices, over-the-counter markets, wholesale trading, partnership development, portfolio management, trading execution, crypto asset management, venture capital, venture funding, investor relations, cryptocurrency exchanges, decentralized finance, financial institutions, trading solutions, blockchain ecosystem, venture investments, professional trading, institutional clients, competitive pricing, efficient markets, proprietary trading, technology-driven, innovation, global presence, sophisticated investors, defi projects, crypto market expertise, liquidity support, advanced trading tools, customer satisfaction, tailored solutions, cryptocurrency liquidity provider, information technology & services, finance technology, financial services",http://www.linkedin.com/in/nalaka-gamage-38075662,http://www.wintermute.com,http://www.linkedin.com/company/wintermute-trading,"",http://www.twitter.com/wintermutecorp,"",England,United Kingdom,"4-5 Bonhill Street, London, England, United Kingdom, EC2A 4BX",London,England,United Kingdom,'+44 800 797 3141,A leading algorithmic trading firm focused on building liquid and efficient markets in digital assets.,"Route 53, Gmail, Google Apps, Hubspot, Lever, Linkedin Marketing Solutions, Wix, Google Tag Manager, Mobile Friendly, WordPress.org, Varnish, , Render, Python, Remote",1500000,22800000,Series B,20000000,2021-01-01,"",false,false,false,false,"",671387dc3b2d4c0001c07576,671387dc3b2d4c0001c0758f,"","","","","","","",""
Mario,Leoni,Co-Founder & Chief Product Officer (CPO),pier wallet,pier wallet,mario@nobank.one,Verified,Apollo,"","",2025-02-26T06:22:40+00:00,Founder,"C-Suite, Product",tyquese@elinkrecruiting.com,"","","","","",Approaching,crypto,2025-02-26T23:11:29+00:00,tyquese@elinkrecruiting.com,5,information technology & services,"blockchain, wallet as a service, smart contracts, nfts, token, account abstraction, polygon, zksync, it services & it consulting, wallet-as-a-service, blockchain integration, self-custody, erc-4337, api integration, sdk, user onboarding, no gas fees, multi-signature, multi-party computation, biometric logins, social logins, token distribution, nft management, customizable design, security solutions, transaction batching, dashboard analytics, white label solutions, decentralized web, seamless user experience, crypto investing, digital assets, seed phrase recovery, transaction automation, flexible onboarding, cryptocurrency wallet, ecosystem integration, sdk functions, wallet transfer, swap position, account recovery, secure by design, multi-party key management, digital identity, blockchain complexity reduction, application customization, platform support, user-friendly interface, decentralized finance, user engagement, peer-to-peer transactions, gasless transactions, community building, next-gen wallet features, developer support, information technology & services",http://www.linkedin.com/in/mario-leoni-b2aa715a,http://www.pierwallet.com,http://www.linkedin.com/company/pierwallet,"",https://twitter.com/pier_wallet,Zuerich,Zurich,Switzerland,"Zug, Canton of Zug, Switzerland",Zug,Canton of Zug,Switzerland,"",Smart contract web3 wallet as a service,"Cloudflare DNS, Outlook, Microsoft Office 365, CloudFlare Hosting, Mobile Friendly, Google Font API, Discord, Remote, , Circle, Basis, Twilio, Sigma, Render, Magento, Flutter, React Native, Xamarin, AI, Android, Python, ","","","","","",true,false,false,false,false,"",67136c3198bed2000145b998,67136c3198bed2000145b99a,"","","","","","","",""
Gregory,Agius,Chief Executive Officer,Agius & Partners,Agius,gpa@agiuspartners.com,Verified,Apollo,"",Catch-all,2025-01-27T16:45:18+00:00,C suite,C-Suite,tyquese@elinkrecruiting.com,"","","","","",Approaching,crypto,2025-02-23T23:11:52+00:00,tyquese@elinkrecruiting.com,6,staffing & recruiting,"finance, private banking, banking, recruitment, staffing, switzerland, blockchain recruitment, blockchain jobs, finance jobs, it jobs, financial services",http://www.linkedin.com/in/gregory-p-agius-781ba840,http://www.agiuspartners.com,http://www.linkedin.com/company/agiuspartners,"","",Geneva,Geneva,Switzerland,"8 Rue du Port, Geneva, Geneva, Switzerland, 1204",Geneva,Geneva,Switzerland,'+41 22 548 09 84,"","Cloudflare DNS, Gmail, Google Apps, CloudFlare Hosting, Hubspot, SAP, Render, Remote, AI, , Gong, Basis","","","","","",true,false,false,false,false,"",671384343fb11c00010577b9,671384343fb11c00010577c1,"","","","","","","",""
Ashley,Le,Digital Marketing Manager,DigiShares,DigiShares,al@digishares.io,Verified,Apollo,"",Catch-all,2025-02-17T14:52:27+00:00,Manager,Marketing,tyquese@elinkrecruiting.com,"","","",'+1 452-069-0771,"",Unresponsive,crypto,2025-02-22T10:53:13+00:00,tyquese@elinkrecruiting.com,17,information technology & services,"blockchain, security, security token, sto, tokenized securities, crypto, software development, tokenization, real world assets, fractions, liquidity, investor management, peer-to-peer trading, smart contracts, dividend payments, kyc, aml, fiat payments, stablecoin payments, corporate actions, share cap table, e-signing, white label, token issuance, security tokens, digital asset trading, property tokenization, investment crowdfunding, compliance solutions, decentralized identity, portfolio management, asset management, automation, blockchain technology, regulatory compliance, real estate investments, investment opportunities, crowdfunding platform, tokenized assets, interoperability, digital wallets, crypto transactions, asset liquidity, shareholder voting, investor onboarding, internal exchanges, transaction transparency, custodial wallets, self-custody, real estate development, back office automation, marketplaces, decentralized finance, equity tokenization, asset digitization, financial inclusion, information technology & services",http://www.linkedin.com/in/ashley-le-37007913b,http://www.digishares.io,http://www.linkedin.com/company/digishares,https://www.facebook.com/DigiSharesDK/,https://twitter.com/Digisharesdk,Mariehamn,"",Aland Islands,"66 West Flagler Street, Miami, Florida, United States, 33130",Miami,Florida,United States,'+1 452-069-0771,"","Cloudflare DNS, Gmail, Google Apps, MailChimp SPF, CloudFlare Hosting, Hubspot, Google Tag Manager, WordPress.org, Google Font API, Mobile Friendly, Android, Remote, AI","",327682,Other,97682,2023-12-01,true,false,false,false,false,"",671384c80d70540001490134,671384c80d70540001490140,"","","","","","","",""
Coinplay,Marketing,Digital Marketing Manager,Coinplay,Coinplay,marketing@coinplay.com,Verified,Apollo,"",Not Catch-all,2025-02-17T14:52:36+00:00,Manager,Marketing,tyquese@elinkrecruiting.com,"","","",293-258-5123,"",Approaching,crypto,2024-10-29T16:16:32+00:00,tyquese@elinkrecruiting.com,4,gambling & casinos,"betting, gambling, casino, crypto, gambling facilities & casinos, access control, restricted access, website security, user authentication, data protection, user permissions, content management, privacy compliance, network security, digital rights management, user access levels, secure web access, identity verification, firewall protection, security protocols, two-factor authentication, secure user login, role-based access, information security, session management, data encryption, website privacy, content access, ip whitelisting, security audits, user activity monitoring, malware protection, web application security, secure browsing, access policies, cloud security, cybersecurity solutions, security analytics, access logs, threat detection, data loss prevention, risk management, vulnerability assessment, compliance checks, security architecture, it governance, system monitoring, network monitoring, real-time alerts, incident response, security management, data sovereignty, user data privacy, leisure, travel & tourism, gambling & casinos, information technology & services, computer & network security",http://www.linkedin.com/in/coinplay-marketing-826660262,http://www.coinplay.com,http://www.linkedin.com/company/thecoinplay,"",https://twitter.com/thecoinplay?lang=en,Willemstad,Curacao,Curacao,"Willemstad, Curacao, Curacao",Willemstad,Curacao,Curacao,293-258-5123,"","Cloudflare DNS, Gmail, Google Apps, MailChimp SPF, Yandex Metrica, Multilingual, Nginx, Google Font API, Google Tag Manager, Mobile Friendly, Hotjar, reCAPTCHA, Amadesa, Vimeo, Google Analytics, Android","","","","","",true,false,false,false,false,"",67138591c72f4000010d6509,67138591c72f4000010d6516,"","","","","","","",""
Oren,Rosenfeld,CFO,Fuse,Fuse,oren@fuse.io,Verified,Apollo,"",Not Catch-all,2025-02-25T11:59:23+00:00,C suite,"C-Suite, Finance",tyquese@elinkrecruiting.com,"","","","","",Unresponsive,crypto,2024-12-31T07:15:08+00:00,tyquese@elinkrecruiting.com,27,information technology & services,"web3 payments, mobile payments, crypto payments, web3 apps, blockchain for business, finance, defi, wallet as a service, layer1 blockchain, dapp development, technology, information & internet, evm-compatible, layer-2, blockchain, web3, payments, branded mobile wallets, account abstraction, crypto apps, on-chain staking, digital assets management, tokenomics, decentralized finance, nft, cross-chain integration, governance, frictionless e-commerce, digital collectibles, low-cost transactions, rpc providers, developer tools, smart contracts, instant finality, yield generation, airdrop, node sale, native fuse token, network uptime, transaction performance, staking rewards, community engagement, loyalty programs, branded stablecoins, gamefi, cryptocurrency payments, non-custodial, digital currency exchange, integration sdks, payment solutions, cross-platform solutions, dapps, fiat on-ramp, api services, dashboard tools, user-friendly interface, secure transactions, real-world applications, innovative finance solutions, internet, information technology & services, financial services, enterprise software, enterprises, computer software, b2b, e-commerce, consumer internet, consumers",http://www.linkedin.com/in/orenrosenfeld,http://www.fuse.io,http://www.linkedin.com/company/fuseio,https://facebook.com/fuseio,https://twitter.com/fuse_network,"","",Israel,"דרך קיבוץ גלויות, Tel Aviv-Yafo, Tel Aviv District, Israel, 60000",Tel Aviv-Yafo,Tel Aviv District,Israel,"",Experience low-cost Web3 payments with Fuse's public blockchain ecosystem. Empower your business with open-source solutions and global reach. Join 150+ projects and integrations today!,"Route 53, Sendgrid, Gmail, Google Apps, MailChimp SPF, Amazon AWS, CloudFlare, UptimeRobot, React Redux, Hubspot, Amazon SES, Webflow, Linkedin Marketing Solutions, Mobile Friendly, Intercom, WordPress.org, Hotjar, DoubleClick, Google Dynamic Remarketing, Google Font API, DoubleClick Conversion, Apache, Yandex Metrica, YouTube, Google Tag Manager, Twitter Advertising, Visual Website Optimizer, Discord, Remote, AI, Ahrefs, Circle, Flutter, Render","",5000000,Other,5000000,2022-05-01,true,false,false,false,false,"",6713878f4a67f900015e4198,6713878f4a67f900015e41a7,"","","","","","","",""
Michael,Wood,Chief Financial Officer,Sonar Platform,Sonar Platform,mike@sonarplatform.io,Verifying,Apollo,"",Not Catch-all,"",C suite,"C-Suite, Finance",tyquese@elinkrecruiting.com,"","","","","",Cold,crypto,"",tyquese@elinkrecruiting.com,15,information technology & services,"crypto analytic, web3, blockchain, blockchain services, defi, cefi, multi-chain wallet, portfolio management, ai trading, asset management, crypto trading, research tools, trade automation, cross-chain bridging, dex aggregator, investment strategy, financial freedom, self-custodial wallet, crypto portfolio, native token, market trends, arbitrage opportunities, on-chain analytics, ico hub, digital economy, user-friendly platform, real-time data, personalized recommendations, wallet security, multilingual support, community driven, financial analytics, portfolio tracking, educational resources, decentralized finance, trading terminal, automated monitoring, crypto news, ecosystem access, risk analysis, peer-to-peer transactions, crypto tools, blockchain technology, web3 solutions, transaction fees, fees optimization, smart contracts, crypto opportunities, financial empowerment, investment insights, market dynamics, crypto adoption, future finance, digital assets, information technology & services",http://www.linkedin.com/in/michael-gomez-wood-0a433b39,http://www.sonarplatform.io,http://www.linkedin.com/company/sonarplatformofficial,"",https://twitter.com/SonarPING_,Englewood,Colorado,United States,"Valletta, Malta, VLT",Valletta,"",Malta,"",Dive deep into Web3 without drowning and finally take control of your journey to financial freedom.,"Gmail, Google Apps, Amazon AWS, Google Font API, Google Tag Manager, Shopify, Mobile Friendly, Node.js, Circle, Remote, AI","","","","","","",false,false,false,false,"",671387dc3b2d4c0001c0757e,671387dc3b2d4c0001c07593,"","","","","","","",""
Steve,Vallas,Managing Director,Blockchain APAC,Blockchain APAC,steve@blockchainapac.com.au,Verified,Apollo,"",Not Catch-all,2025-02-26T18:09:21+00:00,Director,"",tyquese@elinkrecruiting.com,"","","","","",Unresponsive,crypto,2024-12-16T21:14:59+00:00,tyquese@elinkrecruiting.com,1,management consulting,"blockchain, blockchain technology, digital assets, business consulting & services, management consulting",http://www.linkedin.com/in/stevevallas,http://www.blockchainapac.com.au,http://www.linkedin.com/company/blockchainapac,"","",Melbourne,Victoria,Australia,"120 Spencer St, Melbourne, Victoria, Australia, 3000",Melbourne,Victoria,Australia,"","","Cloudflare DNS, Gmail, Google Apps, CloudFlare Hosting, , Circle, Discord, Basis, AI, Data Analytics, Laravel, Android, Flutter, React Native, Python, Reviews, Node.js","","","","","",true,false,false,false,false,"",671363f7b7e40500012c701c,671363f7b7e40500012c7025,"","","","","","","",""
Tintin,Chan,Co-Founder&CEO,1SOL FOUNDATION,1SOL FOUNDATION,tintin@team.1sol.io,Verified,Apollo,"",Catch-all,2025-01-31T05:56:10+00:00,C suite,"",tyquese@elinkrecruiting.com,"","","","","",Approaching,crypto,2025-02-26T08:12:06+00:00,tyquese@elinkrecruiting.com,2,information technology & services,"crypto, solana, cryptocurrency, technology, information & internet, information technology & services",http://www.linkedin.com/in/tintin-chan-045b4b103,http://www.1sol.io,http://www.linkedin.com/company/1sol-foundation,"","",Hong Kong,"",Hong Kong,"","","","","",1Sol - An innovative cross-chain aggregator on Solana,"Cloudflare DNS, CloudFlare Hosting, Google Custom Search, Google Tag Manager, FontDeck, Mobile Friendly, Typekit","","","","","",true,false,false,false,false,"",67136579e0205c00014b564e,671365594811d7000175296d,"","","","","","","",""
Sofia,Castello,Community Manager,FOMO Magazine,FOMO Magazine,scastello@mazalan.com,Potentially Invalid,Apollo,"",Not Catch-all,"",Manager,"",tyquese@elinkrecruiting.com,"","","","","",Bad Data,crypto,2025-02-19T04:01:33+00:00,tyquese@elinkrecruiting.com,1,information technology & services,"defi, solana, nfts, blockchain services, information technology & services",http://www.linkedin.com/in/sof%c3%ada-castello-516a9a13a,http://www.fomomagazine.io,http://www.linkedin.com/company/fomomagazine,"","","","",Argentina,"London, England, United Kingdom",London,England,United Kingdom,"",Web site created using create-react-app,Mobile Friendly,"","","","","",true,false,true,false,false,"",67136579e0205c00014b564f,67136579e0205c00014b565a,"","","","","","","",""
Cathy,Yuan,Head Of Operations,ECF - Ethereum Community Fund,ECF,cathy@ecf.network,Verified,Apollo,"",Not Catch-all,2025-02-24T10:52:54+00:00,Head,Operations,tyquese@elinkrecruiting.com,"","","",'+1 646-843-0888,"",Unresponsive,crypto,2024-12-05T23:16:11+00:00,tyquese@elinkrecruiting.com,6,information technology & services,"ethereum, community, funding, blockchain, decentralized, web3, platform, technology, internet, information, collaboration, collective intelligence, launchpad, crypto, bitcoin, investing, venture capital, development, technology, information & internet, cryptocurrency, investment, community-driven, innovation, startups, support, grants, token economy, ecosystem, smart contracts, network, strategic partnerships, advisory, investor relations, financial inclusion, digital assets, scalability, decentralized applications, protocol, governance, transparency, sustainability, tokenization, community building, resource allocation, research, education, mentorship, incubation, marketplaces, digital currencies, peer-to-peer, crowdfunding, economic growth, fintech, investment strategies, compliance, diversification, performance metrics, risk management, communities, information technology & services, environmental services, renewables & environment, mentoring, social fundraising, social media, consumer internet, consumers, fund-raising, finance technology, financial services",http://www.linkedin.com/in/cathy-yuan-50a571192,http://www.ecf.network,http://www.linkedin.com/company/ethereumecf,"","","","",Japan,"Lisbon, Lisbon, Portugal",Lisbon,Lisbon,Portugal,'+1 646-843-0888,"We’re building a platform to see-through crypto projects to improve the coordination of information providing the community with clearer, digestible context to discover credible & accountable projects.","Cloudflare DNS, Amazon AWS, Google Tag Manager, Mobile Friendly, Bootstrap Framework, Remote, Circle, Vimeo, Discord, Deel, Basis, AI","","","","","",true,false,false,false,false,"",67136b7ff688530001a1b16a,67136b7ff688530001a1b177,"","","","","","","",""
Fiorella,Madrid,Contributing Writer,OneBlockchainLab,OneBlockchainLab,fiorella.madrid@hkstrategies.com,Verified,Apollo,"",Catch-all,2025-01-30T11:51:43+00:00,Entry,"",tyquese@elinkrecruiting.com,"","","","","",Unresponsive,crypto,2025-02-12T15:41:19+00:00,tyquese@elinkrecruiting.com,6,information technology & services,"blockchain, ethereum, bitcoin, nft, blockchain services, cryptocurrency consulting, business digitalization, software solutions, performance improvement, integrations analysis, business analysis, technology assessment, blockchain implementation, project management, supply chain solutions, financial services, retail technology, centralized vs decentralized, immutable data, transaction transparency, record management, smart contracts, data security, decentralized applications, business transformation, crypto investments, risk assessment, financial technology, business intelligence, data analytics, cloud computing, aws blockchain services, amazon managed blockchain, amazon qldb, ledger technology, scalability solutions, contract execution, business opportunities, cryptography, crypto wallet, cryptocurrency trading, exchange platform, blockchain education, business models, tech ecosystem, digital wallets, real-time data sharing, network management, future technologies, blockchain scalability, industry disruption, pilot projects, blockchain experimentation, technology workshops, cryptocurrency, information technology & services, productivity, enterprise software, enterprises, computer software, b2b, computer & network security, finance technology, analytics",http://www.linkedin.com/in/fiorella-madrid-2a4a43108,http://www.oneblockchainlab.com,http://www.linkedin.com/company/oneblockchainlab,"","",Mexico City,Mexico City,Mexico,"Avenida Jesus del Monte, Mexico City, Mexico, 05260","",Mexico City,Mexico,"",Asesoría en digitalización del negocio ¿Buscando una solución de software para su empresa? Lo ayudamos a identificar las mejores alternativas dependiendo de la necesidad y el presupuesto. Hemos colaborado con empresas desde el 2007 en identificar adecuadamente el problema del negocio a solucionar y las mejores opciones existentes en el mercado de soluciones. No necesariamente,"Gmail, Google Apps, WordPress.org, Facebook Like Button, Woo Commerce, Google Tag Manager, Nginx, Mobile Friendly, Render, Gusto, Android, Centro, AI, SAP, IoT, SharePoint, Reviews","","","","","",true,false,false,false,false,"",67136bb5c1fdac00019a5286,67136bb5c1fdac00019a52c6,"","","","","","","",""
Jason,Dearborn,Chief Executive Officer,Dominion Blockchain,Dominion Blockchain,jdearborn@dombit.ca,Verified,Apollo,"",Not Catch-all,2025-02-14T18:35:10+00:00,C suite,C-Suite,tyquese@elinkrecruiting.com,"","","","","",Unresponsive,crypto,2024-12-25T15:01:10+00:00,tyquese@elinkrecruiting.com,16,financial services,bitcoin & blockchain,http://www.linkedin.com/in/jason-dearborn-428244221,http://www.dominionblockchain.com,http://www.linkedin.com/company/dominion-blockchain,"","",Eatonia,Saskatchewan,Canada,"10 Research Dr, Regina, Saskatchewan, Canada, S4S 7J7",Regina,Saskatchewan,Canada,'+1 647-477-7767,"",Google Cloud Hosting,"","","","","",true,false,false,false,false,"",6713838544f765000106f259,6713838544f765000106f266,"","","","","","","",""
Rachel,Lim,Digital Marketing Manager,Accredify,Accredify,rachel.lim@accredify.io,Verified,Apollo,"",Not Catch-all,2025-02-19T03:08:42+00:00,Manager,Marketing,tyquese@elinkrecruiting.com,"","","","","",Approaching,crypto,2024-10-28T00:01:24+00:00,tyquese@elinkrecruiting.com,35,information technology & services,"blockchain, certification, education, attestation, verification, technology, information & internet, digital trust, verifiable documents, document management, authentication services, data analytics, consumer identity verification, paperless solutions, automated workflows, document issuance, credentials verification, cloud-based storage, data integrity, blockchain technology, secure data exchange, privacy management, certification solutions, education credentials, medical record management, licensing solutions, trusted digital identities, api integration, audit trails, tamper-proof documents, multi-standard support, systems interoperability, process optimization, risk management, real-time verification, digital certificates, credentialing software, user-friendly interface, digital badges, data portability, machine learning insights, security compliance, administrative efficiency, document generation, identity credentials, information security, healthcare solutions, government services, business transformation, educational institutions, membership engagement, digital wallet support, trusted data management, decentralized identity, information technology & services, computer & network security",http://www.linkedin.com/in/rachel-lim-34240a162,http://www.accredify.io,http://www.linkedin.com/company/accredify,https://www.facebook.com/accredify.io/,https://twitter.com/Accredify_io,Singapore,"",Singapore,"San Jose, California, United States",San Jose,California,United States,"",Build digital trust for your organisation with verifiable information. Issue instantly verifiable digital documents and simplify document management processes.,"Route 53, Outlook, Microsoft Office 365, VueJS, CloudFlare, React, Hubspot, Google Tag Manager, WordPress.org, Google Dynamic Remarketing, Facebook Widget, DoubleClick, DoubleClick Conversion, Mobile Friendly, Nginx, Facebook Login (Connect), Google Font API",4111000,9000000,Series A,"",2024-03-01,true,false,false,false,false,"",671385e3e7052f0001408b1b,671385e3e7052f0001408b25,"","","","","","","",""
Alissa,Onigman,CFO,Venly @SaaStock 🇮🇪,Venly @SaaStock 🇮🇪,alissa.onigman@venly.com,Verified,Apollo,"",Not Catch-all,2025-02-16T22:54:07+00:00,C suite,"C-Suite, Finance",tyquese@elinkrecruiting.com,"","","","","",Unresponsive,crypto,2025-02-12T07:40:16+00:00,tyquese@elinkrecruiting.com,29,information technology & services,"web3, blockchain, cryptocurrency, nft, digital assets, crypto, wallet, nft marketplace, nft tools, blockchain gaming, web3 gaming, web3 saas, api, sdk, developer tools, web3 commerce, blockchain technology, blockchain services, blockchain integration, apis, sdks, nft integration, erc20 tokens, payment processing, fiat-to-crypto, wallets as a service, no-code solutions, e-commerce, gaming solutions, multichain support, token api, nft api, digital asset management, secure transactions, user onboarding, zapier integration, real world assets, customer loyalty programs, marketplaces, decentralized finance, digital collectibles, social login, security protocols, smart contract management, automated kyc, cryptocurrency payments, nft minting, dynamic nfts, batch minting, integrations, plug-and-play solutions, webhooks, api documentation, compliance standards, analytics, user experience, scalable solutions, customizable interfaces, advanced encryption, real-time notifications, transaction monitoring, token creation, cryptocurrency wallets, digital asset platforms, user engagement, market volatility, successful partnerships, web3 solutions, digital wallets, fiat-to-crypto payments, multi-blockchain support, gaming integration, ecommerce solutions, no-code tools, user-friendly interface, security & compliance, api integrations, decentralized applications, customer support, partnerships, scalability, crypto enthusiasts, gaming community, small businesses, innovative tools, mainstream adoption, onboarding, asset management, competitive pricing, customer demographics, digital goods, nft sales, decentralized finance (defi), user empowerment, technology accessibility, enterprise software, enterprises, computer software, information technology & services, b2b, consumer internet, consumers, internet, ux",http://www.linkedin.com/in/alissa-onigman-961a7a1b,http://www.venly.io,http://www.linkedin.com/company/venly-io,https://facebook.com/arkanenetwork,https://twitter.com/Venly_io,Reading,Massachusetts,United States,"Antwerpsesteenweg, Willebroek, Vlaanderen, Belgium, 2830",Willebroek,Vlaanderen,Belgium,"",The fastest way to build & scale your project with Venly’s all-in-one set of Web3 tools. Amplify your enterprise's capabilities with our platform integrations,"Cloudflare DNS, Amazon SES, Gmail, Google Apps, Amazon AWS, MailJet, CloudFlare Hosting, VueJS, CloudFlare, Hubspot, Webflow, Facebook Custom Audiences, Bootstrap Framework, Wistia, Mobile Friendly, Vimeo, Bing Ads, Facebook Widget, DoubleClick, Google Play, Ruby On Rails, Facebook Login (Connect), Unreal Engine, Adobe Media Optimizer, DoubleClick Conversion, Linkedin Marketing Solutions, Google Dynamic Remarketing, YouTube, Braintree, Stripe, Google Tag Manager, WordPress.org, Google Font API, Eventbrite, Cedexis Radar, , Android, Metamask, Remote, Discord, Reviews, Basis, Circle, AI",1000000,25507577,Series A,23000000,2022-04-01,true,false,false,false,false,"",6713878f4a67f900015e4191,6713878f4a67f900015e41a2,"","","","","","","",""
Aulden,Warbrooke,Pacific Regional Business Lead - Partnerships and Engagement,Blockchain Collective,Blockchain Collective,aulden@bccollective.io,Verified,Apollo,"",Not Catch-all,2025-01-23T13:18:02+00:00,Manager,Sales,tyquese@elinkrecruiting.com,"","","",'+61 7 3186 1013,"",Unresponsive,crypto,2025-02-14T14:03:05+00:00,tyquese@elinkrecruiting.com,8,professional training & coaching,"blockchain education, blockchain, blockchain regulation, blockchain training, blockchain collective, development, blockchain consulting, applied blockchain, online courses, accredited training, diploma of applied blockchain, advanced diploma, blockchain certification, blockchain technology, machine learning, artificial intelligence, internet of things, decentralization, smart contracts, blockchain curriculum, corporate training, project-based learning, skills development, reskilling, upskilling, industry partnerships, government accredited, digital transformations, career opportunities, secure transactions, distributed ledger, blockchain applications, healthcare blockchain, financial services blockchain, nfts, cryptocurrency, data security, industry insights, technology workers, rto partnerships, education technology, digital ledger, innovation in education, e-learning, workshop training, blockchain talent, business transformation, skill shortage, blockchain for businesses, peer-to-peer transactions, blockchain ecosystems, future job market, hands-on training, real-world applications, information technology & services, professional training & coaching, computer & network security, internet, computer software, education management, education",http://www.linkedin.com/in/aulden-warbrooke-44a9082b,http://www.bccollective.io,http://www.linkedin.com/company/blockchaincollective,"","","","",Australia,"3 Alison St, Gold Coast, Queensland, Australia, 4217",Gold Coast,Queensland,Australia,'+61 7 3186 1013,"","Microsoft Office 365, Google Cloud Hosting, Android, SharePoint, Flutter, Python","","","","","",true,false,false,false,false,"",6713639fe30eaa0001feb3ea,6713639fe30eaa0001feb3f8,"","","","","","","",""
Nabiha,Hussain,"Lead, Compliance Operations",Coinberry,Coinberry,nabiha.hussain@coinberry.com,Verified,Apollo,"",Not Catch-all,2025-02-10T13:12:36+00:00,Manager,"Legal, Operations",tyquese@elinkrecruiting.com,"","","","","",Unresponsive,crypto,2024-11-04T03:22:06+00:00,tyquese@elinkrecruiting.com,6,financial services,"bitcoin, ethereum, blockchain, cryptocurrency, bitcoin exchange, ethereum exchange, bitcoin trading, ethereum trading, cryptocurrency exchange, cryptocurrency trading, litecoin, litecoin exchange, buy bitcoin, secure platform, btc, eth, staking, investor relations, corporate solutions, mobile app, trading fees, market trends, cold storage, fast withdrawals, instant funding, api solutions, private wealth, advanced trading, express trade, transparent pricing, canadian dollars, user-friendly interface, crypto wallet, blockchain technology, digital assets, crypto prices, investment strategies, simplicity for beginners, customer support, crypto tax guide, market capitalization, fiat to crypto, low fees, 24/7 trading, regulated exchange, peer-to-peer transactions, withdrawal options, satoshi, decentralized finance, privacy & security, exchange-traded funds, crypto news, trading pairs, market analysis, portfolio diversification, trading tools, risk management, forex trading, currency conversion, altcoins",http://www.linkedin.com/in/nabiha-hussain-a9879432,http://www.coinberry.com,http://www.linkedin.com/company/coinberry,https://www.facebook.com/bitbuyCA/,https://twitter.com/bitbuy,"","",Pakistan,"100 Designers Walk Ln, Toronto, Ontario, Canada, M5R 0A8",Toronto,Ontario,Canada,'+1 888-997-6544,"Join the Leading Regulated Cryptocurrency Marketplace in Canada. Low fees & top security at Bitbuy® when you buy Bitcoin, Ethereum & more. Start trading today!","Route 53, Sendgrid, Outlook, MailChimp SPF, Microsoft Office 365, Zendesk, Amazon AWS, Cloudflare DNS, Atlassian Cloud, Webflow, StatusPage IO, React, The Trade Desk, Facebook Widget, Google Play, Mobile Friendly, Visual Website Optimizer, Google Dynamic Remarketing, Twitter Advertising, AdRoll, DoubleClick Conversion, Facebook Custom Audiences, Facebook Login (Connect), Google Font API, Bing Ads, DoubleClick, Google Tag Manager, Google Analytics, Right Media (Yahoo Ads), reCAPTCHA, YouTube, Segment.io, TripleLift, HeapAnalytics, Rubicon Project, TribalFusion, Google Maps (Non Paid Users), LiveRamp, Wistia, Google AdWords Conversion, Google Maps, Vimeo, Circle, Remote, Android, Python, , SharePoint, Render, AI","","","","","",true,false,false,false,false,"",6713670bf4ac710001fa5636,6713670bf4ac710001fa5648,nabihaj@gmail.com,Apollo,"","","","","",""
Cedric,Exbrayat,Developer and Founder,Ninja Squad,Ninja Squad,cedric@ninja-squad.com,Verified,Apollo,"",Not Catch-all,2025-02-20T09:32:50+00:00,Founder,"C-Suite, Engineering & Technical, Information Technology",tyquese@elinkrecruiting.com,"","","","","",Approaching,crypto,2025-02-25T00:53:42+00:00,tyquese@elinkrecruiting.com,15,information technology & services,"cryptocurrency, nft, blockchain, metaverse, p2e game, web3, community building, web3 startup, nft community, technology startup, crypto trading, trading, nft trading, technology, information & internet, information technology & services",http://www.linkedin.com/in/exbrayatcedric,http://www.ninjasquad.co,http://www.linkedin.com/company/ninja-squad-nft,"","","","",France,"110 Athletes Row, Apopka, Florida, United States, 32703",Apopka,Florida,United States,"","","Cloudflare DNS, Gmail, Google Apps, CloudFlare Hosting, Remote, Discord, Basis, Render","","","","","",true,false,false,false,false,"",67136dc8acb29600016c727f,67136dc8acb29600016c7283,"","","","","","","",""
Michael,Shlayen,Founder & CEO,Blockchain Headhunter - Crypto & Web3 Recruitment,Blockchain Headhunter,michael@blockchainheadhunter.com,Verified,Apollo,"",Not Catch-all,2025-02-20T17:32:15+00:00,Founder,C-Suite,tyquese@elinkrecruiting.com,"","","",'+49 1578 1064948,"",Unresponsive,crypto,2024-11-26T01:28:33+00:00,tyquese@elinkrecruiting.com,120,staffing & recruiting,"blockchain recruitment, blockchain direct search, blockchain executive search, blockchain talent, blockchain jobs, blockchain professionals, blockchain job board, blockcchain experts, cryptocurrency recruitment, web3 recruitment, executive search, talent acquisition, blockchain hiring, crypto headhunting, blockchain executive placement, tech recruitment, web3 talent, crypto job placements, c-level recruitment, smart contract developers, ethereum developers, devops roles, blockchain engineers, mid-level recruitment, business development roles, marketing recruitment, legal recruitment, finance roles, community management, copywriting in blockchain, software development, finance recruitment, crypto native talent, blockchain community, remote crypto jobs, job placement services, networking in crypto, job seekers in blockchain, candidate screening, resume submission, job advertisement in crypto, crypto hiring solutions, early-stage startups, established blockchain companies, talent sourcing, industry best practices, employment opportunities in blockchain, job market trends, blockchain career guidance, job fair events, staffing solutions for web3, employment services, digital assets recruitment, global talent search, blockchain experts, cryptocurrency labor market, job opportunities in web3, staffing & recruiting, information technology & services",http://www.linkedin.com/in/mshlayen,http://www.blockchainheadhunter.com,http://www.linkedin.com/company/blockchainheadhunter,"","",Bangkok,Bangkok,Thailand,"Akazienstrasse, Berlin, Berlin, Germany, 10823",Berlin,Berlin,Germany,'+49 1578 1064948,"Blockchain Headhunter - Top Crypto, Web3, DeFi, NFT Recruiter. Connecting top Talent &amp; Jobs since 2017. Join the largest community in the space with over 200k members.","Cloudflare DNS, Rackspace MailGun, SendInBlue, Gmail, Google Apps, Amazon AWS, Netlify, DigitalOcean, Linkshare, Google Tag Manager, Mobile Friendly, Remote, Discord, Circle","","","","","",true,false,false,false,false,"",671382fa3fb11c0001055df1,671382fa3fb11c0001055dfe,mshlayen@gmail.com,Apollo,"","","","","",""
Tony,Halim,Chief Executive Officer,Qrypto,Qrypto,tony@qrypto.trade,Verified,Apollo,"",Catch-all,2025-02-01T12:24:12+00:00,C suite,C-Suite,tyquese@elinkrecruiting.com,"","","","","",Unresponsive,crypto,2025-02-21T22:58:12+00:00,tyquese@elinkrecruiting.com,3,information technology & services,"otc, crypto, blockchain, usdt, stablecoin, cryptocurrency, crypto trading, blockchain services, information technology & services",http://www.linkedin.com/in/tony-halim-83846a143,http://www.qrypto.trade,http://www.linkedin.com/company/qryptotrade,"","","","",Indonesia,"126 Jalan KH Mas Mansyur, Jakarta, Special Capital Region of Jakarta, Indonesia, 10220",Jakarta,Special Capital Region of Jakarta,Indonesia,"","","Gmail, Google Apps, Microsoft-IIS, ASP.NET, Mobile Friendly, Bootstrap Framework, Google Font API, , Circle, Metamask","","","","","",true,false,false,false,false,"",67138340158312000119f387,67138340158312000119f392,"","","","","","","",""
Graeme,Moore,CFO,FansUnite Entertainment Inc.,FansUnite Entertainment,graeme@fansunite.com,Verified,Apollo,"",Catch-all,2025-01-27T10:14:03+00:00,C suite,"C-Suite, Finance",tyquese@elinkrecruiting.com,"","","",'+1 604-616-4311,"",Approaching,crypto,2025-02-25T09:37:30+00:00,tyquese@elinkrecruiting.com,12,sports,"sports, sportsbetting, trading, machinelearning, datascience, baseball, basketball, soccer, hockey, football, deeplearning, ai, casino, virtual sports, esports, crypto, spectator sports",http://www.linkedin.com/in/graemegmoore,http://www.fansunite.com,http://www.linkedin.com/company/fansunite,https://www.facebook.com/TheFansUnite,https://www.twitter.com/fansunite,Vancouver,British Columbia,Canada,"780 Beatty St, Vancouver, British Columbia, Canada, V6B 2M1",Vancouver,British Columbia,Canada,'+1 604-616-4311,"","Cloudflare DNS, Gmail, Google Apps, Microsoft Office 365, CloudFlare Hosting, Mixpanel, React Redux, React, Semrush",14219000,65920510,Other,3040000,2023-03-01,true,false,false,false,false,"",6713878f4a67f900015e4196,6713878f4a67f900015e41a6,"","","","","","","",""
Leon,Low,Chief Financial Officer,DeFiance Capital,DeFiance Capital,leon@defiance.capital,Verifying,Apollo,"",Not Catch-all,"",C suite,"C-Suite, Finance",tyquese@elinkrecruiting.com,"","","","","",Cold,crypto,"",tyquese@elinkrecruiting.com,7,investment management,"crypto & investment management, crypto-native investment, defi investments, digital assets, blockchain technology, decentralized finance, investing in cryptocurrencies, institutional-grade trading, portfolio management, staking solutions, high-conviction investments, on-chain analysis, multi-cycle investors, regulatory compliance, risk management, yield farming, smart contracts, decentralized exchanges (dexs), play-to-own gaming, web 3.0 gaming, liquidity protocols, aave, dydx, lido, axie infinity, layer zero, offchain labs, liquid staking, cryptographic analysis, decentralized lending, capital efficiency, customer-centric design, community building, financial inclusion, global finance, investment thesis, onboard users, multi-chain integrations, dao management, tokenomics, asset-backed tokens, risk-adjusted returns, technology infrastructure, financial infrastructure, investor relations, market analysis, cross-chain solutions, trading algorithms, nft market strategy, real-world assets, autonomous agents",http://www.linkedin.com/in/leon-low,http://www.defiance.capital,http://www.linkedin.com/company/defiance-capital,"",https://twitter.com/defiancecapital,Singapore,"",Singapore,"1025 Vermont Avenue Northwest, Washington, District of Columbia, United States, 20005",Washington,District of Columbia,United States,"","","Gmail, Google Apps, Google Font API, Braintree, Google Plus, Google Tag Manager, iTunes, Google Play, Mobile Friendly, Google Analytics, WordPress.org, Data Analytics, Metamask, Render, Lattice, Micro, Data Storage, Webmail, , Android, Discord, AI, Circle, Remote","",100000000,Other,100000000,2023-03-01,"",false,false,false,false,"",671387dc3b2d4c0001c0757c,671387dc3b2d4c0001c07591,"","","","","","","",""
