Full_Name,First_Name,Last_Name,Employee_Title,Email,Company,Website,Company_Number,Address,City,State,Zip_Code,Employee_Size,Annual_Revenue,SIC_Code,Tech_Stack,Contact_ID,Email_Validation,Date_Email_Verified,Email_MD5,Personal_linkedin,Direct_Dial,Estimated_Email_Deliverability,Industry,Facebook,LinkedIn,Twitter,Instagram,Youtube
Aaron Keswick,Aaron,Keswick,"Vice President, Leasing",aaron.keswick@macerich.com,Macerich,macerich.com,+12143735200,N/A,Baltimore,MD,N/A,3000,1000000000,65,"[""Amazon Cloudfront"",""Java"",""Modernizr"",""New Relic"",""Typekit""]",45562135,catchall,N/A,c9370087ca1a115c4675b31b4d6f74c9,N/A,N/A,85%,Real Estate,N/A,N/A,N/A,N/A,N/A
Tony Carey,Tony,Carey,Vice President,acarey@mcnellisinsurance.com,Mcnellis,mcnellisinsurance.com,+17084255490,"9401 S Pulaski Road, Evergreen Park, IL",Evergreen Park,IL,N/A,30,6411000000,6411,"[""IIS"",""Microsoft ASP.NET"",""Modernizr"",""OWL Carousel"",""Plesk"",""ZURB Foundation"",""jQuery""]",37158087,catchall,N/A,26b28d4eacb6ab8aa2dc4a176f0f262b,N/A,N/A,85%,Insurance Agents: Brokers: and Service,https://facebook.com/mcnellisins,https://linkedin.com/company/mcnellis-insurance,https://twitter.com/mcnellis20,N/A,N/A
Amie Choquette,Amie,Choquette,Assistant Vice President/escrow Closer,achoquette@thetitleresourcenetwork.com,Title Resource Network Menu Our,thetitleresourcenetwork.com,+13097621688,N/A,Omaha,NE,N/A,350,6411000000,6411,"[""Concrete5"",""Flickity"",""Google Analytics"",""Google Tag Manager"",""Modernizr"",""Nginx"",""PHP"",""jQuery""]",41043370,catchall,N/A,f21413bf7be78b5ac88d50afc628fdca,N/A,N/A,85%,Insurance Agents: Brokers: and Service,https://facebook.com/the-title-resource-network-1467453380136076,https://linkedin.com/company/professional-title-company,N/A,N/A,N/A
Andy Crawford,Andy,Crawford,Vice President,acrawford@commcapnv.com,Commcap,commcapnv.com,+17027927560,"in Minneapolis / St. Paul, MN",Las Vegas,NV,N/A,30,5700128,65,"[""Apache"",""Bootstrap"",""Font Awesome"",""Google Analytics"",""Google Font API"",""Lightbox"",""Microsoft ASP.NET"",""PHP"",""Twitter Emoji (Twemoji)"",""WordPress"",""jQuery"",""jQuery Migrate"",""prettyPhoto""]",43520748,catchall,N/A,03ba6f36b06fd9108a68b9e77d230bd3,N/A,N/A,85%,Real Estate,https://facebook.com/commcapnv,https://linkedin.com/company/commcap-advisors,https://twitter.com/commcapadvisors,N/A,N/A
Andrea Custer,Andrea,Custer,Regional Vice President,acuster@smpmgt.com,Strategic Management,smpmgt.com,+14046140808,"1980 Briarcliff Rd Milledgeville, GA 31061",Norcross,GA,"=""31061""",350,0,65,[],42982006,catchall,N/A,55b2a8beb6c33742b05dd1c9526d43b2,N/A,N/A,85%,Real Estate,N/A,N/A,N/A,N/A,N/A
Aaisha Dadral,Aaisha,Dadral,Founder &amp; CEO,adadral@wildapricot.org,Wild Apricot,wildapricot.org,N/A,N/A,Belvedere Tibrn,CA,N/A,5,0,91,[],38316088,catchall,N/A,5c8bf993ee557c6b6317ef68f05826d4,N/A,N/A,85%,Executive: Legislative: and General Government: except Finance,N/A,N/A,N/A,N/A,N/A
Adam Karl,Adam,Karl,"Vice President, Development",adam.karl@zywave.com,Zywave,zywave.com,+18664999283,"Suite 300 Milwaukee, WI 53226",Milwaukee,WI,"=""53226""",350,6411000000,6411,"[""CloudFlare"",""FancyBox"",""Google Analytics"",""Google Maps"",""Google Tag Manager"",""Marketo"",""Nginx"",""WP Engine"",""WordPress"",""jQuery"",""jQuery Migrate""]",45175061,catchall,N/A,c223b74ebcb8c845cc7a247f5eea7a12,N/A,N/A,85%,Insurance Agents: Brokers: and Service,https://facebook.com/zywave,https://linkedin.com/company/zywave,https://twitter.com/zywave,N/A,https://youtube.com/channel/ucph1yelctiifovfkjpyi5mw
Anita Darcourt,Anita,Darcourt,Executive Vice President (head of Development),adarcourt@spirit.net,Spirit Usa Reim,spirit.net,N/A,N/A,Atlanta,GA,N/A,300,0,65,"[""Apache""]",38120226,catchall,N/A,95fa9bb4587685780b46961f6aa34d45,N/A,N/A,85%,Real Estate,N/A,N/A,N/A,N/A,N/A
Addie Mills,Addie,Mills,Vice President of Operations,addiem@shastatpa.com,Shasta,shastatpa.com,+15415042777,"525 SW Umatilla Ave., Suite 201, Redmond, OR, 97756,525 SW Umatilla Ave; Suite 201 Redmond, OR  97756",Redmond,OR,"=""97756""",N/A,0,6411,"[""Google Analytics"",""Squarespace"",""Typekit"",""YUI"",""webpack""]",45977881,catchall,N/A,e14aec8964fcad968931ea132631cd9d,N/A,N/A,85%,Insurance Agents: Brokers: and Service,N/A,N/A,N/A,N/A,N/A
Abby Ellender,Abby,Ellender,VP Lending,aellender@fabt.com,One American Agency,fabt.com,+12258691393,"1249 St. Charles Street Houma, LA 70360",unknown city,unknown state,"=""70360""",N/A,0,28,"[""Apache"",""Bootstrap"",""Font Awesome"",""Google Analytics"",""Google Font API"",""Google Tag Manager"",""Modernizr"",""OWL Carousel"",""jQuery"",""jQuery Migrate""]",40800130,catchall,N/A,ce6d99bdc7980c2544f468d79660a032,N/A,N/A,85%,Chemicals and Allied Products,https://facebook.com/firstamericanbankandtrust,N/A,https://twitter.com/@firstamericanbt,N/A,N/A
Anne Farley,Anne,Farley,"Vice President, Agency Operations",afarley@jackriceinsurance.com,Jack Rice,jackriceinsurance.com,+17275300684,N/A,Largo,FL,N/A,30,6411000000,6411,"[""Facebook"",""Font Awesome"",""Google Font API"",""IIS"",""Microsoft ASP.NET"",""PayPal"",""jQuery""]",38764587,catchall,N/A,6858e8ec6acd3fda5c5981ba804630e1,N/A,N/A,85%,Insurance Agents: Brokers: and Service,https://facebook.com/jack.rice.ins,N/A,N/A,N/A,N/A
Andrew Galvin,Andrew,Galvin,"Senior Vice President, Investments and Portfolio Management",agalvin@seritage.com,Seritage Growth Properties,seritage.com,+12123557800,"500 Fifth Avenue Suite 1530 New York, NY 10110",New York,NY,"=""10110""",75,248700000,65,[],40904698,catchall,N/A,853884f1b12df92ea70bd31ceba97b2b,N/A,N/A,85%,Real Estate,N/A,https://linkedin.com/company/seritage-growth-properties,N/A,N/A,N/A
Adam De Groot,Adam,Groot,VP Operations,agroot@eaglecopters.com,Eagle Copters,eaglecopters.com,+14032507370,823 McTavish Road NE,unknown city,unknown state,N/A,30,5700128,45,"[""RequireJS"",""Sentry"",""Wix""]",41524483,catchall,N/A,0fe9b6a7bd6006b1734b5ebfc45ba0d1,N/A,N/A,85%,Transportation By Air,https://facebook.com/eaglecopters,https://ca.linkedin.com/company/eaglecopters,N/A,https://instagram.com/eagle.copters/,N/A
Ari Hoch,Ari,Hoch,Vice President,ahoch@pdequities.com,Park Drive Equities,pdequities.com,+17183743872,"125-28 Queens Blvd, Unit 620 Kew Gardens, NY 11415Park Drive Management is a boutique real estate investment firm, headquartered in Kew Gardens, NY.",Kew Gardens,NY,N/A,30,5700128,65,"[""Gentoo"",""Google Font API"",""Hammer.js"",""Lightbox"",""MediaElement.js"",""Modernizr"",""OWL Carousel"",""OpenResty"",""PHP"",""Revslider"",""WordPress"",""animate.css"",""jQuery"",""jQuery Migrate""]",44142439,catchall,N/A,e071a6388bb5aeee28a74b5fa36856ef,N/A,N/A,85%,Real Estate,N/A,N/A,N/A,N/A,N/A
Ahmed Hussein,Ahmed,Hussein,Vice President,ahussein@pillarsdgllc.com,Pillars Development Group,pillarsdgllc.com,+17035370440,N/A,Fairfax,VA,N/A,30,6000000,65,"[""KineticJS"",""Nginx"",""jQuery"",""jQuery UI""]",36957205,catchall,N/A,89bf2dcb746a4dc47c5dc60b03ad5fb6,N/A,N/A,85%,Real Estate,N/A,N/A,N/A,N/A,N/A
Aaron Ketchum,Aaron,Ketchum,Executive Vice President,aketchum@blairbros.com,Blair Bros.,blairbros.com,+17575381696,"1 Blair Bros. Rd. Suffolk, VA 23435",Rockwall,TX,"=""23435""",5,1638653,65,"[""RequireJS"",""Sentry"",""Wix""]",39591426,catchall,10/12/2020,83ce4e85ff65bc74b4771d48898abb37,N/A,N/A,85%,Real Estate,N/A,N/A,N/A,N/A,N/A
Andy Ladrech,Andy,Ladrech,Senior Regional Vice President,aladrech@conam.com,Conam Management,conam.com,+18586147200,N/A,San Diego,CA,N/A,5,27442800,65,"[""Bootstrap"",""Font Awesome"",""Microsoft ASP.NET"",""Slick"",""animate.css"",""jQuery""]",40015902,catchall,N/A,f93fb3e9682178c78cea4d07cb10a94a,N/A,N/A,85%,Real Estate,https://facebook.com/conammanagement,https://linkedin.com/company/conam-management-corporation,https://twitter.com/conammanagement,https://instagram.com/conammanagement,https://youtube.com/channel/ucxtc_tawoxycflsve1yblrg
Alan Harvey,Alan,Harvey,Vice President Business Development; Licensed Hong Kong Estate Agent,alanh@islandproperty.com.hk,Island Property Consultancy,islandproperty.com.hk,N/A,N/A,San Francisco,CA,N/A,30,5700128,65,"[""Apache"",""Facebook"",""Google Analytics"",""PHP"",""jQuery""]",43098797,catchall,N/A,7bb398aab2ef74b3527af0faa462c868,N/A,N/A,85%,Real Estate,https://facebook.com/island-property-consultancy-ltd-147903618562527,N/A,N/A,N/A,N/A
Amy Lapin,Amy,Lapin,Executive Vice President,alapin@epsys.com,Eps,epsys.com,+19166492070,N/A,Sacramento,CA,N/A,75,2000000,65,"[""Backbone.js"",""Google Analytics"",""Google Font API"",""Nginx"",""Twitter Emoji (Twemoji)"",""Underscore.js"",""WordPress"",""Yoast SEO"",""jQuery"",""jQuery Migrate"",""jQuery UI""]",36638439,catchall,4/1/2021,41a03f08f3298844761580c479bcb940,N/A,N/A,85%,Real Estate,N/A,N/A,N/A,N/A,N/A
Alex Marrs,Alex,Marrs,Vice President,alexander@anovabenefits.com,Anova Benefits Management,anovabenefits.com,+18178467753,"P.O. Box 54694, Hurst, Texas 76054.",Fort Worth,TX,N/A,N/A,0,64,"[""Azure"",""CloudFlare"",""Google Cloud"",""Matomo""]",42185239,catchall,10/9/2020,e87938e21d044451147f90b8654fe0e2,N/A,N/A,85%,Insurance Agents: Brokers: and Service,N/A,N/A,N/A,N/A,N/A
Alexandra Balan,Alexandra,Balan,Vice President,alexandra@truckinsure.com,Western Truck Insurance Services,truckinsure.com,+18009378785,"11950 Aviation Blvd Inglewood, CA 90304",Inglewood,CA,"=""90304""",30,2185920,65,[],39491827,catchall,N/A,5b0a22ddc34bf8a585e1c73ee4834b51,N/A,N/A,85%,Real Estate,N/A,N/A,N/A,N/A,N/A
Alex Taghi,Alex,Taghi,Vice President,alex.taghi@naipartners.com,Nai,naipartners.com,+15125806025,"1360 Post Oak Blvd, Suite 1900 Houston, TX 77056",Houston,TX,"=""77056""",125,25000000,65,"[""Apache"",""Bootstrap"",""Google Analytics"",""Gravity Forms"",""Intercom"",""Twitter Emoji (Twemoji)"",""WordPress"",""jQuery"",""jQuery Migrate""]",39110844,catchall,N/A,b6afc15e0caa949767081e478c98a286,N/A,N/A,85%,Real Estate,https://facebook.com/naipartners,https://linkedin.com/company/naipartners,https://twitter.com/naipartners,https://instagram.com/naipartners,N/A
Alison Barker,Alison,Barker,Vice President,alison@true-course.com,True-course,true-course.com,N/A,N/A,Camarillo,CA,N/A,5,1638653,6411,"[""Apache"",""Bootstrap"",""Font Awesome"",""Google Analytics"",""Google Font API"",""Google Tag Manager"",""Modernizr"",""PHP"",""TweenMax"",""Twitter Emoji (Twemoji)"",""WordPress"",""Yoast SEO"",""animate.css"",""jQuery"",""jQuery Migrate""]",44662368,catchall,N/A,1bc9eafe47d5d188f86eb068cc35d7c2,N/A,N/A,85%,Insurance Agents: Brokers: and Service,N/A,N/A,N/A,N/A,N/A
Ann Londrigan,Ann,Londrigan,"Vice President, Member and Association Engagement",alondrigan@illinoisrealtors.org,Illinois Realtors®,illinoisrealtors.org,+13093475540,"303 Springfield Ave. Joliet, Illinois 604353149 Robbins Rd. Springfield, Illinois 62629522 S. Fifth Street,Springfield, IL 627013149 Robbins Rd., Springfield, Illinois 62629522 S. Fifth Street Springf",Springfield,IL,"=""62711""",75,9500213,65,"[""Apache"",""DataTables"",""Font Awesome"",""Google Font API"",""Google Tag Manager"",""Lightbox"",""Modernizr"",""Revslider"",""Ubuntu"",""WooCommerce"",""WordPress"",""Yoast SEO"",""YouTube"",""jQuery"",""jQuery Migrate""]",43785367,catchall,N/A,45aa62938a2a65ef3de2617145ee07ad,N/A,N/A,85%,Real Estate,https://facebook.com/pg/illinoisrealtors,https://linkedin.com/company/3267000,https://twitter.com/ilrealtor,https://instagram.com/illinoisrealtors,https://youtube.com/user/illinoisrealtor
Alon Steiner,Alon,Steiner,Vice President Business Development,alon.steiner@nationalgranite.com,National Granite Title Insurance Agency,nationalgranite.com,+18456391415,"155 North Main Street New City, NY 10956",New City,NY,"=""10956""",30,3000000,6411,"[""DreamWeaver"",""MailChimp"",""Nginx"",""jQuery""]",45304206,catchall,N/A,fc0fc161bf9fa61bc699bcbca43c1b96,N/A,N/A,85%,Insurance Agents: Brokers: and Service,N/A,N/A,N/A,N/A,N/A
Al Torres,Al,Torres,VP - Facultative Operations,al.torres@willis.com,Willis,willis.com,N/A,N/A,New York,NY,N/A,55000,0,6411,"[""AddThis"",""Bootstrap"",""CloudFlare"",""Google Font API"",""Google Tag Manager"",""Incapsula"",""Lazy.js"",""Microsoft ASP.NET"",""Sitecore"",""jQuery"",""scrollreveal""]",37679873,catchall,N/A,0af09c13af275bc3a7cfdc1c6fb6aaf4,N/A,N/A,85%,Insurance Agents: Brokers: and Service,N/A,N/A,N/A,N/A,N/A
Amastrop Amastrop,Amastrop,Amastrop,Senior Vice President,amastrop.amastrop@washingtonprime.com,Washington Prime Group,washingtonprime.com,+16146219000,N/A,Bethesda,MD,N/A,125,0,65,"[""Apache"",""Modernizr"",""jQuery""]",46658678,catchall,N/A,624e982951d777d1c2218105199c88d3,N/A,N/A,85%,Real Estate,N/A,https://linkedin.com/company/washington-prime-group-inc,N/A,https://instagram.com/washingtonprimegroup,N/A
Audrey Monroe,Audrey,Monroe,Assistant Vice President,amonroe@sigmares.com,Sigma Res,sigmares.com,N/A,N/A,College Park,MD,N/A,5,4600000,65,[],46172822,catchall,N/A,002390aae4073af1852e7979574485e2,N/A,N/A,85%,Real Estate,N/A,N/A,N/A,N/A,N/A
Albert Moss,Albert,Moss,Vice President,amoss@tobias.com,Tobias Insurance Group,tobias.com,N/A,N/A,Indianapolis,IN,N/A,125,6411000000,6411,[],40701463,catchall,N/A,f3c7251d662c9afb417c00b992d91ad1,N/A,N/A,85%,Insurance Agents: Brokers: and Service,N/A,N/A,N/A,N/A,N/A
Amy Kaplan,Amy,Kaplan,Vice President,amy.kaplan@willis.com,Willis,willis.com,N/A,N/A,New York,NY,N/A,55000,0,6411,"[""AddThis"",""Bootstrap"",""CloudFlare"",""Google Font API"",""Google Tag Manager"",""Incapsula"",""Lazy.js"",""Microsoft ASP.NET"",""Sitecore"",""jQuery"",""scrollreveal""]",37679890,catchall,N/A,211ba0a6bb05a5ae3318a390930cf8ef,N/A,N/A,85%,Insurance Agents: Brokers: and Service,N/A,N/A,N/A,N/A,N/A
Andrea Gardner,Andrea,Gardner,Vice President,andrea.gardner@thehartford.com,Hartford,thehartford.com,+18003227789,"P.O. Box 55359 Boston, MA 02205",Ct,CT,"=""02205""",55000,0,6411,"[""Akamai"",""Apache"",""Bootstrap"",""Moment.js"",""Tealium"",""jQuery""]",46004338,catchall,N/A,9c0cb3e4928ba74b38dbd18b19ea3fbd,N/A,N/A,85%,Insurance Agents: Brokers: and Service,https://facebook.com/thehartford,https://linkedin.com/company/the-hartford,https://twitter.com/thehartford,N/A,N/A
Andrew Richards,Andrew,Richards,Vice President Development & Construction,andrew@dezerdevelopment.com,Dezer Development,dezerdevelopment.com,+13055211699,"18555 Collins Avenue, Sunny Isles Beach, FL 33160",Dezer Development 18001 Collins Ave Sunny Isles Beach,FL,"=""33160""",30,5700128,65,"[""Facebook"",""Google Font API"",""Nginx"",""Revslider"",""TweenMax"",""Twitter Emoji (Twemoji)"",""WordPress"",""jQuery"",""jQuery Migrate""]",45139325,catchall,N/A,1c2ca7d0b64c54817b42cf2eb0718115,N/A,N/A,85%,Real Estate,N/A,N/A,N/A,N/A,N/A
Andrew Feola,Andrew,Feola,Vice President,andrew@geringercapital.com,Geringer Capital,geringercapital.com,N/A,N/A,Beverly Hills,CA,N/A,30,65000000,65,"[""Apache"",""Backbone.js"",""CentOS"",""Google Analytics"",""Laravel"",""PHP"",""RequireJS"",""jQuery""]",46477557,catchall,N/A,891840386d4d76bb2a1f7bcca1d6a996,N/A,N/A,85%,Real Estate,N/A,N/A,N/A,N/A,N/A
A Halarewicz,A,Halarewicz,Senior Vice President Business Development,andrewhalarewicz@globalprivatefunding.com,Global Private Funding,globalprivatefunding.com,+12522277013,N/A,Beverly Hills,CA,N/A,750,65000000,65,"[""Apache"",""Google Analytics"",""PHP"",""SWFObject""]",38722129,catchall,N/A,538a7742ce1ca209d5b9cfb3486022be,N/A,N/A,85%,Real Estate,N/A,N/A,N/A,N/A,N/A
Andrew Jones,Andrew,Jones,Vice President,andrewj@pactrust.com,Pactrust,pactrust.com,+14088794000,Suite 300 Portland OR 972241300 SE Stark Street Portland OR 97214,Portland,OR,"=""97214""",125,6767000,65,"[""Apache"",""Bootstrap"",""Google Analytics"",""Google Tag Manager"",""Matomo"",""PHP"",""Twitter Emoji (Twemoji)"",""WordPress"",""Yoast SEO"",""jQuery"",""jQuery Migrate""]",45328346,catchall,N/A,a2997840306990b5321e8f6d3567d353,N/A,N/A,85%,Real Estate,N/A,N/A,N/A,N/A,N/A
Andrew Metz,Andrew,Metz,Regional Vice President,andrew.metz@zywave.com,Zywave,zywave.com,+18664999283,"Suite 300 Milwaukee, WI 53226",Milwaukee,WI,"=""53226""",350,6411000000,6411,"[""CloudFlare"",""FancyBox"",""Google Analytics"",""Google Maps"",""Google Tag Manager"",""Marketo"",""Nginx"",""WP Engine"",""WordPress"",""jQuery"",""jQuery Migrate""]",45175083,catchall,N/A,a8dbb2fdf705a4e9436ef289a5698f07,N/A,N/A,85%,Insurance Agents: Brokers: and Service,https://facebook.com/zywave,https://linkedin.com/company/zywave,https://twitter.com/zywave,N/A,https://youtube.com/channel/ucph1yelctiifovfkjpyi5mw
Andy Raper,Andy,Raper,Vice President,andy@centralins.com,Central,centralins.com,+18003151753,"6000 N. Lamar Blvd. Austin, TX 78752",Austin,TX,"=""78752""",30,4000000,6411,"[""Google Analytics"",""Google Font API"",""Gravity Forms"",""OpenResty"",""Twitter Emoji (Twemoji)"",""WordPress"",""Yoast SEO"",""jQuery"",""jQuery Migrate"",""jQuery UI"",""reCAPTCHA""]",40024522,catchall,10/12/2020,5d4f1de18b934f4e79d6fe4c7575eaa5,N/A,N/A,85%,Insurance Agents: Brokers: and Service,https://facebook.com/centralinsuranceagency.tx,https://linkedin.com/company/911345,https://twitter.com/centralinsur,N/A,N/A
Andy Cooper,Andy,Cooper,Vice President,andy_cooper@wrmllc.com,Wrmllc,wrmllc.com,+14074452414,World Risk Management,Orlando,FL,N/A,5,1638653,6411,"[""Apache Traffic Server"",""Font Awesome"",""Google Analytics"",""Google Font API"",""Gravatar"",""Twitter"",""Twitter Emoji (Twemoji)"",""WordPress"",""jQuery"",""jQuery Migrate""]",36561109,catchall,N/A,33ff8c95ba3e7bb130746fd1bb9e3df7,N/A,N/A,85%,Insurance Agents: Brokers: and Service,https://facebook.com/wrmllc,https://linkedin.com/company/ballator-world-risk-management-llc/,https://twitter.com/worldriskmgmt,N/A,N/A
Andrew Hodges,Andrew,Hodges,Vice President,andy@signatureres.com,Signature Commercial Real Estate,signatureres.com,+15152219990,N/A,Clive,IA,N/A,30,65000000,65,[],44590319,catchall,N/A,2ce58b31d4a186309fe524ae433f6704,N/A,N/A,85%,Real Estate,https://facebook.com/pages/signature-real-estate-services-inc/307664919199,https://linkedin.com/company/signature-real-estate-services-inc-,https://twitter.com/briindsm,https://instagram.com/briindsm,N/A
Andrew Nelson,Andrew,Nelson,"Assistant Vice President - Property & Casualty, Professional Liability",anelson@wsandco.com,Woodruff Sawyer,wsandco.com,+14154026514,N/A,Portland,OR,N/A,350,6411000000,6411,"[""Elementor"",""Google Analytics"",""Google Font API"",""Google Tag Manager"",""MediaElement.js"",""Nginx"",""Pantheon"",""Pardot"",""Twitter Emoji (Twemoji)"",""Varnish"",""WordPress"",""ZURB Foundation"",""jQuery"",""jQuery Migrate""]",37519762,catchall,N/A,df79e80b9921bbcfe09c1e7be642532d,N/A,N/A,85%,Insurance Agents: Brokers: and Service,https://facebook.com/woodruffsawyer,https://linkedin.com/company/woodruff-sawyer,https://twitter.com/woodruffsawyer,N/A,https://youtube.com/channel/ucxbuqd50n-o8arfs7pcphsa
Anil Kumar Koo,Anil,Koo,Vice President,anil.koo@citigroup.com,Citi,citigroup.com,+12125594114,N/A,Roseland,NJ,N/A,30,83640000000,6411,"[""Adobe DTM"",""Bootstrap"",""Ensighten"",""Font Awesome"",""Google Analytics"",""Google Tag Manager"",""Lightbox"",""Lodash"",""RequireJS"",""jQuery""]",41186336,catchall,N/A,02a42e0189cccc2d6687605bcc3756d7,N/A,N/A,85%,Insurance Agents: Brokers: and Service,https://facebook.com/citi,https://linkedin.com/company/citi,https://twitter.com/citi,https://instagram.com/curtmcgrath/,https://youtube.com/user/citi
Anthony Fitzgerald,Anthony,Fitzgerald,VP Technology & Localization,anthony.fitzgerald@thelocalizer.com,Thelocalizer,thelocalizer.com,N/A,N/A,Novi,MI,N/A,30,2291400,65,"[""Bootstrap"",""Google Analytics"",""Google Tag Manager"",""OpenResty"",""jQuery""]",38197417,catchall,N/A,1d41bf8dba8268ed5c874c6ff052fa10,N/A,N/A,85%,Real Estate,N/A,N/A,N/A,N/A,N/A
Andrew Pearl,Andrew,Pearl,Vice President,apearl@ima-re.com,Investment Management,ima-re.com,+13056617803,"Suite 400 Coral Gables, Florida 33146",Miami,FL,"=""33146""",5,80000000,65,[],40914187,catchall,N/A,4e5492453c349d64798252c2bc2d4a5c,N/A,N/A,85%,Real Estate,https://facebook.com/pages/investment-management-associates/180629512147892,https://linkedin.com/company/investment-management-associates-inc-,https://twitter.com/imabrokers,N/A,N/A
Linda Aponte,Linda,Aponte,Vice President,aponte@villageway.com,Villageway Management,villageway.com,+19095901435,"23041 Avenida de la Carlota, Suite 270, Laguna Hills, CA 92653",Irvine,CA,"=""92653""",30,5700128,65,"[""Apache"",""Google Font API"",""Twitter Emoji (Twemoji)"",""WordPress"",""jQuery"",""jQuery Migrate""]",43661879,catchall,1/12/2021,6a5ed81eb1e2bf1d149ca37c0bf891b0,N/A,N/A,85%,Real Estate,https://facebook.com/villageway,N/A,N/A,N/A,N/A
Ann Porter,Ann,Porter,Executive Vice President / Owner,aporter@hopkinsappraisalservice.com,Hopkins Appraisal Service,hopkinsappraisalservice.com,+18128223338,"205 North College Avenue, Suite 610 Bloomington, IN",Kansas City,MO,N/A,30,5700128,65,"[""AddThis"",""Google Font API"",""jQuery""]",44947484,catchall,N/A,9bd92a0b7e8f8962f6d0d2cf419a77aa,N/A,N/A,85%,Real Estate,N/A,https://linkedin.com/in/blhopkins,N/A,N/A,N/A
Adam Prus,Adam,Prus,Executive Vice President,aprus@aaaabenefits.com,"Aaaa Benefits, Incis",aaaabenefits.com,+17045946290,"Suite 305 Charlotte, NC 28262-1103",Charlotte,NC,"=""28262-1103""",30,6411000000,6411,"[""Apache"",""Drupal"",""Google Analytics"",""PHP"",""jQuery""]",36236694,catchall,N/A,29ab87b9cb6c4157cdb03b62d265acfa,N/A,N/A,85%,Insurance Agents: Brokers: and Service,N/A,N/A,N/A,N/A,N/A
Arash Etemad,Arash,Etemad,Executive Vice President,arash@hoasmanagement.com,Community Association Management,hoasmanagement.com,(925) 417-7100,N/A,Pleasanton,CA,N/A,30,2600000,65,[],45781877,catchall,N/A,84badc393186ed332baa52c34e0fb1b9,N/A,N/A,85%,Real Estate,N/A,N/A,N/A,N/A,N/A
Austin Richter,Austin,Richter,Vice President,arichter@sunbrookpartners.com,Sunbrook,sunbrookpartners.com,N/A,N/A,Marina Del Rey,CA,N/A,5,1638653,65,[],42037075,catchall,N/A,2ccc3d012965c44c1f61e51e42b4b088,N/A,N/A,85%,Real Estate,N/A,N/A,N/A,N/A,N/A
Andy Roe,Andy,Roe,Vice-president Commercial Lines,aroe@arlingtonroe.com,Arlington / Roe,arlingtonroe.com,+18008789891,N/A,Indianapolis,IN,N/A,125,6411000000,6411,"[""Google Analytics"",""IIS"",""Microsoft ASP.NET"",""jQuery"",""jQuery Migrate"",""jQuery UI""]",43156194,catchall,N/A,c4e47aba83a5cb90c56ea3fd6d962a06,N/A,N/A,85%,Insurance Agents: Brokers: and Service,https://facebook.com/pages/arlingtonroe-co-inc/323126041063324,https://linkedin.com/company/arlington-roe-&-co,N/A,N/A,N/A
Rubeck,Rubeck,Rubeck,VP of Manufacturing,arubeck@yankeecandle.com,Yankee Candle-newell,yankeecandle.com,+18002431776,N/A,South Deerfield,MA,N/A,7500,3999000000,3999,"[""Bootstrap"",""Google Font API"",""Google Maps"",""Next.js"",""Polyfill"",""React"",""Slick"",""Tealium"",""jQuery"",""webpack""]",46252757,catchall,N/A,1940bdca403d3e11ab5354f9689592b3,N/A,N/A,85%,Manufacturing Industries: Not Elsewhere Classified,https://facebook.com/yankeecandle,N/A,https://twitter.com/theyankeecandle,https://instagram.com/yankeecandle,https://youtube.com/user/yankeecandlecompany
Asher Luzzatto,Asher,Luzzatto,Vice President and General Counsel,asher@luzzattocompany.com,Luzzatto,luzzattocompany.com,+13108297181,"816 Florence Ave., Fresno, CA 93706",Los Angeles,CA,"=""93706""",5,2400000,65,[],39301482,catchall,N/A,493f078a8326033ad3d60e2b926b065a,N/A,N/A,85%,Real Estate,N/A,N/A,N/A,N/A,N/A
Amalia Sykes,Amalia,Sykes,Senior Vice President,asykes@pyneco.com,Pyne,pyneco.com,N/A,N/A,New York,NY,N/A,5,7000000,65,"[""Microsoft ASP.NET""]",37170003,catchall,N/A,c8e2f3e8c83351da2dce3b9e1c4814a2,N/A,N/A,85%,Real Estate,N/A,N/A,N/A,N/A,N/A
Andrew Tomlin,Andrew,Tomlin,Vice President,a.tomlin@suntrustmortgage.com,Suntrust Banks Trust,suntrustmortgage.com,+18006347928,N/A,Tampa,FL,N/A,N/A,0,65,[],38709502,catchall,N/A,1e2d8f81292a29b182ad4c0e8de4e7a4,N/A,N/A,85%,Real Estate,https://facebook.com/suntrust,N/A,https://twitter.com/suntrust,N/A,https://youtube.com/user/livesolid
Athan Sunderland,Athan,Sunderland,Vice President,ats@prestonpartners.com,Preston,prestonpartners.com,N/A,N/A,Baltimore,MD,N/A,5,1638653,65,"[""Nginx"",""PHP"",""jQuery""]",43567335,catchall,N/A,598500e6bf793bc9233902dc1a497b02,N/A,N/A,85%,Real Estate,N/A,N/A,N/A,N/A,N/A
Amber Turner,Amber,Turner,Vice President At Westbrook Properties,aturner@sunbrookpartners.com,Sunbrook,sunbrookpartners.com,N/A,N/A,Marina Del Rey,CA,N/A,5,1638653,65,[],42037076,catchall,N/A,02a45fdb825e23089aea8e8c8069719f,N/A,N/A,85%,Real Estate,N/A,N/A,N/A,N/A,N/A
Aj Osborne,Aj,Osborne,Vice President,austino@westben.com,Western Benefit Solutions,westben.com,N/A,N/A,Boise,ID,N/A,30,6411000000,6411,"[""Google Maps"",""Google Tag Manager"",""Handlebars"",""IIS"",""Incapsula"",""Microsoft ASP.NET"",""Modernizr"",""Sitecore"",""Swiftype"",""jQuery"",""jQuery UI""]",42546653,catchall,N/A,8c1ba5d5936360e7356368a4c283b734,N/A,N/A,85%,Insurance Agents: Brokers: and Service,N/A,N/A,N/A,N/A,N/A
Andrew Zamberlin,Andrew,Zamberlin,Senior Vice President,azamberlin@tyriscorp.com,Tyris,tyriscorp.com,+19252889200,"1220 Diamond Way, Suite 100 Concord, CA 94520",Concord,CA,"=""94520""",5,763800,65,[],44067849,catchall,N/A,d7fecbf9fe1971ff7c6f5cd97d616cbc,N/A,N/A,85%,Real Estate,N/A,N/A,N/A,N/A,N/A
Aziz Syed,Aziz,Syed,VP of Acquisitions,aziz@gideonam.com,Gideon Asset Management,gideonam.com,+19176702015,N/A,New York,NY,N/A,30,5700128,65,[],38564259,catchall,N/A,5801145bced4557fe9d8ea137e641a1c,N/A,N/A,85%,Real Estate,https://facebook.com/gideonasset,https://linkedin.com/company/gideon-asset-management,https://twitter.com/gideonasset,https://instagram.com/gideonasset,https://youtube.com/channel/ucud1jh_7lgzn3b9xpkun2qg
Benji Alday,Benji,Alday,Regional Vice President,balday@smpmgt.com,Strategic Management,smpmgt.com,+14046140808,"1980 Briarcliff Rd Milledgeville, GA 31061",Norcross,GA,"=""31061""",350,0,65,[],42982005,catchall,N/A,7a5e891aae78e981a68f975c25a57851,N/A,N/A,85%,Real Estate,N/A,N/A,N/A,N/A,N/A
Bali Raghavan,Bali,Raghavan,VP Engineering,bali@opendoor.com,Opendoor Labs,opendoor.com,+16822078259,"1 Post Street, Floor 11 San Francisco, CA 94104",San Francisco,CA,"=""94104""",750,154210747,65,"[""CloudFlare"",""Criteo"",""Facebook"",""Google Analytics"",""Google Tag Manager"",""Next.js"",""Sentry"",""Segment"",""webpack""]",36299497,catchall,N/A,48914919c224392d3d20823c7844efe6,N/A,N/A,85%,Real Estate,https://facebook.com/opendoorhq,https://linkedin.com/company/opendoor-com,https://twitter.com/opendoor,https://instagram.com/opendoor/,N/A
Tankersley Barbara,Tankersley,Barbara,"Vice President, Human Capital Practice",barbara.tankersley@willis.com,Willis,willis.com,N/A,N/A,New York,NY,N/A,55000,0,6411,"[""AddThis"",""Bootstrap"",""CloudFlare"",""Google Font API"",""Google Tag Manager"",""Incapsula"",""Lazy.js"",""Microsoft ASP.NET"",""Sitecore"",""jQuery"",""scrollreveal""]",37679833,catchall,N/A,2c7567ed80c00b3bbe38e78b25d44c0e,N/A,N/A,85%,Insurance Agents: Brokers: and Service,N/A,N/A,N/A,N/A,N/A
Barry Kramer,Barry,Kramer,Sr. Vice President,barryk@chivaroli.com,Chivaroli,chivaroli.com,+18053713680,"Suite 101 Westlake Village, CA 91362",Westlake Village,CA,"=""91362""",30,6411000000,6411,"[""Font Awesome"",""Google Analytics"",""Google Font API"",""Nginx"",""Revslider"",""Twitter Emoji (Twemoji)"",""WP Engine"",""WordPress"",""Yoast SEO"",""jQuery"",""jQuery Migrate"",""jQuery UI""]",38385569,catchall,N/A,97ca439ef80d7757bef2304c89763e4e,N/A,N/A,85%,Insurance Agents: Brokers: and Service,https://facebook.com/chivaroli-associates-insurance-services-456678127769843,https://linkedin.com/company/chivaroli-&-associates-insurance-services,https://twitter.com/chivaroli_ins,N/A,https://youtube.com/user/chivaroliinsurance
Bryan Bate,Bryan,Bate,Vice President,bate@burnhambenefits.com,Burnham Benefits,burnhambenefits.com,+15595771370,"2211 Michelson Drive, Suite 1200 Irvine, CA 92612",Irvine,CA,"=""92612""",30,15000000,6411,"[""Bootstrap"",""CloudFlare"",""Font Awesome"",""Google Analytics"",""Google Font API"",""Google Tag Manager"",""Laravel"",""Modernizr"",""Nginx"",""OWL Carousel"",""PHP"",""Segment"",""animate.css"",""jQuery""]",36519267,catchall,1/12/2021,7dcb55ec36d580bf473babcf36d79be5,N/A,N/A,85%,Insurance Agents: Brokers: and Service,https://facebook.com/burnhambenefits,https://linkedin.com/company/burnham-benefits,https://twitter.com/burnhambenefits,N/A,N/A
Barbara Berg,Barbara,Berg,Assistant Vice President,bberg@seattlespecialty.com,Seattle Specialty Insurance Services,seattlespecialty.com,+14256093555,N/A,Everett,WA,N/A,125,6411000000,6411,"[""Apache"",""Google Analytics"",""jQuery""]",42808003,catchall,N/A,6392a7332decc3eb9d2ef572bb731392,N/A,N/A,85%,Insurance Agents: Brokers: and Service,N/A,https://linkedin.com/company/214165,N/A,N/A,N/A
Bob Champagne,Bob,Champagne,Vice President Capital Projects,bchampagne@greystar.com,Greystar,greystar.com,+17192431002,"750 Bering Drive, Suite 300 Houston, TX 77075",Charlotte,NC,"=""77075""",7500,110000000,65,"[""Google Maps"",""Google Tag Manager""]",39772575,catchall,N/A,674c1ab4fc325744f38f304be72e280d,N/A,N/A,85%,Real Estate,https://facebook.com/greystarapts,https://linkedin.com/company/greystar,https://twitter.com/greystarapts,N/A,https://youtube.com/user/greystarapartments
Bill Gilliam,Bill,Gilliam,Vice President,bcic@higginbotham.net,Higginbotham,higginbotham.net,+19407235309,3535 NW 58th Street Suite 950 Oklahoma City,Fort Worth,TX,N/A,5,1000000,6411,"[""Drupal"",""Google Analytics"",""Nginx"",""jQuery""]",42253234,catchall,N/A,9edc5c081e135d40b1e87f0f06335d5c,N/A,N/A,85%,Insurance Agents: Brokers: and Service,https://facebook.com/higginbothamins,https://linkedin.com/company/higginbotham-&-associates,https://twitter.com/higginbothamins,N/A,N/A
Bill Concannon,Bill,Concannon,Vice President,bconcannon@covepg.com,Cove Property Group,covepg.com,+12122574120,"441 Ninth Avenue | New York Cityat 2 Rector Street for $225 million to Kevin Hoos Cove Property Group and Bentall Kennedy, a pension fund, the New York Post reported.101 Greenwich Street | New York Ci",New York,NY,N/A,30,7000000,65,"[""Apache"",""Font Awesome"",""Google Font API"",""List.js"",""PHP"",""Twitter Emoji (Twemoji)"",""WordPress"",""animate.css"",""jQuery"",""jQuery Migrate""]",45969603,catchall,N/A,8c28871cf717bfd49c7bb7cda8880110,N/A,N/A,85%,Real Estate,https://facebook.com/newyorkyimby,https://linkedin.com/company/cove-property-group,https://twitter.com/newyorkyimby,https://instagram.com/newyorkyimby,N/A
Blane Curry,Blane,Curry,Vice President | Risk Advisor,bcurry@publicstorage.com,Public Storage Click To Openyour Account Log Increate,publicstorage.com,+18664548454,"P.O. Box 25050 Glendale, CA 91221-5050",Houston,TX,"=""91221-5050""",3000,2600000000,65,"[""Google Analytics"",""Google Tag Manager"",""IIS"",""Microsoft ASP.NET"",""Polyfill"",""React""]",39373128,catchall,N/A,c5a11f8e23262759b7bdedb4a46af8e5,N/A,N/A,85%,Real Estate,https://facebook.com/publicstorage,N/A,https://twitter.com/publicstorage,N/A,https://youtube.com/user/publicstorage
Brent Williams,Brent,Williams,Assistant Vice President and Senior Counsel,bcwilliams@unum.com,Unum Corporate,unum.com,+18667508686,", 8485 Goodwood Blvd, Baton Rouge, LA 70806",Chattanooga,TN,"=""70806""",55000,0,6411,"[""Facebook"",""Google Analytics"",""Google Font API"",""Google Tag Manager"",""Microsoft ASP.NET"",""Sitecore""]",44056538,catchall,N/A,d0e9bbdd2ac45a83170e8042852ab6a7,N/A,N/A,85%,Insurance Agents: Brokers: and Service,https://facebook.com/unumbenefits,https://linkedin.com/company/unum,https://twitter.com/unumnews,N/A,N/A
Brian Dapper,Brian,Dapper,Sr. Regional VP,bdapper@conam.com,Conam Management,conam.com,+18586147200,N/A,San Diego,CA,N/A,5,27442800,65,"[""Bootstrap"",""Font Awesome"",""Microsoft ASP.NET"",""Slick"",""animate.css"",""jQuery""]",40015901,catchall,N/A,476d9e3ae690fcdc25e7c275da3304e4,N/A,N/A,85%,Real Estate,https://facebook.com/conammanagement,https://linkedin.com/company/conam-management-corporation,https://twitter.com/conammanagement,https://instagram.com/conammanagement,https://youtube.com/channel/ucxtc_tawoxycflsve1yblrg
Bill Downes,Bill,Downes,VP Information Protection,bdownes@thehartford.com,Hartford,thehartford.com,+18003227789,"P.O. Box 55359 Boston, MA 02205",Ct,CT,"=""02205""",55000,0,6411,"[""Akamai"",""Apache"",""Bootstrap"",""Moment.js"",""Tealium"",""jQuery""]",46004103,catchall,N/A,9bb7aff4497debf0890b3c9a01a01286,N/A,N/A,85%,Insurance Agents: Brokers: and Service,https://facebook.com/thehartford,https://linkedin.com/company/the-hartford,https://twitter.com/thehartford,N/A,N/A
Brian Dreyer,Brian,Dreyer,Executive Vice President,bdreyer@ucpm.com,Ucpm Environmental,ucpm.com,N/A,N/A,Gilbert,AZ,N/A,30,6000000,6411,[],39451910,catchall,N/A,13aa497c9ccb567f818fc37b8ec42436,N/A,N/A,85%,Insurance Agents: Brokers: and Service,N/A,N/A,N/A,N/A,N/A
Brian Emery,Brian,Emery,Vice President,bemery@mingoaero.com,Mingo,mingoaero.com,+19182727371,"8141 North 116th East Avenue Owasso, OK 74055",Tulsa,OK,"=""74055""",30,6000000,45,"[""All in One SEO Pack"",""Apache"",""FancyBox"",""Font Awesome"",""Google Analytics"",""Google Font API"",""Modernizr"",""PHP"",""Revslider"",""Twitter Emoji (Twemoji)"",""WordPress"",""jQuery"",""jQuery Migrate""]",40525244,catchall,N/A,99ba1e0f47c0666769b7c1a2eac41cf4,N/A,N/A,85%,Transportation By Air,https://facebook.com/mingoaerospace,https://linkedin.com/company/mingo-aerospace-llc,https://twitter.com/mingoaero,https://instagram.com/mingoaerospace,N/A
Ben Hahn,Ben,Hahn,Vice President Technology,ben@blpent.com,Blp Enterprises,blpent.com,+18609902444,N/A,New York,NY,N/A,5,6000000,65,"[""Apache""]",41275808,catchall,N/A,6023a650bae8b2de5e16fda0ae2c6a4a,N/A,N/A,85%,Real Estate,N/A,N/A,https://twitter.com/chestermarina,N/A,N/A
Ben Davis,Ben,Davis,Senior Vice President,ben.davis@guycarp.com,Guy Carpenter,guycarp.com,+13477532348,"1166 Avenue of the Americas New York, NY 10036",Minneapolis,MN,"=""10036""",300,128780,6411,"[""Adobe Experience Manager"",""Apache"",""Google Analytics"",""Lodash"",""Modernizr"",""Pardot"",""ZURB Foundation"",""jQuery""]",38471452,catchall,N/A,c659821caf272a95c273fd6a89cc2c49,N/A,N/A,85%,Insurance Agents: Brokers: and Service,N/A,N/A,https://twitter.com/guycarpenter,N/A,N/A
Benjamin French,Benjamin,French,Vice-president,benf@waldorffinsurance.com,Waldorff,waldorffinsurance.com,N/A,N/A,Gainesville,FL,N/A,30,6411000000,6411,"[""IIS"",""Microsoft ASP.NET""]",42101608,catchall,N/A,ba8b1b939d92b241f877690912fe7d41,N/A,N/A,85%,Insurance Agents: Brokers: and Service,N/A,N/A,N/A,N/A,N/A
Brian English Cpcu,Brian,Cpcu,Executive Vice President,benglish@wbais.com,W. Brown,wbais.com,+19494281328,"19000 MacArthur Blvd, Suite 600 Irvine, CA",Irvine,CA,N/A,125,6411000000,6411,"[""Google Font API"",""IIS"",""Modernizr"",""jQuery"",""jQuery UI"",""prettyPhoto""]",37434937,catchall,N/A,86d7429d5cba4cb69d4ba5ff702da5c1,N/A,N/A,85%,Insurance Agents: Brokers: and Service,N/A,N/A,N/A,N/A,N/A
A Beth,A,Beth,VP - Benefits,betha@crbins.com,Crb,crbins.com,+18007116806,"500 Wisconsin Ave - First Floor Racine, WI 53403500 Wisconsin Ave Racine, WI 53403",Racine,WI,"=""53403""",30,5000000,6411,"[""Google Font API"",""Squarespace"",""YUI"",""jQuery"",""webpack""]",45535791,catchall,N/A,5f5875e2bd0d5d58a68467962f0ec47c,N/A,N/A,85%,Insurance Agents: Brokers: and Service,https://facebook.com/crb-insurance-107778569301294,N/A,N/A,N/A,https://youtube.com/channel/ucz94y7ks_0zxkdjzjc5zypg
Beth Pritzl,Beth,Pritzl,Vice President,beth@thequotientgroup.com,Quotient Group,thequotientgroup.com,+19208094550,N/A,Appleton,WI,N/A,5,1638653,45,"[""Bootstrap"",""CloudFlare"",""Font Awesome"",""Google Analytics"",""Google Font API"",""Lightbox"",""Modernizr"",""OWL Carousel"",""Revslider"",""Twitter Emoji (Twemoji)"",""WordPress"",""jQuery"",""jQuery Migrate"",""jQuery UI"",""reCAPTCHA""]",45813377,catchall,N/A,e2ed79c20294ff856e1030c79760758b,N/A,N/A,85%,Transportation By Air,https://facebook.com/thequotientgroup,N/A,https://twitter.com/quotientgroup,https://instagram.com/quotientgroup,N/A
Ben Forsyth,Ben,Forsyth,Vice President,bforsyth@westerrarealty.com,Westerra Realty & Management,westerrarealty.com,+18017979499,N/A,Salt Lake City,UT,N/A,5,519920,65,"[""Apache"",""OWL Carousel"",""jQuery""]",42641575,catchall,N/A,0eb78fba48de464ff4558380f598ace7,N/A,N/A,85%,Real Estate,N/A,N/A,N/A,N/A,N/A
Bob Frankovic,Bob,Frankovic,Sr. Vice President,bfrankovic@cretcherheartland.com,Cretcher Heartland,cretcherheartland.com,N/A,N/A,unknown city,unknown state,N/A,125,6411000000,6411,"[""Apache"",""Google Analytics"",""Google Font API"",""Twitter Emoji (Twemoji)"",""WordPress"",""jQuery"",""jQuery Migrate"",""jQuery UI"",""prettyPhoto""]",39623755,catchall,N/A,c29e95a5c973b1eeb91a2c317dbdd6b7,N/A,N/A,85%,Insurance Agents: Brokers: and Service,https://facebook.com/cretcherheartland,https://linkedin.com/company/cretcher-heartland-llc,N/A,N/A,N/A
Brittany Goldberg,Brittany,Goldberg,Vice President,bgoldberg@MSCretail.com,Msc Retail,MSCretail.com,+12158837402,"7161 Grasswood Avenue Malibu, CA 90265",Philadelphia,PA,"=""90265""",30,5700128,65,"[""AddToAny"",""Facebook"",""Google Tag Manager"",""Sucuri"",""Twitter"",""Typekit"",""WordPress"",""jQuery"",""jQuery Migrate""]",46432543,catchall,N/A,b730d09275b766a7a2d82d244cdc8ee1,N/A,N/A,85%,Real Estate,https://facebook.com/pages/michael-salove-company/183322825012984,https://linkedin.com/company/mscretail,https://twitter.com/msc_retail,https://instagram.com/msc_retail,https://youtube.com/channel/uc3x58r8o2unwdzy8t3p9n1a/feed
Ben Hall,Ben,Hall,VP & Managing Director - Jkj Retirement Services,bhall@jkj.com,Jkj,jkj.com,+12155796441,N/A,Newtown,PA,N/A,125,6411000000,6411,"[""CloudFlare"",""Google Analytics"",""HubSpot"",""Nginx"",""Twitter Emoji (Twemoji)"",""Typekit"",""WordPress"",""jQuery""]",45249073,catchall,N/A,ad053810548e8b192143d70fcbc082cb,N/A,N/A,85%,Insurance Agents: Brokers: and Service,https://facebook.com/pages/johnson-kendall-johnson-inc/117602738325031,https://linkedin.com/company/johnson-kendall-&-johnson,https://twitter.com/jkjinc1,N/A,N/A
Brianne Heffner,Brianne,Heffner,Vice President of Development,bheffner@sphome.com,Southport Financial Services,sphome.com,+18004728048,"5403 West Gray St. Tampa, FL 336095403 West Gray Street Tampa, FL 33609",Tampa,FL,"=""33609""",30,2600000,65,[],46020791,catchall,N/A,4bfd13cc09ce1e9033c2221153a0f078,N/A,N/A,85%,Real Estate,N/A,https://linkedin.com/company/southport-financial-services-inc.,N/A,N/A,N/A
Brandon Holloway,Brandon,Holloway,Associate Vice President,bholloway@singermanre.com,Singerman Real Estate,singermanre.com,+13125449645,N/A,Chicago,IL,N/A,30,7000000,65,"[""Apache"",""WordPress""]",41883114,catchall,N/A,530fae0dca614ad1e7b377eb1113d175,N/A,N/A,85%,Real Estate,N/A,N/A,N/A,N/A,N/A
Brent Howell,Brent,Howell,Vice President - Benefits,bhowell@watkinsinsurancegroup.com,Watkins Insurance Group,watkinsinsurancegroup.com,+15126374192,"Suite 100 Austin, Texas 78759",Austin,TX,"=""78759""",125,6411000000,6411,"[""Apache Traffic Server"",""Google Analytics"",""Google Font API"",""Google Tag Manager"",""Twitter Emoji (Twemoji)"",""WordPress"",""Yoast SEO"",""jQuery"",""jQuery Migrate"",""jQuery UI""]",42524611,catchall,N/A,695dbbd7bb7fef6008363b4304151fa3,N/A,N/A,85%,Insurance Agents: Brokers: and Service,https://facebook.com/watkins.insurance,https://linkedin.com/company/watkins-insurance-group,https://twitter.com/tweetwatkins,https://instagram.com/watkinsinsurance,N/A
Brenda Jenks,Brenda,Jenks,"Assistant Vice President, Transportation Product Manager",bjenks@mxmsig.com,Maxum Indemnity,mxmsig.com,+16785974501,"Parkway, Suite 500 Alpharetta, GA",Alpharetta,GA,N/A,125,6411000000,6411,"[""Akamai"",""Google Analytics"",""IIS"",""Microsoft ASP.NET"",""MooTools"",""jQuery""]",37269586,catchall,N/A,e512bb5e0f20aa3d092581df0dc5f310,N/A,N/A,85%,Insurance Agents: Brokers: and Service,N/A,https://linkedin.com/company/maxum-specialty-insurance-group,N/A,N/A,N/A
Bill Kleinecke,Bill,Kleinecke,Vice President,bkleinecke@sutterinsurance.com,Sutter,sutterinsurance.com,+17147381383,P O Box 808004 Petaluma CA,Petaluma,CA,N/A,30,6411000000,6411,"[""Apache"",""Google Analytics"",""PHP"",""UNIX"",""mod_auth_pam""]",43150011,catchall,N/A,55e046320105677ed7a2a461d0f79da2,N/A,N/A,85%,Insurance Agents: Brokers: and Service,N/A,N/A,N/A,N/A,N/A
Blair Jones,Blair,Jones,Vice President,blair@nashandpowers.com,Nash & Powers,nashandpowers.com,+14237648782,"615 Shelby Street Bristol, TN 37620",Bristol,TN,"=""37620""",30,6411000000,6411,"[""Apache"",""Font Awesome"",""Google Analytics"",""Twitter Emoji (Twemoji)"",""WordPress"",""jQuery"",""jQuery Migrate""]",36926380,catchall,N/A,0e5cffdd59b92da51de07769ad730148,N/A,N/A,85%,Insurance Agents: Brokers: and Service,https://facebook.com/nashandpowersinsurance/,N/A,N/A,N/A,N/A
Brenda Lathan,Brenda,Lathan,Vice President,blathan@cldlink.org,Columbus Lowndes Development Link,cldlink.org,N/A,N/A,Columbus,MS,N/A,5,1638653,91,"[""Apache"",""Google AdSense""]",38658231,catchall,N/A,524ec620dc2e3029b3ef5f992dcb885b,N/A,N/A,85%,Executive: Legislative: and General Government: except Finance,N/A,N/A,N/A,N/A,N/A
Brandon Levy,Brandon,Levy,Senior Vice President,blevy@mackinsurance.com,Insurance Group,mackinsurance.com,+18003514224,N/A,Deerfield Beach,FL,N/A,30,6411000000,6411,"[""Google Font API"",""Gravity Forms"",""Nginx"",""Revslider"",""WP Engine"",""WordPress"",""Yoast SEO"",""YouTube"",""jQuery"",""jQuery Migrate""]",46222240,catchall,N/A,f5243b2b44886cdf8ff5842a11ac3e59,N/A,N/A,85%,Insurance Agents: Brokers: and Service,N/A,N/A,N/A,N/A,N/A
Benna Milliken,Benna,Milliken,Vice President Commercial Lines Manager,bmilliken@rodgersgrp.com,Rodgersgrp,rodgersgrp.com,+14129225117,"Rodgers Insurance Group  651 Holiday Drive, Foster Plaza V, Pittsburgh, PA 15220",Pittsburgh,PA,"=""15220""",30,6411000000,6411,"[""Apache"",""Google Analytics"",""jQuery""]",38582112,catchall,N/A,1c9d3ca94c8d21ed442ba536cb1ee55e,N/A,N/A,85%,Insurance Agents: Brokers: and Service,N/A,N/A,N/A,N/A,N/A
Barbara Nash,Barbara,Nash,Vice President,bnash@andersoncsi.com,Anderson Corporate,andersoncsi.com,N/A,N/A,Lawrenceville,GA,N/A,30,6411000000,6411,"[""Apache"",""Bootstrap"",""Google Font API"",""PHP"",""jQuery""]",38547721,catchall,N/A,ba1824333dc3fdb7fc0757eb5dd0ec20,N/A,N/A,85%,Insurance Agents: Brokers: and Service,N/A,N/A,N/A,N/A,N/A
Bob Alkire Cpcu,Bob,Cpcu,Senior Vice President,bob.alkire@5starsp.com,5star Specialty,5starsp.com,+13214216721,N/A,St. Louis,MO,N/A,30,6411000000,6411,"[""Bootstrap"",""DNN"",""Google Analytics"",""Google Font API"",""Google Tag Manager"",""Lightbox"",""Microsoft ASP.NET"",""jQuery"",""jQuery Migrate"",""jQuery UI""]",43662692,catchall,N/A,2beccf81ca2277d3012e3d8993ad84b1,N/A,N/A,85%,Insurance Agents: Brokers: and Service,N/A,N/A,N/A,N/A,N/A
Bob Frisch,Bob,Frisch,Vice President,bobfrisch@armstrongdev.com,Armstrong Development Properties,armstrongdev.com,+19728698055,N/A,Davis,CA,N/A,125,7798800,65,"[""Bootstrap"",""Font Awesome"",""Google Analytics"",""Microsoft ASP.NET"",""Modernizr"",""jQuery""]",41839024,catchall,N/A,f63a5b7872228cf7c13eba21e5b91382,N/A,N/A,85%,Real Estate,N/A,https://linkedin.com/company/armstrong-development-properties,N/A,N/A,N/A
Robert Guevara,Robert,Guevara,VP Inland Marine,bobg@aaisonline.com,Aaisonline,aaisonline.com,+16304573290,"701 Warrenville Road Suite 100 Lisle, IL 60532",Wheaton,IL,"=""60532""",125,6411000000,6411,"[""AlloyUI"",""Apache"",""Bootstrap"",""Google Analytics"",""Java"",""Liferay"",""OWL Carousel"",""Ubuntu"",""YUI"",""jQuery""]",38133617,catchall,N/A,d9857ade79fd8a477a354381f29922fa,N/A,N/A,85%,Insurance Agents: Brokers: and Service,https://facebook.com/aaisconnect,https://linkedin.com/company/1782266,https://twitter.com/aaiscorporate,N/A,https://youtube.com/channel/ucmknckcntsg6vsh46sv4ziq
Bob Gulino,Bob,Gulino,Regional Vice President,bob.gulino@thehartford.com,Hartford,thehartford.com,+18003227789,"P.O. Box 55359 Boston, MA 02205",Ct,CT,"=""02205""",55000,0,6411,"[""Akamai"",""Apache"",""Bootstrap"",""Moment.js"",""Tealium"",""jQuery""]",46003971,catchall,N/A,8e664e770d32a3872675428b8ba6d2f2,N/A,N/A,85%,Insurance Agents: Brokers: and Service,https://facebook.com/thehartford,https://linkedin.com/company/the-hartford,https://twitter.com/thehartford,N/A,N/A
Bob Mccarthy,Bob,Mccarthy,VP Business Development,bob@kcportland.com,Cobalt,kcportland.com,+15032398432,"1100 NE 28th Ave., Ste. 100 Portland, OR 97232",Portland,OR,"=""97232""",5,1638653,65,"[""Sentry"",""Squarespace"",""Typekit"",""YUI"",""webpack""]",41268271,catchall,N/A,fe76bb310cca49736885507ec503b206,N/A,N/A,85%,Real Estate,N/A,N/A,N/A,N/A,N/A
Brian Potvin,Brian,Potvin,VP of Operations,bpotvin@mihomes.com,Mi Home,mihomes.com,+16144188080,"PO Box 43069 Providence, RI 02240-3069",Parrish,FL,"=""02240-3069""",N/A,0,65,"[""Facebook"",""Google Analytics"",""Google Font API"",""Google Maps"",""Google Tag Manager"",""IIS"",""Lodash"",""Microsoft ASP.NET"",""Sitecore"",""jQuery"",""webpack""]",36563770,catchall,N/A,f5bb7840b83b9e2a420a89d9fa6059fc,N/A,N/A,85%,Real Estate,https://facebook.com/mihomesinc,N/A,https://twitter.com/mihomes,https://instagram.com/mihomes,N/A
Brad Britt,Brad,Britt,Vice President,brad.britt@nowellagency.com,Anderson Walker And Coker Ins Agncy,nowellagency.com,+18888241785,"6645 Hwy 98 West, Ste. 1 Hattiesburg, MS 394022010 Oak Grove Road, Bldg. 1 Hattiesburg, MS 39402",Hattiesburg,MS,"=""39402""",5,2000000,6411,"[""Google Analytics"",""Google Font API"",""Google Tag Manager"",""Nginx"",""PHP"",""Plesk"",""WordPress""]",42434791,catchall,N/A,a102cdd888b5a12ed5885cf7c9034066,N/A,N/A,85%,Insurance Agents: Brokers: and Service,https://facebook.com/thenowellagency,https://linkedin.com/company/nowell-agency,N/A,N/A,https://youtube.com/channel/uc7zik3vocnpl73xyy__h-dq
Brad Gabbard,Brad,Gabbard,Senior Vice President,brad.gabbard@willis.com,Willis,willis.com,N/A,N/A,New York,NY,N/A,55000,0,6411,"[""AddThis"",""Bootstrap"",""CloudFlare"",""Google Font API"",""Google Tag Manager"",""Incapsula"",""Lazy.js"",""Microsoft ASP.NET"",""Sitecore"",""jQuery"",""scrollreveal""]",37679822,catchall,N/A,638ac5cb2314b5661b3d99c051e93081,N/A,N/A,85%,Insurance Agents: Brokers: and Service,N/A,N/A,N/A,N/A,N/A
Brad Hatfield,Brad,Hatfield,Vice President of Real Estate,brad@jstreethospitality.com,J Street Hospitality,jstreethospitality.com,+16195441004,"321 7th Ave San Diego, CA 92101",San Diego,CA,"=""92101""",5,1400000,65,"[""Apache"",""Twitter Emoji (Twemoji)"",""WordPress"",""jQuery"",""jQuery Migrate""]",38607732,catchall,N/A,ecbc2f1a8705b49056b3202c609733d8,N/A,N/A,85%,Real Estate,N/A,N/A,N/A,N/A,N/A
Brandon Nicolas,Brandon,Nicolas,Vice President,brandon.nicolas@carringtonps.com,Carrington Property Services,carringtonps.com,+18773824357,"P.O. Box 3759 Anaheim, CA 92803",unknown city,unknown state,"=""92803""",350,600000000,65,"[""Font Awesome"",""Google Analytics"",""Google Font API"",""jQuery"",""jQuery UI""]",45263333,catchall,N/A,b4696025bcc30c32b8f476a884486b1d,N/A,N/A,85%,Real Estate,N/A,N/A,N/A,N/A,N/A
Brandon Zappi,Brandon,Zappi,Vice President,brandon@zappico.com,Zappico,zappico.com,+19142321342,"194 Brady Ave, Hawthorne, NY 10532",New York,NY,"=""10532""",5,1638653,65,[],40080246,catchall,N/A,8798757e24d808d4e5e305d0556c5385,N/A,N/A,85%,Real Estate,https://facebook.com/zappico,https://linkedin.com/company/zappico-real-estate-development,N/A,https://instagram.com/zappico,https://youtube.com/channel/uc3evs3_l_8pcj-m2xbjrvyq
Bob Reicher,Bob,Reicher,Vice President,breicher@chiefenergy.com,Chief Energy,chiefenergy.com,+18005335325,N/A,Brooklyn,NY,N/A,30,5983000000,5983,"[""Apache"",""Facebook"",""Google Analytics""]",43378625,catchall,N/A,9bc4f587b696582c44f5755f50121260,N/A,N/A,85%,Fuel Oil Dealers,N/A,N/A,https://twitter.com/chiefenergyny,N/A,N/A
Brenda Ballard,Brenda,Ballard,Vice President,brenda.ballard@neacelukens.com,Neace Lukens,neacelukens.com,N/A,N/A,Indianapolis,IN,N/A,750,6411000000,6411,[],36368181,catchall,N/A,972245864933f59a7bbff2fcef97791f,N/A,N/A,85%,Insurance Agents: Brokers: and Service,N/A,N/A,N/A,N/A,N/A
Brenda Deborah,Brenda,Deborah,Coodinadora,brenda@globalpass.com,Globalpass,globalpass.com,N/A,N/A,Virginia Gardens,FL,N/A,30,45000000,45,"[""Nginx"",""PHP"",""jQuery""]",41954552,catchall,N/A,072432847dc32a6d4df077f84bb4d5d9,N/A,N/A,85%,Transportation By Air,N/A,N/A,N/A,N/A,N/A
Brett Carlson,Brett,Carlson,Senior Vice President,brett.carlson@willis.com,Willis,willis.com,N/A,N/A,New York,NY,N/A,55000,0,6411,"[""AddThis"",""Bootstrap"",""CloudFlare"",""Google Font API"",""Google Tag Manager"",""Incapsula"",""Lazy.js"",""Microsoft ASP.NET"",""Sitecore"",""jQuery"",""scrollreveal""]",37679808,catchall,N/A,8084fdb074a905c9fe0bb026a211e516,N/A,N/A,85%,Insurance Agents: Brokers: and Service,N/A,N/A,N/A,N/A,N/A
Brett Paul,Brett,Paul,Vice President,brettpaul@xsiterealestate.com,Xsite Real Estate,xsiterealestate.com,+16306695678,"745 McClintock Dr., Suite 110, Burr Ridge, IL,",Chicago,IL,N/A,5,1638653,65,"[""Google Font API"",""Modernizr"",""Squarespace"",""Typekit"",""YUI"",""webpack""]",42374255,catchall,N/A,f61978c92b786a3bec24566b1172e705,N/A,N/A,85%,Real Estate,N/A,N/A,N/A,N/A,N/A
Brian Lee,Brian,Lee,Vice President,brian.lee@partnersinbuilding.com,Partners In Building,partnersinbuilding.com,+12813565339,"Suite C250, Houston, TX 77043",Houston,TX,"=""77043""",300,25000000,65,"[""AppNexus"",""CloudFlare"",""Drupal"",""Google Font API"",""Google Tag Manager"",""Modernizr"",""PHP"",""jQuery"",""reCAPTCHA""]",46150827,catchall,N/A,8b17b2a2799d6876817d6ebacbcafb89,N/A,N/A,85%,Real Estate,https://facebook.com/v2.5/dialog/oauth,https://linkedin.com/company/partners-in-building,https://twitter.com/partnersinbuild,N/A,N/A
Brian Maxwell,Brian,Maxwell,Vice President,brian.maxwell@statefarm.com,State Farm,statefarm.com,+18008656035,"P.O. Box 588002 North Metro, GA 30029",Oviedo,FL,"=""30029""",5,1000000,6411,"[""Azure CDN"",""Bootstrap"",""EdgeCast"",""Ensighten"",""Lazy.js"",""Optimizely"",""jQuery"",""jQuery Migrate""]",44070080,catchall,N/A,31985b5c1a988cae432fc4e92e782063,N/A,N/A,85%,Insurance Agents: Brokers: and Service,https://facebook.com/statefarm,https://linkedin.com/company/state_farm,https://twitter.com/statefarm,https://instagram.com/statefarm,N/A
Brian Murphy,Brian,Murphy,Senior Vice President,brian.murphy@willis.com,Willis,willis.com,N/A,N/A,New York,NY,N/A,55000,0,6411,"[""AddThis"",""Bootstrap"",""CloudFlare"",""Google Font API"",""Google Tag Manager"",""Incapsula"",""Lazy.js"",""Microsoft ASP.NET"",""Sitecore"",""jQuery"",""scrollreveal""]",37679797,catchall,N/A,124a1cdaa8342ec0a08638bec8c62af7,N/A,N/A,85%,Insurance Agents: Brokers: and Service,N/A,N/A,N/A,N/A,N/A
Brian Ohme,Brian,Ohme,Executive Vice President,brian.ohme@summitwyoming.com,Summit,summitwyoming.com,+13078750295,"525 Randall Ave. Suite 101 Cheyenne, WY 82001",Cheyenne,WY,"=""82001""",30,5700128,65,"[""Google Analytics"",""Google Tag Manager"",""IIS"",""Microsoft ASP.NET""]",45637389,catchall,1/23/2021,9c9de6f01ca86858e0de8755365762cd,N/A,N/A,85%,Real Estate,N/A,N/A,N/A,N/A,N/A
Brian Pettit,Brian,Pettit,Vice President,brianpettit@pettitcompanies.com,Pettit,pettitcompanies.com,+13019751020,N/A,Gaithersburg,MD,N/A,5,1638653,65,"[""Apache"",""DreamWeaver"",""jQuery"",""jQuery UI""]",37765493,catchall,N/A,cee9e886573b09d19b5cbbb67f6ba6a0,N/A,N/A,85%,Real Estate,https://facebook.com/pettitcompanies,https://linkedin.com/company/the-pettit-companies,https://twitter.com/pettitcompanies,N/A,N/A
Brian Fuller,Brian,Fuller,Commercial Lines Vice President,brian@stapletoninsurance.com,Stapleton Insurance Group,stapletoninsurance.com,+18004220550,"PO Box 1118 Sylvania, OH 43560",Toledo,OH,"=""43560""",30,6411000000,6411,"[""All in One SEO Pack"",""Apache"",""Bootstrap"",""Font Awesome"",""Google Analytics"",""Google Font API"",""Lightbox"",""MailChimp"",""OWL Carousel"",""Revslider"",""WordPress"",""YouTube"",""jQuery"",""jQuery Migrate""]",37170940,catchall,N/A,008738ef92fba7be37de7a5d57cdafb1,N/A,N/A,85%,Insurance Agents: Brokers: and Service,https://facebook.com/stapletoninsurancegroup1,https://linkedin.com/company/stapleton-insurance-group,https://twitter.com/stapletoninsur1,https://instagram.com/stapletoninsurance,https://youtube.com/channel/uc4p9buvnyqgexktbtq1i8xa
Brian Sullivan,Brian,Sullivan,CEO,brian@sullivanpropeller.com,Sullivan Propeller,sullivanpropeller.com,+15107820920,"2156 American Ave Hayward, CA 945452156 American Ave, Hayward, CA 94545 USA2156 American Ave, Hayward, CA 94545",Hayward,CA,"=""94545""",5,1638653,45,"[""Bootstrap"",""CloudFlare"",""FancyBox"",""FlexSlider"",""Font Awesome"",""Google Analytics"",""Google Font API"",""IIS"",""Java"",""Lightbox"",""Microsoft ASP.NET"",""Modernizr"",""jQuery""]",41323575,catchall,N/A,4d58a1fdd9ab22636c400b421621d4af,N/A,N/A,85%,Transportation By Air,N/A,N/A,N/A,N/A,N/A
Brian Flood,Brian,Flood,Vice President,brian@thefloodgroup.com,Flood Group,thefloodgroup.com,+15164175800,"99 Tulip Ave, Suite 201 Floral Park, NY 11001Tulip Ave, Suite 201, Floral Park, NY 11001",Floral Park,NY,"=""11001""",30,6411000000,6411,"[""CloudFlare"",""DreamWeaver"",""Nginx"",""Statcounter""]",39329719,catchall,N/A,6e8f54ad9aa1dd037e7b482a51f02646,N/A,N/A,85%,Insurance Agents: Brokers: and Service,https://facebook.com/#!/thefloodgroup,N/A,https://twitter.com/thefloodgroup,N/A,N/A
Brook Rosenberg,Brook,Rosenberg,Owner/vp,brosenberg@afrinsurance.com,Gallagher,afrinsurance.com,+14065494187,"1667 K Street Northwest Washington,",Des Moines,IA,N/A,30,6411000000,6411,"[""Google Maps"",""Google Tag Manager"",""Handlebars"",""IIS"",""Incapsula"",""Microsoft ASP.NET"",""Modernizr"",""Sitecore"",""Swiftype"",""jQuery"",""jQuery UI""]",43006022,catchall,N/A,42c30686c9e8f9148e479c67868e2966,N/A,N/A,85%,Insurance Agents: Brokers: and Service,https://facebook.com/gallagherglobal,https://linkedin.com/company/gallagher-global,https://twitter.com/gallagherglobal,https://instagram.com/gallagherglobal,https://youtube.com/channel/uc4_irs7ty3yrte46d4fb6iw/featured
Bruce Bender,Bruce,Bender,Vice President,bruce@1031nnnsearch.com,Net Leased Real Properties,1031nnnsearch.com,+17604522400,"Sonic Drive-In, Cadiz, KY - Net Leased Real Properties, Inc.",Rochester,NY,N/A,5,1638653,65,"[""Cufon"",""Nginx"",""WordPress"",""jQuery"",""prettyPhoto""]",40039349,catchall,N/A,eadd1533cbd20c060c456228405c34b0,N/A,N/A,85%,Real Estate,N/A,N/A,https://twitter.com/pjbonanno,N/A,N/A
Bruce Mccullen,Bruce,Mccullen,Vice President,bruce@albanybahamas.com,Albany Bahamas,albanybahamas.com,+12426766000,N/A,unknown city,unknown state,N/A,75,75000000,65,"[""Apache"",""Google Analytics"",""OpenSSL"",""PHP"",""Twitter Emoji (Twemoji)"",""UNIX"",""WordPress"",""jQuery"",""mod_ssl""]",36268423,catchall,N/A,0512ef82fa58cf37b8cb082980fd070d,N/A,N/A,85%,Real Estate,N/A,N/A,N/A,N/A,N/A
Brad Schmitz,Brad,Schmitz,Vice President,bschmitz@treancorp.com,Trean,treancorp.com,+19529742200,N/A,Eden Prairie,MN,N/A,125,6411000000,6411,"[""Apache"",""Google Analytics"",""Google Font API"",""Java"",""Modernizr""]",40124839,catchall,N/A,040e405339e306f968a4be09f5b58b33,N/A,N/A,85%,Insurance Agents: Brokers: and Service,N/A,N/A,N/A,N/A,N/A
Benjamin Sears,Benjamin,Sears,Executive Vice President,bsears@tesears.com,Thomas E. Sears,tesears.com,N/A,N/A,Boston,MA,N/A,30,9000000,6411,[],44670065,catchall,N/A,c2d35d1fe2fe267faf45bb820c3a32e8,N/A,N/A,85%,Insurance Agents: Brokers: and Service,N/A,N/A,N/A,N/A,N/A
Brian Shirk,Brian,Shirk,Vice President,bshirk@benefitsinc.com,Benefit,benefitsinc.com,+12622071999,"250 N. Patrick Blvd. Brookfield, WI 53045",Brookfield,WI,"=""53045""",30,14000000,6411,"[""FlexSlider"",""Font Awesome"",""Google Analytics"",""Google Font API"",""Google Tag Manager"",""Microsoft ASP.NET"",""OpenResty"",""WordPress"",""jQuery"",""jQuery Migrate"",""jQuery UI"",""prettyPhoto""]",36518685,catchall,N/A,4d30f76b2c194d8d7c5f6c6d34b810c2,N/A,N/A,85%,Insurance Agents: Brokers: and Service,N/A,https://linkedin.com/company/8116139,N/A,N/A,N/A
Bill Shock,Bill,Shock,Executive Vice President,bshock@unland.com,Unland,unland.com,+13096993938,"2211 Broadway St Pekin, IL 61554",Pekin,IL,"=""61554""",125,6411000000,6411,"[""Amazon EC2"",""Apache"",""Bootstrap"",""MooTools"",""OpenSSL"",""PHP""]",36246300,catchall,N/A,daa7b66c303071d1b215d1bd33455f20,N/A,N/A,85%,Insurance Agents: Brokers: and Service,https://facebook.com/unlandcompanies,https://linkedin.com/company/unland-companies,N/A,N/A,https://youtube.com/user/unlandcompanies
Boris Skylar,Boris,Skylar,"Vice President, Application Systems",bskylar@penntreaty.com,Penn Treaty,penntreaty.com,+16109674616,N/A,Allentown,PA,N/A,350,6411000000,6411,"[""DNN"",""Google Analytics"",""Microsoft ASP.NET"",""jQuery"",""jQuery UI""]",36751882,catchall,N/A,f13f5618a0c60d01d03c06189dbb36b5,N/A,N/A,85%,Insurance Agents: Brokers: and Service,N/A,N/A,N/A,N/A,N/A
Brian Walsh,Brian,Walsh,"Vice President, Development",bwalsh@seritage.com,Seritage Growth Properties,seritage.com,+12123557800,"500 Fifth Avenue Suite 1530 New York, NY 10110",New York,NY,"=""10110""",75,248700000,65,[],40904693,catchall,N/A,bfa552d182a33e6fdc1c32980cbea74f,N/A,N/A,85%,Real Estate,N/A,https://linkedin.com/company/seritage-growth-properties,N/A,N/A,N/A
Theodore Bk Walsh,Theodore,Walsh,Executive Vice President,bwalsh@walshins.com,Walsh Duffield,walshins.com,+15854581111,"801 Main St., Buffalo, NY 14203801 Main St. Buffalo, NY 14203",Buffalo,NY,"=""14203""",125,6411000000,6411,"[""Bootstrap"",""Facebook"",""Google Font API"",""Google Tag Manager"",""Nginx"",""Twitter Emoji (Twemoji)"",""WordPress"",""Yoast SEO"",""jQuery"",""jQuery Migrate"",""reCAPTCHA""]",42071189,catchall,N/A,8f65737a6f15f3bf364e747e9b2b783a,N/A,N/A,85%,Insurance Agents: Brokers: and Service,https://facebook.com/walshduffield,https://linkedin.com/company/375131/,https://twitter.com/wdwellnessdaily,N/A,N/A
Bob White,Bob,White,Vice President,bwhite@phoenixinsgrp.com,Phoenix Insurance Group,phoenixinsgrp.com,+19088796500,"205 Main Street Chester, NJ 07930",Chester,NJ,"=""07930""",30,6411000000,6411,"[""Elementor"",""Font Awesome"",""Google Analytics"",""Google Font API"",""Nginx"",""Twitter Emoji (Twemoji)"",""WordPress"",""Yoast SEO"",""ZURB Foundation"",""jQuery"",""jQuery Migrate"",""reCAPTCHA""]",39792486,catchall,N/A,1de4ccd9b0e493d0d9a251905efdd2aa,N/A,N/A,85%,Insurance Agents: Brokers: and Service,https://facebook.com/pages/chester-nj/phoenix-insurance-group/122117464489156,https://linkedin.com/company/phoenix-insurance-group-inc.-mazey-reed-&-brey,https://twitter.com/phoenixinsgrp,N/A,N/A
Cindy Aberle,Cindy,Aberle,VP - Regional Underwriting Manager,caberle@centurysurety.com,Century Insurance Group,centurysurety.com,+18555524838,N/A,Westerville,OH,N/A,350,6411000000,6411,"[""Google Analytics"",""IIS"",""Microsoft ASP.NET"",""SWFObject""]",36332241,catchall,N/A,da0431465d492105272711debff7f05d,N/A,N/A,85%,Insurance Agents: Brokers: and Service,N/A,N/A,N/A,N/A,N/A
Christopher Abreu,Christopher,Abreu,VP Market Risk Officer,cabreu@thehartford.com,Hartford,thehartford.com,+18003227789,"P.O. Box 55359 Boston, MA 02205",Ct,CT,"=""02205""",55000,0,6411,"[""Akamai"",""Apache"",""Bootstrap"",""Moment.js"",""Tealium"",""jQuery""]",46004231,catchall,N/A,2d2241202df2407f1c3c063752c85bd8,N/A,N/A,85%,Insurance Agents: Brokers: and Service,https://facebook.com/thehartford,https://linkedin.com/company/the-hartford,https://twitter.com/thehartford,N/A,N/A
Caitlin Sprague,Caitlin,Sprague,"Ben Taggard, Aif, Vice President, Investment Advisor",caitlin@centurionusa.com,Richards Group,centurionusa.com,+18022547110,"27 East Main Street,Wilmington, VT 05363",West Lebanon,NH,"=""05363""",N/A,0,64,"[""Google Font API"",""Squarespace"",""Typekit"",""YUI"",""jQuery"",""webpack""]",40239000,catchall,12/26/2020,b2cfa9ddfca755a29fb60b2ceb4d6753,N/A,N/A,85%,Insurance Agents: Brokers: and Service,https://facebook.com/therichardsgroup/,https://linkedin.com/company/trg-the-richards-group,N/A,N/A,N/A
Cammy E. Fox,Cammy,Fox,"Vice President, Finance",cammy@cairnpacific.com,Cairn Pacific,cairnpacific.com,+15033456733,N/A,unknown city,unknown state,N/A,5,1638653,65,"[""Apache"",""Google Analytics"",""Google Font API"",""PHP"",""Twitter Emoji (Twemoji)"",""WordPress"",""Yoast SEO"",""jQuery"",""jQuery Migrate""]",37330692,catchall,12/27/2020,b0b489f9e788eb77585d90634ea7ae1e,N/A,N/A,85%,Real Estate,N/A,N/A,N/A,N/A,N/A
Cara Ianniello,Cara,Ianniello,"Senior Vice President, Network Operations",cara.ianniello@chn.com,Consolidated Services Group,chn.com,N/A,N/A,Trenton,NJ,N/A,350,6411000000,6411,[],44790610,catchall,N/A,71fdf020d78a86af2de844b70099293b,N/A,N/A,85%,Insurance Agents: Brokers: and Service,N/A,N/A,N/A,N/A,N/A
Carrie Rampey,Carrie,Rampey,Vice President and Director of Acquisitions,carrie@southstarmgt.com,Southstar Management,southstarmgt.com,+15619827770,N/A,Blythewood,SC,N/A,30,7000000,65,"[""Amazon Cloudfront"",""Apache"",""Google Tag Manager"",""Modernizr"",""Typekit"",""UNIX"",""jQuery""]",42245734,catchall,N/A,fc8291ddf9ac63d325289c148388a555,N/A,N/A,85%,Real Estate,https://facebook.com/southstarmgt,https://linkedin.com/company/southstar-management-co,N/A,N/A,N/A
Cary Carney,Cary,Carney,Regional Vice President Sales,cary.carney@voya.com,Voya,voya.com,+18888545950,"230 Park Avenue New York, NY 10169",unknown city,unknown state,"=""10169""",7500,6411000000,6411,"[""Acquia Cloud"",""CloudFlare"",""Drupal"",""Google Analytics"",""Google Tag Manager"",""Modernizr"",""RequireJS"",""Varnish"",""Visual Website Optimizer"",""jQuery"",""jQuery Migrate""]",44029837,catchall,N/A,d1c6470911fac25734241204dd036f8b,N/A,N/A,85%,Insurance Agents: Brokers: and Service,https://facebook.com/pages/voya/215714485107840,https://linkedin.com/company/voya,https://twitter.com/voya,https://instagram.com/voya,https://youtube.com/channel/ucbwnajd8kl_rqoztp0mvxtw
Cliff Asher,Cliff,Asher,Executive Vice President,casher@mmiprops.com,Multifamily Management,mmiprops.com,+16017074250,"PO Box 16506 Mobile, Alabama 36616",Mobile,AL,"=""36616""",75,9500213,65,[],40517843,catchall,N/A,d5c9b9490ee968451f8bcaf7365c11b6,N/A,N/A,85%,Real Estate,https://facebook.com/mmiprops,N/A,https://twitter.com/mmiprops,https://instagram.com/mmiproperties,N/A
Catherine Laucella,Catherine,Laucella,Vice President,catherine.laucella@willis.com,Willis,willis.com,N/A,N/A,New York,NY,N/A,55000,0,6411,"[""AddThis"",""Bootstrap"",""CloudFlare"",""Google Font API"",""Google Tag Manager"",""Incapsula"",""Lazy.js"",""Microsoft ASP.NET"",""Sitecore"",""jQuery"",""scrollreveal""]",37679819,catchall,N/A,356a9a47df7b3ff93b3be514ce6092dc,N/A,N/A,85%,Insurance Agents: Brokers: and Service,N/A,N/A,N/A,N/A,N/A
Carol Wageman,Carol,Wageman,Vice President,cawageman@walshins.com,Walsh Duffield,walshins.com,+15854581111,"801 Main St., Buffalo, NY 14203801 Main St. Buffalo, NY 14203",Buffalo,NY,"=""14203""",125,6411000000,6411,"[""Bootstrap"",""Facebook"",""Google Font API"",""Google Tag Manager"",""Nginx"",""Twitter Emoji (Twemoji)"",""WordPress"",""Yoast SEO"",""jQuery"",""jQuery Migrate"",""reCAPTCHA""]",42071201,catchall,N/A,1dc83a89f3721a2d25a9bf08ab74671b,N/A,N/A,85%,Insurance Agents: Brokers: and Service,https://facebook.com/walshduffield,https://linkedin.com/company/375131/,https://twitter.com/wdwellnessdaily,N/A,N/A
Cliff Baseler,Cliff,Baseler,Vice-president,cbaseler@seibertkeck.com,Hard Work | Est 1910,seibertkeck.com,+18002295266,"110 Main St. Wadsworth, OH 44281",Fairlawn,OH,"=""44281""",30,6411000000,6411,"[""Google Font API"",""Polyfill"",""RequireJS"",""Sentry"",""Wix""]",43978608,catchall,N/A,8aa7430197a9c2c4137a4e1ba7e162ac,N/A,N/A,85%,Insurance Agents: Brokers: and Service,https://facebook.com/seibertkeck,https://linkedin.com/company/seibertkeck-insurance-agency,https://twitter.com/sk_inspartners,https://instagram.com/sk_insurancepartners,N/A
Charlene Bauer,Charlene,Bauer,Vice President,cbauer@tennant.com,Tennant,tennant.com,+18605191301,"124 LaSalle Road West Hartford, CT 06107",West Hartford,CT,"=""06107""",5,6411000000,6411,"[""Apache"",""Google Analytics"",""Modernizr"",""jQuery""]",44801526,catchall,N/A,81a2599b5b2cff55e0f4ccc615170e60,N/A,N/A,85%,Insurance Agents: Brokers: and Service,N/A,N/A,https://twitter.com/tennantins,N/A,N/A
Brandon Clark,Brandon,Clark,Vice President,cbrandon@maddoxcompany.com,Maddox,maddoxcompany.com,+18665229910,"of the Schaad Road extension project was funded in the 2017-18 Knox County budget on Monday. The 5-lane highway adjoins Maddox Company's Grassy Creek development, at its intersection with Oak Ridge Hi",Knoxville,TN,N/A,5,1387410,65,"[""Google Font API"",""Squarespace"",""Typekit"",""YUI"",""webpack""]",41913543,catchall,N/A,acf2e573807840e1b032a659ac7f4821,N/A,N/A,85%,Real Estate,N/A,N/A,N/A,N/A,N/A
Chris Breck,Chris,Breck,Vice President,cbreck@AlperServices.com,Alper Services,AlperServices.com,+13126421000,"410 N. Michigan Avenue, 12th Floor, Chicago, IL 60611410 N. Michigan Avenue, 12th Floor Chicago, IL",Chicago,IL,N/A,30,5700128,64,[],37167295,catchall,N/A,5e1fa5a3a2d04f8e4d0e972661f3f1ce,N/A,N/A,85%,Insurance Agents: Brokers: and Service,https://facebook.com/pages/alper-services-llc/121613247882938,https://linkedin.com/company/alper-services-llc,https://twitter.com/alperservices,https://instagram.com/alperservices,N/A
Chris Brown,Chris,Brown,Vice President,cbrown@gershman.com,Gershman,gershman.com,+13142239889,"630 Pierce Blvd., Suite 100 OFallon, IL 62269",Chicago,IL,"=""62269""",125,30447000,65,"[""Apache"",""Facebook"",""Font Awesome"",""Google Analytics"",""Google Font API"",""Google Tag Manager"",""Gravity Forms"",""Modernizr"",""OWL Carousel"",""Revslider"",""WordPress"",""Yoast SEO"",""jQuery"",""jQuery Migrate"",""reCAPTCHA""]",43365062,catchall,N/A,56a7f17cf17b71fe4e7f8af00766bd2a,N/A,N/A,85%,Real Estate,https://facebook.com/gershmanmortgage,https://linkedin.com/company/gershman-mortgage,https://twitter.com/gershmanmtg,https://instagram.com/gershmanmtg,https://youtube.com/channel/uc5rspypcx8ctv5woualxv0a
Cathy Cabell Ward,Cathy,Ward,Vice President,ccabell@bridgeregroup.com,Bridge Real Estate Group,bridgeregroup.com,+18139773312,"St. Petersburg, FL",Fort Lauderdale,FL,N/A,300,35000000,65,[],38714230,catchall,N/A,11cf4fb8d482cf5eca45d2eebfc78de0,N/A,N/A,85%,Real Estate,https://facebook.com/bridge-real-estate-group-232557983429387,N/A,N/A,N/A,N/A
Charlie Cruthirds,Charlie,Cruthirds,Vice President,ccruthirds@bcoinc.com,Qbe European Operations Plc,bcoinc.com,+17132434399,N/A,New Orleans,LA,N/A,30,6411000000,6411,"[""Bootstrap"",""Font Awesome"",""Google Analytics"",""Google Tag Manager"",""Modernizr"",""animate.css"",""jQuery""]",41738131,catchall,N/A,3f153da2587eddf55a230a573a9a3353,N/A,N/A,85%,Insurance Agents: Brokers: and Service,N/A,N/A,N/A,N/A,N/A
Carol Degrace,Carol,Degrace,Vice President - Mortgage,cdegrace@auroralending.com,Aurora Financial Group,auroralending.com,+18556905900,N/A,Marlton,NJ,N/A,125,6411000000,6411,"[""IIS"",""Microsoft ASP.NET""]",40704349,catchall,N/A,9667643441d4130329502dc85c45687c,N/A,N/A,85%,Insurance Agents: Brokers: and Service,N/A,N/A,N/A,N/A,N/A
Cedar Georgevich,Cedar,Georgevich,Vice President,cedar@hughesmarino.com,"Hughes Marino, Incall",hughesmarino.com,+12128642211,"1450 Front Street San Diego, CA 92101",San Diego,CA,"=""92101""",300,25000000,65,"[""Bootstrap"",""CloudFlare"",""FancyBox"",""Font Awesome"",""Google Analytics"",""Marketo"",""Modernizr"",""Twitter Emoji (Twemoji)"",""WP Engine"",""WordPress"",""Yoast SEO"",""jQuery""]",40008462,catchall,N/A,889527928c7e523361c0ced903b9cd98,N/A,N/A,85%,Real Estate,https://facebook.com/hughesmarino,https://linkedin.com/company/hughes-marino,https://twitter.com/hughesmarino,https://instagram.com/hughesmarino,https://youtube.com/user/hughesmarino
Chuck Fendrich,Chuck,Fendrich,Vice President and General Manager,cfendrich@glenstar.com,Glenstar,glenstar.com,+13127951800,"2400 Cabot Drive, Lisle, IL",Chicago,IL,N/A,30,3000000,65,"[""Apache"",""Bootstrap"",""Google Analytics"",""Handlebars"",""PHP"",""Slick"",""WordPress"",""jQuery""]",45385961,catchall,N/A,2d6168b15189873478fbcf069bd9d054,N/A,N/A,85%,Real Estate,N/A,N/A,N/A,N/A,N/A
Catherine Hughes Fury,Catherine,Fury,Underwriter and Senior Vice President - Operations,cfury@falveycargo.com,Falvey Cargo,falveycargo.com,N/A,N/A,Wakefield,RI,N/A,30,6411000000,6411,"[""Google Font API"",""IIS"",""Microsoft ASP.NET"",""jQuery"",""jQuery UI""]",36291039,catchall,N/A,a0623b9db085144c2c3b663382ba2067,N/A,N/A,85%,Insurance Agents: Brokers: and Service,N/A,N/A,N/A,N/A,N/A
Chad Hatter,Chad,Hatter,"Vice President, Investment Advisor Representative",chad.hatter@weaverinsfin.com,Advisors Over,weaverinsfin.com,+15409433847,N/A,Waynesboro,VA,N/A,30,6411000000,6411,"[""FancyBox"",""Font Awesome"",""Google Analytics"",""Google Font API"",""Google Tag Manager"",""Gravity Forms"",""Lightbox"",""Nginx"",""Vue.js"",""WP Engine"",""WordPress"",""Yoast SEO"",""jQuery"",""jQuery Migrate""]",38756805,catchall,12/26/2020,d6292aee7b4c39cb3d677a688a001393,N/A,N/A,85%,Insurance Agents: Brokers: and Service,https://facebook.com/weaver-insurance-and-financial-advisors-208259052548852,https://linkedin.com/company/weaver-insurance-and-financial-advisors,https://twitter.com/agency_weaver,N/A,N/A
Chad Hilkemeier,Chad,Hilkemeier,Vice President,chad@unkefermail.com,Unkefer,unkefermail.com,N/A,N/A,unknown city,unknown state,N/A,N/A,0,6411,"[""IIS"",""Microsoft ASP.NET"",""jQuery""]",36226490,catchall,N/A,345dc2702d8facbe8fb28359d97f5231,N/A,N/A,85%,Insurance Agents: Brokers: and Service,N/A,N/A,N/A,N/A,N/A
Charlie Adams,Charlie,Adams,"Vice President, Strategic Analysis & Ventures",charlie.adams@washingtonprime.com,Washington Prime Group,washingtonprime.com,+16146219000,N/A,Bethesda,MD,N/A,125,0,65,"[""Apache"",""Modernizr"",""jQuery""]",46658685,catchall,N/A,5e697ae5a8420d213805caf3eb02ef39,N/A,N/A,85%,Real Estate,N/A,https://linkedin.com/company/washington-prime-group-inc,N/A,https://instagram.com/washingtonprimegroup,N/A
Chris Cressy,Chris,Cressy,Vpa,chris.cressy@statefarm.com,State Farm,statefarm.com,+18008656035,"P.O. Box 588002 North Metro, GA 30029",Oviedo,FL,"=""30029""",5,1000000,6411,"[""Azure CDN"",""Bootstrap"",""EdgeCast"",""Ensighten"",""Lazy.js"",""Optimizely"",""jQuery"",""jQuery Migrate""]",44069656,catchall,N/A,41ac968a9604de6032b6bb737b88d95f,N/A,N/A,85%,Insurance Agents: Brokers: and Service,https://facebook.com/statefarm,https://linkedin.com/company/state_farm,https://twitter.com/statefarm,https://instagram.com/statefarm,N/A
Chris Francis,Chris,Francis,Vice President,chris.francis@vintagegroupre.com,Vintage Group,vintagegroupre.com,+18554033852,"77-772 Flora Road, Suite A Palm Desert, CA 92211",Rancho Santa Margarita,CA,"=""92211""",30,5700128,65,"[""Lodash"",""Polyfill"",""React"",""RequireJS"",""Wix"",""Zepto""]",42752414,catchall,N/A,bde62b71b48909c041275f2b1048ab8a,N/A,N/A,85%,Real Estate,https://facebook.com/vintagegroupre,N/A,N/A,N/A,N/A
Rene´¢ Sears,Rene´¢,Sears,Vice President,chris@searsandassociates.com,Sears,searsandassociates.com,+12068425125,"Suite 109 Bainbridge Island, WA 98110",Bainbridge Island,WA,"=""98110""",5,6411000000,6411,"[""Font Awesome"",""Google Font API"",""Nginx"",""Twitter Emoji (Twemoji)"",""WP Engine"",""WordPress"",""Yoast SEO"",""jQuery"",""jQuery Migrate""]",38363206,catchall,N/A,e254ffa5b05246d99b98c71e52e08c91,N/A,N/A,85%,Insurance Agents: Brokers: and Service,N/A,N/A,N/A,N/A,N/A
Chris Finkbeiner,Chris,Finkbeiner,Vice President,chris@therubingroup.com,Rubin Group,therubingroup.com,+18778067239,"111 John Street Suite 1900 New York, NY 10038",New York,NY,"=""10038""",30,5000000,6411,"[""Bootstrap"",""Font Awesome"",""Google Analytics"",""Google Tag Manager"",""Modernizr"",""Nginx"",""OWL Carousel"",""Twitter Emoji (Twemoji)"",""WordPress"",""Yoast SEO"",""animate.css"",""jQuery"",""jQuery Migrate""]",43976378,catchall,N/A,e85546479664a3b0ef4b302f0a4c55d2,N/A,N/A,85%,Insurance Agents: Brokers: and Service,https://facebook.com/pages/the-rubin-group-insurance/211669492191886,https://linkedin.com/company/18248690,https://twitter.com/#!/rubingroup_ny,N/A,https://youtube.com/user/rubingroupins
Christine Minor,Christine,Minor,VP Operations,christine@simplyres.com,Simply Residential Property Management,simplyres.com,+16512960406,"7250 France Ave. #301 | Edina, MN 554357200 France Ave #117 | Edina, MN 55435",Edina,MN,"=""55435""",30,5700128,65,"[""All in One SEO Pack"",""Apache"",""Font Awesome"",""Google Analytics"",""Google Font API"",""Google Tag Manager"",""Gravatar"",""PDF.js"",""PHP"",""Twitter Emoji (Twemoji)"",""WordPress"",""animate.css"",""jQuery"",""jQuery Migrate"",""jQuery UI""]",42156803,catchall,4/9/2021,0bb4154a1b27e7d143912bfa52e32d46,N/A,N/A,85%,Real Estate,https://facebook.com/simplyresidentialpropertymanagement,https://linkedin.com/company/simply-residential-property-management,https://twitter.com/simplyrespm,N/A,N/A
Christopher Noble,Christopher,Noble,Vice President - Development,christopher.noble@washingtonprime.com,Washington Prime Group,washingtonprime.com,+16146219000,N/A,Bethesda,MD,N/A,125,0,65,"[""Apache"",""Modernizr"",""jQuery""]",46658688,catchall,N/A,630b2239aa5bdc776af2962667ff88bd,N/A,N/A,85%,Real Estate,N/A,https://linkedin.com/company/washington-prime-group-inc,N/A,https://instagram.com/washingtonprimegroup,N/A
Chris Walker,Chris,Walker,Vice President Investments,chris.walker@triqorgroup.com,Triqor,investmentpropertygroup.com,+19497563232,"4440 Von Karman Ave., Suite 175 Newport Beach, CA 92660",Irvine,CA,"=""92660""",30,5700128,65,"[""Font Awesome"",""Google Font API"",""OWL Carousel"",""Sucuri"",""Underscore.js"",""WordPress"",""Yoast SEO"",""animate.css"",""jQuery"",""jQuery Migrate"",""jQuery UI"",""prettyPhoto""]",41979030,catchall,1/12/2021,2c25c14e5d02a29fa6f28ec5cf2ae647,N/A,N/A,85%,Real Estate,https://facebook.com/triqor,https://linkedin.com/company/triqor-group,N/A,N/A,N/A
Charles Hsieh,Charles,Hsieh,Vice President,chsieh@topangapartners.com,Topanga,topangapartners.com,+19093077070,"7120 Hayvenhurst Ave, Suite 316, Van Nuys, CA, 91406",Calabasas,CA,"=""91406""",30,7000000,65,[],37095734,catchall,N/A,2dbd66f40a8e6ada2a5065d5ad1b9435,N/A,N/A,85%,Real Estate,N/A,https://linkedin.com/in/stevecfriedmann,N/A,N/A,N/A
Charles Robert Marmolejo,Charles,Marmolejo,Vice President - Construction Practice,chuck.marmolejo@willis.com,Willis,willis.com,N/A,N/A,New York,NY,N/A,55000,0,6411,"[""AddThis"",""Bootstrap"",""CloudFlare"",""Google Font API"",""Google Tag Manager"",""Incapsula"",""Lazy.js"",""Microsoft ASP.NET"",""Sitecore"",""jQuery"",""scrollreveal""]",37679813,catchall,N/A,b5bb20a315f2ce61ddfb5bc45e541b37,N/A,N/A,85%,Insurance Agents: Brokers: and Service,N/A,N/A,N/A,N/A,N/A
Cristina Iglesias,Cristina,Iglesias,Vice President,ciglesias@sabalinsurance.com,Sabal Insurance Group,sabalinsurance.com,+18007169948,N/A,Fort Lauderdale,FL,N/A,30,6411000000,6411,"[""Apache"",""Modernizr"",""PHP"",""animate.css"",""jQuery"",""reCAPTCHA""]",42293523,catchall,N/A,ec0d7125d99764796f570c14a330215a,N/A,N/A,85%,Insurance Agents: Brokers: and Service,https://facebook.com/sabalinsurancegroup,https://linkedin.com/company/sabal-insurance-group,https://twitter.com/sabalinsurance,N/A,N/A
Cpmâ® James Anderson,Cpmâ®,Anderson,Vice President of Property Management,cjamesanderson@rentanapt.com,Management Support,rentanapt.com,+14809006142,N/A,unknown city,CA,N/A,75,9500213,65,[],44881966,catchall,N/A,825ed71579d47bfb3497a27dd39f984f,N/A,N/A,85%,Real Estate,N/A,N/A,N/A,N/A,N/A
Cam Jamin Harkness,Cam,Harkness,Vice President,cjaminharkness@wesleyapartments.com,Wesley Apartment Homes / Euramex Management,wesleyapartments.com,+16785822398,"71 Howard Street SE Atlanta, GA 30317",Atlanta,GA,"=""30317""",75,7000000,65,"[""Bootstrap"",""CloudFlare"",""DataTables"",""Font Awesome"",""Google Maps"",""Microsoft ASP.NET"",""Modernizr"",""jQuery"",""jQuery UI""]",38127911,catchall,N/A,cd8c7bd267b1759e6d8e1b9064dddfd5,N/A,N/A,85%,Real Estate,https://facebook.com/pg/wesleyapartments/reviews,https://linkedin.com/company/wesley-apartment-homes,N/A,N/A,N/A
Christy Jordan,Christy,Jordan,Vice President,cjordan@realtyappreciation.com,Realty Appreciation,realtyappreciation.com,+18178618442,N/A,Arlington,TX,N/A,5,2000000,65,"[""Apache"",""Google Analytics""]",37065303,catchall,N/A,867d9d44b8e185889028b4167a73488a,N/A,N/A,85%,Real Estate,N/A,N/A,N/A,N/A,N/A
Chris Lambrecht,Chris,Lambrecht,Vice President - Construction and Development,clambrecht@medcraft.com,Medcraft Healthcare Real Estate,medcraft.com,+16153644079,"900 SpruceStreet, Suite 150 St. Louis, MO 63102",Minneapolis,MN,"=""63102""",30,5700128,65,[],42153798,catchall,N/A,82419889085568615300df8b2e3efeb2,N/A,N/A,85%,Real Estate,https://facebook.com/medcrafthealthcare,https://linkedin.com/company/1670234,https://twitter.com/medcraft_health,N/A,N/A
Craig Lapsley,Craig,Lapsley,Vice President,clapsley@travelers.com,Travelers Indemnity,travelers.com,+18663362077,N/A,Hinckley,OH,N/A,30,1000000,6411,"[""Akamai"",""CloudFlare"",""Dynatrace"",""Facebook"",""Google Analytics"",""Google Tag Manager"",""IIS"",""Microsoft ASP.NET"",""Modernizr"",""Tealium"",""YUI"",""jQuery"",""jQuery UI""]",39063697,catchall,N/A,4c737ecdacac1d5d0e70d395aa24ba80,N/A,N/A,85%,Insurance Agents: Brokers: and Service,https://facebook.com/travelers,https://us.linkedin.com/company/travelers,https://twitter.com/travelers,https://instagram.com/travelersinsurance,https://youtube.com/user/travelersinsurance
Craig Lyon,Craig,Lyon,Senior VP,clyon@jdaehealth.com,Parathon,jdaehealth.com,+16303555220,1415 W. Diehl Rd. Ste. 200-N,Naperville,IL,N/A,125,6411000000,6411,"[""Apache"",""Font Awesome"",""Google Analytics"",""Google Font API"",""MediaElement.js"",""Twitter Emoji (Twemoji)"",""Typekit"",""WordPress"",""Yoast SEO"",""jQuery"",""jQuery Migrate""]",37690972,catchall,N/A,5a31b07d89f5aacf4daab986f1ce7d38,N/A,N/A,85%,Insurance Agents: Brokers: and Service,N/A,N/A,N/A,N/A,N/A
Christoph Malzl,Christoph,Malzl,VP Public Relations,cmalzl@landvoice.com,Landvoice,landvoice.com,+18886780905,N/A,unknown city,unknown state,N/A,30,35000000,65,"[""CloudFlare"",""Facebook"",""Google Tag Manager"",""HubSpot"",""Inspectlet"",""jQuery""]",38143619,catchall,N/A,e9c0e56dcbf4faa455f4969477eef595,N/A,N/A,85%,Real Estate,https://facebook.com/landvoice,https://linkedin.com/company/landvoice,https://twitter.com/landvoice,N/A,https://youtube.com/user/landvoicedata
Connie Mercer,Connie,Mercer,Vice President,cmercer@whimsinsurance.com,Whims Insurance Agency,whimsinsurance.com,+12486517321,"322 S Main St #200 Rochester, MI 48307",Rochester,MI,"=""48307""",30,6411000000,6411,"[""Apache"",""Drupal"",""Modernizr"",""Slick"",""ZURB Foundation"",""jQuery"",""reCAPTCHA""]",39652512,catchall,N/A,c98fba73494fd29c8d47606342e003b2,N/A,N/A,85%,Insurance Agents: Brokers: and Service,https://facebook.com/whimsinsurance,N/A,N/A,N/A,N/A
Christopher Mrozinski,Christopher,Mrozinski,"Senior Vice President, Development",cmrozinski@seritage.com,Seritage Growth Properties,seritage.com,+12123557800,"500 Fifth Avenue Suite 1530 New York, NY 10110",New York,NY,"=""10110""",75,248700000,65,[],40904690,catchall,N/A,265ac17d73cf1e082a6ea4366920a013,N/A,N/A,85%,Real Estate,N/A,https://linkedin.com/company/seritage-growth-properties,N/A,N/A,N/A
Charles Noll,Charles,Noll,Vice President,cnoll@WilsonMeany.com,Meany Were,WilsonMeany.com,+16505681938,"6701 Center Drive, Suite 950 Los Angeles, CA 90045",San Francisco,CA,"=""90045""",30,5700128,65,"[""Font Awesome"",""Google Analytics"",""Nginx"",""Twitter Emoji (Twemoji)"",""WordPress"",""jQuery"",""jQuery Migrate""]",42806975,catchall,N/A,17b7533db0eac44ca65c3af629421b10,N/A,N/A,85%,Real Estate,N/A,https://linkedin.com/company/50717,N/A,N/A,N/A
Carol O'connell,Carol,O'connell,"Vice President, Senior Loan Officer",coconnell@potomacmortgagegroup.com,Mvb Mortgageour Construction Grouphome,potomacmortgagegroup.com,+13362646955,"675 Ponce de Leon Ave, Suite 8500, Atlanta GA 30308",Reston,VA,"=""30308""",N/A,65000000,65,"[""Apache"",""Elementor"",""Google Font API"",""Twitter Emoji (Twemoji)"",""WordPress"",""jQuery"",""jQuery Migrate""]",37617065,catchall,N/A,03b64939b63cc323c4e018bc43d04c48,N/A,N/A,85%,Real Estate,N/A,N/A,N/A,N/A,N/A
Chris Oidtman,Chris,Oidtman,Senior Vice President,coidtman@mainlineinsurance.com,Main Line Insurance Office,mainlineinsurance.com,N/A,N/A,Paoli,PA,N/A,30,6411000000,6411,"[""Bootstrap"",""DreamWeaver"",""Google Analytics"",""IIS"",""Ionicons"",""Microsoft ASP.NET"",""jQuery""]",39985243,catchall,N/A,4a83c526250385773f4d24be678e3bdf,N/A,N/A,85%,Insurance Agents: Brokers: and Service,N/A,N/A,N/A,N/A,N/A
Colleen Garrison,Colleen,Garrison,VP Business Development,colleen.garrison@bmktitle.com,Benchmark Title,bmktitle.com,+19726685051,"2007 Randall Street Dallas, TX 752013417 Rosedale Ave. Dallas, TX 75205",Dallas,TX,"=""75205""",30,5700128,65,[],44424730,catchall,N/A,de9485e73f87966e083f93a51bc7c4fd,N/A,N/A,85%,Real Estate,https://facebook.com/pages/benchmark-title/103281729739551,N/A,N/A,N/A,N/A
Corban Enns,Corban,Enns,Area Vice President,corban_enns@ajg.com,Arthur J Gallagher And Co Of Iowa,ajg.com,N/A,N/A,Sioux City,IA,N/A,30,5595000000,6411,[],37141063,catchall,N/A,a264f034732833c9b69b71cada912446,N/A,N/A,85%,Insurance Agents: Brokers: and Service,N/A,N/A,N/A,N/A,N/A
Corey Klinke,Corey,Klinke,Vice President - Employee Benefits,corey@westcoastbenefits.com,West Coast Group Benefits,westcoastbenefits.com,+18585217390,N/A,San Diego,CA,N/A,30,6411000000,6411,"[""Font Awesome"",""Google Font API"",""Nginx"",""Twitter Emoji (Twemoji)"",""WP Engine"",""WordPress"",""jQuery"",""jQuery Migrate"",""jQuery UI""]",39708949,catchall,N/A,8b0b2eae5a77b1fddc4422a812efd628,N/A,N/A,85%,Insurance Agents: Brokers: and Service,https://facebook.com/westcoastgroupbenefits,N/A,N/A,N/A,N/A
Craig Thomas,Craig,Thomas,"Principal, Senior Vice President of Business Development",craig@insigniatitleagency.com,Insignia- Bnt,insigniatitleagency.com,+18668801232,"6 East 39th Street, Suite 700 New York, NY 10016",New York,NY,"=""10016""",30,0,65,[],42992700,catchall,N/A,baa1b4aecc4baac88bc012387a2a9831,N/A,N/A,85%,Real Estate,N/A,N/A,N/A,N/A,N/A
Craig Kachmarik,Craig,Kachmarik,Vice President - Commercial Insurance,craig@stapletoninsurance.com,Stapleton Insurance Group,stapletoninsurance.com,+18004220550,"PO Box 1118 Sylvania, OH 43560",Toledo,OH,"=""43560""",30,6411000000,6411,"[""All in One SEO Pack"",""Apache"",""Bootstrap"",""Font Awesome"",""Google Analytics"",""Google Font API"",""Lightbox"",""MailChimp"",""OWL Carousel"",""Revslider"",""WordPress"",""YouTube"",""jQuery"",""jQuery Migrate""]",37170936,catchall,N/A,95296bda804e5a1e84e1b92d9608fc0c,N/A,N/A,85%,Insurance Agents: Brokers: and Service,https://facebook.com/stapletoninsurancegroup1,https://linkedin.com/company/stapleton-insurance-group,https://twitter.com/stapletoninsur1,https://instagram.com/stapletoninsurance,https://youtube.com/channel/uc4p9buvnyqgexktbtq1i8xa
Chris Reese,Chris,Reese,Vice President,creese@nasinsurance.com,Insurance Leadership,nasinsurance.com,N/A,N/A,Encino,CA,N/A,125,6411000000,6411,[],37331398,catchall,N/A,e05fb88652fe0b0e16562d30f7ef82f6,N/A,N/A,85%,Insurance Agents: Brokers: and Service,N/A,N/A,N/A,N/A,N/A
Chris Reiter,Chris,Reiter,"Senior Vice President, Partner",creiter@wsandco.com,Woodruff Sawyer,wsandco.com,+14154026514,N/A,Portland,OR,N/A,350,6411000000,6411,"[""Elementor"",""Google Analytics"",""Google Font API"",""Google Tag Manager"",""MediaElement.js"",""Nginx"",""Pantheon"",""Pardot"",""Twitter Emoji (Twemoji)"",""Varnish"",""WordPress"",""ZURB Foundation"",""jQuery"",""jQuery Migrate""]",37519758,catchall,N/A,8d2c039d20de7d11b65573d85862dba5,N/A,N/A,85%,Insurance Agents: Brokers: and Service,https://facebook.com/woodruffsawyer,https://linkedin.com/company/woodruff-sawyer,https://twitter.com/woodruffsawyer,N/A,https://youtube.com/channel/ucxbuqd50n-o8arfs7pcphsa
Carlos Ribeiro,Carlos,Ribeiro,CIO,cribeiro@stoneweg.com,Stoneweg,stoneweg.com,N/A,N/A,Tampa,FL,N/A,30,65000000,65,"[""Apache"",""Google Analytics"",""Twitter Emoji (Twemoji)"",""WordPress"",""jQuery""]",46422162,catchall,1/7/2021,983f1df1703a62b6262d60636da3d57f,N/A,N/A,85%,Real Estate,N/A,N/A,N/A,N/A,N/A
Crystal Schulz,Crystal,Schulz,Vice President,crystal@tristarmgmt.net,All American Home Mortgage,tristarmgmt.net,N/A,N/A,Las Vegas,NV,N/A,5,35000000,65,[],40093535,catchall,N/A,fa6d4c0ca5915ae09f8645766c002ac6,N/A,N/A,85%,Real Estate,N/A,N/A,N/A,N/A,N/A
Craig Schmidt,Craig,Schmidt,VP Claims,cschmidt@starlinegroup.com,Starline Group,starlinegroup.com,+15084950882,N/A,Falmouth,MA,N/A,30,6411000000,6411,"[""Apache"",""Google Analytics"",""Google Font API"",""Modernizr"",""Supersized"",""jQuery""]",37837459,catchall,N/A,864ea9edf59fd48a83c94dc2a73c8b0c,N/A,N/A,85%,Insurance Agents: Brokers: and Service,N/A,N/A,N/A,N/A,N/A
Chris Simmons,Chris,Simmons,Senior Vice President,csimmons@vanmeterins.com,Van Meter,vanmeterins.com,+12706855581,"1240 Fairway St Bowling Green, KY 42103",Bowling Green,KY,"=""42103""",350,6411000000,6411,"[""All in One SEO Pack"",""Apache"",""Font Awesome"",""Google Font API"",""WordPress"",""YouTube"",""jQuery"",""jQuery Migrate""]",45830105,catchall,N/A,074bf07bbc9122c3719d109efee72322,N/A,N/A,85%,Insurance Agents: Brokers: and Service,https://facebook.com/vanmeterins,https://linkedin.com/company/van-meter-insurance-houchens,https://twitter.com/vanmeterins,N/A,N/A
Colin Stirrat,Colin,Stirrat,"Assistant Vice President, Development",cstirrat@seritage.com,Seritage Growth Properties,seritage.com,+12123557800,"500 Fifth Avenue Suite 1530 New York, NY 10110",New York,NY,"=""10110""",75,248700000,65,[],40904702,catchall,N/A,917087f04d78a25142423d9822414229,N/A,N/A,85%,Real Estate,N/A,https://linkedin.com/company/seritage-growth-properties,N/A,N/A,N/A
Cathy Suriano,Cathy,Suriano,VP Property Management,csuriano@blatteisschnur.com,Blatteis & Schnur,blatteisschnur.com,+13102825300,"10250 Constellation Boulevard, Suite 1050 Los Angeles, CA 90067",Los Angeles,CA,"=""90067""",30,5700128,65,"[""All in One SEO Pack"",""Apache"",""Google Analytics"",""PHP"",""Twitter Emoji (Twemoji)"",""WordPress"",""jQuery""]",44727548,catchall,N/A,6af9d2c6bad5f52aad1c3ec100151364,N/A,N/A,85%,Real Estate,N/A,N/A,N/A,N/A,N/A
"Clarence Townsend,",Clarence,"Townsend,",Vice President of Operations,ctownsend@mepco.com,Mepco Finance,mepco.com,N/A,N/A,Chicago,IL,N/A,30,6411000000,6411,[],37132732,catchall,N/A,3308cf1db860d6518d691216e1f58e35,N/A,N/A,85%,Insurance Agents: Brokers: and Service,N/A,N/A,N/A,N/A,N/A
Curtis Tischler,Curtis,Tischler,Vice President of Partnerships,curtis@level4advisors.com,Level Four Advisors,level4advisors.com,(949) 851-6418,N/A,San Francisco,CA,N/A,30,5700128,65,"[""Squarespace"",""YUI""]",40033241,catchall,N/A,046249858f4cdd62d77094222d9809aa,N/A,N/A,85%,Real Estate,https://facebook.com/squarespace,https://linkedin.com/company/squarespace,https://twitter.com/#!/squarespace,N/A,N/A
Claire Wang,Claire,Wang,Vice President,cwang@wangins.com,Wang Insurance Agency,wangins.com,+14157317062,"2620 Judah St San Francisco, CA, 941222620 Judah St. San Francisco, CA 94122",San Francisco,CA,"=""94122""",30,6411000000,6411,"[""Google Font API"",""Squarespace"",""YUI"",""jQuery"",""webpack""]",37960325,catchall,N/A,3f2eb797ccd1155251aab6def86bba9d,N/A,N/A,85%,Insurance Agents: Brokers: and Service,https://facebook.com/wanginsurance,https://linkedin.com/company/wang-insurance-agency-inc-,https://twitter.com/wanginsurance,https://instagram.com/wanginsurance,N/A
Dana Albright,Dana,Albright,Vice President,dalbright@significabenefits.com,Significa Benefit Services,significabenefits.com,+18007521547,"P.O. Box 7777 Lancaster, PA 17604-7777P.O. Box 7777 Lancaster, PA 17604",Lancaster,PA,"=""17604""",30,6411000000,6411,"[""Amazon Cloudfront"",""Bootstrap"",""Font Awesome"",""Google Analytics"",""Google Font API"",""Modernizr"",""OWL Carousel"",""animate.css"",""jQuery""]",40900593,catchall,N/A,5e8c7223edef85c691d6ff03c8c80bc9,N/A,N/A,85%,Insurance Agents: Brokers: and Service,https://facebook.com/significa-benefits-services-inc-134089379975016,https://linkedin.com/company/significa-benefit-services-inc,N/A,N/A,N/A
Dana Brown,Dana,Brown,Vice President,dana@brown-n-brown.com,Brown & Brown,brown-n-brown.com,N/A,N/A,Tallahassee,FL,N/A,125,2944920,6411,[],37800744,catchall,N/A,e40df98aa8ec5e31dcc52d7c3c2c19f8,N/A,N/A,85%,Insurance Agents: Brokers: and Service,N/A,N/A,N/A,N/A,N/A
Dan Beck,Dan,Beck,Senior Vice President,danb@snappins.com,Snapp & Associates Insurance Services,snappins.com,+16199083110,N/A,San Diego,CA,N/A,30,6411000000,6411,"[""Google Font API"",""Google Tag Manager"",""Lightbox"",""OpenResty"",""PHP"",""Revslider"",""WordPress"",""Yoast SEO"",""jQuery"",""jQuery Migrate"",""prettyPhoto""]",37604834,catchall,N/A,9bc007cce326f8ccaba3ef0c3b98a561,N/A,N/A,85%,Insurance Agents: Brokers: and Service,https://facebook.com/snappinsurance,https://linkedin.com/company/snapp-&-associates-insurance-services-inc.,https://twitter.com/snappinsurance,N/A,N/A
Dan Delamater,Dan,Delamater,Vice President,dand@southernmutual.com,Southern Mutual,southernmutual.com,+18008770600,N/A,Athens,GA,N/A,N/A,0,6411,"[""Bootstrap"",""IIS"",""Microsoft ASP.NET"",""Moment.js"",""jQuery"",""jQuery UI""]",44781140,catchall,N/A,372806b3bd9c9374f415f7b5ee0f1a9a,N/A,N/A,85%,Insurance Agents: Brokers: and Service,https://facebook.com/donegalgroup,https://linkedin.com/company/donegal-insurance-group,N/A,N/A,N/A
Dan Gilhooly,Dan,Gilhooly,Area Vice President,dan_gilhooly@ajg.com,Arthur J Gallagher And Co Of Iowa,ajg.com,N/A,N/A,Sioux City,IA,N/A,30,5595000000,6411,[],37141090,catchall,N/A,e2b2607a0499f4181daf5d2c7248ae74,N/A,N/A,85%,Insurance Agents: Brokers: and Service,N/A,N/A,N/A,N/A,N/A
Dan Jones,Dan,Jones,Vice President,danj@westben.com,Western Benefit Solutions,westben.com,N/A,N/A,Boise,ID,N/A,30,6411000000,6411,"[""Google Maps"",""Google Tag Manager"",""Handlebars"",""IIS"",""Incapsula"",""Microsoft ASP.NET"",""Modernizr"",""Sitecore"",""Swiftype"",""jQuery"",""jQuery UI""]",42546648,catchall,N/A,48037c2c7c514dde0ba46ef7268f1a2d,N/A,N/A,85%,Insurance Agents: Brokers: and Service,N/A,N/A,N/A,N/A,N/A
Daniel Rohlman,Daniel,Rohlman,Vice President,dan@mynypropertiesllc.com,Myny Properties,mynypropertiesllc.com,+12126636817,"78 Manhattan Avenue, New York, NY 10025",New York,NY,"=""10025""",5,1638653,65,"[""Bootstrap"",""Font Awesome"",""Google Font API"",""Microsoft ASP.NET"",""jQuery"",""jQuery UI""]",42854616,catchall,N/A,f62c544d1657e8ef5818b31592e5dc3e,N/A,N/A,85%,Real Estate,https://facebook.com/mynypropertiesllc,https://linkedin.com/company/3023963,https://twitter.com/mynyproperties,N/A,N/A
Danny Seto,Danny,Seto,Vice President,danny.seto@willis.com,Willis,willis.com,N/A,N/A,New York,NY,N/A,55000,0,6411,"[""AddThis"",""Bootstrap"",""CloudFlare"",""Google Font API"",""Google Tag Manager"",""Incapsula"",""Lazy.js"",""Microsoft ASP.NET"",""Sitecore"",""jQuery"",""scrollreveal""]",37679837,catchall,N/A,a03b7c6e3d5243bc7ce3ad3a55b5aeff,N/A,N/A,85%,Insurance Agents: Brokers: and Service,N/A,N/A,N/A,N/A,N/A
Daniel Padovano,Daniel,Padovano,Vice President,danp@dietrichassociates.com,Dietrich And,dietrichassociates.com,N/A,N/A,unknown city,unknown state,N/A,30,6411000000,6411,"[""Apache Traffic Server"",""Font Awesome"",""Google Font API"",""Twitter Emoji (Twemoji)"",""WordPress"",""Yoast SEO"",""jQuery"",""jQuery Migrate""]",44628301,catchall,N/A,84720b95f8ccd1ccf62cb9faf9639931,N/A,N/A,85%,Insurance Agents: Brokers: and Service,N/A,N/A,N/A,N/A,N/A
Dan Williams,Dan,Williams,Vice President,danwilliams@newsura.com,Newsura Insurance Services,newsura.com,+19165801800,"1013 Galleria Blvd, Suite 220 Roseville, CA 95678",unknown city,unknown state,"=""95678""",30,6411000000,6411,"[""CloudFlare"",""Font Awesome"",""Google Analytics"",""Google Font API"",""Google Tag Manager"",""Gravity Forms"",""HubSpot"",""WordPress"",""jQuery"",""jQuery Migrate"",""reCAPTCHA""]",43964748,catchall,N/A,1f5a0e1693b0c27e708458d841809968,N/A,N/A,85%,Insurance Agents: Brokers: and Service,N/A,https://linkedin.com/company/19072731,N/A,N/A,N/A
Danya Sawyer,Danya,Sawyer,"Senior Vice President, Client Solutions",danya@consolidatedanalytics.com,Consolidated Analytics,consolidatedanalytics.com,+16057733421,"1500 S. Douglass Rd., Suite 110 B Anaheim, CA",Irvine,CA,N/A,30,35000000,65,"[""Bootstrap"",""CloudFlare"",""FancyBox"",""Font Awesome"",""Google AdSense"",""Google Analytics"",""Google Font API"",""Google Maps"",""Google Tag Manager"",""Nginx"",""Polyfill"",""WordPress"",""jQuery"",""jQuery Migrate"",""Kinsta""]",45956888,catchall,1/12/2021,98b0cec2b6f4873f460853922213e3d2,N/A,N/A,85%,Real Estate,https://facebook.com/consolidatedanalytics,https://linkedin.com/company/consolidated-analytics-inc-,https://support.twitter.com/articles/20170405,N/A,N/A
Darian Shimy,Darian,Shimy,VP of Engineering,darian.shimy@pickergals.weebly.com,Weebly,pickergals.weebly.com,+12083514317,N/A,Durango,CO,N/A,N/A,65000000,65,"[""Apache"",""Google Analytics"",""Google Font API"",""MediaElement.js"",""Mustache"",""Select2"",""Weebly"",""jQuery""]",39549824,catchall,N/A,236767f8f248ffe8d8b5abf781b05cca,N/A,N/A,85%,Real Estate,https://facebook.com/weebly,N/A,https://twitter.com/weebly,https://instagram.com/weebly,https://youtube.com/user/weebly
Darlene Czaja,Darlene,Czaja,VP Client Services,darleneczaja@midamgroup.com,Axion Rms,midamgroup.com,+16307899516,"Suite 200 Downers Grove, IL 60515",Westmont,IL,"=""60515""",30,6411000000,6411,"[""Bootstrap"",""Font Awesome"",""Google Analytics"",""Google Font API"",""Google Tag Manager"",""Gravity Forms"",""Modernizr"",""Nginx"",""Twitter Emoji (Twemoji)"",""WP Engine"",""WordPress"",""jQuery"",""jQuery Migrate""]",37028593,catchall,N/A,ee018779c11766cd1a00ccceffc1b26d,N/A,N/A,85%,Insurance Agents: Brokers: and Service,https://facebook.com/pages/axion-rms-ltd/124917660862902,https://linkedin.com/company/axion-rms-ltd-,https://twitter.com/axion_rms,N/A,N/A
Darrell Davis,Darrell,Davis,"Executive Vice President, Partner",darrell.davis@worksiteservicesinc.com,Worksite,worksiteservicesinc.com,N/A,N/A,Garner,NC,N/A,5,1638653,6411,"[""OpenResty""]",40904666,catchall,N/A,78e840000944de3215ac6b2757715738,N/A,N/A,85%,Insurance Agents: Brokers: and Service,N/A,N/A,N/A,N/A,N/A
Dave Hicks,Dave,Hicks,Vice President,daveh@pactrust.com,Pactrust,pactrust.com,+14088794000,Suite 300 Portland OR 972241300 SE Stark Street Portland OR 97214,Portland,OR,"=""97214""",125,6767000,65,"[""Apache"",""Bootstrap"",""Google Analytics"",""Google Tag Manager"",""Matomo"",""PHP"",""Twitter Emoji (Twemoji)"",""WordPress"",""Yoast SEO"",""jQuery"",""jQuery Migrate""]",45328339,catchall,N/A,d8ac4d08846bb4eac22c1f73a6c6f872,N/A,N/A,85%,Real Estate,N/A,N/A,N/A,N/A,N/A
Carrie Valdes,Carrie,Valdes,Vice President/life & Ltc Manager,dave@sherrillins.com,Sherrillins,sherrillins.com,+14078312990,"498 Palm Springs Dr, Suite 270 Altamonte Springs, FL 32701",Altamonte Springs,FL,"=""32701""",5,1638653,6411,"[""Google Font API"",""Lightbox"",""MediaElement.js"",""Modernizr"",""Nginx"",""OWL Carousel"",""Revslider"",""TweenMax"",""Twitter Emoji (Twemoji)"",""WordPress"",""animate.css"",""jQuery"",""jQuery Migrate"",""jQuery UI""]",44806556,catchall,N/A,43238271ffa8670f744e8c178269fa92,N/A,N/A,85%,Insurance Agents: Brokers: and Service,N/A,N/A,N/A,N/A,N/A
Dave Israelsky,Dave,Israelsky,Vice President,dave@summitteam.com,Summit Team,summitteam.com,+17142411550,"17165 Newhope St., Ste., H, Fountain Valley, CA 92708 - (714) 241-1550 -",Fountain Valley,CA,N/A,5,1638653,65,"[""Apache"",""FrontPage""]",40628056,catchall,N/A,53b92ba333f28b69482e01b2ffce933a,N/A,N/A,85%,Real Estate,N/A,N/A,N/A,N/A,N/A
David Aase,David,Aase,Vice President of Brokerage Services,david.aase@venstarllc.com,Venstar,venstarllc.com,N/A,N/A,Saint Paul,MN,N/A,5,1638653,65,"[""Apache""]",38732071,catchall,N/A,d7e4fd8ad69e941161d388b722b04af7,N/A,N/A,85%,Real Estate,N/A,N/A,N/A,N/A,N/A
David Boren,David,Boren,Executive Vice President/managing Partner,davidb@genatt.com,Genatt V Llctel,genatt.com,+18883473428,"Suite 400 New Hyde Park, NY 11042",New Hyde Park,NY,"=""11042""",125,6411000000,6411,"[""All in One SEO Pack"",""Apache"",""Font Awesome"",""Google Font API"",""Lightbox"",""NextGEN Gallery"",""PHP"",""Twitter Emoji (Twemoji)"",""WordPress"",""jQuery"",""jQuery Migrate""]",45235275,catchall,N/A,8be4f91debbd85364d67351f782cdf32,N/A,N/A,85%,Insurance Agents: Brokers: and Service,N/A,N/A,N/A,N/A,N/A
David Carter,David,Carter,Senior Vice President,david.carter@thehartford.com,Hartford,thehartford.com,+18003227789,"P.O. Box 55359 Boston, MA 02205",Ct,CT,"=""02205""",55000,0,6411,"[""Akamai"",""Apache"",""Bootstrap"",""Moment.js"",""Tealium"",""jQuery""]",46004260,catchall,N/A,7ad88bfdcb1527eb053d104adfb09048,N/A,N/A,85%,Insurance Agents: Brokers: and Service,https://facebook.com/thehartford,https://linkedin.com/company/the-hartford,https://twitter.com/thehartford,N/A,N/A
David Gomes,David,Gomes,Vice President,david.gomes@rqm.us.com,Rockville Quinn Management Insurance Services,rqm.us.com,N/A,N/A,Rockville Centre,NY,N/A,125,0,64,"[""Apache"",""Plesk""]",36369616,catchall,N/A,128d4cabd11e860455834f7507a78b36,N/A,N/A,85%,Insurance Agents: Brokers: and Service,N/A,N/A,N/A,N/A,N/A
David Halle,David,Halle,Regional Vice President-leasing,david.halle@washingtonprime.com,Washington Prime Group,washingtonprime.com,+16146219000,N/A,Bethesda,MD,N/A,125,0,65,"[""Apache"",""Modernizr"",""jQuery""]",46658683,catchall,N/A,d4669a5ef7ea58ea35a96fc77127f2e3,N/A,N/A,85%,Real Estate,N/A,https://linkedin.com/company/washington-prime-group-inc,N/A,https://instagram.com/washingtonprimegroup,N/A
David Capozzoli,David,Capozzoli,VP of Operations,david@integratedloanassistance.com,Integrated Loan Assistance,integratedloanassistance.com,(855) 770-1500,N/A,Denver,CO,N/A,5,1638653,65,[],38501280,catchall,N/A,6682379c10fa0bb110f5e61820b58e29,N/A,N/A,85%,Real Estate,N/A,N/A,N/A,N/A,N/A
David Sannella,David,Sannella,Vice President and General Manager,david@onnorealty.com,Onno Realty New York,onnorealty.com,+13475601533,N/A,unknown city,unknown state,N/A,5,1638653,65,[],43119546,catchall,N/A,8731013f99a982e1ebe81835f5a998c8,N/A,N/A,85%,Real Estate,https://facebook.com/reqs.php#/pages/new-york-ny/onno-realty-new-york-llc/286026530491,N/A,https://twitter.com/onnorealtynyllc,N/A,N/A
David Shlomi,David,Shlomi,Vice President,david.shlomi@cottonwoodmgmt.com,Cottonwood Management,cottonwoodmgmt.com,(617) 695-9555,N/A,unknown city,unknown state,N/A,30,5700128,65,"[""Apache"",""Google Font API"",""Google Maps"",""PHP"",""jQuery""]",44298060,catchall,N/A,51b80dc7c30db5cc29de92aa4087a7fc,N/A,N/A,85%,Real Estate,N/A,N/A,N/A,N/A,N/A
David Weaver,David,Weaver,VP of Builder Division,david@thelokengroup.com,Loken Group,thelokengroup.com,+14096566580,"11037 FM 1960 W. Suite A1 Houston, TX 7706511037 FM 1960 W. Suite A1 Houston TX 77065",Houston,TX,"=""77065""",75,4600000,65,"[""Backbone.js"",""Facebook"",""Font Awesome"",""Google Analytics"",""Google Font API"",""Google Tag Manager"",""Lightbox"",""LiteSpeed"",""LiveChat"",""PHP"",""Twitter Emoji (Twemoji)"",""Underscore.js"",""WordPress"",""Yoast SEO"",""YouTube"",""animate.css"",""jQuery"",""jQuery Migrate""]",43137622,catchall,N/A,4df0b39f1fc1d0f8e7f74344cee0fdea,N/A,N/A,85%,Real Estate,https://facebook.com/thelokengroup,https://linkedin.com/company/the-loken-group,https://twitter.com/thelokengroup,https://instagram.com/_thelokengroup,N/A
David Pyle,David,Pyle,Executive Vice President,david@tkcre.com,Krausz,tkcre.com,+14157325600,"335 West Lane Angwin, CA 94508",Irvine,CA,"=""94508""",30,5700128,65,"[""Squarespace"",""Typekit"",""YUI"",""jQuery"",""webpack""]",42112940,catchall,1/12/2021,29fe1991468506ef25dce65d44f394eb,N/A,N/A,85%,Real Estate,N/A,N/A,N/A,N/A,N/A
David Whorton,David,Whorton,VP of Commercial Lines,david@whortonins.com,Whorton,whortonins.com,+15123722244,"11200 Jollyville Rd Austin, TX 787592800 Barton Creek Blvd. Austin, TX 78735",Austin,TX,"=""78735""",30,6411000000,6411,"[""Apache"",""Bootstrap"",""Chart.js"",""Google Analytics"",""Google Font API"",""Google Maps"",""Google Tag Manager"",""Java"",""Lightbox"",""Modernizr"",""Revslider"",""Slick"",""TweenMax"",""Twitter Emoji (Twemoji)"",""WordPress"",""Yoast SEO"",""jQuery"",""jQuery Migrate""]",39923972,catchall,N/A,b5ff55fe33e54db02d5d5677d46e1283,N/A,N/A,85%,Insurance Agents: Brokers: and Service,https://facebook.com/whortonins,https://linkedin.com/company/whorton-insurance-services/about,N/A,N/A,N/A
David Amedick,David,Amedick,Vice President of Construction,david@zocalodevelopment.com,Zocalo Community Development,zocalodevelopment.com,+13034330903,"455 Sherman Street Suite 205 Denver, CO 80203455 Sherman Street, Suite 205 Denver, CO 80203",Denver,CO,"=""80203""",30,7000000,65,[],45711962,catchall,N/A,de79b127147547d50452776f70ef40ce,N/A,N/A,85%,Real Estate,N/A,https://linkedin.com/company/1005975,N/A,https://instagram.com/zocalocommunitydevelopment,N/A
Dawn Law,Dawn,Law,Vice President,dawn@americanins.com,American,americanins.com,+17324538764,"1129 Raritan Rd. Clark, NJ 07066",Clark,NJ,"=""07066""",30,6411000000,6411,"[""CloudFlare"",""Google Analytics"",""Google Tag Manager"",""Modernizr"",""PHP"",""WordPress"",""jQuery"",""jQuery Migrate""]",43019394,catchall,N/A,aefbadd117cd6245fb8fb5bdfbeef6ee,N/A,N/A,85%,Insurance Agents: Brokers: and Service,https://facebook.com/americaninsuranceservices,https://linkedin.com/company/american-insurance-services-agency,https://twitter.com/americaninsnj,N/A,N/A
Doug Bollman,Doug,Bollman,Vice President,dbollman@taggartinsurance.com,Taggart,taggartinsurance.com,+18772422544,"1680 38th Street Suite 110 Boulder, CO 80301",Boulder,CO,"=""80301""",30,6411000000,6411,"[""Apache"",""Bootstrap"",""Chart.js"",""Font Awesome"",""Google Analytics"",""Google Font API"",""Google Tag Manager"",""Modernizr"",""PHP"",""Revslider"",""Twitter Emoji (Twemoji)"",""WordPress"",""Yoast SEO"",""jQuery"",""jQuery Migrate"",""reCAPTCHA""]",46620338,catchall,N/A,66269be2e5f3601d0a877d48bd665b86,N/A,N/A,85%,Insurance Agents: Brokers: and Service,https://facebook.com/taggartinsurance/,https://linkedin.com/company/taggart-insurance,https://twitter.com/taggartboco,N/A,N/A
Dick Decarlo,Dick,Decarlo,Vice President,ddecarlo@kwcommercial.com,Kw Commercial - Commercial,kwcommercial.com,+15123281433,St. Petersburg FL,Santa Monica,CA,N/A,3000,600000000,65,"[""CloudFlare"",""Google Analytics"",""Google Maps"",""Gravity Forms"",""HubSpot"",""Nginx"",""WP Engine"",""WordPress"",""Yoast SEO"",""jQuery"",""jQuery Migrate"",""reCAPTCHA""]",38082743,catchall,N/A,6a5b5d9c547b26c55f91ee786dd32b92,N/A,N/A,85%,Real Estate,https://facebook.com/kwcommercial,https://linkedin.com/company/keller-williams-realty-inc/kw-commercial-826600/product,https://twitter.com/kw_commercial,N/A,N/A
David Dill,David,Dill,"Senior Vice President, Client Relations",ddill@consolidatedanalytics.com,Consolidated Analytics,consolidatedanalytics.com,+16057733421,"1500 S. Douglass Rd., Suite 110 B Anaheim, CA",Irvine,CA,N/A,30,35000000,65,"[""Bootstrap"",""CloudFlare"",""FancyBox"",""Font Awesome"",""Google AdSense"",""Google Analytics"",""Google Font API"",""Google Maps"",""Google Tag Manager"",""Nginx"",""Polyfill"",""WordPress"",""jQuery"",""jQuery Migrate"",""Kinsta""]",45956886,catchall,1/12/2021,5f742cac91aef6f09cae22dc6d4bb739,N/A,N/A,85%,Real Estate,https://facebook.com/consolidatedanalytics,https://linkedin.com/company/consolidated-analytics-inc-,https://support.twitter.com/articles/20170405,N/A,N/A
David Dishy,David,Dishy,Executive Vice President,ddishy@lmdevpartners.com,L+m Development,lmdevpartners.com,+19148333092,"1865 Palmer Avenue, Floor 2 Larchmont, NY 10538",Larchmont,NY,"=""10538""",300,65000000,65,"[""Apache"",""Backbone.js"",""Google Analytics"",""Google Font API"",""Hammer.js"",""Modernizr"",""PHP"",""Twitter Emoji (Twemoji)"",""Underscore.js"",""WordPress"",""jQuery"",""jQuery Migrate""]",45808082,catchall,N/A,7a9380c705ba2358699b35936a5cc3ee,N/A,N/A,85%,Real Estate,N/A,https://linkedin.com/company/l-m-development-partners-inc,N/A,N/A,N/A
Dean Fair,Dean,Fair,Senior Vice President,dean.fair@cb-sisco.com,Cottingham & Butler,cb-sisco.com,+15635837339,"800 Main Street Dubuque, IA 52001",Dubuque,IA,"=""52001""",350,40572000,6411,"[""Apache"",""Google Analytics"",""Google Font API"",""NextGEN Gallery"",""Pardot"",""Twitter Emoji (Twemoji)"",""WordPress"",""Yoast SEO"",""jQuery"",""jQuery Migrate""]",36374810,catchall,N/A,2a320f07d54c4a2c0f9d825c777fd733,N/A,N/A,85%,Insurance Agents: Brokers: and Service,N/A,N/A,N/A,N/A,N/A
Debbie Sres,Debbie,Sres,"Executive Vice President, Director",debbie.robinson@premiertransitions.com,Premier Transitions Relocation,premiertransitions.com,+18882540005,N/A,unknown city,unknown state,N/A,5,1638653,65,[],44333738,catchall,N/A,7d498cd7aa2ae12b4a302b7914a1b31d,N/A,N/A,85%,Real Estate,https://facebook.com/premier-transitions-a-senior-relocation-company-1621805961404319,https://linkedin.com/company/premier-transitions,N/A,N/A,N/A
Douglas Ehens,Douglas,Ehens,Vice President - Land,dehens@providencered.com,Providence Real Estate Development,providencered.com,+12196889515,"Turnberry at Trail Creek  St. John Township, IN",unknown city,unknown state,N/A,30,5700128,65,"[""Apache"",""Bootstrap"",""Font Awesome"",""Google Analytics"",""Google Font API"",""Modernizr"",""TweenMax"",""Twitter Emoji (Twemoji)"",""Ubuntu"",""WordPress"",""jQuery"",""jQuery Migrate""]",40056311,catchall,N/A,15f87a72367d0b246055768597c0c73f,N/A,N/A,85%,Real Estate,https://facebook.com/providencerealestatedevelopment,https://linkedin.com/company/3729347,N/A,N/A,N/A
David Elliott,David,Elliott,Senior Vice President,delliott@mackregroup.com,Mack Real Estate Group,mackregroup.com,N/A,N/A,New York,NY,N/A,30,6000000,65,"[""Apache"",""Supersized"",""jQuery""]",42711269,catchall,N/A,0e7d5f0af01ea56713bee491a799de43,N/A,N/A,85%,Real Estate,N/A,N/A,N/A,N/A,N/A
Michael Deluca,Michael,Deluca,Vice President,deluca@investaservices.com,Investa Services,investaservices.com,N/A,N/A,Atlanta,GA,N/A,30,65000000,65,[],37213241,catchall,N/A,03abe00cb3b2a3dcddc8b16d8d8385ea,N/A,N/A,85%,Real Estate,N/A,N/A,N/A,N/A,N/A
Darryl Enfield,Darryl,Enfield,Vp/cio,denfield@Sunmarkfcu.org,Sunmark,Sunmarkfcu.org,+15183828433,"202 Northline Road Ballston Spa, NY 12020",Latham,NY,"=""12020""",125,0,64,"[""Amazon EC2"",""Apache"",""Facebook"",""Font Awesome"",""Google Analytics"",""Google Font API"",""Google Tag Manager"",""Gravity Forms"",""Modernizr"",""Revslider"",""TrackJs"",""WordPress"",""jQuery"",""jQuery Migrate"",""jQuery UI""]",43933547,catchall,1/5/2021,16efe16a0c768b28fa3438d8670f28d7,N/A,N/A,85%,Insurance Agents: Brokers: and Service,https://facebook.com/sunmarkfcu,https://linkedin.com/company/485198,https://twitter.com/sunmarkfcu,N/A,https://youtube.com/user/sunmarkfcu
Denise Stephenson,Denise,Stephenson,Vice President,denise.stephenson@willis.com,Willis,willis.com,N/A,N/A,New York,NY,N/A,55000,0,6411,"[""AddThis"",""Bootstrap"",""CloudFlare"",""Google Font API"",""Google Tag Manager"",""Incapsula"",""Lazy.js"",""Microsoft ASP.NET"",""Sitecore"",""jQuery"",""scrollreveal""]",37679854,catchall,N/A,e8eb0bdef0c2e2ac72e3e78a739bec55,N/A,N/A,85%,Insurance Agents: Brokers: and Service,N/A,N/A,N/A,N/A,N/A
J Dennis Adams,J,Adams,Executive Vice President,dennis.adams@willis.com,Willis,willis.com,N/A,N/A,New York,NY,N/A,55000,0,6411,"[""AddThis"",""Bootstrap"",""CloudFlare"",""Google Font API"",""Google Tag Manager"",""Incapsula"",""Lazy.js"",""Microsoft ASP.NET"",""Sitecore"",""jQuery"",""scrollreveal""]",37679801,catchall,N/A,9c1a8f16861a94b4b58ebd80211f29d2,N/A,N/A,85%,Insurance Agents: Brokers: and Service,N/A,N/A,N/A,N/A,N/A
Dennis Keifer,Dennis,Keifer,Regional VP,dennis@hudsoncrop.com,Hudson Crop,hudsoncrop.com,+18555506825,N/A,Overland Park,KS,N/A,30,5000000,6411,[],45163092,catchall,N/A,ff3688d57c0e0b22cb677bea12f41d7b,N/A,N/A,85%,Insurance Agents: Brokers: and Service,N/A,https://linkedin.com/company/hudson-crop,N/A,N/A,N/A
Dennis Monahan,Dennis,Monahan,Vice President,dennis@valleyinsure.com,Valley Insurance Service,valleyinsure.com,N/A,N/A,Rancho Mirage,CA,N/A,30,6411000000,6411,"[""CloudFlare"",""Microsoft ASP.NET"",""Statcounter"",""jQuery""]",42337293,catchall,N/A,e597308ed04b2443331660181e8f1c6f,N/A,N/A,85%,Insurance Agents: Brokers: and Service,N/A,N/A,N/A,N/A,N/A
Denny Lutz,Denny,Lutz,Senior Vice President,dennyl@wfl-stl.com,Welsch Flatness And Lutz,wfl-stl.com,N/A,N/A,St. Louis,MO,N/A,75,6411000000,6411,"[""Nginx"",""PHP""]",39106718,catchall,N/A,a26212096ef1374b5ff2fbe33e96f494,N/A,N/A,85%,Insurance Agents: Brokers: and Service,N/A,N/A,N/A,N/A,N/A
Danya Feltzin,Danya,Feltzin,VP Asset Management,dfeltzin@solterra.com,Solterra Capital,solterra.com,+15033601109,"959 SE Division St. #130 Portland, OR 97214",Portland,OR,"=""97214""",30,30500000,65,"[""CloudFlare"",""Font Awesome"",""Google Analytics"",""Google Font API"",""Google Maps"",""Ionicons"",""Lightbox"",""MediaElement.js"",""Modernizr"",""Revslider"",""Select2"",""Twitter Emoji (Twemoji)"",""WordPress"",""jQuery"",""jQuery Migrate"",""jQuery UI"",""prettyPhoto"",""reCAPTCHA""]",39440042,catchall,N/A,ebe3ff44dd05ca722f9d59ecfd694e10,N/A,N/A,85%,Real Estate,N/A,N/A,N/A,N/A,N/A
Danya Feltzin,Danya,Feltzin,VP Asset Management,dfeltzin@SolTerra.com,Solterra,SolTerra.com,+15033601109,"959 SE Division St. #130 Portland, OR 97214",Portland,OR,"=""97214""",125,0,65,[],37087280,catchall,N/A,f996a491a0c7a8a9e1fdf4733fa0cb46,N/A,N/A,85%,Real Estate,N/A,N/A,N/A,N/A,N/A
Davis Finney,Davis,Finney,Vice President,dfinney@bullrealty.com,Bull,bullrealty.com,+18004082855,"50 Glenlake Parkway, Suite 600 Atlanta, GA 30328",Atlanta,GA,"=""30328""",75,3000000,65,"[""Bootstrap"",""Google Analytics"",""Google Tag Manager"",""Nginx"",""Select2"",""YouTube"",""jQuery"",""jQuery Mobile""]",39636667,catchall,N/A,da266f1645d6439c4deb1fd129eda7b5,N/A,N/A,85%,Real Estate,https://facebook.com/bull-realty-inc-420137434674657,https://linkedin.com/company/98544,https://twitter.com/bullrealty,N/A,https://youtube.com/channel/uccchklzlu80retwxjsh7bua
Danielle Glickson,Danielle,Glickson,Vice President - Acquisitions,dglickson@glenstar.com,Glenstar,glenstar.com,+13127951800,"2400 Cabot Drive, Lisle, IL",Chicago,IL,N/A,30,3000000,65,"[""Apache"",""Bootstrap"",""Google Analytics"",""Handlebars"",""PHP"",""Slick"",""WordPress"",""jQuery""]",45385970,catchall,N/A,97d145ed8eee34117f9ef63320d7e733,N/A,N/A,85%,Real Estate,N/A,N/A,N/A,N/A,N/A
Diana Hanby,Diana,Hanby,Vice President,dhanby@tjhornung.com,Thomas J. Hornung,tjhornung.com,N/A,N/A,unknown city,unknown state,N/A,5,1638653,6411,[],37616663,catchall,N/A,a7e394606d115e20890a5b834b02d21a,N/A,N/A,85%,Insurance Agents: Brokers: and Service,N/A,N/A,N/A,N/A,N/A
Dan Gass,Dan,Gass,VP Social Services,dhg@babbins.com,Babb,babbins.com,+14123221756,"850 Ridge Avenue Pittsburgh, PA 15212",Pittsburgh,PA,"=""15212""",125,6411000000,6411,"[""Apache"",""Font Awesome"",""Google Analytics"",""Google Font API"",""Google Maps"",""Google Tag Manager"",""Ionicons"",""MediaElement.js"",""Modernizr"",""TweenMax"",""Twitter Emoji (Twemoji)"",""WordPress"",""jQuery"",""jQuery Migrate"",""jQuery UI"",""reCAPTCHA""]",44914278,catchall,N/A,86a7b1e787d11c66c6a0f67237d6b342,N/A,N/A,85%,Insurance Agents: Brokers: and Service,https://facebook.com/babb-inc-215811745120362,https://linkedin.com/company/111920,https://twitter.com/babbwelladvised,N/A,https://youtube.com/channel/ucsq6c6aumrus5nfjy2clmia/feed
Dhiren Shah,Dhiren,Shah,Vice President,dhiren@crurea.com,Cru Real Estate Advisors,crurea.com,+17147609880,N/A,Costa Mesa,CA,N/A,125,0,65,"[""Apache"",""Twitter"",""jQuery""]",42738702,catchall,N/A,8116509685fa1179f0c7940ae2ee931c,N/A,N/A,85%,Real Estate,https://facebook.com/pages/cru-rea-hotels/474063282716790,N/A,https://twitter.com/crureahotels,N/A,N/A
Derick M. Holtz,Derick,Holtz,Sr. Regional Vice President - Southeast Region,dholtz@strategiccomp.com,American Insurance Group Tower301 E,strategiccomp.com,+16465645283,"301 E. Fourth Street Cincinnati, OH 45202",unknown city,unknown state,"=""45202""",350,6411000000,6411,"[""Font Awesome"",""Google Analytics"",""Google Tag Manager"",""IIS"",""Java"",""Marketo"",""Microsoft ASP.NET"",""New Relic"",""Sitefinity"",""Typekit"",""Usabilla"",""jQuery"",""jQuery UI""]",38967577,catchall,N/A,fb569f2c856c8aa75a9d6e82d03b3e6f,N/A,N/A,85%,Insurance Agents: Brokers: and Service,https://facebook.com/greatamericaninsurancegroup,https://linkedin.com/company/great-american-insurance,https://twitter.com/gaigroup,N/A,https://youtube.com/user/gaigroup
Diana Javurek,Diana,Javurek,Vice President,dianaj@wheatman.com,Wheatman Insurance Services,wheatman.com,N/A,N/A,Woodland Hills,CA,N/A,30,6411000000,6411,"[""Google Maps"",""Google Tag Manager"",""Handlebars"",""IIS"",""Incapsula"",""Microsoft ASP.NET"",""Modernizr"",""Sitecore"",""Swiftype"",""jQuery"",""jQuery UI""]",37030033,catchall,N/A,72e263acae055d66cf27238b011bc1bb,N/A,N/A,85%,Insurance Agents: Brokers: and Service,N/A,N/A,N/A,N/A,N/A
Dave Johnson,Dave,Johnson,VP Surety,djohnson@wgbender.com,Warren G. Bender,wgbender.com,+19163805346,"516 Gibson Drive Suite 240 Roseville, CA 95678516 Gibson Drive, Suite 240, Roseville, CA 95678",Roseville,CA,"=""95678""",30,7000000,6411,"[""Google Analytics"",""Modernizr"",""PHP"",""Twitter Emoji (Twemoji)"",""WordPress"",""ZURB Foundation"",""Zepto"",""jQuery"",""jQuery Migrate""]",46642442,catchall,N/A,510a7887ee7b4ee2db65b5a56129095b,N/A,N/A,85%,Insurance Agents: Brokers: and Service,https://facebook.com/pages/warren-g-bender-co/325804603296,https://linkedin.com/company/warren-g.-bender-company,https://twitter.com/wgbco,N/A,N/A
Doug Jones,Doug,Jones,"Senior Vice President & Principal, Board of Directors",djones@rhsb.com,Rhsb,rhsb.com,+19727442898,"Suite 500 Dallas, Texas 75231",Dallas,TX,"=""75231""",125,6411000000,6411,"[""All in One SEO Pack"",""Font Awesome"",""Google Analytics"",""Google Font API"",""Google Tag Manager"",""Modernizr"",""Revslider"",""Slick"",""WordPress"",""jQuery"",""jQuery Migrate"",""jQuery UI""]",38660393,catchall,N/A,c83cc6cd923fc4d65c9a1e6a117b7b02,N/A,N/A,85%,Insurance Agents: Brokers: and Service,https://facebook.com/rhsbinsurance,https://linkedin.com/company/rhsbinsurance,https://twitter.com/rhsbins,N/A,N/A
David Kohl,David,Kohl,Senior Vice President,dkohl@rhsb.com,Rhsb,rhsb.com,+19727442898,"Suite 500 Dallas, Texas 75231",Dallas,TX,"=""75231""",125,6411000000,6411,"[""All in One SEO Pack"",""Font Awesome"",""Google Analytics"",""Google Font API"",""Google Tag Manager"",""Modernizr"",""Revslider"",""Slick"",""WordPress"",""jQuery"",""jQuery Migrate"",""jQuery UI""]",38660394,catchall,N/A,b9dd6f8bfa6095d8065022e2c0edf272,N/A,N/A,85%,Insurance Agents: Brokers: and Service,https://facebook.com/rhsbinsurance,https://linkedin.com/company/rhsbinsurance,https://twitter.com/rhsbins,N/A,N/A
Dennis Lambert,Dennis,Lambert,Vice President and General Manager,dlambert@glenstar.com,Glenstar,glenstar.com,+13127951800,"2400 Cabot Drive, Lisle, IL",Chicago,IL,N/A,30,3000000,65,"[""Apache"",""Bootstrap"",""Google Analytics"",""Handlebars"",""PHP"",""Slick"",""WordPress"",""jQuery""]",45385968,catchall,N/A,ec4abe95b26291e0fff4d407f5da1a6d,N/A,N/A,85%,Real Estate,N/A,N/A,N/A,N/A,N/A
Dean May,Dean,May,Vice President,d.may@suntrustmortgage.com,Suntrust Banks Trust,suntrustmortgage.com,+18006347928,N/A,Tampa,FL,N/A,N/A,0,65,[],38709542,catchall,N/A,b615fbd98bf0756db457d4b81591f974,N/A,N/A,85%,Real Estate,https://facebook.com/suntrust,N/A,https://twitter.com/suntrust,N/A,https://youtube.com/user/livesolid
Dave Meleski,Dave,Meleski,Senior Vice President,dmeleski@onlyinfinity.com,Infinity Group,onlyinfinity.com,N/A,N/A,Bonita,CA,N/A,30,5700128,65,"[""Apache""]",41867593,catchall,N/A,4e3c3ba734502f0167b873d791465096,N/A,N/A,85%,Real Estate,N/A,N/A,N/A,N/A,N/A
Doyle Mitchell,Doyle,Mitchell,Vice President,d.mitchell@suntrustmortgage.com,Suntrust Banks Trust,suntrustmortgage.com,+18006347928,N/A,Tampa,FL,N/A,N/A,0,65,[],38709529,catchall,N/A,b4039ae176d25fa0f3237e994329cbd2,N/A,N/A,85%,Real Estate,https://facebook.com/suntrust,N/A,https://twitter.com/suntrust,N/A,https://youtube.com/user/livesolid
Dan Morrill,Dan,Morrill,Vice President Employee Benefits,dmorrill@servantinsurance.com,Ansay,servantinsurance.com,+12622847174,"430 N Koeller Street Oshkosh Wisconsin, 54902",Oshkosh,WI,"=""54902""",30,6411000000,6411,"[""Google Analytics"",""Google Tag Manager"",""jQuery"",""jQuery UI""]",39763167,catchall,N/A,f4b70855c35adc113f54fd1e49ba7fd3,N/A,N/A,85%,Insurance Agents: Brokers: and Service,https://facebook.com/ansay.associates,https://linkedin.com/company/ansay-&-associates,https://twitter.com/ansayway,N/A,N/A
Dan Murphey,Dan,Murphey,Vice President of Construction,dmurphey@blackpinecommunities.com,Blackpine Communities,blackpinecommunities.com,+19169705073,N/A,Folsom,CA,N/A,30,5700128,65,"[""Apache"",""FancyBox"",""Google Analytics"",""Google Maps"",""Google Tag Manager"",""Pure CSS"",""Select2"",""animate.css"",""jQuery"",""jQuery Mobile"",""jQuery UI""]",38196616,catchall,N/A,fc8725db99d5a3948c773e830344e453,N/A,N/A,85%,Real Estate,https://facebook.com/blackpinecommunities,https://ca.linkedin.com/company/blackpine-communities,https://twitter.com/blackpinehomes,https://instagram.com/blackpine.communities,https://youtube.com/channel/uc227agixmphngbogi3rtimw/featured
Dan Naylor,Dan,Naylor,Vice President West Region,dnaylor@vfis.com,Vfis,vfis.com,+18004618347,N/A,unknown city,unknown state,N/A,350,6411000000,6411,[],39049894,catchall,N/A,47305dbc4d059d252338983f1d22700b,N/A,N/A,85%,Insurance Agents: Brokers: and Service,https://facebook.com/vfisinsurance,https://linkedin.com/company/vfis,https://twitter.com/vfis,N/A,N/A
Donald Nichols,Donald,Nichols,2 VP Complex Claim,dnichols@travelers.com,Travelers Indemnity,travelers.com,+18663362077,N/A,Hinckley,OH,N/A,30,1000000,6411,"[""Akamai"",""CloudFlare"",""Dynatrace"",""Facebook"",""Google Analytics"",""Google Tag Manager"",""IIS"",""Microsoft ASP.NET"",""Modernizr"",""Tealium"",""YUI"",""jQuery"",""jQuery UI""]",39063981,catchall,N/A,3decbf76ddc52932a461e33e184107f5,N/A,N/A,85%,Insurance Agents: Brokers: and Service,https://facebook.com/travelers,https://us.linkedin.com/company/travelers,https://twitter.com/travelers,https://instagram.com/travelersinsurance,https://youtube.com/user/travelersinsurance
Don Mcvicker,Don,Mcvicker,VP Security,don.mcvicker@sothebysrealty.com,Sothebys,sothebysrealty.com,+18668994747,N/A,Bellevue,WA,N/A,30,1000000,6411,"[""Google Analytics"",""Google Font API"",""Google Tag Manager"",""IIS"",""Microsoft ASP.NET"",""Prototype"",""VideoJS"",""jQuery"",""jQuery Migrate"",""jQuery UI""]",41503821,catchall,N/A,211f5c60206a59e5ee70bd182f2ea029,N/A,N/A,85%,Insurance Agents: Brokers: and Service,https://facebook.com/sothebysrealty,https://linkedin.com/company/sothebys-international-realty,https://twitter.com/sothebysrealty,https://instagram.com/sothebysrealty,https://youtube.com/user/sothebysrealty
Don Adams,Don,Adams,Senior Vice President,don@shotguncreek.com,Shotgun Creek Investments,shotguncreek.com,+14255193988,"11245 SE 6th Street, Suite 240, Bellevue, WA 98004",Bellevue,WA,"=""98004""",5,1638653,65,"[""Apache"",""Bootstrap"",""Font Awesome"",""Google Analytics"",""Google Font API"",""OWL Carousel"",""Twitter Emoji (Twemoji)"",""WordPress"",""animate.css"",""jQuery"",""jQuery Migrate""]",44128455,catchall,3/22/2021,2a7ef696704ac25700286387f450768d,N/A,N/A,85%,Real Estate,N/A,N/A,N/A,N/A,N/A
Don Pfost,Don,Pfost,Vice President - Mtg Servicing Manager,dpfost@auroralending.com,Aurora Financial Group,auroralending.com,+18556905900,N/A,Marlton,NJ,N/A,125,6411000000,6411,"[""IIS"",""Microsoft ASP.NET""]",40704348,catchall,N/A,e0704226dd60074c70ea5c16c98ac7f9,N/A,N/A,85%,Insurance Agents: Brokers: and Service,N/A,N/A,N/A,N/A,N/A
David Resch,David,Resch,Executive Vice President,dresch@ucpm.com,Ucpm Environmental,ucpm.com,N/A,N/A,Gilbert,AZ,N/A,30,6000000,6411,[],39451908,catchall,N/A,e2b9423c9749eeae6a2bc7b789c901c8,N/A,N/A,85%,Insurance Agents: Brokers: and Service,N/A,N/A,N/A,N/A,N/A
Drew Hansen,Drew,Hansen,Assistant Vice President,drewhansen@firstpalmetto.com,First Palmetto,firstpalmetto.com,+18432805303,"407 DeKalb Street Camden, South Carolina 29020",Camden,SC,"=""29020""",N/A,0,65,[],45181879,catchall,N/A,3729d17c29fd362a6df0c5abdb330457,N/A,N/A,85%,Real Estate,N/A,N/A,N/A,N/A,N/A
David Scarnati,David,Scarnati,Vice President Real Estate Construction,dscarnati@seritage.com,Seritage Growth Properties,seritage.com,+12123557800,"500 Fifth Avenue Suite 1530 New York, NY 10110",New York,NY,"=""10110""",75,248700000,65,[],40904699,catchall,N/A,e28ed131cf37be27040062b32cb091e1,N/A,N/A,85%,Real Estate,N/A,https://linkedin.com/company/seritage-growth-properties,N/A,N/A,N/A
David Scheinberg,David,Scheinberg,Senior Vice President,dscheinberg@cresa.com,Cresa,cresa.com,+14045571789,"St. Louis, MO",Boston,MA,N/A,750,300000000,65,"[""Azure"",""Google Analytics"",""Google Tag Manager"",""IIS"",""Microsoft ASP.NET"",""Sitecore""]",39975106,catchall,N/A,99cdb4ca1471e58378d894a3418eb6f0,N/A,N/A,85%,Real Estate,https://facebook.com/cresacorp,https://linkedin.com/company/cresa,https://twitter.com/cresacorp,https://instagram.com/cresaglobal,https://youtube.com/user/cresacorp
Don Schroeder,Don,Schroeder,Commercial Agent & VP,dschroeder@waltonagency.com,Walton Agency,waltonagency.com,N/A,N/A,Jackson,MI,N/A,125,6411000000,6411,"[""Apache""]",42730639,catchall,N/A,62f728d869d5983c0a25c596e48425d5,N/A,N/A,85%,Insurance Agents: Brokers: and Service,N/A,N/A,N/A,N/A,N/A
Deb Smolensky,Deb,Smolensky,"Vp, Nfp Ventures",dsmolensky@thoits-insurance.com,Nfp,thoits-insurance.com,+12129316190,N/A,San Jose,CA,N/A,3000,6411000000,6411,"[""Azure"",""AngularJS"",""Google Analytics"",""IIS"",""Microsoft ASP.NET"",""Modernizr"",""TweenMax"",""jQuery""]",37276710,catchall,N/A,476e285ba589112b0645655d954e6749,N/A,N/A,85%,Insurance Agents: Brokers: and Service,https://facebook.com/onenfp,https://linkedin.com/company/wearenfp,https://twitter.com/nfp,N/A,N/A
Dino F. Stampone,Dino,Stampone,"Vice President, Group Benefits",dstampone@stratfordlink.com,Stratford Financial Group,stratfordlink.com,N/A,N/A,Fairfield,NJ,N/A,30,6411000000,6411,[],36551311,catchall,N/A,d8b507ce21552df249b66060720612d3,N/A,N/A,85%,Insurance Agents: Brokers: and Service,N/A,N/A,N/A,N/A,N/A
David Tacha,David,Tacha,Senior Vice President - Business Development,dtacha@tjsisk.com,Sisk,tjsisk.com,+13038317100,N/A,Denver,CO,N/A,30,6411000000,6411,"[""Apache"",""Google Analytics"",""Twitter Emoji (Twemoji)"",""WordPress"",""Yoast SEO"",""jQuery""]",45967696,catchall,N/A,d31e30a58f3822cfb504c7277e71ef6e,N/A,N/A,85%,Insurance Agents: Brokers: and Service,N/A,N/A,N/A,N/A,N/A
Dan Walsh,Dan,Walsh,Senior Vice President,dwalsh@naicapital.com,Nai Capital,naicapital.com,+12136327711,N/A,Encino,CA,N/A,350,70000000,65,"[""DNN"",""Google Analytics"",""Google Font API"",""Google Tag Manager"",""IIS"",""Microsoft ASP.NET"",""jQuery"",""jQuery Migrate"",""jQuery UI""]",41618478,catchall,N/A,0b1f8b16723b4c431f58bee70ad12cee,N/A,N/A,85%,Real Estate,https://facebook.com/naicapital,https://linkedin.com/company/nai-capital,https://twitter.com/naicapital,N/A,https://youtube.com/user/naicapital
Daniel Weissenberg,Daniel,Weissenberg,Senior Vice President,dweissenberg@auroralending.com,Aurora Financial Group,auroralending.com,+18556905900,N/A,Marlton,NJ,N/A,125,6411000000,6411,"[""IIS"",""Microsoft ASP.NET""]",40704341,catchall,N/A,e1829948d1bb152fc547276960707dd3,N/A,N/A,85%,Insurance Agents: Brokers: and Service,N/A,N/A,N/A,N/A,N/A
Dawn Wright,Dawn,Wright,Vice President,dwright@qualcareinc.com,Qualcare,qualcareinc.com,+18009926613,N/A,San Diego,CA,N/A,5,34705620,6411,[],38455668,catchall,N/A,36f3c017919a36ce23c60d8aa394e799,N/A,N/A,85%,Insurance Agents: Brokers: and Service,N/A,https://linkedin.com/company/qualcare-inc./products,N/A,N/A,N/A
Ed Bowler,Ed,Bowler,Senior Vice President,ebowler@usi-insurance.com,Usi,usi-insurance.com,N/A,N/A,unknown city,unknown state,N/A,3000,6411000000,6411,"[""Google Cloud"",""OpenResty""]",41689343,catchall,N/A,b822f31ee05274a913fb5eeebc62f0b6,N/A,N/A,85%,Insurance Agents: Brokers: and Service,N/A,N/A,N/A,N/A,N/A
Edgina Quoteddiequot Desormeau,Edgina,Desormeau,CEO - Lead Publicist,edgina.desormeau@delta.com,Delta,delta.com,+18002211212,N/A,unknown city,unknown state,N/A,5000,39600000000,45,[],44622204,catchall,N/A,21b2245802fbbdb804ac0eb0718262ff,N/A,N/A,85%,Transportation By Air,N/A,N/A,https://twitter.com/delta,N/A,N/A
Ed Muna,Ed,Muna,Senior Vice President,ed@hughesmarino.com,"Hughes Marino, Incall",hughesmarino.com,+12128642211,"1450 Front Street San Diego, CA 92101",San Diego,CA,"=""92101""",300,25000000,65,"[""Bootstrap"",""CloudFlare"",""FancyBox"",""Font Awesome"",""Google Analytics"",""Marketo"",""Modernizr"",""Twitter Emoji (Twemoji)"",""WP Engine"",""WordPress"",""Yoast SEO"",""jQuery""]",40008460,catchall,N/A,f4418facfba1ab566b90e1ebdeb1fd0f,N/A,N/A,85%,Real Estate,https://facebook.com/hughesmarino,https://linkedin.com/company/hughes-marino,https://twitter.com/hughesmarino,https://instagram.com/hughesmarino,https://youtube.com/user/hughesmarino
Edward Macdonald,Edward,Macdonald,"Vice President, Assistant General Counsel and Director of Mutual Fund Law",edward.macdonald@thehartford.com,Hartford,thehartford.com,+18003227789,"P.O. Box 55359 Boston, MA 02205",Ct,CT,"=""02205""",55000,0,6411,"[""Akamai"",""Apache"",""Bootstrap"",""Moment.js"",""Tealium"",""jQuery""]",46004299,catchall,N/A,36d98476292e141df57285101288828b,N/A,N/A,85%,Insurance Agents: Brokers: and Service,https://facebook.com/thehartford,https://linkedin.com/company/the-hartford,https://twitter.com/thehartford,N/A,N/A
"Elizabeth Finn Elder, Cpcu",Elizabeth,Cpcu,Vice President,efinnelder@sallop.com,Sallop,sallop.com,N/A,N/A,Boston,MA,N/A,5,1638653,6411,[],43082523,catchall,N/A,22515511c18aee67ec8b3343379528e3,N/A,N/A,85%,Insurance Agents: Brokers: and Service,N/A,N/A,N/A,N/A,N/A
Elise Jenkins,Elise,Jenkins,Vice President,ejenkins@safepointins.com,Safepoint,safepointins.com,+18778587445,N/A,Tampa,FL,N/A,30,6000000,64,"[""Apache"",""Google Analytics"",""Google Font API"",""Plesk"",""Twitter Emoji (Twemoji)"",""WordPress"",""jQuery"",""jQuery Migrate""]",38090880,catchall,N/A,4e7d90e647e26e6ba66c333e3c10b0cd,N/A,N/A,85%,Insurance Agents: Brokers: and Service,https://facebook.com/safepointins,https://linkedin.com/company/safepoint-holdings-llc,https://twitter.com/safepointins,N/A,N/A
Edward Katz,Edward,Katz,Insurance Consultant - Senior Vice President,ekatz@seitlin.com,Marsh & Mclennan Agency,seitlin.com,+17866626200,"1111 Brickell Avenue, Suite 115 Miami, FL 33131Street, Suite 100 Miami, FL 33178",Miami,FL,"=""33178""",350,6411000000,6411,"[""Apache"",""Google Analytics"",""Modernizr"",""Twitter"",""Twitter Emoji (Twemoji)"",""W3 Total Cache"",""WordPress"",""Yoast SEO"",""jQuery"",""jQuery UI""]",45482179,catchall,N/A,50a2a4e0f4144a674f808240930cd1d9,N/A,N/A,85%,Insurance Agents: Brokers: and Service,https://facebook.com/marshandmclennanagencyfl,https://linkedin.com/company/106614,https://twitter.com/mma_fl,N/A,N/A
Elsa Rake,Elsa,Rake,Executive Vice President - Managing Broker,elsa@c21redwood.com,Century 21 Redwood,c21redwood.com,+17037901850,1701 Q St NW Washington,Locust Grove,VA,N/A,300,70000000,65,[],42395635,catchall,N/A,d050e76734ab7d0568414da612e76bf8,N/A,N/A,85%,Real Estate,https://facebook.com/#!/century21redwoodrealty,N/A,https://twitter.com/c21redwood,N/A,N/A
Emily Boehm,Emily,Boehm,Management Major At the Kelley School of Business and Vice President of Royal Encounters,emilyb@boynehighlands.com,Tailored Land Services,boynehighlands.com,+18004337300,"600 Highland Drive Harbor Springs, MI 49740600 Highland Drive, Harbor Springs, MI 49740",Harbor Springs,MI,"=""49740""",750,154210747,65,"[""Google Tag Manager"",""Microsoft ASP.NET"",""TweenMax"",""Typekit"",""jQuery"",""jQuery UI""]",38870695,catchall,N/A,af3442d3cf0ecd61c18f84967fbeab0d,N/A,N/A,85%,Real Estate,https://facebook.com/boynehighlands,N/A,https://twitter.com/boyne_highlands,https://instagram.com/boyne.highlands,N/A
Earl Morrison,Earl,Morrison,Vice-president/corporate Secretary,emorrison@bcoinc.com,Qbe European Operations Plc,bcoinc.com,+17132434399,N/A,New Orleans,LA,N/A,30,6411000000,6411,"[""Bootstrap"",""Font Awesome"",""Google Analytics"",""Google Tag Manager"",""Modernizr"",""animate.css"",""jQuery""]",41738132,catchall,N/A,02d06d9bcb03b5c9157891bfb38d1e1b,N/A,N/A,85%,Insurance Agents: Brokers: and Service,N/A,N/A,N/A,N/A,N/A
Erich Stehle,Erich,Stehle,"Vice President, Construction",erich.stehle@washingtonprime.com,Washington Prime Group,washingtonprime.com,+16146219000,N/A,Bethesda,MD,N/A,125,0,65,"[""Apache"",""Modernizr"",""jQuery""]",46658699,catchall,N/A,03667951d882791e9a4c00a2b295c989,N/A,N/A,85%,Real Estate,N/A,https://linkedin.com/company/washington-prime-group-inc,N/A,https://instagram.com/washingtonprimegroup,N/A
Eric Munroe,Eric,Munroe,Executive Vice President - Client Advocate,eric.munroe@willis.com,Willis,willis.com,N/A,N/A,New York,NY,N/A,55000,0,6411,"[""AddThis"",""Bootstrap"",""CloudFlare"",""Google Font API"",""Google Tag Manager"",""Incapsula"",""Lazy.js"",""Microsoft ASP.NET"",""Sitecore"",""jQuery"",""scrollreveal""]",37679780,catchall,N/A,e28dfd4d6e95a70e36da7212aa3e7bf9,N/A,N/A,85%,Insurance Agents: Brokers: and Service,N/A,N/A,N/A,N/A,N/A
Eric Sporre,Eric,Sporre,Vice President,erics@pactrust.com,Pactrust,pactrust.com,+14088794000,Suite 300 Portland OR 972241300 SE Stark Street Portland OR 97214,Portland,OR,"=""97214""",125,6767000,65,"[""Apache"",""Bootstrap"",""Google Analytics"",""Google Tag Manager"",""Matomo"",""PHP"",""Twitter Emoji (Twemoji)"",""WordPress"",""Yoast SEO"",""jQuery"",""jQuery Migrate""]",45328349,catchall,N/A,e6e7344fb1d211f16b568e7f0499b534,N/A,N/A,85%,Real Estate,N/A,N/A,N/A,N/A,N/A
Eric Turner,Eric,Turner,Vice President,eric.turner@abimultifamily.com,Abi Multifamily,abimultifamily.com,+18582567690,"70th Street Lofts (Land) Scottsdale, AZ",unknown city,unknown state,N/A,30,5700128,65,"[""Google Analytics"",""Google Font API"",""Google Tag Manager"",""Hammer.js"",""Jetty"",""Leaflet"",""Prototype""]",42471520,catchall,N/A,c05a5d14c8deade937cf33ebb9c9eb22,N/A,N/A,85%,Real Estate,N/A,https://linkedin.com/company/abi-multifamily,https://twitter.com/abimultifamily,N/A,N/A
Elizabeth Stewart,Elizabeth,Stewart,Executive Vice President,estewart@americorp.com,Altair Global,americorp.com,+19259451001,"7500 Dallas Parkway, Suite 300 Plano, Texas 75024",Walnut Creek,CA,"=""75024""",125,1039840,65,"[""AngularJS"",""Bootstrap"",""Font Awesome"",""Modernizr"",""Nginx"",""Slick"",""Ubuntu"",""WordPress"",""Yoast SEO"",""YouTube"",""jQuery"",""jQuery Migrate""]",37471262,catchall,N/A,8982ef29e10d374f4ed44cadc27d8a0d,N/A,N/A,85%,Real Estate,https://facebook.com/altair-global-163523037128870,https://linkedin.com/company/altair-global-relocation,https://twitter.com/altairglobal,N/A,https://youtube.com/channel/ucxhoi2cowrhtjlgedbhs0lw
Eddie Tillman,Eddie,Tillman,Sr. Vice President,etillman@alteradevco.com,Altera,alteradevco.com,+17024757547,"Suite 1360 Dallas, Texas 75206",Fort Worth,TX,"=""75206""",30,5700128,65,"[""Apache"",""Google Analytics"",""Modernizr"",""PHP"",""Twitter Emoji (Twemoji)"",""WordPress"",""YouTube"",""jQuery""]",44139959,catchall,10/9/2020,400ff123a2f1d83ca93b91dd6a3159fa,N/A,N/A,85%,Real Estate,N/A,N/A,N/A,N/A,N/A
Eric Ungar,Eric,Ungar,Vice President,eungar@skymarkdevelopment.com,Skymark Development,skymarkdevelopment.com,(713) 978-5900,"1616 S. Voss Road, Suite 618 Houston, Texas 77057",Houston,TX,"=""77057""",30,5700128,65,"[""Apache"",""Drupal"",""Google Analytics"",""jQuery""]",40219730,catchall,N/A,bd9b68c00506e40cb3becad2899a488d,N/A,N/A,85%,Real Estate,N/A,N/A,N/A,N/A,N/A
Evan Hsen,Evan,Hsen,Vice President,evanh@zarsion.com,Zarsion America,zarsion.com,N/A,N/A,Santa Clara,CA,N/A,5,1638653,65,"[""Nginx"",""PHP"",""jQuery""]",44967130,catchall,N/A,3031329be9aab19f2a881a91dd253a18,N/A,N/A,85%,Real Estate,N/A,N/A,N/A,N/A,N/A
Elliot Wagner,Elliot,Wagner,Vice President,ewagner@beechercarlson.com,Beecher Carlson Holdings,beechercarlson.com,+16463588500,"75 State Street Suite 1710 Boston, MA 02109",San Diego,CA,"=""02109""",30,1767000000,6411,"[""AddThis"",""Bootstrap"",""Font Awesome"",""Google Tag Manager"",""HubSpot"",""Nginx"",""OWL Carousel"",""WP Engine"",""WordPress"",""Yoast SEO"",""jQuery""]",43099569,catchall,N/A,396ed18b4fdaeb2161d397168d3234e0,N/A,N/A,85%,Insurance Agents: Brokers: and Service,N/A,https://linkedin.com/company/22465,https://twitter.com/beechercarlson,N/A,N/A
Erik Wenstone,Erik,Wenstone,Vice President,ewenstone@cmrris.com,Cmrris.com110,cmrris.com,+16192973160,"110 West A St., Ste. 725 San Diego, CA 92101",San Diego,CA,"=""92101""",30,6411000000,6411,[],40214003,catchall,N/A,e5476b5e43239a15e227fbbfdba481ca,N/A,N/A,85%,Insurance Agents: Brokers: and Service,https://facebook.com/pages/cmr-risk-insurance-services-inc/154670894587443,https://linkedin.com/company/cmr-risk-&-insurance-services,N/A,N/A,N/A
Eric White,Eric,White,"Darlene Mcneal, VP Human Resources",ewhite@sais.com,Superior Access Insurance Services,sais.com,+18888186336,N/A,Austin,TX,N/A,30,137000000,6411,"[""AddToAny"",""CloudFlare"",""FancyBox"",""Font Awesome"",""Google Analytics"",""Google Font API"",""Google Tag Manager"",""Highlight.js"",""OWL Carousel"",""Raphael"",""WP Engine"",""WordPress"",""jQuery"",""jQuery Migrate""]",36705984,catchall,1/7/2021,96ed3d69cb369dfd35f0d3f3c04c4035,N/A,N/A,85%,Insurance Agents: Brokers: and Service,https://facebook.com/superior-access-insurance-services-inc-172777341400,https://linkedin.com/company/superior-access-insurance-services-inc-,https://twitter.com/superior_access,N/A,N/A
Eric Wilcox,Eric,Wilcox,Vice President - Business Development,ewilcox@ctcmortgage.net,"Ctc Mortgage Company, Llc (nmls # 371182)",ctcmortgage.net,+18887967633,N/A,West Palm Beach,FL,N/A,30,199000000,65,[],44558283,catchall,N/A,a1c8254c3718bd42f4b5c87d29a3eed9,N/A,N/A,85%,Real Estate,https://facebook.com/ctcmortgage,https://linkedin.com/company/3104280,https://twitter.com/ctcmortgage,N/A,https://youtube.com/user/ctcmortgagecompany
Eric Wilson,Eric,Wilson,Vice President,ewilson@ucpm.com,Ucpm Environmental,ucpm.com,N/A,N/A,Gilbert,AZ,N/A,30,6000000,6411,[],39451913,catchall,N/A,d1285aca4ab9d04ab7c72aef5e46d138,N/A,N/A,85%,Insurance Agents: Brokers: and Service,N/A,N/A,N/A,N/A,N/A
Farinaz Tehrani,Farinaz,Tehrani,Executive Vice President - Legal and Compliance,farinaz.tehrani@washingtonprime.com,Washington Prime Group,washingtonprime.com,+16146219000,N/A,Bethesda,MD,N/A,125,0,65,"[""Apache"",""Modernizr"",""jQuery""]",46658677,catchall,N/A,3b1d921c6fb4a800a56fc0517c92c8e9,N/A,N/A,85%,Real Estate,N/A,https://linkedin.com/company/washington-prime-group-inc,N/A,https://instagram.com/washingtonprimegroup,N/A
Brad Fife,Brad,Fife,Senior Vice President,fifeb@mcneary.com,Gallagher,mcneary.com,+14065494187,"1667 K Street Northwest Washington,",Marietta,GA,N/A,125,6411000000,6411,"[""Google Maps"",""Google Tag Manager"",""Handlebars"",""IIS"",""Incapsula"",""Microsoft ASP.NET"",""Modernizr"",""Sitecore"",""Swiftype"",""jQuery"",""jQuery UI""]",44909505,catchall,N/A,671861d2fec029465323bf6a368f06fa,N/A,N/A,85%,Insurance Agents: Brokers: and Service,https://facebook.com/gallagherglobal,https://linkedin.com/company/gallagher-global,https://twitter.com/gallagherglobal,https://instagram.com/gallagherglobal,https://youtube.com/channel/uc4_irs7ty3yrte46d4fb6iw/featured
Jim Francis,Jim,Francis,Vice President,fjim@altusgroup.net,Altus Group,altusgroup.net,+16169495500,"1401 60th St SE Kentwood, MI 49508",Grand Rapids,MI,"=""49508""",5,1638653,65,"[""Font Awesome"",""Nginx"",""Twitter Emoji (Twemoji)"",""WordPress"",""Yoast SEO"",""jQuery"",""jQuery Migrate""]",41481799,catchall,N/A,cf44d81a868c8775fef0ada877a87f68,N/A,N/A,85%,Real Estate,https://facebook.com/pages/altus-group/125915670772009,N/A,N/A,N/A,N/A
Gary Flaherty,Gary,Flaherty,Vice President,flahertyg@nationwide.com,Nationwide Mutual,nationwide.com,+18662382164,N/A,Charleston,SC,N/A,30,4000000,6411,"[""Bootstrap"",""Ensighten"",""Facebook"",""Google Code Prettify"",""Java"",""Marked"",""New Relic"",""SDL Tridion"",""ZURB Foundation"",""jQuery"",""reCAPTCHA""]",43310911,catchall,N/A,8193eaa022f55b66054e0e45734b3131,N/A,N/A,85%,Insurance Agents: Brokers: and Service,https://facebook.com/nationwide,https://linkedin.com/company/2340,https://twitter.com/nationwide,https://instagram.com/nationwide,N/A
Frank Monacelli,Frank,Monacelli,Vice President,frank.monacelli@ninoproperties.com,Nino Realtors And Corporate,ninoproperties.com,+17139644700,"40799 Kalifornsky Beach Road Kenai , AK 99611",Houston,TX,"=""99611""",75,7000000,65,"[""AddThis"",""Google Analytics"",""Google Font API"",""IIS"",""PHP"",""WordPress"",""Yoast SEO"",""jQuery"",""jQuery UI""]",40500251,catchall,N/A,d95724b3e0646517a416c62b629ead13,N/A,N/A,85%,Real Estate,https://facebook.com/ninoproperties,https://linkedin.com/company/1516060,https://twitter.com/ninoproperties,https://instagram.com/ninoproperties,N/A
Frank Monacelli,Frank,Monacelli,Vice President,frank.monacelli@NinoProperties.com,Nino Realtors And Corporate,NinoProperties.com,+17139644700,"707 Saulnier St, Houston, TX 77019, USA",Houston,TX,N/A,30,5700128,65,"[""AddThis"",""Google Analytics"",""Google Font API"",""PHP"",""WordPress"",""WordPress Super Cache"",""Yoast SEO"",""jQuery"",""jQuery UI""]",39943326,catchall,N/A,fca9f5515a588ad68b45346fc031e9d0,N/A,N/A,85%,Real Estate,https://facebook.com/ninoproperties,https://linkedin.com/company/1516060,https://twitter.com/ninoproperties,https://instagram.com/ninoproperties,N/A
Frank Monteiro,Frank,Monteiro,COO,frank.monteiro@macdermidenthone.com,Macdermid Enthone Electronics Solutions,macdermidenthone.com,N/A,N/A,Boston,MA,N/A,300,0,28,"[""CloudFlare"",""Plesk""]",44947172,catchall,N/A,aeb30fec9db056faa90cf848c941e3a1,N/A,N/A,85%,Chemicals and Allied Products,N/A,N/A,N/A,N/A,N/A
Frank Mirasola,Frank,Mirasola,Vp/partner,frank@vantageproperties.com,Vantage Properties,vantageproperties.com,N/A,N/A,Rohnert Park,CA,N/A,N/A,0,65,[],42814422,catchall,N/A,6538c66c41f997ffc8e6bfd8cbe1e33b,N/A,N/A,85%,Real Estate,https://facebook.com/squarespace,https://linkedin.com/company/squarespace,https://twitter.com/#!/squarespace,N/A,N/A
Gary Coady,Gary,Coady,Vice President,garyc@clinewood.com,Cline Wood,clinewood.com,+18884513900,"4300 W 133rd Street Leawood, KS 66209",Leawood,KS,"=""66209""",125,6411000000,6411,"[""Apache Traffic Server"",""Bootstrap"",""Facebook"",""FancyBox"",""Font Awesome"",""Google Analytics"",""Google Font API"",""Modernizr"",""Pardot"",""Revslider"",""Twitter Emoji (Twemoji)"",""WordPress"",""animate.css"",""jQuery"",""jQuery Migrate"",""jQuery UI""]",41213359,catchall,N/A,1ad78c2cb15d8aa7dbb295d9f519b41b,N/A,N/A,85%,Insurance Agents: Brokers: and Service,https://facebook.com/pages/cline-wood-agency/447890281914565,https://linkedin.com/company/1257104,https://twitter.com/clinewoodmma,N/A,N/A
Gary Gilmore,Gary,Gilmore,Vice President,gary.gilmore@papco.com,Papco,papco.com,+18006986162,N/A,Virginia Beach,VA,N/A,125,5983000000,5983,"[""CloudFlare"",""Drupal"",""Font Awesome"",""Google Tag Manager"",""Modernizr"",""Mouse Flow"",""New Relic"",""Nginx"",""Pantheon"",""Select2"",""Snap.svg"",""TweenMax"",""Varnish"",""jQuery"",""jQuery UI""]",40374664,catchall,N/A,57038cf19060b5357fc2f5c2653a0890,N/A,N/A,85%,Fuel Oil Dealers,N/A,https://linkedin.com/company/world-fuel-services,N/A,N/A,N/A
Gary Lack,Gary,Lack,Vice President,garyl@wfl-stl.com,Welsch Flatness And Lutz,wfl-stl.com,N/A,N/A,St. Louis,MO,N/A,75,6411000000,6411,"[""Nginx"",""PHP""]",39106717,catchall,N/A,f86e311d831a6dd40714e7c74f771b5a,N/A,N/A,85%,Insurance Agents: Brokers: and Service,N/A,N/A,N/A,N/A,N/A
Gaetano Coscia,Gaetano,Coscia,Vice President,gcoscia@cliftonblake.com,Clifton Blake Asset Management,cliftonblake.com,+14168506809,N/A,unknown city,unknown state,N/A,30,5700128,65,"[""Google Font API"",""Microsoft Word"",""Squarespace"",""Typekit"",""YUI"",""jQuery"",""webpack""]",39434368,catchall,N/A,07778a7ee4b81dcbdaf58f4639da5805,N/A,N/A,85%,Real Estate,N/A,N/A,N/A,N/A,N/A
Gene Sherman,Gene,Sherman,"Senior Vice President, Business Development and Professional Relations",genes@alwayscarebenefits.com,Alwayscare,alwayscarebenefits.com,+18888435872,"8485 Goodwood Blvd Baton Rouge, LA 70806-7878",Baton Rouge,LA,"=""70806-7878""",125,6411000000,6411,"[""YouTube"",""jQuery""]",46689696,catchall,N/A,9bcb5f6405061b0f76ff25d77c1fb646,N/A,N/A,85%,Insurance Agents: Brokers: and Service,https://facebook.com/acbenefits,N/A,https://twitter.com/acbenefits,N/A,N/A
Gene Tetzlaff,Gene,Tetzlaff,VP of IT,gene.tetzlaff@deltadentalsd.com,Delta Dental,deltadentalsd.com,+16054942566,N/A,Pierre,SD,N/A,30,139000000,6411,"[""Google Analytics"",""Google Tag Manager"",""Microsoft ASP.NET"",""jQuery""]",39072343,catchall,N/A,e63b33ad33a41fb140407f0677fbcac7,N/A,N/A,85%,Insurance Agents: Brokers: and Service,https://facebook.com/deltadentalsd,https://linkedin.com/company/delta-dental-of-south-dakota,https://twitter.com/deltadentalsd,N/A,https://youtube.com/user/deltadentalsd
George Perez,George,Perez,Vice President,george.perez@specialtygroupinc.com,Specialty Claim Services,specialtygroupinc.com,+14079787210,N/A,Fort Lauderdale,FL,N/A,30,3000000,6411,"[""Nginx"",""Plesk""]",45995375,catchall,N/A,831da657ba170f3ad539a3be3575b857,N/A,N/A,85%,Insurance Agents: Brokers: and Service,N/A,N/A,N/A,N/A,N/A
George Erickson,George,Erickson,Executive Vice President,gerickson@siver.com,Siver,siver.com,+17275798692,"St. Petersburg, FL 33702-2479 USAfirm located in St. Petersburg, Florida",St. Petersburg,FL,N/A,N/A,0,6411,"[""IIS"",""Microsoft ASP.NET""]",40167000,catchall,N/A,ff21974984f6a9e2b6b080299fc6bbc7,N/A,N/A,85%,Insurance Agents: Brokers: and Service,N/A,N/A,N/A,N/A,N/A
Carlos Gerardo Fernandezdavila,Carlos,Fernandezdavila,VP of Construction,gery.fernandez@cornerstonegrp.com,The,cornerstonegrp.com,+18552236116,"2100 Hollywood Blvd. Hollywood, FL 33020",Hialeah,FL,"=""33020""",125,6411000000,6411,"[""FancyBox"",""Google Maps"",""Nginx"",""PHP"",""Twitter Emoji (Twemoji)"",""WordPress"",""jQuery"",""jQuery Migrate""]",43489260,catchall,N/A,109de906fdfd5c9336c0b4e34d3d6db5,N/A,N/A,85%,Insurance Agents: Brokers: and Service,https://facebook.com/cornerstonegrp,N/A,https://twitter.com/cornerstone_cg,N/A,N/A
Gene Grimsley,Gene,Grimsley,VP Loan Origination,ggrimsley@slcapmarkets.com,Cmbsquote.com | Ccre Exclusive Correspondent,slcapmarkets.com,N/A,"SL Capital 2977 McFarlane Road, Suite 304 Coconut Grove, FL 33133",Miami,FL,"=""33133""",125,25000000,65,[],41543389,catchall,N/A,01aca069e7189ac2ab1cde5a4bbec118,N/A,N/A,85%,Real Estate,N/A,N/A,N/A,N/A,N/A
Ginger Hardy,Ginger,Hardy,Vice President- Agency and Client Relations,ghardy@southlandnational.com,Southland National,southlandnational.com,+18002778762,"PO Box 639630 Cincinnati, OH 45263-9630",Tuscaloosa,AL,"=""45263-9630""",30,6411000000,6411,"[""Bootstrap"",""Font Awesome"",""Google Font API"",""IIS"",""Microsoft ASP.NET"",""jQuery""]",37932139,catchall,N/A,97523cc922029a7a0f531320ee915f80,N/A,N/A,85%,Insurance Agents: Brokers: and Service,N/A,N/A,N/A,N/A,N/A
George Hayward,George,Hayward,Vice President,ghayward@jbgsmith.com,Jbg Smith,jbgsmith.com,N/A,N/A,Washington,DC,N/A,750,300000000,65,"[""Express"",""Font Awesome"",""Google Tag Manager"",""Lodash"",""Nginx"",""webpack""]",39810056,catchall,N/A,5aa06c74345a4dd0ba169dbe2633b18e,N/A,N/A,85%,Real Estate,N/A,N/A,N/A,N/A,N/A
Giavanna Florey,Giavanna,Florey,Area Vice President,giavanna_florey@ajg.com,Arthur J Gallagher And Co Of Iowa,ajg.com,N/A,N/A,Sioux City,IA,N/A,30,5595000000,6411,[],37141493,catchall,N/A,4e37fe08611d5f5f9341b157597de148,N/A,N/A,85%,Insurance Agents: Brokers: and Service,N/A,N/A,N/A,N/A,N/A
Gibson Tucker,Gibson,Tucker,Senior Vice President,gibson@firstpalmetto.com,First Palmetto,firstpalmetto.com,+18432805303,"407 DeKalb Street Camden, South Carolina 29020",Camden,SC,"=""29020""",N/A,0,65,[],45181880,catchall,N/A,b999de8808fc733379b80f2649cc2d2e,N/A,N/A,85%,Real Estate,N/A,N/A,N/A,N/A,N/A
Ginny Holden,Ginny,Holden,VP of Operations,ginnyh@snappins.com,Snapp & Associates Insurance Services,snappins.com,+16199083110,N/A,San Diego,CA,N/A,30,6411000000,6411,"[""Google Font API"",""Google Tag Manager"",""Lightbox"",""OpenResty"",""PHP"",""Revslider"",""WordPress"",""Yoast SEO"",""jQuery"",""jQuery Migrate"",""prettyPhoto""]",37604837,catchall,N/A,1125a11e139fbdacaf8ee3c7aec241be,N/A,N/A,85%,Insurance Agents: Brokers: and Service,https://facebook.com/snappinsurance,https://linkedin.com/company/snapp-&-associates-insurance-services-inc.,https://twitter.com/snappinsurance,N/A,N/A
George Sliman,George,Sliman,Vice President,gjsliman@sunstatesmgmt.com,Sunstates Management,sunstatesmgmt.com,+12284351649,"1773 Popps Ferry Rd. Biloxi, MS 395322335 Atkinson Road, Biloxi, MS723 Howard Ave. Biloxi, MS 39530310 Abbey Court, Biloxi, MS",Biloxi,MS,N/A,5,1949700,65,[],36974058,catchall,N/A,1795bbba744afb4275d47cf814142b8e,N/A,N/A,85%,Real Estate,N/A,N/A,N/A,N/A,N/A
Gabriel O Loughlin,Gabriel,Loughlin,Vice President,g.loughlin@aionpartners.com,Aion,aionpartners.com,+12128499200,"11 East 44th St., Suite 1000 New York, NY 10017",New York,NY,"=""10017""",30,7000000,65,"[""Bootstrap"",""Font Awesome"",""Google Font API"",""Google Tag Manager"",""Leaflet"",""Lightbox"",""MediaElement.js"",""Nginx"",""TrackJs"",""Twitter Emoji (Twemoji)"",""WP Engine"",""WordPress"",""animate.css"",""jQuery"",""jQuery Migrate"",""reCAPTCHA""]",37568457,catchall,N/A,3ecd54d17f3a987aed861aed065992e7,N/A,N/A,85%,Real Estate,N/A,N/A,https://twitter.com/aionpartners,N/A,N/A
Gary Mambi,Gary,Mambi,Senior Vice President,gmambi@twincitygroup.com,Twin City Group,twincitygroup.com,+19529246953,"4500 Park Glen Road, Suite 400 Minneapolis, MN 55416",Minneapolis,MN,"=""55416""",30,6000000,6411,"[""Apache"",""Google Font API"",""PHP"",""Twitter Emoji (Twemoji)"",""WordPress"",""jQuery"",""jQuery Migrate"",""reCAPTCHA""]",40748722,catchall,N/A,7b7a09a99a03ae3cb068de74b9a09cc8,N/A,N/A,85%,Insurance Agents: Brokers: and Service,https://facebook.com/twincitygroup,https://linkedin.com/company/788990,https://twitter.com/twincitygroup,N/A,N/A
Gina Matarazzo,Gina,Matarazzo,Vice President,gmatarazzo@sallop.com,Sallop,sallop.com,N/A,N/A,Boston,MA,N/A,5,1638653,6411,[],43082521,catchall,N/A,54bd7e4384d17c4d865028e41587d3c6,N/A,N/A,85%,Insurance Agents: Brokers: and Service,N/A,N/A,N/A,N/A,N/A
Gregg Nickerson,Gregg,Nickerson,SVP and CIO,gnickerson@state-wideinsurance.com,Mapfre,state-wideinsurance.com,+18009228276,"PO Box 39000 San Francisco, CA 94139",Hempstead,NY,"=""94139""",125,19012000,6411,"[""Google Analytics"",""Google Font API"",""Google Tag Manager"",""Hammer.js"",""Java"",""MediaElement.js"",""jQuery"",""jQuery UI""]",42217441,catchall,1/5/2021,f016dae9f4b405cbdf2b17d2a9bf5349,N/A,N/A,85%,Insurance Agents: Brokers: and Service,https://facebook.com/mapfreinsurance,https://linkedin.com/company/mapfre,https://twitter.com/mapfreins,https://instagram.com/mapfreinsurance,https://youtube.com/user/mapfreins
Gina Norris,Gina,Norris,"Senior Vice President, Partner Relations",gnorris@matthewssouthwest.com,Matthews Southwest,matthewssouthwest.com,+14032312004,N/A,Dallas,TX,N/A,30,2000000,65,"[""Google Analytics"",""PHP"",""WordPress"",""jQuery""]",43701490,catchall,N/A,2d3a9c1a0168b65c51dc3fd1b2b1ca5a,N/A,N/A,85%,Real Estate,N/A,N/A,N/A,N/A,N/A
Godwin Moy,Godwin,Moy,Vice President of Commercial Real Estate + Development,godwin@nareigus.com,Nareig,nareigus.com,+19292325439,"1410 Broadway, Suite 1901, New York, NY 10018",Seattle,WA,"=""10018""",30,5700128,65,[],44440334,catchall,N/A,3e8b78e2bbf5902497e20c7d115b5ad5,N/A,N/A,85%,Real Estate,https://facebook.com/nareig.us,N/A,https://twitter.com/nareig_us,N/A,N/A
Greg C,Greg,C,"Employee Benefits Vice President, Senior Consultant Team Lead",greg.capone@willis.com,Willis,willis.com,N/A,N/A,New York,NY,N/A,55000,0,6411,"[""AddThis"",""Bootstrap"",""CloudFlare"",""Google Font API"",""Google Tag Manager"",""Incapsula"",""Lazy.js"",""Microsoft ASP.NET"",""Sitecore"",""jQuery"",""scrollreveal""]",37679771,catchall,N/A,bc10cded49bfff905f42dde18fe16791,N/A,N/A,85%,Insurance Agents: Brokers: and Service,N/A,N/A,N/A,N/A,N/A
Greg Esemplare,Greg,Esemplare,VP National Accounts,greg.esemplare@standardlifeofindiana.com,Standard Life,standardlifeofindiana.com,+13174718800,N/A,Indianapolis,IN,N/A,N/A,0,64,"[""DreamWeaver"",""Microsoft ASP.NET""]",45596311,catchall,N/A,db382634b29221313deaeef3e1491223,N/A,N/A,85%,Insurance Agents: Brokers: and Service,N/A,N/A,N/A,N/A,N/A
Greg Fleser,Greg,Fleser,"Vice President, Regional Director of Properties",greg.fleser@washingtonprime.com,Washington Prime Group,washingtonprime.com,+16146219000,N/A,Bethesda,MD,N/A,125,0,65,"[""Apache"",""Modernizr"",""jQuery""]",46658690,catchall,N/A,e3cddc8d64f70e24321f693d91b6ba7a,N/A,N/A,85%,Real Estate,N/A,https://linkedin.com/company/washington-prime-group-inc,N/A,https://instagram.com/washingtonprimegroup,N/A
Greg Engle,Greg,Engle,Senior Vice President / Benefit Advisor ...,greg@teambim.com,Bim Group,teambim.com,+18592559457,"1151 Red Mile Rd Lexington, KY 40504",Lexington,KY,"=""40504""",30,6411000000,6411,"[""Facebook"",""Google Analytics"",""Google Font API"",""Google Tag Manager"",""Twitter Emoji (Twemoji)"",""WordPress"",""Yoast SEO"",""jQuery""]",45725861,catchall,11/20/2020,a6c1d64e244545410e57529415a92f96,N/A,N/A,85%,Insurance Agents: Brokers: and Service,https://facebook.com/bimgroup.us,https://linkedin.com/company/benefit-insurance-marketing,https://twitter.com/teambimlex,N/A,N/A
Greg Norris,Greg,Norris,Vice President,greg@thenorrisgroup.com,Norris Group,thenorrisgroup.com,+19517809827,"Location: 1845 Chicago Avenue, Ste. C Riverside, CA 92507The Norris Group 1845 Chicago Avenue, Ste C, Riverside, CA 925071845 Chicago Avenue, Ste. C Riverside, CA 92507",Riverside,CA,"=""92507""",30,6000000,65,"[""AMP"",""Google Analytics"",""PHP"",""Sucuri""]",39415066,catchall,N/A,154d1352cbd2259c426204701a38c893,N/A,N/A,85%,Real Estate,https://facebook.com/norrisgroup,https://linkedin.com/company/the-norris-group,https://twitter.com/thenorrisgroup,https://instagram.com/thenorrisgroup,https://youtube.com/user/thenorrisgroup
Gregory Zimmerman,Gregory,Zimmerman,"Executive Vice President, Development",greg.zimmerman@washingtonprime.com,Washington Prime Group,washingtonprime.com,+16146219000,N/A,Bethesda,MD,N/A,125,0,65,"[""Apache"",""Modernizr"",""jQuery""]",46658682,catchall,N/A,703caf1afbe75c9e2db68ceba727e03d,N/A,N/A,85%,Real Estate,N/A,https://linkedin.com/company/washington-prime-group-inc,N/A,https://instagram.com/washingtonprimegroup,N/A
Griffin Beard,Griffin,Beard,Regional Vice President,griffin.beard@st-residential.com,Silver Tree Residential,st-residential.com,+18632935630,"6060 Poplar Avenue, Suite 425 Memphis, TN. 381196060 Poplar Avenue, Suite 425 | Memphis, TN 38119256 South Camilla St. | Memphis, Tennessee 38104 | Phone: (901) 521-1104",Memphis,TN,"=""521-1104""",75,35000000,65,"[""Drupal"",""Lightbox"",""Modernizr"",""Nginx"",""Typekit"",""jQuery""]",46051820,catchall,N/A,b570d90d94b1734249608cb3cf23cdb5,N/A,N/A,85%,Real Estate,N/A,N/A,N/A,N/A,N/A
Grant Schuetz,Grant,Schuetz,Vice President - Risk & Technical Advisor,gschuetz@mma-fl.com,Marsh & Mclennan Agency,mma-fl.com,+17866626200,"1111 Brickell Avenue, Suite 115 Miami, FL 33131Street, Suite 100 Miami, FL 33178",Miami,FL,"=""33178""",350,6411000000,6411,"[""Apache"",""Google Analytics"",""Modernizr"",""Twitter"",""Twitter Emoji (Twemoji)"",""W3 Total Cache"",""WordPress"",""Yoast SEO"",""jQuery"",""jQuery UI""]",37492467,catchall,N/A,3ac7a389dea260de04c140593b695e96,N/A,N/A,85%,Insurance Agents: Brokers: and Service,https://facebook.com/marshandmclennanagencyfl,https://linkedin.com/company/106614,https://twitter.com/mma_fl,N/A,N/A
Gill Shaw,Gill,Shaw,"Vice President, Development",gshaw@mcdco.com,Mcdonald Development,mcdco.com,(404) 239-0885,N/A,Atlanta,GA,N/A,30,5700128,65,"[""Apache"",""FancyBox"",""Font Awesome"",""Google Analytics"",""OWL Carousel"",""Twitter Emoji (Twemoji)"",""Ubuntu"",""WordPress"",""Yoast SEO"",""jQuery""]",40493892,catchall,N/A,df67aac2abaab5ce1fbed674cf902709,N/A,N/A,85%,Real Estate,N/A,N/A,N/A,N/A,N/A
Greg Trimmer,Greg,Trimmer,Executive Vice President,gtrimmer@jbgsmith.com,Jbg Smith,jbgsmith.com,N/A,N/A,Washington,DC,N/A,750,300000000,65,"[""Express"",""Font Awesome"",""Google Tag Manager"",""Lodash"",""Nginx"",""webpack""]",39810057,catchall,N/A,f32fa7f9fd222a6b81b41824372d5d14,N/A,N/A,85%,Real Estate,N/A,N/A,N/A,N/A,N/A
Terry Gutierrez,Terry,Gutierrez,Assistant Vice President,gutierrez_te@willis.com,Willis,willis.com,N/A,N/A,New York,NY,N/A,55000,0,6411,"[""AddThis"",""Bootstrap"",""CloudFlare"",""Google Font API"",""Google Tag Manager"",""Incapsula"",""Lazy.js"",""Microsoft ASP.NET"",""Sitecore"",""jQuery"",""scrollreveal""]",37679790,catchall,N/A,27d8f5494ce8ffcc19411cff33629e99,N/A,N/A,85%,Insurance Agents: Brokers: and Service,N/A,N/A,N/A,N/A,N/A
Hal Williams,Hal,Williams,Area Vice President,hal_williams@ajg.com,Arthur J Gallagher And Co Of Iowa,ajg.com,N/A,N/A,Sioux City,IA,N/A,30,5595000000,6411,[],37141311,catchall,N/A,68e2e3ffc065369c28bd13619935f42f,N/A,N/A,85%,Insurance Agents: Brokers: and Service,N/A,N/A,N/A,N/A,N/A
Jon Hamilton,Jon,Hamilton,Vice President,hamilton@usavingsbank.com,Savings Bank,unionsavings-bank.com,+15132329000,N/A,Indianapolis,IN,N/A,N/A,0,65,[],38517507,catchall,N/A,b4953b591e56f79e47d9496a27da569b,N/A,N/A,85%,Real Estate,N/A,N/A,N/A,N/A,N/A
Harpreet Anand,Harpreet,Anand,"Vp, Corporate Tax",hanand@travelers.com,Travelers Indemnity,travelers.com,+18663362077,N/A,Hinckley,OH,N/A,30,1000000,6411,"[""Akamai"",""CloudFlare"",""Dynatrace"",""Facebook"",""Google Analytics"",""Google Tag Manager"",""IIS"",""Microsoft ASP.NET"",""Modernizr"",""Tealium"",""YUI"",""jQuery"",""jQuery UI""]",39064153,catchall,N/A,f7b3163656a68f5668a380463bebd5a6,N/A,N/A,85%,Insurance Agents: Brokers: and Service,https://facebook.com/travelers,https://us.linkedin.com/company/travelers,https://twitter.com/travelers,https://instagram.com/travelersinsurance,https://youtube.com/user/travelersinsurance
Han Chen,Han,Chen,Senior Vice President,han.chen@guycarp.com,Guy Carpenter,guycarp.com,+13477532348,"1166 Avenue of the Americas New York, NY 10036",Minneapolis,MN,"=""10036""",300,128780,6411,"[""Adobe Experience Manager"",""Apache"",""Google Analytics"",""Lodash"",""Modernizr"",""Pardot"",""ZURB Foundation"",""jQuery""]",38471444,catchall,N/A,b1a0ea8afec5d4c4111aa57faadeeb89,N/A,N/A,85%,Insurance Agents: Brokers: and Service,N/A,N/A,https://twitter.com/guycarpenter,N/A,N/A
Harve Cohen,Harve,Cohen,Associate Vice-president,harve.cohen@hgar.com,Hgar,hgar.com,+19146816044,"One Maple Avenue White Plains, NY 10605",unknown city,unknown state,"=""10605""",30,5700128,65,"[""Apache"",""Backbone.js"",""Bootstrap"",""Chart.js"",""CloudFlare"",""FancyBox"",""Google Maps"",""Moment.js"",""PHP"",""SweetAlert"",""Underscore.js"",""jQuery""]",38403061,catchall,N/A,d697e5bc6e229f27bc2d78c1c5519fb7,N/A,N/A,85%,Real Estate,https://facebook.com/hgar.ny,https://linkedin.com/company/hudson-gateway-association-of-realtors-inc.,https://twitter.com/hudsongateway,N/A,https://youtube.com/user/westputrealtors
Harry Boatright,Harry,Boatright,"Vp, Claims",hboatright@sutterinsurance.com,Sutter,sutterinsurance.com,+17147381383,P O Box 808004 Petaluma CA,Petaluma,CA,N/A,30,6411000000,6411,"[""Apache"",""Google Analytics"",""PHP"",""UNIX"",""mod_auth_pam""]",43150012,catchall,N/A,3ef03672aac87d5345e79f2910a0c9a1,N/A,N/A,85%,Insurance Agents: Brokers: and Service,N/A,N/A,N/A,N/A,N/A
Heather Elias,Heather,Elias,Vice President of Industry Engagement,heather@c21redwood.com,Century 21 Redwood,c21redwood.com,+17037901850,1701 Q St NW Washington,Locust Grove,VA,N/A,300,70000000,65,[],42395633,catchall,N/A,79c921d95747743f272b6ae814b759fa,N/A,N/A,85%,Real Estate,https://facebook.com/#!/century21redwoodrealty,N/A,https://twitter.com/c21redwood,N/A,N/A
Heidi Coppola,Heidi,Coppola,"Senior Vice President, Strategic Initiatives and Business Development",heidi.coppola@keyco.com,Key Property Services,keyco.com,(678) 324-1363,N/A,Marietta,GA,N/A,125,25000000,65,[],40727769,catchall,N/A,f821184d4cb6e3c06f85f744cb40d5e7,N/A,N/A,85%,Real Estate,N/A,N/A,N/A,N/A,N/A
Hunt Group,Hunt,Group,Vice President,hgroup@thehuntgroup.com,Hunt Insurance Group Agency,thehuntgroup.com,+17083615316,ed not too far from downtown Chicago,Palos Heights,IL,N/A,5,1638653,64,"[""Apache"",""Google Analytics"",""Google Font API"",""Modernizr"",""PHP"",""Twitter Emoji (Twemoji)"",""WordPress"",""jQuery""]",42838479,catchall,N/A,4f28df6135ffc982b0c173babf6898fd,N/A,N/A,85%,Insurance Agents: Brokers: and Service,https://facebook.com/pages/hunt-insurance-group/107929132721,N/A,https://twitter.com/huntinsgroup,N/A,N/A
Holly A. Lau,Holly,Lau,"Vice President, Credit Treasurer",hlau@newmountaincapital.com,New Mountain Vantage Advisers,newmountaincapital.com,+12127200300,N/A,Shawnee Mission,KS,N/A,75,1491000000,6411,"[""CloudFlare"",""Google Analytics"",""Modernizr"",""jQuery"",""jQuery UI""]",43470188,catchall,12/27/2020,ecc94792cf8ad60431dab7aff989d8c2,N/A,N/A,85%,Insurance Agents: Brokers: and Service,N/A,N/A,N/A,N/A,N/A
Ralph Homan,Ralph,Homan,VP Commercial Lending,homan@franklinbank.net,State Bank Combines,franklinbank.net,+18779329933,"101 West St. Franklin, IL 62638",Franklin,IL,"=""62638""",5,2359840,65,"[""CloudFlare"",""Google Analytics"",""Google Tag Manager"",""PHP"",""Typekit"",""jQuery"",""jQuery UI""]",45085830,catchall,N/A,3c8c1fe4364bea33eafaf416c6ffe296,N/A,N/A,85%,Real Estate,https://facebook.com/community-state-bank-201057783255234,N/A,N/A,N/A,N/A
Heather Randall,Heather,Randall,"Vice President, Leasing",hrandall@seritage.com,Seritage Growth Properties,seritage.com,+12123557800,"500 Fifth Avenue Suite 1530 New York, NY 10110",New York,NY,"=""10110""",75,248700000,65,[],40904703,catchall,N/A,e4ea36ab5e0e699622ab3fb4b4230791,N/A,N/A,85%,Real Estate,N/A,https://linkedin.com/company/seritage-growth-properties,N/A,N/A,N/A
Ian Greenwood,Ian,Greenwood,Vice President Construction & Development,igreenwood@medcraft.com,Medcraft Healthcare Real Estate,medcraft.com,+16153644079,"900 SpruceStreet, Suite 150 St. Louis, MO 63102",Minneapolis,MN,"=""63102""",30,5700128,65,[],42153795,catchall,N/A,7aee3afae56d76f71c575d808698df55,N/A,N/A,85%,Real Estate,https://facebook.com/medcrafthealthcare,https://linkedin.com/company/1670234,https://twitter.com/medcraft_health,N/A,N/A
Isaac Metzger,Isaac,Metzger,Vice President,imetzger@jbgsmith.com,Jbg Smith,jbgsmith.com,N/A,N/A,Washington,DC,N/A,750,300000000,65,"[""Express"",""Font Awesome"",""Google Tag Manager"",""Lodash"",""Nginx"",""webpack""]",39810052,catchall,N/A,2f554d933b6418c7556d0c0a3efc9f76,N/A,N/A,85%,Real Estate,N/A,N/A,N/A,N/A,N/A
Inaas Arabi,Inaas,Arabi,Vice President Ofrentalproperty Management,inaasarabi@altisourcerentals.com,Altisource Rental Homes,altisourcerentals.com,+18003333474,"Building 400, Suite 200 Atlanta, GA 30328",Atlanta,GA,"=""30328""",7500,809672644,65,"[""Apache"",""Bootstrap"",""Glyphicons"",""Google Analytics"",""Google Font API"",""Google Maps"",""Lightbox"",""Moment.js"",""Mustache"",""New Relic"",""Slick"",""Snap.svg"",""Twitter Emoji (Twemoji)"",""WordPress"",""jQuery"",""jQuery Migrate"",""jQuery UI""]",36993525,catchall,N/A,a94a1f3c49a23c03ce56e6efe0d4bd00,N/A,N/A,85%,Real Estate,https://facebook.com/rhss.rentals,https://linkedin.com/company/altisource,https://twitter.com/altisource,N/A,https://youtube.com/channel/ucir9maov6joh8atjncbbu-a
Norman Woolley,Norman,Woolley,Vice President,info@woolleyfuel.com,Woolley,woolleyfuel.com,+19738214334,"12 Burnett Ave. Maplewood, NJ 07040",Maplewood,NJ,"=""07040""",30,5983000000,5983,"[""Facebook"",""Font Awesome"",""Google Analytics"",""Google Font API"",""Google Maps"",""Google Tag Manager"",""Gravity Forms"",""Lightbox"",""Nginx"",""Revslider"",""Slick"",""Twitter Emoji (Twemoji)"",""WP Engine"",""WordPress"",""jQuery"",""jQuery Migrate"",""jQuery UI"",""prettyPhoto""]",44474512,catchall,N/A,cdc631a9f1e0dbdd92d048bc0fd0e1a1,N/A,N/A,85%,Fuel Oil Dealers,https://facebook.com/woolleyhomesolutions,N/A,https://twitter.com/woolleyhome,N/A,N/A
Ingrid Carlino,Ingrid,Carlino,Vice President,ingrid.carlino@wrightwoodfinancial.com,Wrightwood Financial,wrightwoodfinancial.com,+13122057200,N/A,Chicago,IL,N/A,5,1638653,65,"[""Apache"",""Google Analytics"",""Google Font API"",""Google Maps"",""PHP"",""Twitter Emoji (Twemoji)"",""WordPress"",""Yoast SEO"",""jQuery"",""jQuery Migrate""]",39105241,catchall,N/A,d55fe874eef24465a71de13b668926a0,N/A,N/A,85%,Real Estate,N/A,https://linkedin.com/company/wrightwood-financial,N/A,N/A,N/A
Isaac Adams,Isaac,Adams,"Vp, Research",isaac.adams@thehartford.com,Hartford,thehartford.com,+18003227789,"P.O. Box 55359 Boston, MA 02205",Ct,CT,"=""02205""",55000,0,6411,"[""Akamai"",""Apache"",""Bootstrap"",""Moment.js"",""Tealium"",""jQuery""]",46004166,catchall,N/A,92843463d4b7441f5f91b65e3aa65fee,N/A,N/A,85%,Insurance Agents: Brokers: and Service,https://facebook.com/thehartford,https://linkedin.com/company/the-hartford,https://twitter.com/thehartford,N/A,N/A
Isaac Councill,Isaac,Councill,VP Engineering,isaac@HiOscar.com,Oscar,HiOscar.com,N/A,N/A,New York,NY,N/A,350,90396180,64,"[""Lodash"",""Nginx"",""Segment"",""webpack""]",44269289,catchall,N/A,f7ede569cb93939a2b1d7cb3d1fbf27e,N/A,N/A,85%,Insurance Agents: Brokers: and Service,N/A,N/A,N/A,N/A,N/A
Jacky He,Jacky,He,Executive Vice President,jackyhe@dmg-investments.com,Dmg Investments,dmg-investments.com,+16469300206,"ADDRESS100 Wall Street Suite 2203, New York, NY 10005",New York,NY,"=""10005""",30,5700128,65,"[""Apache"",""Google Analytics"",""Prefix-Free"",""jQuery""]",41020440,catchall,N/A,afb9c6147cdd8c2012f44c11365ea680,N/A,N/A,85%,Real Estate,https://facebook.com/dmginvestmentsllc,https://linkedin.com/company/dmg-investments-llc,https://twitter.com/dmg_investments,N/A,N/A
Jake Goin,Jake,Goin,VP of Operations,jake@wpininc.com,Western Pacific Insurance Network,wpininc.com,N/A,N/A,Littleton,CO,N/A,30,64000000,64,[],39288930,catchall,N/A,8c106017c6e99fbbe8ac3ed614f14861,N/A,N/A,85%,Insurance Agents: Brokers: and Service,N/A,N/A,N/A,N/A,N/A
James Bogoian,James,Bogoian,Vice President,james.bogoian@voya.com,Voya,voya.com,+18888545950,"230 Park Avenue New York, NY 10169",unknown city,unknown state,"=""10169""",7500,6411000000,6411,"[""Acquia Cloud"",""CloudFlare"",""Drupal"",""Google Analytics"",""Google Tag Manager"",""Modernizr"",""RequireJS"",""Varnish"",""Visual Website Optimizer"",""jQuery"",""jQuery Migrate""]",44029787,catchall,N/A,302b7f9bcfb6ba3bccae820e95c08a33,N/A,N/A,85%,Insurance Agents: Brokers: and Service,https://facebook.com/pages/voya/215714485107840,https://linkedin.com/company/voya,https://twitter.com/voya,https://instagram.com/voya,https://youtube.com/channel/ucbwnajd8kl_rqoztp0mvxtw
James Mosby,James,Mosby,Senior Vice President,james.mosby@firstbankmortgage.com,First Bank,firstbankmortgage.com,+18667662636,"600 James S. McDonnell Blvd St. Louis, MO 63042",San Mateo,CA,"=""63042""",N/A,65000000,65,"[""Azure"",""Bootstrap"",""DNN"",""Facebook"",""FancyBox"",""FlexSlider"",""Google Analytics"",""Google Tag Manager"",""Microsoft ASP.NET"",""Modernizr"",""jQuery"",""jQuery Migrate"",""jQuery UI""]",43970303,catchall,N/A,8655a54e7465d971a018440d71ae85e9,N/A,N/A,85%,Real Estate,https://facebook.com/welcometofirstbank,https://linkedin.com/company/first-bank,N/A,N/A,https://youtube.com/channel/ucu3hnydm1nwgwhoxow3kk7q
James Woodside,James,Woodside,Vice President,james.woodside@willis.com,Willis,willis.com,N/A,N/A,New York,NY,N/A,55000,0,6411,"[""AddThis"",""Bootstrap"",""CloudFlare"",""Google Font API"",""Google Tag Manager"",""Incapsula"",""Lazy.js"",""Microsoft ASP.NET"",""Sitecore"",""jQuery"",""scrollreveal""]",37679831,catchall,N/A,47509efec002697780fd20385176d2a1,N/A,N/A,85%,Insurance Agents: Brokers: and Service,N/A,N/A,N/A,N/A,N/A
James Wright,James,Wright,Senior Vice President,james_wright@ajg.com,Arthur J Gallagher And Co Of Iowa,ajg.com,N/A,N/A,Sioux City,IA,N/A,30,5595000000,6411,[],37141059,catchall,N/A,2a00305f7753c0480e196e2e02333ccb,N/A,N/A,85%,Insurance Agents: Brokers: and Service,N/A,N/A,N/A,N/A,N/A
Jamie Broe,Jamie,Broe,VP Business Innovation and Growth,jamie@fpmvt.com,Fusion Property Management,fpmvt.com,+18027776543,"PO Box 83 Winooski, VT 05404",Winooski,VT,"=""05404""",5,1638653,65,"[""Google Font API"",""Nginx"",""Twitter Emoji (Twemoji)"",""WordPress"",""Yoast SEO"",""jQuery"",""jQuery Migrate""]",46115809,catchall,N/A,3492ebb055b7c5c5e9e9422376f0a335,N/A,N/A,85%,Real Estate,N/A,N/A,N/A,N/A,N/A
Jane Smith,Jane,Smith,Field Vice President,jane.smith@pacificlife.com,Pacific Life,pacificlife.com,N/A,N/A,Newport Beach,CA,N/A,3000,9200000000,64,[],46148946,catchall,N/A,c9355da83bd7fa7cf3a99c523b5cf337,N/A,N/A,85%,Insurance Agents: Brokers: and Service,N/A,N/A,N/A,N/A,N/A
Janet Grove,Janet,Grove,Asst Vice President,janet.grove@swett.com,Swett & Crawford,swett.com,N/A,N/A,Atlanta,GA,N/A,750,6411000000,6411,"[""Bootstrap"",""Google Analytics"",""Google Tag Manager"",""IIS"",""Microsoft ASP.NET"",""jQuery""]",45443666,catchall,N/A,eeebd7c10a2accf32b91f7240330e166,N/A,N/A,85%,Insurance Agents: Brokers: and Service,N/A,N/A,N/A,N/A,N/A
Larry Janicki,Larry,Janicki,"Vice President, Services and Technology",janicki@mma-net.org,Mma Service,mma-net.org,+18006784456,N/A,Lansing,MI,N/A,5,2000000,6411,[],38205622,catchall,N/A,d5526d7c5388e5b0f4265f6d50e9f917,N/A,N/A,85%,Insurance Agents: Brokers: and Service,https://facebook.com/mimanufacturers,https://linkedin.com/company/mimfg,https://twitter.com/mimanufacturers,N/A,https://youtube.com/user/mimanufacturers
Janna Boelke,Janna,Boelke,"Vice President, Legal and Business Affairs",jannab@worthe.com,Worthe,worthe.com,+13103939653,"1333 Ocean Avenue, Santa Monica, CA",Santa Monica,CA,N/A,75,15000000,65,[],38983770,catchall,N/A,d90dacc30016a4480116b130c64cc738,N/A,N/A,85%,Real Estate,N/A,N/A,N/A,N/A,N/A
Joshua Aronson,Joshua,Aronson,Vp/avp/evp/svp,jaronson@communityrealty.com,Community,communityrealty.com,N/A,N/A,Greenbelt,MD,N/A,125,0,65,[],45317857,catchall,N/A,4e5134c1f693ec80b9863819869d4cc0,N/A,N/A,85%,Real Estate,N/A,N/A,N/A,N/A,N/A
Jarrod Frasier,Jarrod,Frasier,Vice President,jarrodfrasier@firststatefl.com,First State Bank,firststatefl.com,N/A,N/A,St Petersburg,FL,N/A,5,23600000,65,[],44167229,catchall,N/A,9e0912a85c5beb99ecb2106e6cfc00d2,N/A,N/A,85%,Real Estate,N/A,N/A,N/A,N/A,N/A
Jason Bryant,Jason,Bryant,Vice President,jasonb@atlanticspecial.com,Atlantic Specialty Lines,atlanticspecial.com,+18044741643,N/A,Richmond,VA,N/A,350,6411000000,6411,"[""Bootstrap"",""CloudFlare"",""Google Font API"",""IIS"",""Kendo UI"",""Microsoft ASP.NET"",""Modernizr"",""Moment.js"",""jQuery""]",39825592,catchall,N/A,f1096d604bcfd421e2a22d2d1be38fe0,N/A,N/A,85%,Insurance Agents: Brokers: and Service,N/A,https://linkedin.com/company/rt-specialty,N/A,N/A,N/A
Jason Emilo,Jason,Emilo,Senior Vice President,jason@brunsfield.com,Brunsfield International Group,brunsfield.com,+16123399898,N/A,Washington,DC,N/A,300,0,65,[],44116789,catchall,N/A,1d235e127961850d8013581c08d8f45d,N/A,N/A,85%,Real Estate,N/A,N/A,N/A,N/A,N/A
Jason Huff,Jason,Huff,Vice President,jason.huff@acentria.com,Acentria,acentria.com,+18502271900,"4634 Gulfstarr Drive Destin, FL 32541Suite 350 Destin, FL",Destin,FL,N/A,30,12000000,6411,"[""Font Awesome"",""Google Analytics"",""Google Font API"",""Gravatar"",""Lightbox"",""Modernizr"",""Nginx"",""Revslider"",""Twitter Emoji (Twemoji)"",""WP Engine"",""WordPress"",""Yoast SEO"",""jQuery"",""jQuery Migrate""]",37520353,catchall,N/A,a2aafc086fa9a166878f171492629c68,N/A,N/A,85%,Insurance Agents: Brokers: and Service,https://facebook.com/acentriainsurance,https://linkedin.com/company/acentria,N/A,N/A,https://youtube.com/channel/ucqxl9y-3zkn7yahqe8ujuaq
Jason Freedman,Jason,Freedman,VP of Technology,jason@knotel.com,Knotel,knotel.com,+16469790898,N/A,New York,NY,N/A,300,4200000,65,"[""Amazon Cloudfront"",""Google Analytics"",""Google Font API"",""Google Tag Manager"",""Heap"",""Lodash"",""New Relic"",""Next.js"",""Nginx"",""Sentry"",""webpack""]",39744138,catchall,N/A,464b2e2ede031a760b1b0cadd09b9966,N/A,N/A,85%,Real Estate,https://facebook.com/knotelhq,N/A,https://twitter.com/knotel,https://instagram.com/knotel,N/A
Jason Shirk,Jason,Shirk,"Vice President, Employee Benefits",jasonshirk@midamgroup.com,Axion Rms,midamgroup.com,+16307899516,"Suite 200 Downers Grove, IL 60515",Westmont,IL,"=""60515""",30,6411000000,6411,"[""Bootstrap"",""Font Awesome"",""Google Analytics"",""Google Font API"",""Google Tag Manager"",""Gravity Forms"",""Modernizr"",""Nginx"",""Twitter Emoji (Twemoji)"",""WP Engine"",""WordPress"",""jQuery"",""jQuery Migrate""]",37028595,catchall,N/A,64be1bf2e1eebff01a6168c3c5b6c1fd,N/A,N/A,85%,Insurance Agents: Brokers: and Service,https://facebook.com/pages/axion-rms-ltd/124917660862902,https://linkedin.com/company/axion-rms-ltd-,https://twitter.com/axion_rms,N/A,N/A
Jason Chapman,Jason,Chapman,Vice-president/commercial Marketing Manager,jason@twincityinsurance.net,Twin City,twincityinsurance.net,+18284660605,"PO Box 187 Newton, NC 28658",unknown city,unknown state,"=""28658""",30,6411000000,6411,"[""Apache"",""Bootstrap"",""Chart.js"",""Google Analytics"",""Google Tag Manager"",""Modernizr"",""WordPress"",""Yoast SEO"",""jQuery"",""jQuery Migrate""]",43579035,catchall,N/A,3fb9f4570d7af6db8dba32da784dd251,N/A,N/A,85%,Insurance Agents: Brokers: and Service,https://facebook.com/twin-city-insurance-agency-661033570599594,N/A,N/A,N/A,https://youtube.com/channel/ucj4qrwlleed5wab7cse2l8a
John Beauregard,John,Beauregard,Vice President,jbeauregard@sylviainsurance.com,Sylvia & Company Insurance Agency,sylviainsurance.com,N/A,N/A,Dartmouth,MA,N/A,30,6411000000,6411,"[""CloudFlare"",""Google Analytics"",""Hotjar"",""HubSpot"",""Matomo"",""OWL Carousel"",""jQuery"",""jQuery Migrate""]",44218572,catchall,N/A,89a0ece38d9f0ee153ea18ad60210ead,N/A,N/A,85%,Insurance Agents: Brokers: and Service,N/A,N/A,N/A,N/A,N/A
Jane Birckhead,Jane,Birckhead,Executive Vice President,jbirckhead@hhhinsurance.com,Hhhinsurance,hhhinsurance.com,N/A,N/A,Cincinnati,OH,N/A,30,6411000000,6411,[],44100688,catchall,N/A,48c07f4ec82c6a6efd1b8c4d08816aba,N/A,N/A,85%,Insurance Agents: Brokers: and Service,N/A,N/A,N/A,N/A,N/A
Jill Brown,Jill,Brown,Partner - VP,jbrown@ptmgmt.com,Property Tax Management,ptmgmt.com,N/A,N/A,Houston,TX,N/A,5,65000000,65,"[""IIS"",""Microsoft ASP.NET"",""jQuery""]",37104584,catchall,N/A,65a74123714a167286e27e220141fab2,N/A,N/A,85%,Real Estate,N/A,N/A,N/A,N/A,N/A
James Bry,James,Bry,"Executive Vice President, Development and Construction",jbry@seritage.com,Seritage Growth Properties,seritage.com,+12123557800,"500 Fifth Avenue Suite 1530 New York, NY 10110",New York,NY,"=""10110""",75,248700000,65,[],40904694,catchall,N/A,62683ed80a2affdef5832f36bfc4a33a,N/A,N/A,85%,Real Estate,N/A,https://linkedin.com/company/seritage-growth-properties,N/A,N/A,N/A
Julie Brawn Whitesides,Julie,Whitesides,Executive Vice President,jbwhitesides@conam.com,Conam Management,conam.com,+18586147200,N/A,San Diego,CA,N/A,5,27442800,65,"[""Bootstrap"",""Font Awesome"",""Microsoft ASP.NET"",""Slick"",""animate.css"",""jQuery""]",40015888,catchall,N/A,088dee9cd57ad839b87728dbaa200675,N/A,N/A,85%,Real Estate,https://facebook.com/conammanagement,https://linkedin.com/company/conam-management-corporation,https://twitter.com/conammanagement,https://instagram.com/conammanagement,https://youtube.com/channel/ucxtc_tawoxycflsve1yblrg
Jerret Click,Jerret,Click,Vice President - Construction & Design,jclick@matthewssouthwest.com,Matthews Southwest,matthewssouthwest.com,+14032312004,N/A,Dallas,TX,N/A,30,2000000,65,"[""Google Analytics"",""PHP"",""WordPress"",""jQuery""]",43701493,catchall,N/A,70c611b2fbd0ec9af533fb110e7497e4,N/A,N/A,85%,Real Estate,N/A,N/A,N/A,N/A,N/A
Juan Molano,Juan,Molano,Vice President Acquisitions,jcmolano@exancapital.com,Exan Capital,exancapital.com,+13053725263,"1111 Brickell Avenue Suite 2175 Miami, FL 33131",Miami,FL,"=""33131""",30,5700128,65,[],36395402,catchall,N/A,080a771f45d0d652792ee46b4546130c,N/A,N/A,85%,Real Estate,N/A,https://linkedin.com/in/juan-zaragoza-2535708b,https://twitter.com/flippingamerica,N/A,N/A
John C. Pia Aai,John,Aai,Exec Vice President,jcp@parsonsinsurance.com,Insurance Agency,parsonsinsurance.com,+18004409932,"440 South Warren Street Syracuse, NY 13202-2656",Syracuse,NY,"=""13202-2656""",30,6411000000,6411,"[""AddToAny"",""Apache"",""CloudFlare"",""Google Analytics"",""Google Font API"",""TweenMax"",""Twitter Emoji (Twemoji)"",""WordPress"",""jQuery"",""jQuery Migrate""]",44296983,catchall,N/A,90869034ee70366870c940b5ec03ba8d,N/A,N/A,85%,Insurance Agents: Brokers: and Service,https://facebook.com/parsonsinsurance,https://linkedin.com/company/parsons-&-associates-inc-,https://twitter.com/parsonsinsurnce,N/A,N/A
Joe Crespo,Joe,Crespo,Assistant Vice President,jcrespo@devonshiregroup.com,Devonshire Group,devonshiregroup.com,N/A,N/A,Santa Ana,CA,N/A,30,6411000000,6411,"[""IIS"",""Microsoft ASP.NET""]",44498706,catchall,N/A,5dc9448da957547544167608d9caf684,N/A,N/A,85%,Insurance Agents: Brokers: and Service,N/A,N/A,N/A,N/A,N/A
John Dirkse,John,Dirkse,Executive Vice President - Principal,jdirkse@aegis-wi.com,Aegis,aegis-wi.com,+12627836091,N/A,Brookfield,WI,N/A,30,6411000000,6411,"[""Google Analytics"",""Google Font API"",""IIS"",""Microsoft ASP.NET"",""Typekit"",""jQuery""]",38266199,catchall,N/A,bd0af36adb1f342f9079b30a19884032,N/A,N/A,85%,Insurance Agents: Brokers: and Service,https://facebook.com/pages/aegis-corporation/114695798576368,N/A,https://twitter.com/#!/aegiscorp,N/A,N/A
Jeff Harnish,Jeff,Harnish,"Asst. Vice President, Valuations",jeff.harnish@samreo.net,Specialized Asset Management,samreo.net,N/A,N/A,Highlands Ranch,CO,N/A,125,65000000,65,"[""Bootstrap"",""Font Awesome"",""Google Analytics"",""Google Font API"",""Google Tag Manager"",""SweetAlert"",""jQuery"",""jQuery Migrate"",""jQuery UI"",""reCAPTCHA""]",43173094,catchall,N/A,fdbd705a2ac235ee1ec8ef7e839767cd,N/A,N/A,85%,Real Estate,N/A,N/A,N/A,N/A,N/A
Jeff Kensinger,Jeff,Kensinger,Chief Information Officer,jeff@sibfla.com,Sibfla,sibfla.com,+17273846565,"5656 Central Ave Saint Petersburg, FL 33707",Saint Petersburg,FL,"=""33707""",5,1000000,6411,"[""CloudFlare""]",43555939,catchall,1/7/2021,cb8b9f6effb5726440750c0ed18903cf,N/A,N/A,85%,Insurance Agents: Brokers: and Service,N/A,N/A,N/A,N/A,N/A
Jennifer Canfield,Jennifer,Canfield,Vice President,jennifer.canfield@willis.com,Willis,willis.com,N/A,N/A,New York,NY,N/A,55000,0,6411,"[""AddThis"",""Bootstrap"",""CloudFlare"",""Google Font API"",""Google Tag Manager"",""Incapsula"",""Lazy.js"",""Microsoft ASP.NET"",""Sitecore"",""jQuery"",""scrollreveal""]",37679901,catchall,N/A,ef52b219c6080279862c2a65579cd1ba,N/A,N/A,85%,Insurance Agents: Brokers: and Service,N/A,N/A,N/A,N/A,N/A
Jennifer Norton,Jennifer,Norton,Chief Information Officer,jennifer@insmarket.com,Insurance Marketplace,insmarket.com,+15417790177,"1998 Skypark Drive Suite 100 Medford, OR 97504",Medford,OR,"=""97504""",30,3000000,6411,"[""AddThis"",""Apache"",""FancyBox"",""Google Analytics"",""Google Font API"",""Google Tag Manager"",""Hammer.js"",""MediaElement.js"",""Mustache"",""VideoJS"",""Weebly"",""jQuery"",""reCAPTCHA""]",41722157,catchall,1/7/2021,8212e3dc05c2a512a78e0871f64d3dc7,N/A,N/A,85%,Insurance Agents: Brokers: and Service,https://facebook.com/insurancemarketplaceinc,https://linkedin.com/company/insurance-marketplace-inc-,https://twitter.com/ins_marketplace,N/A,https://youtube.com/channel/ucswcw6bbxt-e4vgrjtcc8zw/about
Jennifer Mower,Jennifer,Mower,Vice President,jennifer.mower@nationalapa.com,National Asset Protection Agency,nationalapa.com,+18136994250,"1701 N. 14th St Tampa, FL 33605National Asset Protection Agency, 1701 North 14th Street, Tampa, FL, 33605, United States",Tampa,FL,N/A,125,25000000,65,[],43865753,catchall,N/A,f067feb0c58a0135d34c45aa76763e31,N/A,N/A,85%,Real Estate,N/A,N/A,N/A,N/A,N/A
Jerry Bartho,Jerry,Bartho,Senior VP,jerry.bartho@willis.com,Willis,willis.com,N/A,N/A,New York,NY,N/A,55000,0,6411,"[""AddThis"",""Bootstrap"",""CloudFlare"",""Google Font API"",""Google Tag Manager"",""Incapsula"",""Lazy.js"",""Microsoft ASP.NET"",""Sitecore"",""jQuery"",""scrollreveal""]",37679811,catchall,N/A,d2b3d01f4525bb24a487ce7a9d4d69f6,N/A,N/A,85%,Insurance Agents: Brokers: and Service,N/A,N/A,N/A,N/A,N/A
Jason Fa,Jason,Fa,Sr VP - Investment Advisory Division,jfeinglas@waldmanbros.com,Ima Financial Group,waldmanbros.com,+13035344567,"6200 LBJ Freeway, Suite 200 Dallas, TX 75240",Dallas,TX,"=""75240""",125,6411000000,6411,"[""Bootstrap"",""Ensighten"",""Facebook"",""Google Analytics"",""Google Font API"",""Nginx"",""Revslider"",""Twitter Emoji (Twemoji)"",""WP Engine"",""WordPress"",""Yoast SEO"",""jQuery"",""jQuery Migrate""]",42606969,catchall,12/26/2020,adc4da049290ddef8c4a66db2a4b9dc2,N/A,N/A,85%,Insurance Agents: Brokers: and Service,https://facebook.com/imafinancial,https://linkedin.com/company/75348,https://twitter.com/imafinancial,N/A,N/A
John Femiano,John,Femiano,Vice President and Co-founder,jfemiano@vestisinsurance.com,Vestis,vestisinsurance.com,+17184072457,"885 Huguenot Ave Staten Island, NY 10312",unknown city,unknown state,"=""10312""",5,1638653,6411,"[""Google Font API"",""Polyfill"",""RequireJS"",""Sentry"",""Wix""]",44127979,catchall,N/A,c1b759b9f3c539a62af8c99076523091,N/A,N/A,85%,Insurance Agents: Brokers: and Service,https://facebook.com/vestis-insurance-agency-inc-950780128287287/,N/A,N/A,https://instagram.com/vestis_insurance,N/A
John Fitts,John,Fitts,Vice President of Operations,jfitts@colonialadj.com,Colonial Adjustment,colonialadj.com,+12077979036,"111 Wescott Road South Portland, ME 04106",South Portland,ME,"=""04106""",30,16000000,6411,"[""Bootstrap"",""Google Analytics"",""LiteSpeed"",""Twitter Emoji (Twemoji)"",""Typekit"",""WordPress"",""Yoast SEO"",""jQuery""]",44738427,catchall,4/9/2021,af39213355dc6714c6bf33240fd00691,N/A,N/A,85%,Insurance Agents: Brokers: and Service,N/A,N/A,N/A,N/A,N/A
Jeff Gada,Jeff,Gada,Vice President,jgada@whartoninsurance.com,To Maintain,whartoninsurance.com,+19738632802,N/A,unknown city,unknown state,N/A,30,6411000000,6411,"[""IIS"",""Microsoft ASP.NET""]",36278246,catchall,N/A,812796b27b2247f95ab6675a66eca04f,N/A,N/A,85%,Insurance Agents: Brokers: and Service,N/A,N/A,N/A,N/A,N/A
Jeremy Gamble,Jeremy,Gamble,Vice President of Technology,jgamble@ciaokc.com,Courtesy Insurance Agency,ciaokc.com,+18007258596,"P.O. Box 13130 OKC, OK 73113-1130",Deerfield Beach,FL,"=""73113-1130""",30,2090700,6411,[],40017774,catchall,N/A,04d88ea97351bce29d7560abc149476a,N/A,N/A,85%,Insurance Agents: Brokers: and Service,N/A,N/A,N/A,N/A,N/A
John Gutenkunst,John,Gutenkunst,Executive Vice President,jg@cynosurefinancial.com,Cynosure Financial,cynosurefinancial.com,+15867714590,N/A,Pewaukee,WI,N/A,30,6411000000,6411,"[""Google Analytics"",""IIS"",""Microsoft ASP.NET"",""jQuery""]",46561302,catchall,N/A,375e1256671be1466e904a03d5f83065,N/A,N/A,85%,Insurance Agents: Brokers: and Service,N/A,N/A,N/A,N/A,N/A
Jonathan Guy,Jonathan,Guy,VP of Engineering,jguy@rfcode.com,Rf Code,rfcode.com,+18774630756,"9229 Waterford Centre Suite 500 Austin, TX 78758",Mesa,AZ,"=""78758""",125,6925800,39,"[""CloudFlare"",""Facebook"",""Font Awesome"",""HubSpot"",""animate.css"",""jQuery""]",37661432,catchall,N/A,68fa4010e528b7d35e3b4a1ce5c42819,N/A,N/A,85%,Miscellaneous Manufacturing Industries,https://facebook.com/rfcode,https://linkedin.com/company/rfcode,https://twitter.com/rf_code,N/A,N/A
John A. Hackett,John,Hackett,Vice-president and Treasurer,jhackett@jjruddyinsurance.com,J J Ruddy Insurance Agency,jjruddyinsurance.com,+17813964900,"153 Main Street Medford, MA 02155",Medford,MA,"=""02155""",5,1000000,6411,"[""Apache"",""Google Analytics""]",43345782,catchall,12/27/2020,c1fa6462cc30e6978e6479e5f3bb7491,N/A,N/A,85%,Insurance Agents: Brokers: and Service,https://facebook.com/pages/jj-ruddy-insurance-agencyinc/146836192013549,https://linkedin.com/company/j.j.-ruddy-insurance-agency-inc.,N/A,N/A,N/A
Jawad Hamandi,Jawad,Hamandi,Vice President / Senior Loan Officer (703) 587-6059,jhamandi@potomacmortgagegroup.com,Mvb Mortgageour Construction Grouphome,potomacmortgagegroup.com,+13362646955,"675 Ponce de Leon Ave, Suite 8500, Atlanta GA 30308",Reston,VA,"=""30308""",N/A,65000000,65,"[""Apache"",""Elementor"",""Google Font API"",""Twitter Emoji (Twemoji)"",""WordPress"",""jQuery"",""jQuery Migrate""]",37617052,catchall,N/A,3175b51ea0cbcf0876491c95baf10ab6,N/A,N/A,85%,Real Estate,N/A,N/A,N/A,N/A,N/A
Jamin Harkness,Jamin,Harkness,Vice President,jharkness@wesleyapartments.com,Wesley Apartment Homes / Euramex Management,wesleyapartments.com,+16785822398,"71 Howard Street SE Atlanta, GA 30317",Atlanta,GA,"=""30317""",75,7000000,65,"[""Bootstrap"",""CloudFlare"",""DataTables"",""Font Awesome"",""Google Maps"",""Microsoft ASP.NET"",""Modernizr"",""jQuery"",""jQuery UI""]",38127910,catchall,N/A,82c7014cb374356729268b708f6cc276,N/A,N/A,85%,Real Estate,https://facebook.com/pg/wesleyapartments/reviews,https://linkedin.com/company/wesley-apartment-homes,N/A,N/A,N/A
Jim Harpen,Jim,Harpen,Vice President,jharpen@areatitle.com,Area Title Agency,areatitle.com,+14192425485,"5450 Monroe St., Suite 2 Toledo, OH 436235450 Monroe St. Suite 2 Toledo, Ohio 43623709 Madison Avenue Suite 101 Toledo, Ohio 43604",Toledo,OH,"=""43604""",5,6969600,65,[],43414901,catchall,N/A,918c540969ab229b4024f7384f369bd6,N/A,N/A,85%,Real Estate,N/A,N/A,N/A,N/A,N/A
Jason Haupt,Jason,Haupt,Executive Vice President,jhaupt@thecolonialgroup.com,Thecolonialgroup,thecolonialgroup.com,+18003752075,"By Mail :: PO Box 4907 Greensboro, NC 27404By Mail :: PO Box 26009 Greensboro, NC 27420",Greensboro,NC,"=""27420""",30,6411000000,6411,"[""IIS"",""Microsoft ASP.NET"",""YouTube"",""jQuery""]",40780411,catchall,N/A,ddc8ef6afe285bace1e077d9ea7513be,N/A,N/A,85%,Insurance Agents: Brokers: and Service,https://facebook.com/pages/the-colonial-group/189950147469,N/A,https://twitter.com/thecolonialgrp,N/A,https://youtube.com/user/thecolonialgroup
Joseph R. Hiles,Joseph,Hiles,Vice President,jhiles@sigmains.com,Sigma Ii Employee Benefit Consultants,sigmains.com,N/A,N/A,Cleveland,OH,N/A,N/A,0,6411,"[""CloudFlare"",""Microsoft ASP.NET"",""Statcounter"",""jQuery""]",45968791,catchall,N/A,2e82861a77b05e48a454178ee69c86ac,N/A,N/A,85%,Insurance Agents: Brokers: and Service,N/A,N/A,N/A,N/A,N/A
Jim Allonier,Jim,Allonier,VP - Southeastern Operations,jimallonier@midwesterninsurance.com,Midwestern Insurance Alliance,midwesterninsurance.com,+18037321646,"PO Box 436909 Louisville, KY 40253",Louisville,KY,"=""40253""",125,6411000000,6411,"[""Apache"",""Google Font API"",""WordPress"",""jQuery"",""jQuery Migrate""]",45091709,catchall,N/A,ed49eee8a60b5c8cce0275e85b4e664e,N/A,N/A,85%,Insurance Agents: Brokers: and Service,https://facebook.com/pg/midwesterninsurancealliancellc,https://linkedin.com/company/midwestern-insurance-alliance,N/A,N/A,https://youtube.com/channel/ucxsqqpkcbdsi9-ymvakqgna
Jim Barber,Jim,Barber,Sr VP - Commercial Properties Leasing & Sales,jimbarber@m3companies.com,M3companies,m3companies.com,+14049750035,"5887 Glenridge Drive,Suite 250 Atlanta, GA 30328",unknown city,unknown state,"=""30328""",30,65000000,65,"[""Google Font API"",""Polyfill"",""RequireJS"",""Sentry"",""Wix""]",40225090,catchall,N/A,06b1b94efd0946137436dc1abbb4da0b,N/A,N/A,85%,Real Estate,https://facebook.com/jimbarbercre,https://linkedin.com/in/jim-barber-43429a3,https://twitter.com/jimbobarber,N/A,N/A
Jim Brown,Jim,Brown,Executive Vice President & CIO,jimbrown@kielyhines.com,"Kiely, Hines & Associates Insurance Agency",kielyhines.com,+18007661853,N/A,Louisville,KY,N/A,30,5700128,64,"[""Font Awesome"",""Google Analytics"",""Nginx"",""PHP"",""Twitter Emoji (Twemoji)"",""WordPress"",""Yoast SEO"",""YouTube"",""jQuery"",""jQuery Migrate""]",44739504,catchall,1/7/2021,5211553774c5812452cc0acc5eb2bd95,N/A,N/A,85%,Insurance Agents: Brokers: and Service,https://facebook.com/kielyhines,https://linkedin.com/company/1381357,https://twitter.com/khainsurance,N/A,https://youtube.com/user/kielyhines
Jim Squires,Jim,Squires,"Vp, Business &amp; Media",jim@chadkelley.com,Instagram,chadkelley.com,N/A,N/A,Georgetown,PA,N/A,N/A,64000000,64,"[""Facebook""]",44869294,catchall,N/A,47c2aa6680cbd92628221cc3acb979ec,N/A,N/A,85%,Insurance Agents: Brokers: and Service,N/A,N/A,N/A,N/A,N/A
Jim Hawksworth,Jim,Hawksworth,Senior Vice President,jim.hawksworth@willis.com,Willis,willis.com,N/A,N/A,New York,NY,N/A,55000,0,6411,"[""AddThis"",""Bootstrap"",""CloudFlare"",""Google Font API"",""Google Tag Manager"",""Incapsula"",""Lazy.js"",""Microsoft ASP.NET"",""Sitecore"",""jQuery"",""scrollreveal""]",37679876,catchall,N/A,cbd920c4473ab194a2ea5d6c6dfadff5,N/A,N/A,85%,Insurance Agents: Brokers: and Service,N/A,N/A,N/A,N/A,N/A
Jimmy Davis,Jimmy,Davis,Senior Vice President Leasing,jimmy@sullivanwickley.com,Sullivan Wickley,sullivanwickley.com,+14703759285,N/A,Atlanta,GA,N/A,30,5700128,65,"[""Nginx"",""Slick"",""WordPress"",""jQuery"",""jQuery Migrate""]",37121004,catchall,N/A,cc94c9e9c06e31d53a953fbc6565f424,N/A,N/A,85%,Real Estate,N/A,N/A,N/A,N/A,N/A
Jim Ellis,Jim,Ellis,"Partner/vp, Account Director",jim@signalpm.com,Signal,signalpm.com,+12396490620,"PO Box 8419, Naples, Florida 341013727 Enterprise Avenue Naples, Florida 341043727 Enterprise Avenue Naples, FL 34104",Naples,FL,"=""34104""",N/A,0,65,"[""Apache"",""Bootstrap"",""Facebook"",""FlexSlider"",""Font Awesome"",""Google Analytics"",""Google Font API"",""Modernizr"",""Moment.js"",""OWL Carousel"",""PHP"",""Revslider"",""Slick"",""Twitter Emoji (Twemoji)"",""WordPress"",""Yoast SEO"",""jQuery"",""jQuery Migrate"",""jQuery UI"",""prettyPhoto""]",36754906,catchall,N/A,9ba0ebfa9ab5e6ef139f2d8e6ede0139,N/A,N/A,85%,Real Estate,https://facebook.com/signalrealestateservices,N/A,https://twitter.com/signalpm,N/A,N/A
Jim Righter,Jim,Righter,VP - Kidder,jim@staleyprotects.com,Staley,staleyprotects.com,+15408858858,N/A,Staunton,VA,N/A,N/A,0,64,"[""Font Awesome"",""Google Font API"",""Gravity Forms"",""Lightbox"",""Nginx"",""Vue.js"",""WP Engine"",""WordPress"",""Yoast SEO"",""jQuery"",""jQuery Migrate""]",39625034,catchall,N/A,9640d480ec3649271f819322533ce110,N/A,N/A,85%,Insurance Agents: Brokers: and Service,https://facebook.com/staleyinsurance,N/A,https://twitter.com/staleyinsure,N/A,N/A
James Laughlin,James,Laughlin,Vice President,jim@thebertco.com,Northwest,thebertco.com,+18777150499,"P.O. Box 128 Warren, PA",Erie,PA,N/A,30,6411000000,6411,"[""Azure"",""Bootstrap"",""Drupal"",""Flickity"",""Google Analytics"",""Google Maps"",""Google Tag Manager"",""IIS"",""New Relic"",""PHP"",""jQuery""]",36756311,catchall,N/A,cc6cae199dee39b49fd4fc8773ac6091,N/A,N/A,85%,Insurance Agents: Brokers: and Service,https://facebook.com/pages/northwest-savings-bank/34877042828,N/A,https://twitter.com/nwsb,https://instagram.com/northwestbank,N/A
Jim Knox,Jim,Knox,Vice President,jim@tri-countyagency.com,Tryco Enterprises,tri-countyagency.com,+18889925246,"404 East Main St. Warrenton, MO 63383404 East Main St. Warrenton MO 63383",Warrenton,MO,"=""63383""",5,1000000,6411,"[""Font Awesome"",""Google Font API"",""Google Maps"",""Google Plus"",""Google Tag Manager"",""LiteSpeed"",""SiteCatalyst"",""jQuery"",""jQuery UI"",""Litespeed Cache""]",44205880,catchall,N/A,109aa3d8ad51918f655a3ebfad92b34f,N/A,N/A,85%,Insurance Agents: Brokers: and Service,https://facebook.com/tricountyagency,https://linkedin.com/company/tri-county-agency,https://twitter.com/tricountyagenc1,N/A,N/A
"John. D'agostino, Jr.",John.,Jr.,Vice President,jjr@dagostinoagency.com,D'agostino Agency,dagostinoagency.com,+16095618404,N/A,unknown city,unknown state,N/A,5,1638653,6411,"[""Apache"",""Bootstrap"",""Google Analytics"",""OWL Carousel"",""OpenSSL"",""PHP"",""jQuery""]",45708360,catchall,N/A,eee9b5a2654018b824d780758d997b5a,N/A,N/A,85%,Insurance Agents: Brokers: and Service,https://facebook.com/dagostinoagency,https://linkedin.com/company/d'agostino-agency,https://twitter.com/dagostinoagency,N/A,N/A
Jack Kay,Jack,Kay,VP Business/owner,jkay@stedfast.com,Meadowland Apartments,stedfast.com,+18886738441,"800 Mountain View Drive Piney Flats, TN 37686",Rialto,CA,"=""37686""",30,65000000,65,"[""Apache"",""CloudFlare"",""Facebook"",""Font Awesome"",""Google Analytics"",""Google Font API"",""Google Tag Manager"",""PHP"",""jQuery""]",43628657,catchall,N/A,a29e38c6c99da538aa8e17f15069d685,N/A,N/A,85%,Real Estate,https://facebook.com/stedair,https://linkedin.com/company/stedfast-stedair,N/A,https://instagram.com/stedfast_inc,https://youtube.com/channel/uc9df1niynzmw6f1k18fadnw
James Kent,James,Kent,"Senior Vice President, Central and Southeast Region",jkent@conam.com,Conam Management,conam.com,+18586147200,N/A,San Diego,CA,N/A,5,27442800,65,"[""Bootstrap"",""Font Awesome"",""Microsoft ASP.NET"",""Slick"",""animate.css"",""jQuery""]",40015903,catchall,N/A,2e72ff0a4b4207ee2e709936bb753e37,N/A,N/A,85%,Real Estate,https://facebook.com/conammanagement,https://linkedin.com/company/conam-management-corporation,https://twitter.com/conammanagement,https://instagram.com/conammanagement,https://youtube.com/channel/ucxtc_tawoxycflsve1yblrg
Jordan Kirkbride,Jordan,Kirkbride,Vice President,jkirkbride@hodgeswardelliott.com,Hodges Ward Elliott,hodgeswardelliott.com,+14242834424,"3344 Peachtree Rd. NE, 25th floor,",Atlanta,GA,N/A,75,2000000,65,"[""Font Awesome"",""Squarespace""]",44347994,catchall,N/A,2924eabc38475465477a29038f07bc25,N/A,N/A,85%,Real Estate,N/A,N/A,N/A,N/A,N/A
Julie Lamonte,Julie,Lamonte,Sr. Vice President,jlamonte@waldmanbros.com,Ima Financial Group,waldmanbros.com,+13035344567,"6200 LBJ Freeway, Suite 200 Dallas, TX 75240",Dallas,TX,"=""75240""",125,6411000000,6411,"[""Bootstrap"",""Ensighten"",""Facebook"",""Google Analytics"",""Google Font API"",""Nginx"",""Revslider"",""Twitter Emoji (Twemoji)"",""WP Engine"",""WordPress"",""Yoast SEO"",""jQuery"",""jQuery Migrate""]",42606978,catchall,N/A,6795ffa39fcb7663d9e65e64e3f241b2,N/A,N/A,85%,Insurance Agents: Brokers: and Service,https://facebook.com/imafinancial,https://linkedin.com/company/75348,https://twitter.com/imafinancial,N/A,N/A
Joe Lamott,Joe,Lamott,VP Corporate Tax,jlamott@travelers.com,Travelers Indemnity,travelers.com,+18663362077,N/A,Hinckley,OH,N/A,30,1000000,6411,"[""Akamai"",""CloudFlare"",""Dynatrace"",""Facebook"",""Google Analytics"",""Google Tag Manager"",""IIS"",""Microsoft ASP.NET"",""Modernizr"",""Tealium"",""YUI"",""jQuery"",""jQuery UI""]",39064223,catchall,N/A,7f015d52f787feb4069994b551143b37,N/A,N/A,85%,Insurance Agents: Brokers: and Service,https://facebook.com/travelers,https://us.linkedin.com/company/travelers,https://twitter.com/travelers,https://instagram.com/travelersinsurance,https://youtube.com/user/travelersinsurance
Jeremy Liu,Jeremy,Liu,VP Rfid Technology,jliu@smlinc.com,Sml,smlinc.com,+14158847400,"504 Redwood Blvd., Suite 330 Novato, CA 94947",Lafayette,CA,"=""94947""",30,1767000000,6411,"[""Cufon"",""Google Analytics"",""Gravatar"",""Twitter Emoji (Twemoji)"",""WordPress"",""YouTube"",""jQuery"",""jQuery Migrate"",""jQuery UI"",""reCAPTCHA""]",37225253,catchall,N/A,9838de28a21f3046d7afc35586273e43,N/A,N/A,85%,Insurance Agents: Brokers: and Service,https://facebook.com/pages/sitzmann-morris-lavis-sml/312829762075312,https://linkedin.com/company/sitzmann-morris-&-lavis-insurance-agency,https://twitter.com/sml_bro,N/A,https://youtube.com/user/smlinsurance1965
Jason Lombardi,Jason,Lombardi,Vice President,jlombardi@hcpfund.com,Hutensky Capital,hcpfund.com,+18602974585,N/A,Boston,MA,N/A,30,7000000,65,[],44020438,catchall,N/A,6ddf934769e3f73f444c07bbb5fbdc2e,N/A,N/A,85%,Real Estate,N/A,N/A,N/A,N/A,N/A
Josh Lowder,Josh,Lowder,Vice President & Broker,jlowder@colonialcommercial.net,Colonial Commercial,colonialcommercial.net,+13342706728,N/A,Montgomery,AL,N/A,5,17500000,65,[],43158616,catchall,N/A,debf8320e093416a91ca1b835d9db2fb,N/A,N/A,85%,Real Estate,N/A,N/A,N/A,N/A,N/A
Joseph Micco,Joseph,Micco,Executive Vice President,jmicco@rldassociates.com,Rld,rldassociates.com,+18005442551,N/A,Lebanon,PA,N/A,125,6411000000,6411,"[""Google Analytics"",""IIS"",""Microsoft ASP.NET""]",37765606,catchall,N/A,7c7e0536d2f1b4c56272032016131d3e,N/A,N/A,85%,Insurance Agents: Brokers: and Service,N/A,N/A,N/A,N/A,N/A
Jonna Miller,Jonna,Miller,Vice President-claims,jmiller@uni-ter.com,Uni-ter,uni-ter.com,N/A,N/A,unknown city,unknown state,N/A,30,6411000000,6411,"[""Apache""]",44415333,catchall,N/A,126fb77ba3232c0e1fad74673303a7dd,N/A,N/A,85%,Insurance Agents: Brokers: and Service,N/A,N/A,N/A,N/A,N/A
Jon Muller,Jon,Muller,Vice President of Product Management,jmuller@infobrij.com,Infobrij,infobrij.com,+18444636275,"49 Discovery, Suite 180 Irvine, CA 92618",Medford,OR,"=""92618""",5,1638653,65,[],45508318,catchall,N/A,db10630bf48fc4dc6518c7f4c3e0982d,N/A,N/A,85%,Real Estate,https://facebook.com/infobrij,https://linkedin.com/company/infobrij-llc,https://twitter.com/infobrij_llc,N/A,N/A
Judy Myers,Judy,Myers,Vice President,jmyers@yprocorp.com,Ypro,yprocorp.com,N/A,N/A,unknown city,unknown state,N/A,125,6411000000,6411,"[""IIS"",""Microsoft ASP.NET""]",38752461,catchall,N/A,18e4c0c4f9532c729f4b7adc8e575ea3,N/A,N/A,85%,Insurance Agents: Brokers: and Service,N/A,N/A,N/A,N/A,N/A
Joe Luscavage,Joe,Luscavage,Vice President,joe.luscavage@connectyourcare.com,Connectyourcare,connectyourcare.com,+18889990121,N/A,Hunt Valley,MD,N/A,75,22000000,6411,"[""Bootstrap"",""Chart.js"",""Google Tag Manager"",""Modernizr"",""Nginx"",""Revslider"",""WP Engine"",""WordPress"",""jQuery"",""jQuery Migrate""]",45132839,catchall,N/A,7f818044830b554b1532352d79dd3bc5,N/A,N/A,85%,Insurance Agents: Brokers: and Service,https://facebook.com/connectyourcare,https://linkedin.com/company/connectyourcare,https://twitter.com/connectyourcare,N/A,https://youtube.com/user/connectyourcare
Joseph Hughis,Joseph,Hughis,Managing Director and Vice President,joe@riverdalefunding.com,Riverdale Funding,riverdalefunding.com,N/A,N/A,Johnson City,TN,N/A,30,7000000,65,"[""Apache""]",45177823,catchall,N/A,666714d5b04fda5c2bc3129474198c57,N/A,N/A,85%,Real Estate,N/A,N/A,N/A,N/A,N/A
Joshua Oerke,Joshua,Oerke,Vice President,joerke@acorecapital.com,Acore Capital,acorecapital.com,+14159174403,"Suite 1680 Los Angeles, CA 90025",Fort Worth,TX,"=""90025""",75,15000000,65,"[""Font Awesome"",""Google Analytics"",""Google Font API"",""Hugo"",""Netlify""]",45943591,catchall,N/A,19ead7ff3d3292b9157469f1afee8d1d,N/A,N/A,85%,Real Estate,N/A,N/A,N/A,N/A,N/A
Joe Sullivan,Joe,Sullivan,Senior VP Construction &amp; Development,joe.sullivan@medcraft.com,Medcraft Healthcare Real Estate,medcraft.com,+16153644079,"900 SpruceStreet, Suite 150 St. Louis, MO 63102",Minneapolis,MN,"=""63102""",30,5700128,65,[],42153800,catchall,N/A,6c49869aac4050e6d2fe98abcf7fcf13,N/A,N/A,85%,Real Estate,https://facebook.com/medcrafthealthcare,https://linkedin.com/company/1670234,https://twitter.com/medcraft_health,N/A,N/A
Joey Ellwood,Joey,Ellwood,Area Vice President,joey_ellwood@ajg.com,Arthur J Gallagher And Co Of Iowa,ajg.com,N/A,N/A,Sioux City,IA,N/A,30,5595000000,6411,[],37141234,catchall,N/A,12b3d927724a4436971a8921af4591ad,N/A,N/A,85%,Insurance Agents: Brokers: and Service,N/A,N/A,N/A,N/A,N/A
John Baker,John,Baker,VP Claims & Risk Control,john.baker@willis.com,Willis,willis.com,N/A,N/A,New York,NY,N/A,55000,0,6411,"[""AddThis"",""Bootstrap"",""CloudFlare"",""Google Font API"",""Google Tag Manager"",""Incapsula"",""Lazy.js"",""Microsoft ASP.NET"",""Sitecore"",""jQuery"",""scrollreveal""]",37679840,catchall,N/A,7c3876a53248688b5f29d9dcca148c89,N/A,N/A,85%,Insurance Agents: Brokers: and Service,N/A,N/A,N/A,N/A,N/A
John Blackmore,John,Blackmore,First Vice President,johnblackmore@nwjinsurance.com,Insurance And,nwjinsurance.com,+18004452330,"119 River Street Montpelier, VT 05601",Montpelier,VT,"=""05601""",30,5700128,64,[],38959686,catchall,N/A,902cb1659235e792dab8e215e1b0875f,N/A,N/A,85%,Insurance Agents: Brokers: and Service,https://facebook.com/pages/noyle-johnson-group/181825781838503,https://linkedin.com/company/6451715,N/A,N/A,N/A
John Carlson,John,Carlson,"Executive, Vice President",johncarlson@benefit-intelligence.com,Benefit Intelligence,benefit-intelligence.com,N/A,N/A,Encino,CA,N/A,30,6411000000,6411,[],41889120,catchall,N/A,7b65ac595dba14c9761da05502f8683a,N/A,N/A,85%,Insurance Agents: Brokers: and Service,N/A,N/A,N/A,N/A,N/A
John Donaldson,John,Donaldson,Vice President,john.donaldson@willis.com,Willis,willis.com,N/A,N/A,New York,NY,N/A,55000,0,6411,"[""AddThis"",""Bootstrap"",""CloudFlare"",""Google Font API"",""Google Tag Manager"",""Incapsula"",""Lazy.js"",""Microsoft ASP.NET"",""Sitecore"",""jQuery"",""scrollreveal""]",37679887,catchall,N/A,72bda67d9c2c2a9a1209bddaf630e170,N/A,N/A,85%,Insurance Agents: Brokers: and Service,N/A,N/A,N/A,N/A,N/A
John Green,John,Green,"Vice President, Real Estate and Hotel Practice",john.green@willis.com,Willis,willis.com,N/A,N/A,New York,NY,N/A,55000,0,6411,"[""AddThis"",""Bootstrap"",""CloudFlare"",""Google Font API"",""Google Tag Manager"",""Incapsula"",""Lazy.js"",""Microsoft ASP.NET"",""Sitecore"",""jQuery"",""scrollreveal""]",37679791,catchall,N/A,cd846f604fb69a76be4cada5938dd522,N/A,N/A,85%,Insurance Agents: Brokers: and Service,N/A,N/A,N/A,N/A,N/A
John Hall,John,Hall,Executive Vice President,john.hall@profilebank.com,Profile Bank,profilebank.com,+18009084490,N/A,Sanbornville,NH,N/A,30,6000000,65,"[""Google Analytics"",""Google Font API"",""Google Tag Manager"",""Modernizr"",""jQuery""]",37400802,catchall,N/A,2bfcbea19b8073c890e0f20b05a6f228,N/A,N/A,85%,Real Estate,N/A,N/A,N/A,N/A,N/A
John David Jd Mccullough,John,Mccullough,Vice President,john@idxbroker.com,Idx Broker,idxbroker.com,+18004219668,N/A,Eugene,OR,N/A,75,9000000,65,"[""Apache"",""Bootstrap"",""Facebook"",""Font Awesome"",""Google Analytics"",""Google Font API"",""Google Tag Manager"",""PHP"",""jQuery"",""reCAPTCHA""]",40141477,catchall,N/A,c2137161642950fd23bcfe8edc390577,N/A,N/A,85%,Real Estate,https://facebook.com/idxbroker,https://linkedin.com/company/idx-inc-,https://twitter.com/idxbroker,https://instagram.com/idxbroker,https://youtube.com/channel/uci1zilx12n9sqitcbx1dppq
John Popp,John,Popp,Vice President & Broker Associate,john@jimcoady.com,Jimcoady,jimcoady.com,N/A,N/A,Natick,MA,N/A,30,65000000,65,"[""Apache"",""Debian"",""PHP""]",42105393,catchall,N/A,756ea19402438feced6c3e69ebc5d658,N/A,N/A,85%,Real Estate,N/A,N/A,N/A,N/A,N/A
John Kiernan,John,Kiernan,Vice President,johnk@iacus.com,Iacus,iacus.com,+16312890223,"22 West Main Street, Suite 14 Patchogue, NY 11772",Patchogue,NY,"=""11772""",30,6411000000,6411,"[""AddThis"",""Google Font API"",""IIS"",""PHP"",""WebsPlanet"",""jQuery""]",40603019,catchall,N/A,b63a9740f84d772ca9179201c20d7d35,N/A,N/A,85%,Insurance Agents: Brokers: and Service,https://facebook.com/independent-adjustment-company-iac-patchogue-ny-164852326901774/,https://linkedin.com/company/independent-adjustment-company,N/A,N/A,N/A
John Klocek,John,Klocek,Vice President,john.klocek@abimultifamily.com,Abi Multifamily,abimultifamily.com,+18582567690,"70th Street Lofts (Land) Scottsdale, AZ",unknown city,unknown state,N/A,30,5700128,65,"[""Google Analytics"",""Google Font API"",""Google Tag Manager"",""Hammer.js"",""Jetty"",""Leaflet"",""Prototype""]",42471525,catchall,N/A,86ee2edd33e5786d142505e2109f10c0,https://www.linkedin.com/in/john-klocek-a7372156,N/A,85%,Real Estate,N/A,https://linkedin.com/company/abi-multifamily,https://twitter.com/abimultifamily,N/A,N/A
John Kuehn,John,Kuehn,Senior Vice President,john.kuehn@zywave.com,Zywave,zywave.com,+18664999283,"Suite 300 Milwaukee, WI 53226",Milwaukee,WI,"=""53226""",350,6411000000,6411,"[""CloudFlare"",""FancyBox"",""Google Analytics"",""Google Maps"",""Google Tag Manager"",""Marketo"",""Nginx"",""WP Engine"",""WordPress"",""jQuery"",""jQuery Migrate""]",45175054,catchall,N/A,c2252794a27e30998ec1a939134ae32d,N/A,N/A,85%,Insurance Agents: Brokers: and Service,https://facebook.com/zywave,https://linkedin.com/company/zywave,https://twitter.com/zywave,N/A,https://youtube.com/channel/ucph1yelctiifovfkjpyi5mw
John Kurath,John,Kurath,Vice President,johnk@warnerpacific.com,Warner Pacific,warnerpacific.com,N/A,N/A,Westlake Village,CA,N/A,125,6411000000,6411,"[""Bootstrap"",""Font Awesome"",""Google Analytics"",""Google Font API"",""IIS"",""Kentico CMS"",""Marketo"",""Microsoft ASP.NET"",""jQuery""]",43060545,catchall,N/A,de3ad203327bcd3f485b7b7a981b4daf,N/A,N/A,85%,Insurance Agents: Brokers: and Service,N/A,N/A,N/A,N/A,N/A
John Petersen,John,Petersen,Chief Information Officer,johnp@heffins.com,Heffernan Insurance Brokers,heffins.com,+14157780301,N/A,Chesterfield,MO,N/A,350,6411000000,6411,"[""Bootstrap"",""CloudFlare"",""Drupal"",""Facebook"",""Google Analytics"",""Google Tag Manager"",""IIS"",""Lightbox"",""Modernizr"",""PHP"",""jQuery"",""jQuery UI""]",37305837,catchall,1/5/2021,499c6ca02c0b83c6d5b9cb08c33ffd2b,N/A,N/A,85%,Insurance Agents: Brokers: and Service,https://facebook.com/heffins,https://linkedin.com/company/heffernan-insurance-brokers,https://twitter.com/heffernan_ins,https://instagram.com/heffernan_ins,https://youtube.com/user/heffernangroup
John Zervakos,John,Zervakos,Senior Vice President,john.zervakos@willis.com,Willis,willis.com,N/A,N/A,New York,NY,N/A,55000,0,6411,"[""AddThis"",""Bootstrap"",""CloudFlare"",""Google Font API"",""Google Tag Manager"",""Incapsula"",""Lazy.js"",""Microsoft ASP.NET"",""Sitecore"",""jQuery"",""scrollreveal""]",37679851,catchall,N/A,cc999af20788782fb7b8fc4d778118f6,N/A,N/A,85%,Insurance Agents: Brokers: and Service,N/A,N/A,N/A,N/A,N/A
Jonathan Cox,Jonathan,Cox,Regional Vice President,jonathan.crpc@voya.com,Voya,voya.com,+18888545950,"230 Park Avenue New York, NY 10169",unknown city,unknown state,"=""10169""",7500,6411000000,6411,"[""Acquia Cloud"",""CloudFlare"",""Drupal"",""Google Analytics"",""Google Tag Manager"",""Modernizr"",""RequireJS"",""Varnish"",""Visual Website Optimizer"",""jQuery"",""jQuery Migrate""]",44029836,catchall,N/A,65b6778a50fb63a8cbab355d047c9572,N/A,N/A,85%,Insurance Agents: Brokers: and Service,https://facebook.com/pages/voya/215714485107840,https://linkedin.com/company/voya,https://twitter.com/voya,https://instagram.com/voya,https://youtube.com/channel/ucbwnajd8kl_rqoztp0mvxtw
Hunter Jones,Hunter,Jones,Vice President,jones@wheelockst.com,Wheelock Street Capital,wheelockst.com,+17038715020,"660 Steamboat Road, 3rd Floor Greenwich, CT 06830",New York,NY,"=""06830""",30,7000000,65,[],38632246,catchall,N/A,29f026ddde1f72ac375e99044de7c327,N/A,N/A,85%,Real Estate,N/A,N/A,N/A,N/A,N/A
Jon Armstrong,Jon,Armstrong,Vice President,jon@stpeteinsurance.com,Insurance,stpeteinsurance.com,+17278677029,"State Farm Insurance Agent Luis Macias in St. Petersburg FLcustomers in the St. Petersburg, FL1909 34th St North St. Petersburg, FL 33713-3605St. Petersburg, FL 33713-3605",St. Petersburg,FL,"=""33713-3605""",N/A,0,64,"[""Sentry"",""Vue.js"",""webpack""]",42510526,catchall,N/A,0d1135a878b36323b1858e5a54e5fd53,N/A,N/A,85%,Insurance Agents: Brokers: and Service,https://facebook.com/luis.macias.5011,N/A,N/A,N/A,N/A
Joseph Barsanti,Joseph,Barsanti,Area Vice President,joseph_barsanti@ajg.com,Arthur J Gallagher And Co Of Iowa,ajg.com,N/A,N/A,Sioux City,IA,N/A,30,5595000000,6411,[],37141351,catchall,N/A,5a55d9dd8e8051a046c95da5c4c93146,N/A,N/A,85%,Insurance Agents: Brokers: and Service,N/A,N/A,N/A,N/A,N/A
Joseph Agumadu,Joseph,Agumadu,Executive Vice President,joseph@sdcus.com,Sphinx Development,sdcus.com,+12143421409," Suite 1350  Dallas, Texas 75234  (214) 342-1400Suite 1350 Dallas, Texas 75234 Suite 1350  Dallas, Texas 75234",Dallas,TX,"=""75234""",30,5700128,65,"[""Apache"",""Google Font API"",""jQuery""]",44784300,catchall,N/A,bf0d632d9b7987533d98a1e4c222bae0,N/A,N/A,85%,Real Estate,N/A,N/A,N/A,N/A,N/A
Josh Ring,Josh,Ring,Cic | Vice President,joshring@eldoradoinsurance.com,El Dorado Insurance Agency,eldoradoinsurance.com,+17135219251,N/A,Houston,TX,N/A,30,6000000,6411,"[""Apache"",""Bootstrap"",""Facebook"",""Font Awesome"",""Google Analytics"",""Google Tag Manager"",""Gravity Forms"",""Modernizr"",""WP Rocket"",""WordPress"",""jQuery"",""jQuery Migrate""]",40608131,catchall,10/12/2020,1a52f4327e28e21ae1b5d2a1ae2f5d97,N/A,N/A,85%,Insurance Agents: Brokers: and Service,https://facebook.com/el-dorado-insurance-agency-inc-152344771443771,https://linkedin.com/company/1494994,https://twitter.com/eldoradoins,N/A,N/A
Josh Reisner,Josh,Reisner,Vice President,josh.r@multigroups.com,Multi Group,multigroups.com,+12127420707,"44 Wall Street New York, NY 10005",New York,NY,"=""10005""",30,5700128,65,"[""FlexSlider"",""Google Font API"",""Lightbox"",""Microsoft ASP.NET"",""Modernizr"",""Prototype"",""jQuery"",""script.aculo.us""]",38458593,catchall,N/A,5709d32c0393f7a833439a241c392ade,N/A,N/A,85%,Real Estate,N/A,https://linkedin.com/company/multi-capital-group,N/A,N/A,N/A
Josie Bowen,Josie,Bowen,Regional Vice President,josieb@catalyst-ps.com,Catalyst Property Solutions,catalyst-ps.com,+18322173120,N/A,Houston,TX,N/A,350,90396180,65,"[""Apache"",""Google Analytics"",""Modernizr"",""PHP"",""Typekit"",""jQuery""]",46501521,catchall,N/A,8a2fc23d526569d1946ce347b2877c8d,N/A,N/A,85%,Real Estate,N/A,N/A,N/A,N/A,N/A
Jossie Biggs,Jossie,Biggs,"Vice President of Human Resources, Admin and Logis",jpbiggs@chemengineering.com,C&e Services,chemengineering.com,+12026780532,"1950 Old Gallows Road, Suite 550 Vienna, Virginia 22182",unknown city,unknown state,"=""22182""",N/A,0,28,"[""Cufon"",""Microsoft ASP.NET"",""jQuery""]",43545117,catchall,N/A,eb2394c2c56f2803ba2acf8c989a18ee,N/A,N/A,85%,Chemicals and Allied Products,N/A,N/A,N/A,N/A,N/A
Mike Peterson,Mike,Peterson,Regional Vice President,jpeterson@hanoverfinancialllc.com,Hanover Financial,hanoverfinancialllc.com,+16508422226,"1888 Century Park East, Suite 1110  Los Angeles, CA 900671888 Century Park East Suite 1110 Los Angeles, CA 90067",Los Angeles,CA,"=""90067""",30,65000000,65,"[""Cowboy"",""Express"",""Font Awesome"",""Google Analytics"",""Google Font API"",""Lazy.js"",""Modernizr"",""Semantic-ui"",""animate.css"",""jQuery""]",37360042,catchall,1/12/2021,a7b6ae97502dfd26b4881dc3aab248a6,N/A,N/A,85%,Real Estate,N/A,https://linkedin.com/in/alexyarmolinsky,N/A,N/A,N/A
Jennifer Podlesny,Jennifer,Podlesny,"Managing Vice President, Specialty Benefits Underwriting",jpodlesny@starlinegroup.com,Starline Group,starlinegroup.com,+15084950882,N/A,Falmouth,MA,N/A,30,6411000000,6411,"[""Apache"",""Google Analytics"",""Google Font API"",""Modernizr"",""Supersized"",""jQuery""]",37837462,catchall,N/A,386f0b1346fdb6922871a14f4d2aac68,N/A,N/A,85%,Insurance Agents: Brokers: and Service,N/A,N/A,N/A,N/A,N/A
Jeff Ray,Jeff,Ray,Executive Vice President,jray@selmanco.com,Selman,selmanco.com,N/A,N/A,Cleveland,OH,N/A,125,6411000000,6411,"[""CloudFlare"",""Google Analytics"",""HubSpot"",""Slick"",""YouTube"",""jQuery""]",44371780,catchall,N/A,000ab2b2014741fb91d383019d6dc9f5,N/A,N/A,85%,Insurance Agents: Brokers: and Service,N/A,N/A,N/A,N/A,N/A
"James Eades, Cpcu",James,Cpcu,Vice President,jreades@arlingtonroe.com,Arlington / Roe,arlingtonroe.com,+18008789891,N/A,Indianapolis,IN,N/A,125,6411000000,6411,"[""Google Analytics"",""IIS"",""Microsoft ASP.NET"",""jQuery"",""jQuery Migrate"",""jQuery UI""]",43156195,catchall,N/A,dcabded30ad612fbee629e5eabbba376,N/A,N/A,85%,Insurance Agents: Brokers: and Service,https://facebook.com/pages/arlingtonroe-co-inc/323126041063324,https://linkedin.com/company/arlington-roe-&-co,N/A,N/A,N/A
John Rodriguez,John,Rodriguez,Vice President,jrodriguez@xd-ind.com,Xd Industries,xd-ind.com,+18552713374,ndustries,Anaheim,CA,N/A,5,1638653,65,"[""Lodash"",""React"",""RequireJS"",""Wix"",""Zepto""]",38863638,catchall,N/A,e8b84f226d8f129bb7acfc16aff796c4,N/A,N/A,85%,Real Estate,https://facebook.com/xdindustries,N/A,https://twitter.com/xd_industries,https://instagram.com/xd_ind,N/A
Joe Rollins,Joe,Rollins,Vice President,jrollins@shelbyestus.com,Shelby Estus Realty Group,shelbyestus.com,+17139752899,"1800 Bering, Suite 945 Houston, TX 77057",Houston,TX,"=""77057""",5,7000000,65,"[""Apache"",""Bootstrap"",""Font Awesome"",""Google Font API"",""PHP"",""Plesk"",""Twitter Emoji (Twemoji)"",""WordPress"",""Yoast SEO"",""jQuery"",""jQuery Migrate""]",43028340,catchall,N/A,5a107df10fb2c7209ef85795117c5831,N/A,N/A,85%,Real Estate,N/A,N/A,N/A,N/A,N/A
Jeffrey Ruidl,Jeffrey,Ruidl,Vice President,jruidl@hammespartners.com,Hammes,hammespartners.com,+12627925900,N/A,unknown city,unknown state,N/A,30,5700128,65,[],45120329,catchall,N/A,315f95477595a91b8efcd5acb5d668e4,N/A,N/A,85%,Real Estate,N/A,N/A,N/A,N/A,N/A
Johnnie Rumbaugh,Johnnie,Rumbaugh,Executive Vice President & Co-owner,jrumbaugh@york-jersey.com,York-jersey Underwriters Agency,york-jersey.com,+18003926958,"P.O. Box 810  Red Bank, NJ",unknown city,unknown state,N/A,30,6411000000,6411,"[""Google Analytics"",""IIS"",""Linkedin"",""Microsoft ASP.NET"",""Twitter""]",37453521,catchall,N/A,7c538f0d2b60d08d20b763742c54dcb9,N/A,N/A,85%,Insurance Agents: Brokers: and Service,N/A,N/A,https://twitter.com/york_jersey,N/A,N/A
Steven Dozier,Steven,Dozier,Vice President,jsdozier@aimsltc.com,Aimsbenefits.common-thurs,aimsltc.com,+18003259876,"4240 Carmichael Road Montgomery, AL  36106",Montgomery,AL,"=""36106""",30,6411000000,6411,[],44934970,catchall,N/A,4fa47712f0873ae1d1c250542457c5f2,N/A,N/A,85%,Insurance Agents: Brokers: and Service,https://facebook.com/aimsbenefits,https://linkedin.com/company/american-insurance-marketing-services-inc-aims-,https://twitter.com/aimsbenefits,N/A,N/A
John Sells,John,Sells,Chief Information Officer,jsells@sunzinsurance.com,Sunz,sunzinsurance.com,+19413555490,"13016th Avenue West Bradenton, FL 34205",Saint Petersburg,FL,"=""34205""",30,3000000,6411,"[""RequireJS"",""Sentry"",""Wix""]",45649125,catchall,1/7/2021,f2e488484f6969b1ed6646e0c306e171,N/A,N/A,85%,Insurance Agents: Brokers: and Service,https://facebook.com/sunzinsurance,https://linkedin.com/company/362669,https://twitter.com/sunzinsurance,https://instagram.com/sunzinsurance/,https://youtube.com/channel/uccnzhtiqlnusqpfazsr88lg
James Slevin,James,Slevin,Vice President,jslevin@ufanyc.org,Ufanyc,ufanyc.org,+18663935464,"204 East 23rd Street New York, NY 10010",New York,NY,"=""10010""",30,6411000000,6411,"[""Font Awesome"",""Google Analytics"",""Google Font API"",""Google Tag Manager"",""Modernizr"",""Slick"",""Sucuri"",""Twitter"",""jQuery"",""jQuery UI""]",42704946,catchall,N/A,ce3eb282925ec197be4a2238654de636,N/A,N/A,85%,Insurance Agents: Brokers: and Service,https://facebook.com/ufanyc,N/A,https://twitter.com/ufanyc,https://instagram.com/ufa94nyc,N/A
Jed Solomon,Jed,Solomon,Vice President of Land Acquisition,jsolomon@griffin-residential.com,Griffin Residential,griffin-residential.com,(951) 547-3500,N/A,Corona,CA,N/A,125,25000000,65,[],36819641,catchall,N/A,b39249b08117e619f7999170c43caed1,N/A,N/A,85%,Real Estate,N/A,N/A,N/A,N/A,N/A
Jennifer Sotolongo,Jennifer,Sotolongo,VP Asset Management,jsotolongo@exancapital.com,Exan Capital,exancapital.com,+13053725263,"1111 Brickell Avenue Suite 2175 Miami, FL 33131",Miami,FL,"=""33131""",30,5700128,65,[],36395394,catchall,N/A,1e4f846dc1b1aeba12f3e0e6aee63941,N/A,N/A,85%,Real Estate,N/A,https://linkedin.com/in/juan-zaragoza-2535708b,https://twitter.com/flippingamerica,N/A,N/A
Julianne Splain,Julianne,Splain,"Vp, Claims",jsplain@CapSpecialty.com,Capspecialty,CapSpecialty.com,+16088297064,N/A,Middleton,WI,N/A,350,90396180,64,"[""AngularJS"",""Apache"",""Bootstrap"",""Craft CMS"",""Font Awesome"",""Google Analytics"",""Google Tag Manager"",""jQuery""]",37461145,catchall,N/A,57ae357f2c066515acac53521272f1a7,N/A,N/A,85%,Insurance Agents: Brokers: and Service,N/A,https://linkedin.com/company/capspecialty,https://twitter.com/capspecialty,https://instagram.com/capspecialty,N/A
Jan Stewart,Jan,Stewart,VP of HR,jstewart@geico.com,Geico,geico.com,+18778320937,N/A,Virginia Beach,VA,N/A,5,1000000,6411,"[""Adobe DTM"",""Akamai"",""Apache"",""CloudFlare"",""Google Analytics"",""Google Tag Manager"",""Incapsula"",""Modernizr"",""jQuery""]",45733507,catchall,N/A,718abc80e94733b3fdcdbeb9b61fdeca,N/A,N/A,85%,Insurance Agents: Brokers: and Service,https://facebook.com/geico,https://linkedin.com/company/geico,https://twitter.com/geico,https://instagram.com/geico,https://youtube.com/user/geico
Jack Sudia,Jack,Sudia,Vice President - Broker Salesperson,jsudia@nai-atlantic.com,Nai Atlantic,nai-atlantic.com,+17327361300,N/A,unknown city,unknown state,N/A,5,65000000,65,"[""DNN"",""Google Analytics"",""Google Font API"",""IIS"",""Microsoft ASP.NET"",""jQuery"",""jQuery Migrate"",""jQuery UI""]",39369329,catchall,N/A,90b28ac8cd9ed9674b37e89377e9b8e4,N/A,N/A,85%,Real Estate,N/A,N/A,N/A,N/A,N/A
James Sumaya,James,Sumaya,Vice President,jsumaya@tryperion.com,Tryperion,tryperion.com,+13104211039,N/A,Los Angeles,CA,N/A,5,1638653,65,"[""Google Analytics"",""Google Font API"",""Varnish"",""Webflow"",""jQuery""]",39355417,catchall,N/A,224a27f15159bc46cf2ae0bb5a9c4189,N/A,N/A,85%,Real Estate,N/A,N/A,N/A,N/A,N/A
Jamal Talib,Jamal,Talib,Executive Vice President,jtalib@metropa.com,Metro Public Adjustment,metropa.com,+18008661994,N/A,Manasquan,NJ,N/A,350,6411000000,6411,"[""Apache"",""DreamWeaver"",""Google Analytics"",""Google Plus"",""Matomo"",""PHP""]",43830035,catchall,N/A,82b0508e7331c36b41dd75fef57119f3,N/A,N/A,85%,Insurance Agents: Brokers: and Service,https://facebook.com/pages/metro-public-adjustment-inc/165884533447283,N/A,N/A,N/A,N/A
John Toole,John,Toole,CIO,jtoole@dovetailinsurance.com,Dovetail,dovetailinsurance.com,+19733825403,"1333 Main Street, Suite 600 Columbia, SC 29201",Columbia,SC,"=""29201""",30,128780,6411,"[""IIS"",""Microsoft ASP.NET""]",44895814,catchall,1/7/2021,bca937638c6cae04a537ec3064f45166,N/A,N/A,85%,Insurance Agents: Brokers: and Service,N/A,https://linkedin.com/company/dovetail-insurance,N/A,N/A,N/A
Jud Dean,Jud,Dean,Vice President,jud@archairmedical.com,Air Methods,archairmedical.com,+13037491358,"Suite 300 Greenwood Village, CO 80111",St Louis,MO,"=""80111""",5,45000000,45,"[""Facebook"",""Google Analytics"",""IIS"",""Microsoft ASP.NET"",""Sitefinity"",""ZURB Foundation"",""jQuery"",""jQuery Migrate""]",39245859,catchall,N/A,9f6c752b38f3dd02591325d2788ec7db,N/A,N/A,85%,Transportation By Air,https://facebook.com/airmethods,https://linkedin.com/company/43690,https://twitter.com/airmethodscorp,https://instagram.com/airmethods,https://youtube.com/channel/uc1nvqaolqsj_cz50ddrhnuq/feed
Judy Price,Judy,Price,Vp-operations -,judyp@lacoinsurance.com,Insurance Solutions,lacoinsurance.com,+15032960044,location on Westgate Drive near the Oregon,Portland,OR,N/A,30,9000000,6411,"[""Flywheel"",""Google Analytics"",""Google Font API"",""Google Tag Manager"",""Gravity Forms"",""Modernizr"",""WordPress"",""jQuery"",""jQuery Migrate"",""jQuery UI""]",36248237,catchall,4/9/2021,a01e9373a2df5dc79478ad5a5b807081,N/A,N/A,85%,Insurance Agents: Brokers: and Service,https://facebook.com/leonardadamsinsurance,https://linkedin.com/company/leonard-adams-insurance,N/A,N/A,N/A
Justin W Spewock,Justin,Spewock,Area Vice President,justin_spewock@ajg.com,Arthur J Gallagher And Co Of Iowa,ajg.com,N/A,N/A,Sioux City,IA,N/A,30,5595000000,6411,[],37141079,catchall,N/A,e480926621e08fc605b702e5ea8333dc,N/A,N/A,85%,Insurance Agents: Brokers: and Service,N/A,N/A,N/A,N/A,N/A
James Walker,James,Walker,Vice President - Sales Manager,jwalker@mcintyre-group.com,Mcintyre Group,mcintyre-group.com,N/A,N/A,unknown city,unknown state,N/A,30,6411000000,6411,"[""Apache""]",43303117,catchall,N/A,961fb8340126a5cdd70ff4b3e7f6729d,N/A,N/A,85%,Insurance Agents: Brokers: and Service,N/A,N/A,N/A,N/A,N/A
Jarrod Whitaker,Jarrod,Whitaker,Vice President,jwhitaker@bozzuto.com,Bozzuto Group,bozzuto.com,+13014462274,"6406 Ivy Lane Suite 700 Greenbelt, MD 20770",Washington,DC,"=""20770""",3000,600000000,65,"[""Algolia Realtime Search"",""Amazon Cloudfront"",""Apache"",""CloudFlare"",""Font Awesome"",""Google Maps"",""Google Tag Manager"",""HubSpot"",""Moment.js"",""WordPress"",""jQuery""]",37305289,catchall,N/A,488a5503d1cd7e5f5fb9d7c4afbdba4c,N/A,N/A,85%,Real Estate,https://facebook.com/thebozzutogroup,https://linkedin.com/company/the-bozzuto-group,https://twitter.com/bozzuto,https://instagram.com/thebozzutogroup,https://youtube.com/user/bozzutotv
Jennifer Widener,Jennifer,Widener,"Vice President, Investments",jwidener@wptcapital.com,Wpt Capital Advisors,wptcapital.com,+18002309505,"3033 Excelsior Blvd, Suite 330, Minneapolis, MN 55416",Fort Lauderdale,FL,"=""55416""",30,5700128,65,[],37794288,catchall,N/A,f9164548f9283fe6722f6533ca7b8c70,N/A,N/A,85%,Real Estate,N/A,N/A,N/A,N/A,N/A
Janice Wiggins,Janice,Wiggins,Regional Vice President,jwiggins@smpmgt.com,Strategic Management,smpmgt.com,+14046140808,"1980 Briarcliff Rd Milledgeville, GA 31061",Norcross,GA,"=""31061""",350,0,65,[],42982007,catchall,N/A,f6028eeb2515a00622753b0d1788e85e,N/A,N/A,85%,Real Estate,N/A,N/A,N/A,N/A,N/A
Jackie Zielstorf,Jackie,Zielstorf,Vice President Commercial Lines,jzielstorf@rwoinsurance.com,Insurance Websites,rwoinsurance.com,+13018636807,"Suite B California, MD 20619",unknown city,unknown state,"=""20619""",30,6411000000,6411,"[""AddToAny"",""CloudFlare"",""Facebook"",""Google Analytics"",""Google Font API"",""Gravity Forms"",""IIS"",""PHP"",""Twitter Emoji (Twemoji)"",""WordPress"",""jQuery"",""jQuery Migrate""]",44963367,catchall,N/A,edee18b12dc167c3863eb30782084ae6,N/A,N/A,85%,Insurance Agents: Brokers: and Service,https://facebook.com/pages/raley-watts-and-oneill-insurance-and-financial-services/112748115451102,https://linkedin.com/company/712035,N/A,N/A,N/A
Kurt Adkins,Kurt,Adkins,Vice President,kadkins@summitre.net,Summit Management,summitre.net,N/A,N/A,Stillwater,MN,N/A,125,25000000,65,"[""Google Analytics"",""Google Font API"",""Microsoft ASP.NET"",""ZURB Foundation"",""jQuery"",""jQuery UI""]",40217461,catchall,N/A,a59ceb35bc5dea04b8f69b816faf3881,N/A,N/A,85%,Real Estate,N/A,N/A,N/A,N/A,N/A
Kai U. Schirmacher,Kai,Schirmacher,Vice President,kai@jenniferames.com,Coldwell Banker Real Estate,jenniferames.com,+18779473313,N/A,Chicago,IL,N/A,N/A,65000000,65,"[""Google Font API"",""Google Tag Manager"",""Polyfill"",""jQuery"",""jQuery Migrate""]",46122139,catchall,N/A,6cc3c3787fe01deb32d977558870f42b,N/A,N/A,85%,Real Estate,https://facebook.com/coldwellbankeratl,N/A,https://twitter.com/cb_atlanta,N/A,https://youtube.com/user/coldwellbnkratl/coldwellbanker
Keith Alger,Keith,Alger,VP Property Services,kalger@conam.com,Conam Management,conam.com,+18586147200,N/A,San Diego,CA,N/A,5,27442800,65,"[""Bootstrap"",""Font Awesome"",""Microsoft ASP.NET"",""Slick"",""animate.css"",""jQuery""]",40015890,catchall,N/A,67d9929c2f8f16d81bf632fc6bfcf908,N/A,N/A,85%,Real Estate,https://facebook.com/conammanagement,https://linkedin.com/company/conam-management-corporation,https://twitter.com/conammanagement,https://instagram.com/conammanagement,https://youtube.com/channel/ucxtc_tawoxycflsve1yblrg
Kamal Kikani,Kamal,Kikani,Vice President - Airports,kamal.kikani@goair.in,Goair,goair.in,+19116613265,N/A,unknown city,unknown state,N/A,750,600000000,45,"[""AngularJS"",""Bootstrap"",""CloudFlare"",""Font Awesome"",""Google Tag Manager"",""Microsoft ASP.NET"",""Slick"",""jQuery"",""jQuery UI""]",39694113,catchall,N/A,4e137ff5e9a057a4c96f885c08bac123,N/A,N/A,85%,Transportation By Air,https://facebook.com/goair,https://in.linkedin.com/company/goair,https://twitter.com/goairlinesindia,https://instagram.com/goairlinesindia,https://youtube.com/channel/ucifzv_f5uirrp_cg-xicwuq/videos
Karen Inkel,Karen,Inkel,"Vice President, Planning &amp; Strategy",karen.inkel@voya.com,Voya,voya.com,+18888545950,"230 Park Avenue New York, NY 10169",unknown city,unknown state,"=""10169""",7500,6411000000,6411,"[""Acquia Cloud"",""CloudFlare"",""Drupal"",""Google Analytics"",""Google Tag Manager"",""Modernizr"",""RequireJS"",""Varnish"",""Visual Website Optimizer"",""jQuery"",""jQuery Migrate""]",44029757,catchall,N/A,6e1e37fe7813d9a32c37887827ade861,N/A,N/A,85%,Insurance Agents: Brokers: and Service,https://facebook.com/pages/voya/215714485107840,https://linkedin.com/company/voya,https://twitter.com/voya,https://instagram.com/voya,https://youtube.com/channel/ucbwnajd8kl_rqoztp0mvxtw
Karyn Cavanaugh,Karyn,Cavanaugh,Senior Vice President,karyn.cavanaugh@voya.com,Voya,voya.com,+18888545950,"230 Park Avenue New York, NY 10169",unknown city,unknown state,"=""10169""",7500,6411000000,6411,"[""Acquia Cloud"",""CloudFlare"",""Drupal"",""Google Analytics"",""Google Tag Manager"",""Modernizr"",""RequireJS"",""Varnish"",""Visual Website Optimizer"",""jQuery"",""jQuery Migrate""]",44029759,catchall,N/A,d536dd0f5f934e0c7e844cb63996e146,N/A,N/A,85%,Insurance Agents: Brokers: and Service,https://facebook.com/pages/voya/215714485107840,https://linkedin.com/company/voya,https://twitter.com/voya,https://instagram.com/voya,https://youtube.com/channel/ucbwnajd8kl_rqoztp0mvxtw
Karyn Cavanaugh,Karyn,Cavanaugh,Senior Vice President,karyn.cfa@voya.com,Voya,voya.com,+18888545950,"230 Park Avenue New York, NY 10169",unknown city,unknown state,"=""10169""",7500,6411000000,6411,"[""Acquia Cloud"",""CloudFlare"",""Drupal"",""Google Analytics"",""Google Tag Manager"",""Modernizr"",""RequireJS"",""Varnish"",""Visual Website Optimizer"",""jQuery"",""jQuery Migrate""]",44029736,catchall,N/A,448a7545cf519a8453f570b72103e6dd,N/A,N/A,85%,Insurance Agents: Brokers: and Service,https://facebook.com/pages/voya/215714485107840,https://linkedin.com/company/voya,https://twitter.com/voya,https://instagram.com/voya,https://youtube.com/channel/ucbwnajd8kl_rqoztp0mvxtw
Kate Luby,Kate,Luby,Executive Vice President of Operations,kate@sfpi.com,Sfpi,sfpi.com,+18007227374,N/A,Cleveland,OH,N/A,30,14000000,6411,"[""Nginx"",""jQuery""]",37248772,catchall,4/9/2021,f30d6282d1f9ca063402a8452c2a6e0b,N/A,N/A,85%,Insurance Agents: Brokers: and Service,N/A,N/A,N/A,N/A,N/A
Kathleen Hannon,Kathleen,Hannon,"Vice President, Assistant General Counsel",kathleen.hannon@thehartford.com,Hartford,thehartford.com,+18003227789,"P.O. Box 55359 Boston, MA 02205",Ct,CT,"=""02205""",55000,0,6411,"[""Akamai"",""Apache"",""Bootstrap"",""Moment.js"",""Tealium"",""jQuery""]",46004187,catchall,N/A,20489c993e789281f637d2e74c7396da,N/A,N/A,85%,Insurance Agents: Brokers: and Service,https://facebook.com/thehartford,https://linkedin.com/company/the-hartford,https://twitter.com/thehartford,N/A,N/A
Katie Cowan,Katie,Cowan,Vice President,katie@vaultjet.com,Vault,vaultjet.com,+18663254569,"750 N. St. Paul Street Suite 1825 Dallas, TX 75201750 N. St. Paul St. Suite 1825 Dallas, Texas 75201",Dallas,TX,"=""75201""",5,45000000,45,"[""CloudFlare"",""Google Font API"",""Google Tag Manager"",""Gravity Forms"",""PHP"",""WordPress"",""Yoast SEO"",""jQuery"",""jQuery Migrate""]",46661002,catchall,N/A,537f0dfdb5e19c382ffb5f24980086be,N/A,N/A,85%,Transportation By Air,https://facebook.com/vaultaviation,https://linkedin.com/company/vault-aviation,https://twitter.com/vault_aviation,https://instagram.com/vaultaviation,N/A
Kjell Austad,Kjell,Austad,Executive Vice President,kaustad@allianceunited.com,Alliance United,allianceunited.com,+18007618680,N/A,Chatsworth,CA,N/A,350,6411000000,6411,"[""Bootstrap"",""IIS"",""Microsoft ASP.NET"",""jQuery"",""reCAPTCHA""]",43917417,catchall,N/A,6c088dec8c621a69fbcfeb61b9a81dc2,N/A,N/A,85%,Insurance Agents: Brokers: and Service,https://facebook.com/kemperautoallianceunited,https://linkedin.com/company/alliance-united-ins.-co,N/A,https://instagram.com/kemperautoallianceunited,N/A
Kevin Berger,Kevin,Berger,Senior Vice President,kberger@tc-coop.com,Centerra,tc-coop.com,+14196069052,"813 Clark Avenue, Ashland, Ohio1290 Middle Rowsburg Road, Ashland, Ohio",Ashland,OH,N/A,30,175000000,5983,"[""Bootstrap"",""CloudFlare"",""Font Awesome"",""Google Analytics"",""Gravity Forms"",""Hotjar"",""Slick"",""Twitter Emoji (Twemoji)"",""WordPress"",""Yoast SEO"",""animate.css"",""jQuery"",""jQuery Migrate"",""jQuery UI""]",45817249,catchall,N/A,e1b322a0088ee6e3270664dfc5d9263b,N/A,N/A,85%,Fuel Oil Dealers,https://facebook.com/pages/town-country-co-op/252057390423,N/A,N/A,N/A,N/A
Kyle Van Buitenen,Kyle,Buitenen,Vice President,kbuitenen@hodgeswardelliott.com,Hodges Ward Elliott,hodgeswardelliott.com,+14242834424,"3344 Peachtree Rd. NE, 25th floor,",Atlanta,GA,N/A,75,2000000,65,"[""Font Awesome"",""Squarespace""]",44347988,catchall,N/A,3716c387666fcdccd95a8f2c87fc3286,N/A,N/A,85%,Real Estate,N/A,N/A,N/A,N/A,N/A
Kathy Crago,Kathy,Crago,"Sr. Consultant, Vice President",kcrago@willis.com,Willis,willis.com,N/A,N/A,New York,NY,N/A,55000,0,6411,"[""AddThis"",""Bootstrap"",""CloudFlare"",""Google Font API"",""Google Tag Manager"",""Incapsula"",""Lazy.js"",""Microsoft ASP.NET"",""Sitecore"",""jQuery"",""scrollreveal""]",37679804,catchall,N/A,07e90b93fa4be76eaba1eef800547c6a,N/A,N/A,85%,Insurance Agents: Brokers: and Service,N/A,N/A,N/A,N/A,N/A
Kevin Cullinan,Kevin,Cullinan,Vice President,kcullinan@mackregroup.com,Mack Real Estate Group,mackregroup.com,N/A,N/A,New York,NY,N/A,30,6000000,65,"[""Apache"",""Supersized"",""jQuery""]",42711260,catchall,N/A,6c777cc672bd10c4275175774e7058f5,N/A,N/A,85%,Real Estate,N/A,N/A,N/A,N/A,N/A
Keegan Smith,Keegan,Smith,Senior Vice President,keegan.smith@brightindustries.com,Bright Industries,brightindustries.com,+19724106601,"Arthur Boulevard  Suite 200  Lewisville, TX 75056",Dallas,TX,"=""75056""",350,90396180,65,"[""Bootstrap"",""CodeIgniter"",""ExpressionEngine"",""Nginx"",""Typekit"",""jQuery""]",37667231,catchall,N/A,70e33052fcfabd42a7705027ef6c031c,N/A,N/A,85%,Real Estate,N/A,N/A,N/A,N/A,N/A
Keith Franklin,Keith,Franklin,Area Vice President,keith_franklin@ajg.com,Arthur J Gallagher And Co Of Iowa,ajg.com,N/A,N/A,Sioux City,IA,N/A,30,5595000000,6411,[],37141077,catchall,N/A,bab2474c0b618e475e976c6483055982,N/A,N/A,85%,Insurance Agents: Brokers: and Service,N/A,N/A,N/A,N/A,N/A
Keith Lindstrom,Keith,Lindstrom,Vice President,keith@leisurevillas.com,Leisure Villas,leisurevillas.com,+18014386546,"Approx. 12340 S. Anthem Blvd Herriman, UT 84088",West Jordan,UT,"=""84088""",5,1638653,65,"[""Font Awesome"",""Google Analytics"",""Google Font API"",""Google Tag Manager"",""Gravity Forms"",""Nginx"",""Twitter Emoji (Twemoji)"",""WordPress"",""Yoast SEO"",""jQuery"",""reCAPTCHA""]",44263706,catchall,N/A,65aa199b42490b11b6e53e061476ca08,N/A,N/A,85%,Real Estate,https://facebook.com/leisurevillasutah,https://linkedin.com/company/leisure-villas,https://twitter.com/leisurevillas,N/A,https://youtube.com/channel/uctkpgco8phb4ao3e3da_kfg
Robin Kelliher,Robin,Kelliher,Senior Vice President,kelliher_ro@willis.com,Willis,willis.com,N/A,N/A,New York,NY,N/A,55000,0,6411,"[""AddThis"",""Bootstrap"",""CloudFlare"",""Google Font API"",""Google Tag Manager"",""Incapsula"",""Lazy.js"",""Microsoft ASP.NET"",""Sitecore"",""jQuery"",""scrollreveal""]",37679805,catchall,N/A,b999b5ad515218d8678933a39f303e90,N/A,N/A,85%,Insurance Agents: Brokers: and Service,N/A,N/A,N/A,N/A,N/A
Kelly Daniel,Kelly,Daniel,Vice President,kellydaniel@londonbay.com,London Bay,londonbay.com,+12395921400,"Suite 1300 Naples, FL 34109",Naples,FL,"=""34109""",300,10000000,65,"[""CloudFlare"",""Facebook"",""FancyBox"",""Google Analytics"",""HubSpot"",""Matomo"",""React"",""Slick"",""animate.css"",""jQuery""]",40078562,catchall,N/A,7509ad5931d846dd245fa8004d09347b,N/A,N/A,85%,Real Estate,https://facebook.com/londonbayhomes,N/A,https://twitter.com/londonbayhomes,N/A,https://youtube.com/user/londonbayhomesfl
Kenneth Zygiel,Kenneth,Zygiel,"Vice President, Programs & Partnerships",kenneth.zygiel@thehartford.com,Hartford,thehartford.com,+18003227789,"P.O. Box 55359 Boston, MA 02205",Ct,CT,"=""02205""",55000,0,6411,"[""Akamai"",""Apache"",""Bootstrap"",""Moment.js"",""Tealium"",""jQuery""]",46004258,catchall,N/A,6bcc7eee85ffa9e8e82f83051dea130b,N/A,N/A,85%,Insurance Agents: Brokers: and Service,https://facebook.com/thehartford,https://linkedin.com/company/the-hartford,https://twitter.com/thehartford,N/A,N/A
Deborah Kenney,Deborah,Kenney,Senior Vice-president,kenneyd@mcneary.com,Gallagher,mcneary.com,+14065494187,"1667 K Street Northwest Washington,",Marietta,GA,N/A,125,6411000000,6411,"[""Google Maps"",""Google Tag Manager"",""Handlebars"",""IIS"",""Incapsula"",""Microsoft ASP.NET"",""Modernizr"",""Sitecore"",""Swiftype"",""jQuery"",""jQuery UI""]",44909514,catchall,N/A,1e97de79174ec828ac824a55d3d89021,N/A,N/A,85%,Insurance Agents: Brokers: and Service,https://facebook.com/gallagherglobal,https://linkedin.com/company/gallagher-global,https://twitter.com/gallagherglobal,https://instagram.com/gallagherglobal,https://youtube.com/channel/uc4_irs7ty3yrte46d4fb6iw/featured
Kerry Ford,Kerry,Ford,Vice President-underwriting,kerry.ford@gulfstream-ins.com,Gulfstream,gulfstream-ins.com,+19413880903,"1516 Washington Street Columbia, SC 29201",Sarasota,FL,"=""29201""",30,6411000000,6411,"[""Facebook"",""Google Analytics"",""Google Font API"",""Google Tag Manager"",""Modernizr"",""Nginx"",""Twitter Emoji (Twemoji)"",""WP Engine"",""WordPress"",""jQuery"",""jQuery Migrate"",""reCAPTCHA""]",36404002,catchall,N/A,ee5339ed7f6a791457c78fdc37a16c1c,N/A,N/A,85%,Insurance Agents: Brokers: and Service,https://facebook.com/gulfstreaminsurance,https://linkedin.com/company/gulfstreaminsurance,https://twitter.com/gulfstreamins,https://instagram.com/gulfstreaminsurance,N/A
Kathy Escobar,Kathy,Escobar,Senior Property Manager / Vice President,kescobar@exancapital.com,Exan Capital,exancapital.com,+13053725263,"1111 Brickell Avenue Suite 2175 Miami, FL 33131",Miami,FL,"=""33131""",30,5700128,65,[],36395393,catchall,N/A,a0b2e61584066942131ecb07578f0b03,N/A,N/A,85%,Real Estate,N/A,https://linkedin.com/in/juan-zaragoza-2535708b,https://twitter.com/flippingamerica,N/A,N/A
Kevin Burns,Kevin,Burns,Senior Vice President,kevin.burns@valocity.com,Appraisal Forum,valocity.com,N/A,N/A,Minneapolis,MN,N/A,30,6000000,65,"[""Apache"",""Google Analytics"",""Google Font API"",""Joomla"",""MooTools"",""PHP"",""jQuery""]",44486679,catchall,N/A,b3d1632bda97fe034097829008f4145a,N/A,N/A,85%,Real Estate,N/A,N/A,N/A,N/A,N/A
Kevin Simons,Kevin,Simons,Vice President,kevin@calhouncommercial.com,Calhoun Commercial,calhouncommercial.com,+19529292011,N/A,Minneapolis,MN,N/A,5,1638653,65,"[""Google Font API"",""Modernizr"",""Ruby"",""jQuery""]",43429767,catchall,N/A,93ef6cd8103f00268d73ce9c9267fd62,N/A,N/A,85%,Real Estate,https://facebook.com/calhouncommercial,https://linkedin.com/in/davidwiegratz,https://twitter.com/calhouncommercial,N/A,N/A
Kevin Leonard,Kevin,Leonard,Vice President of Luxury,kevinleonard@valoregroup.com,Valore Group Real Estate,valoregroup.com,+15616558222,N/A,unknown city,unknown state,N/A,30,25000000,65,[],37521151,catchall,N/A,28af49df622baa7c524bd11a1462846d,N/A,N/A,85%,Real Estate,https://facebook.com/illustratedproperties,https://linkedin.com/company/illustrated-properties-real-estate,https://twitter.com/ipreproperties,https://instagram.com/illustratedproperties,https://youtube.com/user/ipreproperties
Kevin Wolff,Kevin,Wolff,"Executive Vice President, General Counsel, Corporate Secretary, and Head of HR",kevin_wolff@swett.com,Swett & Crawford,swett.com,N/A,N/A,Atlanta,GA,N/A,750,6411000000,6411,"[""Bootstrap"",""Google Analytics"",""Google Tag Manager"",""IIS"",""Microsoft ASP.NET"",""jQuery""]",45443657,catchall,N/A,b052ef84aa88f3c671bb917fa84569b6,N/A,N/A,85%,Insurance Agents: Brokers: and Service,N/A,N/A,N/A,N/A,N/A
Karen Felton,Karen,Felton,Vice President,kfelton@tba.com,Tba,tba.com,+18886305000,"6508 Baum Drive Knoxville, TN 37919",Knoxville,TN,"=""37919""",5,6411000000,6411,"[""CloudFlare"",""Font Awesome"",""Google Analytics"",""Google Font API"",""Nginx"",""Revslider"",""Twitter Emoji (Twemoji)"",""WP Engine"",""WordPress"",""jQuery"",""jQuery Migrate""]",36758498,catchall,N/A,8d5ce5ccf9183af445e7e27e27dcb0d2,N/A,N/A,85%,Insurance Agents: Brokers: and Service,N/A,N/A,N/A,N/A,N/A
Kathleen Finley,Kathleen,Finley,Sr. Vice President,kfinley@cobizins.com,Bok Financial,cobizins.com,+18779571078,N/A,unknown city,unknown state,N/A,125,6411000000,6411,"[""Azure"",""IIS"",""Incapsula"",""Microsoft ASP.NET"",""RequireJS"",""Sitecore"",""Slick"",""Tealium"",""Webtrends"",""jQuery""]",43779576,catchall,N/A,20b3c924cfa3700f192231deb7f25537,N/A,N/A,85%,Insurance Agents: Brokers: and Service,https://facebook.com/bokfinancial,https://linkedin.com/company/bok-financial,https://twitter.com/bokfinancial,N/A,https://youtube.com/user/bokfinancial
Kimberli Fleck,Kimberli,Fleck,Senior Vice President and General Counsel,kfleck@pfginc.com,Pfg,pfginc.com,+18142312227,"Suite 333 State College,PA16801",State College,PA,"=""College,PA16801""",125,6411000000,6411,"[""Polyfill"",""RequireJS"",""Sentry"",""Wix""]",37883370,catchall,N/A,45fcb4392488c352b2ed80fb7ea19b63,N/A,N/A,85%,Insurance Agents: Brokers: and Service,N/A,https://linkedin.com/company/partners-financial-group-llc-,N/A,N/A,N/A
Karl Lehmann,Karl,Lehmann,Senior Vice President,kfl@prestonsp.com,Preston Scheffenacker Properties,prestonsp.com,+14102963800,"100 West Road Suite 304 Towson, Maryland 21204",Lutherville,MD,"=""21204""",30,6000000,65,"[""All in One SEO Pack"",""Apache"",""Bootstrap"",""Font Awesome"",""NextGEN Gallery"",""PHP"",""Twitter Emoji (Twemoji)"",""WordPress"",""jQuery"",""jQuery Migrate""]",36225989,catchall,N/A,47e37d8e16a0c44d9d5b887de233340a,N/A,N/A,85%,Real Estate,N/A,N/A,N/A,N/A,N/A
Michael Khouri,Michael,Khouri,Vice President of Leasing,khourim@preit.com,Preit Services,preit.com,+12158750700,N/A,Vineland,NJ,N/A,5,15382080,65,"[""Google Font API"",""Google Maps"",""Google Tag Manager"",""Modernizr"",""New Relic"",""Nginx"",""Pantheon"",""Slick"",""Twitter Emoji (Twemoji)"",""Varnish"",""WordPress"",""Yoast SEO"",""jQuery"",""jQuery Migrate""]",44063706,catchall,N/A,546a53004a508f63d2df769b1086541f,N/A,N/A,85%,Real Estate,N/A,https://linkedin.com/company/preit,https://twitter.com/preit,N/A,N/A
Kyle Hunt,Kyle,Hunt,Vice President,khunt@acorecapital.com,Acore Capital,acorecapital.com,+14159174403,"Suite 1680 Los Angeles, CA 90025",Fort Worth,TX,"=""90025""",75,15000000,65,"[""Font Awesome"",""Google Analytics"",""Google Font API"",""Hugo"",""Netlify""]",45943550,catchall,N/A,a65dd5ea9cc06aa03ef5be9692d99522,N/A,N/A,85%,Real Estate,N/A,N/A,N/A,N/A,N/A
K Belval,K,Belval,Assistant Vice President Group Benefits Field Claims Operatons,kimberly.belval@thehartford.com,Hartford,thehartford.com,+18003227789,"P.O. Box 55359 Boston, MA 02205",Ct,CT,"=""02205""",55000,0,6411,"[""Akamai"",""Apache"",""Bootstrap"",""Moment.js"",""Tealium"",""jQuery""]",46004307,catchall,N/A,529363e4ae0a354c4037fd04ce477cf1,N/A,N/A,85%,Insurance Agents: Brokers: and Service,https://facebook.com/thehartford,https://linkedin.com/company/the-hartford,https://twitter.com/thehartford,N/A,N/A
Kimberly Sarno,Kimberly,Sarno,Senior Vice President/real Estate Broker,kimberly@cliftcommercial.com,Clift Commercial Real Estate Services,cliftcommercial.com,+19106950884,"Suite 100 Southern Pines, NC 28387",Southern Pines,NC,"=""28387""",30,5700128,65,[],36312446,catchall,N/A,0c04f60d20e9e44caa4d069bf424e12f,N/A,N/A,85%,Real Estate,https://facebook.com/cliftmarketing,https://linkedin.com/in/susan-clift-brown-ccim-656734b9,https://twitter.com/cliftmarketing,https://instagram.com/cliftmarketing,https://youtube.com/channel/ucyrquydhdwlkpuchcmbmong/featured
Kristina Keck,Kristina,Keck,Vice President - Retirement Plans,kkeck@wsandco.com,Woodruff Sawyer,wsandco.com,+14154026514,N/A,Portland,OR,N/A,350,6411000000,6411,"[""Elementor"",""Google Analytics"",""Google Font API"",""Google Tag Manager"",""MediaElement.js"",""Nginx"",""Pantheon"",""Pardot"",""Twitter Emoji (Twemoji)"",""Varnish"",""WordPress"",""ZURB Foundation"",""jQuery"",""jQuery Migrate""]",37519761,catchall,N/A,f10f66912ef59051ada88806ee9a2710,N/A,N/A,85%,Insurance Agents: Brokers: and Service,https://facebook.com/woodruffsawyer,https://linkedin.com/company/woodruff-sawyer,https://twitter.com/woodruffsawyer,N/A,https://youtube.com/channel/ucxbuqd50n-o8arfs7pcphsa
Kurt Kehoe,Kurt,Kehoe,Vice President,kkehoe@NRPGroup.com,Nrp Group,NRPGroup.com,N/A,"1228 Euclid Ave, 4th Floor Cleveland, OH 44115",Cleveland,OH,"=""44115""",750,154210747,65,"[""AddThis"",""Microsoft ASP.NET"",""Modernizr""]",45268225,catchall,N/A,281a3b8fbbc362e73c1bc8bc540cf346,N/A,N/A,85%,Real Estate,https://facebook.com/thenrpgroup,https://linkedin.com/company/the-nrp-group-llc,https://twitter.com/nrpgroup,https://instagram.com/nrpgroup,N/A
"Kevin Keleher Clu, Chfc, Casl",Kevin,Casl,"Vice President,, Financial Services",kkeleher@lewer.com,Lewer,lewer.com,+18775784000,N/A,Kansas City,MO,N/A,30,6411000000,6411,"[""Apache""]",46262732,catchall,N/A,f32d96f6cae0d87e1f5f9b7f9c710dc4,N/A,N/A,85%,Insurance Agents: Brokers: and Service,N/A,N/A,N/A,N/A,N/A
Kim E Lopez,Kim,Lopez,Vice President,klopez@weekescallaway.com,Cbiz,weekescallaway.com,+13306686500,N/A,Delray Beach,FL,N/A,125,6411000000,6411,[],42040886,catchall,N/A,a088d994bce1dae33cd35aee19a2d70e,N/A,N/A,85%,Insurance Agents: Brokers: and Service,N/A,https://linkedin.com/company/cbiz,https://twitter.com/cbz,N/A,https://youtube.com/user/cbizsolutions
Kevin Lowe,Kevin,Lowe,Vice President Sales,klowe@zenithmarketing.com,Zenith Marketing Group,zenithmarketing.com,+18772743423,"303 West Main St, Ste 200 Freehold, NJ 07728",unknown city,unknown state,"=""07728""",125,6411000000,6411,"[""Apache"",""Font Awesome"",""Google Font API"",""Gravity Forms"",""TweenMax"",""WordPress"",""Yoast SEO"",""jQuery"",""jQuery Migrate""]",43603778,catchall,N/A,1786165b475a62ab48964e2a97966ccc,N/A,N/A,85%,Insurance Agents: Brokers: and Service,N/A,https://linkedin.com/company/zenith-marketing-group,https://twitter.com/zenithmktg,https://instagram.com/zenithmarketing,https://youtube.com/user/zenithmarketing
Kimberly Edgar,Kimberly,Edgar,Vice President - Surety Underwriting,kmedgar@thebarplan.com,Bar Plan,thebarplan.com,+13142881047,"1717 Hidden Creek Court St. Louis, MO 63131St. Louis, MO 63131",St. Louis,MO,"=""63131""",30,6411000000,6411,"[""Bootstrap"",""Font Awesome"",""Google Analytics"",""Google Font API"",""Modernizr"",""Slick"",""Twitter Emoji (Twemoji)"",""Typekit"",""WordPress"",""jQuery""]",41111935,catchall,N/A,b0700dae4d62aec17986f209ee12b56a,N/A,N/A,85%,Insurance Agents: Brokers: and Service,https://facebook.com/thebarplan,https://linkedin.com/company/thebarplan,https://twitter.com/thebarplan,N/A,N/A
Kenneth Najvar,Kenneth,Najvar,Vice President,knajvar@ravennahomes.com,Ravenna Homes,ravennahomes.com,+17136866666,"10915 Dew Meadows Court | Cypress, TX, 77433",Katy,TX,"=""77433""",30,5700128,65,"[""Bootstrap"",""Facebook"",""Google Analytics"",""Google Font API"",""Google Tag Manager"",""Leaflet"",""Modernizr"",""Nginx"",""OWL Carousel"",""Slick"",""Twitter Emoji (Twemoji)"",""WP Engine"",""WordPress"",""Yoast SEO"",""jQuery"",""jQuery Migrate""]",44171416,catchall,N/A,d5d14a1cfa7a734404a52ef0850bc01d,N/A,N/A,85%,Real Estate,https://facebook.com/ravenna-homes-632552006772556,N/A,N/A,https://instagram.com/ravennahomes,https://youtube.com/channel/ucwpegxnvhmqx_kcxyqodpig
Koury Signoriello,Koury,Signoriello,Vice President,koury@newworldflatfee.com,New World,newworldflatfee.com,+19135348686,N/A,Tampa,FL,N/A,75,9500213,65,"[""AdRoll"",""Bootstrap"",""Facebook"",""Font Awesome"",""Google Analytics"",""Google Font API"",""Gravity Forms"",""Nginx"",""Revslider"",""Tawk.to"",""Twitter Emoji (Twemoji)"",""WordPress"",""Yoast SEO"",""jQuery"",""jQuery Migrate"",""jQuery UI"",""prettyPhoto""]",41546096,catchall,N/A,b31b83841d04d379a55990bf754c7439,N/A,N/A,85%,Real Estate,N/A,N/A,N/A,N/A,N/A
Ken Reko,Ken,Reko,"Vice President, Product",kreko@travelers.com,Travelers Indemnity,travelers.com,+18663362077,N/A,Hinckley,OH,N/A,30,1000000,6411,"[""Akamai"",""CloudFlare"",""Dynatrace"",""Facebook"",""Google Analytics"",""Google Tag Manager"",""IIS"",""Microsoft ASP.NET"",""Modernizr"",""Tealium"",""YUI"",""jQuery"",""jQuery UI""]",39063888,catchall,N/A,7349da33594a85c07117e992e3805f9d,N/A,N/A,85%,Insurance Agents: Brokers: and Service,https://facebook.com/travelers,https://us.linkedin.com/company/travelers,https://twitter.com/travelers,https://instagram.com/travelersinsurance,https://youtube.com/user/travelersinsurance
Karl Ruth,Karl,Ruth,Vice President,kruth@cbis-lc.com,Cbis-lc,cbis-lc.com,+15869920404,"45170 Cass Avenue Utica, MI 48317",Utica,MI,"=""48317""",30,6411000000,6411,"[""IIS"",""Microsoft ASP.NET"",""jQuery""]",37615485,catchall,N/A,4e369cfbafac9ee821eccbafc4e6eeca,N/A,N/A,85%,Insurance Agents: Brokers: and Service,https://facebook.com/cbislc,https://linkedin.com/company/749455,https://twitter.com/#!/cbis_lc,N/A,N/A
K Simon,K,Simon,Vice President,ksimon@heidenbergproperties.com,Heidenberg Properties,heidenbergproperties.com,+12017681300,"234 Closter Dock Road Closter, New Jersey 07624",Closter,NJ,"=""07624""",30,5700128,65,"[""Apache"",""Font Awesome"",""Google Font API"",""Modernizr"",""PHP"",""Revslider"",""Twitter Emoji (Twemoji)"",""WordPress"",""jQuery"",""jQuery Migrate"",""jQuery UI""]",41573088,catchall,N/A,48e3761896fff5fd573fa10e743c0af2,N/A,N/A,85%,Real Estate,https://facebook.com/pages/heidenberg-properties/626276120823803,https://linkedin.com/company/5395697,N/A,N/A,N/A
Kathryn Stjernstrom,Kathryn,Stjernstrom,Vice President,kstjernstrom@shorepointinsurance.com,Shorepoint,shorepointinsurance.com,+18183843943,"1120 Bristol Street Costa Mesa, CA 92626",Costa Mesa,CA,"=""92626""",30,6411000000,6411,"[""Apache Traffic Server"",""Bootstrap"",""Font Awesome"",""Google Analytics"",""Google Font API"",""Lightbox"",""MediaElement.js"",""Modernizr"",""Revslider"",""Twitter Emoji (Twemoji)"",""WordPress"",""jQuery"",""jQuery Migrate""]",39834475,catchall,N/A,ed12fe20910c04c53f06f3a177e146a8,N/A,N/A,85%,Insurance Agents: Brokers: and Service,https://facebook.com/shorepointinsurance,https://linkedin.com/company/246224,https://twitter.com/shorepointins,N/A,https://youtube.com/channel/uc6w1quxkiuysjb0zrb3tcgw
Kurt Palmer,Kurt,Palmer,"Vice President, Specialty Leasing and Sponsorships",kurt.palmer@washingtonprime.com,Washington Prime Group,washingtonprime.com,+16146219000,N/A,Bethesda,MD,N/A,125,0,65,"[""Apache"",""Modernizr"",""jQuery""]",46658692,catchall,N/A,7e3f823eb556368daf80cf35456fb4a6,N/A,N/A,85%,Real Estate,N/A,https://linkedin.com/company/washington-prime-group-inc,N/A,https://instagram.com/washingtonprimegroup,N/A
Ken Ward,Ken,Ward,Vice President,kward@naicapital.com,Nai Capital,naicapital.com,+12136327711,N/A,Encino,CA,N/A,350,70000000,65,"[""DNN"",""Google Analytics"",""Google Font API"",""Google Tag Manager"",""IIS"",""Microsoft ASP.NET"",""jQuery"",""jQuery Migrate"",""jQuery UI""]",41618483,catchall,N/A,d47dcd6120a5a6db9b61da495708672c,N/A,N/A,85%,Real Estate,https://facebook.com/naicapital,https://linkedin.com/company/nai-capital,https://twitter.com/naicapital,N/A,https://youtube.com/user/naicapital
Kyle Camper,Kyle,Camper,Senior Vice President,kylecamper@kw.com,Keller Williams,kw.com,N/A,N/A,Chicago,IL,N/A,5000,62000000,65,"[""CloudFlare"",""Facebook"",""Google Font API"",""Google Plus"",""Google Tag Manager"",""Sentry"",""webpack""]",43711913,catchall,N/A,588f6d382c23b3e4651b51b2bbf83e1a,N/A,N/A,85%,Real Estate,N/A,N/A,N/A,N/A,N/A
Kyle Hoopes,Kyle,Hoopes,Vice President,kyle.hoopes@sperrycga.com,Sperry,sperrycga.com,+18882642687,N/A,Los Angeles,CA,N/A,75,9500213,65,"[""Bootstrap"",""Font Awesome"",""Google Analytics"",""Google Font API"",""Google Maps"",""Ionicons"",""MediaElement.js"",""Modernizr"",""Nginx"",""Revslider"",""Select2"",""Twitter Emoji (Twemoji)"",""UIKit"",""WordPress"",""jQuery"",""jQuery Migrate"",""jQuery UI"",""reCAPTCHA""]",37883608,catchall,1/12/2021,b6728853a69d7d604a922731a3eb6178,N/A,N/A,85%,Real Estate,https://facebook.com/sperrycga,https://linkedin.com/company/sperry-commercial-global-affiliates,https://twitter.com/sperrycga,N/A,N/A
Kyle Merle,Kyle,Merle,Senior Vice President,kyle.merle@willis.com,Willis,willis.com,N/A,N/A,New York,NY,N/A,55000,0,6411,"[""AddThis"",""Bootstrap"",""CloudFlare"",""Google Font API"",""Google Tag Manager"",""Incapsula"",""Lazy.js"",""Microsoft ASP.NET"",""Sitecore"",""jQuery"",""scrollreveal""]",37679802,catchall,N/A,3121f6687fb9201656c09b03849dc6f1,N/A,N/A,85%,Insurance Agents: Brokers: and Service,N/A,N/A,N/A,N/A,N/A
Kyle Rogers,Kyle,Rogers,Coo/cfo,kyle.rogers@delta.com,Delta,delta.com,+18002211212,N/A,unknown city,unknown state,N/A,5000,39600000000,45,[],44622217,catchall,N/A,3f48e1e7647db65090c39b2621347d91,N/A,N/A,85%,Transportation By Air,N/A,N/A,https://twitter.com/delta,N/A,N/A
Kyle C Wild,Kyle,Wild,Account Manager/vice President,kylew@ellsworthcorporation.com,Ellsworth,ellsworthcorporation.com,+15044554545,N/A,Metairie,LA,N/A,N/A,0,6411,"[""DreamWeaver"",""Google Analytics"",""IIS"",""Microsoft ASP.NET"",""Prototype"",""jQuery"",""script.aculo.us""]",44335235,catchall,N/A,65c8d882ba07f8e639f4360c7e7a4ef3,N/A,N/A,85%,Insurance Agents: Brokers: and Service,N/A,N/A,N/A,N/A,N/A
Kelsey Zelazny,Kelsey,Zelazny,Vice President,kzelazny@taxsaverplan.com,Taxsaver Plan,taxsaverplan.com,+16677781000,"PO Box P.O. Box 609002 Dallas, TX 75360",Dallas,TX,"=""75360""",30,6411000000,6411,"[""Font Awesome"",""Google Analytics"",""Google Cloud"",""Google Font API"",""Nginx"",""WordPress"",""jQuery"",""jQuery Migrate""]",43498441,catchall,N/A,3fb142b533c86303b16c6ba4ddd1d21a,N/A,N/A,85%,Insurance Agents: Brokers: and Service,https://facebook.com/taxsaver-plan-163722993647581,https://linkedin.com/company/taxsaver-plan,N/A,N/A,N/A
Scott Labat,Scott,Labat,Vice President,labat_sc@willis.com,Willis,willis.com,N/A,N/A,New York,NY,N/A,55000,0,6411,"[""AddThis"",""Bootstrap"",""CloudFlare"",""Google Font API"",""Google Tag Manager"",""Incapsula"",""Lazy.js"",""Microsoft ASP.NET"",""Sitecore"",""jQuery"",""scrollreveal""]",37679787,catchall,N/A,7258e9b080f05a96ccb9135a4d72d345,N/A,N/A,85%,Insurance Agents: Brokers: and Service,N/A,N/A,N/A,N/A,N/A
Larry Bowser,Larry,Bowser,Vice President,larry@appraisalbuzz.com,Appraisal Buzz,appraisalbuzz.com,+15139194700,N/A,Salisbury,MD,N/A,30,5700128,65,"[""Facebook"",""Google Analytics"",""Google Font API"",""Google Tag Manager"",""Lightbox"",""Modernizr"",""Nginx"",""PHP"",""Twitter Emoji (Twemoji)"",""Underscore.js"",""WP Engine"",""WooCommerce"",""WordPress"",""Yoast SEO"",""animate.css"",""jQuery"",""jQuery Migrate"",""jQuery UI"",""reCAPTCHA""]",45712069,catchall,N/A,ffd42ecbaa9e876a91a8ea99cbba397e,N/A,N/A,85%,Real Estate,https://facebook.com/appraisalbuzz,https://linkedin.com/company/appraisal-buzz,https://twitter.com/appraisalbuzz,https://instagram.com/appraisalbuzz,https://youtube.com/user/appraisalbuzz
Larry Edwards,Larry,Edwards,Safety Director- Assistant Vice President,larry.edwards@willis.com,Willis,willis.com,N/A,N/A,New York,NY,N/A,55000,0,6411,"[""AddThis"",""Bootstrap"",""CloudFlare"",""Google Font API"",""Google Tag Manager"",""Incapsula"",""Lazy.js"",""Microsoft ASP.NET"",""Sitecore"",""jQuery"",""scrollreveal""]",37679895,catchall,N/A,a1065af3499b1faaa407194b3aac8f39,N/A,N/A,85%,Insurance Agents: Brokers: and Service,N/A,N/A,N/A,N/A,N/A
Laurence Handwerger,Laurence,Handwerger,Vice President and Dir. of Operations,larry@handwergerinsurance.com,Handwergerinsurance,handwergerinsurance.com,+19142514770,N/A,Purchase,NY,N/A,5,1638653,6411,"[""IIS"",""Microsoft ASP.NET""]",37817186,catchall,N/A,b99eef098d9168bf69d35e2d1f8f01bf,N/A,N/A,85%,Insurance Agents: Brokers: and Service,N/A,N/A,N/A,N/A,N/A
Lori Ault,Lori,Ault,Executive Vice President,lault@xsbrokers.com,Xs Brokers Insurance Agency,xsbrokers.com,+16178904225,N/A,Quincy,MA,N/A,30,6411000000,6411,"[""Apache"",""Bootstrap"",""Drupal"",""Google Analytics"",""Google Tag Manager"",""OWL Carousel"",""PHP"",""Ubuntu"",""jQuery"",""prettyPhoto""]",38716073,catchall,N/A,17d8d8bc04275ab8de59b265db2020c6,N/A,N/A,85%,Insurance Agents: Brokers: and Service,https://facebook.com/xsbrokersinc,https://linkedin.com/company/3011998,N/A,N/A,N/A
Laura Schenck,Laura,Schenck,Vice President,laura.schenck@guycarp.com,Guy Carpenter,guycarp.com,+13477532348,"1166 Avenue of the Americas New York, NY 10036",Minneapolis,MN,"=""10036""",300,128780,6411,"[""Adobe Experience Manager"",""Apache"",""Google Analytics"",""Lodash"",""Modernizr"",""Pardot"",""ZURB Foundation"",""jQuery""]",38471475,catchall,N/A,e75de3a3073bc20efdad4c5cab02f858,N/A,N/A,85%,Insurance Agents: Brokers: and Service,N/A,N/A,https://twitter.com/guycarpenter,N/A,N/A
Lauren Kelly,Lauren,Kelly,"Vice President, Leasing",lauren.kelly@washingtonprime.com,Washington Prime Group,washingtonprime.com,+16146219000,N/A,Bethesda,MD,N/A,125,0,65,"[""Apache"",""Modernizr"",""jQuery""]",46658684,catchall,N/A,d4c8190144a472d57ef3e9108bdecaec,N/A,N/A,85%,Real Estate,N/A,https://linkedin.com/company/washington-prime-group-inc,N/A,https://instagram.com/washingtonprimegroup,N/A
Andrus Laurits,Andrus,Laurits,Executive Vice President of Administration,laurits@bizzipartners.com,Bizzi & Partners Development,bizzipartners.com,+12126160401,"55 East 59th Street, 24th floor New York, NY 10022400 Fifth Avenue New York",New York,NY,N/A,5,7000000,65,"[""Apache"",""Bootstrap"",""FreeBSD"",""Laravel"",""OpenSSL"",""PHP"",""jQuery""]",36820711,catchall,N/A,86d8411416d50e220d895da1070a8107,N/A,N/A,85%,Real Estate,N/A,N/A,N/A,N/A,N/A
Lesa Bishop,Lesa,Bishop,VP Closing,lbishop@acorecapital.com,Acore Capital,acorecapital.com,+14159174403,"Suite 1680 Los Angeles, CA 90025",Fort Worth,TX,"=""90025""",75,15000000,65,"[""Font Awesome"",""Google Analytics"",""Google Font API"",""Hugo"",""Netlify""]",45943587,catchall,N/A,deb98f52ff221482a772cea5b65b44cf,N/A,N/A,85%,Real Estate,N/A,N/A,N/A,N/A,N/A
Lindsay Burtle,Lindsay,Burtle,Executive Assistant to VP of S,lburtle@griffin-residential.com,Griffin Residential,griffin-residential.com,(951) 547-3500,N/A,Corona,CA,N/A,125,25000000,65,[],36819637,catchall,N/A,1fdaf5b246edcb8887a06c0c4e7e2450,N/A,N/A,85%,Real Estate,N/A,N/A,N/A,N/A,N/A
Labrescia Dawson,Labrescia,Dawson,First Vice President,ldawson@empireboard.com,Empire Board Of Realtists,empireboard.com,N/A,N/A,ATLANTA,GA,N/A,350,70000000,65,"[""Bootstrap"",""YouTube""]",43391093,catchall,N/A,06611cc8d270f99b11eb54a0b2072bd7,N/A,N/A,85%,Real Estate,N/A,N/A,N/A,N/A,N/A
Lee Lockrem,Lee,Lockrem,Senior Vice President,lee.lockrem@willis.com,Willis,willis.com,N/A,N/A,New York,NY,N/A,55000,0,6411,"[""AddThis"",""Bootstrap"",""CloudFlare"",""Google Font API"",""Google Tag Manager"",""Incapsula"",""Lazy.js"",""Microsoft ASP.NET"",""Sitecore"",""jQuery"",""scrollreveal""]",37679782,catchall,N/A,51b429753db4d80bc51baad38130fa1a,N/A,N/A,85%,Insurance Agents: Brokers: and Service,N/A,N/A,N/A,N/A,N/A
Len Gibbs,Len,Gibbs,Vice President,len@chalkandgibbs.com,Chalk & Gibbs Insurance And,chalkandgibbs.com,+12527263167,N/A,Morehead City,NC,N/A,30,6411000000,6411,"[""Google Analytics"",""Google Font API"",""Microsoft ASP.NET"",""jQuery""]",46283422,catchall,N/A,adf2bf96a1de54460013907ff561731a,N/A,N/A,85%,Insurance Agents: Brokers: and Service,https://facebook.com/pages/chalk-gibbs-insurance-and-real-estate/172779549401017,N/A,https://twitter.com/#!/chalkandgibbs,N/A,N/A
Laura Flynn,Laura,Flynn,Vice President,lflynn@plexusgroupe.com,Plexus Groupeall,plexusgroupe.com,+19727705010,"Suite 800 Chicago, IL 60606",Deer Park,IL,"=""60606""",125,16500000,64,"[""Google Font API"",""Sentry"",""Squarespace"",""Typekit"",""YUI"",""jQuery"",""webpack""]",41695278,catchall,N/A,61b7ff70ef2bdee0a471ece9185dee21,N/A,N/A,85%,Insurance Agents: Brokers: and Service,N/A,https://linkedin.com/in/mitchell-andrews-93a16a,N/A,N/A,N/A
Lee Gleason,Lee,Gleason,Vice President,lgleason@kfsa.com,Kfsa,kfsa.com,+18008945020,"1515 East 30th Avenue Hutchinson, KS 67502",Hutchinson,KS,"=""67502""",125,6411000000,6411,"[""Apache"",""RequireJS"",""jQuery""]",45157887,catchall,N/A,1fc13d5906c3b5799ad5f6365abb6513,N/A,N/A,85%,Insurance Agents: Brokers: and Service,https://facebook.com/kfsa.ins,https://linkedin.com/company/kfsa,https://twitter.com/kfsa,N/A,N/A
Liane Birchler,Liane,Birchler,Vice President,liane@westmontlaw.com,Westmont Law,westmontlaw.com,+18562160220,N/A,unknown city,unknown state,N/A,30,6411000000,6411,"[""Apache"",""Font Awesome"",""Google Analytics"",""Google Font API"",""Revslider"",""Twitter Emoji (Twemoji)"",""WordPress"",""jQuery"",""jQuery Migrate"",""prettyPhoto""]",40113136,catchall,N/A,04931a3c88dcb1091149ba8941b8ea8b,N/A,N/A,85%,Insurance Agents: Brokers: and Service,https://facebook.com/westmontassociatesinc,https://linkedin.com/company/westmont-associates-inc-,https://twitter.com/westmont_law,N/A,N/A
Linda Caruthers,Linda,Caruthers,Vp/director,linda_caruthers@swett.com,Swett & Crawford,swett.com,N/A,N/A,Atlanta,GA,N/A,750,6411000000,6411,"[""Bootstrap"",""Google Analytics"",""Google Tag Manager"",""IIS"",""Microsoft ASP.NET"",""jQuery""]",45443665,catchall,N/A,3053de5333099a1a0ea319e590681bc9,N/A,N/A,85%,Insurance Agents: Brokers: and Service,N/A,N/A,N/A,N/A,N/A
Linda Leasse,Linda,Leasse,"Senior Vice President, Client Service Leader",linda.lease@willis.com,Willis,willis.com,N/A,N/A,New York,NY,N/A,55000,0,6411,"[""AddThis"",""Bootstrap"",""CloudFlare"",""Google Font API"",""Google Tag Manager"",""Incapsula"",""Lazy.js"",""Microsoft ASP.NET"",""Sitecore"",""jQuery"",""scrollreveal""]",37679897,catchall,N/A,a40e0dc47cbc4a7123bf45520695784e,N/A,N/A,85%,Insurance Agents: Brokers: and Service,N/A,N/A,N/A,N/A,N/A
Lisa Callahan,Lisa,Callahan,"Vice President, Development",lisa.callahan@washingtonprime.com,Washington Prime Group,washingtonprime.com,+16146219000,N/A,Bethesda,MD,N/A,125,0,65,"[""Apache"",""Modernizr"",""jQuery""]",46658689,catchall,N/A,a09d2ef67c1839573c8cffd249873890,N/A,N/A,85%,Real Estate,N/A,https://linkedin.com/company/washington-prime-group-inc,N/A,https://instagram.com/washingtonprimegroup,N/A
Lisa Grosse,Lisa,Grosse,Executive Vice President of Community Design and Development,lisa.grosse@creeksidecrossingapts.com,Creekside Crossing,creeksidecrossingapts.com,+15614083442,N/A,Lithonia,GA,N/A,N/A,0,65,"[""Amazon Cloudfront"",""Apache"",""Crazy Egg"",""Google Tag Manager"",""Moment.js"",""Typekit"",""UNIX"",""jQuery""]",39828170,catchall,3/22/2021,8dc0098696cf5bdad8e1cc7dcbd126fb,N/A,N/A,85%,Real Estate,https://facebook.com/americanlandmarkapts,https://linkedin.com/company/american-landmark-apartments,https://twitter.com/amerlandmarkapt,N/A,N/A
Lee Ng,Lee,Ng,"Vp, Enterprise Innovation",lng@travelers.com,Travelers Indemnity,travelers.com,+18663362077,N/A,Hinckley,OH,N/A,30,1000000,6411,"[""Akamai"",""CloudFlare"",""Dynatrace"",""Facebook"",""Google Analytics"",""Google Tag Manager"",""IIS"",""Microsoft ASP.NET"",""Modernizr"",""Tealium"",""YUI"",""jQuery"",""jQuery UI""]",39063660,catchall,N/A,23244c46e2cf537e5feac03aa8e9882f,N/A,N/A,85%,Insurance Agents: Brokers: and Service,https://facebook.com/travelers,https://us.linkedin.com/company/travelers,https://twitter.com/travelers,https://instagram.com/travelersinsurance,https://youtube.com/user/travelersinsurance
Kimberly Lohman,Kimberly,Lohman,Asst. Vice President / Risk Management Consultant,lohmank@mcneary.com,Gallagher,mcneary.com,+14065494187,"1667 K Street Northwest Washington,",Marietta,GA,N/A,125,6411000000,6411,"[""Google Maps"",""Google Tag Manager"",""Handlebars"",""IIS"",""Incapsula"",""Microsoft ASP.NET"",""Modernizr"",""Sitecore"",""Swiftype"",""jQuery"",""jQuery UI""]",44909509,catchall,N/A,202b97054aa6d2af7ac21f5ce8d1316f,N/A,N/A,85%,Insurance Agents: Brokers: and Service,https://facebook.com/gallagherglobal,https://linkedin.com/company/gallagher-global,https://twitter.com/gallagherglobal,https://instagram.com/gallagherglobal,https://youtube.com/channel/uc4_irs7ty3yrte46d4fb6iw/featured
Lonnie Currier,Lonnie,Currier,Vice President of Risk Management,lonnie@trustisg.com,Ici,trustisg.com,+13163215600,"8521 E 21st St N, Wichita, KS 67206, USA",Wichita,KS,N/A,30,5700128,64,"[""Apache"",""FancyBox"",""Google Analytics"",""Google Font API"",""Twitter Emoji (Twemoji)"",""WordPress"",""Yoast SEO"",""jQuery""]",36922222,catchall,11/15/2020,fb6e6eaa93e7b4db79f6c9cd50b26277,N/A,N/A,85%,Insurance Agents: Brokers: and Service,https://facebook.com/ici.insurance,N/A,N/A,N/A,https://youtube.com/channel/uc88kvu-mxubbe9bvvtmojmq
Lori Bentley,Lori,Bentley,"Vice President, Commercial Insurance",lorib@doupleinsurance.com,Douple,doupleinsurance.com,+18005523743,"34 East Main Street Ephrata, PA 17522",Ephrata,PA,"=""17522""",30,6411000000,6411,"[""Apache"",""Google Analytics"",""Twitter Emoji (Twemoji)"",""WordPress"",""Yoast SEO"",""jQuery"",""jQuery Migrate""]",46395025,catchall,N/A,756a5ac146ae131f53e894ed57ac28e2,N/A,N/A,85%,Insurance Agents: Brokers: and Service,https://facebook.com/doupleinsurance,N/A,https://twitter.com/doupleinsurance,N/A,https://youtube.com/channel/uckex-kikrs67cygxxjruf3w
Lorraine Jones,Lorraine,Jones,Vice President,lorrainej@capitaltitlecompany.com,Security Toolkit News Categories,capitaltitlecompany.com,+17858562588,"602 W. Amity St. Louisburg, 					KS					66053",Topeka,KS,"=""					KS					66053""",125,6411000000,6411,"[""Apache"",""CloudFlare"",""Google Analytics"",""Modernizr"",""PHP"",""jQuery""]",37730672,catchall,N/A,65056b279e99bb51d039d9ae76604402,N/A,N/A,85%,Insurance Agents: Brokers: and Service,N/A,N/A,N/A,N/A,N/A
Lee Parker,Lee,Parker,Regional VP,lparker@usabg.net,Usabg,usabg.net,+18005891099,N/A,Dayton,OH,N/A,350,6411000000,6411,"[""Apache"",""Bootstrap"",""Google Font API"",""PHP"",""jQuery"",""jQuery UI"",""reCAPTCHA"",""scrollreveal""]",38795279,catchall,N/A,0faae210c8857a71ba424939182ff8fd,N/A,N/A,85%,Insurance Agents: Brokers: and Service,https://facebook.com/usabenefitsgroup,https://linkedin.com/company/usa-benefits-group,https://twitter.com/usabg_,N/A,N/A
Ron Longueira,Ron,Longueira,Vice President,lron@clginsurance.com,Insurance Personal,clginsurance.com,+18456233434,"172 Main Street Nanuet, New York 10954",Nanuet,NY,"=""10954""",30,6411000000,6411,"[""Apache"",""Bootstrap"",""Facebook"",""Google Analytics"",""Google Font API"",""Google Tag Manager"",""Modernizr"",""Slick"",""Twitter Emoji (Twemoji)"",""WordPress"",""jQuery"",""jQuery Migrate""]",38283679,catchall,N/A,43f4aaf402a31e67aa2d28dce1ee1465,N/A,N/A,85%,Insurance Agents: Brokers: and Service,N/A,N/A,N/A,N/A,N/A
Lakshmi Sampath,Lakshmi,Sampath,Vice President For Financial Services,lsampath@aurorafs.com,Aurora Financial,aurorafs.com,(877) 887-1117,N/A,Washington,DC,N/A,30,5700128,65,"[""Microsoft ASP.NET""]",39418839,catchall,N/A,df93ec67faf6a39b0af9d74ec96c5e60,N/A,N/A,85%,Real Estate,N/A,N/A,N/A,N/A,N/A
Larry Simons,Larry,Simons,Vice President,lsimons@tobias.com,Tobias Insurance Group,tobias.com,N/A,N/A,Indianapolis,IN,N/A,125,6411000000,6411,[],40701468,catchall,N/A,70a3486ce12c2a0c0e9ada78234e4e44,N/A,N/A,85%,Insurance Agents: Brokers: and Service,N/A,N/A,N/A,N/A,N/A
Sung Lee,Sung,Lee,Executive Vice President,lsung@altusgroup.net,Altus Group,altusgroup.net,+16169495500,"1401 60th St SE Kentwood, MI 49508",Grand Rapids,MI,"=""49508""",5,1638653,65,"[""Font Awesome"",""Nginx"",""Twitter Emoji (Twemoji)"",""WordPress"",""Yoast SEO"",""jQuery"",""jQuery Migrate""]",41481837,catchall,N/A,17cce7468683700adc5c6bb776f6652e,N/A,N/A,85%,Real Estate,https://facebook.com/pages/altus-group/125915670772009,N/A,N/A,N/A,N/A
Lori Tambone,Lori,Tambone,Owner and Vice President,ltambone@tambone.com,Tambone Investment Group,tambone.com,+17817997442,"200 Summit Drive, #210 Burlington MA200 Summit Drive, #210 Burlington MA 01803",Burlington,VT,"=""01803""",N/A,7600000,65,"[""Font Awesome"",""Google Analytics"",""Google Font API"",""Lightbox"",""Nginx"",""WordPress"",""jQuery"",""jQuery Migrate""]",36295378,catchall,N/A,4345c4a61048f33fce856b1a5dac9f84,N/A,N/A,85%,Real Estate,N/A,N/A,N/A,N/A,N/A
Louie Watson,Louie,Watson,Executive Vice President,lwatson@watson-ins.com,Watson,watson-ins.com,N/A,N/A,Manchester,NH,N/A,30,6411000000,6411,"[""IIS"",""Microsoft ASP.NET""]",40437356,catchall,N/A,a07667d68dcbe06e009d7a91deace96d,N/A,N/A,85%,Insurance Agents: Brokers: and Service,N/A,N/A,N/A,N/A,N/A
Lynette Harris,Lynette,Harris,Vice President,lynn.harris@willis.com,Willis,willis.com,N/A,N/A,New York,NY,N/A,55000,0,6411,"[""AddThis"",""Bootstrap"",""CloudFlare"",""Google Font API"",""Google Tag Manager"",""Incapsula"",""Lazy.js"",""Microsoft ASP.NET"",""Sitecore"",""jQuery"",""scrollreveal""]",37679885,catchall,N/A,1435b6c2e08d3455d70b21ea57d5dba0,N/A,N/A,85%,Insurance Agents: Brokers: and Service,N/A,N/A,N/A,N/A,N/A
Lynn Toh,Lynn,Toh,"Vp, Marketing",lynn.toh@pontiacland.com,Pontiac Land Group,pontiacland.com,+65 6332 8888,N/A,unknown city,unknown state,N/A,75,9500213,65,[],38944701,catchall,N/A,581cfb44382591a2f9a998669b97f69e,N/A,N/A,85%,Real Estate,N/A,N/A,N/A,N/A,N/A
Sherry Macauley,Sherry,Macauley,Sr Vice President,macauley@gorisc.com,Risc Is,gorisc.com,N/A,N/A,Dallas,TX,N/A,125,6411000000,6411,"[""Azure"",""IIS"",""Microsoft ASP.NET""]",39961558,catchall,N/A,7fd50948cb6fc2572303b8a3be2c6577,N/A,N/A,85%,Insurance Agents: Brokers: and Service,N/A,N/A,N/A,N/A,N/A
Muhannad Malki,Muhannad,Malki,Vice President,malkim@intouchis.com,Intouch,intouchis.com,+18885431210,"Suite 350 Lake Balboa, CA 91406",Lake Balboa,CA,"=""91406""",5,1638653,6411,"[""Apache"",""Font Awesome"",""Google Font API"",""Ionicons"",""PHP"",""jQuery"",""jQuery Migrate""]",37367605,catchall,N/A,4ed87950b67b20c5c907636c55f2f4ae,N/A,N/A,85%,Insurance Agents: Brokers: and Service,N/A,N/A,N/A,N/A,N/A
Marivel Andreu,Marivel,Andreu,"Vice President, Managing Director, Private Client Division",mandreu@celedinas.com,Celedinas Insurance Group,celedinas.com,+18888755231,N/A,Palm Beach Gardens,FL,N/A,125,25000000,64,"[""Bootstrap"",""DNN"",""Google Analytics"",""Microsoft ASP.NET"",""jQuery"",""jQuery Migrate"",""jQuery UI""]",38874802,catchall,N/A,fa435eb7f6b46dc3bc84dfe5ce59f6ae,N/A,N/A,85%,Insurance Agents: Brokers: and Service,N/A,https://linkedin.com/company/marsh-&-mclennan-agency---mid-atlantic-region,N/A,N/A,https://youtube.com/channel/uc73ydbrgmnbz6uhcyxqvmuw
Manny Vasquez,Manny,Vasquez,"Vice President, Business Development",mannyv@ngpwi.com,Newmark Grubb Pfefferle,ngpwi.com,(920) 968-4700,N/A,Appleton,WI,N/A,125,0,65,[],42404368,catchall,N/A,abe8d5672ef9f620e60a712ae2edc80e,N/A,N/A,85%,Real Estate,N/A,N/A,N/A,N/A,N/A
Marc,Marc,Marc,Senior Vice President,marc@thorofarecapital.com,Thorofare Capital,ThorofareCapital.com,+12138734018,"633 West Fifth St., Suite 2200, Los Angeles, CA 90071",Los Angeles,CA,"=""90071""",30,5700128,65,[],41683069,catchall,1/12/2021,19736aec2bcb1df288f161b3e29174e8,N/A,N/A,85%,Real Estate,N/A,https://linkedin.com/company/1845520,https://twitter.com/thorofarecap,N/A,N/A
Margaret Khoury,Margaret,Khoury,Sr. Vice President,margaret.khoury@willis.com,Willis,willis.com,N/A,N/A,New York,NY,N/A,55000,0,6411,"[""AddThis"",""Bootstrap"",""CloudFlare"",""Google Font API"",""Google Tag Manager"",""Incapsula"",""Lazy.js"",""Microsoft ASP.NET"",""Sitecore"",""jQuery"",""scrollreveal""]",37679855,catchall,N/A,61a15abd02f381899e9aa4771a00df73,N/A,N/A,85%,Insurance Agents: Brokers: and Service,N/A,N/A,N/A,N/A,N/A
Marialise Maroun,Marialise,Maroun,Vice President Group Benefits Claims,marialise.maroun@thehartford.com,Hartford,thehartford.com,+18003227789,"P.O. Box 55359 Boston, MA 02205",Ct,CT,"=""02205""",55000,0,6411,"[""Akamai"",""Apache"",""Bootstrap"",""Moment.js"",""Tealium"",""jQuery""]",46004289,catchall,N/A,71db09a2e860a2402e1784f61c1d179a,N/A,N/A,85%,Insurance Agents: Brokers: and Service,https://facebook.com/thehartford,https://linkedin.com/company/the-hartford,https://twitter.com/thehartford,N/A,N/A
Mark Allaben,Mark,Allaben,VP and Actuary,mark.allaben@thehartford.com,Hartford,thehartford.com,+18003227789,"P.O. Box 55359 Boston, MA 02205",Ct,CT,"=""02205""",55000,0,6411,"[""Akamai"",""Apache"",""Bootstrap"",""Moment.js"",""Tealium"",""jQuery""]",46004288,catchall,N/A,9125a8fa58e455d79c53fe3b0f597767,N/A,N/A,85%,Insurance Agents: Brokers: and Service,https://facebook.com/thehartford,https://linkedin.com/company/the-hartford,https://twitter.com/thehartford,N/A,N/A
Mark Deason,Mark,Deason,Senior VP,markd@starwoodcapital.com,Starwood Capital Group,starwoodcapital.com,+18449791459,"40 10th Ave 8th fl New York, NY 10014",New York,NY,"=""10014""",750,735900000,65,"[""Bootstrap"",""Gentoo"",""Google Analytics"",""Modernizr"",""OpenResty"",""PHP"",""Twitter Emoji (Twemoji)"",""WordPress"",""Yoast SEO"",""jQuery"",""jQuery Migrate""]",44300810,catchall,N/A,1edf9ffc92d88d4eb5747a514f37e579,N/A,N/A,85%,Real Estate,N/A,https://linkedin.com/company/starwood-capital-group,N/A,N/A,N/A
Michael Arkin,Michael,Arkin,Vice President,markin@riagroup.com,Ria Group,riagroup.com,+15169979311,"Suite 201 Garden City, NY 11530",Garden City,NY,"=""11530""",30,6411000000,6411,"[""DataTables"",""Google Font API"",""Twitter Emoji (Twemoji)"",""WordPress"",""jQuery"",""jQuery Migrate""]",39214485,catchall,N/A,e60982d1e3d68a7c3ac39889ec9ba4a7,N/A,N/A,85%,Insurance Agents: Brokers: and Service,https://facebook.com/riagroupinc,N/A,https://twitter.com/nyinsurancepro,N/A,N/A
Mark Kilkenny,Mark,Kilkenny,Executive Vice President,markk@mischer.com,Mischer Investments L.p,mischer.com,+12818933726,"Nine Greenway Plaza, Suite 2900, Houston, TX 77046Suite 2900 Houston, Texas 77046",Houston,TX,"=""77046""",5,5600000,65,[],45414306,catchall,N/A,657c5acf28a47aca3d05ec0aabe6840a,N/A,N/A,85%,Real Estate,https://facebook.com/pages/mischer-investments/452769130704,N/A,https://twitter.com/mischertx,N/A,N/A
David Markle,David,Markle,VP Operations,markle@greystar.com,Greystar,greystar.com,+17192431002,"750 Bering Drive, Suite 300 Houston, TX 77075",Charlotte,NC,"=""77075""",7500,110000000,65,"[""Google Maps"",""Google Tag Manager""]",39772511,catchall,N/A,54560afc582cab8b4c0c720370e710f9,N/A,N/A,85%,Real Estate,https://facebook.com/greystarapts,https://linkedin.com/company/greystar,https://twitter.com/greystarapts,N/A,https://youtube.com/user/greystarapartments
Mark Hazan,Mark,Hazan,Vice President,mark@ramcal.net,Ramcal Management,ramcal.net,N/A,N/A,Los Angeles,CA,N/A,N/A,0,65,[],40075164,catchall,N/A,21a01974c78b412ed97fd70f29fb59d1,N/A,N/A,85%,Real Estate,N/A,N/A,N/A,N/A,N/A
Mark Routson,Mark,Routson,Vice President of Underwriting,mark.routson@aranins.com,Aran Insurance Services Group,aranins.com,N/A,N/A,unknown city,unknown state,N/A,125,6411000000,6411,"[""Amazon EC2"",""Apache"",""Bootstrap"",""FlexSlider"",""Font Awesome"",""Google Font API"",""OWL Carousel"",""animate.css"",""jQuery"",""prettyPhoto""]",45319785,catchall,N/A,1fb8b8f01f228414f0e8b8acdce8c034,N/A,N/A,85%,Insurance Agents: Brokers: and Service,https://facebook.com/araninsuranceservicesgroup,N/A,N/A,N/A,N/A
Mark Smith,Mark,Smith,Vice President IT,mark.smith@thehartford.com,Hartford,thehartford.com,+18003227789,"P.O. Box 55359 Boston, MA 02205",Ct,CT,"=""02205""",55000,0,6411,"[""Akamai"",""Apache"",""Bootstrap"",""Moment.js"",""Tealium"",""jQuery""]",46004063,catchall,N/A,379f26b741f1d501a948c0d5cd91e70a,N/A,N/A,85%,Insurance Agents: Brokers: and Service,https://facebook.com/thehartford,https://linkedin.com/company/the-hartford,https://twitter.com/thehartford,N/A,N/A
Mark Khuri,Mark,Khuri,Vice President & Co-founder,mark@smkcap.com,Smk Capital Management,smkcap.com,+13103441970,N/A,West Palm Beach,FL,N/A,30,5700128,65,[],36530698,catchall,N/A,4e7e5e41669975799f11f33e6291dd69,N/A,N/A,85%,Real Estate,N/A,https://linkedin.com/in/mark-khuri-7543821,N/A,N/A,N/A
Mark Wilhoite,Mark,Wilhoite,Vice President of Development,mark.wilhoite@preppg.com,Peco Real Estate,pecorep.com,+18014154365,"Suite 1000 Cincinnati, OH 45236",Cincinnati,OH,"=""45236""",30,5700128,65,"[""Apache"",""Google Analytics"",""OWL Carousel"",""Twitter Emoji (Twemoji)"",""WordPress"",""Yoast SEO"",""ZURB Foundation"",""jQuery"",""jQuery Migrate""]",40921486,catchall,N/A,a833e22655a6065505fab89115f32565,N/A,N/A,85%,Real Estate,N/A,N/A,N/A,N/A,N/A
Maroney Thomas,Maroney,Thomas,Vice President,maroney_th@willis.com,Willis,willis.com,N/A,N/A,New York,NY,N/A,55000,0,6411,"[""AddThis"",""Bootstrap"",""CloudFlare"",""Google Font API"",""Google Tag Manager"",""Incapsula"",""Lazy.js"",""Microsoft ASP.NET"",""Sitecore"",""jQuery"",""scrollreveal""]",37679864,catchall,N/A,b7e4c365a979527e915967b4c2cf4f55,N/A,N/A,85%,Insurance Agents: Brokers: and Service,N/A,N/A,N/A,N/A,N/A
Margaret Martin,Margaret,Martin,Executive VP Property Management,martinm@pegasusgroup.net,Pegasus Group,pegasusgroup.net,N/A,N/A,Walnut Creek,CA,N/A,30,65000000,65,"[""LiteSpeed""]",41847398,catchall,N/A,ca322ed22d9e6e3f1ec07efe13c6cd66,N/A,N/A,85%,Real Estate,N/A,N/A,N/A,N/A,N/A
Marylou Dowd,Marylou,Dowd,Vice President - Customer Experience,marylou.dowd@tiaa-cref.com,Teachers Insurance And Annuity Association-college,tiaa-cref.com,N/A,N/A,St Louis,MO,N/A,5,9504000,65,[],43398747,catchall,N/A,f9a3ffbebb26fe780998c8bbe82c3174,N/A,N/A,85%,Real Estate,N/A,N/A,N/A,N/A,N/A
Mary Sullivan,Mary,Sullivan,Executive Vice President,mary.sullivan@pearlcarroll.com,Csea,pearlcarroll.com,+18007053716,N/A,Latham,NY,N/A,125,25000000,64,"[""Bootstrap"",""DNN"",""Google Tag Manager"",""Microsoft ASP.NET"",""ZURB Foundation"",""Zepto"",""jQuery"",""jQuery Migrate""]",45138302,catchall,N/A,32508591dd0f1dcc00ab12b6ca5287fd,N/A,N/A,85%,Insurance Agents: Brokers: and Service,N/A,N/A,N/A,N/A,N/A
Matthew Wong,Matthew,Wong,Vice President,matthew.wong@mapletree.com.sg,Mapletree Investments Pte,mapletree.com.sg,+16469086300,N/A,unknown city,unknown state,N/A,750,1500000000,65,"[""Google Analytics"",""Lightbox"",""Microsoft ASP.NET"",""Modernizr"",""jQuery"",""jQuery Migrate""]",43119999,catchall,N/A,a562f7b0dfc2fc29071b9d03a2147c21,N/A,N/A,85%,Real Estate,N/A,N/A,N/A,N/A,N/A
Mike Bass,Mike,Bass,VP Commercial Insurance,mbass@texcap-concord.com,Texcap-concord Insurance Services,texcap-concord.com,N/A,N/A,Dallas,TX,N/A,30,6411000000,6411,[],40466602,catchall,N/A,30f73ed1611229460a290ac79f26d605,N/A,N/A,85%,Insurance Agents: Brokers: and Service,N/A,N/A,N/A,N/A,N/A
Mike Berens,Mike,Berens,Vice President,mberens@naibg.com,Nai Global Our Privatelyheld,naibg.com,+14048124021,N/A,Atlanta,GA,N/A,125,25000000,65,"[""Google Analytics"",""Google Font API"",""Google Tag Manager"",""OpenResty"",""Revslider"",""Twitter Emoji (Twemoji)"",""WordPress"",""jQuery"",""jQuery Migrate"",""jQuery UI""]",45189010,catchall,N/A,f26d3e34e373db8044a33605580c0df0,N/A,N/A,85%,Real Estate,https://facebook.com/naibrannengoddard,https://linkedin.com/company/nai-brannen-goddard,https://twitter.com/naibg,N/A,N/A
Mary Bowman,Mary,Bowman,Vice President,mbowman@rand-tec.com,Rand-tec Insurance Agency,rand-tec.com,+18473672633,N/A,Vernon Hills,IL,N/A,30,6411000000,6411,"[""Bootstrap"",""Font Awesome"",""Google Font API"",""Google Maps"",""Modernizr"",""Nginx"",""Revslider"",""Twitter Emoji (Twemoji)"",""WordPress"",""jQuery"",""jQuery Migrate"",""jQuery UI"",""prettyPhoto""]",44273459,catchall,N/A,e4dccbb9423669fb4f91bb9b60efd2af,N/A,N/A,85%,Insurance Agents: Brokers: and Service,https://facebook.com/randtecinsuranceagency,https://linkedin.com/in/tasia-georganas-kerstein-224296127,https://twitter.com/#!/randtecins,N/A,N/A
Michael Brown,Michael,Brown,Executive Vice President,mbrown@avalonrisk.com,Avalon Risk,avalonrisk.com,+18477008100,"17 Battery Place, Suite 234 New York, NY 10004",Elk Grove Village,IL,"=""10004""",30,4000000,6411,"[""CloudFlare"",""DreamWeaver"",""FancyBox"",""FlexSlider"",""Google Analytics"",""HubSpot"",""Matomo"",""Microsoft ASP.NET"",""Modernizr"",""Twitter"",""jQuery"",""jQuery UI""]",43916424,catchall,N/A,28d34a2e13c6e5d9a3aa367d0dfd302a,N/A,N/A,85%,Insurance Agents: Brokers: and Service,https://facebook.com/avalonrisk,https://linkedin.com/company/avalon-risk-management,https://twitter.com/avalonrisk,N/A,N/A
Michal Brynie,Michal,Brynie,Vice President/originator,mbrynie@dhlending.com,D&h Lending,dhlending.com,+18885808210,N/A,Irving,TX,N/A,5,1638653,65,[],37133327,catchall,N/A,95c18cec936a6cf5e9438e648df3fe81,N/A,N/A,85%,Real Estate,https://facebook.com/pages/dh-lending-inc/625160727506990,https://linkedin.com/company/d&h-lending-inc,https://twitter.com/dhlending,N/A,N/A
Mary Bunting,Mary,Bunting,Vice President,mbunting@mountainlife.com,Mountain Life,mountainlife.com,+18008886542,N/A,Alcoa,TN,N/A,30,6411000000,6411,"[""Google Analytics"",""Google Font API"",""Google Tag Manager"",""IIS"",""Modernizr"",""PHP"",""Revslider"",""TweenMax"",""Twitter Emoji (Twemoji)"",""WordPress"",""jQuery"",""jQuery Migrate""]",37361379,catchall,N/A,db4f615e5a56e9b58abf7cc1e3c09e0f,N/A,N/A,85%,Insurance Agents: Brokers: and Service,N/A,N/A,N/A,N/A,N/A
Michael Capozza,Michael,Capozza,"Vice President, Is",mcapozza@concordgroupins.com,Concord Group,concordgroupins.com,N/A,N/A,Acton,MA,N/A,350,6411000000,6411,"[""AngularJS"",""IIS"",""Microsoft ASP.NET"",""jQuery""]",40077964,catchall,N/A,568c938dcb3b25d76f6489605162a8f2,N/A,N/A,85%,Insurance Agents: Brokers: and Service,N/A,N/A,N/A,N/A,N/A
Marty Connors,Marty,Connors,VP Employee Benefits,mconnors@brooksinsurance.com,Usi,brooksinsurance.com,+18666570861,"100 Summit Lake Drive, Suite 400, Valhalla, NY 10595",Toledo,OH,"=""10595""",125,6411000000,6411,"[""Bootstrap"",""Font Awesome"",""Google Analytics"",""Microsoft ASP.NET"",""Modernizr"",""jQuery"",""jQuery Migrate""]",40869949,catchall,N/A,2c3c88367101caafd161a488c6d13841,N/A,N/A,85%,Insurance Agents: Brokers: and Service,https://facebook.com/usiins,https://linkedin.com/company/usi-insurance-services,https://twitter.com/usiins,N/A,N/A
Maureen Corso,Maureen,Corso,Vice President,mcorso@wkfc.com,Wkf&c Agency,wkfc.com,+16466127814,Suite 1450 Atlanta GA 30326,Atlanta,GA,"=""30326""",125,6411000000,6411,"[""Font Awesome"",""Google Analytics"",""Google Font API"",""Nginx"",""Revslider"",""Twitter Emoji (Twemoji)"",""WordPress"",""animate.css"",""jQuery"",""jQuery Migrate"",""jQuery UI""]",41091626,catchall,N/A,0914965ba19276fcf2635a45c9f315c4,N/A,N/A,85%,Insurance Agents: Brokers: and Service,N/A,N/A,N/A,N/A,N/A
Mark Deems,Mark,Deems,"General Counsel, Executive Vice-president",mdeems@infobrij.com,Infobrij,infobrij.com,+18444636275,"49 Discovery, Suite 180 Irvine, CA 92618",Medford,OR,"=""92618""",5,1638653,65,[],45508317,catchall,N/A,c51ffb06d96ae8136040566e7f2c3c88,N/A,N/A,85%,Real Estate,https://facebook.com/infobrij,https://linkedin.com/company/infobrij-llc,https://twitter.com/infobrij_llc,N/A,N/A
Michael Dubyk,Michael,Dubyk,Vice President,mdubyk@corporateclaims.net,Corporate Claims Service Corporate,corporateclaims.net,+18006081010,"3333 Street Road, Suite 305 Bensalem, PA 19020",Feasterville Trevose,PA,"=""19020""",30,6411000000,6411,"[""Google Font API"",""IIS"",""PHP"",""Twitter Emoji (Twemoji)"",""WordPress"",""jQuery"",""jQuery Migrate"",""jQuery UI""]",43623881,catchall,N/A,e3912db3b42bda75559204b6c9bd88a7,N/A,N/A,85%,Insurance Agents: Brokers: and Service,N/A,N/A,N/A,N/A,N/A
Mike Eastop,Mike,Eastop,Senior Vice President- Energy Unit,meastop@tjsisk.com,Sisk,tjsisk.com,+13038317100,N/A,Denver,CO,N/A,30,6411000000,6411,"[""Apache"",""Google Analytics"",""Twitter Emoji (Twemoji)"",""WordPress"",""Yoast SEO"",""jQuery""]",45967698,catchall,N/A,9dcc40ac255d52503c46e970d09d5c11,N/A,N/A,85%,Insurance Agents: Brokers: and Service,N/A,N/A,N/A,N/A,N/A
Megan Mondi Price,Megan,Price,VP Business Operations - Process/change,megan.price@inquestsolutions.com,Inquest Solutions,inquestsolutions.com,+18888350227,"Suite 103-192 Alpharetta, GA 30004",Alpharetta,GA,"=""30004""",5,6411000000,6411,[],44062715,catchall,N/A,37c95fab6f81a23312de3d32a013d798,N/A,N/A,85%,Insurance Agents: Brokers: and Service,N/A,N/A,N/A,N/A,N/A
Meghan Eddy,Meghan,Eddy,Regional Vice-president,meghan.eddy@insourcemg.com,Insource,insourcemg.com,+19529946265,N/A,Indianapolis,IN,N/A,125,6411000000,6411,"[""Apache"",""Font Awesome"",""Google Analytics"",""Google Font API"",""Twitter Emoji (Twemoji)"",""WordPress"",""Yoast SEO"",""jQuery"",""jQuery Migrate""]",43156222,catchall,N/A,f2287944df659a3b0a123fab2a6f0fb0,N/A,N/A,85%,Insurance Agents: Brokers: and Service,N/A,https://linkedin.com/company/insource-inc,https://twitter.com/insourcemg,N/A,https://youtube.com/channel/uc8dvs8vwtf3lxm5fcxpuvqg
Melanie Watts,Melanie,Watts,Senior Vice President,melanie.watts@willis.com,Willis,willis.com,N/A,N/A,New York,NY,N/A,55000,0,6411,"[""AddThis"",""Bootstrap"",""CloudFlare"",""Google Font API"",""Google Tag Manager"",""Incapsula"",""Lazy.js"",""Microsoft ASP.NET"",""Sitecore"",""jQuery"",""scrollreveal""]",37679818,catchall,N/A,082c779fce157aae059b9b71daae0030,N/A,N/A,85%,Insurance Agents: Brokers: and Service,N/A,N/A,N/A,N/A,N/A
Melody Meyer,Melody,Meyer,Senior Vice President,melody.meyer@willis.com,Willis,willis.com,N/A,N/A,New York,NY,N/A,55000,0,6411,"[""AddThis"",""Bootstrap"",""CloudFlare"",""Google Font API"",""Google Tag Manager"",""Incapsula"",""Lazy.js"",""Microsoft ASP.NET"",""Sitecore"",""jQuery"",""scrollreveal""]",37679892,catchall,N/A,e423eea10399c9128148d4e42f7ab5ac,N/A,N/A,85%,Insurance Agents: Brokers: and Service,N/A,N/A,N/A,N/A,N/A
Mel Wagstaff,Mel,Wagstaff,Vice President,mel.wagstaff@sperrycga.com,Sperry,sperrycga.com,+18882642687,N/A,Los Angeles,CA,N/A,75,9500213,65,"[""Bootstrap"",""Font Awesome"",""Google Analytics"",""Google Font API"",""Google Maps"",""Ionicons"",""MediaElement.js"",""Modernizr"",""Nginx"",""Revslider"",""Select2"",""Twitter Emoji (Twemoji)"",""UIKit"",""WordPress"",""jQuery"",""jQuery Migrate"",""jQuery UI"",""reCAPTCHA""]",37883605,catchall,1/12/2021,aec2fb635f74345a425c2b837a57f555,N/A,N/A,85%,Real Estate,https://facebook.com/sperrycga,https://linkedin.com/company/sperry-commercial-global-affiliates,https://twitter.com/sperrycga,N/A,N/A
Matt Fenner,Matt,Fenner,Executive VP,mfenner@ocenture.com,Ocenture Privacy Policy Ocenture,ocenture.com,+19047661600,"PO Box 1559 PonteVedra Beach, FL 32004",Jacksonville,FL,"=""32004""",30,6411000000,6411,[],43323740,catchall,N/A,46406aaed24a10e828e90fc700b22a87,N/A,N/A,85%,Insurance Agents: Brokers: and Service,N/A,N/A,N/A,N/A,N/A
Matthew Fernand,Matthew,Fernand,Executive Vice President and General Counsel,mfernand@seritage.com,Seritage Growth Properties,seritage.com,+12123557800,"500 Fifth Avenue Suite 1530 New York, NY 10110",New York,NY,"=""10110""",75,248700000,65,[],40904701,catchall,N/A,40169081dc9922772bc01a0278f6730e,N/A,N/A,85%,Real Estate,N/A,https://linkedin.com/company/seritage-growth-properties,N/A,N/A,N/A
Michael Fleetham,Michael,Fleetham,Senior Vice President - Leasing & Development,mfleetham@medcraft.com,Medcraft Healthcare Real Estate,medcraft.com,+16153644079,"900 SpruceStreet, Suite 150 St. Louis, MO 63102",Minneapolis,MN,"=""63102""",30,5700128,65,[],42153799,catchall,N/A,19ac33dd8818e905dba75fa72c046f04,N/A,N/A,85%,Real Estate,https://facebook.com/medcrafthealthcare,https://linkedin.com/company/1670234,https://twitter.com/medcraft_health,N/A,N/A
Maurice Funes,Maurice,Funes,"Senior Vice President, Leasing and Development",mfunes@seritage.com,Seritage Growth Properties,seritage.com,+12123557800,"500 Fifth Avenue Suite 1530 New York, NY 10110",New York,NY,"=""10110""",75,248700000,65,[],40904700,catchall,N/A,c2ce12debfa993bc540de2ced7d64d74,N/A,N/A,85%,Real Estate,N/A,https://linkedin.com/company/seritage-growth-properties,N/A,N/A,N/A
Max Goldman,Max,Goldman,"Vice President, Head of Product",mgoldman@rexchange.com,Rex - Real Estate Exchange,rexchange.com,(855) 342-4739,N/A,Agoura Hills,CA,N/A,75,9500213,65,"[""AngularJS"",""Facebook"",""Google Analytics"",""Google Maps"",""Inspectlet""]",36559434,catchall,N/A,aab9d2f4b49e65d35a70c34664066f6d,N/A,N/A,85%,Real Estate,N/A,N/A,N/A,N/A,N/A
Martha Hart,Martha,Hart,Assistant Vice President,mhart@centurysurety.com,Century Insurance Group,centurysurety.com,+18555524838,N/A,Westerville,OH,N/A,350,6411000000,6411,"[""Google Analytics"",""IIS"",""Microsoft ASP.NET"",""SWFObject""]",36332247,catchall,N/A,84bd45c489ce9073f11ce9c019ba8515,N/A,N/A,85%,Insurance Agents: Brokers: and Service,N/A,N/A,N/A,N/A,N/A
Michael H,Michael,H,Vice President,mhostetter@vanmeterins.com,Van Meter,vanmeterins.com,+12706855581,"1240 Fairway St Bowling Green, KY 42103",Bowling Green,KY,"=""42103""",350,6411000000,6411,"[""All in One SEO Pack"",""Apache"",""Font Awesome"",""Google Font API"",""WordPress"",""YouTube"",""jQuery"",""jQuery Migrate""]",45830130,catchall,N/A,a59acad8763ce4d5d2dbbed26bf10575,N/A,N/A,85%,Insurance Agents: Brokers: and Service,https://facebook.com/vanmeterins,https://linkedin.com/company/van-meter-insurance-houchens,https://twitter.com/vanmeterins,N/A,N/A
Michael Flint,Michael,Flint,VP Operations,michael@albanybahamas.com,Albany Bahamas,albanybahamas.com,+12426766000,N/A,unknown city,unknown state,N/A,75,75000000,65,"[""Apache"",""Google Analytics"",""OpenSSL"",""PHP"",""Twitter Emoji (Twemoji)"",""UNIX"",""WordPress"",""jQuery"",""mod_ssl""]",36268419,catchall,N/A,ad20ef49014f51ee20a4622e7accf7a9,N/A,N/A,85%,Real Estate,N/A,N/A,N/A,N/A,N/A
Michael Brodzinski,Michael,Brodzinski,"Vice President, Construction Professional Liability",michael.brodzinski@willis.com,Willis,willis.com,N/A,N/A,New York,NY,N/A,55000,0,6411,"[""AddThis"",""Bootstrap"",""CloudFlare"",""Google Font API"",""Google Tag Manager"",""Incapsula"",""Lazy.js"",""Microsoft ASP.NET"",""Sitecore"",""jQuery"",""scrollreveal""]",37679845,catchall,N/A,c3ea39210c0f7ea4e1a727a1a83636c2,N/A,N/A,85%,Insurance Agents: Brokers: and Service,N/A,N/A,N/A,N/A,N/A
Michael Solis,Michael,Solis,VP - Multifamily Acquisitions,michael@compassacq.com,Compass Acquisition,compassacq.com,+18184524351,N/A,Los Angeles,CA,N/A,5,1638653,65,"[""Apache"",""jQuery""]",42304266,catchall,N/A,0318791a840d4e8127a608d89ce9fbc4,N/A,N/A,85%,Real Estate,N/A,N/A,N/A,N/A,N/A
Michael Minns,Michael,Minns,"Vice President, Regional Director of Properties",michael.minns@washingtonprime.com,Washington Prime Group,washingtonprime.com,+16146219000,N/A,Bethesda,MD,N/A,125,0,65,"[""Apache"",""Modernizr"",""jQuery""]",46658691,catchall,N/A,576a7765c089ea16001678bb869eb400,N/A,N/A,85%,Real Estate,N/A,https://linkedin.com/company/washington-prime-group-inc,N/A,https://instagram.com/washingtonprimegroup,N/A
Michael Mocco,Michael,Mocco,Vice President,michael.mocco@libertyharbor.com,Liberty Harbor,libertyharbor.com,+12017635544,N/A,Jersey City,NJ,N/A,30,6000000,65,"[""CloudFlare"",""DataTables"",""Flickity"",""Font Awesome"",""Google Analytics"",""Google Font API"",""Google Maps"",""Lightbox"",""OWL Carousel"",""Revslider"",""Twitter Emoji (Twemoji)"",""Underscore.js"",""WooCommerce"",""WordPress"",""Yoast SEO"",""animate.css"",""jQuery"",""jQuery Migrate"",""reCAPTCHA""]",42302205,catchall,N/A,1837953ce3110a179e770914ad949921,N/A,N/A,85%,Real Estate,https://facebook.com/libertyharborapts,N/A,https://twitter.com/libertyharbor,https://instagram.com/libertyharbor,N/A
Michael Schenck,Michael,Schenck,VP of Engineering,michael.schenck@ikoshq.com,Ikos Holdings,ikoshq.com,+18444453011,N/A,Pittsburgh,PA,N/A,30,5700128,65,"[""Amazon Cloudfront"",""Amazon S3"",""Google Analytics"",""Google Tag Manager"",""Modernizr"",""jQuery""]",39508639,catchall,N/A,95668c9e5f6c5112da6d364e5e90de8e,N/A,N/A,85%,Real Estate,N/A,https://linkedin.com/company/ikos-holdings-inc,N/A,N/A,N/A
Michael Moers,Michael,Moers,Vice President,michael@swinland.com,Southwestern Indiana Land Title,swinland.com,+18124258456,N/A,Evansville,IN,N/A,30,7000000,65,[],37049177,catchall,N/A,dbc60bd822226bbb0e85bcd8c476b6df,N/A,N/A,85%,Real Estate,N/A,N/A,N/A,N/A,N/A
Michael Weisberg,Michael,Weisberg,Vice President - Associate Broker,michaelweisberg@taylorlongproperties.com,Taylor Long Properties,taylorlongproperties.com,+18042403225,"10142 West Broad Street Glen Allen, VA 23060",Glen Allen,VA,"=""23060""",5,1400000,65,[],45965466,catchall,N/A,452b20dbaa77e457039da19a68cbc0e1,N/A,N/A,85%,Real Estate,N/A,N/A,N/A,N/A,N/A
Michelle Jungers,Michelle,Jungers,VP of Construction/purchasing,michelle@gvbtx.com,Grand View Builders,gvbtx.com,N/A,N/A,Houston,TX,N/A,5,1638653,65,"[""Apache"",""CentOS"",""Google Analytics"",""Google Maps"",""Lightbox"",""PHP"",""Plesk"",""jQuery""]",38605126,catchall,N/A,2589c724f4402b0d7cddf58ce3e5e662,N/A,N/A,85%,Real Estate,https://facebook.com/grandviewbuilders,N/A,https://twitter.com/gvbtexas,N/A,N/A
Michelle Mcdonald,Michelle,Mcdonald,Vice President,michelle@partnersinsuranceinc.com,Partners,partnersinsuranceinc.com,+18885003344,"St. Louis, MO,Home & Auto Insurance - Creve Coeur MO/St. Louis MO - Partners InsurancePersonal and Business Insurance in Creve Coeur and St. Louis, MO",St. Louis,MO,N/A,30,5700128,64,"[""Bootstrap"",""Facebook"",""Font Awesome"",""Google Analytics"",""Google Font API"",""Google Maps"",""Google Plus"",""Google Tag Manager"",""Java"",""LiteSpeed"",""animate.css"",""jQuery"",""jQuery UI"",""Litespeed Cache""]",45973993,catchall,N/A,5605b8fb5214866747212e818e9337b9,N/A,N/A,85%,Insurance Agents: Brokers: and Service,https://facebook.com/partnersinsuranceinc,https://linkedin.com/company/partners-insurance-inc,https://twitter.com/partnersinsure,N/A,N/A
Mike Ragab,Mike,Ragab,Executive Vice President,mike@anchorgroup.net,Global Liberty,anchorgroup.net,N/A,N/A,Melville,NY,N/A,125,6411000000,6411,[],39726195,catchall,N/A,d5ac1a0939097a67cf1565a6a1079dc1,N/A,N/A,85%,Insurance Agents: Brokers: and Service,N/A,N/A,N/A,N/A,N/A
Mike Squires,Mike,Squires,"Ben Taggard, Aif, Vice President, Investment Advisor",mike@bourdoninsurance.com,Richards Group,bourdoninsurance.com,+18022547110,"94 Court Street,Middlebury, VT 05753",Middlebury,VT,"=""05753""",N/A,0,64,"[""Facebook"",""Google Analytics"",""Google Font API"",""Squarespace"",""Typekit"",""YUI"",""jQuery"",""webpack""]",38656270,catchall,12/26/2020,e3b0a51d89d47e27fab5e39ec33e16aa,N/A,N/A,85%,Insurance Agents: Brokers: and Service,https://facebook.com/therichardsgroup/,https://linkedin.com/company/trg-the-richards-group,N/A,N/A,N/A
Mike Brandon,Mike,Brandon,Vice President,mike.brandon@proventure.com,Proventure,proventure.com,+16153776921,N/A,Brentwood,TN,N/A,30,6000000,65,"[""Apache"",""Google Analytics"",""Google Font API"",""MailChimp"",""Twitter Emoji (Twemoji)"",""WordPress"",""Yoast SEO"",""jQuery"",""jQuery Migrate""]",46664545,catchall,N/A,869f4d2dfdc62e71dc41ff9c45dd944e,N/A,N/A,85%,Real Estate,N/A,N/A,N/A,N/A,N/A
Mike Buchler,Mike,Buchler,"Vice President, Director of Employee Benefits",mikeb@williamsagency.com,Williams Insurance Agency,williamsagency.com,+18003388301,"P O Box 1174 Rehoboth Beach, DE 19971",Rehoboth Beach,DE,"=""19971""",30,6411000000,6411,"[""Apache"",""Font Awesome"",""Google Analytics"",""Google Font API"",""Google Maps"",""WordPress"",""Yoast SEO"",""jQuery"",""jQuery Migrate"",""jQuery UI""]",42047972,catchall,N/A,06e5a6f8f4cd0040dbcda79067e6c369,N/A,N/A,85%,Insurance Agents: Brokers: and Service,https://facebook.com/williamsinsuranceagency,https://linkedin.com/company/williams-insurance-agency-rehoboth-wilmington,https://mobile.twitter.com/williamsinsagy,https://instagram.com/williamsagencyinc,N/A
Mike Squires,Mike,Squires,"Ben Taggard, Aif, Vice President, Investment Advisor",mike@centurionusa.com,Richards Group,centurionusa.com,+18022547110,"27 East Main Street,Wilmington, VT 05363",West Lebanon,NH,"=""05363""",N/A,0,64,"[""Google Font API"",""Squarespace"",""Typekit"",""YUI"",""jQuery"",""webpack""]",40238986,catchall,12/26/2020,770e5adc4d79c4ba7c2101245b85341d,N/A,N/A,85%,Insurance Agents: Brokers: and Service,https://facebook.com/therichardsgroup/,https://linkedin.com/company/trg-the-richards-group,N/A,N/A,N/A
Michael Chew,Michael,Chew,Vice President Asset Management,mike.chew@carringtonps.com,Carrington Property Services,carringtonps.com,+18773824357,"P.O. Box 3759 Anaheim, CA 92803",unknown city,unknown state,"=""92803""",350,600000000,65,"[""Font Awesome"",""Google Analytics"",""Google Font API"",""jQuery"",""jQuery UI""]",45263332,catchall,N/A,5c17dcfe3de220e0cdb58d1e9d89c22c,N/A,N/A,85%,Real Estate,N/A,N/A,N/A,N/A,N/A
Mike Girias,Mike,Girias,Area Vice President,mike_girias@ajg.com,Arthur J Gallagher And Co Of Iowa,ajg.com,N/A,N/A,Sioux City,IA,N/A,30,5595000000,6411,[],37141285,catchall,N/A,1fc15bb6c45dd386d1e492ec6b4bc572,N/A,N/A,85%,Insurance Agents: Brokers: and Service,N/A,N/A,N/A,N/A,N/A
Mike Honeycutt,Mike,Honeycutt,Vice President,mike.honeycutt@willis.com,Willis,willis.com,N/A,N/A,New York,NY,N/A,55000,0,6411,"[""AddThis"",""Bootstrap"",""CloudFlare"",""Google Font API"",""Google Tag Manager"",""Incapsula"",""Lazy.js"",""Microsoft ASP.NET"",""Sitecore"",""jQuery"",""scrollreveal""]",37679798,catchall,N/A,9387c5907337c876cb8a1aabbf79158c,N/A,N/A,85%,Insurance Agents: Brokers: and Service,N/A,N/A,N/A,N/A,N/A
Mike Moreland,Mike,Moreland,Vice President and Owner,mike@newarkltp.com,Newark Airport Long Term Parking,newarkltp.com,+18007275070,N/A,New York,NY,N/A,5,1638653,45,"[""AddThis"",""Google Analytics"",""Google Font API"",""Gravatar"",""Hotjar"",""Modernizr"",""Nginx"",""PHP"",""Plesk"",""Twitter Emoji (Twemoji)"",""WordPress"",""jQuery"",""jQuery Migrate"",""jQuery UI""]",37262561,catchall,N/A,6f6801c07bf62af534f0f18b3282390f,N/A,N/A,85%,Transportation By Air,https://facebook.com/newarkairportlongtermparking,N/A,https://twitter.com/newarkparking,N/A,https://youtube.com/user/newarkparking
Mike Sample,Mike,Sample,Executive Vice President,mike.sample@jll.com,Jll,jll.com,+13122282795,St. Louis Virginia,Chicago,IL,N/A,5000,6800000000,65,"[""AddThis"",""Adobe DTM"",""Adobe Experience Manager"",""Akamai"",""Apache"",""Bootstrap"",""Ensighten"",""Google Font API"",""jQuery"",""reCAPTCHA""]",40662989,catchall,N/A,35f7dc08390630c4c8be0756c17da0df,https://www.linkedin.com/in/mike-sample-89b41416,N/A,85%,Real Estate,https://facebook.com/jll,https://linkedin.com/company/jll,https://twitter.com/jll,N/A,https://youtube.com/user/joneslanglasalle
Mike Rice,Mike,Rice,Vice President,mike@twinsurance.com,Insurance Group,twinsurance.com,+13127567797,"West Willow St Chicago, IllinoisWest Willow St. Chicago, Illinois 60614707 West Willow St. Chicago, Illinois 60614",Chicago,IL,"=""60614""",5,1638653,6411,"[""CloudFlare"",""Facebook"",""Google Analytics"",""Google Font API"",""Google Tag Manager"",""Gravity Forms"",""Intercom"",""LiteSpeed"",""Twitter Emoji (Twemoji)"",""WordPress"",""jQuery"",""jQuery UI""]",40831673,catchall,N/A,0bd948d155b7b77b550eb2839820a947,N/A,N/A,85%,Insurance Agents: Brokers: and Service,https://facebook.com/thomaswardinsurancegroup,https://linkedin.com/company/thomas-ward-insurance-group,https://twitter.com/twinsurance,N/A,N/A
Mike Weber,Mike,Weber,VP Program Business,mike.weber@pearlinsurance.com,Pearl,pearlinsurance.com,+13096790545,N/A,Peoria Heights,IL,N/A,350,90396180,64,"[""Bootstrap"",""DNN"",""Google Tag Manager"",""Microsoft ASP.NET"",""ZURB Foundation"",""jQuery""]",42448202,catchall,N/A,5f96fd8043d525bf4f6f57df70ab9968,N/A,N/A,85%,Insurance Agents: Brokers: and Service,https://facebook.com/pearlinsurance,https://linkedin.com/company/pearl-insurance,https://twitter.com/pearlinsurance,N/A,N/A
Michael Parsons,Michael,Parsons,Vice President / Account Executive,mike@willifordinsurance.com,Insurance,willifordinsurance.com,+13362881956,N/A,Greensboro,NC,N/A,N/A,0,6411,"[""DNN"",""Google Analytics"",""Google Font API"",""IIS"",""Microsoft ASP.NET"",""Modernizr"",""Slick"",""ZURB Foundation"",""jQuery"",""jQuery Migrate"",""jQuery UI""]",43519635,catchall,N/A,bfb0085701d6908eb048ef8559bbb85f,N/A,N/A,85%,Insurance Agents: Brokers: and Service,https://facebook.com/willifordinsurancegroup,https://linkedin.com/company/williford-insurance-group,https://twitter.com/willifordinsgrp,N/A,N/A
Mike Wright,Mike,Wright,VP Engineering,mikew@wtservicesllc.com,Water Treatment Services,wtservicesllc.com,+18008175116,"203 Townsend Drive Monroeville, PA 15146",Wendel,PA,"=""15146""",30,7000000,28,"[""AddThis"",""Font Awesome"",""Google Font API"",""Lightbox"",""Nginx"",""WordPress"",""jQuery"",""jQuery Migrate"",""jQuery UI""]",45879126,catchall,N/A,c1f6ce6aafb58fe9db8ec88ae7bea1ea,N/A,N/A,85%,Chemicals and Allied Products,https://facebook.com/watertreatmentservicesinc,https://linkedin.com/company/water-treatment-services-inc-,https://twitter.com/wts_llc,N/A,https://youtube.com/channel/ucdnxydordp_agrl9sij1-zw
Mindy Franceschini,Mindy,Franceschini,Vice President,mindyf@pencomanagement.com,Penco Management,pencomanagement.com,+16103585580,"5 Christy Drive Chadds Ford, PA 19317",Chadds Ford,PA,"=""19317""",30,6000000,65,[],43029159,catchall,N/A,32c258375dd738972105fb60974c3071,N/A,N/A,85%,Real Estate,https://facebook.com/pencomanagement,https://linkedin.com/company/penco-management-inc,N/A,N/A,N/A
Mitchell Drake,Mitchell,Drake,Vice President,mitchell.drake@abimultifamily.com,Abi Multifamily,abimultifamily.com,+18582567690,"70th Street Lofts (Land) Scottsdale, AZ",unknown city,unknown state,N/A,30,5700128,65,"[""Google Analytics"",""Google Font API"",""Google Tag Manager"",""Hammer.js"",""Jetty"",""Leaflet"",""Prototype""]",42471524,catchall,N/A,6d792c6d5d62babaa9479d383149b766,N/A,N/A,85%,Real Estate,N/A,https://linkedin.com/company/abi-multifamily,https://twitter.com/abimultifamily,N/A,N/A
Mary Jo Colligan,Mary,Colligan,VP - Underwriting & Actuarial Services,mj.colligan@walshjones.com,Aebly Associates Is,walshjones.com,+18882346926,N/A,Buffalo,NY,N/A,30,6411000000,6411,"[""Bootstrap"",""DNN"",""Google Plus"",""Microsoft ASP.NET"",""YouTube"",""jQuery"",""jQuery Migrate"",""jQuery UI""]",37188401,catchall,N/A,74658b25c998f3777ab23c1d963d4d9c,N/A,N/A,85%,Insurance Agents: Brokers: and Service,https://facebook.com/aeblyandassociates,https://linkedin.com/company/aeblyandassociates,https://twitter.com/aeblyassociates,N/A,https://youtube.com/channel/uclpgwtyekh-wfemkiajpshq
Michael Kelleher,Michael,Kelleher,"Vice President, IT",mkelleher@cabrillopac.com,Amwins Specialty Auto,cabrillopac.com,+18009933226,"PO Box 701749 Dallas, TX 75370-1749",San Diego,CA,"=""75370-1749""",N/A,0,6411,"[""Apache"",""Drupal"",""Google Analytics"",""Google Font API"",""Incapsula"",""jQuery""]",38333564,catchall,N/A,c01660eff598e10025ede8cab2f7e920,N/A,N/A,85%,Insurance Agents: Brokers: and Service,N/A,N/A,N/A,N/A,N/A
Michael Kilfoyle,Michael,Kilfoyle,"Principal, Senior Vice President",mkilfoyle@hbhriq.com,Hickok Boardman Hr Intelligence,hbhriq.com,+18023910445,"PO Box 1064 Burlington, VT 05401P.O. Box 1064 Burlington, VT 05402-1064P.O Box 1064 Burlington, VT 05402-1064",Burlington,VT,"=""05402-1064""",30,5700128,64,"[""Drupal"",""Nginx"",""Plesk"",""jQuery""]",43844445,catchall,N/A,86149c5c49b02dcb3c7ee78dc283781c,N/A,N/A,85%,Insurance Agents: Brokers: and Service,https://facebook.com/hbhrcss,https://linkedin.com/company/hbhrintelligence-com,https://twitter.com/hbhriq,N/A,N/A
Michele Klusewitz,Michele,Klusewitz,Vice President,mklusewitz@worleyobetz.com,Worley & Obetz,worleyobetz.com,N/A,N/A,Manheim,PA,N/A,125,5983000000,5983,[],37463861,catchall,N/A,df418fb552f6c0e35472103d2570ad27,N/A,N/A,85%,Fuel Oil Dealers,N/A,N/A,N/A,N/A,N/A
Mike Kneale,Mike,Kneale,Vice President,mkneale@greystar.com,Greystar,greystar.com,+17192431002,"750 Bering Drive, Suite 300 Houston, TX 77075",Charlotte,NC,"=""77075""",7500,110000000,65,"[""Google Maps"",""Google Tag Manager""]",39772237,catchall,N/A,b340fd72b84936168ce4260c4e9f479b,N/A,N/A,85%,Real Estate,https://facebook.com/greystarapts,https://linkedin.com/company/greystar,https://twitter.com/greystarapts,N/A,https://youtube.com/user/greystarapartments
Mary Lodge,Mary,Lodge,2nd Vice President,mlodge@travelers.com,Travelers Indemnity,travelers.com,+18663362077,N/A,Hinckley,OH,N/A,30,1000000,6411,"[""Akamai"",""CloudFlare"",""Dynatrace"",""Facebook"",""Google Analytics"",""Google Tag Manager"",""IIS"",""Microsoft ASP.NET"",""Modernizr"",""Tealium"",""YUI"",""jQuery"",""jQuery UI""]",39064516,catchall,N/A,0f0154fe98fa96605605bbc10d56d66b,N/A,N/A,85%,Insurance Agents: Brokers: and Service,https://facebook.com/travelers,https://us.linkedin.com/company/travelers,https://twitter.com/travelers,https://instagram.com/travelersinsurance,https://youtube.com/user/travelersinsurance
Mark Lyon,Mark,Lyon,"Senior Vice President, Risk Advisor",mlyon@twiw.com,Tolman And Wiker,twiw.com,+18055856734,"196 South Fir Street, Ventura, CA 93001196 South Fir Street | Ventura, CA 93001",Ventura,CA,"=""93001""",75,30000000,6411,"[""DreamWeaver"",""Google Analytics"",""Modernizr"",""Nginx"",""Twitter Emoji (Twemoji)"",""WP Engine"",""WordPress"",""Yoast SEO"",""jQuery"",""jQuery Migrate"",""jQuery UI""]",39571359,catchall,3/23/2021,14904cafe63ee00099ef6525c1a2dbe3,N/A,N/A,85%,Insurance Agents: Brokers: and Service,https://facebook.com/tolman-wiker-insurance-services-llc-1092315697518754,N/A,N/A,N/A,N/A
Michael Marroccoli,Michael,Marroccoli,Vice President,mmarroccoli@capcoverage.com,Coverage,capcoverage.com,+12016612384,N/A,Westbury,NY,N/A,350,6411000000,6411,"[""Bootstrap"",""Font Awesome"",""Google Analytics"",""Nginx"",""WordPress"",""jQuery"",""jQuery Migrate""]",45553988,catchall,N/A,eb496284e069cb79c673b12143a34d91,N/A,N/A,85%,Insurance Agents: Brokers: and Service,https://facebook.com/capacitygroup/,https://linkedin.com/company/the-capacity-group-of-companies,https://twitter.com/capacitycov,N/A,N/A
Mike Mccleery,Mike,Mccleery,"Vp, Global Hosting & Data Managment",mmccleery@unum.com,Unum Corporate,unum.com,+18667508686,", 8485 Goodwood Blvd, Baton Rouge, LA 70806",Chattanooga,TN,"=""70806""",55000,0,6411,"[""Facebook"",""Google Analytics"",""Google Font API"",""Google Tag Manager"",""Microsoft ASP.NET"",""Sitecore""]",44056489,catchall,N/A,0bb3f717f43c71206aa2a38ede205595,N/A,N/A,85%,Insurance Agents: Brokers: and Service,https://facebook.com/unumbenefits,https://linkedin.com/company/unum,https://twitter.com/unumnews,N/A,N/A
Michael Mcdaniel,Michael,Mcdaniel,Vice President,mmcdaniel@mcdanielwhitley.com,Mcwins,mcdanielwhitley.com,+18003620000,"800 Ridge Lake Blvd Ste 300  Memphis, TN 38120800 Ridge Lake Blvd Ste 300 Memphis, TN 38120",Memphis,TN,"=""38120""",30,6411000000,6411,"[""Google Analytics"",""Nginx"",""SiteCatalyst"",""jQuery""]",40007858,catchall,N/A,73017a93559fa26d6a681e0e5904a095,N/A,N/A,85%,Insurance Agents: Brokers: and Service,https://facebook.com/mcwbonds,https://linkedin.com/company/688445,N/A,N/A,N/A
Matthew Mcdonnell,Matthew,Mcdonnell,Vice President Development,mmcdonnell@seritage.com,Seritage Growth Properties,seritage.com,+12123557800,"500 Fifth Avenue Suite 1530 New York, NY 10110",New York,NY,"=""10110""",75,248700000,65,[],40904695,catchall,N/A,14480e50386ab053a6864c56dea2669a,N/A,N/A,85%,Real Estate,N/A,https://linkedin.com/company/seritage-growth-properties,N/A,N/A,N/A
Matthew Meilahn,Matthew,Meilahn,Regional VP of Banking,mmeilahn@marketplacemc.com,Market Place Mortgage,marketplacemc.com,+13127933000,N/A,Lombard,IL,N/A,N/A,65000000,65,"[""Apache"",""FancyBox"",""Google Analytics"",""Google Font API"",""Google Tag Manager"",""Hammer.js"",""MediaElement.js"",""Mustache"",""Weebly"",""jQuery"",""scrollreveal""]",46166430,catchall,N/A,2f6f3d7e8f1530ab51faef98edb6ab69,N/A,N/A,85%,Real Estate,https://facebook.com/marketplacemortgagecorp,https://linkedin.com/company/market-place-mortgage-corp.,N/A,N/A,N/A
"Michael Nolin, Cpcu",Michael,Cpcu,Vice President - Underwriting,mnolin@concordgroupins.com,Concord Group,concordgroupins.com,N/A,N/A,Acton,MA,N/A,350,6411000000,6411,"[""AngularJS"",""IIS"",""Microsoft ASP.NET"",""jQuery""]",40077966,catchall,N/A,8184897f5ae66a044263f78bfb5d90f0,N/A,N/A,85%,Insurance Agents: Brokers: and Service,N/A,N/A,N/A,N/A,N/A
Monica Steele,Monica,Steele,Assistant Vice President,monica.steele@chartisinsurance.com,Chartis,chartisinsurance.com,+18772440304,N/A,New York,NY,N/A,55000,0,6411,"[""Adobe DTM"",""Adobe Experience Manager"",""Apache"",""Google Tag Manager"",""Java"",""ZURB Foundation"",""jQuery""]",45641340,catchall,N/A,99adcfe4648ba51609affe32f85d5662,N/A,N/A,85%,Insurance Agents: Brokers: and Service,https://facebook.com/aiginsurance,https://linkedin.com/company/1760,https://twitter.com/aiginsurance,N/A,https://youtube.com/user/aig
Monica Vantage Res,Monica,Res,Executive Vice President,monica.walsh@vantageres.com,Vantage Real Estate Services,vantageres.com,+16092217493,ion with high visibility loc,Evesham Township,NJ,N/A,5,1638653,65,"[""All in One SEO Pack"",""Apache"",""Bootstrap"",""Font Awesome"",""Google Analytics"",""Google Font API"",""PHP"",""Revslider"",""WordPress"",""animate.css"",""jQuery"",""jQuery Migrate""]",43653755,catchall,N/A,6828ba3886ff6c081ae77c33f6ac001d,N/A,N/A,85%,Real Estate,https://facebook.com/vantage-real-estate-services-vantage-res-383423628723587,https://linkedin.com/company/11051886,https://twitter.com/vantage_res,https://instagram.com/vantage_res/,N/A
Mike Palotay,Mike,Palotay,Senior Vice President,mpalotay@nasinsurance.com,Insurance Leadership,nasinsurance.com,N/A,N/A,Encino,CA,N/A,125,6411000000,6411,[],37331397,catchall,N/A,69f755f5352348aeb8940da1045f69bb,N/A,N/A,85%,Insurance Agents: Brokers: and Service,N/A,N/A,N/A,N/A,N/A
Michael Perlmutter,Michael,Perlmutter,Assistant Vice President - Real Estate Counsel,mperlmutter@seritage.com,Seritage Growth Properties,seritage.com,+12123557800,"500 Fifth Avenue Suite 1530 New York, NY 10110",New York,NY,"=""10110""",75,248700000,65,[],40904689,catchall,N/A,72391a65d82246d88622fcbaec655f1b,N/A,N/A,85%,Real Estate,N/A,https://linkedin.com/company/seritage-growth-properties,N/A,N/A,N/A
Margo Pflum,Margo,Pflum,Vice President,mpflum@endeavor-re.com,Endeavor Real Estate Group,endeavor-re.com,+15126825503,"501 Brazos St Austin, TX93 Red River St. Austin, TX401 Congress Ave. Austin, TX800 W Cesar Chavez St Austin, TX600 Congress Ave. Austin, TX2425 E 7th Street Austin, TX812 San Antonio St. Austin, TX119",Austin,TX,N/A,300,17500000,65,"[""Apache"",""Modernizr"",""PHP"",""jQuery""]",44515336,catchall,N/A,d0f99b8bfddaf77cecf92943a06a65cc,N/A,N/A,85%,Real Estate,https://facebook.com/endeavor-real-estate-group-624217717595830,https://linkedin.com/company/101354,https://twitter.com/endeavor_re,N/A,N/A
Missy Pudimott,Missy,Pudimott,"Vice President, Strategic Partnerships",mpudimott@conservgrp.com,Consolidated Services Group,conservgrp.com,N/A,N/A,unknown city,unknown state,N/A,350,6411000000,6411,"[""Google Font API"",""IIS"",""Microsoft ASP.NET""]",45162778,catchall,N/A,9a7f519300e84c6a5d3112463edeb9c9,N/A,N/A,85%,Insurance Agents: Brokers: and Service,N/A,N/A,N/A,N/A,N/A
Maria Napolitano,Maria,Napolitano,Vice President,mrnapolitano@gimargroup.com,Gimar Real Estate & Developers,gimargroup.com,N/A,N/A,unknown city,unknown state,N/A,5,1638653,65,[],42896586,catchall,N/A,660c1ee1ba06441f518692cfafe65f7a,N/A,N/A,85%,Real Estate,N/A,N/A,N/A,N/A,N/A
Michael Rosenfeld,Michael,Rosenfeld,Vice President,mrosenfeld@modelconsultinginc.com,Model Consulting,modelconsultinginc.com,N/A,N/A,Trevose,PA,N/A,30,6411000000,6411,"[""CloudFlare"",""Microsoft ASP.NET"",""Statcounter"",""jQuery""]",38366454,catchall,N/A,19ce46035358112f3926c29ae3becf90,N/A,N/A,85%,Insurance Agents: Brokers: and Service,N/A,N/A,N/A,N/A,N/A
Martha Sarra,Martha,Sarra,Vice President &amp; Chief Ethics and,msarra@frysfood.com,Frysfood,frysfood.com,N/A,N/A,Searcy,AR,N/A,N/A,388080,6411,[],42266828,catchall,N/A,e19f0ad61a88b8cbf5fa15199c5bc0c5,N/A,N/A,85%,Insurance Agents: Brokers: and Service,N/A,N/A,N/A,N/A,N/A
Matthew Stephens,Matthew,Stephens,VP of Design,mstephens@thezebra.com,Zebra,thezebra.com,+18884442833,N/A,Austin,TX,N/A,5,2000000,6411,"[""CloudFlare"",""Django"",""Google Tag Manager"",""Sentry""]",42012093,catchall,N/A,926e46339e4a4b140db1169087504253,N/A,N/A,85%,Insurance Agents: Brokers: and Service,https://facebook.com/thezebraco,https://linkedin.com/company/the-zebra,https://twitter.com/thezebraco,https://instagram.com/thezebraco,N/A
Moses Swent,Moses,Swent,Vice President,mswent@eustis.com,Eustis,eustis.com,+15045863160,"Suite 200 Metairie, LA 70005",New Orleans,LA,"=""70005""",125,6411000000,6411,[],39374432,catchall,N/A,774bb62d4ecdabd1a70bef080ba21529,N/A,N/A,85%,Insurance Agents: Brokers: and Service,N/A,N/A,N/A,N/A,N/A
Mark Trostle,Mark,Trostle,Executive Vice President,mtrostle@willowsford.com,Willowsford Conservancy,willowsford.com,+18885840063,N/A,Ashburn,VA,N/A,125,25000000,65,"[""All in One SEO Pack"",""Apache"",""Facebook"",""FancyBox"",""Font Awesome"",""Google Analytics"",""Google Font API"",""OpenSSL"",""Pinterest"",""Twitter Emoji (Twemoji)"",""WordPress"",""jQuery"",""jQuery Migrate""]",46390641,catchall,N/A,e3c8eb9de7979714e3ace2bf2b8a861b,N/A,N/A,85%,Real Estate,https://facebook.com/willowsford,N/A,https://twitter.com/willowsford,N/A,https://youtube.com/user/willowsfordva
Matt Tunney,Matt,Tunney,Sr. Vice President & Co-founder,mtunney@pulc.com,Pacific Union Land,pulc.com,+19253143800,"675 Hartz Ave, Suite 300 Danville, CA 94526",Danville,CA,"=""94526""",30,5700128,65,"[""Google Font API"",""Nginx"",""jQuery""]",38076804,catchall,N/A,115c59a2de13964915fc51aa22a23ae9,N/A,N/A,85%,Real Estate,N/A,N/A,N/A,N/A,N/A
Maggie B. Underwood,Maggie,Underwood,"Assistant Vice President, Operations Dept.",munderwood@mxmsig.com,Maxum Indemnity,mxmsig.com,+16785974501,"Parkway, Suite 500 Alpharetta, GA",Alpharetta,GA,N/A,125,6411000000,6411,"[""Akamai"",""Google Analytics"",""IIS"",""Microsoft ASP.NET"",""MooTools"",""jQuery""]",37269582,catchall,N/A,0a4ec515bbb9c9c3074d75717bb27a82,N/A,N/A,85%,Insurance Agents: Brokers: and Service,N/A,https://linkedin.com/company/maxum-specialty-insurance-group,N/A,N/A,N/A
Marc Van Dam,Marc,Dam,Senior Vice President,mvandam@thecampbellgrp.com,Campbell Group,thecampbellgrp.com,+18007661853,"6307 84th St SE, Caledonia, MI 49316",Caledonia,MI,"=""49316""",350,6411000000,6411,"[""Google Font API"",""Gravatar"",""Gravity Forms"",""Nginx"",""Twitter Emoji (Twemoji)"",""WP Engine"",""WordPress"",""Yoast SEO"",""jQuery"",""jQuery Migrate""]",39188285,catchall,N/A,dbee17e6bcdf35415e247f9272563125,N/A,N/A,85%,Insurance Agents: Brokers: and Service,N/A,https://linkedin.com/company/the-campbell-group,N/A,N/A,N/A
Michael Walsh,Michael,Walsh,Executive Vice President,mwalsh@walshins.com,Walsh Duffield,walshins.com,+15854581111,"801 Main St., Buffalo, NY 14203801 Main St. Buffalo, NY 14203",Buffalo,NY,"=""14203""",125,6411000000,6411,"[""Bootstrap"",""Facebook"",""Google Font API"",""Google Tag Manager"",""Nginx"",""Twitter Emoji (Twemoji)"",""WordPress"",""Yoast SEO"",""jQuery"",""jQuery Migrate"",""reCAPTCHA""]",42071193,catchall,N/A,9e8681b9f088c9cd85d9be8d93293561,N/A,N/A,85%,Insurance Agents: Brokers: and Service,https://facebook.com/walshduffield,https://linkedin.com/company/375131/,https://twitter.com/wdwellnessdaily,N/A,N/A
Mark Weber,Mark,Weber,Vice President,mweber@lockton.com,Lockton,lockton.com,+18338542696,N/A,Chicago,IL,N/A,300,1299000000,6411,"[""CloudFlare""]",38788658,catchall,N/A,486183eb8cb33f01fd31a9fb4f7ff86f,N/A,N/A,85%,Insurance Agents: Brokers: and Service,https://facebook.com/locktoncompanies,https://linkedin.com/company/lockton-companies,https://twitter.com/lockton,https://instagram.com/locktoncompanies,https://youtube.com/user/locktoncompanies
Mary Wessler,Mary,Wessler,"Vice President, Colorado Region",mwessler@conam.com,Conam Management,conam.com,+18586147200,N/A,San Diego,CA,N/A,5,27442800,65,"[""Bootstrap"",""Font Awesome"",""Microsoft ASP.NET"",""Slick"",""animate.css"",""jQuery""]",40015879,catchall,N/A,15c225df8f4773e4e14c55c8e30a2453,N/A,N/A,85%,Real Estate,https://facebook.com/conammanagement,https://linkedin.com/company/conam-management-corporation,https://twitter.com/conammanagement,https://instagram.com/conammanagement,https://youtube.com/channel/ucxtc_tawoxycflsve1yblrg
Mary Wessler,Mary,Wessler,Senior Vice President,mwessler@greystar.com,Greystar,greystar.com,+17192431002,"750 Bering Drive, Suite 300 Houston, TX 77075",Charlotte,NC,"=""77075""",7500,110000000,65,"[""Google Maps"",""Google Tag Manager""]",39772216,catchall,N/A,4df900a94abb7765835c2bd4d15dce02,N/A,N/A,85%,Real Estate,https://facebook.com/greystarapts,https://linkedin.com/company/greystar,https://twitter.com/greystarapts,N/A,https://youtube.com/user/greystarapartments
Marsha White,Marsha,White,Vice President,m.white@suntrustmortgage.com,Suntrust Banks Trust,suntrustmortgage.com,+18006347928,N/A,Tampa,FL,N/A,N/A,0,65,[],38709489,catchall,N/A,dde3fcf7b9350612cb0b08b8d1df259f,N/A,N/A,85%,Real Estate,https://facebook.com/suntrust,N/A,https://twitter.com/suntrust,N/A,https://youtube.com/user/livesolid
Mark Wooditch,Mark,Wooditch,Executive VP,mwooditch@wooditch.com,Wooditch,wooditch.com,+19495539800,"1 Park Plaza, Suite 400 Irvine, CA 92614",Irvine,CA,"=""92614""",30,6411000000,6411,"[""Apache"",""Font Awesome"",""Google Font API"",""Modernizr"",""Slick"",""TweenMax"",""Twitter Emoji (Twemoji)"",""WordPress"",""animate.css"",""jQuery"",""jQuery Migrate"",""jQuery UI""]",41925351,catchall,N/A,4c883d7ac4b9140d548584025b4b0803,N/A,N/A,85%,Insurance Agents: Brokers: and Service,N/A,https://linkedin.com/in/tierra-traylor-012ab7153,N/A,N/A,N/A
Michael Woodlee,Michael,Woodlee,Vice President and General Manager,mwoodlee@glenstar.com,Glenstar,glenstar.com,+13127951800,"2400 Cabot Drive, Lisle, IL",Chicago,IL,N/A,30,3000000,65,"[""Apache"",""Bootstrap"",""Google Analytics"",""Handlebars"",""PHP"",""Slick"",""WordPress"",""jQuery""]",45385962,catchall,N/A,28c6513cf7f8cd2f3744880762903a4c,N/A,N/A,85%,Real Estate,N/A,N/A,N/A,N/A,N/A
Norman Allen,Norman,Allen,Senior Vice President & Partner,nallen@wsandco.com,Woodruff Sawyer,wsandco.com,+14154026514,N/A,Portland,OR,N/A,350,6411000000,6411,"[""Elementor"",""Google Analytics"",""Google Font API"",""Google Tag Manager"",""MediaElement.js"",""Nginx"",""Pantheon"",""Pardot"",""Twitter Emoji (Twemoji)"",""Varnish"",""WordPress"",""ZURB Foundation"",""jQuery"",""jQuery Migrate""]",37519751,catchall,N/A,eab3244588bfef7b7e54fcfbd1af1269,N/A,N/A,85%,Insurance Agents: Brokers: and Service,https://facebook.com/woodruffsawyer,https://linkedin.com/company/woodruff-sawyer,https://twitter.com/woodruffsawyer,N/A,https://youtube.com/channel/ucxbuqd50n-o8arfs7pcphsa
Natasha Franck,Natasha,Franck,Senior Vice President Global Business Development,natasha.franck@delos.com,Delos™,delos.com,+16466543438,N/A,New York,NY,N/A,300,6000000,65,"[""Bootstrap"",""CloudFlare"",""Font Awesome"",""Google Analytics"",""Gravity Forms"",""WordPress"",""YouTube"",""jQuery""]",39273254,catchall,N/A,7420b3fc13bbdb45b845b9bf1c6c30b6,N/A,N/A,85%,Real Estate,https://facebook.com/delosliving,https://linkedin.com/company/1302211,https://twitter.com/delosliving,N/A,https://youtube.com/user/delosliving
Nate Hatzung,Nate,Hatzung,Vice President,nate@hatzunginsurance.com,Hatzung,hatzunginsurance.com,+18006699497,"Personal Insurance in St. Louis Park, Minneapolis, Bloomington, Eden Prairie, Minnetonka, Edina, and throughout the Twin Cities",Minneapolis,MN,N/A,5,1000000,6411,"[""Bootstrap"",""CloudFlare"",""Font Awesome"",""Google Analytics"",""Google Font API"",""Google Tag Manager"",""Lightbox"",""YouTube"",""animate.css"",""jQuery"",""jQuery Migrate"",""jQuery UI""]",37337444,catchall,N/A,5889ea856a56b33e4cb0780e2b955559,N/A,N/A,85%,Insurance Agents: Brokers: and Service,https://facebook.com/hatzunginsurance/,https://linkedin.com/company/hatzung-insurance,https://twitter.com/goodnessins,https://instagram.com/hatzunginsurance,https://youtube.com/channel/ucarnxqhxqavpp9voqdibriw
Nate Hutchings,Nate,Hutchings,VP of Operations & General Counsel,nateh@focalpointhomes.com,Focal Point Homes,focalpointhomes.com,+19162764242,"PM, 1852 MacArthur Drive, McLean, VA 22101,",Mclean,VA,N/A,5,1638653,65,[],43173392,catchall,N/A,080ddf4f9c71c7aebb579fe42b8740de,N/A,N/A,85%,Real Estate,N/A,N/A,N/A,N/A,N/A
Nav Arora,Nav,Arora,VP of People,nav@roofstock.com,Roofstock,roofstock.com,+19099479931,"218 9th Street San Francisco, CA 94103Suite 1401 San Francisco, CA 94105",San Francisco,CA,"=""94105""",300,6000000,65,"[""Bootstrap"",""CloudFlare"",""Criteo"",""Facebook"",""Google Analytics"",""Google Tag Manager"",""HubSpot"",""IIS"",""Matomo"",""Microsoft ASP.NET"",""Mixpanel"",""jQuery""]",38420873,catchall,N/A,3ca8f7db1a5c8e98f5927cfec695054d,N/A,N/A,85%,Real Estate,https://facebook.com/roofstock,https://linkedin.com/company/roofstock,https://twitter.com/roofstock,N/A,N/A
Norine Crx,Norine,Crx,Vice President Property Management,nbowen@herringgroup.com,Mgherring Group,herringgroup.com,+19724480248,"5710 LBJ Freeway Suite 450 Dallas, Texas 75240",unknown city,unknown state,"=""75240""",30,5700128,65,"[""Microsoft Word"",""OpenResty""]",46602305,catchall,N/A,578d268346823728e1c26a3bc0114cee,N/A,N/A,85%,Real Estate,N/A,N/A,N/A,N/A,N/A
Nicholas Costigan,Nicholas,Costigan,VP Product Development,ncostigan@ngsamerican.com,Ngs American,ngsamerican.com,N/A,N/A,Saint Clair Shores,MI,N/A,350,6411000000,6411,[],37401474,catchall,N/A,dd1af921ed5c6f193443113fa94f4261,N/A,N/A,85%,Insurance Agents: Brokers: and Service,N/A,N/A,N/A,N/A,N/A
Nick Diamantis,Nick,Diamantis,Vice President,ndiamantis@vreelandinsurance.com,Phoenix Insurance Group,vreelandinsurance.com,+19088796500,"205 Main Street Chester, NJ 07930",unknown city,unknown state,"=""07930""",30,6411000000,6411,"[""Elementor"",""Font Awesome"",""Google Analytics"",""Google Font API"",""Nginx"",""Twitter Emoji (Twemoji)"",""WordPress"",""Yoast SEO"",""ZURB Foundation"",""jQuery"",""jQuery Migrate"",""reCAPTCHA""]",39677205,catchall,N/A,a7bada0d2ca31d35360d66d6f9c3f36a,N/A,N/A,85%,Insurance Agents: Brokers: and Service,https://facebook.com/pages/chester-nj/phoenix-insurance-group/122117464489156,https://linkedin.com/company/phoenix-insurance-group-inc.-mazey-reed-&-brey,https://twitter.com/phoenixinsgrp,N/A,N/A
Nick Konopisos,Nick,Konopisos,Vice President,ndk@theopacific.com,Theopacific,theopacific.com,+16574449201,N/A,Tustin,CA,N/A,5,1638653,65,"[""Bootstrap"",""Nginx"",""PHP"",""jQuery""]",45410467,catchall,N/A,3675baee07fe91b9131ec4c1cc7f3cc7,N/A,N/A,85%,Real Estate,N/A,N/A,N/A,N/A,N/A
Norman Donselaar,Norman,Donselaar,Senior Vice President of Construction,ndonselaar@byredwood.com,Redwood Living,byredwood.com,+12162644402,"7510 Pleasant Valley Rd. Independence, OH 44131",Independence,MO,"=""44131""",300,29400000,65,"[""Lodash"",""Polyfill"",""React"",""RequireJS"",""Wix"",""Zepto""]",38365394,catchall,N/A,66d0e524157b249be9feca92d3357ce3,N/A,N/A,85%,Real Estate,https://facebook.com/byredwood,https://linkedin.com/company/redwood-communities-group,https://twitter.com/byredwood,https://instagram.com/byredwood,N/A
Nesli Kohen,Nesli,Kohen,VP of Business Development,nesli@tolucaterracesapts.com,Blix,tolucaterracesapts.com,+17472042903,"10834 Blix Street Toluca Lake, CA 91602",North Hollywood,CA,"=""91602""",N/A,0,65,"[""Bootstrap"",""CloudFlare"",""DataTables"",""Google Analytics"",""Modernizr"",""jQuery"",""jQuery UI"",""reCAPTCHA""]",44987628,catchall,N/A,11bec40c447f878e609b7146a9736ec8,N/A,N/A,85%,Real Estate,https://facebook.com/toluca-terrace-south-869651599800123,N/A,N/A,N/A,N/A
Nancy Harmon,Nancy,Harmon,Senior VP,n.harmon@suntrustmortgage.com,Suntrust Banks Trust,suntrustmortgage.com,+18006347928,N/A,Tampa,FL,N/A,N/A,0,65,[],38709577,catchall,N/A,59cde6c3492c75c639e6d7c0c6f66b69,N/A,N/A,85%,Real Estate,https://facebook.com/suntrust,N/A,https://twitter.com/suntrust,N/A,https://youtube.com/user/livesolid
Angela Nevels Nicholas,Angela,Nicholas,Senior VP,nicholasa@mcneary.com,Gallagher,mcneary.com,+14065494187,"1667 K Street Northwest Washington,",Marietta,GA,N/A,125,6411000000,6411,"[""Google Maps"",""Google Tag Manager"",""Handlebars"",""IIS"",""Incapsula"",""Microsoft ASP.NET"",""Modernizr"",""Sitecore"",""Swiftype"",""jQuery"",""jQuery UI""]",44909501,catchall,N/A,ba062f27ab710d035fccb22948e312df,N/A,N/A,85%,Insurance Agents: Brokers: and Service,https://facebook.com/gallagherglobal,https://linkedin.com/company/gallagher-global,https://twitter.com/gallagherglobal,https://instagram.com/gallagherglobal,https://youtube.com/channel/uc4_irs7ty3yrte46d4fb6iw/featured
Nick Ross,Nick,Ross,Senior Vice President,nick@alwex.com,Alwex,alwex.com,+18885337515,N/A,New York,NY,N/A,5,2000000,6411,"[""Squarespace""]",38462493,catchall,N/A,d9a319d5c043e74b559b94b1283ea213,N/A,N/A,85%,Insurance Agents: Brokers: and Service,https://facebook.com/alwexinsurance,N/A,https://twitter.com/alwexinsurance,https://instagram.com/alwexinsurance,N/A
Nick Holdridge,Nick,Holdridge,Regional Vice President,nick@us-reports.com,Us-reports,us-reports.com,N/A,N/A,Loveland,CO,N/A,750,6411000000,6411,[],40759488,catchall,N/A,b095547e0cf04c000b09c19d69b2442f,N/A,N/A,85%,Insurance Agents: Brokers: and Service,N/A,N/A,N/A,N/A,N/A
Ninad Athavale,Ninad,Athavale,Vice President,ninad.athavale@koltepatil.com,Kolte-patil Developers,koltepatil.com,+18002666654,N/A,San Francisco,CA,N/A,750,154210747,65,[],37684352,catchall,N/A,da6980ed355ee1e0463fca2d50589f80,N/A,N/A,85%,Real Estate,https://facebook.com/24kliving,N/A,https://twitter.com/koltepatilltd,https://instagram.com/24k.living,https://youtube.com/user/koltepatilltd
Noah Marine,Noah,Marine,Second Vice President,nmarine@travelers.com,Travelers Indemnity,travelers.com,+18663362077,N/A,Hinckley,OH,N/A,30,1000000,6411,"[""Akamai"",""CloudFlare"",""Dynatrace"",""Facebook"",""Google Analytics"",""Google Tag Manager"",""IIS"",""Microsoft ASP.NET"",""Modernizr"",""Tealium"",""YUI"",""jQuery"",""jQuery UI""]",39063890,catchall,N/A,d3a091411e7237c19954883c41c1014e,N/A,N/A,85%,Insurance Agents: Brokers: and Service,https://facebook.com/travelers,https://us.linkedin.com/company/travelers,https://twitter.com/travelers,https://instagram.com/travelersinsurance,https://youtube.com/user/travelersinsurance
Noah Furie,Noah,Furie,Executive Vice President,noah.furie@budget.loans,Budget Mortgage,budgetmortgagecorp.com,+18887718720,N/A,Los Angeles,CA,N/A,30,7000000,65,[],38213365,catchall,1/12/2021,f1af2f1967e6208eead66d3eca3ba800,N/A,N/A,85%,Real Estate,N/A,N/A,N/A,N/A,N/A
Nicole Puma,Nicole,Puma,Vice President of IT,npuma@lgihomes.com,Lgi Homes,lgihomes.com,+18668005178,"1450 Lake Robbins Drive, Suite 430 | The Woodlands, TX 77380",Seattle,WA,"=""77380""",750,838300000,65,"[""CloudFlare"",""Facebook"",""Font Awesome"",""Google Analytics"",""Google Font API"",""Google Tag Manager"",""IIS"",""Inspectlet"",""Java"",""Microsoft ASP.NET"",""jQuery"",""jQuery Migrate""]",37478815,catchall,N/A,5422b7364d8c63b32b736fbf55daa872,N/A,N/A,85%,Real Estate,https://facebook.com/lgihomes,N/A,https://twitter.com/#!/lgihomes,https://instagram.com/lgihomes,https://youtube.com/user/lgihomes
Norma Stende,Norma,Stende,Vice President/key Accounts Manager,nstende@warnerandcompany.com,Warner And Company Insurance Warner And,warnerandcompany.com,+17012554956,"PO Box 1470 Fargo, ND 58107-1470",Fargo,ND,"=""58107-1470""",30,6411000000,6411,"[""Apache"",""Google Analytics"",""PHP"",""jQuery""]",40015260,catchall,N/A,affdc6c06751e036231735dcabda61db,N/A,N/A,85%,Insurance Agents: Brokers: and Service,N/A,N/A,N/A,N/A,N/A
Nigel Thompson,Nigel,Thompson,VP Product Management,nthompson@good.com,Blackberry,www1.good.com,+16474262938,N/A,Steamboat Springs,CO,N/A,N/A,65000000,65,"[""Adobe Experience Manager"",""Amazon Cloudfront"",""Amazon EC2"",""Apache"",""Google Tag Manager"",""jQuery""]",42030945,catchall,N/A,230947b46113c05168a67537822c79fe,N/A,N/A,85%,Real Estate,https://facebook.com/blackberry,https://linkedin.com/company/blackberry,https://twitter.com/blackberry,https://instagram.com/blackberry,https://youtube.com/user/blackberry
Nancy Turner,Nancy,Turner,Vice President,nturner@axis-mn.com,Axis-mn.comwelcome,axis-mn.com,+16513571108,"Inc.  2345 Rice Street, Suite 112  Roseville, MN 55113",Saint Paul,MN,"=""55113""",125,6411000000,6411,"[""Google Font API"",""Polyfill"",""RequireJS"",""Sentry"",""Wix""]",37998262,catchall,N/A,26022fb1153ce2240130f35b15994a1a,N/A,N/A,85%,Insurance Agents: Brokers: and Service,N/A,N/A,N/A,N/A,N/A
Nancy Tussy,Nancy,Tussy,"Vp, P&c Department Manager, Insurors Indemnity Co.",ntussy@insurors.com,Insurors,insurors.com,N/A,N/A,Waco,TX,N/A,125,6411000000,6411,"[""Bootstrap"",""Nginx"",""PHP"",""Plesk"",""TinyMCE"",""jQuery"",""jQuery UI""]",41753471,catchall,N/A,f08860d0fa07eda6cfad3cc117a74eca,N/A,N/A,85%,Insurance Agents: Brokers: and Service,N/A,N/A,N/A,N/A,N/A
Nan Weinberg,Nan,Weinberg,Assistant Vice President,nweinberg@mcintyre-group.com,Mcintyre Group,mcintyre-group.com,N/A,N/A,unknown city,unknown state,N/A,30,6411000000,6411,"[""Apache""]",43303110,catchall,N/A,23e12e7da94ebf42f0254b45ed6f9547,N/A,N/A,85%,Insurance Agents: Brokers: and Service,N/A,N/A,N/A,N/A,N/A
Oz Drewniak,Oz,Drewniak,Vice President,odrewniak@interrentreit.com,Interrent Reit,interrentreit.com,+14162035827,N/A,unknown city,unknown state,N/A,5,1638653,65,"[""Apache"",""Font Awesome"",""Google Analytics"",""Google Font API"",""Modernizr"",""Revslider"",""Twitter Emoji (Twemoji)"",""WordPress"",""animate.css"",""jQuery"",""jQuery Migrate""]",41207269,catchall,N/A,55c78a63b2c22a4b2d7f43c27a1da470,N/A,N/A,85%,Real Estate,N/A,N/A,N/A,N/A,N/A
Scott Ogburn,Scott,Ogburn,VP Sr. Consultant,ogburn@ecmins.com,Ecm,ecmins.com,+17042271166,"P.O. Box 12457 Charlotte, NC4000 Park Road Charlotte, NC",Charlotte,NC,N/A,5,1000000,6411,"[""Apache"",""Google Font API"",""PHP"",""Twitter Emoji (Twemoji)"",""WordPress"",""YouTube"",""ZURB Foundation"",""jQuery"",""jQuery Migrate""]",39908007,catchall,N/A,f60fe4b1eadb5aba019da4656b2120d8,N/A,N/A,85%,Insurance Agents: Brokers: and Service,https://facebook.com/ecminsurance,https://linkedin.com/company/ecm-insurance,https://twitter.com/ecminsurance,N/A,https://youtube.com/user/ecmins
Odai Jordan,Odai,Jordan,Vice President,ojordan@nationalloanclosings.com,National Loan Closings,nationalloanclosings.com,+15159744035,N/A,Des Moines,IA,N/A,30,5700128,65,"[""Apache"",""Facebook"",""Google Analytics"",""jQuery""]",38866877,catchall,N/A,0e03766a3ab24071e06d1ae7dc78eecd,N/A,N/A,85%,Real Estate,N/A,N/A,N/A,N/A,N/A
Olivia Czyzynski,Olivia,Czyzynski,Vice President,olivia@dkrealty.com,Dk,dkrealty.com,+18473978940,"650 E. Algonquin Road, Suite 201, Schaumburg, IL 60173",Los Angeles,CA,"=""60173""",30,5700128,65,"[""IIS"",""Microsoft ASP.NET"",""Plesk""]",36417533,catchall,1/12/2021,3e62b2221cd0e03264795cb7882bb3cb,N/A,N/A,85%,Real Estate,https://facebook.com/pages/schaumburg-il/dk-realty-partners-llc-commercial-realtors/128033821971,https://linkedin.com/in/pauldemik,https://twitter.com/dkrealty,N/A,N/A
Omid Ashtari,Omid,Ashtari,"Vp, Strategy &amp; Operations",omid@cozy.co,Cozy,cozy.co,+12023466500,"3514 N. Vancouver Ave. 4th Floor Portland, OR 97227",Portland,OR,"=""97227""",75,6000000,65,"[""Algolia Realtime Search"",""Amazon Cloudfront"",""Amazon S3"",""Facebook"",""Google Analytics"",""Google Tag Manager"",""Modernizr"",""Moment.js"",""Segment"",""Slick"",""Twitter"",""ZURB Foundation"",""jQuery""]",45025661,catchall,4/9/2021,a2f630a4bdfc9e8f8a92c7cea5a03476,N/A,N/A,85%,Real Estate,https://facebook.com/socozy,https://linkedin.com/company/cozy,https://twitter.com/cozyco,https://instagram.com/cozyco,N/A
Shawn Heiner,Shawn,Heiner,Vice-president,onassignment@heinerins.com,Heiner,heinerins.com,+18015939597,"606 Washington Blvd. Ogden, Utah 84404",Ogden,UT,"=""84404""",30,6411000000,6411,[],39297646,catchall,N/A,14b7027d737bc87ff80a224178105470,N/A,N/A,85%,Insurance Agents: Brokers: and Service,https://facebook.com/heinerins/,https://linkedin.com/company/heiner%27s-insurance-center,N/A,N/A,N/A
Pam Daigle,Pam,Daigle,Vice President,pam@rpmpremierfl.com,Premier,rpmpremierfl.com,+19548004433,N/A,Pembroke Pines,FL,N/A,5,65000000,65,"[""Bootstrap"",""CloudFlare"",""Google Font API"",""Google Maps"",""Google Tag Manager"",""Gravity Forms"",""Lightbox"",""WP Engine"",""WordPress"",""Yoast SEO"",""jQuery"",""jQuery Migrate"",""prettyPhoto""]",41877884,catchall,N/A,bac9eddcb1b167325f73a7f0715d0d0f,N/A,N/A,85%,Real Estate,https://facebook.com/realpropertymanagementpremier,https://linkedin.com/company/real-property-management-premier,https://twitter.com/rpmpremier,N/A,N/A
Patrick Anderson,Patrick,Anderson,Executive VP,panderson@identitysystemsinc.com,Identity Systems,identitysystemsinc.com,+18007330034,"1324 Stimmel Rd. Columbus, OH 43223",Columbus,OH,"=""43223""",125,3999000000,3999,"[""Polyfill"",""React"",""RequireJS"",""Wix"",""YouTube""]",41963119,catchall,N/A,5597a3ecc0b2796610c2366acb0f845f,N/A,N/A,85%,Manufacturing Industries: Not Elsewhere Classified,https://facebook.com/identitysystemsinc,https://linkedin.com/company/identity-systems-incorporated,https://twitter.com/identitysystems,N/A,https://youtube.com/channel/ucgpwbtlbjucvw1onjlqxbya
Pat Cooper,Pat,Cooper,Assistant Vice President,pat@claudereynoldsinsurance.com,Claude Reynolds Insurance Agency,claudereynoldsinsurance.com,+15029332255,"Suite 201 Louisville, Kentucky 40243",Louisville,KY,"=""40243""",5,1000000,6411,"[""Facebook"",""Font Awesome"",""Google Analytics"",""Google Font API"",""Nginx"",""WordPress"",""Yoast SEO"",""jQuery"",""jQuery Migrate""]",38904979,catchall,11/20/2020,1d08f0b61e56449c4fe466d273974500,N/A,N/A,85%,Insurance Agents: Brokers: and Service,https://facebook.com/reynoldsagency,https://linkedin.com/company/claude-reynolds-insurance-agency-inc-/about,https://twitter.com/reynoldsagency,https://instagram.com/reynoldsinsgroup,N/A
Pat Graika,Pat,Graika,Vice President,patg@hageninsurance.com,Hagen,hageninsurance.com,+19075618040,"405 W 36th Ave, Ste 100Anchorage, AK 99503405 W 36th Ave, Ste 100 Anchorage, AK 99503",Anchorage,AK,"=""99503""",5,2000000,6411,"[""Apache"",""Bootstrap"",""Facebook"",""Font Awesome"",""Google Font API"",""PHP"",""jQuery""]",42290043,catchall,N/A,0ebbf7643fc888f527a3ec1082edb108,N/A,N/A,85%,Insurance Agents: Brokers: and Service,N/A,N/A,N/A,N/A,N/A
Patrick O'hara,Patrick,O'hara,Regional Vice President,patrick.ohara@washingtonprime.com,Washington Prime Group,washingtonprime.com,+16146219000,N/A,Bethesda,MD,N/A,125,0,65,"[""Apache"",""Modernizr"",""jQuery""]",46658686,catchall,N/A,2df8d99442637f569b3b2685d843ccfd,N/A,N/A,85%,Real Estate,N/A,https://linkedin.com/company/washington-prime-group-inc,N/A,https://instagram.com/washingtonprimegroup,N/A
Patrick Smith,Patrick,Smith,Vp/retirement & Wealth Consulting Group,patrick.smith@thehartford.com,Hartford,thehartford.com,+18003227789,"P.O. Box 55359 Boston, MA 02205",Ct,CT,"=""02205""",55000,0,6411,"[""Akamai"",""Apache"",""Bootstrap"",""Moment.js"",""Tealium"",""jQuery""]",46004139,catchall,N/A,f624a4f69a4891b94b472f6faaab38b2,N/A,N/A,85%,Insurance Agents: Brokers: and Service,https://facebook.com/thehartford,https://linkedin.com/company/the-hartford,https://twitter.com/thehartford,N/A,N/A
Patrick Barnes,Patrick,Barnes,Vice President,patrick@tutton.com,Tutton,tutton.com,+18009563728,N/A,Santa Ana,CA,N/A,30,8000000,6411,"[""Azure"",""DNN"",""Microsoft ASP.NET""]",39815190,catchall,1/12/2021,4e8f5a1de6e8cfbb060c734871d7e1a3,N/A,N/A,85%,Insurance Agents: Brokers: and Service,https://facebook.com/assuredpartners,https://linkedin.com/company/assuredpartners,https://twitter.com/assuredpartners,N/A,N/A
Pat Riley,Pat,Riley,Senior Vice President,pat@saintfrancisvillage.com,Saintfrancisvillage,saintfrancisvillage.com,+18172925786,"4070 St. Francis Village Road Crowley, TX 76036",Lubbock,TX,"=""76036""",5,1638653,65,"[""Apache""]",44779276,catchall,N/A,8807792261c988b85d392ed78dd4b0f7,N/A,N/A,85%,Real Estate,N/A,N/A,N/A,N/A,N/A
Patti Deschaine,Patti,Deschaine,VP Customer Support,patti.deschaine@wahve.com,Wahve,wahve.com,+16468074372,N/A,New York,NY,N/A,125,64000000,64,"[""Font Awesome"",""Google Analytics"",""Google Font API"",""NextGEN Gallery"",""Nginx"",""Revslider"",""Slick"",""Twitter Emoji (Twemoji)"",""WP Engine"",""WordPress"",""Yoast SEO"",""jQuery"",""jQuery Migrate"",""jQuery UI""]",40021785,catchall,N/A,9451fa354b655814b96b0d9b0bab913d,N/A,N/A,85%,Insurance Agents: Brokers: and Service,https://facebook.com/wahve,https://linkedin.com/company/work-at-home-vintage-employees-llc,https://twitter.com/wahve,N/A,https://youtube.com/channel/ucx9x-vyfmznzgfkpj9nfvnq
Patti Maly,Patti,Maly,Vice President of Operations,patti.maly@uisinsure.com,Uisinsure,uisinsure.com,+17086580004,"6500 West College Drive, Palos Heights IL 60463",Palos Heights,IL,"=""60463""",30,6411000000,6411,"[""Apache"",""jQuery""]",37388385,catchall,N/A,b7655431176922f51796069e2907be47,N/A,N/A,85%,Insurance Agents: Brokers: and Service,N/A,N/A,N/A,N/A,N/A
Patti Runquist,Patti,Runquist,Senior Vice President,pattirunquist@auroralending.com,Aurora Financial Group,auroralending.com,+18556905900,N/A,Marlton,NJ,N/A,125,6411000000,6411,"[""IIS"",""Microsoft ASP.NET""]",40704346,catchall,N/A,13a620d35c9053c3889137a35f60b2d0,N/A,N/A,85%,Insurance Agents: Brokers: and Service,N/A,N/A,N/A,N/A,N/A
Ryan Patton,Ryan,Patton,Vice President,patton@wheelockst.com,Wheelock Street Capital,wheelockst.com,+17038715020,"660 Steamboat Road, 3rd Floor Greenwich, CT 06830",New York,NY,"=""06830""",30,7000000,65,[],38632250,catchall,N/A,783880ea64897fe4f798a76285a1f49b,N/A,N/A,85%,Real Estate,N/A,N/A,N/A,N/A,N/A
Paul Ajdaharian,Paul,Ajdaharian,Executive Vice President,paul.ajdaharian@washingtonprime.com,Washington Prime Group,washingtonprime.com,+16146219000,N/A,Bethesda,MD,N/A,125,0,65,"[""Apache"",""Modernizr"",""jQuery""]",46658679,catchall,N/A,3c7d42ed41b57e69b58139f2a5b0c675,N/A,N/A,85%,Real Estate,N/A,https://linkedin.com/company/washington-prime-group-inc,N/A,https://instagram.com/washingtonprimegroup,N/A
Paul Traughber,Paul,Traughber,Vice President,paul@alandale.com,Alandale,alandale.com,+18007569100,"337 W. Foothill Blvd Glendora, CA 91740",Los Alamitos,CA,"=""91740""",30,6411000000,6411,"[""CloudFlare"",""Google Analytics"",""Google Font API"",""Java"",""Nginx"",""Supersized"",""Tawk.to"",""Twitter Emoji (Twemoji)"",""WordPress"",""jQuery"",""jQuery Migrate""]",41644495,catchall,N/A,c3fc9dbcd13370a84bbc96854c4f710b,N/A,N/A,85%,Insurance Agents: Brokers: and Service,https://facebook.com/alandaleins,https://linkedin.com/company/alandale-insurance-agency,https://twitter.com/alandaleagency,https://instagram.com/aiamillsphdinsurance,https://youtube.com/channel/ucks26-f-etxcr1yanl6km0q
Paul Kuczmierczyk,Paul,Kuczmierczyk,Vice President,paul@andcomanagement.com,Andco Management Ltd4156 N,andcomanagement.com,+17734773278,"4156 N. Lincoln Ave Chicago, IL 60618",Chicago,IL,"=""60618""",30,65000000,65,"[""Google Analytics"",""Google Font API"",""Google Maps"",""Java"",""New Relic"",""Nginx"",""Twitter Emoji (Twemoji)"",""WP Engine"",""WordPress"",""Yoast SEO"",""jQuery"",""jQuery Migrate""]",37655457,catchall,N/A,e87270764088f59053d3a98186e21254,N/A,N/A,85%,Real Estate,N/A,N/A,N/A,N/A,N/A
Paula Knighten,Paula,Knighten,VP Operations,paula@windsorinsurance.com,Windsor,windsorinsurance.com,+18185945063,N/A,unknown city,unknown state,N/A,30,6411000000,6411,"[""Apache"",""Bootstrap"",""Fingerprintjs"",""Google Analytics"",""Google Tag Manager"",""Joomla"",""Modernizr"",""TweenMax"",""Typekit"",""jQuery"",""jQuery Migrate""]",39050676,catchall,N/A,de458aef7154d2a9c4e6943a01dd342d,N/A,N/A,85%,Insurance Agents: Brokers: and Service,N/A,https://linkedin.com/in/marc-schwartz-1269031,N/A,N/A,N/A
Paul Barra,Paul,Barra,Vice President,paul.barra@tokiom.com,Tmamerica,tokiom.com,+18553915714,"Suite 1500 New York, NY 10020",unknown city,unknown state,"=""10020""",350,6411000000,6411,"[""Bootstrap"",""Google Analytics"",""IIS"",""Microsoft ASP.NET"",""OWL Carousel"",""Pardot"",""animate.css"",""jQuery""]",43052096,catchall,N/A,20919bf888706490e017fd63746f0456,N/A,N/A,85%,Insurance Agents: Brokers: and Service,https://facebook.com/tokiomarineamerica,https://linkedin.com/company/tokio-marine-management,https://twitter.com/tokiomamerica,https://instagram.com/tmamerica/,https://youtube.com/channel/ucm43vwcw342t2_q4uvmvjia
Paul Shessler,Paul,Shessler,Vice President,paul.shessler@schaetti.com,Fixatti Ag Fixatti America,schaetti.com,+18435769566,"6650 Rivers Avenue Charleston, SC 29406",unknown city,unknown state,"=""29406""",30,28000000,28,"[""Bootstrap"",""Fork CMS"",""Google Analytics"",""Google Font API"",""Google Tag Manager"",""Java"",""Lazy.js"",""Modernizr"",""New Relic"",""Nginx"",""PHP"",""jQuery""]",46549348,catchall,N/A,47ae288109d28508e420c99e71491a63,N/A,N/A,85%,Chemicals and Allied Products,N/A,N/A,N/A,N/A,N/A
Priyesh Bhakta,Priyesh,Bhakta,Vice President,pbhakta@hankeycapital.com,Hankey Capital,hankeycapital.com,+13236924008,"4751 Wilshire Blvd., Suite 110, Los Angeles, CA 90010",Los Angeles,CA,"=""90010""",5,1000000,65,[],40778230,catchall,N/A,d7b964009cb9b52ae770b9cf65167d9e,N/A,N/A,85%,Real Estate,N/A,https://linkedin.com/company/hankey-capital-llc,N/A,N/A,N/A
Paul Bloomfield,Paul,Bloomfield,Vice President,pbloomfield@krgre.com,Kohr Royer Griffith,krgre.com,+16142554375,"1480 Dublin Road Columbus, OH 432152244 Neil Ave. Columbus, OH 432011480 Dublin Road Columbus, Ohio 43215",Columbus,OH,"=""43215""",30,6701400,65,"[""Apache"",""Modernizr"",""PHP"",""Twitter Emoji (Twemoji)"",""WordPress"",""Yoast SEO"",""jQuery"",""jQuery Migrate""]",45786493,catchall,N/A,7c78b72d894998624c7914057d8b74f5,N/A,N/A,85%,Real Estate,N/A,N/A,N/A,N/A,N/A
Pedro Paro,Pedro,Paro,S&#243;cio E Cofundador,pedro.paro@trustinsurance.com,Insurance For,trustinsurance.com,+18779770125,N/A,Rockville,MD,N/A,125,0,64,"[""CloudFlare"",""Crazy Egg"",""DNN"",""Font Awesome"",""Google Analytics"",""Microsoft ASP.NET"",""Moment.js"",""Typekit"",""YouTube"",""jQuery"",""jQuery Migrate"",""jQuery UI""]",38232212,catchall,1/5/2021,a36af0cc8e7d87191e191d986af989ec,N/A,N/A,85%,Insurance Agents: Brokers: and Service,https://facebook.com/insurancetrust,https://linkedin.com/company/the-trust,https://twitter.com/insurancetrust,N/A,https://youtube.com/channel/ucbjjsbafpf9uc0txqsnaffa
Peter Heller,Peter,Heller,"Vice President, Investments",peter.heller@pzre.com,Penzance,pzre.com,N/A,N/A,Germantown,MD,N/A,75,3000000,65,"[""Apache"",""Bootstrap"",""Font Awesome"",""Google Font API"",""jQuery""]",43967479,catchall,N/A,1aab0ec22089d9e781171451b65b25f9,N/A,N/A,85%,Real Estate,N/A,N/A,N/A,N/A,N/A
Pete Miraglia,Pete,Miraglia,Executive Vice President,peter.miraglia@willis.com,Willis,willis.com,N/A,N/A,New York,NY,N/A,55000,0,6411,"[""AddThis"",""Bootstrap"",""CloudFlare"",""Google Font API"",""Google Tag Manager"",""Incapsula"",""Lazy.js"",""Microsoft ASP.NET"",""Sitecore"",""jQuery"",""scrollreveal""]",37679891,catchall,N/A,3236842167d2dbe50db9c81a472fce23,N/A,N/A,85%,Insurance Agents: Brokers: and Service,N/A,N/A,N/A,N/A,N/A
Peter Smith,Peter,Smith,"Vice President, Delos Solutions",peter.smith@delos.com,Delos™,delos.com,+16466543438,N/A,New York,NY,N/A,300,6000000,65,"[""Bootstrap"",""CloudFlare"",""Font Awesome"",""Google Analytics"",""Gravity Forms"",""WordPress"",""YouTube"",""jQuery""]",39273255,catchall,N/A,c3970fa26813b580bdef2a82829be4ca,N/A,N/A,85%,Real Estate,https://facebook.com/delosliving,https://linkedin.com/company/1302211,https://twitter.com/delosliving,N/A,https://youtube.com/user/delosliving
Kerry Phelan,Kerry,Phelan,Vice President,phelank@pgpbenefits.com,Benefits Consultant,pgpbenefits.com,+19147731405,"90 Broad Street, Suite 801 New York, NY 10004",New York,NY,"=""10004""",125,6411000000,6411,"[""CloudFlare"",""Google Font API"",""HubSpot"",""Matomo"",""Nginx"",""PHP"",""React"",""SoundManager"",""WordPress"",""jQuery""]",45645419,catchall,N/A,ae4ae3938df40f26475b9326c639e85c,N/A,N/A,85%,Insurance Agents: Brokers: and Service,N/A,N/A,N/A,N/A,N/A
Peter Heller,Peter,Heller,Vice President Investments,pheller@pzre.com,Penzance,pzre.com,N/A,N/A,Germantown,MD,N/A,75,3000000,65,"[""Apache"",""Bootstrap"",""Font Awesome"",""Google Font API"",""jQuery""]",43967478,catchall,N/A,a0c465a643325a7292f3e6e4f18d8a0e,N/A,N/A,85%,Real Estate,N/A,N/A,N/A,N/A,N/A
Philip Strange,Philip,Strange,Sr. Vice President,philip.strange@firststatefl.com,First State Bank,firststatefl.com,N/A,N/A,St Petersburg,FL,N/A,5,23600000,65,[],44167228,catchall,N/A,fb91de2cf7452141909839eee476efdb,N/A,N/A,85%,Real Estate,N/A,N/A,N/A,N/A,N/A
Philip Huang,Philip,Huang,Vice President of Acquisitions,phuang@rockfeldgroup.com,Rockfeld Group,rockfeldgroup.com,+12126831622,N/A,New York,NY,N/A,5,2400000,65,[],37487180,catchall,N/A,616edf6f15bd3cf22c65c258df1bc8b8,N/A,N/A,85%,Real Estate,N/A,N/A,N/A,N/A,N/A
Scott Hunley,Scott,Hunley,Vice President,phunley@showemgmt.com,Showe Management,showemgmt.com,+16147460174,"45 N. 4th St. Columbus, Ohio 43215",Columbus,OH,"=""43215""",30,5700128,65,"[""Sentry"",""Squarespace"",""Typekit"",""YUI"",""webpack""]",36731544,catchall,3/11/2021,6163b0e4165b769c06e889535ec2e0f9,N/A,N/A,85%,Real Estate,N/A,N/A,N/A,N/A,N/A
Priya Cherian Huskins,Priya,Huskins,Partner & Senior Vice President,phuskins@woodruff-sawyer.com,Woodruff-sawyer,woodruff-sawyer.com,N/A,N/A,San Francisco,CA,N/A,350,6411000000,6411,[],44550465,catchall,N/A,b96776939da97d5ffcd7d39bb7594806,N/A,N/A,85%,Insurance Agents: Brokers: and Service,N/A,N/A,N/A,N/A,N/A
Phyllis Cooper,Phyllis,Cooper,Sr. Vice President-claims,phyllisc@imperialmanagement.com,Afternicsm,imperialmanagement.com,+17818397990,"1 Main Street Cambridge, MA 02142",Bossier City,LA,"=""02142""",125,6411000000,6411,"[""Akamai"",""Apache"",""CentOS"",""Google Analytics"",""Google Font API"",""New Relic"",""PHP"",""jQuery"",""jQuery UI""]",39633177,catchall,N/A,1dc6631a9937206da691fce7e9dd3f71,N/A,N/A,85%,Insurance Agents: Brokers: and Service,https://facebook.com/93642411898,https://linkedin.com/company/afternic,https://twitter.com/afternic,N/A,N/A
Phil Kenyon,Phil,Kenyon,Vice President Operations,pkenyon@travelers.com,Travelers Indemnity,travelers.com,+18663362077,N/A,Hinckley,OH,N/A,30,1000000,6411,"[""Akamai"",""CloudFlare"",""Dynatrace"",""Facebook"",""Google Analytics"",""Google Tag Manager"",""IIS"",""Microsoft ASP.NET"",""Modernizr"",""Tealium"",""YUI"",""jQuery"",""jQuery UI""]",39064089,catchall,N/A,a2d5e22ee5b66b024a66f346a5ca0770,N/A,N/A,85%,Insurance Agents: Brokers: and Service,https://facebook.com/travelers,https://us.linkedin.com/company/travelers,https://twitter.com/travelers,https://instagram.com/travelersinsurance,https://youtube.com/user/travelersinsurance
Patrick Lyons,Patrick,Lyons,Vice President of Operations,plyons@hoainsurance.net,Insurance Agency,hoainsurance.net,+16507840980,N/A,Foster City,CA,N/A,5,6411000000,6411,"[""Akka HTTP"",""Bootstrap"",""Microsoft ASP.NET"",""YouTube"",""jQuery"",""jQuery UI""]",38768169,catchall,N/A,3824385eed08d7f01fed65a034d9f605,N/A,N/A,85%,Insurance Agents: Brokers: and Service,N/A,https://linkedin.com/company/socher-insurance,N/A,N/A,N/A
Paul Mazuca,Paul,Mazuca,VP of Real Estate,pmazuca@wadeinterests.com,Wade Interests,wadeinterests.com,N/A,N/A,San Antonio,TX,N/A,N/A,0,65,[],41052855,catchall,N/A,b39035f56757aaf6d0ffdd897f1a4f04,N/A,N/A,85%,Real Estate,N/A,N/A,N/A,N/A,N/A
Steve Power,Steve,Power,Sr. VP,powers@nationwide.com,Nationwide Mutual,nationwide.com,+18662382164,N/A,Charleston,SC,N/A,30,4000000,6411,"[""Bootstrap"",""Ensighten"",""Facebook"",""Google Code Prettify"",""Java"",""Marked"",""New Relic"",""SDL Tridion"",""ZURB Foundation"",""jQuery"",""reCAPTCHA""]",43310938,catchall,N/A,177cc681d238e3e12e56c8ee8878f198,N/A,N/A,85%,Insurance Agents: Brokers: and Service,https://facebook.com/nationwide,https://linkedin.com/company/2340,https://twitter.com/nationwide,https://instagram.com/nationwide,N/A
Paul Rambo,Paul,Rambo,Sr. Vice President,prambo@hccmis.com,Hcc Mis Group,hccmis.com,+13031231113,"Suite 600 Indianapolis, IN 46204",Indianapolis,IN,"=""46204""",75,39133000000,6411,"[""Bootstrap"",""CloudFlare"",""Google Analytics"",""Google Tag Manager"",""LiveChat"",""jQuery""]",43978978,catchall,N/A,bf47fe4355f1bd76fd99bcc603b46963,N/A,N/A,85%,Insurance Agents: Brokers: and Service,https://facebook.com/hccmis,N/A,https://twitter.com/hccmis,N/A,N/A
Prisiclla Carter,Prisiclla,Carter,Sr Vice President,priscilla.carter@willis.com,Willis,willis.com,N/A,N/A,New York,NY,N/A,55000,0,6411,"[""AddThis"",""Bootstrap"",""CloudFlare"",""Google Font API"",""Google Tag Manager"",""Incapsula"",""Lazy.js"",""Microsoft ASP.NET"",""Sitecore"",""jQuery"",""scrollreveal""]",37679884,catchall,N/A,4538ef4f0866d6a06ab623f620dd9c7d,N/A,N/A,85%,Insurance Agents: Brokers: and Service,N/A,N/A,N/A,N/A,N/A
Peter Stoner,Peter,Stoner,"Executive Vice President, Employee Benefits",pstoner@tinsr.com,Tinsr,tinsr.com,N/A,N/A,Wellesley,MA,N/A,5,1638653,6411,[],42824455,catchall,N/A,ce0d0cce865fe7c1b38aaae02d2a0c40,N/A,N/A,85%,Insurance Agents: Brokers: and Service,N/A,N/A,N/A,N/A,N/A
"Pam Swarthout, Aic Arm",Pam,Arm,"Vice President, Account Manager",pswarthout@dpipino.com,Pipino,dpipino.com,+18007268177,N/A,Youngstown,OH,N/A,75,6411000000,6411,"[""Apache"",""DreamWeaver"",""Google Analytics"",""jQuery""]",46019312,catchall,N/A,f5ea97403373144b95382de836393592,N/A,N/A,85%,Insurance Agents: Brokers: and Service,N/A,https://linkedin.com/company/donald-p.-pipino-company-ltd,https://twitter.com/pipinocompany,N/A,https://youtube.com/user/pipinocompany
Paula Towe,Paula,Towe,VP of Claims,ptowe@pegasusrisk.com,Pegasus Risk Management,pegasusrisk.com,N/A,N/A,Modesto,CA,N/A,125,6411000000,6411,"[""IIS"",""Microsoft ASP.NET""]",36423650,catchall,N/A,aac888805bc0ffcf52a3ce6e95d4aeb6,N/A,N/A,85%,Insurance Agents: Brokers: and Service,N/A,N/A,N/A,N/A,N/A
Paul Weber,Paul,Weber,Vice Chair and Vice President,pweber@cap-mpt.com,Physicians For,cap-mpt.com,+18588421187,"333 City Blvd. W., Suite 720 | Orange, CA 92868",Orange,CA,"=""92868""",125,3381000,6411,"[""Acquia Cloud"",""AdRoll"",""Drupal"",""Google Analytics"",""Google Tag Manager"",""Nginx"",""Pardot"",""Varnish"",""Visual Website Optimizer"",""YouTube"",""jQuery""]",37279022,catchall,1/12/2021,a9de5c1da539ecdab4ea9b438b5dab24,N/A,N/A,85%,Insurance Agents: Brokers: and Service,https://facebook.com/capphysicians,https://linkedin.com/company/cooperative-of-american-physicians-inc-,https://twitter.com/capphysicians,N/A,N/A
Paul Wilcher,Paul,Wilcher,"Vice President, Legal",pwilcher@griffin-residential.com,Griffin Residential,griffin-residential.com,(951) 547-3500,N/A,Corona,CA,N/A,125,25000000,65,[],36819640,catchall,N/A,fc29b2a05970e81db55b1607c0875d4d,N/A,N/A,85%,Real Estate,N/A,N/A,N/A,N/A,N/A
Paul Xuereb,Paul,Xuereb,Vice President,pxuereb@tristareq.com,Tri Star Equities,tristareq.com,+12127514800,"155 East 26th Street New York, NY 10010Street New York, NY 10010",New York,NY,"=""10010""",5,1638653,65,"[""Apache"",""Google Analytics"",""Google Font API"",""PHP"",""Twitter Emoji (Twemoji)"",""WordPress"",""jQuery"",""jQuery Migrate""]",41555418,catchall,N/A,dac121daba552c4a26a92b45895cb639,N/A,N/A,85%,Real Estate,N/A,N/A,N/A,N/A,N/A
Randi Harwood,Randi,Harwood,Vice President,randi.harwood@willis.com,Willis,willis.com,N/A,N/A,New York,NY,N/A,55000,0,6411,"[""AddThis"",""Bootstrap"",""CloudFlare"",""Google Font API"",""Google Tag Manager"",""Incapsula"",""Lazy.js"",""Microsoft ASP.NET"",""Sitecore"",""jQuery"",""scrollreveal""]",37679866,catchall,N/A,21ae0f01f949099975e63479f9453b14,N/A,N/A,85%,Insurance Agents: Brokers: and Service,N/A,N/A,N/A,N/A,N/A
Randy Corson,Randy,Corson,Vice President,randyc@mischer.com,Mischer Investments L.p,mischer.com,+12818933726,"Nine Greenway Plaza, Suite 2900, Houston, TX 77046Suite 2900 Houston, Texas 77046",Houston,TX,"=""77046""",5,5600000,65,[],45414309,catchall,N/A,1ecdde0be3bbb5cfe0bfad726fbeecf0,N/A,N/A,85%,Real Estate,https://facebook.com/pages/mischer-investments/452769130704,N/A,https://twitter.com/mischertx,N/A,N/A
Raquel Wourms,Raquel,Wourms,"Associate Vice President, Employee Benefits Consultant",raquel@westcoastbenefits.com,West Coast Group Benefits,westcoastbenefits.com,+18585217390,N/A,San Diego,CA,N/A,30,6411000000,6411,"[""Font Awesome"",""Google Font API"",""Nginx"",""Twitter Emoji (Twemoji)"",""WP Engine"",""WordPress"",""jQuery"",""jQuery Migrate"",""jQuery UI""]",39708953,catchall,N/A,17fdb523259d021d568b0624d486dbc4,N/A,N/A,85%,Insurance Agents: Brokers: and Service,https://facebook.com/westcoastgroupbenefits,N/A,N/A,N/A,N/A
Raymond Armstrong,Raymond,Armstrong,Vice President,rarmstrong@sylviainsurance.com,Sylvia & Company Insurance Agency,sylviainsurance.com,N/A,N/A,Dartmouth,MA,N/A,30,6411000000,6411,"[""CloudFlare"",""Google Analytics"",""Hotjar"",""HubSpot"",""Matomo"",""OWL Carousel"",""jQuery"",""jQuery Migrate""]",44218562,catchall,N/A,9a2ca06596641454ba7ae53e19747318,N/A,N/A,85%,Insurance Agents: Brokers: and Service,N/A,N/A,N/A,N/A,N/A
Rachel Barrett,Rachel,Barrett,Executive Vice President,rbarrett@whitmoregroup.com,Whitmore Group,whitmoregroup.com,+15167467875,"Suite 200 Garden City, NY 11530370 Old Country Road, Suite 200, Garden City, NY 11530",Garden City,NY,"=""11530""",125,6411000000,6411,"[""Apache"",""CentOS"",""CloudFlare"",""Font Awesome"",""Google Analytics"",""Google Font API"",""Modernizr"",""PHP"",""Twitter Emoji (Twemoji)"",""WordPress"",""Yoast SEO"",""jQuery"",""jQuery Migrate""]",41161424,catchall,N/A,accc2bc6ea63745a0bdaa6a343f75b9d,N/A,N/A,85%,Insurance Agents: Brokers: and Service,N/A,N/A,N/A,N/A,N/A
Renee Hernandez Borot,Renee,Borot,Senior Property Manager / Vice President,rborot@exancapital.com,Exan Capital,exancapital.com,+13053725263,"1111 Brickell Avenue Suite 2175 Miami, FL 33131",Miami,FL,"=""33131""",30,5700128,65,[],36395396,catchall,N/A,e770375ca3411af7232d21eff024789b,N/A,N/A,85%,Real Estate,N/A,https://linkedin.com/in/juan-zaragoza-2535708b,https://twitter.com/flippingamerica,N/A,N/A
"Richard Butler, Cpcu, Asli",Richard,Asli,Senior Vice President,rbutler@northpointunderwriters.com,North Point Underwriters,northpointunderwriters.com,+16789658780,"1725 Windward Concourse, Suite 320 Alpharetta, GA",Alpharetta,GA,N/A,30,6411000000,6411,"[""Bootstrap"",""Font Awesome"",""IIS"",""Joomla"",""PHP"",""animate.css"",""jQuery"",""jQuery Migrate"",""jQuery UI""]",36264198,catchall,N/A,26484f9349358247e9e519cf8eb9de0f,N/A,N/A,85%,Insurance Agents: Brokers: and Service,N/A,https://linkedin.com/company/north-point-underwriters,N/A,N/A,N/A
Ray Lopez,Ray,Lopez,Senior Vice President,rccim@cresa.com,Cresa,cresa.com,+14045571789,"St. Louis, MO",Boston,MA,N/A,750,300000000,65,"[""Azure"",""Google Analytics"",""Google Tag Manager"",""IIS"",""Microsoft ASP.NET"",""Sitecore""]",39975104,catchall,N/A,a1c1df017ff65f4ff81e5653a76516c8,N/A,N/A,85%,Real Estate,https://facebook.com/cresacorp,https://linkedin.com/company/cresa,https://twitter.com/cresacorp,https://instagram.com/cresaglobal,https://youtube.com/user/cresacorp
Rebecca Cocchiola,Rebecca,Cocchiola,Associate Vice President,rcocchiola@singermanre.com,Singerman Real Estate,singermanre.com,+13125449645,N/A,Chicago,IL,N/A,30,7000000,65,"[""Apache"",""WordPress""]",41883116,catchall,N/A,f37630b89b3e14a32ec6f51e3cf03a11,N/A,N/A,85%,Real Estate,N/A,N/A,N/A,N/A,N/A
Ryan Creamer,Ryan,Creamer,Vice President,rcreamer@chandlerinsurance.com,Chandler Insurance Is,chandlerinsurance.com,+18642393834,"3449 Pelham Road Greenville, SC 29615",Greenville,SC,"=""29615""",N/A,0,64,"[""Apache"",""CloudFlare"",""Google Analytics"",""Google Font API"",""Google PageSpeed"",""Google Tag Manager"",""Moment.js"",""PHP"",""ZURB Foundation"",""jQuery""]",39507356,catchall,3/22/2021,bdde5583bc2b20fd619a802be4a6a0a3,N/A,N/A,85%,Insurance Agents: Brokers: and Service,https://facebook.com/chandler-insurance-llc-146343582077066,https://linkedin.com/company/correll-insurance-group,N/A,N/A,N/A
Rick Dalka,Rick,Dalka,Executive Vice President & Chief Corporation Counsel,rdalka@constitutional.com,Constitutional Casualty,constitutional.com,N/A,N/A,Chicago,IL,N/A,30,6411000000,6411,"[""IIS"",""Microsoft ASP.NET"",""jQuery""]",42114738,catchall,N/A,a211c3079bdc01afa5fa9cb254b25144,N/A,N/A,85%,Insurance Agents: Brokers: and Service,N/A,N/A,N/A,N/A,N/A
Robert Depriest,Robert,Depriest,"Vice President, Business Development",rdepriest@scben.com,Select Choice Benefits,scben.com,+16787014168,"Building 21, Suite 300 Marietta, GA 30067",Marietta,GA,"=""30067""",30,5700128,64,[],38000472,catchall,N/A,c4708eab30a2513601d997a27a3200e3,N/A,N/A,85%,Insurance Agents: Brokers: and Service,N/A,https://linkedin.com/in/steve-vermaak-b7079061,N/A,N/A,N/A
"Ray Deragon, Cfp´¢",Ray,Cfp´¢,Vice President,rderagon@riverstonewealth.com,Riverstone Wealth Management,riverstonewealth.com,N/A,N/A,Austin,TX,N/A,125,6411000000,6411,[],45557389,catchall,N/A,34540dce5efa38288314f936be4d85d4,N/A,N/A,85%,Insurance Agents: Brokers: and Service,N/A,N/A,N/A,N/A,N/A
Richard Disbrow,Richard,Disbrow,Vice President,rdisbrow@vreelandinsurance.com,Phoenix Insurance Group,vreelandinsurance.com,+19088796500,"205 Main Street Chester, NJ 07930",unknown city,unknown state,"=""07930""",30,6411000000,6411,"[""Elementor"",""Font Awesome"",""Google Analytics"",""Google Font API"",""Nginx"",""Twitter Emoji (Twemoji)"",""WordPress"",""Yoast SEO"",""ZURB Foundation"",""jQuery"",""jQuery Migrate"",""reCAPTCHA""]",39677206,catchall,N/A,0fea5f9ae2b9f7d6b438930a7d5a9a6b,N/A,N/A,85%,Insurance Agents: Brokers: and Service,https://facebook.com/pages/chester-nj/phoenix-insurance-group/122117464489156,https://linkedin.com/company/phoenix-insurance-group-inc.-mazey-reed-&-brey,https://twitter.com/phoenixinsgrp,N/A,N/A
Reenie Galo,Reenie,Galo,Vice President,reenieg@galoproperties.com,Galo Properties,galoproperties.com,N/A,N/A,San Antonio,TX,N/A,30,2000000,65,"[""IIS"",""Microsoft ASP.NET"",""jQuery""]",43478783,catchall,N/A,a1b73f8aa9dd33ba2209c84f50c0a8b8,N/A,N/A,85%,Real Estate,N/A,N/A,N/A,N/A,N/A
Rebecca Elrod,Rebecca,Elrod,Associate Vice President,relrod@singermanre.com,Singerman Real Estate,singermanre.com,+13125449645,N/A,Chicago,IL,N/A,30,7000000,65,"[""Apache"",""WordPress""]",41883115,catchall,N/A,5b2110037bdd6bd72694edd38402e4c2,N/A,N/A,85%,Real Estate,N/A,N/A,N/A,N/A,N/A
Robert English,Robert,English,Treasurer/vp,renglish@vzecins.com,Assuredpartners,vzecins.com,N/A,N/A,Louisville,KY,N/A,30,6411000000,6411,"[""Azure"",""DNN"",""Google Maps"",""Microsoft ASP.NET""]",41738023,catchall,12/27/2020,cb02384b47e884a0398474424a12ff2c,N/A,N/A,85%,Insurance Agents: Brokers: and Service,https://facebook.com/assuredpartners,https://linkedin.com/company/assuredpartners,https://twitter.com/assuredpartners,N/A,N/A
Robert Fast,Robert,Fast,Executive Vice President,rfast@surepointadvisors.com,Surepoint Advisors,surepointadvisors.com,N/A,N/A,Portland,ME,N/A,30,6411000000,6411,"[""AddThis"",""Bootstrap"",""CloudFlare"",""Google Font API"",""Google Tag Manager"",""Incapsula"",""Lazy.js"",""Microsoft ASP.NET"",""Sitecore"",""jQuery"",""scrollreveal""]",37680591,catchall,N/A,d3418dc9b09ff6f88f94f1a820dd03fd,N/A,N/A,85%,Insurance Agents: Brokers: and Service,N/A,N/A,N/A,N/A,N/A
Renee Germain,Renee,Germain,Vice President,rgermain@maguireagency.com,Maguire Agency,maguireagency.com,+16516352729,"1970 Oakcrest Avenue, Suite 300, Roseville, MN 55113",Saint Paul,MN,"=""55113""",30,11000000,6411,"[""Apache"",""Google Font API"",""Google Maps"",""Modernizr"",""PHP"",""Twitter Emoji (Twemoji)"",""WordPress"",""jQuery"",""jQuery Migrate""]",42313525,catchall,N/A,a23747f8c5e4f3af17c8b3f50ca85411,N/A,N/A,85%,Insurance Agents: Brokers: and Service,https://facebook.com/maguire-agency-488858657916400,N/A,N/A,N/A,N/A
Robbie Gruber,Robbie,Gruber,Vice President,rgruber@theedgegroup.com,Edge Group,theedgegroup.com,N/A,N/A,Denver,CO,N/A,75,9500213,65,"[""Font Awesome"",""Google Analytics"",""Modernizr"",""SWFObject"",""Varnish"",""jQuery"",""prettyPhoto""]",46590691,catchall,N/A,76b2b92a4f371cfc3389378277c4c1c5,N/A,N/A,85%,Real Estate,https://facebook.com/teg.theedgegroup,N/A,N/A,N/A,N/A
Richard Hoegler,Richard,Hoegler,Vice President of Property Management,rhoegler@papinc.com,Pan American Properties,papinc.com,+18667295327,"17491 Irvine Blvd., Suite 100, Tustin, CA 92780",Long Beach,CA,"=""92780""",30,7000000,65,[],46355954,catchall,N/A,07425620730e9477ce1cce5222625c47,N/A,N/A,85%,Real Estate,N/A,N/A,N/A,N/A,N/A
Ryan Holzer,Ryan,Holzer,Sr. Vice President,rholzer@skylineseven.com,Skyline Seven,skylineseven.com,+14048128928,"Suite 425 Atlanta, GA 30328",Atlanta,GA,"=""30328""",30,5700128,65,"[""Bootstrap"",""Facebook"",""Flywheel"",""Font Awesome"",""Google Font API"",""Google Tag Manager"",""Modernizr"",""PHP"",""Revslider"",""TrackJs"",""Twitter Emoji (Twemoji)"",""WordPress"",""Yoast SEO"",""animate.css"",""jQuery"",""jQuery Migrate"",""jQuery UI"",""reCAPTCHA""]",37424120,catchall,N/A,f68dddb0f308baf73faebddd6afd3203,N/A,N/A,85%,Real Estate,https://facebook.com/skylinesevenre,https://linkedin.com/company/skyline-seven-real-estate,https://twitter.com/skylineseven,N/A,N/A
Ryan Hyman,Ryan,Hyman,Vice President,rhyman@lockton.com,Lockton,lockton.com,+18338542696,N/A,Chicago,IL,N/A,300,1299000000,6411,"[""CloudFlare""]",38788602,catchall,N/A,4be6876369a70dc61e381d26cd3ea676,N/A,N/A,85%,Insurance Agents: Brokers: and Service,https://facebook.com/locktoncompanies,https://linkedin.com/company/lockton-companies,https://twitter.com/lockton,https://instagram.com/locktoncompanies,https://youtube.com/user/locktoncompanies
Rich Burkhart,Rich,Burkhart,"Vice President, Capital Markets",rich.burkhart@washingtonprime.com,Washington Prime Group,washingtonprime.com,+16146219000,N/A,Bethesda,MD,N/A,125,0,65,"[""Apache"",""Modernizr"",""jQuery""]",46658681,catchall,N/A,848796fa8fa76062f3b7a795ef8b7ea4,N/A,N/A,85%,Real Estate,N/A,https://linkedin.com/company/washington-prime-group-inc,N/A,https://instagram.com/washingtonprimegroup,N/A
Rich De,Rich,De,Vice President,rich.de@branagh.com,Branagh Development,branagh.com,+19257439500,"Suite 200 Lafayette, California 94549",Danville,CA,"=""94549""",30,5921760,65,[],41299662,catchall,N/A,d57461ecead3e36ba16f044495a775e1,N/A,N/A,85%,Real Estate,N/A,N/A,N/A,N/A,N/A
Rich Keltner,Rich,Keltner,Vice President,rich@keltnerins.com,Keltnerins,keltnerins.com,+18007661853,"5986 Knight Arnold Rd Memphis, TN 381153232 S. Perkins Rd Memphis, TN3232 S. Perkins Rd Memphis, TN 38118",Memphis,TN,"=""38118""",N/A,0,6411,"[""Bootstrap"",""CloudFlare"",""Facebook"",""Font Awesome"",""Google Analytics"",""Google Font API"",""Nginx"",""Plesk"",""jQuery""]",38970387,catchall,N/A,6003b9d99a2a0f5543b15ca1ab95ab4d,N/A,N/A,85%,Insurance Agents: Brokers: and Service,https://facebook.com/keltnerinsurance,N/A,N/A,N/A,N/A
Rick Firmine,Rick,Firmine,Vice President,rick@argosyrealestate.com,Argosy Real Estate,argosyrealestate.com,+17205451589,"Suite 3600 San Francisco, CA 94105",San Francisco,CA,"=""94105""",30,7000000,65,[],44916825,catchall,N/A,666b69b1e7de09d444682f6e0d30b65d,N/A,N/A,85%,Real Estate,N/A,https://linkedin.com/company/argosy-partners,N/A,N/A,N/A
Richard Newell,Richard,Newell,"Vice President, Strategic Initiatives, Small Commercial",rick.newell@thehartford.com,Hartford,thehartford.com,+18003227789,"P.O. Box 55359 Boston, MA 02205",Ct,CT,"=""02205""",55000,0,6411,"[""Akamai"",""Apache"",""Bootstrap"",""Moment.js"",""Tealium"",""jQuery""]",46004194,catchall,N/A,98801634d14e41850b226a9e74362e9e,N/A,N/A,85%,Insurance Agents: Brokers: and Service,https://facebook.com/thehartford,https://linkedin.com/company/the-hartford,https://twitter.com/thehartford,N/A,N/A
Richard Ives,Richard,Ives,Vice President - Claim,rives@travelers.com,Travelers Indemnity,travelers.com,+18663362077,N/A,Hinckley,OH,N/A,30,1000000,6411,"[""Akamai"",""CloudFlare"",""Dynatrace"",""Facebook"",""Google Analytics"",""Google Tag Manager"",""IIS"",""Microsoft ASP.NET"",""Modernizr"",""Tealium"",""YUI"",""jQuery"",""jQuery UI""]",39063706,catchall,N/A,1c42aed35daffe04e13ad12b90c27086,N/A,N/A,85%,Insurance Agents: Brokers: and Service,https://facebook.com/travelers,https://us.linkedin.com/company/travelers,https://twitter.com/travelers,https://instagram.com/travelersinsurance,https://youtube.com/user/travelersinsurance
Rj Long,Rj,Long,VP of Brokerage Services,rjlong@tradvisors.com,Tra | Todnews,tradvisors.com,+16174822525,"77 Franklin Street, 4th Floor Boston, MA 02110Avenir, 101 Canal St., Boston, MA",Boston,MA,N/A,30,7000000,65,"[""Google Analytics"",""Microsoft ASP.NET"",""jQuery""]",44641760,catchall,N/A,0d0dccfc5f49fc6a2242b0e939840c1a,N/A,N/A,85%,Real Estate,N/A,N/A,https://twitter.com/todnews,N/A,N/A
Randy Joslin,Randy,Joslin,"Vp, IT",rjoslin@firststatefl.com,First State Bank,firststatefl.com,N/A,N/A,St Petersburg,FL,N/A,5,23600000,65,[],44167221,catchall,N/A,a4fcda845f6ede96adc6ab13ac39ad4b,N/A,N/A,85%,Real Estate,N/A,N/A,N/A,N/A,N/A
Rod Lockard,Rod,Lockard,Vice President,rlockard@investmentre.biz,Investment Real Estate,investmentre.biz,N/A,N/A,La Jolla,CA,N/A,30,0,65,"[""Microsoft ASP.NET"",""jQuery""]",44046190,catchall,N/A,24432329b0bb7c5365a76ae0b75a1b79,N/A,N/A,85%,Real Estate,N/A,N/A,N/A,N/A,N/A
Richard Maclean,Richard,Maclean,VP Senior Counsel,rmaclean@unum.com,Unum Corporate,unum.com,+18667508686,", 8485 Goodwood Blvd, Baton Rouge, LA 70806",Chattanooga,TN,"=""70806""",55000,0,6411,"[""Facebook"",""Google Analytics"",""Google Font API"",""Google Tag Manager"",""Microsoft ASP.NET"",""Sitecore""]",44056480,catchall,N/A,76caa63cf10fe5e0d1698dd253ebf3ea,N/A,N/A,85%,Insurance Agents: Brokers: and Service,https://facebook.com/unumbenefits,https://linkedin.com/company/unum,https://twitter.com/unumnews,N/A,N/A
Robin Martin,Robin,Martin,Vice President,rmartin@insurancefactors.com,Insurance Factors,insurancefactors.com,+18085467487,N/A,Honolulu,HI,N/A,30,10000000,6411,"[""Apache"",""Font Awesome"",""Google Analytics"",""Google Font API"",""Modernizr"",""jQuery""]",41401719,catchall,N/A,cafca388eff238102373f27409bfe31e,N/A,N/A,85%,Insurance Agents: Brokers: and Service,N/A,N/A,N/A,N/A,N/A
Rick Meyer,Rick,Meyer,Senior Vice President,rmeyer@paceproperties.com,Pace Properties,paceproperties.com,+13147857662,"St. Louis, Missouri 63144",St. Louis,MO,"=""63144""",30,8400000,65,"[""Google Analytics"",""Google Font API"",""Google Tag Manager"",""IIS"",""Kendo UI"",""MailChimp"",""Microsoft ASP.NET"",""Modernizr"",""Twitter"",""jQuery""]",42563779,catchall,N/A,af1ca7df16ae40673e28cf0a95e2f7c0,N/A,N/A,85%,Real Estate,https://facebook.com/pacestl,https://linkedin.com/company/pace-properties,https://twitter.com/paceprops_stl,https://instagram.com/servprostlc,N/A
Renee' Miklos,Renee',Miklos,Vice President,rmiklos@investmentre.biz,Investment Real Estate,investmentre.biz,N/A,N/A,La Jolla,CA,N/A,30,0,65,"[""Microsoft ASP.NET"",""jQuery""]",44046188,catchall,N/A,61debf601f685a9feb925fbf921ebe79,N/A,N/A,85%,Real Estate,N/A,N/A,N/A,N/A,N/A
Rocio Ortiz Morales,Rocio,Morales,"VP of Operations & General Manager - Travco Services, Inc.",rmorales@sanbornsinsurance.com,Sanborn's,sanbornsinsurance.com,+15203876006,N/A,Mcallen,TX,N/A,30,6411000000,6411,"[""Bootstrap"",""CloudFlare"",""Crazy Egg"",""Google Analytics"",""Google Font API"",""Google Tag Manager"",""Microsoft ASP.NET"",""jQuery""]",41547531,catchall,N/A,7eb963ec43b5025d0dd365e6f8bd31d3,N/A,N/A,85%,Insurance Agents: Brokers: and Service,https://facebook.com/sanborns.insurance,https://linkedin.com/company/sanborn%27s-insurance,https://twitter.com/sanbornsmexins,https://instagram.com/mexicoinsurance,N/A
Rob Coffie,Rob,Coffie,VP of Operations,robc@platingtechnologies.com,Plating Technologies,platingtechnologies.com,+15867561825,"21225 Mullin Avenue, Warren, Michigan, USA 48089",Warren,MI,"=""48089""",5,811800,65,"[""Apache"",""Bootstrap"",""Font Awesome"",""Google Font API"",""Google Maps"",""Twitter Emoji (Twemoji)"",""WordPress"",""jQuery"",""jQuery Migrate""]",46466892,catchall,N/A,ecabe90e2763d32b16eacb6e2aaa4ed5,N/A,N/A,85%,Real Estate,N/A,N/A,N/A,N/A,N/A
Robert Petcove,Robert,Petcove,Area Vice President,robert_petcove@ajg.com,Arthur J Gallagher And Co Of Iowa,ajg.com,N/A,N/A,Sioux City,IA,N/A,30,5595000000,6411,[],37141181,catchall,N/A,b0a60772728b2d3f0f496b205d072bad,N/A,N/A,85%,Insurance Agents: Brokers: and Service,N/A,N/A,N/A,N/A,N/A
Donnie Robertson,Donnie,Robertson,"Vice President, Marketing",robertson@expressranches.com,Express Ranches,expressranches.com,+14052020402,"2202 North 11th Street Yukon, Oklahoma 73099",unknown city,unknown state,"=""73099""",N/A,5000000,65,"[""DreamWeaver"",""Google Analytics"",""Microsoft ASP.NET"",""jQuery""]",43545369,catchall,N/A,e0334f799c6b06f91fe4723acc0d22ae,N/A,N/A,85%,Real Estate,N/A,N/A,N/A,N/A,N/A
Robert Atkinson,Robert,Atkinson,Senior Vice President,robert@wilksinsurance.com,Wilks,wilksinsurance.com,+15137558500,"319 N 2nd St. Hamilton, OH 45011",Hamilton,OH,"=""45011""",5,6411000000,6411,"[""CloudFlare"",""Google Analytics"",""Google Font API"",""Google Maps"",""Google Tag Manager"",""Gravity Forms"",""Modernizr"",""WordPress"",""jQuery"",""jQuery Migrate""]",44061177,catchall,N/A,1de551006213b32f050825864581e73c,N/A,N/A,85%,Insurance Agents: Brokers: and Service,https://facebook.com/wilksinsuranceagency,https://linkedin.com/company/wilks-insurance-agency-inc-,N/A,N/A,N/A
Rob Hansen,Rob,Hansen,Area Vice President,rob_hansen@ajg.com,Arthur J Gallagher And Co Of Iowa,ajg.com,N/A,N/A,Sioux City,IA,N/A,30,5595000000,6411,[],37141392,catchall,N/A,4f5564c1e02214c6738f54a557d04c6b,N/A,N/A,85%,Insurance Agents: Brokers: and Service,N/A,N/A,N/A,N/A,N/A
Robin Generous,Robin,Generous,VP Internal Audit,robin.generous@thehartford.com,Hartford,thehartford.com,+18003227789,"P.O. Box 55359 Boston, MA 02205",Ct,CT,"=""02205""",55000,0,6411,"[""Akamai"",""Apache"",""Bootstrap"",""Moment.js"",""Tealium"",""jQuery""]",46004219,catchall,N/A,6cfbf903526ba2b6778b94b64f6c4788,N/A,N/A,85%,Insurance Agents: Brokers: and Service,https://facebook.com/thehartford,https://linkedin.com/company/the-hartford,https://twitter.com/thehartford,N/A,N/A
Ross Herman,Ross,Herman,Vice President,rossherman@keyes.com,Keyes,keyes.com,+15617525414,N/A,Miami,FL,N/A,3000,400000000,65,"[""Bootstrap"",""CloudFlare"",""Google Analytics"",""Google Font API"",""Google Tag Manager"",""Select2"",""WordPress"",""jQuery"",""jQuery Migrate"",""jQuery UI""]",42858063,catchall,N/A,ede2d731e269e104cbb0024243cbb2ad,N/A,N/A,85%,Real Estate,https://facebook.com/keyesrealtors,https://linkedin.com/company/the-keyes-company,https://twitter.com/keyesrealtors,https://instagram.com/thekeyescompany,N/A
Rick Owen,Rick,Owen,VP Property Management,rowen@NAIAVANT.com,Nai Avant,NAIAVANT.com,+18437204944,N/A,Columbia,SC,N/A,125,0,65,[],41980219,catchall,N/A,798d6c758c79a866ffd74b89fdcd1a24,N/A,N/A,85%,Real Estate,https://facebook.com/naiavant,https://linkedin.com/company/nai-avant-llc,https://twitter.com/naiavant,N/A,N/A
Roy Berry,Roy,Berry,Sr. Vice President,royberry@sunnyfloridahomes.com,Trafford,sunnyfloridahomes.com,+13216363131,"305 Brevard Ave -Cocoa, FL32922",Cocoa,FL,"=""FL32922""",30,3859200,65,"[""Google Analytics"",""Google Tag Manager"",""UIKit"",""jQuery""]",41750055,catchall,N/A,6d7951536cb37f0031f21c64b8a22785,N/A,N/A,85%,Real Estate,https://facebook.com/traffordrealtyco,N/A,N/A,https://instagram.com/traffordrealtyco.7329,N/A
"Richard Penning, Cic",Richard,Cic,Vice President,rpenning@warnerandcompany.com,Warner And Company Insurance Warner And,warnerandcompany.com,+17012554956,"PO Box 1470 Fargo, ND 58107-1470",Fargo,ND,"=""58107-1470""",30,6411000000,6411,"[""Apache"",""Google Analytics"",""PHP"",""jQuery""]",40015256,catchall,N/A,340792a71ba13fbca3da8bfaa12b7df9,N/A,N/A,85%,Insurance Agents: Brokers: and Service,N/A,N/A,N/A,N/A,N/A
Rick Peters,Rick,Peters,VP of Operations,rpeters@griffin-residential.com,Griffin Residential,griffin-residential.com,(951) 547-3500,N/A,Corona,CA,N/A,125,25000000,65,[],36819643,catchall,N/A,826c5dc49c296ebafc0094ca9471f53d,N/A,N/A,85%,Real Estate,N/A,N/A,N/A,N/A,N/A
Ray Posecai Jr.,Ray,Jr.,Executive Vice President,rposecai@eustis.com,Eustis,eustis.com,+15045863160,"Suite 200 Metairie, LA 70005",New Orleans,LA,"=""70005""",125,6411000000,6411,[],39374433,catchall,N/A,10d57ce349e20d4ac73e124e2ad0a599,N/A,N/A,85%,Insurance Agents: Brokers: and Service,N/A,N/A,N/A,N/A,N/A
Rob Powers,Rob,Powers,Vice President of Sales,rpowers@caitec.com,Caitec,caitec.com,+18883382473,N/A,unknown city,unknown state,N/A,30,3999000000,3999,"[""Facebook"",""Google Font API"",""Google Tag Manager"",""Nginx"",""Revslider"",""Twitter Emoji (Twemoji)"",""WooCommerce"",""WordPress"",""Yoast SEO"",""animate.css"",""jQuery"",""jQuery Migrate"",""jQuery UI""]",44134929,catchall,N/A,fae64d41d27ee6ea4969f7bad695307f,N/A,N/A,85%,Manufacturing Industries: Not Elsewhere Classified,https://facebook.com/caiteccorp,https://linkedin.com/company/3930967,N/A,https://instagram.com/herodogtoys,https://youtube.com/channel/ucbomiqm3yrngdvv3rmilzyw
Raymond Rafferty,Raymond,Rafferty,Executive Vice President,rrafferty@haydenmanagement.com,Hayden Management,haydenmanagement.com,+16105740335,N/A,Exton,PA,N/A,5,1638653,65,"[""Flat UI"",""Font Awesome"",""Google Font API"",""Google Maps"",""Google Plus"",""Google Tag Manager"",""Linkedin"",""MailChimp"",""Modernizr"",""Nginx"",""WordPress"",""Yoast SEO"",""jQuery""]",41349885,catchall,N/A,e349ced5ebdbf12237ab951bf737c446,N/A,N/A,85%,Real Estate,https://facebook.com/haydenrealestate,https://linkedin.com/company/hayden-real-estate-investments-llc,https://twitter.com/haydenrei,https://instagram.com/haydenrealestate,https://youtube.com/channel/uc9_36j4l-4f-iidawb_buww
Randy Raugust,Randy,Raugust,VP & Director of Engineering,rraugust@p-mtinc.com,P-mtinc,p-mtinc.com,+18772392761,"7051 SW Sandburg St Suite 400, Tigard,OR 97223",Tigard,OR,"=""97223""",30,39000000,39,"[""Apache Traffic Server"",""Font Awesome"",""Google Font API"",""Twitter Emoji (Twemoji)"",""WordPress"",""Yoast SEO"",""animate.css"",""jQuery"",""jQuery Migrate""]",40346627,catchall,N/A,c0f71f592c59a369956ae3dac7745378,N/A,N/A,85%,Miscellaneous Manufacturing Industries,https://facebook.com/pmtshielding,https://linkedin.com/company/plastic-metals-technologies-inc,https://twitter.com/emi_shielding,N/A,N/A
Ron Richards,Ron,Richards,Vice President,rrichards@orionins.com,Orion Business Insurance And Risk Management Services,orionins.com,+16267376630,N/A,Corona,CA,N/A,30,0,64,"[""CloudFlare"",""Modernizr"",""Twitter Emoji (Twemoji)"",""WordPress"",""jQuery"",""jQuery Migrate"",""jQuery UI""]",46555317,catchall,N/A,431f1492679afd18d2b85879f1b77f55,N/A,N/A,85%,Insurance Agents: Brokers: and Service,N/A,https://linkedin.com/company/orion-business-insurance-and-risk-management-services-inc-,N/A,N/A,N/A
Rob Smith,Rob,Smith,Vice President -e&s Property,rsmith@wkfc.com,Wkf&c Agency,wkfc.com,+16466127814,Suite 1450 Atlanta GA 30326,Atlanta,GA,"=""30326""",125,6411000000,6411,"[""Font Awesome"",""Google Analytics"",""Google Font API"",""Nginx"",""Revslider"",""Twitter Emoji (Twemoji)"",""WordPress"",""animate.css"",""jQuery"",""jQuery Migrate"",""jQuery UI""]",41091625,catchall,N/A,480aec34f5ee88b2783ec81003492076,N/A,N/A,85%,Insurance Agents: Brokers: and Service,N/A,N/A,N/A,N/A,N/A
Richard Snider,Richard,Snider,Vice President of Planning and Design,rsnider@pillarsdgllc.com,Pillars Development Group,pillarsdgllc.com,+17035370440,N/A,Fairfax,VA,N/A,30,6000000,65,"[""KineticJS"",""Nginx"",""jQuery"",""jQuery UI""]",36957206,catchall,N/A,3368e5bdef3614594ec0573874518c6b,N/A,N/A,85%,Real Estate,N/A,N/A,N/A,N/A,N/A
Robyn Steinmiller,Robyn,Steinmiller,Executive Vice President,rsteinmiller@steinmillerins.com,Steinmiller,steinmillerins.com,+18005505742,"1223 Bay Road Webster, NY 14580",Webster,NY,"=""14580""",N/A,0,6411,"[""Apache"",""Facebook"",""Google Analytics"",""Google Font API"",""Twitter Emoji (Twemoji)"",""Typekit"",""WordPress"",""jQuery""]",38680121,catchall,N/A,dd4ad375fb71dbf6a560087a739f9071,N/A,N/A,85%,Insurance Agents: Brokers: and Service,https://facebook.com/steinmillerinsurance,N/A,N/A,N/A,N/A
Ryan Stempf,Ryan,Stempf,Vice President,rs@thackeraypartners.com,Thackeray,thackeraypartners.com,+12143607869,"5207 McKinney Avenue Suite 200 Dallas, Texas 752055207 McKinney Avenue, Suite 200 Dallas, TX 75205",Dallas,TX,"=""75205""",30,65000000,65,"[""Azure"",""Google Analytics"",""IIS"",""Microsoft ASP.NET""]",43535325,catchall,N/A,54d95c1878c566f0cd6b2ddda6f4ac5e,N/A,N/A,85%,Real Estate,N/A,N/A,N/A,N/A,N/A
Rose Stolo,Rose,Stolo,Area Vice President,rstolo@amli.com,Amli,amli.com,+18337560354,N/A,Fort Lauderdale,FL,N/A,750,300000000,65,"[""Google Tag Manager"",""Lodash"",""OpenResty"",""Sentry"",""webpack""]",42317422,catchall,N/A,0c84c333cf67b9648b6e1580ea626bac,N/A,N/A,85%,Real Estate,https://facebook.com/amlibuckhead,N/A,N/A,https://instagram.com/amliapts,N/A
Robert Sullivan,Robert,Sullivan,Second Vice President,rsullivan@travelers.com,Travelers Indemnity,travelers.com,+18663362077,N/A,Hinckley,OH,N/A,30,1000000,6411,"[""Akamai"",""CloudFlare"",""Dynatrace"",""Facebook"",""Google Analytics"",""Google Tag Manager"",""IIS"",""Microsoft ASP.NET"",""Modernizr"",""Tealium"",""YUI"",""jQuery"",""jQuery UI""]",39063864,catchall,N/A,57728dc99d25f35d5b6df421be2180f9,N/A,N/A,85%,Insurance Agents: Brokers: and Service,https://facebook.com/travelers,https://us.linkedin.com/company/travelers,https://twitter.com/travelers,https://instagram.com/travelersinsurance,https://youtube.com/user/travelersinsurance
Robert Swanson,Robert,Swanson,Executive Vice President,rswanson@terracorealestate.com,Terraco Real Estate,terracorealestate.com,+13129659228,SEC Howard St. & California Ave.,Chicago,IL,N/A,30,65000000,65,"[""CloudFlare"",""Font Awesome"",""Google Font API"",""Hammer.js"",""Modernizr"",""OWL Carousel"",""Revslider"",""WordPress"",""animate.css"",""jQuery"",""jQuery Migrate""]",43579953,catchall,N/A,978922289b9d3878fe8de96332182298,N/A,N/A,85%,Real Estate,N/A,https://linkedin.com/in/juliaannburnham,https://twitter.com/terracoinc,N/A,N/A
Randy Towers,Randy,Towers,Vice President,rtowers@silvertowers.com,Silver Towers,silvertowers.com,+12123959280,"620 West 42nd Street New York, NY 10036",New York,NY,"=""10036""",N/A,0,65,"[""Amazon ELB"",""Font Awesome"",""Google Analytics"",""Google Font API"",""Google Tag Manager"",""IIS"",""PHP"",""Pardot"",""Revslider"",""Twitter Emoji (Twemoji)"",""WordPress"",""jQuery"",""jQuery Migrate"",""jQuery UI"",""prettyPhoto"",""reCAPTCHA""]",36774352,catchall,N/A,6ba0f86b75a9329bc85320045b757068,N/A,N/A,85%,Real Estate,https://facebook.com/silvertowers,N/A,https://twitter.com/silvertowersnyc,https://instagram.com/silvertowersny,N/A
Russell Haupert,Russell,Haupert,Director and Chief Information Officer,russell.haupert@tampagov.com,Tampa,tampagov.com,+18132748577,"306 East Jackson Street Tampa, Florida 33602411 N. Franklin St., 7th Floor - Tampa, Florida 33602333 South Franklin Street - Tampa, Florida 33602306 East Jackson Street - Tampa, FL 33602306 East Jacks",Tampa,FL,N/A,30,91000000,91,"[""Acquia Cloud"",""Bootstrap"",""Drupal"",""Font Awesome"",""Google Analytics"",""MailChimp"",""Nginx"",""Varnish"",""jQuery"",""jQuery UI""]",42305310,catchall,1/7/2021,ae8cf5a0db9b64ff4f33ca8ddaf79db0,N/A,N/A,85%,Executive: Legislative: and General Government: except Finance,https://facebook.com/cityoftampafl,N/A,https://twitter.com/cityoftampa,https://instagram.com/cityoftampa,https://youtube.com/user/cityoftampa
Rachelle Vredeveld,Rachelle,Vredeveld,Vice President of Quality Control,rvredeveld@valuationlink.com,Valuation Link,valuationlink.com,+18773905225,N/A,Northville,MI,N/A,30,5700128,65,"[""Apache"",""DreamWeaver"",""Google Analytics"",""Pardot"",""jQuery""]",38188666,catchall,N/A,3cf9ca662044a16177740f0b156a6e39,N/A,N/A,85%,Real Estate,N/A,https://linkedin.com/company/2831948,N/A,N/A,N/A
Richard White,Richard,White,"Vp, Business Development Manager",rwhite@decotisinsurance.com,Decotis,decotisinsurance.com,+14438460400,"100 West Road, Suite 300 Towson, MD 21204",Providence,RI,"=""21204""",30,5700128,64,"[""CloudFlare"",""Crazy Egg"",""Flywheel"",""Google Analytics"",""MediaElement.js"",""Revslider"",""TweenMax"",""Twitter Emoji (Twemoji)"",""Typekit"",""Underscore.js"",""WordPress"",""jQuery"",""jQuery Migrate"",""reCAPTCHA""]",42339007,catchall,11/9/2020,711e4a1f1e0787dcff8033a85d070c59,N/A,N/A,85%,Insurance Agents: Brokers: and Service,https://facebook.com/decotisinsurance,https://linkedin.com/company/1333173,https://twitter.com/decotisins,https://instagram.com/decotisspecialtyinsurance,N/A
Ryan Dejong,Ryan,Dejong,VP of Underwriting,ryan@axisgroupllc.com,Axis Group,AxisGroupLLC.com,+18776369525,N/A,Tampa,FL,N/A,5,1638653,64,"[""All in One SEO Pack"",""Apache"",""WordPress"",""jQuery"",""jQuery Migrate"",""jQuery UI""]",39501495,catchall,N/A,1db6be87b8326b8d52e434c030a108f2,N/A,N/A,85%,Insurance Agents: Brokers: and Service,N/A,N/A,N/A,N/A,N/A
Ryan Kinch,Ryan,Kinch,"Senior Vice President, Legal and Compliance",ryan@consolidatedanalytics.com,Consolidated Analytics,consolidatedanalytics.com,+16057733421,"1500 S. Douglass Rd., Suite 110 B Anaheim, CA",Irvine,CA,N/A,30,35000000,65,"[""Bootstrap"",""CloudFlare"",""FancyBox"",""Font Awesome"",""Google AdSense"",""Google Analytics"",""Google Font API"",""Google Maps"",""Google Tag Manager"",""Nginx"",""Polyfill"",""WordPress"",""jQuery"",""jQuery Migrate"",""Kinsta""]",45956879,catchall,1/12/2021,7edb098038e9fca19ab9aacd6571b8e5,N/A,N/A,85%,Real Estate,https://facebook.com/consolidatedanalytics,https://linkedin.com/company/consolidated-analytics-inc-,https://support.twitter.com/articles/20170405,N/A,N/A
Ryan Amelon,Ryan,Amelon,VP Product,ryan@idxbroker.com,Idx Broker,idxbroker.com,+18004219668,N/A,Eugene,OR,N/A,75,9000000,65,"[""Apache"",""Bootstrap"",""Facebook"",""Font Awesome"",""Google Analytics"",""Google Font API"",""Google Tag Manager"",""PHP"",""jQuery"",""reCAPTCHA""]",40141483,catchall,N/A,7425c5cfb4a4048272acaa1e1e790088,N/A,N/A,85%,Real Estate,https://facebook.com/idxbroker,https://linkedin.com/company/idx-inc-,https://twitter.com/idxbroker,https://instagram.com/idxbroker,https://youtube.com/channel/uci1zilx12n9sqitcbx1dppq
Ryan Maki,Ryan,Maki,Vice President,ryanmaki@fieldstonerp.com,Fieldstone,fieldstonerp.com,+18887050600,"Suite 125 Atlanta, Georgia 30339",Atlanta,GA,"=""30339""",30,5700128,65,"[""All in One SEO Pack"",""Apache"",""Google Analytics"",""Google Font API"",""Hammer.js"",""PHP"",""Twitter Emoji (Twemoji)"",""WordPress"",""jQuery"",""jQuery Migrate""]",37320979,catchall,N/A,170552630d5e5e0319fa509d17ab6497,N/A,N/A,85%,Real Estate,https://facebook.com/fieldstonerp,https://linkedin.com/company/1922423,N/A,N/A,N/A
Ryan Shirley,Ryan,Shirley,Vice President,ryanshirley@m3companies.com,M3companies,m3companies.com,+14049750035,"5887 Glenridge Drive,Suite 250 Atlanta, GA 30328",unknown city,unknown state,"=""30328""",30,65000000,65,"[""Google Font API"",""Polyfill"",""RequireJS"",""Sentry"",""Wix""]",40225091,catchall,N/A,6bd7bae5cb6297d829357cae0ba0e81d,N/A,N/A,85%,Real Estate,https://facebook.com/jimbarbercre,https://linkedin.com/in/jim-barber-43429a3,https://twitter.com/jimbobarber,N/A,N/A
Sandra Allen,Sandra,Allen,Vice President,sallen@titlezen.com,Title Zen,titlezen.com,+18003801905,"Suite #150 Tampa, Florida 33607",Tampa,FL,"=""33607""",5,1638653,65,"[""Lodash"",""Polyfill"",""React"",""RequireJS"",""Wix"",""Zepto""]",40003186,catchall,N/A,507ba0da8cbbac5ee13023ed8dc86797,N/A,N/A,85%,Real Estate,https://facebook.com/titlezenfl,N/A,https://twitter.com/titlezen,N/A,N/A
Sally Dunlap,Sally,Dunlap,VP Risk and Compliance,sally.dunlap@travelex-insurance.com,Travelex,travelex-insurance.com,+18884574602,N/A,Omaha,NE,N/A,125,6411000000,6411,"[""Google Font API"",""Google Tag Manager"",""IIS"",""Incapsula"",""Microsoft ASP.NET"",""New Relic"",""Sitefinity"",""Tealium""]",42906216,catchall,N/A,481e56810183d080ec3f3ec74f317e89,N/A,N/A,85%,Insurance Agents: Brokers: and Service,https://facebook.com/travelexinsurance,N/A,https://twitter.com/travelexins,N/A,N/A
Sam Ally,Sam,Ally,Vice President Business Development,s.ally@hiscapitalgroup.com,His Capital Group,hiscapitalgroup.com,+14073782777,"250 N. Orange Ave. Suite 610 Orlando, FL 32801",Orlando,FL,"=""32801""",30,6000000,65,[],37656904,catchall,N/A,632b468c300c867abf08e85b729678c5,N/A,N/A,85%,Real Estate,https://facebook.com/realdealcommercialinvesting,N/A,N/A,https://instagram.com/hiscapitalgroup,https://youtube.com/user/hisrealdeal
Sam Kordares,Sam,Kordares,Vice President,samk@aabs1.com,American Accounting & Billing Service,aabs1.com,+18006785508,N/A,Atlanta,GA,N/A,5,2400000,65,"[""Apache Traffic Server"",""Google Analytics"",""Linkedin""]",38248594,catchall,N/A,dc6c70b15913fd836eab3647aa71fc63,N/A,N/A,85%,Real Estate,N/A,N/A,N/A,N/A,N/A
Steve Applegate,Steve,Applegate,Vice President,sapplegate@habershamfunding.com,Habersham Funding,habershamfunding.com,+14049492187,"3495 Piedmont Road NE, Suite 910",Atlanta,GA,"=""00910""",30,6411000000,6411,"[""Google Analytics"",""Google Font API"",""Google Tag Manager"",""Modernizr"",""Nginx"",""ZURB Foundation"",""jQuery""]",42051002,catchall,N/A,5b56d0425c7a6ee65f86e9c166f805c1,N/A,N/A,85%,Insurance Agents: Brokers: and Service,N/A,N/A,N/A,N/A,N/A
Sara Doelger,Sara,Doelger,Vice President,sara.doelger@argosyrealestate.com,Argosy Real Estate,argosyrealestate.com,+17205451589,"Suite 3600 San Francisco, CA 94105",San Francisco,CA,"=""94105""",30,7000000,65,[],44916828,catchall,N/A,338bad5548b63066041cec219776dd83,N/A,N/A,85%,Real Estate,N/A,https://linkedin.com/company/argosy-partners,N/A,N/A,N/A
Sanjay Babbar,Sanjay,Babbar,Vice President (nmlsr: 201295),sbabbar@potomacmortgagegroup.com,Mvb Mortgageour Construction Grouphome,potomacmortgagegroup.com,+13362646955,"675 Ponce de Leon Ave, Suite 8500, Atlanta GA 30308",Reston,VA,"=""30308""",N/A,65000000,65,"[""Apache"",""Elementor"",""Google Font API"",""Twitter Emoji (Twemoji)"",""WordPress"",""jQuery"",""jQuery Migrate""]",37617055,catchall,N/A,ebb5f3e03e4039ac0000df0f246ee16c,N/A,N/A,85%,Real Estate,N/A,N/A,N/A,N/A,N/A
Shane Baker,Shane,Baker,Executive VP,sbaker@insurorsoftexas.com,Insurors Of Texas,insurorsoftexas.com,+12547593842,"225 South Fifth St. Waco, TX 76701225 South Fifth Street Waco, TX 76701",Waco,TX,"=""76701""",75,22000000,6411,"[""Apache"",""Bootstrap"",""Google Analytics"",""Google Font API"",""Google Tag Manager"",""NextGEN Gallery"",""PHP"",""WordPress"",""Yoast SEO"",""jQuery"",""jQuery Migrate"",""reCAPTCHA""]",43154984,catchall,N/A,aa1eccaec29bb8bd1df34c8fbdc5df19,N/A,N/A,85%,Insurance Agents: Brokers: and Service,https://facebook.com/pages/insurors-of-texas/104275659640303,https://linkedin.com/in/jason-youens-0805708b,https://twitter.com/#!/insurorsoftexas,N/A,N/A
Shari Baner,Shari,Baner,Senior Vice President,sbaner@naicapital.com,Nai Capital,naicapital.com,+12136327711,N/A,Encino,CA,N/A,350,70000000,65,"[""DNN"",""Google Analytics"",""Google Font API"",""Google Tag Manager"",""IIS"",""Microsoft ASP.NET"",""jQuery"",""jQuery Migrate"",""jQuery UI""]",41618490,catchall,N/A,f619658961b711c51418d5779b7f0d45,N/A,N/A,85%,Real Estate,https://facebook.com/naicapital,https://linkedin.com/company/nai-capital,https://twitter.com/naicapital,N/A,https://youtube.com/user/naicapital
Sara Batzlaff,Sara,Batzlaff,Closing Manager/vice President,sbatzlaff@rochestertitle.com,Rochester Title & Escrow,rochestertitle.com,+15079610772,N/A,Rochester,MN,N/A,30,6411000000,6411,"[""Bootstrap"",""DNN"",""FancyBox"",""FlexSlider"",""Microsoft ASP.NET"",""Modernizr"",""jQuery"",""jQuery Migrate"",""jQuery UI""]",43633528,catchall,N/A,77abb8043c19e58a26e82d834d250d54,N/A,N/A,85%,Insurance Agents: Brokers: and Service,https://facebook.com/rochestertitlemn1,https://linkedin.com/company/rochester-title-&-escrow-company,N/A,N/A,N/A
Susan Brickman Vice,Susan,Vice,Vice President,sbrickmanvice@universeholdings.com,Universe Holdings,universeholdings.com,+13107850077,1875 Century Park East,Los Angeles,CA,N/A,125,65000000,65,"[""Apache"",""WordPress"",""jQuery""]",38331747,catchall,1/12/2021,d69764745ef4f401c742d73a85e0b7a5,N/A,N/A,85%,Real Estate,N/A,N/A,N/A,N/A,N/A
Scott Brody,Scott,Brody,Vice President - Property Management Division,sbrody@adamsinvestment.com,Adams Investment Group,adamsinvestment.com,+12027222100,N/A,Washington,DC,N/A,30,3312480,65,[],36209976,catchall,N/A,7cb2758fdb2b14753308412aeacf400e,N/A,N/A,85%,Real Estate,N/A,N/A,N/A,N/A,N/A
Stan Byczko,Stan,Byczko,VP Computer Services,sbyczko@dhevansassoc.com,Path Administrators,dhevansassoc.com,N/A,N/A,Harrisburg,PA,N/A,30,6411000000,6411,"[""Apache"",""Font Awesome"",""OWL Carousel"",""SUSE"",""jQuery"",""jQuery Migrate""]",41367255,catchall,N/A,5c7bbc6456c898d6bf9b98b31c079c14,N/A,N/A,85%,Insurance Agents: Brokers: and Service,N/A,N/A,N/A,N/A,N/A
Scott Cancellare,Scott,Cancellare,Assistant Vice President,scancellare@cthellmuth.com,C T. Hellmuth,cthellmuth.com,+13012156107,"8401 Connecticut Ave., Suite 501 | Chevy Chase, MD 20815",unknown city,unknown state,"=""20815""",30,6411000000,6411,"[""Google Font API"",""Nginx"",""Twitter Emoji (Twemoji)"",""WordPress"",""jQuery"",""jQuery Migrate""]",42727188,catchall,N/A,18313046ffd0d067a8d66c6a479f0441,N/A,N/A,85%,Insurance Agents: Brokers: and Service,https://facebook.com/cthellmuth,https://linkedin.com/company/c-t-hellmuth-&-associates,https://twitter.com/cthellmuth,N/A,N/A
Samantha Chung,Samantha,Chung,"Vice President, Business Operations",schung@narver.com,Narver,narver.com,+16263040900,"P.O. Box 1509 San Gabriel, CA 91778-1509.",San Gabriel,CA,N/A,30,6411000000,6411,"[""Apache"",""Google Font API"",""Modernizr"",""PHP"",""Twitter Emoji (Twemoji)"",""WordPress"",""jQuery"",""jQuery Migrate""]",40111622,catchall,N/A,3af7ee607a4382bcc8bab8f153024760,N/A,N/A,85%,Insurance Agents: Brokers: and Service,https://facebook.com/narverinsurance,N/A,N/A,N/A,N/A
Steve Corcoran,Steve,Corcoran,Associate Vice President,scorcoran@emergetx.com,Noble Capital 8007001450 Infonoblecapitalcom Our,emergetx.com,+15124923800,"9050 N Capital of Texas Hwy, Bldg. 3 Suite 130 Austin, TX 78759",Austin,TX,"=""78759""",5,1638653,65,"[""CloudFlare"",""Facebook"",""Google Analytics"",""Google Font API"",""Google Maps"",""Google Tag Manager"",""Modernizr"",""Nginx"",""WP Engine"",""WordPress"",""jQuery"",""jQuery Migrate"",""jQuery UI""]",43153643,catchall,10/12/2020,7119f80b4f6de7db87bb93c788432ba8,N/A,N/A,85%,Real Estate,https://facebook.com/noblecapital,https://linkedin.com/company/noble-capital,https://twitter.com/noblecapitaltx,https://instagram.com/noblecapitalradio,https://youtube.com/user/noblecapital
Scott Howell,Scott,Howell,Vp/employee Benefit Consultant,scotth@westben.com,Western Benefit Solutions,westben.com,N/A,N/A,Boise,ID,N/A,30,6411000000,6411,"[""Google Maps"",""Google Tag Manager"",""Handlebars"",""IIS"",""Incapsula"",""Microsoft ASP.NET"",""Modernizr"",""Sitecore"",""Swiftype"",""jQuery"",""jQuery UI""]",42546649,catchall,N/A,6b65c3098bbffffbfe9f41f2ed5806b4,N/A,N/A,85%,Insurance Agents: Brokers: and Service,N/A,N/A,N/A,N/A,N/A
Scott Keeter,Scott,Keeter,Vice President/reo Management,scott.keeter@samreo.net,Specialized Asset Management,samreo.net,N/A,N/A,Highlands Ranch,CO,N/A,125,65000000,65,"[""Bootstrap"",""Font Awesome"",""Google Analytics"",""Google Font API"",""Google Tag Manager"",""SweetAlert"",""jQuery"",""jQuery Migrate"",""jQuery UI"",""reCAPTCHA""]",43173095,catchall,N/A,8933b11a1f3e13be40180b3e57f387b3,N/A,N/A,85%,Real Estate,N/A,N/A,N/A,N/A,N/A
Scott Pechman,Scott,Pechman,Senior Vice President of Employee Benefits,scott.pechman@willis.com,Willis,willis.com,N/A,N/A,New York,NY,N/A,55000,0,6411,"[""AddThis"",""Bootstrap"",""CloudFlare"",""Google Font API"",""Google Tag Manager"",""Incapsula"",""Lazy.js"",""Microsoft ASP.NET"",""Sitecore"",""jQuery"",""scrollreveal""]",37679781,catchall,N/A,881943416a779071a4f52b329facd040,N/A,N/A,85%,Insurance Agents: Brokers: and Service,N/A,N/A,N/A,N/A,N/A
Scott Rehn,Scott,Rehn,CEO,scott.rehn@aerocrewsolutions.com,Aero Crew Solutions,aerocrewsolutions.com,+14044619600,"3401 Norman Berry Drive, STE 102, Atlanta, GA 30344",unknown city,unknown state,"=""30344""",5,1638653,45,"[""CloudFlare"",""Facebook"",""Squarespace"",""Typekit"",""YUI"",""webpack""]",40354459,catchall,N/A,65470670fd7a9c7804ffa60d92c212e7,N/A,N/A,85%,Transportation By Air,N/A,N/A,N/A,N/A,N/A
Scott Meshil,Scott,Meshil,Senior Vice President,scott@royalpropertiesinc.com,Royal Properties,royalpropertiesinc.com,+19142373400,"2373 Central Park Avenue Yonkers, NY",Bronxville,NY,N/A,30,5700128,65,"[""Apache"",""Bootstrap"",""Font Awesome"",""Google Font API"",""Google Maps"",""Slick"",""Twitter Emoji (Twemoji)"",""Ubuntu"",""WordPress"",""Yoast SEO"",""jQuery"",""jQuery Migrate""]",39635085,catchall,N/A,8a4a961ce2623655ff4d6223d58ae2cb,N/A,N/A,85%,Real Estate,https://facebook.com/royalpropertiesinc/,https://linkedin.com/company/5146711,https://twitter.com/royalprops,https://instagram.com/royal_properties_inc,N/A
Scott Schwartz,Scott,Schwartz,Vice President,scott@schwartzinsgrp.com,Schwartz Insurance Group,schwartzinsgrp.com,+15024511111,"Suite 8 Louisville, KY 402202950 Breckenridge Lane Louisville, KY 40220",Louisville,KY,"=""40220""",5,1000000,6411,"[""CloudFlare"",""HubSpot"",""Matomo"",""jQuery""]",45879081,catchall,11/20/2020,7d45bd6ae14706ff1b27fbc0da6ff010,N/A,N/A,85%,Insurance Agents: Brokers: and Service,https://facebook.com/pages/schwartz-insurance-group/122219004497426,https://linkedin.com/company/schwartz-insurance-group,https://twitter.com/#!/schwartzinsgrp,N/A,https://youtube.com/channel/ucngee7uki21qkae1qdlabdq
Scott Pennington,Scott,Pennington,Senior Vice President Leasing,scott@sullivanwickley.com,Sullivan Wickley,sullivanwickley.com,+14703759285,N/A,Atlanta,GA,N/A,30,5700128,65,"[""Nginx"",""Slick"",""WordPress"",""jQuery"",""jQuery Migrate""]",37121006,catchall,N/A,34fb057f8d1e8fb8ddef1d48a1eec0ee,N/A,N/A,85%,Real Estate,N/A,N/A,N/A,N/A,N/A
Seth Dolfi,Seth,Dolfi,Vice President,sdolfi@wexlerinsurance.com,Wexler Insurance Agency,wexlerinsurance.com,+15138912132,"1120 Ponce de Leon Blvd Coral Gables, FL 33134",Coral Gables,FL,"=""33134""",30,6411000000,6411,"[""Adobe DTM"",""Google Analytics"",""Nginx"",""Prototype"",""script.aculo.us""]",42093280,catchall,N/A,36d84b307dda0802723821895c5b2675,N/A,N/A,85%,Insurance Agents: Brokers: and Service,N/A,N/A,N/A,N/A,N/A
"Steve Dozier,cisr,aai",Steve,"Dozier,cisr,aai",Sr. Vice President,sdozier@hpbinsurance.com,Hpb Insurance Group,hpbinsurance.com,+13368813500,N/A,High Point,NC,N/A,30,6411000000,6411,"[""Bootstrap"",""Google Analytics"",""Microsoft ASP.NET"",""jQuery""]",37852328,catchall,N/A,76c9ca3a5fb5fc9a9d6a4f792a55ca4c,N/A,N/A,85%,Insurance Agents: Brokers: and Service,https://facebook.com/hpbinsurance,N/A,N/A,N/A,N/A
Sean Filley,Sean,Filley,Vice President,sean.filley@504experts.com,Mercantile Capital,504experts.com,N/A,N/A,Orlando,FL,N/A,30,6000000,65,[],41323043,catchall,N/A,cfcd992b967f38af72fc1a3b45a401ed,N/A,N/A,85%,Real Estate,N/A,N/A,N/A,N/A,N/A
Steven Gasso,Steven,Gasso,Vice President of Regional Directors,sgasso@valuationlink.com,Valuation Link,valuationlink.com,+18773905225,N/A,Northville,MI,N/A,30,5700128,65,"[""Apache"",""DreamWeaver"",""Google Analytics"",""Pardot"",""jQuery""]",38188664,catchall,N/A,96224094df446823bb1a2cf63df70c68,N/A,N/A,85%,Real Estate,N/A,https://linkedin.com/company/2831948,N/A,N/A,N/A
Stephen Geller,Stephen,Geller,Vice President,sgeller@wsandco.com,Woodruff Sawyer,wsandco.com,+14154026514,N/A,Portland,OR,N/A,350,6411000000,6411,"[""Elementor"",""Google Analytics"",""Google Font API"",""Google Tag Manager"",""MediaElement.js"",""Nginx"",""Pantheon"",""Pardot"",""Twitter Emoji (Twemoji)"",""Varnish"",""WordPress"",""ZURB Foundation"",""jQuery"",""jQuery Migrate""]",37519757,catchall,N/A,397efd42a91d96a9a05638ab8aa6a3e4,N/A,N/A,85%,Insurance Agents: Brokers: and Service,https://facebook.com/woodruffsawyer,https://linkedin.com/company/woodruff-sawyer,https://twitter.com/woodruffsawyer,N/A,https://youtube.com/channel/ucxbuqd50n-o8arfs7pcphsa
Scott Hamm,Scott,Hamm,Regional Vice President,shamm@travelers.com,Travelers Indemnity,travelers.com,+18663362077,N/A,Hinckley,OH,N/A,30,1000000,6411,"[""Akamai"",""CloudFlare"",""Dynatrace"",""Facebook"",""Google Analytics"",""Google Tag Manager"",""IIS"",""Microsoft ASP.NET"",""Modernizr"",""Tealium"",""YUI"",""jQuery"",""jQuery UI""]",39064041,catchall,N/A,16a910d07a5525988fc4cd3c1233110d,N/A,N/A,85%,Insurance Agents: Brokers: and Service,https://facebook.com/travelers,https://us.linkedin.com/company/travelers,https://twitter.com/travelers,https://instagram.com/travelersinsurance,https://youtube.com/user/travelersinsurance
Shane Martin,Shane,Martin,Executive Vice President - Strategy and Business Development,shane.martin@inhouseusa.com,Inhouseusa,inhouseusa.com,N/A,N/A,Ponte Vedra Beach,FL,N/A,30,35000000,65,"[""Nginx""]",43519948,catchall,N/A,45132618e78691e4c7eb4f22c6b839e1,N/A,N/A,85%,Real Estate,N/A,N/A,N/A,N/A,N/A
Shannon Lofdahl,Shannon,Lofdahl,"Vice President, Business Development & Operations",shannon.lofdahl@travelex-insurance.com,Travelex,travelex-insurance.com,+18884574602,N/A,Omaha,NE,N/A,125,6411000000,6411,"[""Google Font API"",""Google Tag Manager"",""IIS"",""Incapsula"",""Microsoft ASP.NET"",""New Relic"",""Sitefinity"",""Tealium""]",42906214,catchall,N/A,06b5b37427bd9a04a4945a2483f91de0,N/A,N/A,85%,Insurance Agents: Brokers: and Service,https://facebook.com/travelexinsurance,N/A,https://twitter.com/travelexins,N/A,N/A
Sharon Schlenker,Sharon,Schlenker,"Vice President, Partnership Management",sharon_schlenker@veritasrs.com,Veritas,veritasrs.com,+16306011506,N/A,Oak Brook,IL,N/A,30,6411000000,6411,"[""Apache"",""FancyBox"",""Google Analytics"",""Google Font API"",""Google Tag Manager"",""WordPress"",""Yoast SEO"",""jQuery""]",42547777,catchall,N/A,529df929e1c3640fe8f59eaeb444ed66,N/A,N/A,85%,Insurance Agents: Brokers: and Service,https://facebook.com/veritasriskservices,https://linkedin.com/company/veritas-risk-services,N/A,N/A,N/A
Shawn Skeele,Shawn,Skeele,Vice President,shawnskeele@skeele.com,Skeele Insurance Agency,skeele.com,+18007820154,"920A E Genesee St Chittenango, NY 13037",De Ruyter,NY,"=""13037""",30,6411000000,6411,"[""Facebook"",""Google Analytics"",""Google Font API"",""LiteSpeed"",""WordPress"",""jQuery"",""jQuery Migrate""]",41613090,catchall,N/A,de36a5e386e013929d59031f29f3e02a,N/A,N/A,85%,Insurance Agents: Brokers: and Service,https://facebook.com/skeeleinsurancederuyter/reviews,https://linkedin.com/company/skeele-agency-inc-,N/A,N/A,https://youtube.com/channel/uckobs4suoupu07xpasd19qq
Shayne Beckett,Shayne,Beckett,VP Strategic Partnerships,shayne@kcportland.com,Cobalt,kcportland.com,+15032398432,"1100 NE 28th Ave., Ste. 100 Portland, OR 97232",Portland,OR,"=""97232""",5,1638653,65,"[""Sentry"",""Squarespace"",""Typekit"",""YUI"",""webpack""]",41268270,catchall,N/A,2356193aef331a2455f61a0fe2fbde4e,N/A,N/A,85%,Real Estate,N/A,N/A,N/A,N/A,N/A
Steve Heck,Steve,Heck,Vice President,sheck@mbaileygroup.com,Bailey Group Makes,mbaileygroup.com,+18668261800,"Harold Ryman in St. Augustine, Florida.",Saint Augustine,FL,N/A,30,11000000,6411,"[""Bootstrap"",""CloudFlare"",""Facebook"",""Google Analytics"",""Google Font API"",""HubSpot"",""Matomo"",""Nginx"",""Twitter Emoji (Twemoji)"",""WP Engine"",""WordPress"",""jQuery"",""jQuery Migrate"",""reCAPTCHA""]",38083575,catchall,N/A,a0387847133cb932576954adcab508c7,N/A,N/A,85%,Insurance Agents: Brokers: and Service,https://facebook.com/thebaileygroup,https://linkedin.com/company/baileygroupfl,https://twitter.com/baileygroup,https://instagram.com/bailey_group,https://youtube.com/user/mbaileygroup
Saul Hedaya,Saul,Hedaya,Vice President of Asset Management,shedaya@hirshmarkcapital.com,Hirshmark Capital,hirshmarkcapital.com,+12123210421,"15 W 26th St, Suite 901 New York, NY 10010",New York,NY,"=""10010""",5,1400000,65,"[""Apache"",""Bootstrap"",""Glyphicons"",""Google Analytics"",""Google Font API"",""PHP"",""Twitter Emoji (Twemoji)"",""WordPress"",""Yoast SEO"",""animate.css"",""jQuery"",""jQuery Migrate"",""prettyPhoto""]",36667514,catchall,N/A,def4770483484afb2ebfcdb005473de1,N/A,N/A,85%,Real Estate,N/A,N/A,N/A,N/A,N/A
Sheila O'neil,Sheila,O'neil,Vice President,sheila@murphyinsgroup.com,Murphy Insurance Group,murphyinsgroup.com,+18007630087,"14 Storrs Avenue Braintree, MA 02184",Braintree,MA,"=""02184""",125,6411000000,6411,"[""Bootstrap"",""Font Awesome"",""OWL Carousel"",""Twitter Emoji (Twemoji)"",""WordPress"",""Yoast SEO"",""jQuery"",""jQuery Migrate""]",36393885,catchall,N/A,af88f5ed343da8b40e8084acba96e92b,N/A,N/A,85%,Insurance Agents: Brokers: and Service,https://facebook.com/the-murphy-insurance-group-159137337469396/,N/A,N/A,N/A,N/A
Susan Hendricks,Susan,Hendricks,Vice President,shendricks@hartins.com,Hartins,hartins.com,+18008598734,"31811 Pacific Hwy S, Suite B366 Federal Way, WA 980031230 S 336th St Suite F Federal Way WA 980031230 S 336th St., Suite F, Federal Way, WA 980031230 S 336th St Suite F Federal Way WAis 31811 Pacific ",Federal Way,WA,"=""98003""",30,6411000000,6411,"[""Bootstrap"",""Google Analytics"",""Nginx"",""Plesk"",""SiteCatalyst"",""jQuery""]",37623751,catchall,N/A,22596ab509f07e84362d02c111d9e2ef,N/A,N/A,85%,Insurance Agents: Brokers: and Service,https://facebook.com/pages/hart-insurance-agency/138358051893,https://linkedin.com/company/4872399,https://twitter.com/hart_insurance,N/A,N/A
Sherry Tedesco,Sherry,Tedesco,Vice President Operations,sherry.tedesco@zirmed.com,Zirmed,zirmed.com,N/A,N/A,Louisville,KY,N/A,750,6411000000,6411,[],41249392,catchall,N/A,0de0489f92e98844abaf9e19b1d4493a,N/A,N/A,85%,Insurance Agents: Brokers: and Service,N/A,N/A,N/A,N/A,N/A
Scott Hershkowitz,Scott,Hershkowitz,Vice President,shershkowitz@boyntonandboynton.com,Boynton & Boynton,boyntonandboynton.com,+17327470800,"362 E Main Street Somerville, NJ 08876",unknown city,unknown state,"=""08876""",125,6411000000,6411,"[""Apache"",""Facebook"",""Google Analytics"",""Google Font API"",""Twitter Emoji (Twemoji)"",""W3 Total Cache"",""WordPress"",""Yoast SEO"",""jQuery"",""jQuery Migrate"",""jQuery UI""]",36524089,catchall,N/A,72623848ea63e8e7b89a991fbf675bac,N/A,N/A,85%,Insurance Agents: Brokers: and Service,https://facebook.com/boyntonandboynton,https://linkedin.com/company/boynton-&-boynton,https://twitter.com/boyntoninsure,N/A,N/A
Stephen Jacobs,Stephen,Jacobs,Assistant Vice President,sjacobs@safepointins.com,Safepoint,safepointins.com,+18778587445,N/A,Tampa,FL,N/A,30,6000000,64,"[""Apache"",""Google Analytics"",""Google Font API"",""Plesk"",""Twitter Emoji (Twemoji)"",""WordPress"",""jQuery"",""jQuery Migrate""]",38090869,catchall,N/A,13d059bb14f8663c80cbe28700db6d11,N/A,N/A,85%,Insurance Agents: Brokers: and Service,https://facebook.com/safepointins,https://linkedin.com/company/safepoint-holdings-llc,https://twitter.com/safepointins,N/A,N/A
Scott Kareus,Scott,Kareus,Reginal VP,skareus@polyair.com,Polyair,polyair.com,+14166796610,"300 Spencer Mattingly Lane Bardstown, Kentucky",Atlanta,GA,N/A,125,39000000,39,"[""All in One SEO Pack"",""Font Awesome"",""Google Analytics"",""IIS"",""Modernizr"",""PHP"",""Twitter Emoji (Twemoji)"",""WordPress"",""jQuery"",""jQuery Migrate"",""jQuery UI""]",40357848,catchall,N/A,93ecec4a9314d6da99a085df035b7b43,N/A,N/A,85%,Miscellaneous Manufacturing Industries,https://facebook.com/polyairpro,https://linkedin.com/company/polyair,https://twitter.com/polyairpro,N/A,N/A
Sara Kepley,Sara,Kepley,Vice-president of Corporate & Professional Services,skepley@kfsa.com,Kfsa,kfsa.com,+18008945020,"1515 East 30th Avenue Hutchinson, KS 67502",Hutchinson,KS,"=""67502""",125,6411000000,6411,"[""Apache"",""RequireJS"",""jQuery""]",45157907,catchall,11/15/2020,266369df769e2e4469f738d22e56dccd,N/A,N/A,85%,Insurance Agents: Brokers: and Service,https://facebook.com/kfsa.ins,https://linkedin.com/company/kfsa,https://twitter.com/kfsa,N/A,N/A
Shawn Knechtel,Shawn,Knechtel,Executive VP - Principal,sknechtel@widerman.com,Widerman,widerman.com,+18888755231,"70 Tanner Street Haddonfield, NJ 08033",unknown city,unknown state,"=""08033""",30,6411000000,6411,"[""Apache"",""Bootstrap"",""Google Font API"",""Modernizr"",""Twitter Emoji (Twemoji)"",""Underscore.js"",""WordPress"",""jQuery"",""jQuery Migrate""]",40317126,catchall,N/A,131b2dbce6e665c5334c132f246ab5fb,N/A,N/A,85%,Insurance Agents: Brokers: and Service,https://facebook.com/widermancompany,N/A,N/A,N/A,N/A
Sherry Koehler,Sherry,Koehler,VP & Accting Mgr,skoehler@warnerandcompany.com,Warner And Company Insurance Warner And,warnerandcompany.com,+17012554956,"PO Box 1470 Fargo, ND 58107-1470",Fargo,ND,"=""58107-1470""",30,6411000000,6411,"[""Apache"",""Google Analytics"",""PHP"",""jQuery""]",40015253,catchall,N/A,bf91af2615a89bd96e6eb4ea9bae639d,N/A,N/A,85%,Insurance Agents: Brokers: and Service,N/A,N/A,N/A,N/A,N/A
Scott Lamb,Scott,Lamb,Vice President,slamb@nittanybank.com,Nittany Bank,nittanybank.com,N/A,N/A,State College,PA,N/A,5,1638653,65,[],45421853,catchall,N/A,b816525bff1d40a0ec2cfdb18f408dad,N/A,N/A,85%,Real Estate,N/A,N/A,N/A,N/A,N/A
Steve Landaal,Steve,Landaal,Vice President of Portfolio Management,s.landaal@hiscapitalgroup.com,His Capital Group,hiscapitalgroup.com,+14073782777,"250 N. Orange Ave. Suite 610 Orlando, FL 32801",Orlando,FL,"=""32801""",30,6000000,65,[],37656902,catchall,N/A,5ac27debf8d62d8c1f731378a3bc0c81,N/A,N/A,85%,Real Estate,https://facebook.com/realdealcommercialinvesting,N/A,N/A,https://instagram.com/hiscapitalgroup,https://youtube.com/user/hisrealdeal
S Lee,S,Lee,Vice President,slee@carlsonpartnersllc.com,Carlson,carlson-commercial.com,+16514705231,"4530 West 77th Street, Suite 365 Edina, MN 55435",Eagan,MN,"=""55435""",5,65000000,65,"[""Apache"",""Google Analytics"",""PHP"",""WordPress"",""ZURB Foundation"",""jQuery"",""jQuery Migrate"",""reCAPTCHA""]",37765327,catchall,N/A,58d8953a9b36a31db58fcc68de823a79,N/A,N/A,85%,Real Estate,https://facebook.com/carlson-commercial-497809460387659/,https://linkedin.com/company/carlson-commercial,N/A,https://instagram.com/carlsonpartners,N/A
Steven Lee,Steven,Lee,Senior Vice President,slee@treancorp.com,Trean,treancorp.com,+19529742200,N/A,Eden Prairie,MN,N/A,125,6411000000,6411,"[""Apache"",""Google Analytics"",""Google Font API"",""Java"",""Modernizr""]",40124840,catchall,N/A,c080bcd961bca172906c67fb993013c3,N/A,N/A,85%,Insurance Agents: Brokers: and Service,N/A,N/A,N/A,N/A,N/A
Sandra Lien,Sandra,Lien,Vice President,slien@pinnacle-advisory.com,Pinnacle Advisory Group,pinnacle-advisory.com,+16177229916,N/A,Boston,MA,N/A,30,6411000000,6411,"[""Google Analytics"",""Google Tag Manager"",""Modernizr"",""Nginx"",""Twitter Emoji (Twemoji)"",""Typekit"",""WP Engine"",""WordPress"",""Yoast SEO"",""jQuery"",""jQuery Migrate"",""jQuery UI""]",43805920,catchall,N/A,728f068f9eabb7d3f94b01b729756fad,N/A,N/A,85%,Insurance Agents: Brokers: and Service,N/A,N/A,N/A,N/A,N/A
Steve Liu,Steve,Liu,Vice President,sliu@naicapital.com,Nai Capital,naicapital.com,+12136327711,N/A,Encino,CA,N/A,350,70000000,65,"[""DNN"",""Google Analytics"",""Google Font API"",""Google Tag Manager"",""IIS"",""Microsoft ASP.NET"",""jQuery"",""jQuery Migrate"",""jQuery UI""]",41618494,catchall,N/A,1f51836ce75379b17cb709e5536a4269,N/A,N/A,85%,Real Estate,https://facebook.com/naicapital,https://linkedin.com/company/nai-capital,https://twitter.com/naicapital,N/A,https://youtube.com/user/naicapital
Spencer Merritt,Spencer,Merritt,Vice President,smerritt@fdstonewater.com,Fd Stonewater,fdstonewater.com,+17035377650,"1001 N. 19th Street Suite 1401 Arlington, VA 22209FD Stonewater / 1001 N. 19th Street, Suite 1401 / Arlington, VA 22209",Arlington,TX,"=""22209""",30,3400000,65,"[""Apache"",""Google Analytics"",""WordPress"",""jQuery""]",44569345,catchall,10/12/2020,17d41c7f0131e725fde0edae9447a68e,N/A,N/A,85%,Real Estate,N/A,https://linkedin.com/company/fd-stonewater,N/A,N/A,N/A
Steve Smith,Steve,Smith,Sr Vice President,smith@ahcinc.org,Ahc Inc.2230,ahcinc.org,+14106850367,"1501 Saint Paul Street Suite 111 Baltimore, MD",unknown city,unknown state,N/A,75,9500213,65,"[""Bootstrap"",""Font Awesome"",""Google Analytics"",""Google Font API"",""MediaElement.js"",""Moment.js"",""Nginx"",""PHP"",""Twitter Emoji (Twemoji)"",""WordPress"",""jQuery"",""jQuery Migrate""]",44414673,catchall,N/A,ed0dd52afc6aa19ab237a630506aa7f7,N/A,N/A,85%,Real Estate,https://facebook.com/pages/ahc-affordable-housing/240476459348,N/A,https://twitter.com/ahcinc,https://instagram.com/ahc_inc/,N/A
Sally Morrow,Sally,Morrow,Vice President Owner,smorrow@reappraisal.com,Asap Solutions,reappraisal.com,+17145325950,"1045 West Katella Ave. Ste 370 Orange, CA 92867",Orange,CA,"=""92867""",5,909860,65,[],42296939,catchall,N/A,1c4a77ad8d06e11ffcd2fc14cb7d0673,N/A,N/A,85%,Real Estate,N/A,N/A,N/A,N/A,N/A
Stephen Mossini,Stephen,Mossini,Broker/vp of Retail Leasing,smossini@prakascompany.com,Prakas,prakascompany.com,+15614080555,"1800 NW 1stCourt, Boca Raton, FL 33432",Boca Raton,FL,"=""33432""",30,5700128,65,"[""Lodash"",""Polyfill"",""React"",""RequireJS"",""Wix"",""Zepto""]",40215419,catchall,N/A,9841f5b78158742989f40ee767cb2d3c,N/A,N/A,85%,Real Estate,https://facebook.com/prakascompany,N/A,https://twitter.com/prakasco,N/A,N/A
Sean Murphy,Sean,Murphy,Senior Vice President,smurphy@cresa.com,Cresa,cresa.com,+14045571789,"St. Louis, MO",Boston,MA,N/A,750,300000000,65,"[""Azure"",""Google Analytics"",""Google Tag Manager"",""IIS"",""Microsoft ASP.NET"",""Sitecore""]",39975096,catchall,N/A,a545de2ab2282c66b2aa4245f75bc040,N/A,N/A,85%,Real Estate,https://facebook.com/cresacorp,https://linkedin.com/company/cresa,https://twitter.com/cresacorp,https://instagram.com/cresaglobal,https://youtube.com/user/cresacorp
Scott Newhaus,Scott,Newhaus,Regional Vice President,snewhaus@mackinsurance.com,Insurance Group,mackinsurance.com,+18003514224,N/A,Deerfield Beach,FL,N/A,30,6411000000,6411,"[""Google Font API"",""Gravity Forms"",""Nginx"",""Revslider"",""WP Engine"",""WordPress"",""Yoast SEO"",""YouTube"",""jQuery"",""jQuery Migrate""]",46222231,catchall,N/A,48225a521b1fad46a6cbc0f0b6f40e79,N/A,N/A,85%,Insurance Agents: Brokers: and Service,N/A,N/A,N/A,N/A,N/A
Shane Omar,Shane,Omar,Sr. Vice President,somar@jbgsmith.com,Jbg Smith,jbgsmith.com,N/A,N/A,Washington,DC,N/A,750,300000000,65,"[""Express"",""Font Awesome"",""Google Tag Manager"",""Lodash"",""Nginx"",""webpack""]",39810045,catchall,N/A,ddea7ab45f4dbc22adee3dc80a2ac304,N/A,N/A,85%,Real Estate,N/A,N/A,N/A,N/A,N/A
Spencer Brush Jr,Spencer,Jr,Area Vice President,spencer_jr@ajg.com,Arthur J Gallagher And Co Of Iowa,ajg.com,N/A,N/A,Sioux City,IA,N/A,30,5595000000,6411,[],37141205,catchall,N/A,3ff3431964fe45372a47a7ffc6c77ece,N/A,N/A,85%,Insurance Agents: Brokers: and Service,N/A,N/A,N/A,N/A,N/A
"Sharyn Petillo, Cic, Crm",Sharyn,Crm,Regional Vice President,spetillo@mackinsurance.com,Insurance Group,mackinsurance.com,+18003514224,N/A,Deerfield Beach,FL,N/A,30,6411000000,6411,"[""Google Font API"",""Gravity Forms"",""Nginx"",""Revslider"",""WP Engine"",""WordPress"",""Yoast SEO"",""YouTube"",""jQuery"",""jQuery Migrate""]",46222239,catchall,N/A,f17aac563a34a4b9ad016b295fe51dcd,N/A,N/A,85%,Insurance Agents: Brokers: and Service,N/A,N/A,N/A,N/A,N/A
Sara Pe,Sara,Pe,Vice President Real Estate Development,s.pe@westmassdevelopment.com,Westmass Area Development,westmassdevelopment.com,N/A,N/A,Chicopee,MA,N/A,5,7000000,65,[],43023975,catchall,N/A,417a733ec68a412e48f3b3507b0afc9e,N/A,N/A,85%,Real Estate,N/A,N/A,N/A,N/A,N/A
Steve Plusquellic,Steve,Plusquellic,Vice President,splusquellic@rodgersgrp.com,Rodgersgrp,rodgersgrp.com,+14129225117,"Rodgers Insurance Group  651 Holiday Drive, Foster Plaza V, Pittsburgh, PA 15220",Pittsburgh,PA,"=""15220""",30,6411000000,6411,"[""Apache"",""Google Analytics"",""jQuery""]",38582111,catchall,N/A,c04918d4f5ef17a3c462606977504a46,N/A,N/A,85%,Insurance Agents: Brokers: and Service,N/A,N/A,N/A,N/A,N/A
Stephen Scontras,Stephen,Scontras,Senior Vice President,sscontras@waldorfrisksolutions.com,Waldorf Risk Solutions,waldorfrisksolutions.com,+16314243610,"PO Box 590 Huntington, NY 1174324 West Carver Street 1st Floor, Huntington, NY 11743PO Box 590, Huntington, NY 11743",Huntington,NY,"=""11743""",30,1000000,6411,[],45528320,catchall,N/A,6d9cc4c6d8d7e60064d7f301ea894cac,N/A,N/A,85%,Insurance Agents: Brokers: and Service,https://facebook.com/waldorfrisksolutions,https://linkedin.com/company/2568620,N/A,N/A,N/A
Sherry Siedsma,Sherry,Siedsma,Assistant Vice President - Underwriting,ssiedsma@riverportinsurance.com,Riverport,riverportinsurance.com,N/A,N/A,Minneapolis,MN,N/A,125,6411000000,6411,[],43371020,catchall,N/A,a2843883f1c7484fa59cc57d9b1d4adc,N/A,N/A,85%,Insurance Agents: Brokers: and Service,N/A,N/A,N/A,N/A,N/A
Sara Spychalski,Sara,Spychalski,"Vp, Risk Management",sspychalski@Sunmarkfcu.org,Sunmark,Sunmarkfcu.org,+15183828433,"202 Northline Road Ballston Spa, NY 12020",Latham,NY,"=""12020""",125,0,64,"[""Amazon EC2"",""Apache"",""Facebook"",""Font Awesome"",""Google Analytics"",""Google Font API"",""Google Tag Manager"",""Gravity Forms"",""Modernizr"",""Revslider"",""TrackJs"",""WordPress"",""jQuery"",""jQuery Migrate"",""jQuery UI""]",43933542,catchall,N/A,1759765bf971ce071f6c062388f66b3f,N/A,N/A,85%,Insurance Agents: Brokers: and Service,https://facebook.com/sunmarkfcu,https://linkedin.com/company/485198,https://twitter.com/sunmarkfcu,N/A,https://youtube.com/user/sunmarkfcu
Stefan Moss,Stefan,Moss,Area Vice President,stefan_moss@ajg.com,Arthur J Gallagher And Co Of Iowa,ajg.com,N/A,N/A,Sioux City,IA,N/A,30,5595000000,6411,[],37141069,catchall,N/A,60edb5e70450e7e73bc3908824809845,N/A,N/A,85%,Insurance Agents: Brokers: and Service,N/A,N/A,N/A,N/A,N/A
Drew Stepanek,Drew,Stepanek,Senior Vice President,stepanek@stockbridge.com,Stockbridge,stockbridge.com,+13128194030,"3550 Lenox Road NE, Suite 2000",Chicago,IL,"=""02000""",300,25000000,65,"[""Azure"",""Bootstrap"",""Google Analytics"",""Google Tag Manager"",""IIS"",""PHP"",""WordPress"",""jQuery"",""jQuery Migrate""]",40483824,catchall,N/A,a9592b81e2afddc996af16b881cd9e93,N/A,N/A,85%,Real Estate,N/A,https://linkedin.com/company/stockbridge-real-estate-funds,N/A,N/A,N/A
Stephanie Strano Maine,Stephanie,Maine,Vice President,stephanie.maine@strano.com,Strano,strano.com,+16183073484,"River from Metropolitan St. Louis, more people than ever before are proud to call Southwest Illinois",unknown city,unknown state,N/A,125,6411000000,6411,"[""Amazon ELB"",""Apache"",""Bootstrap"",""Clicky"",""Facebook"",""Font Awesome"",""Google Analytics"",""Microsoft ASP.NET"",""Modernizr"",""Moment.js"",""New Relic"",""Phusion Passenger"",""Pinterest"",""Ubuntu"",""YUI"",""jQuery""]",45247367,catchall,N/A,ee40f057314df7a6673b8658b46bbb5b,N/A,N/A,85%,Insurance Agents: Brokers: and Service,https://facebook.com/stranore,https://linkedin.com/company/strano-and-associates,https://twitter.com/stranore,https://instagram.com/strano_and_associates,N/A
Stephen Wright,Stephen,Wright,Vice President,stephen@wrightinsgroup.com,Wright Insurance Group,wrightinsgroup.com,+18003384005,1613 Newman St Janesville WI 53545,Beloit,WI,"=""53545""",5,1638653,6411,"[""Bootstrap"",""Font Awesome"",""Google Font API"",""Google Maps"",""Google Tag Manager"",""LiteSpeed"",""SiteCatalyst"",""animate.css"",""jQuery"",""jQuery UI""]",36675183,catchall,N/A,492ea8037a05b0a9699afba71755e21a,N/A,N/A,85%,Insurance Agents: Brokers: and Service,https://facebook.com/wright-insurance-agency-505717513139526/,https://linkedin.com/company/9310362,https://twitter.com/wrightinsgroup,N/A,N/A
Steve Clemens,Steve,Clemens,Vice President Life Markets,stevec@urlinsgroup.com,Url,urlinsgroup.com,+18009268875,"500 Nationwide Drive Harrisburg, PA 17110500 Nationwide Drive, Harrisburg, PA 17110",Harrisburg,PA,"=""17110""",30,6411000000,6411,"[""Apache"",""Bootstrap"",""Joomla"",""MooTools"",""PHP"",""jQuery"",""jQuery Migrate""]",40046061,catchall,N/A,0663a57d07c174c6c7f357f621224985,N/A,N/A,85%,Insurance Agents: Brokers: and Service,https://facebook.com/urlinsgroup,https://linkedin.com/company/url-insurance-group,https://twitter.com/urlinsgroup,N/A,https://youtube.com/user/urlinsgroup
Steven Anderson,Steven,Anderson,Senior VP,stevena@daimlergroup.com,Daimler,daimlergroup.com,+16144884424,N/A,Columbus,OH,N/A,30,64000000,65,"[""Bootstrap"",""DNN"",""Facebook"",""IIS"",""Microsoft ASP.NET"",""jQuery"",""jQuery Migrate""]",37654963,catchall,N/A,b1d49dd66649379962a0e71c28b09e9c,N/A,N/A,85%,Real Estate,N/A,N/A,N/A,N/A,N/A
Steven Finn,Steven,Finn,Vice President,steven@finnsins.com,Finns,finnsins.com,+17346658644,N/A,Ann Arbor,MI,N/A,30,6411000000,6411,"[""Font Awesome"",""Google Analytics"",""Google Font API"",""Modernizr"",""Nginx"",""Twitter"",""Twitter Emoji (Twemoji)"",""Underscore.js"",""WP Engine"",""WordPress"",""Yoast SEO"",""jQuery"",""jQuery Migrate""]",40130661,catchall,N/A,7134a31ae728e6398b4b76bf2300efdb,N/A,N/A,85%,Insurance Agents: Brokers: and Service,https://facebook.com/finnsinsurance,https://linkedin.com/company/hopkins-thomas-&-blair,https://twitter.com/finnsinsurance,N/A,N/A
Steve Nikel,Steve,Nikel,Vice President Development,steve.nikel@washingtonprime.com,Washington Prime Group,washingtonprime.com,+16146219000,N/A,Bethesda,MD,N/A,125,0,65,"[""Apache"",""Modernizr"",""jQuery""]",46658680,catchall,N/A,43f002c931378d60f69333e7d601f139,N/A,N/A,85%,Real Estate,N/A,https://linkedin.com/company/washington-prime-group-inc,N/A,https://instagram.com/washingtonprimegroup,N/A
Steve Sachs,Steve,Sachs,"Executive Vice President, Director Real Estate and Hotel Practice",steve.sachs@willis.com,Willis,willis.com,N/A,N/A,New York,NY,N/A,55000,0,6411,"[""AddThis"",""Bootstrap"",""CloudFlare"",""Google Font API"",""Google Tag Manager"",""Incapsula"",""Lazy.js"",""Microsoft ASP.NET"",""Sitecore"",""jQuery"",""scrollreveal""]",37679867,catchall,N/A,c2de44283706c0d375940a163b645ea6,N/A,N/A,85%,Insurance Agents: Brokers: and Service,N/A,N/A,N/A,N/A,N/A
Steve Schneider,Steve,Schneider,Vice President Client Relationship ...,steve.schneider@pointagency.com,Point,pointagency.com,+18003182136,"2000 County Rd HH Plover, WI 54467",Stevens Point,WI,"=""54467""",N/A,0,64,"[""Google Analytics"",""Microsoft ASP.NET"",""jQuery"",""jQuery UI""]",41096063,catchall,N/A,ad8a8a91a3e36a52e898dc0fc11296dc,N/A,N/A,85%,Insurance Agents: Brokers: and Service,https://facebook.com/pointinsuranceagency,N/A,N/A,N/A,N/A
Robert Stonebraker,Robert,Stonebraker,VP Professional Liability Consulting,stonebrakerr@mcneary.com,Gallagher,mcneary.com,+14065494187,"1667 K Street Northwest Washington,",Marietta,GA,N/A,125,6411000000,6411,"[""Google Maps"",""Google Tag Manager"",""Handlebars"",""IIS"",""Incapsula"",""Microsoft ASP.NET"",""Modernizr"",""Sitecore"",""Swiftype"",""jQuery"",""jQuery UI""]",44909502,catchall,N/A,386e6ae910df68cae3fa01bb1f4f5751,N/A,N/A,85%,Insurance Agents: Brokers: and Service,https://facebook.com/gallagherglobal,https://linkedin.com/company/gallagher-global,https://twitter.com/gallagherglobal,https://instagram.com/gallagherglobal,https://youtube.com/channel/uc4_irs7ty3yrte46d4fb6iw/featured
Stuart Berman,Stuart,Berman,Senior Vice President,stuart.berman@citigroup.com,Citi,citigroup.com,+12125594114,N/A,Roseland,NJ,N/A,30,83640000000,6411,"[""Adobe DTM"",""Bootstrap"",""Ensighten"",""Font Awesome"",""Google Analytics"",""Google Tag Manager"",""Lightbox"",""Lodash"",""RequireJS"",""jQuery""]",41186198,catchall,N/A,50bf07f0791af3becfc08d95c31353e8,N/A,N/A,85%,Insurance Agents: Brokers: and Service,https://facebook.com/citi,https://linkedin.com/company/citi,https://twitter.com/citi,https://instagram.com/curtmcgrath/,https://youtube.com/user/citi
Susan Bratton,Susan,Bratton,Vice President,susan.bratton@allianceinsgrp.com,Alliance Insurance Group,allianceinsgrp.com,+15416874799,"941 Oak Street Eugene, OR 97401",Eugene,OR,"=""97401""",30,6411000000,6411,"[""Apache"",""CodeIgniter"",""Disqus"",""ExpressionEngine"",""Google Analytics"",""Modernizr"",""OWL Carousel"",""PHP"",""Ubuntu"",""ZURB Foundation"",""jQuery""]",37704326,catchall,N/A,d793c4627fa5e2b9f321bd9e9fc96c50,N/A,N/A,85%,Insurance Agents: Brokers: and Service,N/A,https://linkedin.com/company/alliance-insurance-group,N/A,N/A,N/A
Susan Healey,Susan,Healey,"Vice President, Transactional Counsel",susan.healey@washingtonprime.com,Washington Prime Group,washingtonprime.com,+16146219000,N/A,Bethesda,MD,N/A,125,0,65,"[""Apache"",""Modernizr"",""jQuery""]",46658693,catchall,N/A,664fc1ce2f4688e882d031ef1b2e8679,N/A,N/A,85%,Real Estate,N/A,https://linkedin.com/company/washington-prime-group-inc,N/A,https://instagram.com/washingtonprimegroup,N/A
Stephen Walker,Stephen,Walker,Assistant Vice President & Senior Counsel,swalker@unum.com,Unum Corporate,unum.com,+18667508686,", 8485 Goodwood Blvd, Baton Rouge, LA 70806",Chattanooga,TN,"=""70806""",55000,0,6411,"[""Facebook"",""Google Analytics"",""Google Font API"",""Google Tag Manager"",""Microsoft ASP.NET"",""Sitecore""]",44056537,catchall,N/A,da7a46fd9ab77bef3a49445953b46c85,N/A,N/A,85%,Insurance Agents: Brokers: and Service,https://facebook.com/unumbenefits,https://linkedin.com/company/unum,https://twitter.com/unumnews,N/A,N/A
San Wattenberg,San,Wattenberg,Senior Vice President,swattenberg@gastonassoc.com,Gastonassoc,gastonassoc.com,N/A,N/A,Mount Kisco,NY,N/A,30,6411000000,6411,"[""Apache"",""CentOS"",""Google Analytics"",""jQuery""]",41495681,catchall,N/A,162e9a236a571ac42110ef75cb21f8a0,N/A,N/A,85%,Insurance Agents: Brokers: and Service,N/A,N/A,N/A,N/A,N/A
Susan Wehrle,Susan,Wehrle,Vice President,swehrle@selecttitlegroup.com,Select Title Group,selecttitlegroup.com,+13148356055,"1795 Clarkson Rd., Ste. 350, Chesterfield, MO 63017",Chesterfield,MO,"=""63017""",30,5700128,64,"[""Microsoft ASP.NET"",""jQuery""]",37514073,catchall,N/A,b1050de7b12c761db30e21cf25b3fbf7,N/A,N/A,85%,Insurance Agents: Brokers: and Service,N/A,N/A,N/A,N/A,N/A
Steve Whitehead,Steve,Whitehead,Executive Vice President,swhitehead@albdev.com,Alberta Development,albdev.com,+13037714086,N/A,Knoxville,TN,N/A,30,7000000,65,"[""Bootstrap"",""FlexSlider"",""Google Analytics"",""Google Tag Manager"",""Nginx"",""Twitter Emoji (Twemoji)"",""WordPress"",""Yoast SEO"",""jQuery"",""jQuery Migrate"",""prettyPhoto""]",40455285,catchall,N/A,c59fce44accbf7e0ef07f8df0b11a600,N/A,N/A,85%,Real Estate,https://facebook.com/albertadevelopmentpartners,https://linkedin.com/company/alberta-development-partners,N/A,N/A,N/A
Sheree Worcester,Sheree,Worcester,Vice President and General Manager,sworcester@glenstar.com,Glenstar,glenstar.com,+13127951800,"2400 Cabot Drive, Lisle, IL",Chicago,IL,N/A,30,3000000,65,"[""Apache"",""Bootstrap"",""Google Analytics"",""Handlebars"",""PHP"",""Slick"",""WordPress"",""jQuery""]",45385969,catchall,N/A,ef6a95f5360b5e90ae7bba5d184dc042,N/A,N/A,85%,Real Estate,N/A,N/A,N/A,N/A,N/A
Sylvain Dansereau,Sylvain,Dansereau,Vice President Executif,sylvain@remax-quebec.com,Re/max Quãâ©bec,remax-quebec.com,+15149614332,N/A,unknown city,unknown state,N/A,75,9500213,65,"[""Apache"",""Google Font API"",""Google Tag Manager"",""Smart Ad Server"",""Ubuntu""]",44226017,catchall,N/A,aac44aae6f6eb6308269739b4762f8d2,N/A,N/A,85%,Real Estate,https://facebook.com/remaxquebec,https://linkedin.com/company/10571162,https://twitter.com/remaxquebec,N/A,N/A
Syndi Monica,Syndi,Monica,Vice President,syndim@rechaixinsurance.com,R.e. Chaix Insurance Brokers,rechaixinsurance.com,N/A,N/A,Irvine,CA,N/A,30,6411000000,6411,[],42536489,catchall,N/A,d832a3aa926931fbb85530d08e1cfdf0,N/A,N/A,85%,Insurance Agents: Brokers: and Service,N/A,N/A,N/A,N/A,N/A
Stephanie Zitterkopf,Stephanie,Zitterkopf,Vice President | Director of Opperations - Central Region,szitterkopf@caliberliving.com,Caliber Living,caliberliving.com,+14048572807,"625 KentuckyStreet Scottdale, GA 30079",Austin,TX,"=""30079""",30,5700128,65,"[""Lodash"",""Polyfill"",""React"",""RequireJS"",""Wix"",""Zepto""]",37273958,catchall,N/A,9831bd40d162530700f06c7792e9eaac,N/A,N/A,85%,Real Estate,N/A,N/A,N/A,N/A,N/A
Tabb Randolph,Tabb,Randolph,Executive Vice President,tabb@wsrins.com,Wsrins,wsrins.com,+15306629181,"509 Bush Street Woodland, CA 95695",Woodland,CA,"=""95695""",30,6411000000,6411,"[""Apache"",""Font Awesome"",""Google Font API"",""Google Maps"",""MediaElement.js"",""PHP"",""Twitter"",""Twitter Emoji (Twemoji)"",""WordPress"",""jQuery"",""jQuery Migrate"",""jQuery UI""]",45605426,catchall,N/A,b35c9cae5caea86b673ac5713e7ccf68,N/A,N/A,85%,Insurance Agents: Brokers: and Service,https://facebook.com/wsrins,https://linkedin.com/company/wraith-scarlett-&-randolph-insurance-services,https://twitter.com/wsrins,https://instagram.com/wsr1917,N/A
Tracey Heeter Allen,Tracey,Allen,Vice President,tallen@wsandco.com,Woodruff Sawyer,wsandco.com,+14154026514,N/A,Portland,OR,N/A,350,6411000000,6411,"[""Elementor"",""Google Analytics"",""Google Font API"",""Google Tag Manager"",""MediaElement.js"",""Nginx"",""Pantheon"",""Pardot"",""Twitter Emoji (Twemoji)"",""Varnish"",""WordPress"",""ZURB Foundation"",""jQuery"",""jQuery Migrate""]",37519756,catchall,N/A,d217cf0bc568f895e8a18b7a0e2e6b46,N/A,N/A,85%,Insurance Agents: Brokers: and Service,https://facebook.com/woodruffsawyer,https://linkedin.com/company/woodruff-sawyer,https://twitter.com/woodruffsawyer,N/A,https://youtube.com/channel/ucxbuqd50n-o8arfs7pcphsa
Tamara Moore,Tamara,Moore,Vice President,tamara@reisinsurance.com,Reis Group In,reisinsurance.com,+14056072100,"PO Box 238 Greenville, NY 12083",New Windsor,NY,"=""12083""",30,5700128,64,"[""Google Analytics"",""Nginx"",""SiteCatalyst"",""jQuery""]",45968174,catchall,N/A,c172315a64a67fa140ede5b657d7f33f,N/A,N/A,85%,Insurance Agents: Brokers: and Service,https://facebook.com/reisgroupinsurance,https://linkedin.com/company/the-reis-group,https://twitter.com/the_reis_group,https://instagram.com/the_reis_group,N/A
Tom Becic,Tom,Becic,Vice President,tbecic@melvinmark.com,Melvin Mark,melvinmark.com,+15032234777,"111 SW Columbia, Suite 1380, Portland, OR 97201",Portland,OR,"=""97201""",30,6499000,65,"[""Flywheel"",""Google Analytics"",""Polyfill"",""Twitter Emoji (Twemoji)"",""Typekit"",""WordPress"",""Yoast SEO"",""jQuery""]",43459778,catchall,N/A,d480f714a1d7aae4e12b1152607ea95b,N/A,N/A,85%,Real Estate,https://facebook.com/mmsince1945,https://linkedin.com/company/melvin-mark-companies,https://twitter.com/melvinmarkcre,https://instagram.com/melvinmarkcompanies,N/A
Ti Chang,Ti,Chang,Vice President of Design,tchang@wildapricot.org,Wild Apricot,wildapricot.org,N/A,N/A,Belvedere Tibrn,CA,N/A,5,0,91,[],38316089,catchall,N/A,c408cfb1e0900cbec1e4a87b7af62143,N/A,N/A,85%,Executive: Legislative: and General Government: except Finance,N/A,N/A,N/A,N/A,N/A
Tom Decarlo,Tom,Decarlo,Vice President,tdecarlo@newmountaincapital.com,New Mountain Vantage Advisers,newmountaincapital.com,+12127200300,N/A,Shawnee Mission,KS,N/A,75,1491000000,6411,"[""CloudFlare"",""Google Analytics"",""Modernizr"",""jQuery"",""jQuery UI""]",43470192,catchall,N/A,b719504d28d06e538124b8a98ae7cadb,N/A,N/A,85%,Insurance Agents: Brokers: and Service,N/A,N/A,N/A,N/A,N/A
Tim Donovan,Tim,Donovan,Vice President,tdonovan@sihle.com,Sihle Insurance Group,sihle.com,+18669372663,"2653 McCormick Drive Clearwater, FL 33759",Orlando,FL,"=""33759""",125,6411000000,6411,"[""Facebook"",""Google Analytics"",""Google Font API"",""Nginx"",""Twitter Emoji (Twemoji)"",""WordPress"",""jQuery"",""jQuery Migrate""]",40003166,catchall,N/A,a3cd2dd9b0564b658738722786c6009c,N/A,N/A,85%,Insurance Agents: Brokers: and Service,https://facebook.com/sihleinsurance,https://linkedin.com/in/lou-mitchell-2259a66,https://twitter.com/sihle_insurance,https://instagram.com/sihleinsurancegroup,N/A
Ted Donald,Ted,Donald,Executive Vice President,ted.donald@penntexventures.com,Penntex Ventures,penntexventures.com,+17244205367,"400 Penn Center Boulevard, Building 4, Suite 1000, Pittsburgh, PA 15235",Greensburg,PA,"=""15235""",30,5700128,65,[],41340868,catchall,N/A,412c185f6bcf6492810a2d0b66eef173,N/A,N/A,85%,Real Estate,N/A,https://linkedin.com/in/barry-weinman-11b562a9,N/A,N/A,N/A
Terrence Vetter,Terrence,Vetter,VP of IT,terrence.vetter@sothebysrealty.com,Sothebys,sothebysrealty.com,+18668994747,N/A,Bellevue,WA,N/A,30,1000000,6411,"[""Google Analytics"",""Google Font API"",""Google Tag Manager"",""IIS"",""Microsoft ASP.NET"",""Prototype"",""VideoJS"",""jQuery"",""jQuery Migrate"",""jQuery UI""]",41503818,catchall,N/A,9efbae5142c63feb501c3a5dedf9c67e,N/A,N/A,85%,Insurance Agents: Brokers: and Service,https://facebook.com/sothebysrealty,https://linkedin.com/company/sothebys-international-realty,https://twitter.com/sothebysrealty,https://instagram.com/sothebysrealty,https://youtube.com/user/sothebysrealty
Terri Thoresen,Terri,Thoresen,Vice President,territ@pactrust.com,Pactrust,pactrust.com,+14088794000,Suite 300 Portland OR 972241300 SE Stark Street Portland OR 97214,Portland,OR,"=""97214""",125,6767000,65,"[""Apache"",""Bootstrap"",""Google Analytics"",""Google Tag Manager"",""Matomo"",""PHP"",""Twitter Emoji (Twemoji)"",""WordPress"",""Yoast SEO"",""jQuery"",""jQuery Migrate""]",45328347,catchall,N/A,91b408134f2070675251f4d53b360048,N/A,N/A,85%,Real Estate,N/A,N/A,N/A,N/A,N/A
Tasso Flocos,Tasso,Flocos,Senior Vice President,tflocos@citylinepartners.com,Cityline,citylinepartners.com,+17035563786,N/A,Mclean,VA,N/A,5,65000000,65,"[""Apache"",""RequireJS"",""jQuery""]",42106240,catchall,N/A,a3cdba28ba21d40f60e2ff5dd6d5209c,N/A,N/A,85%,Real Estate,N/A,N/A,N/A,N/A,N/A
Tom Hajj,Tom,Hajj,Vice President,thajj@howeins.com,Howeins,howeins.com,+18004900047,"4 Punchard Ave., Andover MA 018104 Punchard Avenue Andover, MA 01810",Andover,MA,"=""01810""",N/A,0,6411,"[""Google Font API"",""Java"",""Lightbox"",""Squarespace"",""YUI""]",39480181,catchall,N/A,6542db61de79be881c6ce408371269b8,N/A,N/A,85%,Insurance Agents: Brokers: and Service,N/A,N/A,N/A,N/A,N/A
Alan Thaxter,Alan,Thaxter,Vice President,thaxter@burnhambenefits.com,Burnham Benefits,burnhambenefits.com,+15595771370,"2211 Michelson Drive, Suite 1200 Irvine, CA 92612",Irvine,CA,"=""92612""",30,15000000,6411,"[""Bootstrap"",""CloudFlare"",""Font Awesome"",""Google Analytics"",""Google Font API"",""Google Tag Manager"",""Laravel"",""Modernizr"",""Nginx"",""OWL Carousel"",""PHP"",""Segment"",""animate.css"",""jQuery""]",36519262,catchall,1/12/2021,774e35ea8cfebb6b2c2adde9f205dc99,N/A,N/A,85%,Insurance Agents: Brokers: and Service,https://facebook.com/burnhambenefits,https://linkedin.com/company/burnham-benefits,https://twitter.com/burnhambenefits,N/A,N/A
Tammy Henderson,Tammy,Henderson,"Senior Vice President, Private Client",thenderson@celedinas.com,Celedinas Insurance Group,celedinas.com,+18888755231,N/A,Palm Beach Gardens,FL,N/A,125,25000000,64,"[""Bootstrap"",""DNN"",""Google Analytics"",""Microsoft ASP.NET"",""jQuery"",""jQuery Migrate"",""jQuery UI""]",38874798,catchall,N/A,1c0988b116ec27bfbd33dccace9983a7,N/A,N/A,85%,Insurance Agents: Brokers: and Service,N/A,https://linkedin.com/company/marsh-&-mclennan-agency---mid-atlantic-region,N/A,N/A,https://youtube.com/channel/uc73ydbrgmnbz6uhcyxqvmuw
Theo Van Espen,Theo,Espen,CFO - Victory,theo.espen@delta.com,Delta,delta.com,+18002211212,N/A,unknown city,unknown state,N/A,5000,39600000000,45,[],44622229,catchall,N/A,438b15ae1e1c2dbfd08fb2b1833bbdcb,N/A,N/A,85%,Transportation By Air,N/A,N/A,https://twitter.com/delta,N/A,N/A
Theresa Wilkinson Milone,Theresa,Milone,Assistant Vice President,theresa.wilkinson@thehartford.com,Hartford,thehartford.com,+18003227789,"P.O. Box 55359 Boston, MA 02205",Ct,CT,"=""02205""",55000,0,6411,"[""Akamai"",""Apache"",""Bootstrap"",""Moment.js"",""Tealium"",""jQuery""]",46003984,catchall,N/A,f3755c6a34d9c50ef075ca9f1c96634d,N/A,N/A,85%,Insurance Agents: Brokers: and Service,https://facebook.com/thehartford,https://linkedin.com/company/the-hartford,https://twitter.com/thehartford,N/A,N/A
Thomas Canny,Thomas,Canny,Senior Vice President,thomas.canny@citigroup.com,Citi,citigroup.com,+12125594114,N/A,Roseland,NJ,N/A,30,83640000000,6411,"[""Adobe DTM"",""Bootstrap"",""Ensighten"",""Font Awesome"",""Google Analytics"",""Google Tag Manager"",""Lightbox"",""Lodash"",""RequireJS"",""jQuery""]",41186194,catchall,N/A,3f7e537c3889ff575c14eff7a8eb6425,N/A,N/A,85%,Insurance Agents: Brokers: and Service,https://facebook.com/citi,https://linkedin.com/company/citi,https://twitter.com/citi,https://instagram.com/curtmcgrath/,https://youtube.com/user/citi
Tom Carroll,Tom,Carroll,Vice President,thomas.carroll@willis.com,Willis,willis.com,N/A,N/A,New York,NY,N/A,55000,0,6411,"[""AddThis"",""Bootstrap"",""CloudFlare"",""Google Font API"",""Google Tag Manager"",""Incapsula"",""Lazy.js"",""Microsoft ASP.NET"",""Sitecore"",""jQuery"",""scrollreveal""]",37679883,catchall,N/A,10b350c46eafca4828817e1b0aafc6c6,N/A,N/A,85%,Insurance Agents: Brokers: and Service,N/A,N/A,N/A,N/A,N/A
Thomas Mahoney,Thomas,Mahoney,Senior Vice President,thomas.mahoney@willis.com,Willis,willis.com,N/A,N/A,New York,NY,N/A,55000,0,6411,"[""AddThis"",""Bootstrap"",""CloudFlare"",""Google Font API"",""Google Tag Manager"",""Incapsula"",""Lazy.js"",""Microsoft ASP.NET"",""Sitecore"",""jQuery"",""scrollreveal""]",37679842,catchall,N/A,217e3282294d38dcb926b8af69236a7e,N/A,N/A,85%,Insurance Agents: Brokers: and Service,N/A,N/A,N/A,N/A,N/A
Thomas Nogles,Thomas,Nogles,"Vp, Mutual Funds Technology",thomas.nogles2@thehartford.com,Hartford,thehartford.com,+18003227789,"P.O. Box 55359 Boston, MA 02205",Ct,CT,"=""02205""",55000,0,6411,"[""Akamai"",""Apache"",""Bootstrap"",""Moment.js"",""Tealium"",""jQuery""]",46004140,catchall,N/A,5d143ffed9830ef561742fb88a801e4b,N/A,N/A,85%,Insurance Agents: Brokers: and Service,https://facebook.com/thehartford,https://linkedin.com/company/the-hartford,https://twitter.com/thehartford,N/A,N/A
Timothy Byrne,Timothy,Byrne,Vice President,tim.byrne@m3ins.com,M3,m3ins.com,+12625241038,"828 John Nolen Drive Madison, WI 53713M3 Privacy Officer, 828 John Nolen Drive, Madison, WI 53713",Madison,WI,"=""53713""",75,6411000000,6411,"[""Adobe DTM"",""Apache"",""CloudFlare"",""Drupal"",""Google Analytics"",""Google Tag Manager"",""Hotjar"",""Matomo"",""Modernizr"",""jQuery"",""jQuery UI""]",43671907,catchall,N/A,8f0f16f4aea349a9e196f50bc32665b6,N/A,N/A,85%,Insurance Agents: Brokers: and Service,https://facebook.com/m3inssolcareers,https://linkedin.com/company/m3-insurance,https://twitter.com/m3insurance,https://instagram.com/lifeatm3,https://youtube.com/user/marketingm3/feed
Tim Conder,Tim,Conder,Vice President,timc@insuramax.com,Insuramax,insuramax.com,+15024794055,N/A,Louisville,KY,N/A,30,8000000,6411,"[""Flywheel"",""Font Awesome"",""Google Font API"",""Gravity Forms"",""Modernizr"",""WordPress"",""jQuery"",""jQuery Migrate""]",37277256,catchall,N/A,c1ab3fb0bf4e3b836bd661d98fb20113,N/A,N/A,85%,Insurance Agents: Brokers: and Service,https://facebook.com/insuramax,https://linkedin.com/company/945390,N/A,N/A,N/A
Tim Farrell,Tim,Farrell,Senior Vice President,tim.farrell@newdayunderwriting.com,New Day Underwriting Managers,newdayunderwriting.com,+16092983516,"2465 Kuser Road, Suite 202 Hamilton, NJ 08690",Hamilton,NJ,"=""08690""",5,1000000,6411,"[""Google Analytics"",""Google Font API"",""Nginx"",""Plesk"",""Revslider"",""Twitter Emoji (Twemoji)"",""WordPress"",""YouTube"",""jQuery"",""jQuery Migrate"",""jQuery UI"",""prettyPhoto"",""reCAPTCHA""]",44859199,catchall,N/A,efa4e3b3a857e4cb8abea760051195e1,N/A,N/A,85%,Insurance Agents: Brokers: and Service,https://facebook.com/newdayunderwriting,https://linkedin.com/company/rtnewday,https://twitter.com/#!/rtnewday,N/A,N/A
Tim Hudson,Tim,Hudson,Executive Vice President,tim@firstpalmetto.com,First Palmetto,firstpalmetto.com,+18432805303,"407 DeKalb Street Camden, South Carolina 29020",Camden,SC,"=""29020""",N/A,0,65,[],45181878,catchall,N/A,c744aa503786f9a31ec538d0479fe153,N/A,N/A,85%,Real Estate,N/A,N/A,N/A,N/A,N/A
Tom Immen,Tom,Immen,"Vice President, Leasing & Development",timmen@medcraft.com,Medcraft Healthcare Real Estate,medcraft.com,+16153644079,"900 SpruceStreet, Suite 150 St. Louis, MO 63102",Minneapolis,MN,"=""63102""",30,5700128,65,[],42153796,catchall,N/A,304bd501b147bcafa56dd7d738b2c874,N/A,N/A,85%,Real Estate,https://facebook.com/medcrafthealthcare,https://linkedin.com/company/1670234,https://twitter.com/medcraft_health,N/A,N/A
Tim Green,Tim,Green,Senior Vice President,tim@newworldflatfee.com,New World,newworldflatfee.com,+19135348686,N/A,Tampa,FL,N/A,75,9500213,65,"[""AdRoll"",""Bootstrap"",""Facebook"",""Font Awesome"",""Google Analytics"",""Google Font API"",""Gravity Forms"",""Nginx"",""Revslider"",""Tawk.to"",""Twitter Emoji (Twemoji)"",""WordPress"",""Yoast SEO"",""jQuery"",""jQuery Migrate"",""jQuery UI"",""prettyPhoto""]",41546095,catchall,N/A,1cc854dd64029cc686beda599235d0a4,N/A,N/A,85%,Real Estate,N/A,N/A,N/A,N/A,N/A
Timothy Menz,Timothy,Menz,VP - Garage Operations,timothym@willoughbyop.com,Willoughby Operating,willoughbyop.com,+15165655600,N/A,New York,NY,N/A,5,1638653,65,[],44560801,catchall,N/A,f8099c3eb29581780becf925ba22d28f,N/A,N/A,85%,Real Estate,N/A,N/A,N/A,N/A,N/A
Tim Mcnamara,Tim,Mcnamara,Vice President,tim@valueabode.com,Mc Namara,valueabode.com,+19199464378,"9203 Baileywick Road Suite 103 Raleigh, NC 27615",Raleigh,NC,"=""27615""",N/A,0,65,[],42350163,catchall,N/A,9a01ab27f5a3875ead409776d29f3fe6,N/A,N/A,85%,Real Estate,N/A,N/A,N/A,N/A,N/A
Tina Crnkovich,Tina,Crnkovich,Vice President of Client Services,tina@tagcommercialbroker.com,Tenant Advisory Group,tagcommercialbroker.com,+13127754040,"Suite 800, Chicago, IL 60601",Chicago,IL,"=""60601""",30,5700128,65,[],39566177,catchall,N/A,040da19641ca99b45cc54c64cc25b099,N/A,N/A,85%,Real Estate,https://facebook.com/pages/tenant-advisory-group-llc-tag/295275533918016,https://linkedin.com/in/williamhimmelstein,https://twitter.com/t__a__g,N/A,N/A
Tisha Billelo,Tisha,Billelo,Vice President,tisha@appiancommercial.com,Appian Commercial,appiancommercial.com,+19724997202,"6657 Virginia Parkway, Suite 100, McKinney, TX 75071",Fort Worth,TX,"=""75071""",5,2400000,65,[],45781514,catchall,N/A,39b1b0614055b0b26d7a39dfbaff6dd6,N/A,N/A,85%,Real Estate,N/A,N/A,N/A,N/A,N/A
T Johnston,T,Johnston,Senior Vice President,tjohnston@venbrook.com,Venbrook Group,venbrook.com,+18185988910,"927 West Main Street Valley View, PA 17983",Woodland Hills,CA,"=""17983""",125,6411000000,6411,"[""Bootstrap"",""Font Awesome"",""Google Analytics"",""Google Font API"",""jQuery""]",38472403,catchall,N/A,c62e2f9127f4f2cb64f91f8a4f42388e,N/A,N/A,85%,Insurance Agents: Brokers: and Service,https://facebook.com/venbrook,https://linkedin.com/company/venbrook,https://twitter.com/venbrook,N/A,N/A
Thomas Kohler,Thomas,Kohler,Vice President - Claims,tkohler@kemper.com,Kemper,kemper.com,+18886953359,N/A,Chicago,IL,N/A,75,2522000000,6411,"[""Facebook"",""Google Analytics"",""Google Tag Manager"",""IBM WebSphere Portal"",""Java"",""Modernizr"",""jQuery"",""jQuery UI""]",43551903,catchall,N/A,c6de66587c146ea878aaa8de9700d8a3,N/A,N/A,85%,Insurance Agents: Brokers: and Service,https://facebook.com/kemperinsurance,https://linkedin.com/company/kemper,https://twitter.com/kemperinsurance,N/A,N/A
Troy Lane,Troy,Lane,Vice President,tlane@mgproperties.com,Mg Properties Group,mgproperties.com,+18588649628,N/A,San Diego,CA,N/A,300,75000000,65,"[""Bootstrap"",""CloudFlare"",""DataTables"",""Google Analytics"",""Google Maps"",""Modernizr"",""jQuery"",""jQuery UI""]",38270516,catchall,N/A,b209e0a1bfc8ca42d9d895799a858c41,N/A,N/A,85%,Real Estate,N/A,N/A,N/A,N/A,N/A
Tony Lisotta,Tony,Lisotta,VP Business Development/consultant,tlisotta@rainiercompanies.com,Rainier,rainiercompanies.com,+18667268649,"13760 Noel Road, Suite 800 Dallas, Texas 75240",Dallas,TX,"=""75240""",30,65000000,65,"[""All in One SEO Pack"",""Font Awesome"",""Google Font API"",""Nginx"",""PHP"",""Twitter Emoji (Twemoji)"",""WordPress"",""animate.css"",""jQuery"",""jQuery Migrate""]",36711014,catchall,N/A,1412137ea69787e2f3d180b4b6117857,N/A,N/A,85%,Real Estate,N/A,https://linkedin.com/company/the-rainier-companies,https://twitter.com/rainiercos,N/A,N/A
Thomas Lomazzo,Thomas,Lomazzo,"Partner, Senior Vice President",tlomazzo@stratfordlink.com,Stratford Financial Group,stratfordlink.com,N/A,N/A,Fairfield,NJ,N/A,30,6411000000,6411,[],36551312,catchall,N/A,e8619e5c98b58e70c0fa76646cbfe558,N/A,N/A,85%,Insurance Agents: Brokers: and Service,N/A,N/A,N/A,N/A,N/A
Traci Maurio,Traci,Maurio,Senior Vice President,tmaurio@frontierbonding.com,Frontier Bonding Service,frontierbonding.com,+18006562663,"155 NE 100th Street, Suite 201 Seattle, WA 98125",Seattle,WA,"=""98125""",5,1638653,6411,"[""Bootstrap"",""Google Analytics"",""IIS"",""Microsoft ASP.NET"",""jQuery""]",45628367,catchall,N/A,06307abe0a6404602d615ad7d7ed1e69,N/A,N/A,85%,Insurance Agents: Brokers: and Service,N/A,N/A,N/A,N/A,N/A
Todd Neaves,Todd,Neaves,Vice President,tneaves@plexusgroupe.com,Plexus Groupeall,plexusgroupe.com,+19727705010,"Suite 800 Chicago, IL 60606",Deer Park,IL,"=""60606""",125,16500000,64,"[""Google Font API"",""Sentry"",""Squarespace"",""Typekit"",""YUI"",""jQuery"",""webpack""]",41695271,catchall,N/A,81d6ff2237188ef59d948ee38b0b12d2,N/A,N/A,85%,Insurance Agents: Brokers: and Service,N/A,https://linkedin.com/in/mitchell-andrews-93a16a,N/A,N/A,N/A
Tommy Nelson,Tommy,Nelson,VP of Development,tnelson@coredevelopmentinc.com,Buydomains,coredevelopmentinc.com,+17818392885,N/A,San Jose,CA,N/A,30,7556670,65,"[""AngularJS"",""Apache"",""CentOS"",""Eloqua"",""Facebook"",""Google Analytics"",""Google Tag Manager"",""Hotjar"",""PHP""]",46283748,catchall,N/A,7c1d2fd260eeeef74234a612a0b98ff0,N/A,N/A,85%,Real Estate,https://facebook.com/pages/waltham-ma/buydomainscom/47751911328,N/A,https://twitter.com/buydomains,N/A,N/A
Todd,Todd,Todd,Vice President,todd@s1mtg.com,Source 1 Mortgage,s1mtg.com,+18663254949,"1430 Dekalb Ave Sycamore, Illinois 60178",Sycamore,IL,"=""60178""",N/A,65000000,65,"[""Apache"",""CloudFlare"",""Debian"",""Font Awesome"",""Google Font API"",""PHP"",""YouTube"",""jQuery"",""jQuery UI"",""reCAPTCHA""]",38293008,catchall,N/A,3e2b21e72c19b5f5f240b42c108e8828,N/A,N/A,85%,Real Estate,N/A,N/A,N/A,N/A,N/A
Todd Heiserman,Todd,Heiserman,Vice President - Employee Benefits,todd@tjsisk.com,Sisk,tjsisk.com,+13038317100,N/A,Denver,CO,N/A,30,6411000000,6411,"[""Apache"",""Google Analytics"",""Twitter Emoji (Twemoji)"",""WordPress"",""Yoast SEO"",""jQuery""]",45967697,catchall,N/A,3dac85573fca1e1cf90bb78883ebdf77,N/A,N/A,85%,Insurance Agents: Brokers: and Service,N/A,N/A,N/A,N/A,N/A
Tom Collier,Tom,Collier,Executive VP - Senior Property Tax Consultant,tomc@wilson-franco.com,Wilson & Franco,wilson-franco.com,+17132298585,"11000 Richmond Suite 350 Houston, TX 77042",Houston,TX,"=""77042""",30,4600000,65,"[""Google Analytics"",""Google Font API"",""Microsoft ASP.NET"",""jQuery""]",46352963,catchall,N/A,4cf5834b89e343f27d1255118b12e565,N/A,N/A,85%,Real Estate,N/A,N/A,N/A,N/A,N/A
Thomas Embrey,Thomas,Embrey,VP of Construction,tome@focalpointhomes.com,Focal Point Homes,focalpointhomes.com,+19162764242,"PM, 1852 MacArthur Drive, McLean, VA 22101,",Mclean,VA,N/A,5,1638653,65,[],43173394,catchall,N/A,36d5668409debce35d03b3ade26d49e4,N/A,N/A,85%,Real Estate,N/A,N/A,N/A,N/A,N/A
Tom Bruenn,Tom,Bruenn,Vice President,tom@insureusall.com,M.l. Bruenn,InsureUsAll.com,+19142356883,"240 North Ave Suite 200 New Rochelle, NY 10801240 North Ave Suite 200 - New Rochelle, NY 10801",New Rochelle,NY,"=""10801""",N/A,0,64,[],42988400,catchall,N/A,56e9afbc5c135b0511587d161b75c6ce,N/A,N/A,85%,Insurance Agents: Brokers: and Service,N/A,N/A,N/A,N/A,N/A
Tom Seeberg,Tom,Seeberg,Executive Vice President,tom_seeberg@ajg.com,Arthur J Gallagher And Co Of Iowa,ajg.com,N/A,N/A,Sioux City,IA,N/A,30,5595000000,6411,[],37141256,catchall,N/A,f7ea28277a850f02ee204fb907f2b41b,N/A,N/A,85%,Insurance Agents: Brokers: and Service,N/A,N/A,N/A,N/A,N/A
Tonya Booth,Tonya,Booth,VP of Employee Benefits - Dfw,tonyab@upshaw-insurance.com,Upshaw,upshaw-insurance.com,+18005935561,"275 W Campbell Rd, Suite 215 Richardson, TX 75082",Dallas,TX,"=""75082""",125,6411000000,6411,"[""Apache"",""Bootstrap"",""CakePHP"",""PHP"",""Ubuntu"",""jQuery""]",43024258,catchall,N/A,58c3349f0f803826a11f574c40b3ab0c,N/A,N/A,85%,Insurance Agents: Brokers: and Service,https://facebook.com/upshawinsurance,N/A,https://twitter.com/upshawinsurance,N/A,N/A
Tony Olmert,Tony,Olmert,Executive VP,tony@kevinquaid.com,First Home Mortgage,kevinquaid.com,+17034496815,3475 Piedmont Road NE,Alexandria,VA,N/A,N/A,0,65,"[""Bootstrap"",""Facebook"",""Font Awesome"",""Google Analytics"",""Google Font API"",""Linkedin"",""Modernizr"",""OpenResty"",""Twitter Emoji (Twemoji)"",""WordPress"",""jQuery"",""jQuery Migrate"",""jQuery UI""]",42323118,catchall,N/A,8007ad6c1b0171d7714c64af4849a886,N/A,N/A,85%,Real Estate,https://facebook.com/intercoastalmc,https://linkedin.com/company/intercoastal-mortgage-company,https://twitter.com/jeffdmortgage,https://instagram.com/intercoastalmortgage,https://youtube.com/channel/uce3ru_596hetivbq1inv_ew
Tony Penna,Tony,Penna,Vice President / General Manager,tony.penna@liberty-energy.com,Liberty Energy,liberty-energy.com,N/A,N/A,Kings Beach,CA,N/A,N/A,0,5983,"[""Apache""]",44523540,catchall,N/A,50121d9fa2c72640e9616dd9196b5bc3,N/A,N/A,85%,Fuel Oil Dealers,N/A,N/A,N/A,N/A,N/A
Thor Raarup,Thor,Raarup,Senior Vice President,traarup@travelers.com,Travelers Indemnity,travelers.com,+18663362077,N/A,Hinckley,OH,N/A,30,1000000,6411,"[""Akamai"",""CloudFlare"",""Dynatrace"",""Facebook"",""Google Analytics"",""Google Tag Manager"",""IIS"",""Microsoft ASP.NET"",""Modernizr"",""Tealium"",""YUI"",""jQuery"",""jQuery UI""]",39063743,catchall,N/A,5c8e9689f96af55d978426e02c9333bb,N/A,N/A,85%,Insurance Agents: Brokers: and Service,https://facebook.com/travelers,https://us.linkedin.com/company/travelers,https://twitter.com/travelers,https://instagram.com/travelersinsurance,https://youtube.com/user/travelersinsurance
Tracey Yarbrough,Tracey,Yarbrough,VP of Special Projects and Systems,tracey.yarbrough@valuationmanagementgroup.com,Valuation Management Group,valuationmanagementgroup.com,+18003278550,"2600 W. Big Beaver Road, Suite 540, Troy, MI 48084",Marietta,GA,"=""48084""",30,6411000000,6411,"[""All in One SEO Pack"",""Apache"",""Font Awesome"",""Google Analytics"",""Modernizr"",""Twitter Emoji (Twemoji)"",""Typekit"",""WordPress"",""jQuery"",""jQuery Migrate""]",46238329,catchall,N/A,807203395c947e42e6272bf35aaa86d9,N/A,N/A,85%,Insurance Agents: Brokers: and Service,https://facebook.com/dartappraisal,https://linkedin.com/company/dartappraisal,https://twitter.com/appraisaldart,N/A,N/A
Travis Conley,Travis,Conley,VP Deputy Information Officer,travis_conley@swett.com,Swett & Crawford,swett.com,N/A,N/A,Atlanta,GA,N/A,750,6411000000,6411,"[""Bootstrap"",""Google Analytics"",""Google Tag Manager"",""IIS"",""Microsoft ASP.NET"",""jQuery""]",45443670,catchall,N/A,3f184ec99768f996eb2efa2609ea0abc,N/A,N/A,85%,Insurance Agents: Brokers: and Service,N/A,N/A,N/A,N/A,N/A
Trevor Granger,Trevor,Granger,Vice President,trevor.granger@delos.com,Delos™,delos.com,+16466543438,N/A,New York,NY,N/A,300,6000000,65,"[""Bootstrap"",""CloudFlare"",""Font Awesome"",""Google Analytics"",""Gravity Forms"",""WordPress"",""YouTube"",""jQuery""]",39273260,catchall,N/A,aff4749adf63dbac315dc8da04512949,N/A,N/A,85%,Real Estate,https://facebook.com/delosliving,https://linkedin.com/company/1302211,https://twitter.com/delosliving,N/A,https://youtube.com/user/delosliving
Tris Filliez,Tris,Filliez,Vice President,tris@letpc.com,Leading Edge Title,letpc.com,+14076442777,"960 S. Orlando Avenue | Winter Park, FL 32789243 W. Park Avenue Ste 102 | Winter Park, FL 32789",Winter Park,FL,"=""32789""",30,5700128,65,"[""Bootstrap"",""Facebook"",""Google Font API"",""Google Plus"",""Handlebars"",""Nginx"",""Twitter Emoji (Twemoji)"",""WordPress"",""WordPress Super Cache"",""Yoast SEO"",""YouTube"",""jQuery"",""prettyPhoto""]",43979436,catchall,N/A,822e9e36f868142d7208e615d4e4b643,N/A,N/A,85%,Real Estate,https://facebook.com/leadingedgetitle,https://linkedin.com/company/leading-edge-title,https://twitter.com/@fltitlecompany,N/A,N/A
Tom Savage,Tom,Savage,Vice President,tsavage@glenstar.com,Glenstar,glenstar.com,+13127951800,"2400 Cabot Drive, Lisle, IL",Chicago,IL,N/A,30,3000000,65,"[""Apache"",""Bootstrap"",""Google Analytics"",""Handlebars"",""PHP"",""Slick"",""WordPress"",""jQuery""]",45385960,catchall,N/A,8b9257b81fc82cb059c79090a72da5ca,N/A,N/A,85%,Real Estate,N/A,N/A,N/A,N/A,N/A
Tim Sheehy,Tim,Sheehy,Vice President,t.sheehy@suntrustmortgage.com,Suntrust Banks Trust,suntrustmortgage.com,+18006347928,N/A,Tampa,FL,N/A,N/A,0,65,[],38709610,catchall,N/A,07cbc4792f31112e8c33592fa67c40b6,N/A,N/A,85%,Real Estate,https://facebook.com/suntrust,N/A,https://twitter.com/suntrust,N/A,https://youtube.com/user/livesolid
Troy Sivak,Troy,Sivak,Executive Vice President,tsivak@nmreg.com,New Market Real Estate Group,nmreg.com,N/A,N/A,Washington,DC,N/A,5,7000000,65,"[""Apache"",""OpenSSL""]",36502494,catchall,N/A,41022592f0d2e89a01c9df317c33bb49,N/A,N/A,85%,Real Estate,N/A,N/A,N/A,N/A,N/A
Tom Stengren,Tom,Stengren,Senior Vice President,tstengren@starckre.com,Berkshire Hathaway Starck Real Estate,starckre.com,N/A,N/A,Chicago,IL,N/A,300,7000000,65,"[""Microsoft ASP.NET""]",43218232,catchall,N/A,9fb16b68d5d65db6181b18740f1786c9,N/A,N/A,85%,Real Estate,N/A,N/A,N/A,N/A,N/A
Leroy Tucker,Leroy,Tucker,Sr Vice President,tucker@burnhambenefits.com,Burnham Benefits,burnhambenefits.com,+15595771370,"2211 Michelson Drive, Suite 1200 Irvine, CA 92612",Irvine,CA,"=""92612""",30,15000000,6411,"[""Bootstrap"",""CloudFlare"",""Font Awesome"",""Google Analytics"",""Google Font API"",""Google Tag Manager"",""Laravel"",""Modernizr"",""Nginx"",""OWL Carousel"",""PHP"",""Segment"",""animate.css"",""jQuery""]",36519252,catchall,1/12/2021,22f7287ee8106fa7c1e1ab9f7fd99c15,N/A,N/A,85%,Insurance Agents: Brokers: and Service,https://facebook.com/burnhambenefits,https://linkedin.com/company/burnham-benefits,https://twitter.com/burnhambenefits,N/A,N/A
Trey Unger,Trey,Unger,Vice President,tunger@candlebrookproperties.com,Candlebrook Properties,candlebrookproperties.com,+12124130850,"[Candlebrook Properties, LLC.,745 Fifth Avenue,29th Floor,New York, NY 10151]745 Fifth Avenue, fl 29, New York, NY 10151745 Fifth Avenue 29th Floor New York, NY 10151",New York,NY,"=""10151""",75,35000000,65,[],41838020,catchall,N/A,2d13576f963d6ced200dd0495d65443a,N/A,N/A,85%,Real Estate,N/A,N/A,N/A,N/A,N/A
Michael Tursi,Michael,Tursi,Vice President,tursim@crissieins.com,Crissie Insurance Group,crissieins.com,+18005626362,"1700 Higgins Road, Suite 320 Des Plaines, IL 600181700 Higgins Road Suite 320 Des Plaines, IL 60018",Des Plaines,IL,"=""60018""",30,6411000000,6411,"[""AddToAny"",""Apache"",""Bootstrap"",""CloudFlare"",""Font Awesome"",""Google Analytics"",""Google Font API"",""Revslider"",""Select2"",""WP Rocket"",""WordPress"",""jQuery"",""jQuery Migrate""]",43540676,catchall,N/A,63cef6bb57a2e02a487de2d7592f1001,N/A,N/A,85%,Insurance Agents: Brokers: and Service,https://facebook.com/crissieinsurancegroup,https://linkedin.com/company/crissie-insurance-group,https://twitter.com/crissieinsgroup,N/A,N/A
Tony Vanzina,Tony,Vanzina,Assistant Vice President,tvanzina@greshaminc.com,Gresham,greshaminc.com,N/A,N/A,unknown city,unknown state,N/A,350,6411000000,6411,[],46454422,catchall,N/A,e322ff981bb01365bfcf8f87e198f3fc,N/A,N/A,85%,Insurance Agents: Brokers: and Service,N/A,N/A,N/A,N/A,N/A
Todd Whiteman,Todd,Whiteman,Vice President Property Casualty / Nonprofit Insurance Specialist,twhiteman@enscoelong.com,Enscoe Long Insurance Group,enscoelong.com,+14126220108,"80 Emerson Lane, Suite 1301 Bridgeville, PA 15017",Bridgeville,PA,"=""15017""",5,6411000000,6411,[],36809359,catchall,N/A,3d4b15fb6f1b50ab47b183437f42c7e8,N/A,N/A,85%,Insurance Agents: Brokers: and Service,https://facebook.com/enscoelong,https://linkedin.com/in/todd-whiteman-249b513,N/A,N/A,N/A
Uzair Khan,Uzair,Khan,"Vp, Engineering",ukhan@connectedinvestors.com,Connected Investors,connectedinvestors.com,+18882042401,Suite 100 Wilmington NC 28401,unknown city,unknown state,"=""28401""",30,4800000,65,"[""Amazon ELB"",""Bootstrap"",""CloudFlare"",""Facebook"",""Font Awesome"",""Google Analytics"",""Google Font API"",""Google Tag Manager"",""Nginx"",""OWL Carousel"",""PHP"",""animate.css"",""jQuery""]",38805398,catchall,N/A,9771c5418517a57cb6fb3215b822e9ea,N/A,N/A,85%,Real Estate,https://facebook.com/connectedinvestors,N/A,https://twitter.com/cinvestors,https://instagram.com/connectedinvestors,https://youtube.com/user/connectedinvestors
Uri Shochat,Uri,Shochat,CEO,uri.shochat@swissport.com,Swissport,swissport.com,+13300972352,N/A,New York,NY,N/A,7500,3500000000,45,"[""Apache"",""Modernizr"",""jQuery""]",38653604,catchall,N/A,ea0c85a27519e9539c8c75e515a21e07,N/A,N/A,85%,Transportation By Air,N/A,https://linkedin.com/company/swissport,N/A,N/A,N/A
Valeria Howard,Valeria,Howard,Sr. Vice President of Risk Management,vhoward@vgic.com,Van Gilder,vgic.com,N/A,N/A,Denver,CO,N/A,125,6411000000,6411,[],37279048,catchall,N/A,82002ec549ea43043c3993a18240cbf8,N/A,N/A,85%,Insurance Agents: Brokers: and Service,N/A,N/A,N/A,N/A,N/A
Vicki Ebesu,Vicki,Ebesu,"Realtor, Bic, Vice President, Partner",vicki@luxuryhm.com,Luxury Homes,luxuryhm.com,+18087973344,"733 Bishop Street #190 Honolulu, HI 96813",Honolulu,HI,"=""96813""",30,5700128,65,"[""Nginx"",""ZURB Foundation""]",42546103,catchall,N/A,78e26c4df52fc38f13ef67222c8a0009,N/A,N/A,85%,Real Estate,https://facebook.com/luxuryhomesint,https://linkedin.com/in/patrick-w-oneill-mirm-14a6469,https://twitter.com/lhidragon,https://instagram.com/lhi1997,https://youtube.com/channel/uc7bggvpt28dikvxodn8qd2q
Vicki Grant,Vicki,Grant,Executive Vice President,vicki@northlandappraisal.com,Northland Appraisal,northlandappraisal.com,+16127917975,"766 Carla Lane Little Canada, MN 55109",Saint Paul,MN,"=""55109""",5,65000000,65,"[""Polyfill"",""RequireJS"",""Sentry"",""Wix""]",44154716,catchall,N/A,1d47029cf5192db037b1d8bc4021ccd1,N/A,N/A,85%,Real Estate,N/A,https://linkedin.com/company/northland-appraisal-inc-/about,N/A,N/A,N/A
Vittoria Pace,Vittoria,Pace,Vice President,vicky.pace@thehartford.com,Hartford,thehartford.com,+18003227789,"P.O. Box 55359 Boston, MA 02205",Ct,CT,"=""02205""",55000,0,6411,"[""Akamai"",""Apache"",""Bootstrap"",""Moment.js"",""Tealium"",""jQuery""]",46004214,catchall,N/A,2bf1ec858e8bd98a16b1d2706227be1d,N/A,N/A,85%,Insurance Agents: Brokers: and Service,https://facebook.com/thehartford,https://linkedin.com/company/the-hartford,https://twitter.com/thehartford,N/A,N/A
Vic Laidlaw,Vic,Laidlaw,Executive Vice President,vic@skyluxuryrentals.com,Sky,skyluxuryrentals.com,+19418032838,N/A,Bakersfield,CA,N/A,N/A,0,65,"[""Bootstrap"",""CloudFlare"",""Font Awesome"",""Google Analytics"",""jQuery""]",40552490,catchall,N/A,f9ed267c9976f7b195423a341201ca5d,N/A,N/A,85%,Real Estate,N/A,N/A,N/A,N/A,N/A
Victor Paz,Victor,Paz,Senior Vice President,victorpaz@lwtagency.com,Lwt Agency,lwtagency.com,+18002722212,"200 South Los Robles, Suite 435 Pasadena, CA 91101",San Francisco,CA,"=""91101""",125,6411000000,6411,"[""CloudFlare"",""Facebook"",""FancyBox"",""FlexSlider"",""Google Analytics"",""Google Font API"",""Gravity Forms"",""HubSpot"",""PHP"",""Slick"",""WordPress"",""YouTube"",""jQuery"",""jQuery Migrate""]",41576558,catchall,N/A,529fcb0dab2b350bb101f4acc1872a63,N/A,N/A,85%,Insurance Agents: Brokers: and Service,N/A,https://linkedin.com/in/dave-donchey-85232a23,https://twitter.com/lwtagency,N/A,https://youtube.com/channel/ucsjlcvhltlctpl-7i0tyqna
Victor Alves,Victor,Alves,Co-founder/vp,victor@shapeuphomes.com,Shapeup Homes,shapeuphomes.com,+12104414233,"702 Donaldson Ave, Ste.207A San Antonio, TX 78201702 Donaldson Ave, Ste. 207A San Antonio, TX 78201",San Antonio,TX,"=""78201""",5,0,65,"[""AddToAny"",""Facebook"",""Google Analytics"",""Google Font API"",""Hammer.js"",""Materialize CSS"",""Twitter Emoji (Twemoji)"",""WordPress"",""animate.css"",""jQuery"",""jQuery UI""]",41980990,catchall,N/A,fd2caaf253ff281c700bf82d30ebf45d,N/A,N/A,85%,Real Estate,https://facebook.com/shapeuphomebuyers,https://linkedin.com/company/shapeup-homes-inc,N/A,https://instagram.com/shapeuphomebuyers,N/A
Vivian Knight,Vivian,Knight,Vice President - Legal Services,vivian.knight@preppg.com,Peco Real Estate,pecorep.com,+18014154365,"Suite 1000 Cincinnati, OH 45236",Cincinnati,OH,"=""45236""",30,5700128,65,"[""Apache"",""Google Analytics"",""OWL Carousel"",""Twitter Emoji (Twemoji)"",""WordPress"",""Yoast SEO"",""ZURB Foundation"",""jQuery"",""jQuery Migrate""]",40921494,catchall,N/A,90aab9ac99090ee96a6286f33639784f,N/A,N/A,85%,Real Estate,N/A,N/A,N/A,N/A,N/A
Vicky Jablonski,Vicky,Jablonski,Vice President - Properties,vj@liberty-development.com,Liberty Development,liberty-development.com,+14408921800,"28045 Ranney Pkwy., Suite E Cleveland, OH 44145",Orange,CA,"=""44145""",5,1638653,65,"[""Apache"",""Google Analytics"",""Google Font API"",""Lightbox"",""Modernizr"",""WordPress"",""ZURB Foundation"",""jQuery""]",41727662,catchall,N/A,73a23fae62793321a746c0db6c75ce8e,N/A,N/A,85%,Real Estate,N/A,N/A,N/A,N/A,N/A
Vernon Mackey,Vernon,Mackey,Vice President,vmackey@ucpm.com,Ucpm Environmental,ucpm.com,N/A,N/A,Gilbert,AZ,N/A,30,6000000,6411,[],39451918,catchall,N/A,e6d4f461716a82e53c70464b3c951672,N/A,N/A,85%,Insurance Agents: Brokers: and Service,N/A,N/A,N/A,N/A,N/A
Wayne Walker,Wayne,Walker,Vice President,waynew@waldorffinsurance.com,Waldorff,waldorffinsurance.com,N/A,N/A,Gainesville,FL,N/A,30,6411000000,6411,"[""IIS"",""Microsoft ASP.NET""]",42101606,catchall,N/A,e2eb5617851775c7fc7ebdc94dafa3b9,N/A,N/A,85%,Insurance Agents: Brokers: and Service,N/A,N/A,N/A,N/A,N/A
William Rucker,William,Rucker,Senior Vice President,wbrucker@west-group.com,West Group,west-group.com,N/A,N/A,Mc Lean,VA,N/A,5,65000000,65,"[""Nginx"",""PHP"",""jQuery""]",39362632,catchall,N/A,10df40c8faea683ab63eae7d765cb96e,N/A,N/A,85%,Real Estate,N/A,N/A,N/A,N/A,N/A
William Coady,William,Coady,Vice President,wcoady@walterry.com,Walterry Insurance Brokers,walterry.com,+18002524699,"7411 Old Branch Ave. Clinton, Maryland 20735 (800) 638-8791 - Fax (301) 868-26117411 Old Branch Avenue Clinton, Maryland 20735",Clinton,MD,"=""20735""",5,1606320,64,"[""Bootstrap"",""Google Analytics"",""Google Tag Manager"",""OWL Carousel"",""PHP"",""Twitter Emoji (Twemoji)"",""WordPress"",""Yoast SEO"",""jQuery"",""jQuery Migrate""]",43390233,catchall,N/A,badd8eeada56ad5fe43beff6079d38c4,N/A,N/A,85%,Insurance Agents: Brokers: and Service,N/A,N/A,N/A,N/A,N/A
Dixon William,Dixon,William,Executive Vice President,wdixon@mcneilandcompany.com,Mcneil,mcneilandcompany.com,+16077565051,"PO Box 5670 Cortland, NY 13045",Cortland,NY,"=""13045""",125,6411000000,6411,"[""Apache"",""Google Analytics"",""PHP"",""Varnish"",""WordPress"",""Yoast SEO"",""YouTube""]",39529825,catchall,N/A,3b0f1d962e25661b127e004d189ce368,N/A,N/A,85%,Insurance Agents: Brokers: and Service,https://facebook.com/mcneilandcompany,https://linkedin.com/company/mcneil-and-company,https://twitter.com/mcneilandco,N/A,N/A
Walid Elgabry,Walid,Elgabry,Vice President,wel-gabry@prologis.com,Prologis,prologis.com,+13035675700,N/A,San Francisco,CA,N/A,3000,2500000000,65,"[""Acquia Cloud"",""AddToAny"",""CloudFlare"",""Drupal"",""Google Font API"",""Google Tag Manager"",""Modernizr"",""New Relic"",""Varnish"",""jQuery"",""jQuery UI""]",37287900,catchall,N/A,fcfa60ff23b8042aa8dd04525d72fd07,N/A,N/A,85%,Real Estate,https://facebook.com/prologis,https://linkedin.com/company/prologis,https://twitter.com/prologis,N/A,N/A
Wesley Campbell,Wesley,Campbell,Vice President,wesley@sebohio.com,Sebo Group,sebohio.com,+18005897326,N/A,Columbus,OH,N/A,5,7000000,6411,"[""AddThis"",""Google Font API"",""jQuery""]",38223906,catchall,N/A,72c91f3de8e8153586c7bc1585ff48d5,N/A,N/A,85%,Insurance Agents: Brokers: and Service,https://facebook.com/thesebogroup,https://linkedin.com/company/the-sebo-group,https://twitter.com/thesebogroup,https://instagram.com/thesebogroup,https://youtube.com/channel/uchhcqu5zogmyxahonjigehg
Whit C,Whit,C,Staff Vice President,whit.c.@fmglobal.com,Fm Global Group,fmglobal.com,+18007365564,"Preston Ridge III, Suite 400 Alpharetta, GA 30005",Alpharetta,GA,"=""30005""",N/A,0,64,"[""CloudFlare"",""DataTables"",""Facebook"",""Font Awesome"",""Google Analytics"",""Google Tag Manager"",""Microsoft ASP.NET"",""Modernizr"",""Sitecore"",""jQuery"",""jQuery Migrate""]",44817247,catchall,N/A,55966ece3414828c79d064b438693a87,N/A,N/A,85%,Insurance Agents: Brokers: and Service,https://facebook.com/pages/fm-global/278604955335,https://linkedin.com/company/fm-global,https://twitter.com/fmglobal,N/A,https://youtube.com/user/fmglobalvideos
Whitney Austin Gray,Whitney,Gray,"Senior Vice President, Delos Insights",whitney.gray@delos.com,Delos™,delos.com,+16466543438,N/A,New York,NY,N/A,300,6000000,65,"[""Bootstrap"",""CloudFlare"",""Font Awesome"",""Google Analytics"",""Gravity Forms"",""WordPress"",""YouTube"",""jQuery""]",39273235,catchall,N/A,0d24c15588bdea1b4841387673b85ab9,N/A,N/A,85%,Real Estate,https://facebook.com/delosliving,https://linkedin.com/company/1302211,https://twitter.com/delosliving,N/A,https://youtube.com/user/delosliving
Will Hogan,Will,Hogan,Vice President,whogan@aimins.net,Associated Insurance Managers,aimins.net,+18004422337,"11111 Katy Freeway, Suite 120",Houston,TX,"=""00120""",N/A,0,6411,"[""Google Analytics"",""Microsoft ASP.NET"",""SWFObject""]",40939643,catchall,N/A,d2b520cbe57137f914a290304844549f,N/A,N/A,85%,Insurance Agents: Brokers: and Service,N/A,N/A,N/A,N/A,N/A
William Joelson,William,Joelson,Vice President,william@bedfordhousing.com,Bedford Corporate Housing,bedfordhousing.com,+18007701752,N/A,unknown city,unknown state,N/A,30,5700128,65,"[""Apache"",""Font Awesome"",""Google Analytics"",""Google Font API"",""Google Tag Manager"",""Hammer.js"",""Modernizr"",""Twitter Emoji (Twemoji)"",""W3 Total Cache"",""WordPress"",""Yoast SEO"",""Zendesk Chat"",""animate.css"",""jQuery"",""jQuery Migrate""]",40863094,catchall,N/A,67a7f4d16592399cc945157b56e1c6d2,N/A,N/A,85%,Real Estate,https://facebook.com/bedfordhousing,N/A,https://twitter.com/bedford_housing,https://instagram.com/bedfordhousingla,N/A
William Dyer,William,Dyer,Vice President & Co Founder,williamd@hcpnational.com,Hcp National Insurance Services,hcpnational.com,+18884786756,"16-A Journey, Suite 150 Aliso Viejo, CA 92656",Aliso Viejo,CA,"=""92656""",30,6411000000,6411,"[""CloudFlare"",""Font Awesome"",""Google Font API"",""Nginx"",""Revslider"",""Select2"",""Slick"",""Twitter Emoji (Twemoji)"",""WP Engine"",""WordPress"",""Yoast SEO"",""jQuery"",""jQuery Migrate"",""reCAPTCHA""]",44311506,catchall,N/A,e8799802f5fa9f20d65c9774616e9698,N/A,N/A,85%,Insurance Agents: Brokers: and Service,https://facebook.com/people/hcp-national-insurance-services-inc/94183706488,https://linkedin.com/company/hcp-national-insurance-services-inc.,https://twitter.com/hcpnational,N/A,N/A
William Witz,William,Witz,Assistant Vice President,william.witz@thehartford.com,Hartford,thehartford.com,+18003227789,"P.O. Box 55359 Boston, MA 02205",Ct,CT,"=""02205""",55000,0,6411,"[""Akamai"",""Apache"",""Bootstrap"",""Moment.js"",""Tealium"",""jQuery""]",46004055,catchall,N/A,ade593c37585cbb910001db26e9a6b99,N/A,N/A,85%,Insurance Agents: Brokers: and Service,https://facebook.com/thehartford,https://linkedin.com/company/the-hartford,https://twitter.com/thehartford,N/A,N/A
Will Lucas,Will,Lucas,Vice President,wlucas@vanfin.com,Vantage Financial Group,vanfin.com,+14192903586,N/A,Cleveland,OH,N/A,125,6411000000,6411,"[""CloudFlare"",""FancyBox"",""Google Analytics"",""Google Font API"",""Google Tag Manager"",""Hotjar"",""Microsoft ASP.NET"",""Modernizr"",""jQuery"",""jQuery Migrate""]",42684725,catchall,N/A,b39c1e1c00b2f4d5ed4fe466b597f7e9,N/A,N/A,85%,Insurance Agents: Brokers: and Service,https://facebook.com/vantagefinancial,https://linkedin.com/company/vantage-financial-group-inc,N/A,N/A,N/A
Woody Power,Woody,Power,Vice President,woody.power@acentria.com,Acentria,acentria.com,+18502271900,"4634 Gulfstarr Drive Destin, FL 32541Suite 350 Destin, FL",Destin,FL,N/A,30,12000000,6411,"[""Font Awesome"",""Google Analytics"",""Google Font API"",""Gravatar"",""Lightbox"",""Modernizr"",""Nginx"",""Revslider"",""Twitter Emoji (Twemoji)"",""WP Engine"",""WordPress"",""Yoast SEO"",""jQuery"",""jQuery Migrate""]",37520358,catchall,N/A,b50a78660563505b54c58a8f7adbd8d1,N/A,N/A,85%,Insurance Agents: Brokers: and Service,https://facebook.com/acentriainsurance,https://linkedin.com/company/acentria,N/A,N/A,https://youtube.com/channel/ucqxl9y-3zkn7yahqe8ujuaq
Paul Weeks,Paul,Weeks,Senior Vice President,wpaul@thestatebankgroup.com,State Bank Group,thestatebankgroup.com,+18157281109,"PO Box 350 Wonder Lake, IL 60097",Wonder Lake,IL,"=""60097""",5,75621780,65,"[""Apache"",""Drupal"",""Google Analytics"",""Modernizr"",""OpenSSL"",""PHP"",""UNIX"",""jQuery""]",45584161,catchall,N/A,e6991723b30f6ae2783fc914e0cc9b9a,N/A,N/A,85%,Real Estate,https://m.facebook.com/thestatebankgroupil,https://linkedin.com/company/the-state-bank-group,https://twitter.com/tsbgbank,https://instagram.com/thestatebankgroup_memberfdic,N/A
Wayne Schott,Wayne,Schott,Vice President,wschott@tobias.com,Tobias Insurance Group,tobias.com,N/A,N/A,Indianapolis,IN,N/A,125,6411000000,6411,[],40701469,catchall,N/A,47bf41711f648349085b66a6c0da5ce5,N/A,N/A,85%,Insurance Agents: Brokers: and Service,N/A,N/A,N/A,N/A,N/A
William White,William,White,Senior Vice President of Investments,wwhite@sovcapital.com,Sovereign Capital Management Group,sovcapital.com,+16192948995,N/A,San Diego,CA,N/A,125,25000000,65,[],46263891,catchall,N/A,3517630037b850543fb2dcb008060d54,N/A,N/A,85%,Real Estate,N/A,N/A,N/A,N/A,N/A
William Aai,William,Aai,Vice President,wwilliamjcoady@walterry.com,Walterry Insurance Brokers,walterry.com,+18002524699,"7411 Old Branch Ave. Clinton, Maryland 20735 (800) 638-8791 - Fax (301) 868-26117411 Old Branch Avenue Clinton, Maryland 20735",Clinton,MD,"=""20735""",5,1606320,64,"[""Bootstrap"",""Google Analytics"",""Google Tag Manager"",""OWL Carousel"",""PHP"",""Twitter Emoji (Twemoji)"",""WordPress"",""Yoast SEO"",""jQuery"",""jQuery Migrate""]",43390232,catchall,N/A,85edce9df9b43c268bb128512ba7ef70,N/A,N/A,85%,Insurance Agents: Brokers: and Service,N/A,N/A,N/A,N/A,N/A
Yasmeen Wilson,Yasmeen,Wilson,Vice President,ywilson@summitre.net,Summit Management,summitre.net,N/A,N/A,Stillwater,MN,N/A,125,25000000,65,"[""Google Analytics"",""Google Font API"",""Microsoft ASP.NET"",""ZURB Foundation"",""jQuery"",""jQuery UI""]",40217460,catchall,N/A,850af66decf5ce935ab5d020c878d658,N/A,N/A,85%,Real Estate,N/A,N/A,N/A,N/A,N/A
Andria Zimmerman,Andria,Zimmerman,Vice President,zimmerman_an@willis.com,Willis,willis.com,N/A,N/A,New York,NY,N/A,55000,0,6411,"[""AddThis"",""Bootstrap"",""CloudFlare"",""Google Font API"",""Google Tag Manager"",""Incapsula"",""Lazy.js"",""Microsoft ASP.NET"",""Sitecore"",""jQuery"",""scrollreveal""]",37679778,catchall,N/A,7c2c8f6c78d692c5cb51d7a278f731d1,N/A,N/A,85%,Insurance Agents: Brokers: and Service,N/A,N/A,N/A,N/A,N/A
Zoe Margarites,Zoe,Margarites,"Vice President, Delos Solutions & Sustainability",zoe.margarites@delos.com,Delos™,delos.com,+16466543438,N/A,New York,NY,N/A,300,6000000,65,"[""Bootstrap"",""CloudFlare"",""Font Awesome"",""Google Analytics"",""Gravity Forms"",""WordPress"",""YouTube"",""jQuery""]",39273250,catchall,N/A,af1133add6718ddb16d0d1c660da1eda,N/A,N/A,85%,Real Estate,https://facebook.com/delosliving,https://linkedin.com/company/1302211,https://twitter.com/delosliving,N/A,https://youtube.com/user/delosliving
Zac Overbay,Zac,Overbay,Senior Vice President & Partner,zoverbay@wsandco.com,Woodruff Sawyer,wsandco.com,+14154026514,N/A,Portland,OR,N/A,350,6411000000,6411,"[""Elementor"",""Google Analytics"",""Google Font API"",""Google Tag Manager"",""MediaElement.js"",""Nginx"",""Pantheon"",""Pardot"",""Twitter Emoji (Twemoji)"",""Varnish"",""WordPress"",""ZURB Foundation"",""jQuery"",""jQuery Migrate""]",37519749,catchall,N/A,39fad613c3f139b0f836a77bc0900f4c,N/A,N/A,85%,Insurance Agents: Brokers: and Service,https://facebook.com/woodruffsawyer,https://linkedin.com/company/woodruff-sawyer,https://twitter.com/woodruffsawyer,N/A,https://youtube.com/channel/ucxbuqd50n-o8arfs7pcphsa
Zweifel Christian,Zweifel,Christian,CEO,zweifel.christian@swissport.com,Swissport,swissport.com,+13300972352,N/A,New York,NY,N/A,7500,3500000000,45,"[""Apache"",""Modernizr"",""jQuery""]",38653580,catchall,N/A,826bd55ccf08e1d8358cc5b1b3859153,N/A,N/A,85%,Transportation By Air,N/A,https://linkedin.com/company/swissport,N/A,N/A,N/A
Beth Smith,Beth,Smith,Chief Operating Officer,bsmith@medicalartshospital.org,Medical Arts Hospital,medicalartshospital.org,+18068732183,"2200 N Bryan Ave Lamesa, TX 79331",Lamesa,TX,"=""79331""",30,17000000,9199,"[""Apache"",""Google Font API"",""Google Maps"",""Gravatar"",""Hammer.js"",""Modernizr"",""PHP"",""Revslider"",""Twitter Emoji (Twemoji)"",""WordPress"",""Yoast SEO"",""jQuery"",""jQuery Migrate"",""jQuery UI""]",44806834,catchall,5/9/2023,b99338f4a1da9ab29de03257943af5d3,N/A,N/A,85%,General Government: Not Elsewhere Classified,N/A,N/A,N/A,N/A,N/A
Aaron Anderson,Aaron,Anderson,Vice President of Personal Lines,aaron.anderson@strongtowerig.com,Strong Tower Insurance Group,strongtowerig.com,+18003752075,3325 East Baseline Road Gilbert AZ 85234,Gilbert,AZ,"=""85234""",5,1000000,6411,"[""Flywheel"",""Google Analytics"",""Google Tag Manager"",""Modernizr"",""WordPress"",""jQuery"",""jQuery Migrate""]",36893181,catchall,10/7/2024,35311b40b5798fd142b52b1304118a13,N/A,N/A,85%,Insurance Agents: Brokers: and Service,https://facebook.com/strongtowerinsurancegroup,https://linkedin.com/company/strong-tower-insurance-group,https://twitter.com/strongtowerig,N/A,N/A
Andy Cebula,Andy,Cebula,Vice President,acebula@airlines.org,Airlines,airlines.org,+18604375700,"1275 Pennsylvania Ave NW, Suite 1300 Washington,1275 Pennsylvania Ave.NW Suite 1300 Washington, DC 20004",Washington,DC,"=""20004""",300,0,45,"[""AddThis"",""Facebook"",""FancyBox"",""Font Awesome"",""Google Analytics"",""Modernizr"",""Nginx"",""Pantheon"",""Slick"",""Underscore.js"",""Varnish"",""WordPress"",""jQuery"",""jQuery UI""]",42936828,catchall,10/16/2022,a848b6e1a49fc7586eb33ac0b7b615c9,N/A,N/A,85%,Transportation By Air,https://facebook.com/airlinesforamerica,https://linkedin.com/company/airlines-for-america,https://twitter.com/airlinesdotorg,https://instagram.com/airlinesforamerica,https://youtube.com/user/airlinesforamerica
Adriana Pardo,Adriana,Pardo,Vice President,adrianapardo@matdan.com,Matthews Daniel Holdings,matdan.com,N/A,N/A,Houston,TX,N/A,30,16000000,6411,[],39197208,catchall,11/17/2021,0bd41f33675a86768e3e0aa256aff424,N/A,N/A,85%,Insurance Agents: Brokers: and Service,N/A,N/A,N/A,N/A,N/A
Andrew Dunn,Andrew,Dunn,Chief Information Officer,adunn@bldrs.com,Builders Insurance Group,bldrs.com,+18006611494,"P.O. Box 723099 Atlanta, GA 31139-0099",Atlanta,GA,"=""31139-0099""",125,6411000000,6411,"[""DataTables"",""Font Awesome"",""Google Analytics"",""Google Font API"",""IIS"",""Modernizr"",""PHP"",""Twitter Emoji (Twemoji)"",""WordPress"",""jQuery"",""jQuery Migrate"",""jQuery UI""]",39963851,catchall,7/21/2021,c90afe4e30c63ccf3312414abf6c7d89,N/A,N/A,85%,Insurance Agents: Brokers: and Service,https://facebook.com/buildersinsurancegroup,https://linkedin.com/company/builders-insurance-group,https://twitter.com/buildersinsgrp,N/A,N/A
Andy Elliot Vice,Andy,Vice,"Vice President, Production - Boston",aelliot-vice@goedeckeco.com,Goedecke,goedeckeco.com,+16177909001,"10 High Street 11th Floor Boston, MA 02110",Boston,MA,"=""02110""",30,5700128,65,"[""Apache"",""FancyBox"",""Google Analytics"",""Google Font API"",""PHP"",""Twitter Emoji (Twemoji)"",""WordPress"",""jQuery""]",43061772,catchall,8/18/2023,60bb83c6bbf9ede4eb131f95d2f7eb3c,N/A,N/A,85%,Real Estate,N/A,https://linkedin.com/in/peter-goedecke-1800531a,N/A,N/A,N/A
Adam Fowler,Adam,Fowler,Director of Web Advertising Operations,afowler@govtech.com,Govtech360,govtech.com,+19169321351,"100 Blue Ravine Road Folsom, CA 95630",Sacramento,CA,"=""95630""",30,3535000000,9199,"[""Act-On"",""AngularJS"",""Apache"",""AppNexus"",""Bootstrap"",""Chartbeat"",""CodeIgniter"",""Facebook"",""Google AdSense"",""Google Analytics"",""Google Tag Manager"",""jQuery""]",44116007,catchall,5/9/2023,aeb54818407179f28a2dac3558ca440f,N/A,N/A,85%,General Government: Not Elsewhere Classified,https://facebook.com/governmenttechnology,https://linkedin.com/company/government-technology,https://twitter.com/govtechnews,N/A,https://youtube.com/user/governmenttechnology
Alfred Goxhaj,Alfred,Goxhaj,Chief Information Officer,agoxhaj@enduranceservices.com,Sompo International Holdings,enduranceservices.com,+12124712800,"750 Third Avenue Floor 18 New York, NY 10017",New York,NY,"=""10017""",3000,6411000000,6411,"[""Bootstrap"",""CloudFlare"",""Google Analytics"",""Google Tag Manager"",""Mouse Flow"",""Prefix-Free"",""WP Engine"",""WordPress"",""jQuery"",""jQuery UI""]",43347487,catchall,7/12/2021,8187c208988743aa468959db06212bdb,N/A,N/A,85%,Insurance Agents: Brokers: and Service,N/A,https://linkedin.com/company/sompo-international,N/A,N/A,N/A
Andrew Horton Vice,Andrew,Vice,Vice President,ahorton-vice@bencorprop.com,Bencorprop,bencorprop.com,+17194479902,N/A,Colorado Springs,CO,N/A,5,65000000,65,"[""FancyBox"",""WordPress"",""jQuery"",""jQuery Migrate""]",41002196,catchall,10/25/2023,9550efed7df5029fbdb931807d839d3b,N/A,N/A,85%,Real Estate,N/A,N/A,N/A,N/A,N/A
Aimee Padden,Aimee,Padden,Executive Vice President,aimee@brmins.com,Bone Robertson And Mcbride,brmins.com,+19256740188,"1255 Treat Blvd., Suite 100A, Walnut Creek, CA 94597",Concord,CA,"=""94597""",30,6411000000,6411,"[""Google Font API"",""Java"",""Lightbox"",""Squarespace"",""YUI""]",37921795,catchall,5/14/2024,8651cc672abcb9cd0301547f8342248d,N/A,N/A,85%,Insurance Agents: Brokers: and Service,https://facebook.com/brmins,https://linkedin.com/company/928034,https://twitter.com/brmins,N/A,N/A
Andrew Kaiser,Andrew,Kaiser,"Vice President, Administration",akaiser@groupmarketingservices.com,Group Marketing Services,groupmarketingservices.com,+12693815028,"PO Box 19040 Kalamazoo, MI 49019",Kalamazoo,MI,"=""49019""",30,6411000000,6411,"[""IIS"",""Joomla"",""MooTools"",""PHP"",""jQuery""]",37881781,catchall,8/30/2021,1813dcbef0eb3e5ef8b5af7c5c42384a,N/A,N/A,85%,Insurance Agents: Brokers: and Service,N/A,N/A,N/A,N/A,N/A
Angelique King,Angelique,King,– Assistant Vice President of Claims,aking@carlwarren.com,Carl Warren,carlwarren.com,+16576224220,"Suite 111 Tustin, California 92780P.O. Box 2411 Tustin, California 92781",Tustin,CA,"=""92781""",30,89000000,6411,"[""Font Awesome"",""Google Analytics"",""Google Font API"",""Gravatar"",""Handlebars"",""Modernizr"",""Nginx"",""Revslider"",""Slick"",""Twitter Emoji (Twemoji)"",""WP Engine"",""WordPress"",""jQuery"",""jQuery Migrate"",""jQuery Mobile"",""prettyPhoto"",""reCAPTCHA""]",42903354,catchall,3/24/2022,7de0a348355c0fe915a86d4906583d42,N/A,N/A,85%,Insurance Agents: Brokers: and Service,https://facebook.com/cwcclaims,https://linkedin.com/company/carl-warren-&-company,https://twitter.com/cwcclaims,N/A,N/A
Adam Kovacs Vice,Adam,Vice,Vice President,akovacsvice@cdcco.com,Cdcco,cdcco.com,+13148351515,"1515 Des Peres Road, Suite 300 St. Louis, MO 63131St. Louis, MO 63131",St. Louis,MO,"=""63131""",30,8000000,65,"[""Apache"",""Bootstrap"",""Font Awesome"",""Google Analytics"",""Google Font API"",""MediaElement.js"",""Modernizr"",""Twitter Emoji (Twemoji)"",""WordPress"",""jQuery"",""jQuery Migrate"",""jQuery UI""]",39150026,catchall,6/30/2021,e889c2f5869056940e7fa971eb3fe768,N/A,N/A,85%,Real Estate,N/A,https://linkedin.com/company/commercial-development-co-inc,https://twitter.com/comdevco,N/A,N/A
Alana Wells Badeaux,Alana,Badeaux,VP of Operations,alana@thelokengroup.com,Loken Group,thelokengroup.com,+14096566580,"11037 FM 1960 W. Suite A1 Houston, TX 7706511037 FM 1960 W. Suite A1 Houston TX 77065",Houston,TX,"=""77065""",75,4600000,65,"[""Backbone.js"",""Facebook"",""Font Awesome"",""Google Analytics"",""Google Font API"",""Google Tag Manager"",""Lightbox"",""LiteSpeed"",""LiveChat"",""PHP"",""Twitter Emoji (Twemoji)"",""Underscore.js"",""WordPress"",""Yoast SEO"",""YouTube"",""animate.css"",""jQuery"",""jQuery Migrate""]",43137646,catchall,4/9/2021,d98b4777b82ad67e7c3ff9853357cc6d,N/A,N/A,85%,Real Estate,https://facebook.com/thelokengroup,https://linkedin.com/company/the-loken-group,https://twitter.com/thelokengroup,https://instagram.com/_thelokengroup,N/A
Alan Jones,Alan,Jones,Chief Information Officer,alanj@macm.net,Macm,macm.net,+18003622912,N/A,Ridgeland,MS,N/A,30,10000000,6411,"[""Bootstrap"",""Gentoo"",""Google Font API"",""Google Maps"",""Modernizr"",""OpenResty"",""PHP"",""Slick"",""Twitter Emoji (Twemoji)"",""WordPress"",""animate.css"",""jQuery"",""jQuery Migrate""]",40301456,catchall,10/11/2021,7a58417c7e7d6044d8c9c20e7f8987d6,N/A,N/A,85%,Insurance Agents: Brokers: and Service,N/A,N/A,N/A,N/A,N/A
Alex Montes,Alex,Montes,Vice-president / Partner,alex@emmettinsurance.com,Emmett Insurance Group,emmettinsurance.com,+13052700999,"7700 North Kendall Drive Suite 411 Miami, FL",Miami,FL,N/A,5,2000000,6411,"[""Apache"",""Google Font API"",""Modernizr"",""NextGEN Gallery"",""PHP"",""Twitter Emoji (Twemoji)"",""Vue.js"",""WordPress"",""jQuery"",""jQuery Migrate"",""jQuery UI""]",43093927,catchall,9/21/2023,d763329109a3d97df8bb026ea90dedff,N/A,N/A,85%,Insurance Agents: Brokers: and Service,https://facebook.com/emmettinsurancegroup,N/A,https://twitter.com/groupemmett,https://instagram.com/emmettinsurancegroup,N/A
Alice Corcoran,Alice,Corcoran,Vice President,alice@consolidatedrisk.com,Consolidated Risk Management,consolidatedrisk.com,+15164811900,194 Hempstead Avenue Lynbrook NY 11563,Lynbrook,NY,"=""11563""",5,1000000,6411,"[""Google Font API"",""IIS"",""Microsoft ASP.NET"",""jQuery""]",43484440,catchall,3/1/2024,370bec4e693119d6fd5c25fe4dd5ccbe,N/A,N/A,85%,Insurance Agents: Brokers: and Service,N/A,N/A,N/A,N/A,N/A
Alison Uemura,Alison,Uemura,Vice President Information Technology,alison@kawailoa.com,Kawailoa Development,kawailoa.com,+18087426300,"P.O. Box 369, Koloa HI 96756",Koloa,HI,"=""96756""",5,3111570,65,[],44653634,catchall,8/10/2022,1ecf825990a3b1f04c8eee1323526e9b,N/A,N/A,85%,Real Estate,N/A,N/A,N/A,N/A,N/A
Alvin Tay Vice,Alvin,Vice,Vice President Sales &amp Marketing,alvin.tay-vice@atlasair.com,Atlas Air Worldwide Holdings,atlasair.com,+19147018000,"6640 NW 22nd Street Miami, FL 33122",New York,NY,"=""33122""",3000,1800000000,45,[],38436679,catchall,8/18/2023,19a081c59792de90642da960bc714441,N/A,N/A,85%,Transportation By Air,https://facebook.com/atlasairworldwide,https://linkedin.com/company/atlas-air,https://twitter.com/atlasairww,N/A,N/A
Amy Jo Robertson,Amy,Robertson,"Vice President, Marketing",amy@thirdhome.com,Thirdhome,thirdhome.com,+12039369133,"5200 Maryland Way, Suite 260 Brentwood, TN 37027",Nashville,TN,"=""37027""",30,6000000,65,"[""Facebook"",""Flywheel"",""Google Analytics"",""Google Font API"",""Google Maps"",""Google Tag Manager"",""MailChimp"",""WordPress"",""Yoast SEO"",""jQuery"",""jQuery Migrate""]",41343697,catchall,8/18/2023,68c7d6cf474c2edd5dba0582adc8ca8c,N/A,N/A,85%,Real Estate,https://facebook.com/3rdhome,N/A,https://twitter.com/3rdhome,https://instagram.com/thirdhome,https://youtube.com/channel/ucljnui17uckrcx9zhmf72sq
Andrew Cooper,Andrew,Cooper,Finance Director,andrew@easygroupairfare.com,Easy Group Airfare,easygroupairfare.com,+17344766320,N/A,Ann Arbor,MI,N/A,5,1638653,45,"[""CloudFlare"",""Facebook"",""Google Font API"",""Google Tag Manager"",""Squarespace"",""SumoMe"",""Typekit"",""YUI"",""webpack""]",38977659,catchall,1/10/2022,9eaf37a6c9a9650996b8b61e3d1d4305,N/A,N/A,85%,Transportation By Air,https://facebook.com/easygroupairfare,N/A,N/A,https://instagram.com/easygroupairfare,N/A
Andrew Meador,Andrew,Meador,Vice President/director of Capital Projects,andrew.meador@mcdprop.com,Mcdowell Properties,mcdprop.com,+17862572778,"157 Columbus Avenue Suite 522 New York, NY 10023",Durham,NC,"=""10023""",30,5700128,65,"[""Bootstrap"",""Laravel"",""Lodash"",""Nginx"",""jQuery""]",37104462,catchall,4/13/2021,cd72ca8bcf2c76c55c55310c853360fc,N/A,N/A,85%,Real Estate,N/A,N/A,N/A,N/A,N/A
Anita Park,Anita,Park,Vice President,anita.park@guycarp.com,Guy Carpenter,guycarp.com,+13477532348,"1166 Avenue of the Americas New York, NY 10036",Minneapolis,MN,"=""10036""",300,128780,6411,"[""Adobe Experience Manager"",""Apache"",""Google Analytics"",""Lodash"",""Modernizr"",""Pardot"",""ZURB Foundation"",""jQuery""]",38471441,catchall,5/8/2024,20a5de6d5bcaaab4e329176c587002cc,N/A,N/A,85%,Insurance Agents: Brokers: and Service,N/A,N/A,https://twitter.com/guycarpenter,N/A,N/A
Anna Bertona,Anna,Bertona,CEO &amp; President Emea,anna.bertona@azelis.com,Azelis,azelis.com,+12038831477,N/A,Princeton,NJ,N/A,750,600000000,28,"[""Apache"",""Drupal"",""Facebook"",""Google Tag Manager"",""jQuery""]",43236476,catchall,5/14/2024,10c91b1343a6690e7bca4c893f13d255,N/A,N/A,85%,Chemicals and Allied Products,https://facebook.com/azelisgroup,https://linkedin.com/company/azelis,https://twitter.com/azelisgroup,N/A,N/A
Anthony Cheong,Anthony,Cheong,Group Chief Financial Officer,anthony.cheong@emeryoleo.com,Emery Oleochemicals,emeryoleo.com,+15137622500,"4900 Este Avenue Cincinnati, Ohio 45232",unknown city,unknown state,"=""45232""",300,75000000,28,"[""Drupal"",""Google Font API"",""Google Tag Manager"",""Nginx"",""Pantheon"",""Varnish"",""jQuery""]",38187609,catchall,10/6/2023,dc1893a8a9aaebc8cd25fb5531460dbe,N/A,N/A,85%,Chemicals and Allied Products,N/A,N/A,N/A,N/A,N/A
Anthony Kent,Anthony,Kent,Vice President,anthony@cothranproperties.com,Cothran Properties,cothranproperties.com,+18642500828,"Acquired and repositioned 40 Market St, Charleston SC;",Greer,AZ,N/A,30,7000000,65,"[""FancyBox"",""Google Analytics"",""Gravity Forms"",""Nginx"",""WP Engine"",""WordPress"",""Yoast SEO"",""jQuery""]",38115845,catchall,10/7/2024,7162bed82253154ff2bb874840319cd3,N/A,N/A,85%,Real Estate,N/A,N/A,N/A,N/A,N/A
April Mcbriartyweismann,April,Mcbriartyweismann,Executive Vice President -,april@hpminsurance.com,Hpm Insurance Is,byseinsurance.com,+18003226222,"208 Union Ave Laconia, NH 03246208 Union Ave Laconia, NH",Laconia,NH,N/A,30,1811940,6411,"[""CloudFlare"",""Google Analytics"",""Google Tag Manager"",""HubSpot"",""Matomo"",""YouTube"",""jQuery""]",41617996,catchall,11/17/2021,dfa1eabb6fb04199f7a50c2efe14ff6c,N/A,N/A,85%,Insurance Agents: Brokers: and Service,https://facebook.com/hpminsurance,https://linkedin.com/company/hpm-insurance,N/A,N/A,N/A
Ari Lund Vice,Ari,Vice,Vice President of Operations,ari@pgsouth.com,Specialized,pgsouth.com,+14076823355,N/A,Altamonte Springs,FL,N/A,30,5700128,65,"[""All in One SEO Pack"",""Gravity Forms"",""Lightbox"",""MediaElement.js"",""Nginx"",""Twitter Emoji (Twemoji)"",""WP Engine"",""WordPress"",""jQuery"",""jQuery Migrate""]",41712211,catchall,3/28/2022,f683f3c9a6c0ce4a6dfe3ca15a930747,N/A,N/A,85%,Real Estate,https://facebook.com/spmorlando,https://linkedin.com/company/specialized247,https://twitter.com/spmorlando,N/A,N/A
Arlivia Gamble,Arlivia,Gamble,Vice President,arlivia.gamble@statefarm.com,State Farm,statefarm.com,+18008656035,"P.O. Box 588002 North Metro, GA 30029",Oviedo,FL,"=""30029""",5,1000000,6411,"[""Azure CDN"",""Bootstrap"",""EdgeCast"",""Ensighten"",""Lazy.js"",""Optimizely"",""jQuery"",""jQuery Migrate""]",44070996,catchall,11/17/2021,16e5aeb04656067a09fe1fffbf4148a1,N/A,N/A,85%,Insurance Agents: Brokers: and Service,https://facebook.com/statefarm,https://linkedin.com/company/state_farm,https://twitter.com/statefarm,https://instagram.com/statefarm,N/A
Anthony Scaglione,Anthony,Scaglione,– CFO,ascaglione@airservcorp.com,Abm,airservcorp.com,+18553500226,N/A,Atlanta,GA,N/A,750,1500000000,45,"[""AdRoll"",""Bootstrap"",""FancyBox"",""Font Awesome"",""Google Analytics"",""Google Font API"",""Google Tag Manager"",""Marketo"",""Nginx"",""OWL Carousel"",""WP Engine"",""WordPress"",""Yoast SEO"",""animate.css"",""jQuery"",""jQuery UI""]",39959567,catchall,11/10/2021,163835015f236efc3feb5af1915ffc47,N/A,N/A,85%,Transportation By Air,https://facebook.com/abmindustries,https://linkedin.com/company/162238,https://twitter.com/abmfacilityserv,N/A,N/A
Ashley Orth,Ashley,Orth,Vice President,ashley@aspenins.com,Aspen Insurance Group,aspenins.com,+17195720401,N/A,Colorado Springs,CO,N/A,N/A,0,64,"[""Bootstrap"",""CloudFlare"",""Font Awesome"",""jQuery""]",43326382,catchall,10/25/2023,eecfdf98482cda587a7d4c147215a08f,N/A,N/A,85%,Insurance Agents: Brokers: and Service,N/A,N/A,N/A,N/A,N/A
Ashley Chavez,Ashley,Chavez,Vice President of Operations,ashley@nationalapa.com,National Asset Protection Agency,nationalapa.com,+18136994250,"1701 N. 14th St Tampa, FL 33605National Asset Protection Agency, 1701 North 14th Street, Tampa, FL, 33605, United States",Tampa,FL,N/A,125,25000000,65,[],43865755,catchall,3/28/2022,85d5f0a2179f0c3878bae4be3a2b1d32,N/A,N/A,85%,Real Estate,N/A,N/A,N/A,N/A,N/A
James W Sparks,James,Sparks,"Vice President, Sales",asparks@setitle.net,Title Search,setitle.net,+18659822345,"114 Lovell Road, Suite 201 Knoxville, TN 37934",Hollywood,FL,"=""37934""",N/A,599460,65,"[""Apache"",""Google Analytics"",""Google Font API"",""Google Tag Manager"",""PHP"",""Twitter Emoji (Twemoji)"",""WordPress"",""jQuery"",""jQuery Migrate""]",45143045,catchall,8/18/2023,d4527ee7cacdf9f376e668bf87184600,N/A,N/A,85%,Real Estate,N/A,N/A,N/A,N/A,N/A
Anne Steckel,Anne,Steckel,Vice President,asteckel@iowarfa.org,Iowarfa,iowarfa.org,+19524653271,"5505 NW 88th Street #100 Johnston, Iowa 50131-29485505 NW 88th St #100 Johnston, IA 50131",Johnston,IA,"=""50131""",5,1000000,5983,"[""All in One SEO Pack"",""Apache"",""Bootstrap"",""Google Analytics"",""PHP"",""Twitter Emoji (Twemoji)"",""WordPress"",""YouTube"",""ZURB Foundation"",""jQuery"",""jQuery Migrate""]",38309276,catchall,10/8/2021,af7ea9ce3266c85a35fdf126b349e61e,N/A,N/A,85%,Fuel Oil Dealers,https://facebook.com/iowa.renewable.fuels,N/A,https://twitter.com/iowafuel,N/A,https://youtube.com/user/iowarenewablefuels
Audrey Kauffman,Audrey,Kauffman,Chief Information Officer,audrey.kauffman@alphafund.org,Beta Healthcare Group,alphafund.org,+19258386070,N/A,Rancho Cordova,CA,N/A,30,21000000,6411,"[""Google Analytics"",""Nginx"",""WP Engine"",""WooCommerce"",""WordPress"",""Yoast SEO"",""jQuery"",""jQuery Migrate""]",42216646,catchall,5/15/2024,d5f8863ffae2d37da2f5fb64f5e093f9,N/A,N/A,85%,Insurance Agents: Brokers: and Service,https://facebook.com/betahealthcaregroup,https://linkedin.com/company/beta-healthcare-group,N/A,N/A,N/A
Amanda Wilson,Amanda,Wilson,"Vp, Accounting",awilson@borror.com,Borror,borror.com,+17406227664,"377 Clow Lane Coshocton, OH 43812",Dublin,OH,"=""43812""",75,25000000,65,"[""Facebook"",""Flywheel"",""Google Maps"",""WordPress"",""jQuery"",""jQuery Migrate"",""reCAPTCHA""]",37880903,catchall,1/10/2022,c787bf33d130e5d01d10f1fc0ddb5b5a,N/A,N/A,85%,Real Estate,https://facebook.com/borrorproperties,https://linkedin.com/company/borror-properties,https://twitter.com/borrorbuzz,https://instagram.com/borrorurbanliving,N/A
Barbara Clancy,Barbara,Clancy,"Executive Vice President, Head",barbara@clancy-clancy.com,An Application Clancy & Clancy Brokerage,clancy-clancy.com,+15167462032,"114 Seventh Street, Garden City, NY 11530, US",Garden City,NY,N/A,5,1000000,6411,"[""Google Analytics"",""Immutable.js"",""Lodash"",""Polyfill"",""React""]",38727361,catchall,9/21/2023,49e8c7c240f549164ec8ba63b5922a47,N/A,N/A,85%,Insurance Agents: Brokers: and Service,https://facebook.com/clancyandclancy,N/A,https://twitter.com/mauraclancy4,https://instagram.com/clancy.clancy,N/A
Barbara Fenton,Barbara,Fenton,Assistant Vice President Commercial Placement,barbara.fenton@trustifs.com,Trustifs.comcall,trustifs.com,+13022395722,"Suite 400 Wilmington, DE 19803Suite 400, Wilmington, DE 19803",Wilmington,DE,"=""19803""",5,1000000,6411,"[""Flywheel"",""Google Font API"",""Google Maps"",""Gravity Forms"",""Modernizr"",""WordPress"",""jQuery"",""jQuery Migrate""]",40852468,catchall,11/17/2021,67a4ef1c393249268feb51d89c251a27,N/A,N/A,85%,Insurance Agents: Brokers: and Service,https://facebook.com/trustifs/,https://linkedin.com/company/trustifs/about,N/A,N/A,N/A
Barry Horn,Barry,Horn,"Executive Vice President, National Production Manager, Partner",barry@edlowther.com,Guild Mortgage,edlowther.com,+18002838823,Company is an Equal Opportunity Employer. Guild,Osage Beach,MO,N/A,N/A,0,65,"[""Bootstrap"",""Fingerprintjs"",""Font Awesome"",""Google Font API"",""Google Tag Manager"",""HubSpot"",""Nginx"",""Pardot"",""Select2"",""Ubuntu"",""WordPress"",""Yoast SEO"",""jQuery"",""jQuery Migrate"",""jQuery Mobile"",""jQuery UI""]",41807803,catchall,7/30/2024,8b26e201587327f0a2b25e3932f74227,N/A,N/A,85%,Real Estate,https://facebook.com/guildmortgagehome,https://linkedin.com/company/guild-mortgage-company,https://twitter.com/guildmortgageco,https://instagram.com/guildmortgageco,https://youtube.com/user/guildmortgagecompany
Barry Horn,Barry,Horn,"Executive Vice President, National Production Manager, Partner",barry@jenniferjkelly.com,Guild Mortgage,jenniferjkelly.com,+18002838823,Company is an Equal Opportunity Employer. Guild,Lake Oswego,OR,N/A,N/A,0,65,"[""Bootstrap"",""Fingerprintjs"",""Font Awesome"",""Google Font API"",""Google Tag Manager"",""HubSpot"",""Nginx"",""Select2"",""Ubuntu"",""WordPress"",""Yoast SEO"",""jQuery"",""jQuery Migrate"",""jQuery Mobile"",""jQuery UI""]",44009848,catchall,7/30/2024,a16192b33a198b5d3ead3b3cd311d1bc,N/A,N/A,85%,Real Estate,https://facebook.com/guildmortgagehome,https://linkedin.com/company/guild-mortgage-company,https://twitter.com/guildmortgageco,https://instagram.com/guildmortgageco,https://youtube.com/user/guildmortgagecompany
Barry Miles,Barry,Miles,"Senior Vice President, Practice Leader",barry.miles@usi.biz,Usi,usi.biz,+18666570861,"100 Summit Lake Drive, Suite 400, Valhalla, NY 10595",East Greenwich,RI,"=""10595""",3000,6411000000,6411,"[""Bootstrap"",""Font Awesome"",""Google Analytics"",""Microsoft ASP.NET"",""Modernizr"",""jQuery"",""jQuery Migrate""]",43930922,catchall,10/26/2021,c0f7eefa7c583c56fb7a80192510046c,N/A,N/A,85%,Insurance Agents: Brokers: and Service,https://facebook.com/usiins,https://linkedin.com/company/usi-insurance-services,https://twitter.com/usiins,N/A,N/A
Barry Broxterman,Barry,Broxterman,Vice President,bbroxterman@aaaabenefits.com,"Aaaa Benefits, Incis",aaaabenefits.com,+17045946290,"Suite 305 Charlotte, NC 28262-1103",Charlotte,NC,"=""28262-1103""",30,6411000000,6411,"[""Apache"",""Drupal"",""Google Analytics"",""PHP"",""jQuery""]",36236695,catchall,9/14/2021,88fb9ee19c1bee68218d07db5c89b457,N/A,N/A,85%,Insurance Agents: Brokers: and Service,N/A,N/A,N/A,N/A,N/A
Brighton Chamber,Brighton,Chamber,Vice President,bchamber@ewmadvisors.com,Ewm,ewmadvisors.com,+18102296446,"135 W. North Street, Suite 1, Brighton, Michigan 48116135 W. North St. Brighton, MI 48116",Brighton,MI,"=""48116""",5,1000000,6411,"[""Bootstrap"",""Drupal"",""Glyphicons"",""Google Analytics"",""Leaflet"",""Lightbox"",""Nginx"",""YouTube"",""jQuery"",""reCAPTCHA""]",39674496,catchall,9/21/2023,c8da444aa59625794e64b8c63c2928a7,N/A,N/A,85%,Insurance Agents: Brokers: and Service,N/A,N/A,N/A,N/A,N/A
Brian Courtney,Brian,Courtney,Vice President,bcourtney@insurance-mitchell.com,Insurance,insurance-mitchell.com,+17406876258,N/A,Plain City,OH,N/A,5,1000000,6411,"[""Font Awesome"",""Google Font API"",""Gravity Forms"",""Lightbox"",""Nginx"",""Vue.js"",""WP Engine"",""WordPress"",""Yoast SEO"",""jQuery"",""jQuery Migrate""]",42621025,catchall,9/21/2023,f9f0a463aae90cbad3242296d46876ff,N/A,N/A,85%,Insurance Agents: Brokers: and Service,https://facebook.com/mitchellinsurance,https://linkedin.com/company/565674,https://twitter.com/mitchellinsure1,N/A,https://youtube.com/channel/uc02k0qdkmz52db8lgll4g-w/featured%20
Becky Carr Vice,Becky,Vice,"Vice President, Operations",becky@covenantclosing.com,Covenant Closing,covenantclosing.com,+13869864623,N/A,New York,NY,N/A,5,1638653,65,"[""DNN"",""Font Awesome"",""Google Font API"",""Microsoft ASP.NET"",""Plesk"",""jQuery"",""jQuery UI""]",38555235,catchall,3/28/2022,81093ab7af0ca9c7ca6d02ca871dcb95,N/A,N/A,85%,Real Estate,N/A,N/A,N/A,N/A,N/A
Becky Nilsen,Becky,Nilsen,"Vice President, Refinance Escrow Operations",becky@tsiappraisal.com,Amrock Alabama,tsiappraisal.com,+18554558801,N/A,Detroit,MI,N/A,75,9500213,65,"[""Bootstrap"",""CloudFlare"",""Facebook"",""Google Analytics"",""Google Tag Manager"",""HubSpot"",""Java"",""Marketo"",""Matomo"",""New Relic"",""Nginx"",""Pantheon"",""Slick"",""Twitter Emoji (Twemoji)"",""Varnish"",""WordPress"",""jQuery"",""jQuery Migrate""]",38837947,catchall,3/28/2022,bc9bc53ef519ec81820dc88090457576,N/A,N/A,85%,Real Estate,https://facebook.com/amrocksocial,https://linkedin.com/company/amrock,https://twitter.com/amrock,https://instagram.com/amrocksocial,N/A
Ben Seitz Vice,Ben,Vice,Vice President of Marketing,ben@retireinpa.com,Triumph Senior Solutions,retireinpa.com,+17174318131,"40 S Charlotte St Manheim, Pennsylvania 17545",Manheim,PA,"=""17545""",5,1638653,64,"[""Apache"",""PHP"",""jQuery""]",39090924,catchall,8/18/2023,b13d64483219dd7ea561a81cd9d6da0a,N/A,N/A,85%,Insurance Agents: Brokers: and Service,https://facebook.com/triumphretirement,N/A,N/A,N/A,https://youtube.com/user/triumphretirement
Bernard Smykowski,Bernard,Smykowski,Chief Information Officer (cio),bernard.smykowski@rfmh.org,Research Fod For Mtal Hy,rfmh.org,N/A,N/A,Orangeburg,NY,N/A,350,0,91,"[""Apache"",""Bootstrap"",""Drupal"",""Font Awesome"",""Google Analytics"",""PHP"",""jQuery"",""jQuery Migrate""]",36419534,catchall,7/12/2021,5c1f1653f54cdcdda553527027723258,N/A,N/A,85%,Executive: Legislative: and General Government: except Finance,N/A,N/A,N/A,N/A,N/A
Beth Fields,Beth,Fields,"Vice President, Sales",beth@newmelproperties.com,Newmel Properties,newmelproperties.com,+17047927426,N/A,Cornelius,NC,N/A,5,1638653,65,"[""Font Awesome"",""Google Analytics"",""Google Font API"",""Modernizr"",""Sucuri"",""Twitter Emoji (Twemoji)"",""WordPress"",""Yoast SEO"",""jQuery"",""jQuery Migrate""]",42990095,catchall,8/18/2023,bec082fe7d87d5d746a11dfbb33504fe,N/A,N/A,85%,Real Estate,https://facebook.com/784727411593528,N/A,https://twitter.com/newmelre,https://instagram.com/newmelproperties,https://youtube.com/channel/ucv5q0wycy6hr7_2tbuu6dyg
Beth Shaddock Cesare,Beth,Cesare,Vice President,beth@ShaddockHomes.com,Shaddock,ShaddockHomes.com,+19725267700,"St. Paul, Texas",Plano,TX,N/A,30,5700128,65,"[""AngularJS"",""Apache"",""Bootstrap"",""CentOS"",""Google Analytics"",""Lightbox"",""PHP"",""Typekit"",""jQuery"",""jQuery UI""]",44417946,catchall,7/30/2024,60537bd3f3a3825cefb5d6ce0d002663,N/A,N/A,85%,Real Estate,https://facebook.com/shaddockhomes,N/A,https://twitter.com/shaddockhomestx,https://instagram.com/shaddockhomestx,N/A
Ben Gagliano,Ben,Gagliano,Partner and Vice-president,bgagliano@tpsgroup.com,R J Michalski,tpsgroup.com,+17168399405,"468 Great Road Acton, MA, 01720",Old Saybrook,CT,"=""01720""",5,4000000,6411,"[""Bootstrap"",""CloudFlare"",""Facebook"",""Google Analytics"",""Google Font API"",""PHP"",""Ubuntu"",""Varnish"",""jQuery"",""reCAPTCHA""]",39143437,catchall,9/21/2023,fd11dbcbdb5521ed2be6b716447df270,N/A,N/A,85%,Insurance Agents: Brokers: and Service,https://facebook.com/tps-group-inc-105609946176226,https://linkedin.com/company/tps-group-inc-,https://twitter.com/tpsgroupinc,N/A,https://youtube.com/channel/uc2lfrxmftn0j5ozdkbni1lw/videos
Bill Nystrom,Bill,Nystrom,Vice President,bill@atlasinsurancerochester.com,Atlas Insurance Brokers,atlasinsurancerochester.com,+18003752075,"5721 Bandel Rd NW  Rochester, MN 559015721 Bandel Rd NWRochester, MN 55901",Rochester,MN,"=""55901""",5,1000000,6411,"[""Font Awesome"",""Google Analytics"",""Google Font API"",""Google Maps"",""Google Tag Manager"",""Nginx"",""Tawk.to"",""WordPress"",""Yoast SEO"",""animate.css"",""jQuery"",""jQuery Migrate""]",46397535,catchall,9/21/2023,354a5c573680ad81f516e73f834be19b,N/A,N/A,85%,Insurance Agents: Brokers: and Service,https://facebook.com/atlasrochester,https://linkedin.com/company/atlas-insurance-brokers-llc,https://twitter.com/atlasins,https://instagram.com/atlasins,https://youtube.com/channel/uc4rgtmxnldzq0ev1ajd33cw
Bill Beckham,Bill,Beckham,President Executive Vice President,bill@jmprivateinsurance.com,Insurance Programs,jmprivateinsurance.com,+13059076168,"7274 SW 48th Street Miami, FL 33155",Miami,FL,"=""33155""",5,2000000,6411,"[""All in One SEO Pack"",""Apache"",""Bootstrap"",""CloudFlare"",""Font Awesome"",""Google Analytics"",""Google Font API"",""Ionicons"",""Modernizr"",""OWL Carousel"",""PHP"",""Twitter Emoji (Twemoji)"",""WordPress"",""animate.css"",""jQuery"",""jQuery Migrate"",""jQuery UI""]",46175719,catchall,9/21/2023,2dda890d5cf07befd35bfc92a7494047,N/A,N/A,85%,Insurance Agents: Brokers: and Service,https://facebook.com/jmprivateinsurance,https://linkedin.com/company/6673319,https://twitter.com/jmprivateins,N/A,N/A
Bill Bispeck,Bill,Bispeck,Vice President Operations,bill@successadvisorygroup.com,Success Advisory Group,successadvisorygroup.com,+12812820746,N/A,Houston,TX,N/A,N/A,0,28,"[""OpenResty""]",42762461,catchall,1/24/2024,62918e0f1b6591de10c98168d0184796,N/A,N/A,85%,Chemicals and Allied Products,N/A,N/A,N/A,N/A,N/A
Bill Walsh,Bill,Walsh,Vice President,bill.walsh@catlinusa.com,Catlinusa,catlinusa.com,+12526232083,"220 Old Dairy Road Wilmington, NC 28405",Wilmington,NC,"=""28405""",3000,6411000000,6411,"[""Apache"",""Google Analytics"",""Google Font API"",""Twitter Emoji (Twemoji)"",""WordPress"",""jQuery"",""jQuery Migrate""]",45348291,catchall,10/26/2021,d4f379e5aaa6369feb730a54bc76fbde,N/A,N/A,85%,Insurance Agents: Brokers: and Service,https://facebook.com/206280752728687,https://linkedin.com/company/catlin-engineers-&-scientists,N/A,N/A,N/A
Bobby Ireland,Bobby,Ireland,Senior Vice President of Human Resources,b.ireland@thermacore.com,Boyd Corporation One,thermacore.com,+18702340286,"780 Eden Rd. Lancaster, PA 17601",Lancaster,PA,"=""17601""",300,427000000,3999,"[""Bootstrap"",""CloudFlare"",""Font Awesome"",""Google Analytics"",""Google Tag Manager"",""Joomla"",""Pardot"",""UIKit"",""animate.css"",""jQuery""]",43480566,catchall,1/24/2024,f33d2183a80aa6120f6bcd0b54d55f6c,N/A,N/A,85%,Manufacturing Industries: Not Elsewhere Classified,https://facebook.com/boyd-corporation-745405212139622,https://linkedin.com/company/boydcorporation,https://twitter.com/boydcorporation,N/A,https://youtube.com/channel/ucqxgu5b6bmeyhfeosisxamq
Blaine Nickeson,Blaine,Nickeson,Associate Vice President For,blaine@airlinereporter.com,Airlinereporter,airlinereporter.com,+18556353039,N/A,Seattle,WA,N/A,5,1638653,45,"[""CloudFlare"",""Google AdSense"",""Modernizr"",""WordPress"",""ZURB Foundation"",""jQuery"",""jQuery Migrate""]",38183352,catchall,11/17/2021,c2b97cd66f145eb46f93291a6dd101a9,N/A,N/A,85%,Transportation By Air,https://facebook.com/pages/airlinereportercom/454066255603,https://linkedin.com/in/john-jamieson-03b680a9,https://twitter.com/airlinereporter,https://instagram.com/airlinereporter,https://youtube.com/user/airlinereporter
Brad Levine,Brad,Levine,Vice President of Sales,blevine@provinsure.com,Provinsure,provinsure.com,+14073700931,"9700 International Drive Orlando, FL 32819-8114",Orlando,FL,"=""32819-8114""",125,6411000000,6411,"[""All in One SEO Pack"",""Apache"",""FancyBox"",""Font Awesome"",""Google Font API"",""Gravity Forms"",""PHP"",""WordPress"",""YouTube"",""jQuery"",""jQuery Migrate""]",42090821,catchall,8/18/2023,0049c3c1e8a93b588d3754f48fc3b8f3,N/A,N/A,85%,Insurance Agents: Brokers: and Service,https://facebook.com/provinsure,https://linkedin.com/company/provinsure,N/A,N/A,N/A
Bobby Gillon,Bobby,Gillon,Title: Vice President,bobbygillon@signatureg.com,Nai Signature Group,signatureg.com,+12036551818,N/A,Darien,CT,N/A,5,1638653,65,"[""DNN"",""Google Analytics"",""Google Font API"",""IIS"",""Microsoft ASP.NET"",""jQuery"",""jQuery Migrate"",""jQuery UI""]",43998985,catchall,5/4/2022,1ffae465d98a069fa5d9d1ce9d6e9e5d,N/A,N/A,85%,Real Estate,https://facebook.com/pages/signature-group/595010017190481,https://linkedin.com/company/3093910,https://twitter.com/signaturegllc,N/A,N/A
Bob Rosenberger,Bob,Rosenberger,"Executive Vice President, Operations",bob@cloudhq.com,Cloudhq Sign Up For,cloudhq.com,+12038805201,"Suite 1000 Washington, DC 20005",unknown city,unknown state,"=""20005""",5,7000000,65,"[""Apache"",""Google Analytics"",""Google Tag Manager"",""Modernizr"",""PHP"",""Slick"",""Typekit"",""WordPress"",""jQuery""]",37176375,catchall,3/28/2022,e1d065dca03301e1b8d23fd0526f445e,N/A,N/A,85%,Real Estate,N/A,https://linkedin.com/company/cloudhq-llc,N/A,N/A,N/A
Bob Crompton,Bob,Crompton,Vice President,bob.crompton@arcga.com,Actuarial Resources Corporation Of Georgia,arcga.com,+17277263918,"Suite 901 Alpharetta, GA 30005: 4080 McGinnis Ferry Rd, Suite 901, Alpharetta, GA 30005",Alpharetta,GA,"=""30005""",5,2000000,6411,"[""Apache"",""Bootstrap"",""Google Font API"",""jQuery""]",40779115,catchall,11/17/2021,11cdcbb07719700385b5e91a5c120428,N/A,N/A,85%,Insurance Agents: Brokers: and Service,N/A,N/A,N/A,N/A,N/A
Bob Negrey,Bob,Negrey,VP Information Technology,bobn@cgia.com,Carnegie General Insurance Agy,cgia.com,+18002332442,N/A,Camarillo,CA,N/A,125,16394400,6411,"[""Font Awesome"",""Google Font API"",""Microsoft ASP.NET"",""jQuery""]",41151323,catchall,5/15/2024,63915b3c3e94dd3a628ceed7de73de37,N/A,N/A,85%,Insurance Agents: Brokers: and Service,N/A,N/A,N/A,N/A,N/A
Pamela Brunges,Pamela,Brunges,Senior Vice President,bpamela@eiipro.com,Eiipro.compay,eiipro.com,+13026909839,"Suite A King of Prussia, PA 19406",Exton,PA,"=""19406""",30,5700128,64,"[""Apache"",""CloudFlare"",""Google Analytics"",""Google Font API"",""Google Tag Manager"",""W3 Total Cache"",""WordPress"",""Yoast SEO"",""jQuery"",""jQuery UI""]",37583833,catchall,11/16/2021,3e8d9ed3b3877537d831a24e1b9ef505,N/A,N/A,85%,Insurance Agents: Brokers: and Service,https://facebook.com/elitemga,https://linkedin.com/in/ben-garrison-7996443,https://twitter.com/eliteinspect,N/A,N/A
Brad Jarvis Vice,Brad,Vice,"Vice President and Managing Director, Iam Solutions",brad.jarvis-vice@crossmatch.com,Hid Global,crossmatch.com,+18006706892,"611 Center Ridge Drive Austin, TX 78753",Palm Beach Gardens,FL,"=""78753""",300,1877000000,3999,"[""CloudFlare"",""Drupal"",""Google Tag Manager"",""Lightbox"",""Marketo"",""Modernizr"",""New Relic"",""Pantheon"",""Sentry"",""Varnish"",""ZURB Foundation"",""jQuery"",""jQuery UI""]",42274901,catchall,1/24/2024,280fe9fc27d58662492a24906660ba4d,N/A,N/A,85%,Manufacturing Industries: Not Elsewhere Classified,N/A,N/A,https://twitter.com/hidglobal,N/A,N/A
Brad Boatner,Brad,Boatner,"Vice President of Sales, Restaurants",brad@legacyproperty.com,Legacy Ventures,legacyproperty.com,+14042229090,"300 Marietta Street, Suite 304 Atlanta, GA 30313",Atlanta,GA,"=""30313""",30,2000000,65,"[""Bootstrap"",""CloudFlare"",""Font Awesome"",""Google Analytics"",""Google Font API"",""Google Tag Manager"",""Lightbox"",""Modernizr"",""WordPress"",""Yoast SEO"",""animate.css"",""jQuery"",""jQuery Migrate""]",41314406,catchall,8/18/2023,9cd5db22f0dbe77e0a2c91ebac29fe7c,N/A,N/A,85%,Real Estate,N/A,https://linkedin.com/company/legacy-ventures-hospitality,N/A,N/A,N/A
Brad Mcmillan,Brad,Mcmillan,Senior Vice President and Chief Investment Officer,brad@merrillfinancialassociates.com,Merrill Financial,merrillfinancialassociates.com,+18882018119,N/A,Provo,UT,N/A,5,1638653,6411,"[""AddThis"",""Bootstrap"",""CloudFlare"",""Font Awesome"",""Google Tag Manager"",""Microsoft ASP.NET"",""Modernizr"",""jQuery"",""scrollreveal""]",41910525,catchall,9/21/2023,332f5eaab2ae1acfea1d7f48c718433e,N/A,N/A,85%,Insurance Agents: Brokers: and Service,N/A,https://linkedin.com/company/merrill-financial-associates,https://twitter.com/merrill_finance,N/A,https://youtube.com/user/commonwealthadv
Brad Hyde,Brad,Hyde,"Vice President, Advanced Sales",brad@ppi-ins.com,Ppi-ins,ppi-ins.com,+18002435433,N/A,Studio City,CA,N/A,N/A,0,64,"[""Google Analytics"",""LiteSpeed"",""PHP"",""WordPress"",""jQuery"",""jQuery Migrate""]",43953453,catchall,8/18/2023,2da1d6f10d8d78b44db16d836bc48fe6,N/A,N/A,85%,Insurance Agents: Brokers: and Service,https://facebook.com/progressiveplanninginc,https://linkedin.com/company/2528201,N/A,N/A,N/A
Brad Storey,Brad,Storey,Vice President Risk Management,brad.storey@siegelagency.com,Siegel Agency,siegelagency.com,+18457963400,"PO Box 309 Rock Hill, NY 12775",Rock Hill,NY,"=""12775""",75,21000000,6411,"[""Apache"",""Google Analytics"",""Google Font API"",""Gravatar"",""Revslider"",""WordPress"",""Yoast SEO"",""jQuery"",""jQuery Migrate""]",38214151,catchall,11/17/2021,6733769cd1ff040269c25bbd5b374b83,N/A,N/A,85%,Insurance Agents: Brokers: and Service,https://facebook.com/irwinsiegelagency,https://linkedin.com/company/239111,https://twitter.com/siegelagency,https://instagram.com/irwinsiegelagency,N/A
Brant Tunney,Brant,Tunney,– Director of Project Operations,brant.tunney@mdsaero.com,Mds Aero Support,mdsaero.com,+12047786352,N/A,unknown city,unknown state,N/A,300,75000000,45,"[""AddToAny"",""Backbone.js"",""Chart.js"",""Font Awesome"",""Google Font API"",""Marionette.js"",""MediaElement.js"",""Modernizr"",""Nginx"",""OWL Carousel"",""Revslider"",""Twitter Emoji (Twemoji)"",""Underscore.js"",""WP Engine"",""WordPress"",""Yoast SEO"",""animate.css"",""jQuery"",""jQuery Migrate"",""jQuery UI"",""prettyPhoto"",""reCAPTCHA""]",44266765,catchall,5/3/2021,24add76155c9c95b93c16ac9726e9850,N/A,N/A,85%,Transportation By Air,N/A,https://linkedin.com/company/64431,https://twitter.com/rollsroyce,https://instagram.com/mds_global,N/A
Brent Waldron,Brent,Waldron,VP of Finance,brent@veracityinsurance.com,Veracity Insurance Solutions,veracityinsurance.com,+18663951308,"Mail: 260 South 2500 West, Suite 303 Pleasant Grove, UT 84062",unknown city,unknown state,"=""84062""",30,6411000000,6411,"[""Amazon Cloudfront"",""Bootstrap"",""CloudFlare"",""Crazy Egg"",""Facebook"",""Google Analytics"",""Google Font API"",""Hotjar"",""LiveChat"",""Sentry"",""Typekit"",""jQuery"",""webpack""]",36894261,catchall,9/14/2023,e14c769205d903145e6fe2b1f9a00c17,N/A,N/A,85%,Insurance Agents: Brokers: and Service,https://facebook.com/veracityinsurance,https://linkedin.com/company/veracity-insurance-solutions-llc,N/A,N/A,https://youtube.com/user/veracityvideo
Brian Mercier,Brian,Mercier,Vice President,brian@americancarolina.com,Carolina Insurance Solutions,americancarolina.com,+18662697134,"4918 N. Graham St Charlotte, NC 28269",Charlotte,NC,"=""28269""",5,1000000,6411,"[""Bootstrap"",""Font Awesome"",""Kestrel"",""Microsoft ASP.NET"",""jQuery""]",41999694,catchall,11/17/2021,4fd0d0f25cfff0cb17be67323b1e1693,N/A,N/A,85%,Insurance Agents: Brokers: and Service,https://facebook.com/american-carolina-insurance-1733696300275818,https://linkedin.com/company/carolina-insurance-solutions,https://twitter.com/americancaroins,N/A,N/A
Brian Daniels Vice,Brian,Vice,Vice President R&ampd At Atotech Group,brian.daniels-vice@atotech.com,Atotech,atotech.com,+18038173602,Jingguo Rd. Taoyuan City 33050,Charlotte,NC,"=""33050""",3000,432000000,28,"[""Apache"",""Bootstrap"",""CentOS"",""Font Awesome"",""Google Analytics"",""Google Font API"",""Google Maps"",""MediaElement.js"",""OWL Carousel"",""OpenSSL"",""PHP"",""WordPress"",""animate.css"",""jQuery"",""jQuery Migrate"",""jQuery UI"",""reCAPTCHA""]",38290519,catchall,1/24/2024,f9cb5e921ee1eb1c4340097a4e064106,N/A,N/A,85%,Chemicals and Allied Products,N/A,N/A,N/A,N/A,N/A
Brian Egan,Brian,Egan,Vice President Operations,brian@dominionrealtypartnersllc.com,Llc Andy,dominionrealtypartnersllc.com,+17047680847,"2626 Glenwood Avenue STE 195 Raleigh, NC 27608",Raleigh,NC,"=""27608""",N/A,0,65,"[""Apache"",""OWL Carousel"",""Twitter Emoji (Twemoji)"",""WordPress"",""Yoast SEO"",""jQuery"",""jQuery Migrate"",""jQuery UI""]",37607699,catchall,3/28/2022,eda0d926d91692c69f062332c01bb0d9,N/A,N/A,85%,Real Estate,N/A,N/A,N/A,N/A,N/A
Brian Gibson,Brian,Gibson,VP of Accounting,briangibson@bedrockdetroit.com,Bedrock Detroit,bedrockdetroit.com,+13133736567,"630 Woodward Ave Detroit, MI 48226",Detroit,MI,"=""48226""",300,70000000,65,"[""AddToAny"",""Bootstrap"",""CloudFlare"",""Facebook"",""Font Awesome"",""Google Analytics"",""Lightbox"",""Nginx"",""Slick"",""Twitter Emoji (Twemoji)"",""Underscore.js"",""WP Engine"",""WordPress"",""jQuery"",""jQuery Migrate""]",45543705,catchall,6/6/2023,1b9338169962772027acb6aa156bad68,N/A,N/A,85%,Real Estate,https://facebook.com/bedrockdetroit,https://linkedin.com/company/bedrock-real-estate-services,https://twitter.com/bedrockdetroit,https://instagram.com/bedrockdetroit,N/A
Brian R Bent,Brian,Bent,VP &amp; Director of Underwriting,brian@sfminsurance.com,Sfm,sfminsurance.com,+18003752075,"P.O. Box 930 Wilmington, OH 45177",Wilmington,OH,"=""45177""",30,7000000,6411,"[""Flywheel"",""Google Analytics"",""Google Font API"",""Modernizr"",""Revslider"",""Twitter Emoji (Twemoji)"",""WordPress"",""Yoast SEO"",""jQuery"",""jQuery Migrate""]",41890733,catchall,11/17/2021,803f44c0e3d0a3d07cd913c378490803,N/A,N/A,85%,Insurance Agents: Brokers: and Service,https://facebook.com/sfminsuranceinc,https://linkedin.com/company/sfminsurance,https://twitter.com/sfminsurance,N/A,N/A
Brian Simper,Brian,Simper,VP Finance,briansimper@londonbay.com,London Bay,londonbay.com,+12395921400,"Suite 1300 Naples, FL 34109",Naples,FL,"=""34109""",300,10000000,65,"[""CloudFlare"",""Facebook"",""FancyBox"",""Google Analytics"",""HubSpot"",""Matomo"",""React"",""Slick"",""animate.css"",""jQuery""]",40078560,catchall,1/10/2022,4309be89f9ed199d7504e77be076c73a,N/A,N/A,85%,Real Estate,https://facebook.com/londonbayhomes,N/A,https://twitter.com/londonbayhomes,N/A,https://youtube.com/user/londonbayhomesfl
Brian Snyder,Brian,Snyder,VP of Finance,brian.snyder@bonaventure.com,Bonaventure,bonaventure.com,+17035674590,"Suite 500 Arlington, VA 22206",Arlington,VA,"=""22206""",125,17500000,65,"[""Apache"",""Bootstrap"",""Chart.js"",""Modernizr"",""WordPress"",""jQuery"",""jQuery Migrate""]",36940550,catchall,1/10/2022,b6bebcbcfed5ad9020cd22cfd4cf6b87,N/A,N/A,85%,Real Estate,N/A,N/A,N/A,N/A,N/A
Brian Timm,Brian,Timm,Insurance Agent and Vice President of,briant@timmco.com,Timmco,timmco.com,+15032478111,"12700 NW Cornell Rd Portland, Oregon 97229",Portland,OR,"=""97229""",5,1000000,6411,"[""Bootstrap"",""Google Analytics"",""Google Font API"",""Google Tag Manager"",""Gravity Forms"",""Modernizr"",""Nginx"",""Twitter Emoji (Twemoji)"",""WordPress"",""Yoast SEO"",""animate.css"",""jQuery"",""jQuery Migrate""]",40049140,catchall,9/21/2023,04f91f9107416dcef93785dc88eb04b0,N/A,N/A,85%,Insurance Agents: Brokers: and Service,https://facebook.com/timmco-insurance-170231179657911,https://linkedin.com/company/timmco-insurance/about,https://twitter.com/timmcoinsurance,https://instagram.com/timmcoinsurance/,N/A
Bridget Gielis,Bridget,Gielis,Vice President Sales and Marketing,bridget.gielis@qualcareinc.com,Qualcare,qualcareinc.com,+18009926613,N/A,San Diego,CA,N/A,5,34705620,6411,[],38455670,catchall,8/18/2023,c78599728f258db55ef1c72499d02f8b,N/A,N/A,85%,Insurance Agents: Brokers: and Service,N/A,https://linkedin.com/company/qualcare-inc./products,N/A,N/A,N/A
Brendan Riley,Brendan,Riley,Vice President of Marketing,briley@byredwood.com,Redwood Living,byredwood.com,+12162644402,"7510 Pleasant Valley Rd. Independence, OH 44131",Independence,MO,"=""44131""",300,29400000,65,"[""Lodash"",""Polyfill"",""React"",""RequireJS"",""Wix"",""Zepto""]",38365382,catchall,8/18/2023,ea763df962d2ed6f72d11e0a61f7ef40,N/A,N/A,85%,Real Estate,https://facebook.com/byredwood,https://linkedin.com/company/redwood-communities-group,https://twitter.com/byredwood,https://instagram.com/byredwood,N/A
Bruce Bodine,Bruce,Bodine,Sr. Vice President - Phosphates -,bruce.bodine@mosaicco.com,Mosaic,imcglobal.com,+18137754200,"101 East Kennedy Blvd. Suite 2500 Tampa, FL 33602",Plymouth,MN,"=""33602""",7500,2126008810,28,"[""Google Analytics"",""SyntaxHighlighter"",""XRegExp"",""YouTube"",""jQuery"",""jQuery Mobile"",""jQuery UI""]",42319516,catchall,1/24/2024,a523548a17ebf110fe967a8d9ced0973,N/A,N/A,85%,Chemicals and Allied Products,https://facebook.com/pages/the-mosaic-company/62669876461,https://linkedin.com/company/mosaiccompany,https://twitter.com/mosaiccompany,N/A,https://youtube.com/user/mosaiccompany
Bruce Myers,Bruce,Myers,VP / CFO,bruce.myers@diversey.com,Diversey,diversey.com,+18006687171,N/A,Charlotte,NC,N/A,7500,2000000000,28,"[""Amazon Cloudfront"",""CloudFlare"",""Drupal"",""Font Awesome"",""HubSpot"",""Nginx""]",43179160,catchall,7/28/2023,b9bad7ae2455f5ae10a97f232e61385c,N/A,N/A,85%,Chemicals and Allied Products,https://facebook.com/diversey,N/A,https://twitter.com/diversey,N/A,https://youtube.com/user/diverseycomms
Bryan Delaney,Bryan,Delaney,"Vice President, Operations",bryan.delaney@siegelagency.com,Siegel Agency,siegelagency.com,+18457963400,"PO Box 309 Rock Hill, NY 12775",Rock Hill,NY,"=""12775""",75,21000000,6411,"[""Apache"",""Google Analytics"",""Google Font API"",""Gravatar"",""Revslider"",""WordPress"",""Yoast SEO"",""jQuery"",""jQuery Migrate""]",38214152,catchall,11/16/2021,8ac43b0b18686bd78c3c1b5f814cfc20,N/A,N/A,85%,Insurance Agents: Brokers: and Service,https://facebook.com/irwinsiegelagency,https://linkedin.com/company/239111,https://twitter.com/siegelagency,https://instagram.com/irwinsiegelagency,N/A
Bryce Haws,Bryce,Haws,VP of Sales,bryce@csshoa.com,Community Solutions & Sales,csshoa.com,+18012301043,N/A,Tooele,UT,N/A,30,5700128,65,"[""Google Analytics"",""Microsoft Word"",""jQuery"",""jQuery UI""]",41824979,catchall,8/18/2023,d92322b2d7e485a3f18be870d5e0bfe9,N/A,N/A,85%,Real Estate,https://facebook.com/cssutah,N/A,N/A,N/A,N/A
Brian Satre,Brian,Satre,"Vice President, Marketing",bsatre@blistex.com,Blistex,blistex.com,+16305712870,N/A,Oak Brook,IL,N/A,750,6411000000,6411,"[""All in One SEO Pack"",""Apache"",""Font Awesome"",""Google Analytics"",""Google Font API"",""Lightbox"",""PHP"",""TweenMax"",""Twitter Emoji (Twemoji)"",""WordPress"",""jQuery"",""jQuery Migrate"",""reCAPTCHA""]",39692046,catchall,8/18/2023,77375aa8acada2ac43731723951aba10,N/A,N/A,85%,Insurance Agents: Brokers: and Service,N/A,N/A,N/A,N/A,N/A
Brian Thompson,Brian,Thompson,Vp-hr,bthompson@mpsac.com,Mitsubishi Polycrystalline Silicon America,mpsac.com,+12514436440,"7800 Mitsubishi Lane Theodore, AL 36582",Theodore,AL,"=""36582""",125,44359200,28,[],45727130,catchall,1/24/2024,458a46f64bf39065bac5ece15628eb02,N/A,N/A,85%,Chemicals and Allied Products,N/A,N/A,N/A,N/A,N/A
Brown Vice,Brown,Vice,Vice President – General Manager,bvice@chemstation.com,Chemstation,chemstation.com,+14192296459,"101 NE 24th Street, Oklahoma City OK 73105",Oklahoma City,OK,"=""73105""",300,70000000,28,"[""FancyBox"",""Google Maps"",""Modernizr"",""Nginx"",""Slick"",""Twitter Emoji (Twemoji)"",""Ubuntu"",""WordPress"",""jQuery""]",43535310,catchall,9/6/2024,b0ffb3b22d24ef56fab68e47d6502d21,N/A,N/A,85%,Chemicals and Allied Products,https://facebook.com/chemstationhq,https://linkedin.com/company/chemstation,https://twitter.com/chemstationhq,https://instagram.com/chemstationhq,N/A
Brad Ward,Brad,Ward,Vice President and Chief Operator,bward@bpipackaging.net,Packaging,bpipackaging.net,+19015658260,"4050 New Getwell Road Memphis, TN 381183976 New Getwell Road Memphis, TN 38118",Memphis,TN,"=""38118""",125,3999000000,3999,"[""All in One SEO Pack"",""Gentoo"",""Google Analytics"",""Google Font API"",""OWL Carousel"",""OpenResty"",""PHP"",""Twitter Emoji (Twemoji)"",""WordPress"",""jQuery"",""jQuery Migrate"",""jQuery UI""]",37499461,catchall,1/24/2024,da88ec7c8711e6075a9c209fc2f51673,N/A,N/A,85%,Manufacturing Industries: Not Elsewhere Classified,https://facebook.com/bpipackaging,https://linkedin.com/company/bpi-packaging-llc,N/A,N/A,N/A
Byron Holmes,Byron,Holmes,Vice President,byron@porterinc.com,Porter,porterinc.com,+18045211442,8006 W. Broad Street 16633 Jefferson Davis Highway,Reno,NV,N/A,5,1299800,65,"[""Apache"",""Font Awesome"",""Google Analytics"",""Google Maps"",""MailChimp"",""Modernizr"",""WordPress"",""Yoast SEO"",""jQuery"",""jQuery Migrate""]",36892080,catchall,9/29/2023,381bdd9850a6148ef51ef520982e01ef,N/A,N/A,85%,Real Estate,N/A,https://linkedin.com/company/porter-realty-company-inc.,N/A,N/A,https://youtube.com/channel/ucth8peng-vybwsky-qptbja
Cam Reeves,Cam,Reeves,Vice President of Operations,cambeckyreeves@hankinapartments.com,Hankin Apartments,hankinapartments.com,+14848738110,"Lancaster Avenue Exton, PA 19341",Exton,PA,"=""19341""",5,7000000,65,[],42187114,catchall,3/28/2022,61534ab5d8906dd02d7d77f8587fc328,N/A,N/A,85%,Real Estate,https://facebook.com/paaeast/,N/A,N/A,N/A,N/A
Cande Olsen,Cande,Olsen,Vice President,cande.olsen@arcga.com,Actuarial Resources Corporation Of Georgia,arcga.com,+17277263918,"Suite 901 Alpharetta, GA 30005: 4080 McGinnis Ferry Rd, Suite 901, Alpharetta, GA 30005",Alpharetta,GA,"=""30005""",5,2000000,6411,"[""Apache"",""Bootstrap"",""Google Font API"",""jQuery""]",40779112,catchall,11/17/2021,2004735018361920ec214670a1cc06d5,N/A,N/A,85%,Insurance Agents: Brokers: and Service,N/A,N/A,N/A,N/A,N/A
Carrie Carolyn Torres,Carrie,Torres,VP Title Production/ Quality ...,carrie@qualitytitlend.com,Quality Title,qualitytitlend.com,+17015957716,"2211 E Main Ave Bismarck ND 585012211 E Main Ave Bismarck, ND 58501",Bismarck,ND,"=""58501""",30,5700128,65,"[""Apache"",""Bootstrap"",""Font Awesome"",""Google Font API"",""PHP"",""Twitter Emoji (Twemoji)"",""WordPress"",""Yoast SEO"",""animate.css"",""jQuery"",""jQuery Migrate"",""jQuery UI""]",37959915,catchall,8/18/2023,a1e5e353b056fe5426ddc70af6286d5b,N/A,N/A,85%,Real Estate,https://facebook.com/qualitytitleinc,N/A,N/A,N/A,N/A
Catherine Thomas,Catherine,Thomas,Vice President Case Management,catherine@harriscrouch.com,Harris Crouch,hclsm.com,+13364461444,"7241 Burlington Road Whitsett, NC 27377",Whitsett,NC,"=""27377""",5,2793000,6411,"[""Apache"",""Bootstrap"",""Google Analytics"",""Google Font API"",""Ubuntu"",""WordPress"",""Yoast SEO"",""jQuery""]",41212154,catchall,11/17/2021,e27d8e9d82638d4b03248fad2f49ca13,N/A,N/A,85%,Insurance Agents: Brokers: and Service,N/A,N/A,N/A,N/A,N/A
Cathy Blocker,Cathy,Blocker,"Executive Vice President, Production Operations, Partner",cathy@edlowther.com,Guild Mortgage,edlowther.com,+18002838823,Company is an Equal Opportunity Employer. Guild,Osage Beach,MO,N/A,N/A,0,65,"[""Bootstrap"",""Fingerprintjs"",""Font Awesome"",""Google Font API"",""Google Tag Manager"",""HubSpot"",""Nginx"",""Pardot"",""Select2"",""Ubuntu"",""WordPress"",""Yoast SEO"",""jQuery"",""jQuery Migrate"",""jQuery Mobile"",""jQuery UI""]",41807805,catchall,8/18/2023,6ef5e26386d09e7d97147c5062689a69,N/A,N/A,85%,Real Estate,https://facebook.com/guildmortgagehome,https://linkedin.com/company/guild-mortgage-company,https://twitter.com/guildmortgageco,https://instagram.com/guildmortgageco,https://youtube.com/user/guildmortgagecompany
Chris Bender,Chris,Bender,"Vice President Benefits, Partner",cbender@wgbender.com,Warren G. Bender,wgbender.com,+19163805346,"516 Gibson Drive Suite 240 Roseville, CA 95678516 Gibson Drive, Suite 240, Roseville, CA 95678",Roseville,CA,"=""95678""",30,7000000,6411,"[""Google Analytics"",""Modernizr"",""PHP"",""Twitter Emoji (Twemoji)"",""WordPress"",""ZURB Foundation"",""Zepto"",""jQuery"",""jQuery Migrate""]",46642435,catchall,9/4/2024,ad8f0e535ff49306984c347890d33f60,N/A,N/A,85%,Insurance Agents: Brokers: and Service,https://facebook.com/pages/warren-g-bender-co/325804603296,https://linkedin.com/company/warren-g.-bender-company,https://twitter.com/wgbco,N/A,N/A
Catherine Bruno,Catherine,Bruno,"Vice President, Human Resources",cbruno@plannedcompanies.com,Planned,plannedcompanies.com,+19737390080,"150 Smith Road Parsippany, NJ 07054150 Smith Rd. Parsippany, NJ 07054",Parsippany,NJ,"=""07054""",3000,600000000,65,"[""Bootstrap"",""Facebook"",""Font Awesome"",""Google Analytics"",""Google Font API"",""Google Tag Manager"",""Handlebars"",""LiteSpeed"",""Modernizr"",""Revslider"",""TrackJs"",""WordPress"",""jQuery"",""jQuery Migrate"",""jQuery Mobile"",""Litespeed Cache""]",40628336,catchall,6/5/2024,5549ff4881a61996ef54989bdeff1666,N/A,N/A,85%,Real Estate,https://facebook.com/plannedcompanies,https://linkedin.com/company/planned-companies,https://twitter.com/plannedteam,N/A,https://youtube.com/user/plannedcompaniesinc
Christine Burke,Christine,Burke,"Vp, Global Sales",cburke@rfcode.com,Rf Code,rfcode.com,+18774630756,"9229 Waterford Centre Suite 500 Austin, TX 78758",Mesa,AZ,"=""78758""",125,6925800,39,"[""CloudFlare"",""Facebook"",""Font Awesome"",""HubSpot"",""animate.css"",""jQuery""]",37661435,catchall,10/7/2024,703e4c53e5565f107e534f4d8537018f,N/A,N/A,85%,Miscellaneous Manufacturing Industries,https://facebook.com/rfcode,https://linkedin.com/company/rfcode,https://twitter.com/rf_code,N/A,N/A
Chassity Burks,Chassity,Burks,"Executive Vice President, Operations",cburks@cleartitleaz.com,Clear Title,cleartitleaz.com,+14802788440,"2901 E. Camelback Rd., Suite 100, Phoenix, AZ 85016",Phoenix,AZ,"=""85016""",125,6800000,65,"[""Google Analytics"",""Google Tag Manager"",""Revslider"",""WordPress"",""YouTube"",""jQuery"",""jQuery Migrate""]",38128695,catchall,10/7/2024,d05188e68dcc3984d7ac422fbfb9b7bc,N/A,N/A,85%,Real Estate,https://facebook.com/cleartitleofarizona,https://linkedin.com/in/mike-winters-32722550,N/A,N/A,https://youtube.com/user/cleartitleaz
Carl Caputo,Carl,Caputo,Vice President,ccaputo@caputoinsurance.com,Caputo,caputoinsurance.com,+17248436586,"6824 Big Beaver Blvd. P.O. Box 350 Beaver Falls, PA 15010",Beaver Meadows,PA,"=""15010""",5,135240,6411,"[""Bootstrap"",""Google Analytics"",""Google Font API"",""Modernizr"",""Nginx"",""Revslider"",""Twitter Emoji (Twemoji)"",""WP Engine"",""WooCommerce"",""WordPress"",""jQuery"",""jQuery Migrate"",""jQuery UI""]",43118465,catchall,9/21/2023,c6eb8bd2d5a8673ad8568bbafe4f2fdc,N/A,N/A,85%,Insurance Agents: Brokers: and Service,N/A,https://linkedin.com/company/caputo-insurance,N/A,N/A,N/A
Christopher Culver,Christopher,Culver,Vice President,cculver@rendina.com,Rendina Development,rendina.com,+15133210010,"Suite 200 Jupiter,FL",Jupiter,FL,N/A,125,25000000,65,"[""Apache"",""Font Awesome"",""Google Analytics"",""PHP"",""WordPress"",""jQuery"",""jQuery Migrate"",""prettyPhoto""]",41999265,catchall,6/21/2023,4d708c983f3e82a446b71d6c3e61f501,N/A,N/A,85%,Real Estate,https://facebook.com/pages/rendina-companies/105983022776890,https://linkedin.com/company/85182,https://twitter.com/rendinahre,https://instagram.com/rendinahre,https://youtube.com/user/rendinaco
Christina A. Dock,Christina,Dock,"Executive Vice President HR Administration & Compliance, Rhu, Rebc, Phr",cdock@burnhambenefitadvisors.com,Burnham Marketplace Benefit,burnhambenefitadvisors.com,+15185238105,"2038 Saranac Avenue, Lake Placid, New York 12946",Lake Placid,NY,"=""12946""",5,1000000,6411,"[""CloudFlare"",""Google Font API"",""Gravity Forms"",""PHP"",""WordPress"",""jQuery"",""jQuery Migrate""]",45554873,catchall,3/1/2024,ee524f8790a1e6d88251fdbfcfe8acdb,N/A,N/A,85%,Insurance Agents: Brokers: and Service,N/A,N/A,N/A,N/A,N/A
Carol Drake,Carol,Drake,VP Corporate Strategy,cdrake@smartchoiceagents.com,Smart Choice,smartchoiceagents.com,+18882643388,"Mailing: 1589 Skeet Club Rd. #102-PMB349, High Point, NC 27265",High Point,NC,"=""27265""",5,2000000,6411,"[""CloudFlare"",""Google Analytics"",""Google Font API"",""Google Tag Manager"",""Hotjar"",""HubSpot"",""Matomo"",""Nginx"",""Pantheon"",""React"",""Twitter Emoji (Twemoji)"",""Varnish"",""WordPress"",""jQuery"",""jQuery Migrate""]",40031676,catchall,11/17/2021,ea80b7b81159e4bc8a601d8c63190d31,N/A,N/A,85%,Insurance Agents: Brokers: and Service,https://facebook.com/smartchoiceagentsnc,https://linkedin.com/company/smart-choice,https://twitter.com/smartchoicewin,https://instagram.com/smartchoiceagents,N/A
Cindy Duffy Chase,Cindy,Chase,"VP Sales, East Bay",c.duffy-chase@deckerbullocksir.com,Golden Gate,deckerbullocksir.com,+14155285088,N/A,Mill Valley,CA,N/A,125,0,65,"[""Google Analytics"",""Google Font API"",""IIS"",""Microsoft ASP.NET"",""Prototype"",""VideoJS"",""jQuery"",""jQuery Migrate"",""jQuery UI""]",38196273,catchall,8/18/2023,899b977e54771234418de8cb136cd389,N/A,N/A,85%,Real Estate,https://facebook.com/279007502197015,https://linkedin.com/company/goldengatesir,https://twitter.com/goldengatesir,https://instagram.com/goldengatesir,https://youtube.com/channel/uckqtchzwjppwkdqyyod_xba
Casey Farmer Vice,Casey,Vice,Vice President,cfarmer-vice@pattillore.com,Pattillo,pattillore.com,+19046952452,"100 Murray Drive, Waynesboro, GA",Stone Mountain,GA,N/A,125,25000000,65,[],42028138,catchall,6/21/2023,7deb26d2eca865c703ddb23e2d80395e,N/A,N/A,85%,Real Estate,N/A,https://linkedin.com/company/221920,https://twitter.com/pattillore,N/A,N/A
Chad Zamler,Chad,Zamler,"Vice President, Marketing",chad@altairrealty.com,Altair,altairrealty.com,+18144511109,"1001 State St, Suite 307 Erie, PA 16501",Erie,PA,"=""16501""",N/A,65000000,65,"[""Bootstrap"",""Font Awesome"",""Google Analytics"",""Leaflet"",""Nginx"",""PHP"",""WordPress"",""jQuery"",""jQuery Migrate""]",42944369,catchall,8/18/2023,e71d66b84b24cc140ae99bdf7ec8abfe,N/A,N/A,85%,Real Estate,https://facebook.com/pages/parkside-commons/166958629986979,N/A,N/A,N/A,N/A
Chad Hannon,Chad,Hannon,Executive Vice President,chad@trustowens.com,Owens,trustowens.com,+18005507716,"businesses on Trade Street Greer, SC408 W. Poinsett St. Greer SC 29650",Greer,SC,"=""29650""",5,2000000,6411,"[""Google Analytics"",""Nginx"",""Plesk"",""RequireJS"",""Typekit"",""jQuery""]",38115878,catchall,11/17/2021,cfe63181544ce5c35dc02e86948027e3,N/A,N/A,85%,Insurance Agents: Brokers: and Service,https://facebook.com/pages/owens-insurance-greer/135820459768955,N/A,N/A,N/A,N/A
Chandler Harrell,Chandler,Harrell,Vice President/chief Underwriting Officer,chandler.harrell@amfed.com,Amfed,amfed.com,+16018534949,"576 Highland Colony Parkway,Suite 300 |Ridgeland, MS 39157P.O. Box 1380 |Ridgeland, MS 39158-1380",Ridgeland,MS,"=""39158-1380""",30,860000000,6411,"[""Apache"",""Font Awesome"",""Google Analytics"",""PHP"",""Ubuntu"",""jQuery""]",46213614,catchall,4/12/2022,2c28d0eadfbc698fa8965be7bccac65c,N/A,N/A,85%,Insurance Agents: Brokers: and Service,N/A,N/A,N/A,N/A,N/A
Charles E. Beasley,Charles,Beasley,"Vice President and Director of Lipca, Inc",charlesbeasley@lipca.com,Lipca,lipca.com,+18008939887,"3042 Old Forge Dr, Suite A Baton Rouge, LA 70808",Baton Rouge,LA,"=""70808""",5,1000000,6411,"[""Apache"",""Bootstrap"",""Font Awesome"",""Google Analytics"",""Google Font API"",""Google Tag Manager"",""Ionicons"",""OWL Carousel"",""animate.css"",""jQuery"",""reCAPTCHA""]",39439633,catchall,9/21/2023,6a164edf158a0a4e004b113ec6918e46,N/A,N/A,85%,Insurance Agents: Brokers: and Service,https://facebook.com/lipca-insurance-inc-national-pest-and-lawn-program-226760727385709/,https://linkedin.com/in/andy-mcginty-18010411,N/A,N/A,N/A
Cheryl Woodruff,Cheryl,Woodruff,"Assistant Vice President, Service Manager",cheryl.woodruff@trustifs.com,Trustifs.comcall,trustifs.com,+13022395722,"Suite 400 Wilmington, DE 19803Suite 400, Wilmington, DE 19803",Wilmington,DE,"=""19803""",5,1000000,6411,"[""Flywheel"",""Google Font API"",""Google Maps"",""Gravity Forms"",""Modernizr"",""WordPress"",""jQuery"",""jQuery Migrate""]",40852464,catchall,11/17/2021,864c5818db09f05d9a257a29f80c678a,N/A,N/A,85%,Insurance Agents: Brokers: and Service,https://facebook.com/trustifs/,https://linkedin.com/company/trustifs/about,N/A,N/A,N/A
Cheryl Hooker,Cheryl,Hooker,"Vice-president, HR Home Office",chooker@express.com,Express,express.com,(800) 695-1788,N/A,Sitka,AK,N/A,5,576180,39,[],36637657,catchall,1/24/2024,be657b52e905edaef3108c48ae476678,N/A,N/A,85%,Miscellaneous Manufacturing Industries,N/A,N/A,N/A,N/A,N/A
Javed Choudhry,Javed,Choudhry,Vice President - Pre Construction,choudhry@fdrich.com,F.d. Rich,fdrich.com,+12033287980,N/A,Stamford,CT,N/A,5,0,65,[],43889974,catchall,5/4/2022,2da56f61a51cc3d78e244dac613e392d,N/A,N/A,85%,Real Estate,N/A,N/A,N/A,N/A,N/A
Chris Stansbury,Chris,Stansbury,VP of Information Technology,chriss@bbadmin.com,Bbadmin,bbadmin.com,+15123295463,"P.O. Box 162110 Austin, Texas 78716P.O. Box 161690 Austin, Texas 78716Building E, Suite 200 Austin, Texas 78746",Austin,TX,"=""78746""",125,6411000000,6411,"[""Apache"",""Google Analytics"",""PHP"",""Ubuntu"",""jQuery"",""jQuery UI""]",37946915,catchall,9/15/2021,e85866bc0c726c08d07f315b05aeb3fe,N/A,N/A,85%,Insurance Agents: Brokers: and Service,N/A,N/A,N/A,N/A,N/A
Christina Rosello,Christina,Rosello,VP of Administration,christina@westcoastbenefits.com,West Coast Group Benefits,westcoastbenefits.com,+18585217390,N/A,San Diego,CA,N/A,30,6411000000,6411,"[""Font Awesome"",""Google Font API"",""Nginx"",""Twitter Emoji (Twemoji)"",""WP Engine"",""WordPress"",""jQuery"",""jQuery Migrate"",""jQuery UI""]",39708944,catchall,8/30/2021,2e9c46dbbfa692900402a6b39a2d6962,N/A,N/A,85%,Insurance Agents: Brokers: and Service,https://facebook.com/westcoastgroupbenefits,N/A,N/A,N/A,N/A
Christine Keller,Christine,Keller,Underwriting Vice President,christinek@amskier.com,Amskier@amskier,amskier.com,+15702261147,"209 Main Avenue, Hawley, PA 18428209 Main Avenue Hawley, PA 18428",Hawley,PA,"=""18428""",30,9000000,6411,"[""Apache"",""Backbone.js"",""Bootstrap"",""Elementor"",""Facebook"",""Font Awesome"",""Google Analytics"",""Google Font API"",""Google Maps"",""Heap"",""Java"",""Marionette.js"",""Modernizr"",""OWL Carousel"",""PHP"",""Twitter Emoji (Twemoji)"",""Underscore.js"",""WordPress"",""jQuery"",""jQuery Migrate"",""reCAPTCHA""]",41923605,catchall,5/14/2021,ccbf9d5b930556d4c893b93deac4ef38,N/A,N/A,85%,Insurance Agents: Brokers: and Service,https://facebook.com/amskierinsurance,https://linkedin.com/company/5016844,https://twitter.com/amskier1920,https://instagram.com/amskier1920,N/A
Christophe Couturier,Christophe,Couturier,"Executive Vice President, Services",christophe.couturier@avantorinc.com,Avantor,avantorinc.com,+16103861700,"100 Matsonford Road Radnor, PA 19087;",Center Valley,PA,N/A,3000,307000000,28,"[""Bootstrap"",""CloudFlare"",""FancyBox"",""Google Analytics"",""Google Tag Manager"",""Modernizr"",""jQuery"",""jQuery UI""]",38202288,catchall,1/24/2024,92a0ecdac9c0e2b738d3fd5f173043ac,N/A,N/A,85%,Chemicals and Allied Products,https://facebook.com/avantorinc,https://linkedin.com/company/1307665,https://twitter.com/avantor_news,N/A,N/A
Chris Mcghee Vice,Chris,Vice,"Vice President, Asset & Risk Management",chrisv@MorganGroup.com,Morgan,MorganGroup.com,+17133617242,"5606 S. Rice Avenue | Houston, Texas | 77081",Sugar Land,TX,"=""77081""",350,90396180,65,"[""Apache"",""DreamWeaver"",""jQuery""]",45815702,catchall,7/30/2024,421fe8748a9fade4acbf8fbddfa7f5ec,N/A,N/A,85%,Real Estate,https://facebook.com/themorgangroup/,https://linkedin.com/company/morgan-group-inc-,N/A,N/A,N/A
Chris Wilcox,Chris,Wilcox,"Vp, Sales & Marketing",chris.wilcox@pfanstiehl.com,Pfanstiehl,pfanstiehl.com,+18476239173,"1219 Glen Rock Avenue Waukegan, IL 60085-6230",Waukegan,IL,"=""60085-6230""",125,14664000,28,[],37421395,catchall,12/31/2023,b0dd1ae4a2a898a5ebc6f8715f934bd5,N/A,N/A,85%,Chemicals and Allied Products,N/A,N/A,N/A,N/A,N/A
Chuck Bittner,Chuck,Bittner,VP Ebusiness Development,chuck_bittner@hsb.com,Hartford Steam Boiler Inspection,hsb.com,N/A,N/A,New York,NY,N/A,3000,6411000000,6411,[],39035529,catchall,10/26/2021,8cdfd51c321e647952ce7d403270d77d,N/A,N/A,85%,Insurance Agents: Brokers: and Service,N/A,N/A,N/A,N/A,N/A
Chuck Dicker,Chuck,Dicker,Vice President of Sales,chuck@mondicsinsurance.com,Mondics Insurance Group,mondicsinsurance.com,+15124781852,"700 East 11th Street | Austin, TX 78701",Austin,TX,"=""78701""",N/A,0,6411,"[""Bootstrap"",""Google Analytics"",""Google Font API"",""Modernizr"",""Sucuri"",""jQuery""]",40588396,catchall,8/18/2023,490745d0637b9ef33341c6621adb334c,N/A,N/A,85%,Insurance Agents: Brokers: and Service,N/A,N/A,N/A,N/A,N/A
Carter Hunt Vice,Carter,Vice,Vice President,chunt-vice@chemstation.com,Chemstation,chemstation.com,+14192296459,"101 NE 24th Street, Oklahoma City OK 73105",Oklahoma City,OK,"=""73105""",300,70000000,28,"[""FancyBox"",""Google Maps"",""Modernizr"",""Nginx"",""Slick"",""Twitter Emoji (Twemoji)"",""Ubuntu"",""WordPress"",""jQuery""]",43535300,catchall,9/6/2024,06a406b0c11ced18a41805b40a4bf843,N/A,N/A,85%,Chemicals and Allied Products,https://facebook.com/chemstationhq,https://linkedin.com/company/chemstation,https://twitter.com/chemstationhq,https://instagram.com/chemstationhq,N/A
Cindy East,Cindy,East,"Vice President, Solutions Consultant",cindy@eastcoastfabricators.com,East Coast Fabricators Is,eastcoastfabricators.com,+15405879170,"1635 Venture Blvd. Bedford, Virginia 24523",Granite Quarry,NC,"=""24523""",30,1998200,39,"[""Apache Traffic Server""]",37185870,catchall,1/24/2024,6f135139440c1f473a619686f50d419a,N/A,N/A,85%,Miscellaneous Manufacturing Industries,N/A,N/A,N/A,N/A,N/A
Cindy Chapman,Cindy,Chapman,"Vice President, Executive Producer",cindy@jdchapmaninc.com,J D Chapman Agency,jdchapmaninc.com,+18003388301,"498 North Main Street Canandaigua NY 14424498 North Main Street Canandaigua, NY 14502498 North Main Street Canandaigua, NY 14424",Canandaigua,NY,"=""14424""",5,1000000,6411,"[""Bootstrap"",""Google Analytics"",""Google Font API"",""Hammer.js"",""Nginx"",""Slick"",""Twitter Emoji (Twemoji)"",""WordPress"",""jQuery"",""jQuery Migrate"",""reCAPTCHA""]",46071655,catchall,5/7/2021,ca35af67ab3f32dbf92dd0e20b64dffd,N/A,N/A,85%,Insurance Agents: Brokers: and Service,https://facebook.com/jd-chapman-agency-inc-478231075535741,https://linkedin.com/company/jd-chapman-agency-inc,N/A,N/A,N/A
Cindy Lirette,Cindy,Lirette,Sr. VP Marketing,cindy.lirette@usi.biz,Usi,usi.biz,+18666570861,"100 Summit Lake Drive, Suite 400, Valhalla, NY 10595",East Greenwich,RI,"=""10595""",3000,6411000000,6411,"[""Bootstrap"",""Font Awesome"",""Google Analytics"",""Microsoft ASP.NET"",""Modernizr"",""jQuery"",""jQuery Migrate""]",43930908,catchall,8/18/2023,b068c575ee4a02e2bc6e6063141abc39,N/A,N/A,85%,Insurance Agents: Brokers: and Service,https://facebook.com/usiins,https://linkedin.com/company/usi-insurance-services,https://twitter.com/usiins,N/A,N/A
Cindy Duffy Chase,Cindy,Chase,"VP Sales, East Bay",cindy@todaysir.com,Golden Gate,todaysir.com,+14155285088,N/A,San Carlos,CA,N/A,125,25000000,65,"[""Google Analytics"",""Google Font API"",""IIS"",""Microsoft ASP.NET"",""Prototype"",""VideoJS"",""jQuery"",""jQuery Migrate"",""jQuery UI""]",38614719,catchall,8/18/2023,d6cb5593af92ca16d0c682203acce38e,N/A,N/A,85%,Real Estate,https://facebook.com/279007502197015,https://linkedin.com/company/goldengatesir,https://twitter.com/goldengatesir,https://instagram.com/goldengatesir,https://youtube.com/channel/uckqtchzwjppwkdqyyod_xba
Clark Zelenka,Clark,Zelenka,Vice President,clark@eaganins.com,Eagan,eaganins.com,+15048369646,"2629 N. Causeway Blvd. Metairie, LA 70002",Metairie,LA,"=""70002""",125,25000000,64,"[""DataTables"",""Font Awesome"",""Google Font API"",""Google Tag Manager"",""Gravity Forms"",""Modernizr"",""Nginx"",""OpenLayers"",""Slick"",""WordPress"",""Yoast SEO"",""jQuery"",""jQuery Migrate""]",41633236,catchall,11/17/2021,0f7904624a4eac89242e508f35b9ec2a,N/A,N/A,85%,Insurance Agents: Brokers: and Service,https://facebook.com/eaganinsurance,https://linkedin.com/company/eagan-insurance-agency,https://twitter.com/eaganinsurance,N/A,N/A
Chad Martin,Chad,Martin,Vice President,cmartin@tisins.com,Tis Insurance Services,tisins.com,+18883473428,"1900 N Winston Rd Suite 100 Knoxville, TN 37919Our new office opens on Magnolia Avenue in Knoxville, TN.P.O. Box 10328 Knoxville, TN 37939",Knoxville,TN,"=""37939""",300,27000000,6411,"[""Bootstrap"",""Google Analytics"",""Google Font API"",""Google Maps"",""Google Tag Manager"",""Gravity Forms"",""Nginx"",""Pantheon"",""Slick"",""Twitter Emoji (Twemoji)"",""Varnish"",""Vue.js"",""WordPress"",""Yoast SEO"",""jQuery"",""jQuery Migrate""]",37098301,catchall,11/17/2021,f3050f1db7b742e5a35e354c36b6343b,N/A,N/A,85%,Insurance Agents: Brokers: and Service,https://facebook.com/tisinsuranceservices,https://linkedin.com/company/tis-insurance-services-inc-,https://twitter.com/tisinsinc,N/A,https://youtube.com/user/tisinsuranceservices/feed
Carrie Martin,Carrie,Martin,Vice President of Events and Membership,cmartin@valleypartnership.org,Valley Partnership,valleypartnership.org,+16022667844,"11801 North Tatum Blvd., Suite 224, PhoenixArizona 85028Our offices are at 11801 North Tatum Blvd, Suite #224, Phoenix AZ, 85254",Phoenix,AZ,"=""85254""",30,5700128,65,[],36609730,catchall,10/7/2024,c96524fb4f65c9631e19c1381fdd35f5,N/A,N/A,85%,Real Estate,https://facebook.com/valleypartnership,https://linkedin.com/company/valleypartnership,https://twitter.com/valleypartners,N/A,N/A
Chris Moxley,Chris,Moxley,Senior Vice President,cmoxley@pi-ins.com,Pi-ins,pi-ins.com,+14055072734,"Suite 200 Oklahoma City, OK 73116",Oklahoma City,OK,"=""73116""",30,64000000,64,"[""Google Font API"",""Squarespace"",""Typekit"",""YUI"",""jQuery"",""jQuery UI"",""webpack""]",39641334,catchall,3/24/2022,82b86bcebb5c9e07b26c787e11642825,N/A,N/A,85%,Insurance Agents: Brokers: and Service,https://facebook.com/professionalins,https://linkedin.com/in/cmoxley,https://twitter.com/professionalins,N/A,https://youtube.com/channel/ucjngipejazmbr7gj6zden-w
Cris Norris,Cris,Norris,Board Vice President,cnorris@medicalartshospital.org,Medical Arts Hospital,medicalartshospital.org,+18068732183,"2200 N Bryan Ave Lamesa, TX 79331",Lamesa,TX,"=""79331""",30,17000000,9199,"[""Apache"",""Google Font API"",""Google Maps"",""Gravatar"",""Hammer.js"",""Modernizr"",""PHP"",""Revslider"",""Twitter Emoji (Twemoji)"",""WordPress"",""Yoast SEO"",""jQuery"",""jQuery Migrate"",""jQuery UI""]",44806830,catchall,5/9/2023,78ec8f4c56470cf9229d62fc23ca6412,N/A,N/A,85%,General Government: Not Elsewhere Classified,N/A,N/A,N/A,N/A,N/A
Sierra Coggins,Sierra,Coggins,Vice-president/agent,cogginss@cogginsinsurance.com,Coggins Insurance Agency,cogginsinsurance.com,+18504572181,N/A,Pensacola,FL,N/A,5,1000000,6411,"[""FancyBox"",""Google Analytics"",""Microsoft ASP.NET"",""jQuery""]",40260777,catchall,9/21/2023,b24be86f4464440babe8defb58760237,N/A,N/A,85%,Insurance Agents: Brokers: and Service,N/A,N/A,N/A,N/A,N/A
Cory Cartier,Cory,Cartier,Vice President,cory@caduluth.com,Cartier Agency,caduluth.com,+18002430210,"2631 W Superior Street Duluth, MN 558062631 West Superior Street Duluth, MN 55806",Duluth,MN,"=""55806""",30,6000000,6411,"[""Bootstrap"",""Font Awesome"",""Google Analytics"",""Google Font API"",""Nginx"",""Ubuntu"",""jQuery""]",40547569,catchall,11/17/2021,0d22248cdd87f386290f319cf06cae2f,N/A,N/A,85%,Insurance Agents: Brokers: and Service,N/A,N/A,N/A,N/A,N/A
Chris Perry,Chris,Perry,"Senior Vice President, Office Manager",cperry@grandbridge.com,Grandbridge Real Estate Capital,qfclp.com,+17043796905,N/A,Dallas,TX,N/A,5,1205940,65,"[""Adobe DTM"",""Adobe Experience Manager"",""jQuery""]",38675994,catchall,12/9/2021,c7d423bf1bf0ed70f7ea58e90f6c937b,N/A,N/A,85%,Real Estate,N/A,N/A,N/A,N/A,N/A
Courtney Prose,Courtney,Prose,VP of Production,cprose@sonomacounty.com,Sonoma County,sonomacounty.com,+17075225800,N/A,Santa Rosa,CA,N/A,75,10000000,9199,"[""Acquia Cloud"",""AppNexus"",""CloudFlare"",""Drupal"",""Google Analytics"",""Google Tag Manager"",""Varnish"",""YouTube"",""jQuery""]",36750421,catchall,8/18/2023,7b3499c5c1d23ef3be6504e07e0018d3,N/A,N/A,85%,General Government: Not Elsewhere Classified,https://facebook.com/sonomacountyca,N/A,https://twitter.com/insidesonoma,https://instagram.com/sonomacounty,https://youtube.com/user/sonomawinecountry
Craig Evans,Craig,Evans,Vice President,craig.evans@helioscomp.com,"Helios - Brighter Pharmacy Benefit Management, Ancillary, And...",helioscomp.com,+16106311483,N/A,Memphis,TN,N/A,3000,600000000,64,"[""Bootstrap"",""FlexSlider"",""Font Awesome"",""IIS"",""Microsoft ASP.NET"",""Sitefinity"",""jQuery""]",39865616,catchall,10/26/2021,d8270bf2ed084d5cc0d8c2e73c665781,N/A,N/A,85%,Insurance Agents: Brokers: and Service,N/A,https://linkedin.com/company/workcompauto.optum,https://twitter.com/optumworkcomp,N/A,N/A
Craig Foster,Craig,Foster,Sr. Vice President & General Manager | Specialty Chemicals,craig.foster@cswindustrials.com,Csw Industrials,cswindustrials.com,+12148843777,N/A,Dallas,TX,N/A,30,150000000,28,"[""Apache"",""Craft CMS"",""Google Analytics"",""Modernizr"",""Polyfill"",""Typekit"",""Ubuntu"",""ZURB Foundation"",""jQuery""]",44524238,catchall,1/24/2024,13740c671040798428db50acd227ee4f,N/A,N/A,85%,Chemicals and Allied Products,N/A,N/A,N/A,N/A,N/A
Crystal Cunningham,Crystal,Cunningham,Assistant Vice President,crystal.cunningham@cplic.net,Cplic Member Services,cplic.net,+17147314605,"17742 Irvine Blvd, Suite 102 Tustin, CA 92780",Tustin,CA,"=""92780""",5,1638653,6411,"[""Apache"",""Bootstrap"",""Font Awesome"",""Google Analytics"",""Google Tag Manager"",""Modernizr"",""PHP"",""Twitter Emoji (Twemoji)"",""WordPress"",""Yoast SEO"",""jQuery""]",46647726,catchall,4/8/2022,70226dc21261dd68a6be66db18cd71af,N/A,N/A,85%,Insurance Agents: Brokers: and Service,https://facebook.com/cplic,https://linkedin.com/company/claim-professionals-liability-insurance-company-rrg,https://twitter.com/mhale_cplic,https://instagram.com/cplic.rrg,N/A
Colette Tomeo,Colette,Tomeo,Executive VP & Director of HR,ctomeo@d-u-s.com,Premier Brokerage Services,d-u-s.com,+18005435555,"1981 N.W. 88th Court, Miami, FL 33172-2698",Miami,FL,"=""33172-2698""",30,6411000000,6411,"[""Google Analytics"",""Google Font API"",""Nginx"",""Twitter Emoji (Twemoji)"",""WP Engine"",""WordPress"",""jQuery"",""jQuery Migrate""]",46652335,catchall,8/25/2022,d940f936deab36132e3ed9bafe8e3e22,N/A,N/A,85%,Insurance Agents: Brokers: and Service,N/A,https://linkedin.com/company/premier-brokerage-services-inc-,N/A,N/A,N/A
Debra Cummings,Debra,Cummings,Vice President of Operations,cummings@wimmercommunities.com,Wimmer Communities5300 S,wimmercommunities.com,+14142539039,"5300 S 108th St, Suite #1, Hales Corners, WI 53130",Salem,WI,"=""53130""",30,65000000,65,"[""Azure"",""Google Analytics"",""Google Font API"",""Google Tag Manager"",""Modernizr"",""jQuery""]",44702415,catchall,3/28/2022,8474e48249d7d1b8d380e2fbba502d64,N/A,N/A,85%,Real Estate,https://facebook.com/wimmercommunitiesconcertsinthegardens,N/A,N/A,N/A,N/A
Clifton Waters,Clifton,Waters,Vice President,cwaters@siagroup.com,Sia Group,siagroup.com,+18003223226,"827 Gum Branch Road Jacksonville, NC 28540825 Gum Branch Road, Jacksonville, NC, 28540,",Jacksonville,NC,N/A,75,69000000,6411,"[""Google Analytics"",""Sentry"",""Squarespace"",""Typekit"",""YUI"",""webpack""]",41189956,catchall,3/24/2022,f181f8c5c8aac75bfcfe3a82515e1908,N/A,N/A,85%,Insurance Agents: Brokers: and Service,https://facebook.com/siagroupinsurance,https://linkedin.com/company/siagroupinc,https://twitter.com/siagroupins,N/A,N/A
Cynthia Loh,Cynthia,Loh,Vice President,cynthia@erickey.com,For,erickey.com,+18006274340,"3908 Creekside Loop, Suite 100 Yakima, WA 98902",Yakima,WA,"=""98902""",5,1000000,6411,"[""Apache"",""Bootstrap"",""CloudFlare"",""Google Analytics"",""Google Font API"",""Pardot"",""Twitter"",""Twitter Emoji (Twemoji)"",""WordPress"",""Yoast SEO"",""YouTube"",""jQuery"",""jQuery Migrate""]",45863134,catchall,9/21/2023,d6d73c64ec47b6dd6c6d90ea0ce621bb,N/A,N/A,85%,Insurance Agents: Brokers: and Service,https://facebook.com/pages/leonard-rickey-investment-advisors/150651078358439,https://linkedin.com/company/leonard-rickey-investment-advisors-pllc,https://twitter.com/rickeyadvisors,N/A,N/A
Dallas Mabry,Dallas,Mabry,Vice President of Finance,dallas.mabry@rectorseal.com,Rectorseal Australia Pty,rectorseal.com,+18002313345,"2601 Spenwick Drive, Houston, Texas 770552601 Spenwick Drive Houston TX 77055",Houston,TX,"=""77055""",300,37500000,28,"[""Bootstrap"",""CloudFlare"",""DataTables"",""Font Awesome"",""Google AdSense"",""Google Analytics"",""Google Font API"",""Google Tag Manager"",""Nginx"",""PHP"",""Revslider"",""Select2"",""TrackJs"",""Twitter Emoji (Twemoji)"",""Underscore.js"",""WooCommerce"",""WordPress"",""Yoast SEO"",""animate.css"",""jQuery"",""jQuery Migrate"",""jQuery UI""]",37760020,catchall,1/24/2024,5771255763beeb5400d438104adaec5b,N/A,N/A,85%,Chemicals and Allied Products,https://facebook.com/rectorseal,https://linkedin.com/company/rectorseal,https://twitter.com/rectorseal,N/A,https://youtube.com/channel/uc846d95djf2ot003f-zsegq
Dana Gross,Dana,Gross,Senior Vice President Human Resources ...,dana@consolidatedanalytics.com,Consolidated Analytics,consolidatedanalytics.com,+16057733421,"1500 S. Douglass Rd., Suite 110 B Anaheim, CA",Irvine,CA,N/A,30,35000000,65,"[""Bootstrap"",""CloudFlare"",""FancyBox"",""Font Awesome"",""Google AdSense"",""Google Analytics"",""Google Font API"",""Google Maps"",""Google Tag Manager"",""Nginx"",""Polyfill"",""WordPress"",""jQuery"",""jQuery Migrate"",""Kinsta""]",45956883,catchall,6/5/2024,e11bd4974e4738dbde0eadbeded3bd45,N/A,N/A,85%,Real Estate,https://facebook.com/consolidatedanalytics,https://linkedin.com/company/consolidated-analytics-inc-,https://support.twitter.com/articles/20170405,N/A,N/A
Dana Miller,Dana,Miller,Vice President,dana@trahinmiller.com,Trahin Miller,trahinmiller.com,+18009251456,"Suite 145 Indianapolis, IN 46240",Indianapolis,IN,"=""46240""",5,1000000,6411,"[""CloudFlare"",""Google Font API"",""PHP"",""WordPress"",""jQuery"",""jQuery Migrate"",""Litespeed Cache""]",39034496,catchall,11/17/2021,c20a23e2978804209e3aa33125a80b58,N/A,N/A,85%,Insurance Agents: Brokers: and Service,N/A,N/A,N/A,N/A,N/A
David Andrew,David,Andrew,Sr. Vice President,dandrew@mathesongas.com,Matheson,mathesongas.com,+13523267611,"MATHESON, 166 Keystone Drive, Montgomeryville, PA 18936",Omaha,NE,"=""18936""",3000,1500000000,28,"[""Apache"",""Bootstrap"",""Drupal"",""Google Analytics"",""PHP"",""jQuery""]",42194542,catchall,1/24/2024,b9f27a3a6d9450c574a0d8c29c92544a,N/A,N/A,85%,Chemicals and Allied Products,https://facebook.com/mathesongas,https://linkedin.com/company/matheson-tri-gas,https://twitter.com/mathesongas,N/A,N/A
Daniel Dubois,Daniel,Dubois,Vice President,daniel@ocsind.com,Ocs Industries,ocsind.com,+17183388529,"56-05 Cooper Ave, Queens NY 11385",Brooklyn,NY,"=""11385""",30,1598560,39,"[""Apache"",""Bootstrap"",""Font Awesome"",""Google Analytics"",""Google Font API"",""Twitter Emoji (Twemoji)"",""WordPress"",""Yoast SEO"",""jQuery"",""jQuery Migrate""]",43069995,catchall,1/24/2024,b71ce7ae0548b950f24e1239ae7a99a0,N/A,N/A,85%,Miscellaneous Manufacturing Industries,https://facebook.com/ocsindustries,N/A,https://twitter.com/ocs_industries,N/A,N/A
Daniel Wan,Daniel,Wan,"Vice President, Worldwide Human Resources",daniel.wan@atotech.com,Atotech,atotech.com,+18038173602,Jingguo Rd. Taoyuan City 33050,Charlotte,NC,"=""33050""",3000,432000000,28,"[""Apache"",""Bootstrap"",""CentOS"",""Font Awesome"",""Google Analytics"",""Google Font API"",""Google Maps"",""MediaElement.js"",""OWL Carousel"",""OpenSSL"",""PHP"",""WordPress"",""animate.css"",""jQuery"",""jQuery Migrate"",""jQuery UI"",""reCAPTCHA""]",38290530,catchall,1/24/2024,215c98b28893a764b4a9fdbafdf77521,N/A,N/A,85%,Chemicals and Allied Products,N/A,N/A,N/A,N/A,N/A
Dan Mitte,Dan,Mitte,Vice President,dan.mitte@guycarp.com,Guy Carpenter,guycarp.com,+13477532348,"1166 Avenue of the Americas New York, NY 10036",Minneapolis,MN,"=""10036""",300,128780,6411,"[""Adobe Experience Manager"",""Apache"",""Google Analytics"",""Lodash"",""Modernizr"",""Pardot"",""ZURB Foundation"",""jQuery""]",38471532,catchall,5/8/2024,c30924925ec74f398607445cc0862e68,N/A,N/A,85%,Insurance Agents: Brokers: and Service,N/A,N/A,https://twitter.com/guycarpenter,N/A,N/A
David Moss,David,Moss,Vice President of Commercial Lines Insurance,david.moss@myiccf.com,Iccf Is,myiccf.com,+14077405337,"1331 Palmetto Ave, Ste 100 Winter Park, FL 32789",Winter Park,FL,"=""32789""",30,64000000,64,"[""Disqus"",""Google Analytics"",""MailChimp"",""Modernizr"",""ShareThis"",""Sucuri"",""Twitter Emoji (Twemoji)"",""WordPress"",""Yoast SEO"",""ZURB Foundation"",""jQuery""]",40284354,catchall,3/24/2022,ec146a94dcda9b8258682ab9e07dc024,N/A,N/A,85%,Insurance Agents: Brokers: and Service,https://facebook.com/iccf1,https://linkedin.com/company/1764265,https://twitter.com/iccf1,N/A,https://youtube.com/channel/ucosbtk_xjk4m1xq5zzo8umg/videos
D Price,D,Price,Vice President Sr Benefit/risk Consultant,david.price@haakeins.com,Marsh Mclennan Agency,haakeins.com,+16175872321,"1340 Treat Blvd, Walnut Creek, CA, 94597",Overland Park,KS,"=""94597""",125,64000000,64,"[""Cowboy"",""Express"",""Google Analytics"",""Google Tag Manager"",""Incapsula"",""TweenMax"",""Vue.js""]",43602218,catchall,3/24/2022,3faf9993129b065127170a23864f6f9d,N/A,N/A,85%,Insurance Agents: Brokers: and Service,https://facebook.com/marshglobal,https://linkedin.com/company/marsh-&-mclennan-agency-llc-midwest-region,https://twitter.com/mmauppermidwest,N/A,https://youtube.com/user/themarshchannel
David D Wood,David,Wood,"Vice President, Insurance and Financial ...",david@txins.com,Texas Insurance & Financial Services,txins.com,+19795432709,"102 N. Washington St. El Campo, TX 77437",El Campo,TX,"=""77437""",30,3000000,6411,"[""AddThis"",""Flywheel"",""Google Analytics"",""Hammer.js"",""Twitter Emoji (Twemoji)"",""WordPress"",""Yoast SEO"",""jQuery"",""jQuery Migrate""]",43831035,catchall,11/17/2021,6a5d06f9611055c5d48201f2257cfc67,N/A,N/A,85%,Insurance Agents: Brokers: and Service,https://facebook.com/pages/texas-insurance-financial-services-inc/93178033605,https://linkedin.com/company/texas-insurance-&-financial-sercvices,https://twitter.com/@go_txins,https://instagram.com/texinsur,N/A
Dawn Martin,Dawn,Martin,"Vice President, Underwriting",dawn.martin@siegelagency.com,Siegel Agency,siegelagency.com,+18457963400,"PO Box 309 Rock Hill, NY 12775",Rock Hill,NY,"=""12775""",75,21000000,6411,"[""Apache"",""Google Analytics"",""Google Font API"",""Gravatar"",""Revslider"",""WordPress"",""Yoast SEO"",""jQuery"",""jQuery Migrate""]",38214162,catchall,11/16/2021,44129c26852f4a362ff0f5fc17aba652,N/A,N/A,85%,Insurance Agents: Brokers: and Service,https://facebook.com/irwinsiegelagency,https://linkedin.com/company/239111,https://twitter.com/siegelagency,https://instagram.com/irwinsiegelagency,N/A
Dawn Miller,Dawn,Miller,"Vice President, Environmental ...",dawn@socarchemical.com,Chemical Inventory,socarchemical.com,+18642682742,N/A,Greenville,SC,N/A,5,1884900,28,"[""Apache""]",36901753,catchall,1/24/2024,ef6d47b07190fa9efce6701f7d7bad99,N/A,N/A,85%,Chemicals and Allied Products,N/A,N/A,N/A,N/A,N/A
Diane Born,Diane,Born,Director of Operations & Accreditation,dborn@dccca.org,Dccca,dccca.org,+17858439262,1319 W. May Street Wichita KS 672138901 E. Orme St. Wichita KS 67207,Wichita,KS,"=""67207""",30,5700128,91,"[""Apache"",""Facebook"",""Font Awesome"",""Google Analytics"",""Google Font API"",""Google Maps"",""Google Tag Manager"",""OWL Carousel"",""PHP"",""Revslider"",""Twitter Emoji (Twemoji)"",""Typekit"",""WordPress"",""Yoast SEO"",""jQuery"",""jQuery Migrate"",""jQuery UI""]",40108068,catchall,5/3/2021,43bfb9cb8c0cca67cefbcdfe4e9ab25e,N/A,N/A,85%,Executive: Legislative: and General Government: except Finance,https://facebook.com/dccca-179617378746500,N/A,https://twitter.com/dcccainc,https://instagram.com/dcccacommunications,N/A
Debbra Brackett,Debbra,Brackett,"Vice President, Operations",dbrackett@fidelitybps.com,Fidelity,fidelitybps.com,+17603509474,N/A,Carlsbad,CA,N/A,5,1638653,65,[],40252879,catchall,3/28/2022,b0fc39ab540b695a4555aca170657a7e,N/A,N/A,85%,Real Estate,https://facebook.com/fidelity-business-partners-143693535651552,https://linkedin.com/in/salmanaz,https://twitter.com/fidelitybps,N/A,https://youtube.com/channel/ucgdcs4hi-mja9qey4drjniw
Dane Briggs,Dane,Briggs,Executive Vice President,dbriggs@cleartitleaz.com,Clear Title,cleartitleaz.com,+14802788440,"2901 E. Camelback Rd., Suite 100, Phoenix, AZ 85016",Phoenix,AZ,"=""85016""",125,6800000,65,"[""Google Analytics"",""Google Tag Manager"",""Revslider"",""WordPress"",""YouTube"",""jQuery"",""jQuery Migrate""]",38128689,catchall,10/7/2024,18b88deaa16d644a8ff0a5db8712c673,N/A,N/A,85%,Real Estate,https://facebook.com/cleartitleofarizona,https://linkedin.com/in/mike-winters-32722550,N/A,N/A,https://youtube.com/user/cleartitleaz
Douglas Bullen,Douglas,Bullen,Operations Director,dbullen@ci.durham.nh.us,Durham,ci.durham.nh.us,+16038685531,"8Newmarket Road Durham, NH 03824-28988 Newmarket Road Durham NH 038248 Newmarket Road Durham, NH 038248Newmarket Road Durham NH 038248 Newmarket Road Durham, NH 03824-289851 College Road Durham, NH 03",Durham,NH,"=""03824""",30,4000000,9199,"[""Drupal"",""Google Analytics"",""jQuery""]",44138665,catchall,5/9/2023,54c0fb8eaac124a7c553933f8950dc2b,N/A,N/A,85%,General Government: Not Elsewhere Classified,https://facebook.com/town-of-durham-nh-134190889934912,N/A,N/A,N/A,N/A
Don Cleary,Don,Cleary,VP Insurance,dcleary@hodgeagency.com,Hodge Insurance Agency,hodgeagency.com,+18774887488,"283 Main Street Danbury, CT 06810",Danbury,CT,"=""06810""",5,2000000,6411,"[""Google Analytics"",""Google Font API"",""Google Tag Manager"",""Nginx"",""PHP"",""jQuery""]",36660624,catchall,5/8/2024,411c01ab4c697801913b1b319061f4c0,N/A,N/A,85%,Insurance Agents: Brokers: and Service,https://facebook.com/hodgeagency/,https://linkedin.com/company/1757082,https://twitter.com/hodgeinsurance,N/A,N/A
Deborah Green,Deborah,Green,Vice President of Sales,debra.green@inhouseusa.com,Inhouseusa,inhouseusa.com,N/A,N/A,Ponte Vedra Beach,FL,N/A,30,35000000,65,"[""Nginx""]",43519945,catchall,8/18/2023,2eb0e3d0d80f429acb5ca5532ce07af8,N/A,N/A,85%,Real Estate,N/A,N/A,N/A,N/A,N/A
Denise Duncan,Denise,Duncan,VP Performance Improvement Manager ...,denise@duncanins.com,Duncan,duncanins.com,+13609436304,"2111 Harrison Ave NW Olympia, WA 98502",Olympia,WA,"=""98502""",30,2000000,6411,"[""Ahoy"",""All in One SEO Pack"",""Apache"",""Font Awesome"",""Google Analytics"",""Google Font API"",""Twitter Emoji (Twemoji)"",""WordPress"",""jQuery""]",42622271,catchall,9/4/2024,3138fe4309bbe9905a286c34f157b0ef,N/A,N/A,85%,Insurance Agents: Brokers: and Service,https://facebook.com/duncanins,https://linkedin.com/in/duncaninsurancebrokers,https://twitter.com/duncanbrokers,N/A,N/A
Denise Maier,Denise,Maier,Vice President Regional Sales,denise_maier@corvel.com,Corvel,corvel.com,+18887267835,N/A,Tampa,FL,N/A,30,519000000,6411,"[""Google Analytics"",""Google Font API"",""MediaElement.js"",""Microsoft ASP.NET"",""Moment.js"",""Pardot"",""Select2"",""YouTube"",""jQuery"",""jQuery UI""]",37683594,catchall,8/18/2023,5e8b5d64a5906918460d140109f38614,N/A,N/A,85%,Insurance Agents: Brokers: and Service,N/A,N/A,N/A,N/A,N/A
Donald Gant Vice,Donald,Vice,Vice President – North,dgant-vice@msfb.org,Mississippi Farm Bureau Federation,msfb.org,+16628445010,"P.O. Box 1972 Jackson, MS 39215-1972",De Kalb,MS,"=""39215-1972""",5,393300,6411,"[""Google Analytics"",""Google Font API"",""Google Maps"",""Google Tag Manager"",""Liquid Web"",""MediaElement.js"",""Nginx"",""Twitter Emoji (Twemoji)"",""WordPress"",""Yoast SEO"",""YouTube"",""jQuery"",""jQuery Migrate""]",40344275,catchall,5/8/2024,eaeaeaf5a49eb5a5cc858e75d315d3d6,N/A,N/A,85%,Insurance Agents: Brokers: and Service,https://facebook.com/msfarmbureau,N/A,https://twitter.com/msfarmbureau,N/A,https://youtube.com/user/farmbureaums#p/u
Drew Geiger,Drew,Geiger,Vice President of Asset Management,dgeiger@horizonra.com,Horizon,horizonra.com,+19108679765,"601 Union Street, Suite 1401 Seattle, WA 98101",Seattle,WA,"=""98101""",300,70000000,65,"[""Bootstrap"",""Font Awesome"",""Google Analytics"",""Google Font API"",""Google Maps"",""Google Tag Manager"",""Lightbox"",""MediaElement.js"",""Modernizr"",""Nginx"",""Revslider"",""WP Engine"",""WordPress"",""Yoast SEO"",""jQuery"",""jQuery Migrate"",""jQuery UI"",""reCAPTCHA""]",38394352,catchall,8/9/2023,87e63d67f47ab8308492feef57bcbb0b,N/A,N/A,85%,Real Estate,N/A,N/A,N/A,N/A,N/A
Drew Gilbreath,Drew,Gilbreath,Vice President of Operations,dgilbreath@smginsurance.com,Insurance,smginsurance.com,+16782878266,"1424 N. Brown Rd., STE 300 Lawrenceville, GA 30043",Lawrenceville,GA,"=""30043""",30,10000000,6411,"[""Bootstrap"",""FancyBox"",""Google Analytics"",""Google Font API"",""Microsoft ASP.NET"",""Twitter"",""jQuery""]",37504422,catchall,4/9/2021,ddef995be6469901a9a963c84efb769b,N/A,N/A,85%,Insurance Agents: Brokers: and Service,N/A,N/A,https://twitter.com/iiiorg,N/A,N/A
Deborah Gildersleeve,Deborah,Gildersleeve,Owner and Vice President,dgildersleeve@envirochem-usa.com,Envirochem-usa,envirochem-usa.com,+14153780504,"425 Whitehead Ave., South River, NJ, 08882",South River,NJ,"=""08882""",30,28000000,28,"[""Font Awesome"",""Gentoo"",""Google Font API"",""Gravatar"",""Modernizr"",""OpenResty"",""PHP"",""WordPress"",""animate.css"",""jQuery"",""jQuery Migrate""]",38731729,catchall,1/24/2024,a903b0d1b1559dbcdd4a605dcb6d3d43,N/A,N/A,85%,Chemicals and Allied Products,N/A,N/A,N/A,N/A,N/A
Dustin Glover,Dustin,Glover,Shareholder / Executive Vice President,dglover@threlkeld.com,Threlkeld,threlkeld.com,+19035810077,N/A,Tyler,TX,N/A,30,9000000,6411,"[""Apache"",""Font Awesome"",""Google Analytics"",""Google Tag Manager"",""Modernizr"",""PHP"",""ZURB Foundation"",""animate.css"",""jQuery"",""reCAPTCHA""]",40450813,catchall,11/16/2021,f14db92dad3e96ddf825a248594e2fb1,N/A,N/A,85%,Insurance Agents: Brokers: and Service,https://facebook.com/threlkeldinsurance,N/A,N/A,N/A,N/A
Douglas D Harless,Douglas,Harless,President and CEO,dharless@hopewellva.gov,Hopewell,hopewellva.gov,+18045412204,N/A,Hopewell,VA,N/A,30,4000000,9199,"[""All in One SEO Pack"",""Apache"",""CloudFlare"",""Font Awesome"",""Google Analytics"",""Google Font API"",""Hammer.js"",""PHP"",""WordPress"",""jQuery"",""jQuery Migrate"",""jQuery Mobile"",""prettyPhoto""]",36466268,catchall,6/14/2023,69f636051c54a2f3f1f224454cb9fb7b,N/A,N/A,85%,General Government: Not Elsewhere Classified,https://facebook.com/hopewellva.gov,N/A,https://twitter.com/hopewell_va,https://instagram.com/hopewellva,N/A
David Huang,David,Huang,Senior Vice President and General Manager Asia,d.huang@thermacore.com,Boyd Corporation One,thermacore.com,+18702340286,"780 Eden Rd. Lancaster, PA 17601",Lancaster,PA,"=""17601""",300,427000000,3999,"[""Bootstrap"",""CloudFlare"",""Font Awesome"",""Google Analytics"",""Google Tag Manager"",""Joomla"",""Pardot"",""UIKit"",""animate.css"",""jQuery""]",43480569,catchall,1/24/2024,ad142a56e6f8aae22283623eb2a7e0dd,N/A,N/A,85%,Manufacturing Industries: Not Elsewhere Classified,https://facebook.com/boyd-corporation-745405212139622,https://linkedin.com/company/boydcorporation,https://twitter.com/boydcorporation,N/A,https://youtube.com/channel/ucqxgu5b6bmeyhfeosisxamq
Diane Keane,Diane,Keane,Vice President,diane@keanefoundation.org,Keane Foundation,keanefoundation.org,N/A,N/A,Wethersfield,CT,N/A,5,1638653,65,"[""Apache"",""Bootstrap"",""Facebook"",""Google Font API"",""Hammer.js"",""Joomla"",""PayPal"",""ZURB Foundation"",""jQuery"",""jQuery Migrate""]",42635243,catchall,5/4/2022,de6fef650357dd2c20f521fac61e6d81,N/A,N/A,85%,Real Estate,https://facebook.com/pages/keane-foundation/145524508815000,N/A,N/A,N/A,N/A
Dick Carr,Dick,Carr,Executive Vice President,dick.carr@usi.biz,Usi,usi.biz,+18666570861,"100 Summit Lake Drive, Suite 400, Valhalla, NY 10595",East Greenwich,RI,"=""10595""",3000,6411000000,6411,"[""Bootstrap"",""Font Awesome"",""Google Analytics"",""Microsoft ASP.NET"",""Modernizr"",""jQuery"",""jQuery Migrate""]",43930874,catchall,10/26/2021,284b190566db3ccb24978df3a8c7cc66,N/A,N/A,85%,Insurance Agents: Brokers: and Service,https://facebook.com/usiins,https://linkedin.com/company/usi-insurance-services,https://twitter.com/usiins,N/A,N/A
Dan Johnson,Dan,Johnson,Sales Vice President,d.johnson@starlinegroup.com,Starline Group,starlinegroup.com,+15084950882,N/A,Falmouth,MA,N/A,30,6411000000,6411,"[""Apache"",""Google Analytics"",""Google Font API"",""Modernizr"",""Supersized"",""jQuery""]",37837463,catchall,8/18/2023,5289eb4ca9e8ac1c257d945cfaecf8b3,N/A,N/A,85%,Insurance Agents: Brokers: and Service,N/A,N/A,N/A,N/A,N/A
David Landen,David,Landen,"Mba, Vice President, Regional Operations",dlanden@mmcoa.com,Practicemax,mmcoa.com,+14023288833,"1620 Route 22, Suite 202 Brewster, NY 10509",Brewster,NY,"=""10509""",30,9744000,6411,"[""Apache"",""Google Font API"",""Modernizr"",""PHP"",""Slick"",""Twitter Emoji (Twemoji)"",""WordPress"",""Yoast SEO"",""ZURB Foundation"",""jQuery"",""jQuery Migrate""]",38035340,catchall,4/9/2021,ab6eafcdf2a775e0ac734002fba0707e,N/A,N/A,85%,Insurance Agents: Brokers: and Service,https://facebook.com/practicemaxofficial,https://linkedin.com/company/practicemax-inc-,https://twitter.com/practicemax,N/A,N/A
Duncan Manley,Duncan,Manley,Vice President,dmanley@proassurance.com,Proassurance,proassurance.com,+12165151300,"Suite 550 Las Vegas, NV 89169",Birmingham,AL,"=""89169""",750,870200000,64,"[""Bootstrap"",""Font Awesome"",""Google Analytics"",""Google Tag Manager"",""IIS"",""Microsoft ASP.NET"",""Twitter typeahead.js"",""YouTube"",""jQuery"",""reCAPTCHA""]",43134924,catchall,4/12/2022,92a5ddcb2286be0e4ac077c47fac13b7,N/A,N/A,85%,Insurance Agents: Brokers: and Service,https://facebook.com/medmarc,https://linkedin.com/company/proassurance,https://twitter.com/proassurance,N/A,https://youtube.com/user/riskresource
David Olson,David,Olson,Vice President,dolson@legacydevelopment.com,Legacy Development,legacydevelopment.com,+18168762536,"4717 Central Street Kansas City, Missouri 641124717 Central Street Kansas City, MO 64112",Kansas City,MO,"=""64112""",125,25000000,65,"[""Apache"",""FancyBox"",""Google Analytics"",""Google Font API"",""Modernizr"",""Twitter Emoji (Twemoji)"",""WordPress"",""jQuery""]",44378210,catchall,6/21/2023,e21aa24dea04543d989223ff08a348da,N/A,N/A,85%,Real Estate,N/A,https://linkedin.com/in/rextullius,N/A,N/A,N/A
Don Sullivan,Don,Sullivan,Sr. Vice President & General Manager | Industrial Products,don.sullivan@cswindustrials.com,Csw Industrials,cswindustrials.com,+12148843777,N/A,Dallas,TX,N/A,30,150000000,28,"[""Apache"",""Craft CMS"",""Google Analytics"",""Modernizr"",""Polyfill"",""Typekit"",""Ubuntu"",""ZURB Foundation"",""jQuery""]",44524240,catchall,1/24/2024,c003995a99c91673d6dbe9f469814ed5,N/A,N/A,85%,Chemicals and Allied Products,N/A,N/A,N/A,N/A,N/A
Doug Jones,Doug,Jones,VP and CIO,doug.jones@agcocorp.com,Agco,AGCOcorp.com,+18009624284,"P.O. Box 505000 Louisville, KY",Duluth,GA,N/A,5,0,39,"[""AddThis"",""Adobe Experience Manager"",""Amazon Cloudfront"",""Apache"",""Google Analytics"",""Google Font API"",""Handlebars"",""Lodash"",""Modernizr"",""OpenSSL"",""Red Hat"",""jQuery"",""jQuery UI""]",42202499,catchall,9/1/2022,027077466dbd4ab7fd1ee8171f3d333e,N/A,N/A,85%,Miscellaneous Manufacturing Industries,https://facebook.com/agcocorp,https://linkedin.com/company/agco-corporation,https://twitter.com/agcocorp,https://instagram.com/agcocorp,https://youtube.com/user/agcocorp
David Parker,David,Parker,VP Sales &amp; Marketing,dparker@mihomes.com,Mi Home,mihomes.com,+16144188080,"PO Box 43069 Providence, RI 02240-3069",Parrish,FL,"=""02240-3069""",N/A,0,65,"[""Facebook"",""Google Analytics"",""Google Font API"",""Google Maps"",""Google Tag Manager"",""IIS"",""Lodash"",""Microsoft ASP.NET"",""Sitecore"",""jQuery"",""webpack""]",36563767,catchall,8/18/2023,b5c8fceab359fe8801ad8a6a38cb1b56,N/A,N/A,85%,Real Estate,https://facebook.com/mihomesinc,N/A,https://twitter.com/mihomes,https://instagram.com/mihomes,N/A
Deborah Roberts,Deborah,Roberts,Vice President of Residential Operations,droberts@farosproperties.com,Faros Properties,farosproperties.com,+16172624100,"551 Fifth Avenue Suite 2520 New York, NY 10176",New York,NY,"=""10176""",125,25000000,65,"[""Font Awesome"",""Google Analytics"",""Google Font API"",""Lazy.js"",""Slick"",""TweenMax"",""ZURB Foundation"",""jQuery""]",36243477,catchall,2/12/2023,773e9ff6afe9af42dbce57aa40e4bbdf,N/A,N/A,85%,Real Estate,N/A,N/A,N/A,N/A,N/A
Dave Rogers,Dave,Rogers,VP of Sales,drogers@boyntoninsurance.com,Bluehost.com,boyntoninsurance.com,+18447411192,N/A,Needham,MA,N/A,5,994980,6411,"[""Google Analytics"",""Nginx""]",36427066,catchall,8/18/2023,9dc05de2eabe65350e7f7c5a8be320ed,N/A,N/A,85%,Insurance Agents: Brokers: and Service,https://facebook.com/bluehost,https://linkedin.com/company/bluehost-com,https://twitter.com/bluehost,https://instagram.com/bluehost,https://youtube.com/user/bluehost
Don Saul,Don,Saul,Vice President,dsaul@loomisco.com,Loomis,loomisco.com,+18668157696,"Christmas Tree Lane The Loomis Company participated in the Christmas Tree Lane decorating contest held in Lancaster, PA.",Wyomissing,PA,N/A,300,265000000,6411,"[""Apache"",""Cufon"",""Google Analytics"",""Google Font API"",""Twitter"",""Twitter Emoji (Twemoji)"",""Ubuntu"",""WordPress"",""Yoast SEO"",""jQuery"",""jQuery Migrate"",""prettyPhoto""]",37835330,catchall,3/24/2022,82a0d563b8a81b08c7f996b9293211ec,N/A,N/A,85%,Insurance Agents: Brokers: and Service,https://facebook.com/loomisco,https://linkedin.com/company/the-loomis-company,https://twitter.com/theloomisco,N/A,N/A
Dave Shutt,Dave,Shutt,Executive Vice President of Sales & Recruitment – Ia/sd,dshutt@grpbenltd.com,Gbl Story,grpbenltd.com,+15152225342,"12006 Ridgemont Drive Urbandale, IA 50323",Urbandale,IA,"=""50323""",125,6411000000,6411,"[""Bootstrap"",""Elementor"",""Font Awesome"",""Google Font API"",""Modernizr"",""Twitter Emoji (Twemoji)"",""WordPress"",""Yoast SEO"",""jQuery"",""jQuery Migrate""]",45064006,catchall,8/18/2023,7b8b174a45e5dd4a0ee0aab79f8174f7,N/A,N/A,85%,Insurance Agents: Brokers: and Service,https://facebook.com/groupbenefitsltd,https://linkedin.com/company/group-benefits-ltd,N/A,N/A,https://youtube.com/user/thegblstory
Davin Smith,Davin,Smith,– Vice President of Operations,dsmith@procollect.com,Procollect,procollect.com,+18008398186,"12170 N. Abrams Rd., Suite 100 Dallas, Texas 75243",Dallas,TX,"=""75243""",125,25000000,65,"[""Google Analytics"",""Google Font API"",""Nginx"",""WP Engine"",""WordPress"",""jQuery""]",39998440,catchall,3/28/2022,7f0a6d4b4332560a15b1484e523f3755,N/A,N/A,85%,Real Estate,N/A,N/A,N/A,N/A,N/A
Dave String,Dave,String,VP of Operations,dstring@ncp-claims.com,Ncp Group,ncp-claims.com,+13216847262,"Suite 209 Merritt Island, FL 32953",Rockledge,FL,"=""32953""",5,6411000000,6411,"[""Apache"",""RequireJS"",""jQuery""]",38112216,catchall,8/7/2023,d2b61dfcdd98c5d39f5612e9f2084ef1,N/A,N/A,85%,Insurance Agents: Brokers: and Service,https://facebook.com/nationalcatastrophepartners,https://linkedin.com/company/national-catastrophe-partners,https://twitter.com/ncp_claims,N/A,N/A
Dustin Ward,Dustin,Ward,Cic Vice President,dustinw@htiins.com,Hometown Insurance Of Long Island,htiins.com,+18002344433,"67 N Cross Street Danville, IN",Bohemia,NY,N/A,5,6000000,6411,"[""Google Analytics"",""Google Font API"",""Modernizr"",""Supersized"",""Twitter Emoji (Twemoji)"",""WordPress"",""jQuery"",""jQuery Migrate"",""jQuery UI""]",45810294,catchall,9/21/2023,4596b8fe00e30e45f4810a8f0ab453f9,N/A,N/A,85%,Insurance Agents: Brokers: and Service,N/A,N/A,N/A,N/A,N/A
Deirdre Ward,Deirdre,Ward,VP of Sourcing and Production,dward@express.com,Express,express.com,(800) 695-1788,N/A,Sitka,AK,N/A,5,576180,39,[],36638166,catchall,8/18/2023,1942685877fe07901444803cd8d6332c,N/A,N/A,85%,Miscellaneous Manufacturing Industries,N/A,N/A,N/A,N/A,N/A
Dave Watkins,Dave,Watkins,Vice President,dwatkins@greystar.com,Greystar,greystar.com,+17192431002,"750 Bering Drive, Suite 300 Houston, TX 77075",Charlotte,NC,"=""77075""",7500,110000000,65,"[""Google Maps"",""Google Tag Manager""]",39772346,catchall,9/20/2022,813e5c57f7a677e08f2ff64f8f50638c,N/A,N/A,85%,Real Estate,https://facebook.com/greystarapts,https://linkedin.com/company/greystar,https://twitter.com/greystarapts,N/A,https://youtube.com/user/greystarapartments
Danielle Weber,Danielle,Weber,"Vice President, Underwriting",dweber@providentbenefits.com,Provident,providentbenefits.com,+18552071747,"272 Alpha Drive PO Box 11588 Pittsburgh, PA 15238",York,PA,"=""15238""",5,7000000,6411,"[""Bootstrap"",""Facebook"",""Font Awesome"",""Google Analytics"",""Google Tag Manager"",""Modernizr"",""Nginx"",""OWL Carousel"",""Segment"",""Underscore.js"",""WordPress"",""Yoast SEO"",""animate.css"",""jQuery"",""jQuery Migrate""]",39598395,catchall,9/21/2023,4655255786e18531267c84b2bb0e598b,N/A,N/A,85%,Insurance Agents: Brokers: and Service,https://facebook.com/providentins,https://linkedin.com/company/provident,https://twitter.com/provident__ins,N/A,https://youtube.com/channel/ucdvqk1dapdddowtocxtjsya
Elizabeth Baran Wagner,Elizabeth,Wagner,"Senior Vice President & Director, Institutional Wealth Management",ebaran-wagner@domenick.com,Bmt,domenick.com,+14848759050,"1650 Grant Ave., Philadelphia, PA 19115180 W. Girard Avenue Philadelphia, PA 191231230 Walnut St. Philadelphia, PA 191071230 Walnut St. 2nd Floor, Philadelphia, PA 191076331 Castor Ave. Philadelphia, ",Philadelphia,PA,"=""19107""",5,2000000,6411,"[""Facebook"",""Font Awesome"",""Google Analytics"",""Google Font API"",""Google Maps"",""Google Tag Manager"",""Nginx"",""OWL Carousel"",""Pardot"",""Revslider"",""Twitter Emoji (Twemoji)"",""Underscore.js"",""WP Engine"",""WordPress"",""Yoast SEO"",""animate.css"",""jQuery"",""jQuery Migrate"",""prettyPhoto""]",41970233,catchall,9/21/2023,587418a7094f2863b855e4b7339ae87a,N/A,N/A,85%,Insurance Agents: Brokers: and Service,N/A,N/A,https://twitter.com/brynmawrtrust,N/A,N/A
Ed Condon,Ed,Condon,VP Information Services,ed_condon@hsb.com,Hartford Steam Boiler Inspection,hsb.com,N/A,N/A,New York,NY,N/A,3000,6411000000,6411,[],39035530,catchall,10/26/2021,c0193da3ec1d72d528724daa9f76821e,N/A,N/A,85%,Insurance Agents: Brokers: and Service,N/A,N/A,N/A,N/A,N/A
Edward Lebuda,Edward,Lebuda,Vice President,edward@mciinsurance.com,Mci,mciinsurance.com,+19898358800,"701 N Madison Ave, Bay City, MI 48708",Bay City,MI,"=""48708""",30,5000000,6411,"[""Font Awesome"",""Google Analytics"",""Google Font API"",""Google Tag Manager"",""Modernizr"",""Nginx"",""PHP"",""WordPress"",""Yoast SEO"",""YouTube"",""jQuery"",""jQuery Migrate"",""reCAPTCHA""]",38953132,catchall,5/17/2024,857327cd62b306660af48492be71cc95,N/A,N/A,85%,Insurance Agents: Brokers: and Service,https://facebook.com/mciinsurance/timeline,N/A,https://twitter.com/mciinsurance,N/A,N/A
Evan Evans,Evan,Evans,Area Vice President,eevans@hriproperties.com,Hri Properties,hriproperties.com,+15045660204,"812 Gravier Street Suite 200 New Orleans, LA 70112",New Orleans,LA,"=""70112""",300,600000000,65,"[""Font Awesome"",""Google Analytics"",""Nginx"",""Polyfill"",""Slick"",""TweenMax"",""Twitter Emoji (Twemoji)"",""WP Engine"",""WordPress"",""Yoast SEO"",""jQuery""]",36247613,catchall,7/30/2024,2071742be7e40ecbc8be185c617ccce4,N/A,N/A,85%,Real Estate,https://facebook.com/hripropertiesllc,https://linkedin.com/company/hri-properties,N/A,N/A,N/A
Ed Finley,Ed,Finley,VP Marketing,efinley@bactpa.com,Bactpa.com,bactpa.com,N/A,N/A,Reynoldsburg,OH,N/A,N/A,0,6411,"[""IIS"",""Microsoft ASP.NET"",""jQuery""]",43785486,catchall,8/18/2023,fd404a7fd0facef553869b002e6af2c3,N/A,N/A,85%,Insurance Agents: Brokers: and Service,N/A,N/A,N/A,N/A,N/A
Emily Hossellman,Emily,Hossellman,VP of Marketing,ehossellman@getgenea.com,Genea Provides,GetGenea.com,+17146940536,"19100 Von Karman Ave Suite 550 Irvine, CA 9261219100 Von Karman Ave, Suite 550 Irvine, CA 92612",Irvine,CA,"=""92612""",30,5700128,65,"[""Apache"",""Google Analytics"",""Google Font API"",""PHP"",""WordPress"",""Yoast SEO""]",45574432,catchall,8/18/2023,64c37a2063704f4f5cab54e6e8fc7127,N/A,N/A,85%,Real Estate,N/A,https://linkedin.com/company/getgenea,N/A,N/A,N/A
Edward Johnson,Edward,Johnson,"Vice President Construction Risk, Partner ...",ejohnson@wgbender.com,Warren G. Bender,wgbender.com,+19163805346,"516 Gibson Drive Suite 240 Roseville, CA 95678516 Gibson Drive, Suite 240, Roseville, CA 95678",Roseville,CA,"=""95678""",30,7000000,6411,"[""Google Analytics"",""Modernizr"",""PHP"",""Twitter Emoji (Twemoji)"",""WordPress"",""ZURB Foundation"",""Zepto"",""jQuery"",""jQuery Migrate""]",46642437,catchall,9/4/2024,371ee2dd27dbd379992ca0dee963f1d5,N/A,N/A,85%,Insurance Agents: Brokers: and Service,https://facebook.com/pages/warren-g-bender-co/325804603296,https://linkedin.com/company/warren-g.-bender-company,https://twitter.com/wgbco,N/A,N/A
Elaine Spear,Elaine,Spear,"Vp, Marketing Operations",elaine@horizonagency.com,"Horizon Agency, Inc6500",horizonagency.com,+19529147152,"Suite 100 Eden Prairie, MN 55344",Eden Prairie,MN,"=""55344""",30,13000000,6411,"[""CloudFlare"",""Google Font API"",""OpenResty"",""Varnish"",""Webflow"",""jQuery""]",39826542,catchall,8/18/2023,876278b6b1be46fc791e284ad6f0d1b5,N/A,N/A,85%,Insurance Agents: Brokers: and Service,N/A,N/A,N/A,N/A,N/A
Elliot Turner,Elliot,Turner,"Managing Partner, CIO",elliot@rgaia.com,Rga Investment Advisors,rgaia.com,+15166000200,"185 Great Neck Road (Great Neck, NY)",New York,NY,N/A,N/A,35000000,65,"[""All in One SEO Pack"",""Apache"",""Google Font API"",""PHP"",""Twitter Emoji (Twemoji)"",""WordPress"",""YouTube"",""jQuery"",""jQuery Migrate""]",40529905,catchall,6/23/2021,aef510d18f4281560783171683dcd291,N/A,N/A,85%,Real Estate,N/A,N/A,https://twitter.com/jasonmgilbert,N/A,N/A
Emma A. Massey,Emma,Massey,Vice President,emma@masseyagency.com,Massey Insurance Agency,masseyagency.com,+19733187251,N/A,Newark,NJ,N/A,5,1187760,6411,"[""FancyBox"",""Font Awesome"",""Google Analytics"",""Google Font API"",""Gravity Forms"",""Lightbox"",""Nginx"",""Vue.js"",""WP Engine"",""WordPress"",""Yoast SEO"",""jQuery"",""jQuery Migrate""]",45820466,catchall,9/21/2023,cb480ff623529b372e666b95b0a9502e,N/A,N/A,85%,Insurance Agents: Brokers: and Service,https://facebook.com/masseyinsuranceagencyinc,https://linkedin.com/company/massey-insurance-agency-inc,https://twitter.com/masseyinsagency,N/A,N/A
Einar Murchison,Einar,Murchison,"Vice President, Sales and Marketing",emurchison@itdepartment.com,Itdepartment,itdepartment.com,+16135232322,N/A,Clearwater,FL,N/A,5,0,91,[],37993214,catchall,8/18/2023,aa3b5bdf640dacb023ce224e4e2ac499,N/A,N/A,85%,Executive: Legislative: and General Government: except Finance,N/A,N/A,N/A,N/A,N/A
Eric Bluhm,Eric,Bluhm,Sr. Vice President - Sales,eric.bluhm@zywave.com,Zywave,zywave.com,+18664999283,"Suite 300 Milwaukee, WI 53226",Milwaukee,WI,"=""53226""",350,6411000000,6411,"[""CloudFlare"",""FancyBox"",""Google Analytics"",""Google Maps"",""Google Tag Manager"",""Marketo"",""Nginx"",""WP Engine"",""WordPress"",""jQuery"",""jQuery Migrate""]",45175057,catchall,8/18/2023,59403c023297c30cf18a77563b3619fe,N/A,N/A,85%,Insurance Agents: Brokers: and Service,https://facebook.com/zywave,https://linkedin.com/company/zywave,https://twitter.com/zywave,N/A,https://youtube.com/channel/ucph1yelctiifovfkjpyi5mw
Eric Brown,Eric,Brown,"Vice President, Manufacturing Policy and",eric.brown@cbia.com,Cbia,cbia.com,+18602441900,"350 Church St, Hartford, CT",Hartford,CT,N/A,75,7000000,6411,"[""CloudFlare"",""Disqus"",""Google Tag Manager"",""Gravatar"",""List.js"",""Nginx"",""PHP"",""Twitter"",""WP Engine"",""WordPress"",""jQuery"",""jQuery Migrate""]",41409859,catchall,11/17/2021,c6882e1808edb224077cdc1adae350d8,N/A,N/A,85%,Insurance Agents: Brokers: and Service,https://facebook.com/cbiafb,N/A,https://twitter.com/cbianews,N/A,N/A
Eva Ackerman,Eva,Ackerman,Vice President,eva.ackerman@rectorseal.com,Rectorseal Australia Pty,rectorseal.com,+18002313345,"2601 Spenwick Drive, Houston, Texas 770552601 Spenwick Drive Houston TX 77055",Houston,TX,"=""77055""",300,37500000,28,"[""Bootstrap"",""CloudFlare"",""DataTables"",""Font Awesome"",""Google AdSense"",""Google Analytics"",""Google Font API"",""Google Tag Manager"",""Nginx"",""PHP"",""Revslider"",""Select2"",""TrackJs"",""Twitter Emoji (Twemoji)"",""Underscore.js"",""WooCommerce"",""WordPress"",""Yoast SEO"",""animate.css"",""jQuery"",""jQuery Migrate"",""jQuery UI""]",37760032,catchall,1/24/2024,792a768cbada30a73abb60109f647586,N/A,N/A,85%,Chemicals and Allied Products,https://facebook.com/rectorseal,https://linkedin.com/company/rectorseal,https://twitter.com/rectorseal,N/A,https://youtube.com/channel/uc846d95djf2ot003f-zsegq
Eve Moore,Eve,Moore,"Vice President of Operations, Hotels",eve@legacyproperty.com,Legacy Ventures,legacyproperty.com,+14042229090,"300 Marietta Street, Suite 304 Atlanta, GA 30313",Atlanta,GA,"=""30313""",30,2000000,65,"[""Bootstrap"",""CloudFlare"",""Font Awesome"",""Google Analytics"",""Google Font API"",""Google Tag Manager"",""Lightbox"",""Modernizr"",""WordPress"",""Yoast SEO"",""animate.css"",""jQuery"",""jQuery Migrate""]",41314404,catchall,3/28/2022,40250f0a56258ecd995ebea4f79f265d,N/A,N/A,85%,Real Estate,N/A,https://linkedin.com/company/legacy-ventures-hospitality,N/A,N/A,N/A
Fred Anderson,Fred,Anderson,"Vice President, Accounting",fanderson@fbmc-benefits.com,Fbmc,fbmc-benefits.com,N/A,N/A,Tallahassee,FL,N/A,125,6411000000,6411,[],36973930,catchall,1/10/2022,80af6e6b078ccd8397ce03ab754fff1f,N/A,N/A,85%,Insurance Agents: Brokers: and Service,N/A,N/A,N/A,N/A,N/A
Fred Angeli,Fred,Angeli,"VP Sales, Marin County",f.angeli@deckerbullocksir.com,Golden Gate,deckerbullocksir.com,+14155285088,N/A,Mill Valley,CA,N/A,125,0,65,"[""Google Analytics"",""Google Font API"",""IIS"",""Microsoft ASP.NET"",""Prototype"",""VideoJS"",""jQuery"",""jQuery Migrate"",""jQuery UI""]",38196270,catchall,8/18/2023,5ba50afd8011a2ddb07f87c6d872ddf0,N/A,N/A,85%,Real Estate,https://facebook.com/279007502197015,https://linkedin.com/company/goldengatesir,https://twitter.com/goldengatesir,https://instagram.com/goldengatesir,https://youtube.com/channel/uckqtchzwjppwkdqyyod_xba
Brandy Foust,Brandy,Foust,Regional Vice President,foustb@nationwide.com,Nationwide Mutual,nationwide.com,+18662382164,N/A,Charleston,SC,N/A,30,4000000,6411,"[""Bootstrap"",""Ensighten"",""Facebook"",""Google Code Prettify"",""Java"",""Marked"",""New Relic"",""SDL Tridion"",""ZURB Foundation"",""jQuery"",""reCAPTCHA""]",43311028,catchall,11/17/2021,5c0b49db20e7b5ae9ed6d7a9f6f541a9,N/A,N/A,85%,Insurance Agents: Brokers: and Service,https://facebook.com/nationwide,https://linkedin.com/company/2340,https://twitter.com/nationwide,https://instagram.com/nationwide,N/A
Frank Scott,Frank,Scott,Senior Vice President/regional Resource ...,frank@theinsuranceresource.net,Insurance Resource,theinsuranceresource.net,+19207884264,"409 W. Kimberly Ave. Kimberly, WI 54136",Kimberly,WI,"=""54136""",5,1638653,6411,"[""IIS"",""Microsoft ASP.NET"",""jQuery""]",41965396,catchall,11/17/2021,c24d920cb24f1a9522a55899a8c8874f,N/A,N/A,85%,Insurance Agents: Brokers: and Service,N/A,N/A,N/A,N/A,N/A
Fred Angeli,Fred,Angeli,"VP Sales, Marin County",fred@todaysir.com,Golden Gate,todaysir.com,+14155285088,N/A,San Carlos,CA,N/A,125,25000000,65,"[""Google Analytics"",""Google Font API"",""IIS"",""Microsoft ASP.NET"",""Prototype"",""VideoJS"",""jQuery"",""jQuery Migrate"",""jQuery UI""]",38614716,catchall,8/18/2023,45cf1980a38d664304a6adbf8736c938,N/A,N/A,85%,Real Estate,https://facebook.com/279007502197015,https://linkedin.com/company/goldengatesir,https://twitter.com/goldengatesir,https://instagram.com/goldengatesir,https://youtube.com/channel/uckqtchzwjppwkdqyyod_xba
Gary Brown,Gary,Brown,Senior Vice President,gary.brown@naipartners.com,Nai,naipartners.com,+15125806025,"1360 Post Oak Blvd, Suite 1900 Houston, TX 77056",Houston,TX,"=""77056""",125,25000000,65,"[""Apache"",""Bootstrap"",""Google Analytics"",""Gravity Forms"",""Intercom"",""Twitter Emoji (Twemoji)"",""WordPress"",""jQuery"",""jQuery Migrate""]",39110841,catchall,8/19/2022,376c747d0ab990d3bbdc56d0edb8d0e8,N/A,N/A,85%,Real Estate,https://facebook.com/naipartners,https://linkedin.com/company/naipartners,https://twitter.com/naipartners,https://instagram.com/naipartners,N/A
Gary Ewers,Gary,Ewers,Vice President,garye@hertvik.com,Hertvik Insurance Group,hertvik.com,+13304990206,"6277 Frank Ave. NW North Canton, OH 44720",Cleveland,OH,"=""44720""",5,1000000,6411,"[""CloudFlare"",""Facebook"",""Font Awesome"",""Google Analytics"",""Google Font API"",""Google Tag Manager"",""Nginx"",""Underscore.js"",""WordPress"",""Yoast SEO"",""jQuery"",""jQuery Migrate""]",36620629,catchall,9/21/2023,ae1157bc9466085423aaed5ea59ba7e4,N/A,N/A,85%,Insurance Agents: Brokers: and Service,https://facebook.com/hertvikinsurance,https://linkedin.com/company/hertvik-insurance-group,https://twitter.com/hertvikinsgrp,https://instagram.com/hertvikinsurance,N/A
Gary Mcdaniel,Gary,Mcdaniel,Finance Director,gary.mcdaniel@moultriega.com,Moultrie,moultriega.com,+12298905455,"P.O. Box 3368 Moultrie, GA 31776",Moultrie,GA,"=""31776""",300,20000000,9199,"[""Font Awesome"",""Google Analytics"",""Nginx"",""Twitter Emoji (Twemoji)"",""WP Engine"",""WordPress"",""jQuery"",""jQuery Migrate"",""jQuery Mobile""]",42197882,catchall,5/9/2023,87ec3987b1da9cb38f233d638888fdd5,N/A,N/A,85%,General Government: Not Elsewhere Classified,https://facebook.com/cityofmoultrie,N/A,N/A,https://instagram.com/city_of_moultrie_ga,https://youtube.com/channel/ucan3-1afqytosfi-w9bc9ka
Gregg Barrett,Gregg,Barrett,Senior Vice President,gbarrett@centraljerseyins.com,Central Jersey,centraljerseyins.com,+17323837539,"205 Tuckerton Rd., Suite 206 Medford, NJ 08055",North Plainfield,NJ,"=""08055""",5,426420,6411,"[""Apache"",""Google Analytics"",""Google Font API"",""Google Tag Manager"",""MediaElement.js"",""Prism"",""Revslider"",""TweenMax"",""Twitter Emoji (Twemoji)"",""Underscore.js"",""WordPress"",""jQuery"",""jQuery Migrate"",""reCAPTCHA""]",38391450,catchall,5/8/2024,f2f801cee6d4d47888a93e4e6334653f,N/A,N/A,85%,Insurance Agents: Brokers: and Service,https://facebook.com/centraljerseyinsurance,N/A,N/A,N/A,N/A
"Gregory Schweppe, Arm, Cic",Gregory,Cic,Sr. Vice President,gcic@ekinker.com,Mma,ekinker.com,+12163931842,"1730 N. Limestone St. Springfield, OH 45503",Cincinnati,OH,"=""45503""",30,5700128,64,"[""Apache"",""Joomla"",""MooTools"",""Ubuntu"",""jQuery"",""jQuery Migrate""]",42885612,catchall,11/17/2021,bb8b874050f4f6c26a6207321edafaeb,N/A,N/A,85%,Insurance Agents: Brokers: and Service,https://facebook.com/mmamidwest,https://linkedin.com/company/marsh-&-mclennan-agency-llc-midwest-region,https://twitter.com/mmamidwest1,N/A,https://youtube.com/channel/uci30un_jxji4nj8cpuufvog
Gary Roensch,Gary,Roensch,Vice President,gcpa@cbiz.com,Cbiz,cbiz.com,+13306686500,N/A,Chicago,IL,N/A,300,800000000,6411,[],41990150,catchall,3/24/2022,6dc7f50b960329a9fe5d1474e68eef16,N/A,N/A,85%,Insurance Agents: Brokers: and Service,N/A,https://linkedin.com/company/cbiz,https://twitter.com/cbz,N/A,https://youtube.com/user/cbizsolutions
Colin Reid,Colin,Reid,"Vice President, General Counsel and Secretary ...",general@barrettandstokely.com,And Construction,barrettandstokely.com,+13177427795,3755 East 82nd. St. Suite 300 Indianapolis,Indianapolis,IN,N/A,300,75000000,65,"[""Apache"",""Bootstrap"",""Font Awesome"",""Google Analytics"",""Google Font API"",""OWL Carousel"",""PHP"",""animate.css"",""jQuery"",""prettyPhoto""]",41103988,catchall,11/16/2022,3b4217f8d4a8035f76bd18d9e68601e4,N/A,N/A,85%,Real Estate,https://facebook.com/barrettstokely,https://linkedin.com/company/1407633,https://twitter.com/barrettstokely,N/A,N/A
Geoff Wild,Geoff,Wild,Chief Executive Officer,geoff.wild@atotech.com,Atotech,atotech.com,+18038173602,Jingguo Rd. Taoyuan City 33050,Charlotte,NC,"=""33050""",3000,432000000,28,"[""Apache"",""Bootstrap"",""CentOS"",""Font Awesome"",""Google Analytics"",""Google Font API"",""Google Maps"",""MediaElement.js"",""OWL Carousel"",""OpenSSL"",""PHP"",""WordPress"",""animate.css"",""jQuery"",""jQuery Migrate"",""jQuery UI"",""reCAPTCHA""]",38290529,catchall,5/14/2024,b7c357bf7ab835b6c3ac033be887dacb,N/A,N/A,85%,Chemicals and Allied Products,N/A,N/A,N/A,N/A,N/A
Georgeanthony Brown,Georgeanthony,Brown,Vice President | Managing Broker ...,george@jcrealtygroup.net,Jc Realty Group,jcrealtygroup.net,+19542080484,"5401 S. Kirkman Road, Orlando, FL 32819",Coral Springs,FL,"=""32819""",30,5700128,65,"[""Apache"",""Bootstrap"",""Font Awesome"",""Google Analytics"",""Google Font API"",""Google Maps"",""Revslider"",""Twitter Emoji (Twemoji)"",""WordPress"",""jQuery"",""jQuery Migrate""]",36499882,catchall,9/1/2021,25c3124b59207b0771e1a18ad67e2420,N/A,N/A,85%,Real Estate,https://facebook.com/jcrealtygroup,https://linkedin.com/in/javiercubas,https://twitter.com/jcrealtygroupco,N/A,N/A
George Korey,George,Korey,Divisional Vice President,george.korey@westernsouthernlife.com,Western & Southern Financial Group,westernsouthernlife.com,+18669754331,N/A,Cincinnati,OH,N/A,3000,6411000000,6411,"[""Azure"",""Bootstrap"",""Google Analytics"",""Google Tag Manager"",""IIS"",""Knockout.js"",""Microsoft ASP.NET"",""Modernizr"",""Sitecore"",""Slick"",""jQuery"",""jQuery UI"",""webpack""]",45179695,catchall,10/26/2021,f772f0f1cd1506e411c04a7aa2de4063,N/A,N/A,85%,Insurance Agents: Brokers: and Service,https://facebook.com/westernsouthernfinancialgroup,https://linkedin.com/company/western-&-southern-financial-group,https://twitter.com/westernsouthern,https://instagram.com/westernandsouthern,https://youtube.com/user/wsfinancialgroup
George Yang,George,Yang,"Vice President, Greater China",george.yang@atotech.com,Atotech,atotech.com,+18038173602,Jingguo Rd. Taoyuan City 33050,Charlotte,NC,"=""33050""",3000,432000000,28,"[""Apache"",""Bootstrap"",""CentOS"",""Font Awesome"",""Google Analytics"",""Google Font API"",""Google Maps"",""MediaElement.js"",""OWL Carousel"",""OpenSSL"",""PHP"",""WordPress"",""animate.css"",""jQuery"",""jQuery Migrate"",""jQuery UI"",""reCAPTCHA""]",38290533,catchall,1/24/2024,552c83e06539d8a25920dc3adde7df0e,N/A,N/A,85%,Chemicals and Allied Products,N/A,N/A,N/A,N/A,N/A
Gerri Wulff,Gerri,Wulff,Vice President of Sales & Marketing,gerri@revivereg.com,Revive Real Estate Group,revivereg.com,+18185327723,"3489 Sweetgrass Ave Simi Valley, CA.",Ranch Santa Margarita,CA,N/A,30,5700128,65,"[""Apache"",""FancyBox"",""Google Font API"",""Hammer.js"",""MediaElement.js"",""Mustache"",""Select2"",""VideoJS"",""Weebly"",""jQuery""]",43244480,catchall,8/18/2023,df0d9122099427171a5af59b8c0808d8,N/A,N/A,85%,Real Estate,https://facebook.com/revive-real-estate-group-120146668011388,https://linkedin.com/in/randy-tasch-159a7679,https://twitter.com/rtasch,N/A,N/A
Gregory Jones,Gregory,Jones,"Vice President, Consulting Services",gjones@surepowerconsulting.com,Sure Power Consulting,surepowerconsulting.com,+17706704300,N/A,Alpharetta,GA,N/A,125,0,28,"[""Apache"",""Google Analytics"",""Hotjar"",""Modernizr"",""Slick"",""Twitter Emoji (Twemoji)"",""WordPress"",""Yoast SEO"",""ZURB Foundation"",""jQuery"",""jQuery Migrate""]",37959357,catchall,1/24/2024,93f7ee4ecec82098db525e06def98407,N/A,N/A,85%,Chemicals and Allied Products,N/A,https://linkedin.com/company/surepower-consulting,N/A,N/A,N/A
Geoffrey Kenyon,Geoffrey,Kenyon,Office of the Chief Financial Officer (ocfo,gkenyon@doleta.gov,Dol,doleta.gov,+12026936710,"200 Constitution Ave NW Washington, DC 20210",Fort Wayne,IN,"=""20210""",5,1638653,91,"[""Akamai"",""Amazon ELB"",""Bootstrap"",""CloudFlare"",""Crazy Egg"",""Drupal"",""Font Awesome"",""Google Analytics"",""Google Tag Manager"",""Modernizr"",""Twitter"",""jQuery"",""jQuery UI""]",38431875,catchall,6/14/2023,95093c49dbf059c555b17af4df21f07c,N/A,N/A,85%,Executive: Legislative: and General Government: except Finance,https://facebook.com/departmentoflabor,https://linkedin.com/company/u-s--department-of-labor,https://twitter.com/usdol,https://instagram.com/usdol,https://youtube.com/user/usdepartmentoflabor
Greg Lehmann,Greg,Lehmann,– Vice President,glehmann@commsw.com,Communities Southwest,commsw.com,+14803152600,N/A,Phoenix,AZ,N/A,30,5700128,65,"[""Apache"",""Google Font API"",""Google Maps"",""Modernizr"",""PHP"",""Twitter Emoji (Twemoji)"",""WordPress"",""jQuery"",""jQuery Migrate"",""jQuery UI""]",38562596,catchall,10/7/2024,eba4251b646788a173a9da58ce664077,N/A,N/A,85%,Real Estate,N/A,N/A,N/A,N/A,N/A
Glenn Oliver,Glenn,Oliver,Sr. VP,glenn@morrisoninsurance.com,Morrison Insurance Agency,morrisoninsurance.com,+16177201620,N/A,Fairfield,CT,N/A,5,1000000,6411,[],45612132,catchall,11/17/2021,5a5985f6f164ee7fff160390a5223bae,N/A,N/A,85%,Insurance Agents: Brokers: and Service,N/A,N/A,N/A,N/A,N/A
Greg Parker,Greg,Parker,Vice President of Technical Services,gparker@bpipackaging.net,Packaging,bpipackaging.net,+19015658260,"4050 New Getwell Road Memphis, TN 381183976 New Getwell Road Memphis, TN 38118",Memphis,TN,"=""38118""",125,3999000000,3999,"[""All in One SEO Pack"",""Gentoo"",""Google Analytics"",""Google Font API"",""OWL Carousel"",""OpenResty"",""PHP"",""Twitter Emoji (Twemoji)"",""WordPress"",""jQuery"",""jQuery Migrate"",""jQuery UI""]",37499464,catchall,1/24/2024,25d144356ae5846283bd144f5b77e08e,N/A,N/A,85%,Manufacturing Industries: Not Elsewhere Classified,https://facebook.com/bpipackaging,https://linkedin.com/company/bpi-packaging-llc,N/A,N/A,N/A
Geoff Rackette,Geoff,Rackette,VP Integrated Delivery,grackette@worleyco.com,Worley Claims Services,worleyco.com,+19855422364,"151 Robin Hood Drive Hammond, LA 70403",Hammond,LA,"=""70403""",3000,6411000000,6411,"[""Apache"",""Google Analytics"",""Google Font API"",""Modernizr"",""PHP"",""Revslider"",""TweenMax"",""Twitter Emoji (Twemoji)"",""Ubuntu"",""WordPress"",""Yoast SEO"",""jQuery"",""jQuery Migrate"",""jQuery UI"",""prettyPhoto""]",36692601,catchall,10/26/2021,ce4c92b2a9573fa1beba0e91da6d4174,N/A,N/A,85%,Insurance Agents: Brokers: and Service,https://facebook.com/worleyco,https://linkedin.com/company/worley-catastrophe-response-llc,https://twitter.com/worleycat,N/A,N/A
Greg Solecki,Greg,Solecki,Vice President - Henry Ford At Home -,greg.solecki@hainesross.com,Home,hainesross.com,+12484767555,N/A,Farmington Hills,MI,N/A,5,1000000,6411,"[""AddToAny"",""CloudFlare"",""Facebook"",""Google Font API"",""Twitter""]",43048511,catchall,9/21/2023,c568b9da06ddb858f1b359194bbf73cc,N/A,N/A,85%,Insurance Agents: Brokers: and Service,https://facebook.com/dadlarson,N/A,N/A,N/A,N/A
Gregory Rhea,Gregory,Rhea,Vice President Sales,grhea@hiscapitalgroup.com,His Capital Group,hiscapitalgroup.com,+14073782777,"250 N. Orange Ave. Suite 610 Orlando, FL 32801",Orlando,FL,"=""32801""",30,6000000,65,[],37656903,catchall,8/18/2023,99bbe11da397cfd8651cce0156681548,N/A,N/A,85%,Real Estate,https://facebook.com/realdealcommercialinvesting,N/A,N/A,https://instagram.com/hiscapitalgroup,https://youtube.com/user/hisrealdeal
Gary Schultz,Gary,Schultz,Vice President,gschultz@endurancereusa.com,Sompo International Holdings,endurancereusa.com,+12124712800,"750 Third Avenue Floor 18 New York, NY 10017",New York,NY,"=""10017""",3000,6411000000,6411,"[""Bootstrap"",""CloudFlare"",""Google Analytics"",""Google Tag Manager"",""Mouse Flow"",""Prefix-Free"",""WP Engine"",""WordPress"",""jQuery"",""jQuery UI""]",42421174,catchall,10/26/2021,4406e0c1fe2055b8269c8c28249e9aa5,N/A,N/A,85%,Insurance Agents: Brokers: and Service,N/A,https://linkedin.com/company/sompo-international,N/A,N/A,N/A
Gene Ullmann,Gene,Ullmann,Senior Vice President,gullmann@centraljerseyins.com,Central Jersey,centraljerseyins.com,+17323837539,"205 Tuckerton Rd., Suite 206 Medford, NJ 08055",North Plainfield,NJ,"=""08055""",5,426420,6411,"[""Apache"",""Google Analytics"",""Google Font API"",""Google Tag Manager"",""MediaElement.js"",""Prism"",""Revslider"",""TweenMax"",""Twitter Emoji (Twemoji)"",""Underscore.js"",""WordPress"",""jQuery"",""jQuery Migrate"",""reCAPTCHA""]",38391449,catchall,9/21/2023,971b49a8976867892f27c8077050da11,N/A,N/A,85%,Insurance Agents: Brokers: and Service,https://facebook.com/centraljerseyinsurance,N/A,N/A,N/A,N/A
Gwen Torryowens,Gwen,Torryowens,Vice President,gwen.torry-owens@guycarp.com,Guy Carpenter,guycarp.com,+13477532348,"1166 Avenue of the Americas New York, NY 10036",Minneapolis,MN,"=""10036""",300,128780,6411,"[""Adobe Experience Manager"",""Apache"",""Google Analytics"",""Lodash"",""Modernizr"",""Pardot"",""ZURB Foundation"",""jQuery""]",38471461,catchall,5/8/2024,af8dd1e96c426a6d5a8c7327b1c6258f,N/A,N/A,85%,Insurance Agents: Brokers: and Service,N/A,N/A,https://twitter.com/guycarpenter,N/A,N/A
Haley Aust,Haley,Aust,"Vice President, Human Resources",haust@birgeandheld.com,Birge & Held,birgeandheld.com,+13174196205,"7535 E Hampden Ave Suite 400 Denver, CO 80231",Carmel,IN,"=""80231""",125,25000000,65,"[""Font Awesome"",""Google Font API"",""Material Design Lite"",""Modernizr"",""Nginx"",""Twitter Emoji (Twemoji)"",""WP Engine"",""WordPress"",""Yoast SEO"",""animate.css"",""jQuery"",""jQuery Migrate""]",42796154,catchall,6/5/2024,5e5533ef8186b2b0926fa6e089bd3c10,N/A,N/A,85%,Real Estate,N/A,https://linkedin.com/company/birge-held,N/A,N/A,N/A
Heather Burnham,Heather,Burnham,"Vice President, Marketing",heather_burnham@corvel.com,Corvel,corvel.com,+18887267835,N/A,Tampa,FL,N/A,30,519000000,6411,"[""Google Analytics"",""Google Font API"",""MediaElement.js"",""Microsoft ASP.NET"",""Moment.js"",""Pardot"",""Select2"",""YouTube"",""jQuery"",""jQuery UI""]",37683502,catchall,8/18/2023,242104e1bce7e447beb2c4e2f39f9c33,N/A,N/A,85%,Insurance Agents: Brokers: and Service,N/A,N/A,N/A,N/A,N/A
Heather Gaengel,Heather,Gaengel,"Vice President, Sales - Smb Accounts",heather.gaengel@zywave.com,Zywave,zywave.com,+18664999283,"Suite 300 Milwaukee, WI 53226",Milwaukee,WI,"=""53226""",350,6411000000,6411,"[""CloudFlare"",""FancyBox"",""Google Analytics"",""Google Maps"",""Google Tag Manager"",""Marketo"",""Nginx"",""WP Engine"",""WordPress"",""jQuery"",""jQuery Migrate""]",45175053,catchall,8/18/2023,cdbc38766b26db99e4c60b9f7c4aaa40,N/A,N/A,85%,Insurance Agents: Brokers: and Service,https://facebook.com/zywave,https://linkedin.com/company/zywave,https://twitter.com/zywave,N/A,https://youtube.com/channel/ucph1yelctiifovfkjpyi5mw
Carmen Hernandez,Carmen,Hernandez,Senior Vice President & General Counsel,hernandezc@realcrg.com,Crg Privacy,realcrg.com,+18645275453,"St. Louis, MissouriSt. Louis, MO 63114Center Drive St. Louis, MO 63114",St. Louis,MO,"=""63114""",30,7000000,65,"[""Apache"",""Bootstrap"",""Chart.js"",""Google Analytics"",""Google Font API"",""Google Maps"",""Google Tag Manager"",""Lightbox"",""Modernizr"",""Twitter Emoji (Twemoji)"",""WordPress"",""Yoast SEO"",""jQuery"",""jQuery Migrate""]",38178730,catchall,6/30/2021,b8169126bd735bb954723b2bd7ee9706,N/A,N/A,85%,Real Estate,https://facebook.com/crgrealestatedevelopment,https://linkedin.com/company/11099195,https://twitter.com/crg_real_estate,https://instagram.com/crg_real_estate,N/A
Harvey Gamm,Harvey,Gamm,VP Sales,hgamm@movoto.com,Movoto,movoto.com,N/A,N/A,San Francisco,CA,N/A,300,25000000,65,"[""CloudFlare"",""Express"",""Facebook"",""Google Analytics"",""Google Tag Manager"",""Hotjar"",""Nginx"",""Segment"",""Select2"",""Underscore.js"",""Visual Website Optimizer"",""YouTube"",""jQuery""]",36747497,catchall,8/18/2023,dbe755b798e0f907c79713cce60bec61,N/A,N/A,85%,Real Estate,N/A,N/A,N/A,N/A,N/A
Harvey Grodjesk,Harvey,Grodjesk,VP of Operations,hgrodjesk@rectorseal.com,Rectorseal Australia Pty,rectorseal.com,+18002313345,"2601 Spenwick Drive, Houston, Texas 770552601 Spenwick Drive Houston TX 77055",Houston,TX,"=""77055""",300,37500000,28,"[""Bootstrap"",""CloudFlare"",""DataTables"",""Font Awesome"",""Google AdSense"",""Google Analytics"",""Google Font API"",""Google Tag Manager"",""Nginx"",""PHP"",""Revslider"",""Select2"",""TrackJs"",""Twitter Emoji (Twemoji)"",""Underscore.js"",""WooCommerce"",""WordPress"",""Yoast SEO"",""animate.css"",""jQuery"",""jQuery Migrate"",""jQuery UI""]",37760030,catchall,4/12/2022,8fe82e6bec76e71f6f33c9d9dd8ca415,N/A,N/A,85%,Chemicals and Allied Products,https://facebook.com/rectorseal,https://linkedin.com/company/rectorseal,https://twitter.com/rectorseal,N/A,https://youtube.com/channel/uc846d95djf2ot003f-zsegq
Harry Mitchel,Harry,Mitchel,Chief Operating Officer,hmitchel@execairshare.com,Airshare Cares,execairshare.com,+18773725136,"8345 Lenexa Drive, Ste. 120 Lenexa, KS 66214",Overland Park,KS,"=""66214""",300,17500000,45,"[""CloudFlare"",""Flywheel"",""Font Awesome"",""Google Font API"",""Google Tag Manager"",""Pardot"",""Twitter Emoji (Twemoji)"",""WordPress"",""Yoast SEO"",""jQuery"",""jQuery Migrate"",""reCAPTCHA""]",41568040,catchall,10/2/2023,10b722345b8d0088ef201034812899d4,N/A,N/A,85%,Transportation By Air,https://facebook.com/flywithairshare,https://linkedin.com/company/fly-airshare,https://twitter.com/flyairshare,https://instagram.com/flyairshare,https://youtube.com/channel/uctyasl4pnjjjrvyn6w7n5jw
Holly Casper,Holly,Casper,Sr. Vice President of Operations,holly@greatercaa.org,Greater Charlotte Apartment,greatercaa.org,+19803216233,N/A,Charlotte,NC,N/A,30,5700128,65,"[""Azure"",""Font Awesome"",""Google Analytics"",""Microsoft ASP.NET"",""Moment.js""]",40064485,catchall,3/28/2022,b297986b9f2b8ea246b2a3ae5db9522c,N/A,N/A,85%,Real Estate,https://facebook.com/thegcaa,https://linkedin.com/company/greater-charlotte-apartment-association,https://twitter.com/greatercaa,https://instagram.com/greatercaa/,N/A
Hugh Scott,Hugh,Scott,"Sr. Vice President, Restaurant &amp; Hospitality ...",hscott@boltonco.com,Bolton,boltonco.com,+14086601063,"3475 E Foothill Blvd, Suite 100 Pasadena, CA 91107",Pasadena,CA,"=""91107""",300,52000000,6411,"[""Facebook"",""Font Awesome"",""Google Analytics"",""Google Tag Manager"",""Gravatar"",""Gravity Forms"",""Modernizr"",""OWL Carousel"",""OpenResty"",""PHP"",""Typekit"",""WordPress"",""Yoast SEO"",""ZURB Foundation"",""jQuery"",""jQuery UI""]",39738151,catchall,3/24/2022,bbb144a077b026928e45ffca9e674bfc,N/A,N/A,85%,Insurance Agents: Brokers: and Service,https://facebook.com/boltonco,https://linkedin.com/company/bolton-&-company,https://twitter.com/boltoncompany,https://instagram.com/boltoncompany,https://youtube.com/user/boltonandcompany
Irene A Benjamin,Irene,Benjamin,Vice President,ibenjamin@ecbm.com,Evans Conger Broussard,ecbm.com,N/A,N/A,Conshohocken,PA,N/A,125,10453500,6411,"[""Nginx""]",46679330,catchall,11/17/2021,5c075f88d3ef70a1b17206b08bd635f9,N/A,N/A,85%,Insurance Agents: Brokers: and Service,N/A,N/A,N/A,N/A,N/A
Ian Curran,Ian,Curran,Vice President,icurran@equitablerealestate.com,Equitable Real Estate,equitablerealestate.com,+16177284410,"75 Federal Street Suite 1115 Boston, MA 02110",Phoenix,AZ,"=""02110""",N/A,1182060,65,"[""Google Font API"",""jQuery""]",37515998,catchall,10/7/2024,0a84b00848faddc4c3187a038dbf02ff,N/A,N/A,85%,Real Estate,N/A,N/A,N/A,N/A,N/A
Jack Leahy,Jack,Leahy,Senior Vice President,jack.leahy@usi.biz,Usi,usi.biz,+18666570861,"100 Summit Lake Drive, Suite 400, Valhalla, NY 10595",East Greenwich,RI,"=""10595""",3000,6411000000,6411,"[""Bootstrap"",""Font Awesome"",""Google Analytics"",""Microsoft ASP.NET"",""Modernizr"",""jQuery"",""jQuery Migrate""]",43930903,catchall,10/26/2021,060977ab06e5df29f869b6bb51ca2f62,N/A,N/A,85%,Insurance Agents: Brokers: and Service,https://facebook.com/usiins,https://linkedin.com/company/usi-insurance-services,https://twitter.com/usiins,N/A,N/A
Jack Porter,Jack,Porter,Vice President,jack.porter@usi.biz,Usi,usi.biz,+18666570861,"100 Summit Lake Drive, Suite 400, Valhalla, NY 10595",East Greenwich,RI,"=""10595""",3000,6411000000,6411,"[""Bootstrap"",""Font Awesome"",""Google Analytics"",""Microsoft ASP.NET"",""Modernizr"",""jQuery"",""jQuery Migrate""]",43930893,catchall,10/26/2021,01802658f343cf4185df3be8f728eed9,N/A,N/A,85%,Insurance Agents: Brokers: and Service,https://facebook.com/usiins,https://linkedin.com/company/usi-insurance-services,https://twitter.com/usiins,N/A,N/A
James Bramwell,James,Bramwell,"Executive Vice President, Strategic Partners",james.bramwell@avantorinc.com,Avantor,avantorinc.com,+16103861700,"100 Matsonford Road Radnor, PA 19087;",Center Valley,PA,N/A,3000,307000000,28,"[""Bootstrap"",""CloudFlare"",""FancyBox"",""Google Analytics"",""Google Tag Manager"",""Modernizr"",""jQuery"",""jQuery UI""]",38202286,catchall,1/24/2024,71430f34b588ad298389b0a435eda718,N/A,N/A,85%,Chemicals and Allied Products,https://facebook.com/avantorinc,https://linkedin.com/company/1307665,https://twitter.com/avantor_news,N/A,N/A
James Elliott,James,Elliott,Executive Vice President of National Retail Production – West,james.elliott@guaranteedrate.com,Guaranteed Rate,AmazonRefinance.com,+18663840432,"2601 North Lamar, Suite 201, Austin, Texas 78705.",Plymouth,MA,N/A,N/A,0,65,"[""Google Font API"",""Google Maps"",""Google Tag Manager"",""Moment.js"",""Visual Website Optimizer"",""jQuery""]",40390902,catchall,8/18/2023,20402f593283f15644a827cab4c75f0b,N/A,N/A,85%,Real Estate,https://facebook.com/guaranteedrate,https://linkedin.com/company/guaranteed-rate,https://twitter.com/guaranteedrate,https://instagram.com/guaranteedrate,N/A
James Glasgow,James,Glasgow,Vice President of Business Operations,james.glasgow@grassvalley.com,Grass Valley,grassvalley.com,+15143331772,N/A,unknown city,unknown state,N/A,3000,3999000000,3999,"[""Apache"",""CloudFlare"",""Crazy Egg"",""Google Analytics"",""Google Tag Manager"",""HubSpot"",""Matomo"",""PHP"",""jQuery""]",44599598,catchall,5/28/2021,98fd74709e703a083ad5be5074cbcdac,N/A,N/A,85%,Manufacturing Industries: Not Elsewhere Classified,N/A,https://linkedin.com/company/1153,N/A,N/A,N/A
James Swanner,James,Swanner,Vice President of Claims,james.swanner@amfed.com,Amfed,amfed.com,+16018534949,"576 Highland Colony Parkway,Suite 300 |Ridgeland, MS 39157P.O. Box 1380 |Ridgeland, MS 39158-1380",Ridgeland,MS,"=""39158-1380""",30,860000000,6411,"[""Apache"",""Font Awesome"",""Google Analytics"",""PHP"",""Ubuntu"",""jQuery""]",46213620,catchall,4/12/2022,94a2084fd1dbd426956ed05e6037c06a,N/A,N/A,85%,Insurance Agents: Brokers: and Service,N/A,N/A,N/A,N/A,N/A
Jamie Walker,Jamie,Walker,CEO,jamie.walker@jetlinx.com,Jet Linx Aviation,jetlinx.com,+12108920800,"13030 Pierce St #100 Omaha, NE 6814413030 Pierce Street, Ste. 100 Omaha, NE 68144",Omaha,NE,"=""68144""",300,47400000,45,"[""Act-On"",""Google Analytics"",""Google Font API"",""Google Maps"",""Google PageSpeed"",""Google Tag Manager"",""Gravity Forms"",""Moment.js"",""Nginx"",""PHP"",""WordPress"",""jQuery"",""jQuery Migrate"",""jQuery UI"",""reCAPTCHA""]",43700596,catchall,12/11/2023,b2a5f71352ad301cc29cb6bcb982bbff,N/A,N/A,85%,Transportation By Air,https://facebook.com/jetlinx,https://linkedin.com/company/559358,https://twitter.com/jetlinxaviation,N/A,https://youtube.com/channel/uclqmu3skzzl9nsgogbcwafa
Janet Grenvall,Janet,Grenvall,First Vice President Producer ...,janet@ciswv.com,Commercial Insurance Services,ciswv.com,+13043458000,N/A,Charleston,WV,N/A,30,1431000000,6411,"[""Google Analytics"",""Google Font API"",""IIS"",""Kentico CMS"",""Microsoft ASP.NET"",""Plesk"",""jQuery""]",39747300,catchall,5/7/2021,ba77a2eeb2abe15d916dddfc0cc35fc4,N/A,N/A,85%,Insurance Agents: Brokers: and Service,https://facebook.com/ciswv,https://linkedin.com/company/2653459,https://twitter.com/ciswv,N/A,N/A
S Janie Truitt,S,Truitt,"Sr. Vice President, Program Delivery ...",janie@spacecoastinsurance.com,As An,spacecoastinsurance.com,+18003314929,N/A,Cocoa Beach,FL,N/A,30,5700128,64,"[""AddThis"",""Awesomplete"",""Bootstrap"",""CloudFlare"",""FancyBox"",""Font Awesome"",""Google Font API"",""Google Tag Manager"",""Microsoft ASP.NET"",""Modernizr"",""jQuery"",""jQuery Migrate""]",42773298,catchall,11/16/2021,d831d956be2803e6cea8deeaae126e77,N/A,N/A,85%,Insurance Agents: Brokers: and Service,https://facebook.com/spacecoastinsurance,https://linkedin.com/company/space-coast-insurance-agency-llc,N/A,N/A,N/A
Jared Gabbel,Jared,Gabbel,Vice President,jared@strongtowerig.com,Strong Tower Insurance Group,strongtowerig.com,+18003752075,3325 East Baseline Road Gilbert AZ 85234,Gilbert,AZ,"=""85234""",5,1000000,6411,"[""Flywheel"",""Google Analytics"",""Google Tag Manager"",""Modernizr"",""WordPress"",""jQuery"",""jQuery Migrate""]",36893190,catchall,10/7/2024,121c299d690a61b6cd89016b912f2290,N/A,N/A,85%,Insurance Agents: Brokers: and Service,https://facebook.com/strongtowerinsurancegroup,https://linkedin.com/company/strong-tower-insurance-group,https://twitter.com/strongtowerig,N/A,N/A
Jason Spore,Jason,Spore,Executive Vice President,jason@lakenan.com,Payment,lakenan.com,+15738837446,"460 Oil Well Road Jackson, TN 38305",Sainte Genevieve,MO,"=""38305""",30,4000000,6411,"[""Apache"",""Google Analytics"",""Google Tag Manager"",""Modernizr"",""PHP"",""ZURB Foundation"",""jQuery""]",46488762,catchall,11/17/2021,0ab06626dab2b600283d8cef32f677f1,N/A,N/A,85%,Insurance Agents: Brokers: and Service,N/A,https://linkedin.com/company/lakenan-insurance-of-ste-genevieve-st-louis,N/A,N/A,N/A
Jason Middleton,Jason,Middleton,CEO,jason@silverair.com,Silver Air,silverair.com,+13109029457,"3760 State St. Suite 101 Santa Barbara, CA 93105",Santa Barbara,CA,"=""93105""",75,45000000,45,"[""Bootstrap"",""Facebook"",""FancyBox"",""Font Awesome"",""Gentoo"",""Google Analytics"",""Google Tag Manager"",""Modernizr"",""OpenResty"",""PHP"",""Slick"",""animate.css"",""jQuery""]",37612913,catchall,5/3/2024,e9e58fd273fb00da39060eef40cff6fb,N/A,N/A,85%,Transportation By Air,https://facebook.com/flysilverair,https://linkedin.com/company/silver-air,https://twitter.com/flysilverair,https://instagram.com/flysilverair,N/A
Jorge Badia,Jorge,Badia,Director of Postal Operations,jbadia@cargoforceinc.com,Cargo Force,cargoforceinc.com,+17876676884,"9130 Dadeland Blvd Suite 1801 Miami, FL",Fort Lauderdale,FL,N/A,75,9500213,45,"[""Apache"",""Bootstrap"",""Font Awesome"",""Google Font API"",""Modernizr"",""NextGEN Gallery"",""PHP"",""Twitter Emoji (Twemoji)"",""WordPress"",""jQuery"",""jQuery Migrate""]",45825400,catchall,7/22/2022,b1f879ae3d744ccb8e85116ecaa88ee5,N/A,N/A,85%,Transportation By Air,N/A,N/A,N/A,N/A,N/A
Jason Baltazar,Jason,Baltazar,Senior Vice President Information ...,jbaltazar@boltonco.com,Bolton,boltonco.com,+14086601063,"3475 E Foothill Blvd, Suite 100 Pasadena, CA 91107",Pasadena,CA,"=""91107""",300,52000000,6411,"[""Facebook"",""Font Awesome"",""Google Analytics"",""Google Tag Manager"",""Gravatar"",""Gravity Forms"",""Modernizr"",""OWL Carousel"",""OpenResty"",""PHP"",""Typekit"",""WordPress"",""Yoast SEO"",""ZURB Foundation"",""jQuery"",""jQuery UI""]",39738143,catchall,5/15/2024,b42f850eca5aece629935b0f24ba7a7c,N/A,N/A,85%,Insurance Agents: Brokers: and Service,https://facebook.com/boltonco,https://linkedin.com/company/bolton-&-company,https://twitter.com/boltoncompany,https://instagram.com/boltoncompany,https://youtube.com/user/boltonandcompany
Jo Beth,Jo,Beth,Chief Operating Officer,jbeth@medicalartshospital.org,Medical Arts Hospital,medicalartshospital.org,+18068732183,"2200 N Bryan Ave Lamesa, TX 79331",Lamesa,TX,"=""79331""",30,17000000,9199,"[""Apache"",""Google Font API"",""Google Maps"",""Gravatar"",""Hammer.js"",""Modernizr"",""PHP"",""Revslider"",""Twitter Emoji (Twemoji)"",""WordPress"",""Yoast SEO"",""jQuery"",""jQuery Migrate"",""jQuery UI""]",44806832,catchall,5/9/2023,3c3e96a67308c72086bdfcd908f354f8,N/A,N/A,85%,General Government: Not Elsewhere Classified,N/A,N/A,N/A,N/A,N/A
Jo Beth Smith,Jo,Smith,Chief Operating Officer,jbeth-smith@medicalartshospital.org,Medical Arts Hospital,medicalartshospital.org,+18068732183,"2200 N Bryan Ave Lamesa, TX 79331",Lamesa,TX,"=""79331""",30,17000000,9199,"[""Apache"",""Google Font API"",""Google Maps"",""Gravatar"",""Hammer.js"",""Modernizr"",""PHP"",""Revslider"",""Twitter Emoji (Twemoji)"",""WordPress"",""Yoast SEO"",""jQuery"",""jQuery Migrate"",""jQuery UI""]",44806831,catchall,5/9/2023,919a1deecf0b205ab37ac791e54a0552,N/A,N/A,85%,General Government: Not Elsewhere Classified,N/A,N/A,N/A,N/A,N/A
Jill Bobo Vice,Jill,Vice,Vice President &amp Policy Production Officer,jbobo-vice@alabamalandservices.com,Alabama Land Services110,alabamalandservices.com,+12567640000,"110 South Pine Street Florence, Alabama 35630110 South Pine Street, Florence, AL 35630Alabama Land Services, 110 South Pine Street, Florence, AL, 35630, United States",Florence,AL,N/A,30,1425900,65,"[""Google Font API"",""Squarespace"",""YUI"",""webpack""]",45135057,catchall,8/18/2023,7fa0da0616a82cf03f7716c8fe039fac,N/A,N/A,85%,Real Estate,https://facebook.com/alabamalandservices,N/A,https://twitter.com/alabama_land,https://instagram.com/alabamalandservices,N/A
Joe Boyd,Joe,Boyd,Vice President of Operations,jboyd@lgihomes.com,Lgi Homes,lgihomes.com,+18668005178,"1450 Lake Robbins Drive, Suite 430 | The Woodlands, TX 77380",Seattle,WA,"=""77380""",750,838300000,65,"[""CloudFlare"",""Facebook"",""Font Awesome"",""Google Analytics"",""Google Font API"",""Google Tag Manager"",""IIS"",""Inspectlet"",""Java"",""Microsoft ASP.NET"",""jQuery"",""jQuery Migrate""]",37478802,catchall,4/12/2022,052d6dd0d774f8818a31d9879549ddc6,N/A,N/A,85%,Real Estate,https://facebook.com/lgihomes,N/A,https://twitter.com/#!/lgihomes,https://instagram.com/lgihomes,https://youtube.com/user/lgihomes
Janice Briggs,Janice,Briggs,Senior Vice President,jbriggs@summitamerica-ins.com,Summit America Insurance Services,summitamerica-ins.com,+19137545614,"P.O. Box 25936 Overland Park, KS 66225",Overland Park,KS,"=""66225""",30,150000000,6411,"[""Font Awesome"",""Google Analytics"",""Modernizr"",""Nginx"",""Slick"",""WP Engine"",""WordPress"",""jQuery"",""jQuery Migrate""]",40601694,catchall,3/24/2022,0d558225da93ab108b1d0f4ed9245e0d,N/A,N/A,85%,Insurance Agents: Brokers: and Service,https://facebook.com/ascensioncollegiate,N/A,https://twitter.com/relation_ins,https://instagram.com/relation_insurance_services,N/A
John Burns,John,Burns,Executive Vice President of Manufacturing ...,jburns@burnsagency.com,Burns Agency,burnsagency.com,+18887496233,"PO Box 363 Clinton, NY 13323-0363",Clinton,NY,"=""13323-0363""",5,1000000,6411,"[""Google Analytics"",""Java"",""Nginx"",""SWFObject"",""jQuery"",""jQuery UI""]",39614694,catchall,9/21/2023,e1f5766ea9901a3afcc12634c6b6ca79,N/A,N/A,85%,Insurance Agents: Brokers: and Service,https://facebook.com/theburnsagency,https://linkedin.com/in/theburnsagency,https://twitter.com/theburnsagency,N/A,N/A
"Jenny Matthews, Cebs",Jenny,Cebs,"Vice President, Employee Benefit ...",jcebs@ekinker.com,Mma,ekinker.com,+12163931842,"1730 N. Limestone St. Springfield, OH 45503",Cincinnati,OH,"=""45503""",30,5700128,64,"[""Apache"",""Joomla"",""MooTools"",""Ubuntu"",""jQuery"",""jQuery Migrate""]",42885606,catchall,11/17/2021,23ee92d2515daa641a7cebe1a214147d,N/A,N/A,85%,Insurance Agents: Brokers: and Service,https://facebook.com/mmamidwest,https://linkedin.com/company/marsh-&-mclennan-agency-llc-midwest-region,https://twitter.com/mmamidwest1,N/A,https://youtube.com/channel/uci30un_jxji4nj8cpuufvog
Jeffrey A. Chandler,Jeffrey,Chandler,Executive Vice President – Surety,jchandler@dkpins.com,Vtc,dkpins.com,+16162582955,"1097 South Lapeer Road, Suite B Oxford, MI 483711097 South Lapeer Road Suite B Oxford, MI 48371",Oxford,MI,"=""48371""",N/A,0,64,"[""Apache"",""Backbone.js"",""Bootstrap"",""Font Awesome"",""Google Analytics"",""Google Font API"",""Google Tag Manager"",""Lightbox"",""MooTools"",""PHP"",""Ubuntu"",""Underscore.js"",""WordPress"",""WP-Statistics"",""jQuery"",""jQuery Migrate"",""prettyPhoto"",""reCAPTCHA""]",45269384,catchall,5/6/2021,866afaa87be7cbe548320671c631c021,N/A,N/A,85%,Insurance Agents: Brokers: and Service,https://facebook.com/vtcins,https://linkedin.com/company/1400682,N/A,N/A,N/A
Jeffrey A. Chandler,Jeffrey,Chandler,Executive Vice President – Surety,jchandler@vtcins.com,Vtc Insurance Group,vtcins.com,+16162582955,"1175 West Long Lake Road, Suite 200 Troy, MI 480981175 West Long Lake Road Suite 200 Troy, MI 48098",Troy,MI,"=""48098""",125,6411000000,6411,"[""Apache"",""Backbone.js"",""Bootstrap"",""Font Awesome"",""Google Analytics"",""Google Font API"",""Google Tag Manager"",""MooTools"",""PHP"",""Ubuntu"",""Underscore.js"",""WordPress"",""Yoast SEO"",""WP-Statistics"",""jQuery"",""jQuery Migrate"",""reCAPTCHA""]",38677676,catchall,5/6/2021,f68f2289a14fdb20e60f667e67841a4f,N/A,N/A,85%,Insurance Agents: Brokers: and Service,https://facebook.com/vtcins,https://linkedin.com/company/1400682,N/A,N/A,N/A
Jeff Condon Messa,Jeff,Messa,Vice President,jcondon-messa@messa.org,Messa,messa.org,+18002924910,"P.O. Box 2573 East Lansing, MI1475 Kendale Blvd., P.O. Box 2560, East Lansing, MI 48826",East Lansing,MI,"=""48826""",5,2000000,6411,"[""Apache"",""Bootstrap"",""Chart.js"",""Google Analytics"",""Google Tag Manager"",""Gravatar"",""Lightbox"",""Modernizr"",""PHP"",""Twitter Emoji (Twemoji)"",""WordPress"",""Yoast SEO"",""jQuery"",""jQuery Migrate"",""jQuery UI""]",38780185,catchall,9/21/2023,a010f51b6e01a08392349e9cba6577f0,N/A,N/A,85%,Insurance Agents: Brokers: and Service,https://facebook.com/messaonline,N/A,https://twitter.com/messaonline,N/A,https://youtube.com/user/messahealth
Jeannie Delaura,Jeannie,Delaura,Senior Vice President ...,jdelaura@boltonco.com,Bolton,boltonco.com,+14086601063,"3475 E Foothill Blvd, Suite 100 Pasadena, CA 91107",Pasadena,CA,"=""91107""",300,52000000,6411,"[""Facebook"",""Font Awesome"",""Google Analytics"",""Google Tag Manager"",""Gravatar"",""Gravity Forms"",""Modernizr"",""OWL Carousel"",""OpenResty"",""PHP"",""Typekit"",""WordPress"",""Yoast SEO"",""ZURB Foundation"",""jQuery"",""jQuery UI""]",39738161,catchall,3/24/2022,75bb5020742bfdf90ea528c5253ac7ed,N/A,N/A,85%,Insurance Agents: Brokers: and Service,https://facebook.com/boltonco,https://linkedin.com/company/bolton-&-company,https://twitter.com/boltoncompany,https://instagram.com/boltoncompany,https://youtube.com/user/boltonandcompany
John Dillon,John,Dillon,Senior Vice President of Business Development,jdillon@bpipackaging.net,Packaging,bpipackaging.net,+19015658260,"4050 New Getwell Road Memphis, TN 381183976 New Getwell Road Memphis, TN 38118",Memphis,TN,"=""38118""",125,3999000000,3999,"[""All in One SEO Pack"",""Gentoo"",""Google Analytics"",""Google Font API"",""OWL Carousel"",""OpenResty"",""PHP"",""Twitter Emoji (Twemoji)"",""WordPress"",""jQuery"",""jQuery Migrate"",""jQuery UI""]",37499463,catchall,1/24/2024,f65b9d56ad33376d164e3d2ab4c0685f,N/A,N/A,85%,Manufacturing Industries: Not Elsewhere Classified,https://facebook.com/bpipackaging,https://linkedin.com/company/bpi-packaging-llc,N/A,N/A,N/A
Jackie Dougherty,Jackie,Dougherty,Vice President Business Insurance,jdougherty@bhlinsurance.com,Onegroup,bhlinsurance.com,+13157933634,"169 Main Street Oneida, NY 13421",Oneida,NY,"=""13421""",30,441000000,6411,[],40799504,catchall,3/24/2022,7d5f6a5efba2fa46c6421960073d72f5,N/A,N/A,85%,Insurance Agents: Brokers: and Service,N/A,https://linkedin.com/company/bailey-haskell-&-lalonde,N/A,N/A,N/A
John Downing,John,Downing,Vice President of Marketing,jdowning@mcdco.com,Mcdonald Development,mcdco.com,(404) 239-0885,N/A,Atlanta,GA,N/A,30,5700128,65,"[""Apache"",""FancyBox"",""Font Awesome"",""Google Analytics"",""OWL Carousel"",""Twitter Emoji (Twemoji)"",""Ubuntu"",""WordPress"",""Yoast SEO"",""jQuery""]",40493893,catchall,8/18/2023,64b0ca7bd8935407ddd53ed2bddb7050,N/A,N/A,85%,Real Estate,N/A,N/A,N/A,N/A,N/A
Jeanna Lee,Jeanna,Lee,Jor Biddison - Vice President (accounting,jeanna@tislimited.com,Tis,tislimited.com,+19208672195,"PO Box 740 Weyauwega, WI 54983-0740",Weyauwega,WI,"=""54983-0740""",5,1000000,6411,"[""Apache"",""Google Analytics"",""Google Tag Manager"",""Plesk""]",38126092,catchall,9/21/2023,5426a1944947de513ce98acf5798d204,N/A,N/A,85%,Insurance Agents: Brokers: and Service,N/A,N/A,N/A,N/A,N/A
Jeanne Caputo,Jeanne,Caputo,VP Sales &amp; Industry Relations,jeanne@mtclimousine.com,Mtc Limousine Corporate,mtclimo.com,+19147527516,"296 Adams Street, Bedford Hills, NY 10507",Bedford Hills,NY,"=""10507""",N/A,0,45,"[""Apache"",""Bootstrap"",""Font Awesome"",""Google Analytics"",""Mautic"",""OpenSSL"",""Slick"",""jQuery""]",38054037,catchall,8/18/2023,d95baed4dcde5d2dcde47a61c781f051,N/A,N/A,85%,Transportation By Air,https://facebook.com/mtclimos,https://linkedin.com/company/701660,https://twitter.com/mtclimo,N/A,N/A
Jeff Bowers,Jeff,Bowers,Vice President,jeff@bowersinsurance.com,Insurance Business,bowersinsurance.com,+18005335602,N/A,Hagerstown,MD,N/A,5,2000000,6411,"[""Azure"",""Apache"",""Drupal"",""Google Analytics"",""Modernizr"",""Red Hat"",""ZURB Foundation"",""jQuery""]",46710732,catchall,9/21/2023,20d14201087fab772bb7939d283189f1,N/A,N/A,85%,Insurance Agents: Brokers: and Service,https://facebook.com/bowersinsurance,https://linkedin.com/company/1192858,https://twitter.com/bowersinsurance,https://instagram.com/bowersinsuranceagency,https://youtube.com/channel/ucbmsklrjpgltj9wqxjb1xyq
Jeff Taylor,Jeff,Taylor,CEO & Founder,jeff@event38.com,Event 38 Unmanned Systems,event38.com,+12342060410,N/A,Cleveland,OH,N/A,5,7000000,45,"[""Google Analytics"",""Google Font API"",""Intercom"",""MediaElement.js"",""Nginx"",""WooCommerce"",""WordPress"",""jQuery"",""jQuery Migrate""]",37668783,catchall,3/7/2024,8568fd0bda35d9fe9b374238ef17b4c5,N/A,N/A,85%,Transportation By Air,N/A,N/A,https://twitter.com/event38,N/A,https://youtube.com/channel/ucp-purcjqqvcgsxlwtxoa5w
Jeff Hu,Jeff,Hu,Chief Information Officer,jeffhu@tsiappraisal.com,Amrock Alabama,tsiappraisal.com,+18554558801,N/A,Detroit,MI,N/A,75,9500213,65,"[""Bootstrap"",""CloudFlare"",""Facebook"",""Google Analytics"",""Google Tag Manager"",""HubSpot"",""Java"",""Marketo"",""Matomo"",""New Relic"",""Nginx"",""Pantheon"",""Slick"",""Twitter Emoji (Twemoji)"",""Varnish"",""WordPress"",""jQuery"",""jQuery Migrate""]",38837942,catchall,1/25/2022,7bde6e0e8904f152a1a067cd73fae042,N/A,N/A,85%,Real Estate,https://facebook.com/amrocksocial,https://linkedin.com/company/amrock,https://twitter.com/amrock,https://instagram.com/amrocksocial,N/A
Jeff Sime,Jeff,Sime,"Vice President of Operations, Restaurants",jeff@legacyproperty.com,Legacy Ventures,legacyproperty.com,+14042229090,"300 Marietta Street, Suite 304 Atlanta, GA 30313",Atlanta,GA,"=""30313""",30,2000000,65,"[""Bootstrap"",""CloudFlare"",""Font Awesome"",""Google Analytics"",""Google Font API"",""Google Tag Manager"",""Lightbox"",""Modernizr"",""WordPress"",""Yoast SEO"",""animate.css"",""jQuery"",""jQuery Migrate""]",41314403,catchall,3/28/2022,f5a578335c814c7e67b6d34a85ae6491,N/A,N/A,85%,Real Estate,N/A,https://linkedin.com/company/legacy-ventures-hospitality,N/A,N/A,N/A
Jeff Lloyd,Jeff,Lloyd,VP R &amp; D,jeffl@nisuscorp.com,Nisus,nisuscorp.com,+14128942846,"9223 Maury River Road Goshen, VA 24439",Knoxville,TN,"=""24439""",30,21000000,28,"[""Bootstrap"",""Facebook"",""Google Analytics"",""Google Font API"",""Google Tag Manager"",""Modernizr"",""Nginx"",""Pantheon"",""Revslider"",""Slick"",""Twitter"",""Twitter Emoji (Twemoji)"",""Varnish"",""WordPress"",""Yoast SEO"",""jQuery"",""jQuery Migrate"",""jQuery UI""]",39989699,catchall,1/24/2024,04ab68e4631479bf677429656925a1f8,N/A,N/A,85%,Chemicals and Allied Products,https://facebook.com/nisuscorp,N/A,https://twitter.com/nisuscorp,N/A,https://youtube.com/user/nisuscorp
Jeff Watt,Jeff,Watt,Senior Vice President Reinsurance,jeffrey_watt@hsb.com,Hartford Steam Boiler Inspection,hsb.com,N/A,N/A,New York,NY,N/A,3000,6411000000,6411,[],39035520,catchall,10/26/2021,68cafdf11dbd4654aa8c3a18d17aa4d8,N/A,N/A,85%,Insurance Agents: Brokers: and Service,N/A,N/A,N/A,N/A,N/A
Jeff Pearce,Jeff,Pearce,Vice President Sales,jeff@smithvilleagent.com,Smithville,smithvilleagent.com,+18777342265,Street Address 14450 N US 169 Hwy Suite N,Smithville,MO,N/A,N/A,0,64,[],43468941,catchall,8/18/2023,0c716b04dc24dc42c3bbec3d2885a07b,N/A,N/A,85%,Insurance Agents: Brokers: and Service,https://facebook.com/statefarm,https://linkedin.com/company/state_farm,https://twitter.com/statefarm,https://instagram.com/statefarm,N/A
Jeff Weber,Jeff,Weber,VP of Agent Development,jeff.weber@ipmg.com,Ipmg,benefit-sys.com,+18552404764,N/A,Westmont,IL,N/A,30,6226560,6411,[],45628693,catchall,4/19/2021,6a175de543dc8b8054c8a6fd08cfcaaa,N/A,N/A,85%,Insurance Agents: Brokers: and Service,https://facebook.com/insuranceprogrammanagersgroup,https://linkedin.com/company/2490629,https://twitter.com/ipmginsurance,N/A,N/A
Jenna Brown,Jenna,Brown,Vice President,jennab@ovdinsurance.com,Insurance,ovdinsurance.com,+18002344433,"A: 2780 44th Street SW, Wyoming, MI 495192780 44th St SW Wyoming, Michigan 49519",Wyoming,MI,"=""49519""",30,5700128,64,"[""Apache"",""Font Awesome"",""Google Analytics"",""Google Font API"",""PHP"",""Twitter Emoji (Twemoji)"",""WordPress"",""Yoast SEO"",""YouTube"",""jQuery"",""jQuery Migrate"",""reCAPTCHA""]",38624148,catchall,11/17/2021,dcca799e2f2e0a592673ef76d0da3445,N/A,N/A,85%,Insurance Agents: Brokers: and Service,https://facebook.com/ovdinsurance,https://linkedin.com/company/olivier-vandyk-insurance-agency,https://twitter.com/ovdinsurance,N/A,N/A
Jeremy Pickett,Jeremy,Pickett,VP of Brokerage Sales,jeremy@pickett-group.com,Pickett Group,pickett-group.com,+16365190977,"26 W. Dry Creek Circle, Suite 800, Littleton, CO 80120, 303-797-9080",Chesterfield,MO,"=""303-797-9080""",5,1638653,6411,"[""CloudFlare"",""Google Analytics"",""Google Font API"",""Google Maps"",""Google Tag Manager"",""Gravatar"",""Revslider"",""TrackJs"",""Twitter Emoji (Twemoji)"",""WordPress"",""animate.css"",""jQuery"",""jQuery Migrate""]",44594578,catchall,8/18/2023,e6cfb3dac43cf50122863d8ee687160a,N/A,N/A,85%,Insurance Agents: Brokers: and Service,N/A,https://linkedin.com/company/pickett-group-inc,https://twitter.com/pickettgroup,N/A,N/A
Jerilyn Kelly,Jerilyn,Kelly,Vice President Regional Sales,jerilyn_kelly@corvel.com,Corvel,corvel.com,+18887267835,N/A,Tampa,FL,N/A,30,519000000,6411,"[""Google Analytics"",""Google Font API"",""MediaElement.js"",""Microsoft ASP.NET"",""Moment.js"",""Pardot"",""Select2"",""YouTube"",""jQuery"",""jQuery UI""]",37683591,catchall,8/18/2023,f3ca9186f56b75a6763cedf90d6eb889,N/A,N/A,85%,Insurance Agents: Brokers: and Service,N/A,N/A,N/A,N/A,N/A
Jess Brown,Jess,Brown,Chief Information Officer,jess.brown@reladyne.com,Reladyne,reladyne.com,+14356783311,"1010 South Access Road Tye, TX 79563",Madisonville,LA,"=""79563""",300,200000000,13,"[""Apache"",""CloudFlare"",""CodeIgniter"",""DataTables"",""ExpressionEngine"",""FancyBox"",""Google Analytics"",""Google Font API"",""Google Tag Manager"",""HubSpot"",""Lightbox"",""Matomo"",""Microsoft ASP.NET"",""React"",""jQuery"",""reCAPTCHA""]",39434054,catchall,3/2/2023,13cf0ccdeb8023453da87a95f203923e,N/A,N/A,85%,Oil and Gas Extraction,https://facebook.com/reladyne,https://linkedin.com/company/reladyne-llc,https://twitter.com/reladyne,N/A,https://youtube.com/user/reladyne
Jessica Fegan,Jessica,Fegan,Director of Quality &amp Operations,jessica@connectionchemical.com,Connection Chemical,ConnectionChemical.com,+17704688251,"104 Pheasant Run, Suite 104 Newtown, PA 18940Suite 104 Newtown, PA 18940",Newtown,PA,"=""18940""",30,5700128,28,[],44324041,catchall,1/24/2024,70f0612b04030bfcff986907ef2b83a7,N/A,N/A,85%,Chemicals and Allied Products,N/A,N/A,https://twitter.com/connectionchem,N/A,N/A
John Fleischer,John,Fleischer,Senior Vice President &amp; CIO,jfleischer@cbiz.com,Cbiz,cbiz.com,+13306686500,N/A,Chicago,IL,N/A,300,800000000,6411,[],41990146,catchall,5/15/2023,6c24074ab999bebf9538ca66314163f9,N/A,N/A,85%,Insurance Agents: Brokers: and Service,N/A,https://linkedin.com/company/cbiz,https://twitter.com/cbz,N/A,https://youtube.com/user/cbizsolutions
June Fowler Senior,June,Senior,Senior Vice President,jfowler-senior@flystl.com,Stl Home,flystl.com,+18004337300,Street Address: 10701 Lambert International Blvd.,Wooster,OH,N/A,5,17500000,45,"[""Apache"",""Craft CMS"",""Google Analytics"",""Google Font API"",""Google Tag Manager"",""Slick"",""ZURB Foundation"",""jQuery""]",36785355,catchall,10/25/2023,d62cd01056be4b97c3d594b953f92a0c,N/A,N/A,85%,Transportation By Air,https://facebook.com/flystl,N/A,https://twitter.com/#!/flystl,N/A,N/A
Joan Gile,Joan,Gile,Executive Vice President/operations Officer,jgile@piscataqua.com,Piscataqua,piscataqua.com,+16034365540,"15 Pleasant Street Portsmouth, NH 03801",Portsmouth,NH,"=""03801""",5,124344000,65,"[""Amazon EC2"",""Apache"",""Google Analytics"",""Google Font API"",""Google Tag Manager"",""OpenSSL"",""PHP"",""Twitter Emoji (Twemoji)"",""WordPress"",""jQuery"",""jQuery Migrate""]",39752401,catchall,3/28/2022,6f2b598ff660713d6b13a0505596bc0f,N/A,N/A,85%,Real Estate,N/A,N/A,N/A,N/A,N/A
Joan Glanton,Joan,Glanton,CFO,jglanton@trinityofchemungcounty.org,Casa-trinity,trinityofchemungcounty.org,+16072234826,"150 Lake Street,Elmira NY 14901150 Lake Street ElmiraNY,14901150 Lake Street Elmira, NY 14901150 Lake Street Elmira NY 14901",Elmira,NY,"=""14901""",5,1638653,91,"[""Apache"",""FlexSlider"",""Font Awesome"",""Google Maps"",""jQuery""]",36752319,catchall,12/2/2021,fba2feb7d8d79836065ad8af43ae7969,N/A,N/A,85%,Executive: Legislative: and General Government: except Finance,https://facebook.com/casa-of-livingston-county-ny-1526318870923325,N/A,N/A,N/A,N/A
Joe Gonzalez,Joe,Gonzalez,Vice President-corporate,jgonzalez@ferrolux.com,Ferrolux,ferrolux.com,+17347276161,"27800 W. Jefferson Ave., Gibraltar, MI 48173",Wayne,MI,"=""48173""",N/A,0,28,"[""Bootstrap"",""Font Awesome"",""Gentoo"",""OpenResty"",""PHP"",""Twitter Emoji (Twemoji)"",""WordPress"",""Yoast SEO"",""jQuery"",""jQuery Migrate""]",40621427,catchall,1/24/2024,b31e57c1066d6a5993ed8d43823eb80e,N/A,N/A,85%,Chemicals and Allied Products,N/A,N/A,N/A,N/A,N/A
Jon Hammond,Jon,Hammond,"Vice President, Sales Manager",jhammond@w3ins.com,W3,w3ins.com,+18004871395,"3801 Bee Ridge Road, Ste 6 Sarasota, Florida 34233",Saint Petersburg,FL,"=""34233""",125,6411000000,6411,"[""AdRoll"",""CloudFlare"",""Font Awesome"",""Google Analytics"",""Google Font API"",""Google Tag Manager"",""Gravatar"",""HubSpot"",""Matomo"",""Modernizr"",""Nginx"",""React"",""TrackJs"",""Twitter Emoji (Twemoji)"",""WP Engine"",""WordPress"",""Yoast SEO"",""jQuery""]",39056883,catchall,8/18/2023,f574d0c1a4747825899a6c65980baaf9,N/A,N/A,85%,Insurance Agents: Brokers: and Service,https://facebook.com/w3insurance,https://linkedin.com/company/wallace-welch-&-willingham,https://twitter.com/w3insurance,N/A,N/A
Jill Schwartz,Jill,Schwartz,Vice President of Client Services,jill@flexaccount.com,Clarity Benefit Solutions,flexaccount.com,+18884236359,N/A,Clark,NJ,N/A,5,1000000,6411,"[""Bootstrap"",""CloudFlare"",""Drupal"",""Font Awesome"",""Google Analytics"",""Google Font API"",""Google Tag Manager"",""jQuery"",""jQuery Migrate""]",42254158,catchall,9/21/2023,ef9253c745877dbb019fcad5d3ee68e7,N/A,N/A,85%,Insurance Agents: Brokers: and Service,N/A,N/A,N/A,N/A,N/A
Jim Braniff,Jim,Braniff,Senior Vice President,jim.braniff@usi.biz,Usi,usi.biz,+18666570861,"100 Summit Lake Drive, Suite 400, Valhalla, NY 10595",East Greenwich,RI,"=""10595""",3000,6411000000,6411,"[""Bootstrap"",""Font Awesome"",""Google Analytics"",""Microsoft ASP.NET"",""Modernizr"",""jQuery"",""jQuery Migrate""]",43930898,catchall,10/26/2021,b82c03e6c57f017c06fe3cdb42f99a8b,N/A,N/A,85%,Insurance Agents: Brokers: and Service,https://facebook.com/usiins,https://linkedin.com/company/usi-insurance-services,https://twitter.com/usiins,N/A,N/A
Jim Forbes,Jim,Forbes,Executive Vice President and Chief Operating Officer,jim.forbes@atlasair.com,Atlas Air Worldwide Holdings,atlasair.com,+19147018000,"6640 NW 22nd Street Miami, FL 33122",New York,NY,"=""33122""",3000,1800000000,45,[],38436670,catchall,10/2/2023,d1b3dc28e9781000f1851c4a8e4280ec,N/A,N/A,85%,Transportation By Air,https://facebook.com/atlasairworldwide,https://linkedin.com/company/atlas-air,https://twitter.com/atlasairww,N/A,N/A
Jim Lewis,Jim,Lewis,Vice President/producer,jimlewis@merritthall.com,Merritt Hall,merritthall.com,+18002427666,N/A,Indianapolis,IN,N/A,30,6411000000,6411,"[""Apache"",""Drupal"",""Google Analytics"",""PHP"",""Ubuntu"",""jQuery""]",43862764,catchall,5/3/2021,cb2f8ff2401bcbe597cee30bf7df038d,N/A,N/A,85%,Insurance Agents: Brokers: and Service,N/A,N/A,N/A,N/A,N/A
Jason Kessler,Jason,Kessler,Michael R. Ambrosi – Vice President of Leasing and Marketing,jkessler@arctrust.com,Arctrust,arctrust.com,+19732491000,"1401 Broad Street Clifton, New Jersey 07013",New York,NY,"=""07013""",30,7000000,65,"[""Apache"",""Bootstrap"",""Font Awesome"",""Google Analytics"",""NextGEN Gallery"",""PHP"",""Twitter Emoji (Twemoji)"",""WordPress"",""Yoast SEO"",""jQuery"",""jQuery Migrate""]",41580511,catchall,8/18/2023,de6fc4d77d47c6acf17204e81ff3e0ef,N/A,N/A,85%,Real Estate,N/A,N/A,N/A,N/A,N/A
John Ketch,John,Ketch,Senior Vice President of Business Development,jketch@englemartin.com,Engle Martin,englemartin.com,+19547355555,"Suite 900 | Atlanta, Georgia 30342",Doral,FL,"=""30342""",5,1000000,6411,"[""Bootstrap"",""Font Awesome"",""Modernizr"",""Nginx"",""RequireJS"",""Twitter Emoji (Twemoji)"",""WordPress"",""jQuery"",""jQuery Migrate""]",39532280,catchall,5/8/2024,35d591cb87b90b7da8a809af3cd2db07,N/A,N/A,85%,Insurance Agents: Brokers: and Service,https://facebook.com/englemartinassociates,https://linkedin.com/company/engle-martin-&-associates,https://twitter.com/englemartin,https://instagram.com/engle_martin1997,N/A
James Long,James,Long,Vice President Sales,jlong@americanoak.net,American Oak,americanoak.net,N/A,N/A,North Judson,IN,N/A,N/A,0,3999,[],39955089,catchall,1/24/2024,cd7919a5e257ea0c8d84ef5ba0fb770f,N/A,N/A,85%,Manufacturing Industries: Not Elsewhere Classified,N/A,N/A,N/A,N/A,N/A
Jose Lucero,Jose,Lucero,CIO,jlucero@suttonalliance.com,Progressive Closing And Escrow,suttonalliance.com,+15168376500,"535 Rockaway Avenue Valley Stream, NY 11581515 Rockaway Avenue Valley Stream, NY 11581",Valley Stream,NY,"=""11581""",30,3000000,6411,"[""Flywheel"",""Font Awesome"",""Google Font API"",""Prefix-Free"",""Twitter Emoji (Twemoji)"",""WooCommerce"",""WordPress"",""jQuery"",""jQuery Migrate""]",44027143,catchall,10/11/2021,e1443a5c0aafa5047c1df984bf769a4a,N/A,N/A,85%,Insurance Agents: Brokers: and Service,N/A,N/A,N/A,N/A,N/A
James Madison,James,Madison,"Executive Vice President, Operations",jmadison@cloudhq.com,Cloudhq Sign Up For,cloudhq.com,+12038805201,"Suite 1000 Washington, DC 20005",unknown city,unknown state,"=""20005""",5,7000000,65,"[""Apache"",""Google Analytics"",""Google Tag Manager"",""Modernizr"",""PHP"",""Slick"",""Typekit"",""WordPress"",""jQuery""]",37176377,catchall,3/28/2022,306c2b353151ea756df3c92182716af1,N/A,N/A,85%,Real Estate,N/A,https://linkedin.com/company/cloudhq-llc,N/A,N/A,N/A
Jill Malcolm,Jill,Malcolm,"Executive Vice President, Human Resources",jmalcolm@bowermaster.com,Bowermaster,bowermaster.com,+17147336238,"P.O. Box 6026 Cypress, CA 9063010805 Holder St., Suite 350, Cypress, CA10805 Holder St., Suite 350 Cypress, CA 90630",Cypress,CA,"=""90630""",30,10000000,6411,"[""Apache"",""FancyBox"",""Font Awesome"",""Google Analytics"",""Google Font API"",""Google Tag Manager"",""OWL Carousel"",""OpenSSL"",""PHP"",""jQuery"",""jQuery UI"",""reCAPTCHA""]",45435794,catchall,11/4/2022,63ed190dc4290c8658d93832d0c88933,N/A,N/A,85%,Insurance Agents: Brokers: and Service,https://facebook.com/bowermasterinsurance,https://linkedin.com/company/bowermaster-&-associates,https://twitter.com/bowermasterins,N/A,N/A
Joe Nemeth,Joe,Nemeth,"Vice President, Creative",jnemeth@tri-ad.com,Tri-ad,tri-ad.com,+17607437555,"221 West Crest Street, Suite 300 Escondido, CA 92025",Escondido,CA,"=""92025""",300,41000000,6411,"[""Google Analytics"",""Google Font API"",""Nginx"",""Twitter Emoji (Twemoji)"",""WP Engine"",""WooCommerce"",""WordPress"",""Yoast SEO"",""jQuery"",""jQuery Migrate"",""jQuery UI"",""reCAPTCHA""]",36696294,catchall,11/16/2021,df85ebd8429e8a3e50a8bbbd9a56e30e,N/A,N/A,85%,Insurance Agents: Brokers: and Service,N/A,N/A,N/A,N/A,N/A
Joseph Niemann,Joseph,Niemann,Chief Information Officer,jniemann@jettaoperating.com,Jetta Operating,jettaoperating.com,+18173351179,N/A,Fort Worth,TX,N/A,350,75000000,13,"[""Apache"",""Bootstrap"",""CloudFlare"",""FancyBox"",""Font Awesome"",""Google Analytics"",""Google Font API"",""Modernizr"",""Select2"",""Statcounter"",""Twitter Emoji (Twemoji)"",""WordPress"",""jQuery"",""jQuery Migrate""]",40643198,catchall,3/2/2023,a17e72d8a4f403d10c99afa69f0ae0b6,N/A,N/A,85%,Oil and Gas Extraction,N/A,N/A,N/A,N/A,N/A
Joan Garnett,Joan,Garnett,Executive Vice-president,joangarnett@garnett-powers.com,Garnett-powers Associates Inc29122,garnett-powers.com,+13109456857,N/A,Mission Viejo,CA,N/A,5,1059840,6411,"[""Google Font API"",""Squarespace"",""Typekit"",""YUI"",""jQuery"",""webpack""]",42579104,catchall,3/1/2024,2a359f503f331e8163e8fb83b8bc5d80,N/A,N/A,85%,Insurance Agents: Brokers: and Service,https://facebook.com/garnettpowers,https://linkedin.com/company/garnett-powers-&-associates-inc-/,https://twitter.com/garnett_powers,https://instagram.com/garnettpowers,N/A
Joe Decola,Joe,Decola,Vice President,joe.decola@naipartners.com,Nai,naipartners.com,+15125806025,"1360 Post Oak Blvd, Suite 1900 Houston, TX 77056",Houston,TX,"=""77056""",125,25000000,65,"[""Apache"",""Bootstrap"",""Google Analytics"",""Gravity Forms"",""Intercom"",""Twitter Emoji (Twemoji)"",""WordPress"",""jQuery"",""jQuery Migrate""]",39110852,catchall,10/27/2021,d75ed4100a1007920f943f812de2465f,N/A,N/A,85%,Real Estate,https://facebook.com/naipartners,https://linkedin.com/company/naipartners,https://twitter.com/naipartners,https://instagram.com/naipartners,N/A
Joey Johnson,Joey,Johnson,Vice President,joey@southwesttitle.com,Southwest Title,southwesttitle.com,+18707728635,"617 E 6th Street Texarkana , AR 71854617 East 6th Street, Texarkana ,AR617 East 6th Street Texarkana, AR 71854617 East 6th Street,Texarkana, AR 718544211 Jefferson Avenue, Texarkana, AR 718544211 Jeff",Texarkana,AR,"=""71854""",5,1000000,6411,"[""Font Awesome"",""Google Analytics"",""Google Font API"",""OpenResty"",""Revslider"",""Twitter Emoji (Twemoji)"",""WordPress"",""jQuery"",""jQuery Migrate"",""jQuery UI""]",41180768,catchall,11/17/2021,28c0696cf02ae27e6095c561a3b314e7,N/A,N/A,85%,Insurance Agents: Brokers: and Service,https://facebook.com/southwest-title-company-750332374982495/,N/A,N/A,N/A,N/A
John Drexler,John,Drexler,VP of Sales,john@assemblers.com,Assemblers,assemblers.com,+18883783700,"2850 W Columbus Ave Chicago, IL 60652Assemblers Inc., 2850 W Columbus Ave, Chicago, IL, 60652, United States",Chicago,IL,N/A,750,3999000000,3999,"[""Google Font API"",""Squarespace"",""Typekit"",""YUI"",""YouTube"",""webpack""]",44881365,catchall,8/18/2023,aec99071627237d8655d498d55c0eb2e,N/A,N/A,85%,Manufacturing Industries: Not Elsewhere Classified,https://facebook.com/pages/assemblers/124988114221518,N/A,N/A,N/A,N/A
John Bis,John,Bis,VP Medical Devices Solutions Sales,john@bsi-va.com,Bsi,bsi-va.com,+18883428977,"1312 West Main StreetSalem, VA 241531312 West Main Street Salem, VA",Salem,VA,N/A,30,1000000,6411,"[""Google Font API"",""Microsoft Word"",""Squarespace"",""Typekit"",""YUI"",""webpack""]",42769855,catchall,8/18/2023,d9a751d07036a4fc9637687609ca438c,N/A,N/A,85%,Insurance Agents: Brokers: and Service,N/A,N/A,N/A,N/A,N/A
John Frankiewcz,John,Frankiewcz,VP Sales,john@hollisterinsurance.com,Hollister,hollisterinsurance.com,+17817319933,"4 Punchard Avenue Andover, MA 01810-3833",Clinton,MA,"=""01810-3833""",5,1638653,6411,"[""CloudFlare"",""Gentoo"",""Google Font API"",""PHP"",""WordPress""]",42617799,catchall,8/18/2023,26c9d12a6c66b58fee2c15af5ab6fa83,N/A,N/A,85%,Insurance Agents: Brokers: and Service,https://facebook.com/pages/hollister-insurance-brokerage-inc/278689432186500,https://linkedin.com/company/hollister-insurance-brokerage,https://twitter.com/matt_hollister,N/A,N/A
John Jamieson,John,Jamieson,CEO,john.jamieson@vertrauen-us.com,Vertrauen Chemie Solutions,vertrauen-us.com,+19725420072,"2170 Buoy St. Memphis,TN 38113",Fort Worth,TX,"=""38113""",30,28000000,28,"[""Apache Traffic Server"",""Font Awesome"",""Google Analytics"",""Google Font API"",""Modernizr"",""Revslider"",""Twitter Emoji (Twemoji)"",""WordPress"",""Yoast SEO"",""animate.css"",""jQuery"",""jQuery Migrate"",""prettyPhoto""]",37400451,catchall,5/14/2024,5b8238a62fb9c9da9293f87f281ef3f9,N/A,N/A,85%,Chemicals and Allied Products,N/A,N/A,N/A,N/A,N/A
Johnny Reynoso,Johnny,Reynoso,Executive VP Commercial Insurance,johnnyr@pavesemccormick.com,Quote Or,pavesemccormick.com,+17329602001,N/A,Monmouth Junction,NJ,N/A,30,5700128,64,"[""Google Analytics"",""Modernizr"",""Nginx"",""Plesk"",""SiteCatalyst"",""Twitter Emoji (Twemoji)"",""WordPress"",""YouTube"",""jQuery""]",38199970,catchall,5/6/2021,de0ca1bbd3b544d41cc81e97f04c39f7,N/A,N/A,85%,Insurance Agents: Brokers: and Service,https://facebook.com/pages/pavese-mccormick-agency-inc/106394856349,https://linkedin.com/company/pavese-mccormick-agency-inc.,https://twitter.com/#!/pcinsguy,N/A,N/A
John Roberts,John,Roberts,VP Broker Development,john@twhagency.com,Twh,twhagency.com,+17142839194,N/A,Anaheim,CA,N/A,5,1638653,6411,"[""Google Font API"",""OpenResty"",""Varnish"",""Webflow"",""jQuery""]",44851125,catchall,3/1/2024,2e541f5e61027dc5cb405162883bd21d,N/A,N/A,85%,Insurance Agents: Brokers: and Service,https://facebook.com/twhannuities/,https://linkedin.com/company/indexedannuitiesinsights,https://twitter.com/twhagency,N/A,N/A
John Zivley,John,Zivley,Vice President,john.zivley@naipartners.com,Nai,naipartners.com,+15125806025,"1360 Post Oak Blvd, Suite 1900 Houston, TX 77056",Houston,TX,"=""77056""",125,25000000,65,"[""Apache"",""Bootstrap"",""Google Analytics"",""Gravity Forms"",""Intercom"",""Twitter Emoji (Twemoji)"",""WordPress"",""jQuery"",""jQuery Migrate""]",39110847,catchall,10/27/2021,3c366f928a0d65164c05e3eac74375c0,N/A,N/A,85%,Real Estate,https://facebook.com/naipartners,https://linkedin.com/company/naipartners,https://twitter.com/naipartners,https://instagram.com/naipartners,N/A
John Olsen,John,Olsen,Vice President of Operations,jolsen@e-apc.com,Associated Pension Consultants,e-apc.com,+19169210510,"2035 Forest Ave Chico CA, 95928",Chico,CA,"=""95928""",75,6411000000,6411,[],42025441,catchall,5/14/2024,61da95d0f89c057b0bde1e2f09f5e9db,N/A,N/A,85%,Insurance Agents: Brokers: and Service,N/A,N/A,N/A,N/A,N/A
Jonathan Benet,Jonathan,Benet,VP Sales,jonathan@bwoodinsurance.com,B Wood,bwoodinsurance.com,+16192987361,"4032 Wabaska Drive San Diego, CA 92107",San Diego,CA,"=""92107""",5,1000000,6411,"[""Apache"",""Elementor"",""Font Awesome"",""Google Analytics"",""Google Font API"",""Google Tag Manager"",""Revslider"",""Underscore.js"",""WordPress"",""jQuery"",""jQuery Migrate"",""jQuery UI""]",37865011,catchall,8/18/2023,55c57c78c4105b41b869637d546c3de0,N/A,N/A,85%,Insurance Agents: Brokers: and Service,https://facebook.com/pages/b-wood-insurance-agency/111299202284459,N/A,https://twitter.com/benwoodsd,N/A,N/A
Jonathan Plumhoff,Jonathan,Plumhoff,Vice President,jonathan.plumhoff@usi.biz,Usi,usi.biz,+18666570861,"100 Summit Lake Drive, Suite 400, Valhalla, NY 10595",East Greenwich,RI,"=""10595""",3000,6411000000,6411,"[""Bootstrap"",""Font Awesome"",""Google Analytics"",""Microsoft ASP.NET"",""Modernizr"",""jQuery"",""jQuery Migrate""]",43930926,catchall,10/26/2021,8483f03b01516c54bf5a850e3bbe168a,N/A,N/A,85%,Insurance Agents: Brokers: and Service,https://facebook.com/usiins,https://linkedin.com/company/usi-insurance-services,https://twitter.com/usiins,N/A,N/A
Jon Edwards,Jon,Edwards,"Vice President Sales, Business Development and Marketing",jon.edwards@hydro.aero,Hydro Usa,hydro.aero,N/A,N/A,Auburn,WA,N/A,300,35000000,45,[],36263781,catchall,10/25/2023,08a0583e84dbe9f738ca14eb6ae6a488,N/A,N/A,85%,Transportation By Air,https://facebook.com/ausbildungbeihydro,https://linkedin.com/company/hydro-systems-kg,N/A,N/A,https://youtube.com/channel/uc5tidv4ezvv37woey6dczpa/videos
Jordan Westlake,Jordan,Westlake,"Vice President, Class of 2022 ...",jordan@isuwestlake.com,Westlake,isuwestlake.com,+18054092880,"2985 E. Hillcrest Drive Suite 201 Westlake Village, CA. 91362",Westlake Village,CA,"=""91362""",5,5000000,6411,"[""RequireJS"",""Sentry"",""Wix""]",43724284,catchall,3/1/2024,383e741f8431df6f89691f988b24855c,N/A,N/A,85%,Insurance Agents: Brokers: and Service,N/A,N/A,N/A,N/A,N/A
Josh Landry,Josh,Landry,Executive Vice President,josh.landry@buckingham-co.com,Buckingham,buckingham-co.com,+13179741234,N/A,Indianapolis,IN,N/A,350,90396180,65,"[""Bootstrap"",""Drupal"",""Google Tag Manager"",""Modernizr"",""Nginx"",""Pantheon"",""Varnish"",""jQuery""]",43163925,catchall,12/12/2022,7664f7e3f21755ef159a6b5567502457,N/A,N/A,85%,Real Estate,https://facebook.com/buckinghamco,https://linkedin.com/company/buckingham-companies,https://twitter.com/@buckinghamco,https://instagram.com/buckingham_co,N/A
Joshua S,Joshua,S,"Vice President, Employee Benefits",joshua.spitz@usi.biz,Usi,usi.biz,+18666570861,"100 Summit Lake Drive, Suite 400, Valhalla, NY 10595",East Greenwich,RI,"=""10595""",3000,6411000000,6411,"[""Bootstrap"",""Font Awesome"",""Google Analytics"",""Microsoft ASP.NET"",""Modernizr"",""jQuery"",""jQuery Migrate""]",43930863,catchall,10/26/2021,7bc2106f64afe33edd4e2b316d631329,N/A,N/A,85%,Insurance Agents: Brokers: and Service,https://facebook.com/usiins,https://linkedin.com/company/usi-insurance-services,https://twitter.com/usiins,N/A,N/A
John Owen,John,Owen,President & CEO,jowen@execairshare.com,Airshare Cares,execairshare.com,+18773725136,"8345 Lenexa Drive, Ste. 120 Lenexa, KS 66214",Overland Park,KS,"=""66214""",300,17500000,45,"[""CloudFlare"",""Flywheel"",""Font Awesome"",""Google Font API"",""Google Tag Manager"",""Pardot"",""Twitter Emoji (Twemoji)"",""WordPress"",""Yoast SEO"",""jQuery"",""jQuery Migrate"",""reCAPTCHA""]",41568039,catchall,12/11/2023,73924585e8c15ca9e497ec0ba0358ae3,N/A,N/A,85%,Transportation By Air,https://facebook.com/flywithairshare,https://linkedin.com/company/fly-airshare,https://twitter.com/flyairshare,https://instagram.com/flyairshare,https://youtube.com/channel/uctyasl4pnjjjrvyn6w7n5jw
Jim Parsons,Jim,Parsons,Senior Vice President - Manager Property Treaty,jparsons@endurancereusa.com,Sompo International Holdings,endurancereusa.com,+12124712800,"750 Third Avenue Floor 18 New York, NY 10017",New York,NY,"=""10017""",3000,6411000000,6411,"[""Bootstrap"",""CloudFlare"",""Google Analytics"",""Google Tag Manager"",""Mouse Flow"",""Prefix-Free"",""WP Engine"",""WordPress"",""jQuery"",""jQuery UI""]",42421172,catchall,3/20/2023,a3f05f291b780889d388a4b32b795ab7,N/A,N/A,85%,Insurance Agents: Brokers: and Service,N/A,https://linkedin.com/company/sompo-international,N/A,N/A,N/A
Joseph Reedy,Joseph,Reedy,Vice President,jreedy@loomisco.com,Loomis,loomisco.com,+18668157696,"Christmas Tree Lane The Loomis Company participated in the Christmas Tree Lane decorating contest held in Lancaster, PA.",Wyomissing,PA,N/A,300,265000000,6411,"[""Apache"",""Cufon"",""Google Analytics"",""Google Font API"",""Twitter"",""Twitter Emoji (Twemoji)"",""Ubuntu"",""WordPress"",""Yoast SEO"",""jQuery"",""jQuery Migrate"",""prettyPhoto""]",37835314,catchall,3/24/2022,2437ed0a31347a2d353e3869ef91b5fa,N/A,N/A,85%,Insurance Agents: Brokers: and Service,https://facebook.com/loomisco,https://linkedin.com/company/the-loomis-company,https://twitter.com/theloomisco,N/A,N/A
Jay Romeo,Jay,Romeo,District Vice President,jromeo@loomisco.com,Loomis,loomisco.com,+18668157696,"Christmas Tree Lane The Loomis Company participated in the Christmas Tree Lane decorating contest held in Lancaster, PA.",Wyomissing,PA,N/A,300,265000000,6411,"[""Apache"",""Cufon"",""Google Analytics"",""Google Font API"",""Twitter"",""Twitter Emoji (Twemoji)"",""Ubuntu"",""WordPress"",""Yoast SEO"",""jQuery"",""jQuery Migrate"",""prettyPhoto""]",37835315,catchall,3/24/2022,18d2fcdaafdbe678e645800a299a014d,N/A,N/A,85%,Insurance Agents: Brokers: and Service,https://facebook.com/loomisco,https://linkedin.com/company/the-loomis-company,https://twitter.com/theloomisco,N/A,N/A
Jeremy Russin,Jeremy,Russin,Vice President of Operations,jrussin@levelnc.com,Level Homes - North Carolina,levelnc.com,N/A,N/A,Durham,NC,N/A,30,5700128,65,"[""Microsoft ASP.NET""]",38284360,catchall,3/28/2022,c724c2cd637b9ddbf6a5af7275f9bea4,N/A,N/A,85%,Real Estate,N/A,N/A,N/A,N/A,N/A
Josh Saltzman,Josh,Saltzman,"Vice President, Global Government Affairs",jsaltzman@airlines.org,Airlines,airlines.org,+18604375700,"1275 Pennsylvania Ave NW, Suite 1300 Washington,1275 Pennsylvania Ave.NW Suite 1300 Washington, DC 20004",Washington,DC,"=""20004""",300,0,45,"[""AddThis"",""Facebook"",""FancyBox"",""Font Awesome"",""Google Analytics"",""Modernizr"",""Nginx"",""Pantheon"",""Slick"",""Underscore.js"",""Varnish"",""WordPress"",""jQuery"",""jQuery UI""]",42936829,catchall,10/16/2022,764aa8ceb5d1bd144142710245811d29,N/A,N/A,85%,Transportation By Air,https://facebook.com/airlinesforamerica,https://linkedin.com/company/airlines-for-america,https://twitter.com/airlinesdotorg,https://instagram.com/airlinesforamerica,https://youtube.com/user/airlinesforamerica
James Schrader,James,Schrader,Vice President,jschrader@totalrisk.com,Total Risk Management,totalrisk.com,+18167636377,N/A,Kansas City,MO,N/A,5,64000000,64,"[""IIS"",""Microsoft ASP.NET"",""Microsoft Word"",""Plesk""]",41870556,catchall,3/24/2022,9bd7b7a6574e4ba45f8c27f305489e68,N/A,N/A,85%,Insurance Agents: Brokers: and Service,N/A,N/A,N/A,N/A,N/A
Judy Shaw,Judy,Shaw,Vice President / Producer,jshaw@smginsurance.com,Insurance,smginsurance.com,+16782878266,"1424 N. Brown Rd., STE 300 Lawrenceville, GA 30043",Lawrenceville,GA,"=""30043""",30,10000000,6411,"[""Bootstrap"",""FancyBox"",""Google Analytics"",""Google Font API"",""Microsoft ASP.NET"",""Twitter"",""jQuery""]",37504425,catchall,5/7/2021,437611691a09be2797d378d67f4e82cd,N/A,N/A,85%,Insurance Agents: Brokers: and Service,N/A,N/A,https://twitter.com/iiiorg,N/A,N/A
Jason Spore,Jason,Spore,Vice President,jspore@twgins.com,Warren Group,twgins.com,N/A,N/A,Chesterfield,MO,N/A,30,64000000,64,"[""Apache""]",43419471,catchall,3/24/2022,06c5fb45d499bbc3640058d1dbbfea7e,N/A,N/A,85%,Insurance Agents: Brokers: and Service,N/A,N/A,N/A,N/A,N/A
Julia Treacy Vice,Julia,Vice,"Vice President, Production - Boston",jtreacy-vice@goedeckeco.com,Goedecke,goedeckeco.com,+16177909001,"10 High Street 11th Floor Boston, MA 02110",Boston,MA,"=""02110""",30,5700128,65,"[""Apache"",""FancyBox"",""Google Analytics"",""Google Font API"",""PHP"",""Twitter Emoji (Twemoji)"",""WordPress"",""jQuery""]",43061759,catchall,8/18/2023,28ad7077192abbe1861f45668570e10c,N/A,N/A,85%,Real Estate,N/A,https://linkedin.com/in/peter-goedecke-1800531a,N/A,N/A,N/A
Jude Reter,Jude,Reter,"Vice President Product and Engineering, Ecommerce",jude.reter@express.com,Express,express.com,(800) 695-1788,N/A,Sitka,AK,N/A,5,576180,39,[],36637701,catchall,1/24/2024,0451a9e9d269c44a5dba2910085f1fa1,N/A,N/A,85%,Miscellaneous Manufacturing Industries,N/A,N/A,N/A,N/A,N/A
Jeff Uhrig,Jeff,Uhrig,CEO,juhrig@novomer.com,Novomercorporate,novomer.com,+17814199860,"275 Buell Road, Rochester, NY 14624",unknown city,unknown state,"=""14624""",75,6000000,28,"[""Bootstrap"",""Drupal"",""Google Analytics"",""Java"",""New Relic"",""Nginx"",""Pantheon"",""Varnish"",""jQuery""]",38060263,catchall,5/14/2024,5c0b74241ac1809ed077b8797e3afe2e,N/A,N/A,85%,Chemicals and Allied Products,N/A,N/A,N/A,N/A,N/A
Julie Jordan,Julie,Jordan,Vice President of Human Resources,julie.jordan@stolly.com,Stolly Insurance Group,stolly.com,+18005731187,"1730 Allentown Road Lima, OH 45805",Lima,OH,"=""45805""",30,8000000,6411,"[""Apache"",""Bootstrap"",""Font Awesome"",""Google Analytics"",""Google Font API"",""PHP"",""ShareThis"",""Twitter Emoji (Twemoji)"",""WordPress"",""Yoast SEO"",""WP-Statistics"",""YouTube"",""jQuery"",""jQuery Migrate""]",45514391,catchall,11/16/2021,dc9a88d61f40a567af4ed03b0e115be6,N/A,N/A,85%,Insurance Agents: Brokers: and Service,https://facebook.com/stollyinsurance,https://linkedin.com/company/289456,https://twitter.com/stollyinsurance,N/A,https://youtube.com/user/stollyinsurance
Julie Richards,Julie,Richards,– Vice President Commercial Operations,julier@diversifiednational.com,Diversified National Titleis,diversifiednational.com,+19893913328,"500 E. Michigan Ave. Suite 203 Lansing, MI 48912",Lansing,MI,"=""48912""",30,5700128,65,"[""Bootstrap"",""Facebook"",""Font Awesome"",""Google Font API"",""Lightbox"",""Modernizr"",""OpenResty"",""Twitter Emoji (Twemoji)"",""WordPress"",""jQuery"",""jQuery Migrate""]",43740802,catchall,3/28/2022,ba4183babade744125d8a2d0c6acdf41,N/A,N/A,85%,Real Estate,N/A,N/A,N/A,N/A,N/A
Julie Reed,Julie,Reed,Vice President Learning and Development ...,julie@riskavoidancemanagers.com,Our,riskavoidancemanagers.com,+17273811700,"P.O. Box 55038 St. Petersburg, FL 33732-5038",St Petersburg,FL,"=""33732-5038""",N/A,273240,64,"[""Apache"",""Bootstrap"",""Facebook"",""Google Analytics"",""Google Font API"",""Select2"",""Twitter Emoji (Twemoji)"",""WordPress"",""Yoast SEO"",""jQuery"",""jQuery Migrate""]",37549487,catchall,10/5/2022,30dd8c4b245ed9d29ab6a693ab2cebfa,N/A,N/A,85%,Insurance Agents: Brokers: and Service,N/A,https://linkedin.com/in/c-michael-halfast-3677b311,N/A,N/A,N/A
Julius Suchy,Julius,Suchy,"Ken Syrba – Director of Finance, Supply Chain, Wolverine Worldwide",julius.suchy@nkconnect.org,Connect 2019,nkconnect.org,+16168663478,"Although born in St. Petersburg, Florida, Dave was raised in Wyoming, MI.",Rockford,IL,N/A,125,0,91,"[""Apache"",""Facebook"",""Font Awesome"",""Google Analytics"",""Google Font API"",""Google Tag Manager"",""Stripe"",""Twitter Emoji (Twemoji)"",""WordPress"",""Yoast SEO"",""jQuery"",""jQuery Migrate"",""jQuery UI""]",45697925,catchall,1/10/2022,f8e5d93bb54cb2318ced7cb292fd721a,N/A,N/A,85%,Executive: Legislative: and General Government: except Finance,https://facebook.com/northkentconnect,N/A,https://twitter.com/northkconnect,https://instagram.com/northkentconnect,https://youtube.com/channel/uckhp3v3r6jxncyn8mfv8cda
Justin Miller,Justin,Miller,"Executive Vice President, General Counsel and Secretary",justin.miller@avantorinc.com,Avantor,avantorinc.com,+16103861700,"100 Matsonford Road Radnor, PA 19087;",Center Valley,PA,N/A,3000,307000000,28,"[""Bootstrap"",""CloudFlare"",""FancyBox"",""Google Analytics"",""Google Tag Manager"",""Modernizr"",""jQuery"",""jQuery UI""]",38202291,catchall,1/24/2024,dcd67db79078afad42709e4ad09f9984,N/A,N/A,85%,Chemicals and Allied Products,https://facebook.com/avantorinc,https://linkedin.com/company/1307665,https://twitter.com/avantor_news,N/A,N/A
Justin Slack First,Justin,First,First Vice President/commercial Appraisal Manager,justin.slack-first@boxwoodmeans.com,Boxwood Means,boxwoodmeans.com,+12036534100,"68 Southfield Avenue Stamford, CT 06902",Stamford,CT,"=""06902""",30,7000000,65,"[""Amazon ELB"",""Apache"",""Google Analytics"",""Google Tag Manager"",""OWL Carousel"",""PHP"",""Polyfill"",""jQuery"",""reCAPTCHA""]",46327867,catchall,5/4/2022,66244e32a1db485e6cec43742bd3c61f,N/A,N/A,85%,Real Estate,N/A,https://linkedin.com/company/boxwood-means-inc-,N/A,N/A,N/A
Jason Vanis,Jason,Vanis,Senior Vice President,jvanis@jetlinx.com,Jet Linx Aviation,jetlinx.com,+12108920800,"13030 Pierce St #100 Omaha, NE 6814413030 Pierce Street, Ste. 100 Omaha, NE 68144",Omaha,NE,"=""68144""",300,47400000,45,"[""Act-On"",""Google Analytics"",""Google Font API"",""Google Maps"",""Google PageSpeed"",""Google Tag Manager"",""Gravity Forms"",""Moment.js"",""Nginx"",""PHP"",""WordPress"",""jQuery"",""jQuery Migrate"",""jQuery UI"",""reCAPTCHA""]",43700597,catchall,10/25/2023,6a30fee96657189e861a9e21630d8a69,N/A,N/A,85%,Transportation By Air,https://facebook.com/jetlinx,https://linkedin.com/company/559358,https://twitter.com/jetlinxaviation,N/A,https://youtube.com/channel/uclqmu3skzzl9nsgogbcwafa
Jr Vice,Jr,Vice,Vice President / Agent,jvice@bradeninsurance.com,Braden Insurance Agency,bradeninsurance.com,+15024197845,N/A,Louisville,KY,N/A,5,1000000,6411,"[""Apache"",""Font Awesome"",""Google Analytics"",""Google Font API"",""Lazy.js"",""PHP"",""Revslider"",""WordPress"",""Yoast SEO"",""jQuery"",""jQuery Migrate""]",44139554,catchall,9/21/2023,27f3535be6fdd87c26cc692670134ca8,N/A,N/A,85%,Insurance Agents: Brokers: and Service,https://facebook.com/bradeninsurance,https://linkedin.com/company/braden-insurance-agency-inc-,https://twitter.com/bradeninsurance,N/A,https://youtube.com/user/bradeninsurance
Jay L Vidlak,Jay,Vidlak,Executive Vice President,jvidlak@jetlinx.com,Jet Linx Aviation,jetlinx.com,+12108920800,"13030 Pierce St #100 Omaha, NE 6814413030 Pierce Street, Ste. 100 Omaha, NE 68144",Omaha,NE,"=""68144""",300,47400000,45,"[""Act-On"",""Google Analytics"",""Google Font API"",""Google Maps"",""Google PageSpeed"",""Google Tag Manager"",""Gravity Forms"",""Moment.js"",""Nginx"",""PHP"",""WordPress"",""jQuery"",""jQuery Migrate"",""jQuery UI"",""reCAPTCHA""]",43700588,catchall,2/17/2022,7984b34e0b542cd2b00be79766280db6,N/A,N/A,85%,Transportation By Air,https://facebook.com/jetlinx,https://linkedin.com/company/559358,https://twitter.com/jetlinxaviation,N/A,https://youtube.com/channel/uclqmu3skzzl9nsgogbcwafa
Jeff Whitaker,Jeff,Whitaker,Executive Vice President &amp; Partner,jwhitaker@boltonco.com,Bolton,boltonco.com,+14086601063,"3475 E Foothill Blvd, Suite 100 Pasadena, CA 91107",Pasadena,CA,"=""91107""",300,52000000,6411,"[""Facebook"",""Font Awesome"",""Google Analytics"",""Google Tag Manager"",""Gravatar"",""Gravity Forms"",""Modernizr"",""OWL Carousel"",""OpenResty"",""PHP"",""Typekit"",""WordPress"",""Yoast SEO"",""ZURB Foundation"",""jQuery"",""jQuery UI""]",39738118,catchall,3/24/2022,2b07481ad46a8ea20a62d294cf50910d,N/A,N/A,85%,Insurance Agents: Brokers: and Service,https://facebook.com/boltonco,https://linkedin.com/company/bolton-&-company,https://twitter.com/boltoncompany,https://instagram.com/boltoncompany,https://youtube.com/user/boltonandcompany
Karen Clifton,Karen,Clifton,Director of Finance and Administration,karen.clifton@uniongapwa.gov,Union Gap,cityofuniongap.com,+15092253524,"102 W. Ahtanum Rd, PO Box 3008, Union Gap, WA 98903-0008",Yakima,WA,"=""98903-0008""",5,1638653,91,"[""Apache"",""Bootstrap"",""Debian"",""Google Analytics"",""Google Font API"",""Google Tag Manager"",""Twitter Emoji (Twemoji)"",""WordPress"",""jQuery"",""jQuery Migrate""]",43785292,catchall,1/10/2022,d78bb1a8a8211f9f3e62b55bcc562713,N/A,N/A,85%,Executive: Legislative: and General Government: except Finance,N/A,N/A,N/A,N/A,N/A
Karen Nalley,Karen,Nalley,Senior Vice President &amp; CMO,karen.nalley@jetter.com,Jetter,jetter.com,+18002280008,N/A,Omaha,NE,N/A,30,4000000,6411,"[""RequireJS"",""Sentry"",""Wix""]",39884780,catchall,10/10/2022,a6295eed3dc45f49119b1a66caf728b0,N/A,N/A,85%,Insurance Agents: Brokers: and Service,https://facebook.com/artjetterandcompany,N/A,https://twitter.com/artjetterco,N/A,https://youtube.com/user/artjetterandcompany
Karen Thomas Vice,Karen,Vice,Vice President of Human Resources,karent@morgangroup.com,Morgan,MorganGroup.com,+17133617242,"5606 S. Rice Avenue | Houston, Texas | 77081",Sugar Land,TX,"=""77081""",350,90396180,65,"[""Apache"",""DreamWeaver"",""jQuery""]",45815698,catchall,6/5/2024,5d3ffca4390265421480ae8059e8e294,N/A,N/A,85%,Real Estate,https://facebook.com/themorgangroup/,https://linkedin.com/company/morgan-group-inc-,N/A,N/A,N/A
Karin Bultman,Karin,Bultman,VP Marketing (b2b),karin.bultman@quantum-health.com,Quantum Health,quantum-health.com,+18002572038,N/A,Columbus,OH,N/A,5,791840,6411,"[""CloudFlare"",""Facebook"",""Font Awesome"",""Google Analytics"",""Google Font API"",""Google Tag Manager"",""Nginx"",""Pardot"",""Plesk"",""Tealium"",""ZURB Foundation"",""jQuery""]",43378772,catchall,8/18/2023,87da48c15c64ab83934baf02c2be9c82,N/A,N/A,85%,Insurance Agents: Brokers: and Service,https://facebook.com/quantumhealth1,https://linkedin.com/company/quantum-health,https://twitter.com/quantumhealth1,https://instagram.com/quantum_health,https://youtube.com/channel/ucc59jqvfmjxkwwgjxijrudg
Katherine Peck,Katherine,Peck,VP of Marketing and Leasing,katherine.peck@stayattache.com,Attache Corporate Housing,stayattache.com,+18009164903,1800 R Street Northwest C-1 Washington DC 20009,"Washington, Dc",AL,"=""20009""",30,5700128,65,[],45887685,catchall,8/18/2023,9dcae9f05a8fb5b6d5ac8404c82c7bbb,N/A,N/A,85%,Real Estate,https://facebook.com/attachecorporatehousing,https://linkedin.com/company/attache-property-management,https://twitter.com/stayattache,N/A,N/A
Katherine Peck,Katherine,Peck,VP of Corporate Housing Marketing and Real Estate Development,katherine@stayattache.com,Attache Corporate Housing,stayattache.com,+18009164903,1800 R Street Northwest C-1 Washington DC 20009,"Washington, Dc",AL,"=""20009""",30,5700128,65,[],45887686,catchall,8/18/2023,7b1c808754f1afb832d87a07d7617463,N/A,N/A,85%,Real Estate,https://facebook.com/attachecorporatehousing,https://linkedin.com/company/attache-property-management,https://twitter.com/stayattache,N/A,N/A
Kathy Ball,Kathy,Ball,VP Personal Lines - Ball-,kathyball@ballmartin.com,All Martin Insurance Agency,ballmartin.com,+18043794600,"P.O. Box 35632 N. Chesterfield, VA 23235",North Chesterfield,VA,"=""23235""",5,1000000,6411,"[""All in One SEO Pack"",""Bootstrap"",""Font Awesome"",""Google Analytics"",""Google Font API"",""Nginx"",""OWL Carousel"",""Revslider"",""WordPress"",""animate.css"",""jQuery"",""jQuery Migrate"",""prettyPhoto"",""reCAPTCHA""]",45063172,catchall,5/8/2024,c3c557cbe0e6ba5774831b13f5c906fc,N/A,N/A,85%,Insurance Agents: Brokers: and Service,https://facebook.com/pages/category/insurance-agent/ball-martin-insurance-agency-inc-2077562499146717,N/A,N/A,N/A,N/A
Keith Brannen,Keith,Brannen,2nd VP Information Technology,kbrannen@aflac.com,Aflac,aflac.com,+18668492970,"1932 Wynnton Road Columbus, GA",Midland,TX,N/A,30,1000000,6411,"[""Backbone.js"",""Facebook"",""Google Analytics"",""Google Tag Manager"",""Hotjar"",""IIS"",""Incapsula"",""Java"",""MediaElement.js"",""Microsoft ASP.NET"",""Modernizr"",""New Relic"",""RequireJS"",""Tealium"",""TweenMax"",""VideoJS"",""Visual Website Optimizer"",""jQuery"",""jQuery UI""]",36720090,catchall,9/15/2021,2886c8761a7acc265110be0b0b7a925c,N/A,N/A,85%,Insurance Agents: Brokers: and Service,https://facebook.com/aflacduck,https://linkedin.com/company/aflac,https://twitter.com/aflac,https://instagram.com/aflacduck,https://youtube.com/user/aflac
Kevin Bridges,Kevin,Bridges,"President and Ceo, Eagle Bridges – Marathon",kbridges@eaglebridges.com,Eagle Bridges,eaglebridges.com,+14782849019,"P.O. Box 496 216 Highway 49 South | Byron, GA 31008",Byron,GA,"=""31008""",5,1638653,28,"[""CloudFlare"",""Google Analytics"",""Google Font API"",""Gravity Forms"",""Modernizr"",""WP Engine"",""WordPress"",""Yoast SEO"",""jQuery""]",37546154,catchall,5/14/2024,9a868411ffa925797a3eb5b2310f3f1c,N/A,N/A,85%,Chemicals and Allied Products,N/A,https://linkedin.com/company/eagle-bridges-company-inc,N/A,N/A,N/A
Kevin Brunory,Kevin,Brunory,Vice President Sales,kbrunory@blistex.com,Blistex,blistex.com,+16305712870,N/A,Oak Brook,IL,N/A,750,6411000000,6411,"[""All in One SEO Pack"",""Apache"",""Font Awesome"",""Google Analytics"",""Google Font API"",""Lightbox"",""PHP"",""TweenMax"",""Twitter Emoji (Twemoji)"",""WordPress"",""jQuery"",""jQuery Migrate"",""reCAPTCHA""]",39692047,catchall,8/18/2023,0b69c5ef65a4fedee766f5c37f8010c5,N/A,N/A,85%,Insurance Agents: Brokers: and Service,N/A,N/A,N/A,N/A,N/A
Kelly Colling Deputy,Kelly,Deputy,Deputy Director of Aviation Operations,kcollingdeputy@btv.aero,Btv,btv.aero,+18028641111,"1200 Airport Drive South Burlington, VT 05403",Burlington,VT,"=""05403""",30,7000000,45,"[""AddThis"",""Apache"",""CodeIgniter"",""ExpressionEngine"",""Google Analytics"",""Google Tag Manager"",""Modernizr"",""Typekit"",""YouTube"",""ZURB Foundation"",""jQuery""]",45113496,catchall,5/3/2021,35000858770caa92c81afe68dbdacf88,N/A,N/A,85%,Transportation By Air,https://facebook.com/flybtv,N/A,https://twitter.com/btvairport,N/A,N/A
Kristin Cross,Kristin,Cross,Vice President,kcross@walstra-assoc.com,Walstra,walstra-assoc.com,+16305483188,"2132 Deep Water Lane, Suite 204, Naperville, IL 60564  630.548.3700",Carol Stream,IL,"=""630.548.3700""",5,1638653,6411,"[""Google Analytics"",""Nginx"",""Plesk""]",42542828,catchall,3/1/2024,b992ec6fc680d2a8de8cd69ccec157e0,N/A,N/A,85%,Insurance Agents: Brokers: and Service,N/A,N/A,N/A,N/A,N/A
Keith Lavey,Keith,Lavey,"Executive Vice President, Government",keith@citytitledc.com,Citytitledc,citytitledc.com,+13013476193,N/A,Washington,DC,N/A,N/A,64000000,64,"[""IIS"",""Microsoft ASP.NET""]",40093686,catchall,3/24/2022,5239e09345b7501c87c9edcd330aac17,N/A,N/A,85%,Insurance Agents: Brokers: and Service,N/A,N/A,N/A,N/A,N/A
Kelly Frakes,Kelly,Frakes,"Vice President, Client Operations",kelly.frakes@channelmanagement.com,Cci: Channel Management Solutions,channelmanagement.com,N/A,N/A,Novato,CA,N/A,125,6411000000,6411,"[""Apache""]",39850435,catchall,5/14/2024,644239308fa61b4660a732408ed60b4a,N/A,N/A,85%,Insurance Agents: Brokers: and Service,N/A,N/A,N/A,N/A,N/A
Kelly A. Baldwin,Kelly,Baldwin,Vice President - Operations,kelly@lanepropertytax.com,Lane Property Tax,lanepropertytax.com,+12814685932,"8990 Hempstead Hwy. #100 Houston, Texas 77008",Houston,TX,"=""77008""",5,2000000,65,"[""Google Analytics"",""Google Font API"",""Google Tag Manager"",""Nginx"",""WordPress"",""jQuery"",""jQuery UI""]",38022920,catchall,3/28/2022,071b962e4fa1e05b40433c39c221c34c,N/A,N/A,85%,Real Estate,https://facebook.com/lanepropertytaxadv,https://linkedin.com/company/lane-property-tax-advocates,N/A,N/A,N/A
Kevin Langford,Kevin,Langford,Vice President - Human Resources,kevin.langford@expressjet.com,Expressjet Airlines,expressjet.com,+14048561433,"1745 Phoenix Blvd College Park, GA 30349",Atlanta,GA,"=""30349""",3000,371472581,45,"[""Apache"",""Bootstrap"",""Facebook"",""Google Analytics"",""Google Font API"",""Typekit"",""jQuery""]",44758790,catchall,5/8/2024,63c77757187a7440b0a08fd607c95fa7,N/A,N/A,85%,Transportation By Air,https://facebook.com/expressjetpilotrecruiting,https://linkedin.com/company/expressjet-airlines,N/A,https://instagram.com/expressjetairlines,N/A
Kevin Stolly,Kevin,Stolly,Vice President,kevin.stolly@stolly.com,Stolly Insurance Group,stolly.com,+18005731187,"1730 Allentown Road Lima, OH 45805",Lima,OH,"=""45805""",30,8000000,6411,"[""Apache"",""Bootstrap"",""Font Awesome"",""Google Analytics"",""Google Font API"",""PHP"",""ShareThis"",""Twitter Emoji (Twemoji)"",""WordPress"",""Yoast SEO"",""WP-Statistics"",""YouTube"",""jQuery"",""jQuery Migrate""]",45514381,catchall,11/17/2021,cf6042711cc6d8fb5838ef36e2c2e3cc,N/A,N/A,85%,Insurance Agents: Brokers: and Service,https://facebook.com/stollyinsurance,https://linkedin.com/company/289456,https://twitter.com/stollyinsurance,N/A,https://youtube.com/user/stollyinsurance
Kevin Walsh,Kevin,Walsh,Vice President,kevin.walsh@usi.biz,Usi,usi.biz,+18666570861,"100 Summit Lake Drive, Suite 400, Valhalla, NY 10595",East Greenwich,RI,"=""10595""",3000,6411000000,6411,"[""Bootstrap"",""Font Awesome"",""Google Analytics"",""Microsoft ASP.NET"",""Modernizr"",""jQuery"",""jQuery Migrate""]",43930917,catchall,10/26/2021,db90c942f3bcc7b65460a0ac527ba04b,N/A,N/A,85%,Insurance Agents: Brokers: and Service,https://facebook.com/usiins,https://linkedin.com/company/usi-insurance-services,https://twitter.com/usiins,N/A,N/A
Kevin Ficco,Kevin,Ficco,Vice President - Sales & Marketing,kficco@navblue.aero,"Navblue, An Airbus",navblue.aero,+15197471170,N/A,Atlanta,GA,N/A,300,0,45,[],46059275,catchall,8/18/2023,7aa25238d66b2198590b82eb5fd1a3b9,N/A,N/A,85%,Transportation By Air,https://facebook.com/navblueanairbuscompany,N/A,https://twitter.com/navblue_aero,N/A,N/A
Kelly Filer,Kelly,Filer,Vice President of Marketing,kfiler@filerins.com,Filer,filerins.com,+13052705367,"9440 SW 77 Avenue Miami, FL 331569440 SW 77 Ave Miami, FL 33156",Miami,FL,"=""33156""",30,6411000000,6411,"[""Bootstrap"",""Google Analytics"",""Google Font API"",""Google Tag Manager"",""Nginx"",""PHP"",""Twitter Emoji (Twemoji)"",""WordPress"",""animate.css"",""jQuery"",""jQuery Migrate"",""jQuery Mobile""]",41193604,catchall,8/18/2023,373fcad7446fd99c4dc321fc38a669ff,N/A,N/A,85%,Insurance Agents: Brokers: and Service,https://facebook.com/filerins,N/A,N/A,N/A,N/A
Kevin Forbes,Kevin,Forbes,Vice President,kforbes@ecbm.com,Evans Conger Broussard,ecbm.com,N/A,N/A,Conshohocken,PA,N/A,125,10453500,6411,"[""Nginx""]",46679334,catchall,11/17/2021,0b963c8cda66636a67e2805f62c9429c,N/A,N/A,85%,Insurance Agents: Brokers: and Service,N/A,N/A,N/A,N/A,N/A
Kevin Hughes,Kevin,Hughes,"Arm, Executive Vice President",khughes@samuelpblack.com,Black Insurance Group,samuelpblack.com,+18002201351,"121 East 2nd Street Erie, Pennsylvania 16507",Erie,PA,"=""16507""",5,1000000,6411,"[""Apache"",""Bootstrap"",""Font Awesome"",""Google Analytics"",""Google Font API"",""Google Tag Manager"",""Lightbox"",""OWL Carousel"",""PHP"",""Revslider"",""Twitter Emoji (Twemoji)"",""WordPress"",""animate.css"",""jQuery"",""jQuery Migrate"",""reCAPTCHA""]",37308868,catchall,9/21/2023,51b9c05fc927c73cef977883cd9cc2e0,N/A,N/A,85%,Insurance Agents: Brokers: and Service,https://facebook.com/blackinsurancegroup,N/A,N/A,https://instagram.com/blackinsurancegroup,N/A
Kim Wicoff,Kim,Wicoff,Vice President,kim@insurancetrustees.com,Insurance Trustees,insurancetrustees.com,+18005596580,"120 S Randolph St Garrett, IN 46738",Garrett,IN,"=""46738""",30,1000000,6411,"[""Apache"",""FancyBox"",""Google Analytics"",""Google Font API"",""MediaElement.js"",""Mustache"",""OWL Carousel"",""VideoJS"",""Weebly"",""jQuery""]",38763153,catchall,11/17/2021,54f15f9c7eed3f81cf4180b933624d4e,N/A,N/A,85%,Insurance Agents: Brokers: and Service,https://facebook.com/insurancetrustees,https://linkedin.com/company/insurance-trustees,N/A,N/A,N/A
Kimberly Kelly,Kimberly,Kelly,VP of Client Services and Marketing,kkelly@securitasglobal.com,Securitas Global Risk Solutions Llcwebsite,securitasglobal.com,+14845820111,"900 West Valley Road, Suite 701 | Wayne, PA 19087",Berwyn,PA,"=""19087""",5,1638653,6411,"[""Apache"",""CloudFlare"",""Google Analytics"",""Google Font API"",""Google Tag Manager"",""HubSpot"",""Revslider"",""Twitter Emoji (Twemoji)"",""WordPress"",""Yoast SEO"",""jQuery"",""jQuery Migrate"",""reCAPTCHA""]",43144299,catchall,8/18/2023,88d0d5ce7527efd8671fab67460c60dc,N/A,N/A,85%,Insurance Agents: Brokers: and Service,N/A,N/A,N/A,N/A,N/A
Katie Lombardo,Katie,Lombardo,"Vice President, Production",klombardo@goedeckeco.com,Goedecke,goedeckeco.com,+16177909001,"10 High Street 11th Floor Boston, MA 02110",Boston,MA,"=""02110""",30,5700128,65,"[""Apache"",""FancyBox"",""Google Analytics"",""Google Font API"",""PHP"",""Twitter Emoji (Twemoji)"",""WordPress"",""jQuery""]",43061766,catchall,8/18/2023,cad1c0de7046d0dc591f97ccc6f19077,N/A,N/A,85%,Real Estate,N/A,https://linkedin.com/in/peter-goedecke-1800531a,N/A,N/A,N/A
Katie Lombardo Vice,Katie,Vice,"Vice President, Production - Westport",klombardo-vice@goedeckeco.com,Goedecke,goedeckeco.com,+16177909001,"10 High Street 11th Floor Boston, MA 02110",Boston,MA,"=""02110""",30,5700128,65,"[""Apache"",""FancyBox"",""Google Analytics"",""Google Font API"",""PHP"",""Twitter Emoji (Twemoji)"",""WordPress"",""jQuery""]",43061765,catchall,8/18/2023,2b706f49b73ac319425a2dd89a47d094,N/A,N/A,85%,Real Estate,N/A,https://linkedin.com/in/peter-goedecke-1800531a,N/A,N/A,N/A
Knox Mailhes,Knox,Mailhes,Vice President,kmailhes@integritytitlesolutions.com,Integrity Title Solutions,integritytitlesolutions.com,+16366382300,"St. Louis, MO 63146St. Louis, MO 63129",St. Louis,MO,"=""63129""",30,5700128,64,"[""Apache"",""Google Font API"",""Plesk"",""Twitter Emoji (Twemoji)"",""WordPress"",""jQuery"",""jQuery Migrate""]",43062707,catchall,11/16/2021,598b377bda849a0146afc3744c799b1c,N/A,N/A,85%,Insurance Agents: Brokers: and Service,https://facebook.com/pages/integrity-title-solutions-llc/504741829632682,N/A,N/A,N/A,N/A
Katie Maurer,Katie,Maurer,Senior Vice President Human Resources,kmaurer@express.com,Express,express.com,(800) 695-1788,N/A,Sitka,AK,N/A,5,576180,39,[],36637697,catchall,1/24/2024,c36039d428feab6826a194e0dcb10f21,N/A,N/A,85%,Miscellaneous Manufacturing Industries,N/A,N/A,N/A,N/A,N/A
Kevin Quinn,Kevin,Quinn,VP of Operations,kquinn@grsmgt.com,Grs Community Management,grsmgt.com,+12395619160,"3900 Woodlake Blvd - Suite 309 Lake Worth, FL 33463",West Palm Beach,FL,"=""33463""",75,75000000,65,"[""Apache"",""Bootstrap"",""Google Analytics"",""Google Font API"",""Gravatar"",""OWL Carousel"",""Revslider"",""Twitter Emoji (Twemoji)"",""WooCommerce"",""WordPress"",""jQuery"",""jQuery Migrate""]",43058453,catchall,8/7/2023,9a0e1431294e3e96022b385d158e11e5,N/A,N/A,85%,Real Estate,https://facebook.com/grs-management-associates-inc-120277351643819,https://linkedin.com/company/1530606,N/A,N/A,N/A
Kris Ray,Kris,Ray,"Vice President, Field Operations",kray@protitletx.com,Protitletx,protitletx.com,+19725974820,"5001 US Hwy 287 S, Suite 105 Arlington, TX 76017",Arlington,TX,"=""76017""",125,35000000,65,"[""Amazon EC2"",""Apache"",""Google Analytics"",""Google Font API"",""OpenSSL"",""PHP"",""Twitter Emoji (Twemoji)"",""WordPress"",""jQuery"",""jQuery Migrate""]",38834286,catchall,3/28/2022,0646abfca3c24b1c856a7f1b10f02dbc,N/A,N/A,85%,Real Estate,https://facebook.com/providencetitlecorporate,https://linkedin.com/company/545569,https://twitter.com/providencetitle,N/A,N/A
Kris Jones,Kris,Jones,Vice President of Real Estate,kris@realcrowd.com,Realcrowd,realcrowd.com,+18002861602,N/A,Palo Alto,CA,N/A,30,6000000,65,"[""CloudFlare"",""Microsoft ASP.NET"",""New Relic"",""Segment"",""webpack""]",37848750,catchall,6/27/2023,a45f6f253a1f51c79d2f38394a344b7f,N/A,N/A,85%,Real Estate,https://facebook.com/therealcrowd,https://linkedin.com/company/realcrowd,https://twitter.com/therealcrowd,https://instagram.com/therealcrowd,N/A
Kristen Butler Vice,Kristen,Vice,"Vice President, Marketing &amp Client Relations",kristen@missiontripinsurance.com,Trip Cancellation Insurance Global Health Plans Group,missiontripinsurance.com,+16038436662,"1840 Deer Creek Rd. # 201 Monument, CO 801321840 Deer Creek Rd #201 Monument, CO USA",Monument,CO,N/A,N/A,0,64,"[""CloudFlare"",""Google Font API"",""LiteSpeed"",""Twitter Emoji (Twemoji)"",""WordPress"",""jQuery"",""jQuery Migrate""]",36476263,catchall,7/19/2024,ca8c39c90d839f54701598486e8f2684,N/A,N/A,85%,Insurance Agents: Brokers: and Service,https://facebook.com/missiontripinsurance,https://linkedin.com/company/insurance-consultants-international,https://twitter.com/insuremissions,N/A,N/A
Krystal Todd,Krystal,Todd,Vice President Claims,krystal.todd@amfed.com,Amfed,amfed.com,+16018534949,"576 Highland Colony Parkway,Suite 300 |Ridgeland, MS 39157P.O. Box 1380 |Ridgeland, MS 39158-1380",Ridgeland,MS,"=""39158-1380""",30,860000000,6411,"[""Apache"",""Font Awesome"",""Google Analytics"",""PHP"",""Ubuntu"",""jQuery""]",46213612,catchall,4/12/2022,8668241cb3b83811e1a9496f84f63e3c,N/A,N/A,85%,Insurance Agents: Brokers: and Service,N/A,N/A,N/A,N/A,N/A
Kathleen Snyder,Kathleen,Snyder,Vice President &amp; Investment Sales,ksnyder@horizonbank.com,Horizon Bank,peoplesfed.com,+12197501159,N/A,Waterloo,IN,N/A,N/A,0,65,"[""AppNexus"",""Google Tag Manager"",""IIS"",""Microsoft ASP.NET"",""Modernizr"",""SWFObject"",""Slick"",""jQuery"",""jQuery UI""]",36828879,catchall,8/18/2023,f8ad953a8f80894c82abfc77443dadaf,N/A,N/A,85%,Real Estate,https://facebook.com/myhorizonbank,https://linkedin.com/company/horizon-bank_3,N/A,N/A,N/A
Keller Vice,Keller,Vice,Vice President/sales and Leasing,kvice@pembrokerealty.com,Pembroke Real,pembrokerealty.com,+17574996530,N/A,Tampa,FL,N/A,30,3000000,65,"[""Azure"",""Bootstrap"",""Google Font API"",""Google Tag Manager"",""jQuery""]",44715387,catchall,8/18/2023,f41ab7eba9d89911ae06cccb13a86967,N/A,N/A,85%,Real Estate,https://facebook.com/pembrokecommercial,https://linkedin.com/company/pembroke-commercial-realty-llc,N/A,N/A,N/A
Kyle Warren,Kyle,Warren,Director of Operations &amp Training,kwarren@sprayroq.com,Sprayroq Com Sprayroq,sprayroq.com,+12256733156,"4766 Grantswood Road, Suite 150 Irondale AL 35210",Pelham,AL,"=""35210""",30,5700128,28,"[""CloudFlare"",""Google Font API"",""Google Tag Manager"",""OpenResty"",""Varnish"",""Webflow"",""jQuery""]",38401215,catchall,1/24/2024,2c330ef4e6c8ee86230410c9a25e2bba,N/A,N/A,85%,Chemicals and Allied Products,https://facebook.com/sprayroq,https://linkedin.com/company/sprayroq-inc-,N/A,N/A,N/A
Kyle Weber Vice,Kyle,Vice,Vice President of Operations,kyle.weber-vice@pegasusanc.com,Pegasus,pegasusanc.com,+19073013254,N/A,Anchorage,AK,N/A,30,1470560,45,"[""Apache"",""CentOS"",""Google Font API"",""Gravatar"",""PHP"",""WordPress"",""jQuery"",""jQuery Migrate""]",45966006,catchall,5/3/2021,2cc0bad160fee89dcd6b80120e74fbdf,N/A,N/A,85%,Transportation By Air,N/A,N/A,N/A,N/A,N/A
Lynn Ambrose,Lynn,Ambrose,Vice President,lambrose@plexusgroupe.com,Plexus Groupeall,plexusgroupe.com,+19727705010,"Suite 800 Chicago, IL 60606",Deer Park,IL,"=""60606""",125,16500000,64,"[""Google Font API"",""Sentry"",""Squarespace"",""Typekit"",""YUI"",""jQuery"",""webpack""]",41695272,catchall,11/17/2021,dd1c1c86077e6ca129a4cd4e6c573902,N/A,N/A,85%,Insurance Agents: Brokers: and Service,N/A,https://linkedin.com/in/mitchell-andrews-93a16a,N/A,N/A,N/A
Larry Anaya,Larry,Anaya,Executive Vice President,lanaya@tagrisk.com,Tagrisk,tagrisk.com,+13107555432,"Suite 205 Huntington Beach, CA 92647",Alpharetta,GA,"=""92647""",30,64000000,64,"[""Google Analytics"",""Google Font API"",""MediaElement.js"",""PHP"",""Sucuri"",""Twitter Emoji (Twemoji)"",""WordPress"",""Yoast SEO"",""jQuery"",""jQuery Migrate""]",46143262,catchall,3/24/2022,3c4a6fb8eddb69a1cef86b1c5405b0de,N/A,N/A,85%,Insurance Agents: Brokers: and Service,https://facebook.com/pages/tagrisk/127787913999632,https://linkedin.com/company/2942471,https://twitter.com/tagrisk,N/A,N/A
Lance Johnson,Lance,Johnson,Vice President of Sales,lance.johnson@inhouseusa.com,Inhouseusa,inhouseusa.com,N/A,N/A,Ponte Vedra Beach,FL,N/A,30,35000000,65,"[""Nginx""]",43519941,catchall,8/18/2023,b04659c4145c457887994aaef556e48a,N/A,N/A,85%,Real Estate,N/A,N/A,N/A,N/A,N/A
Larry Roeser,Larry,Roeser,VP - Daymont,larry@daymontsouders.com,Daymontsouders.comcall,daymontsouders.com,+19374617592,"7227 Taylorsville Rd Dayton, OH 45424",Dayton,OH,"=""45424""",5,1638653,6411,"[""Flywheel"",""Google Maps"",""Modernizr"",""WordPress"",""jQuery"",""jQuery Migrate""]",46329774,catchall,11/17/2021,16c312391d41eda553d4e68a5407c0b7,N/A,N/A,85%,Insurance Agents: Brokers: and Service,https://facebook.com/daymontsouders,https://linkedin.com/company/daymont-souders-insurance-agency-inc,https://twitter.com/daymontsouders,N/A,N/A
Laura Hancock,Laura,Hancock,Vice President/ Bond Specialist/ Producer,laurah@fordthomas.com,Ford & Thomas,fordthomas.com,+18007661853,"6809 Stoneman Road Henrico, Virginia 23228",Richmond,VA,"=""23228""",5,3000000,6411,"[""Font Awesome"",""Google Font API"",""Modernizr"",""OpenResty"",""WordPress"",""jQuery"",""jQuery Migrate""]",38820107,catchall,5/7/2021,be8c8dbd2411965866390c142e333166,N/A,N/A,85%,Insurance Agents: Brokers: and Service,N/A,N/A,N/A,N/A,N/A
Lauren Kattelman,Lauren,Kattelman,Vice President - Escrow -,lauren@truetitle.com,True Title,truetitle.com,+13146572067,"St. Louis, MO 63131St. Louis, MO 63105St. Louis, MO 6312910333 Clayton Rd. St. Louis, MO 631314409H Meramec Bottom Rd. St. Louis, MO 63129",St. Louis,MO,"=""63129""",30,6000000,65,"[""CloudFlare"",""Google Analytics"",""Google Font API"",""Nginx"",""PHP"",""Prism"",""Twitter Emoji (Twemoji)"",""WP Engine"",""WordPress"",""Yoast SEO"",""jQuery"",""jQuery Migrate""]",39426733,catchall,6/30/2021,5cc2b7fbf9e950b4627e0cfaf8fb9070,N/A,N/A,85%,Real Estate,https://facebook.com/truetitleco,https://linkedin.com/company/true-title-company-llc,N/A,N/A,N/A
Laurent Ryssen,Laurent,Ryssen,VP Global Accounts,laurent.ryssen@diversey.com,Diversey,diversey.com,+18006687171,N/A,Charlotte,NC,N/A,7500,2000000000,28,"[""Amazon Cloudfront"",""CloudFlare"",""Drupal"",""Font Awesome"",""HubSpot"",""Nginx""]",43179192,catchall,1/24/2024,e04230a86c9fb8641e8bcc5b4b6a1c37,N/A,N/A,85%,Chemicals and Allied Products,https://facebook.com/diversey,N/A,https://twitter.com/diversey,N/A,https://youtube.com/user/diverseycomms
Laurie Baker,Laurie,Baker,Executive Vice President of Operations,lbaker@camdenliving.com,Camdenliving,camdenliving.com,+17133542700,N/A,Fort Worth,TX,N/A,3000,876400000,65,"[""Apache"",""Drupal"",""Facebook"",""Google Analytics"",""Google Font API"",""Google Maps"",""Mixpanel"",""Select2"",""Ubuntu"",""Varnish"",""jQuery"",""jQuery UI""]",38879110,catchall,4/12/2022,ceac2e6fe27d981dba54ad17ab827fbe,N/A,N/A,85%,Real Estate,https://facebook.com/camdenliving,https://linkedin.com/company/camden-property-trust,https://twitter.com/camdenliving,https://instagram.com/camdenliving,https://youtube.com/user/camdentv
Liberty Board,Liberty,Board,"Executive Vice President, Sales and Leasing",l.board@tmdre.com,Marketing,tmdre.com,+16179775484,"750 Lexington Avenue, 18th floor, New York, NY 10022",New York,NY,"=""10022""",75,35000000,65,"[""Facebook"",""Google Analytics"",""Nginx"",""PHP"",""Ubuntu"",""animate.css"",""jQuery""]",36361079,catchall,8/18/2023,c157367e0fedfbc7923746ce7852c7fa,N/A,N/A,85%,Real Estate,https://facebook.com/themarketingdirectorsrealestate,https://linkedin.com/company/2845049,https://twitter.com/tmd_realestate,N/A,https://youtube.com/user/marketingdirectors1
Liz Bowden,Liz,Bowden,Vice President Operations/claims,lbowden@tequestainsurance.com,Tequesta Insurance Advisors,tequestainsurance.com,+18887444546,"218 S. U.S. Highway One, Suite 300, Tequesta, FL 33469218 S. U.S. Highway One, Suite 300 Tequesta, FL 33469",Tequesta,FL,"=""33469""",5,1638653,6411,"[""Apache"",""Facebook"",""Google Analytics"",""Google Plus"",""Modernizr"",""PHP"",""ShareThis"",""WordPress"",""jQuery""]",43906516,catchall,9/21/2023,2cbcbab62a8dba98a2e40ee17e2133a9,N/A,N/A,85%,Insurance Agents: Brokers: and Service,N/A,N/A,N/A,N/A,N/A
Louis Breaux,Louis,Breaux,Vice President – South,lbreaux@msfb.org,Mississippi Farm Bureau Federation,msfb.org,+16628445010,"P.O. Box 1972 Jackson, MS 39215-1972",De Kalb,MS,"=""39215-1972""",5,393300,6411,"[""Google Analytics"",""Google Font API"",""Google Maps"",""Google Tag Manager"",""Liquid Web"",""MediaElement.js"",""Nginx"",""Twitter Emoji (Twemoji)"",""WordPress"",""Yoast SEO"",""YouTube"",""jQuery"",""jQuery Migrate""]",40344276,catchall,9/21/2023,f73c5db3c949b564028510b5aebe94c6,N/A,N/A,85%,Insurance Agents: Brokers: and Service,https://facebook.com/msfarmbureau,N/A,https://twitter.com/msfarmbureau,N/A,https://youtube.com/user/farmbureaums#p/u
Lance Chatham,Lance,Chatham,Vice President,lchatham@chathamlegacy.com,Chatham,chathamlegacy.com,+16789399578,N/A,Gainesville,GA,N/A,30,4000000,6411,"[""Google Font API"",""Squarespace"",""Typekit"",""YUI"",""jQuery"",""webpack""]",39834403,catchall,11/17/2021,56d933182a4f68194f88a068c7b7e46f,N/A,N/A,85%,Insurance Agents: Brokers: and Service,https://facebook.com/chathambilthomes,N/A,N/A,https://instagram.com/chathambilt,N/A
Lisa Clark,Lisa,Clark,VP of Operations,lclark@dghins.com,Des Champs & Gregory,dghins.com,+19417496813,"1812 Manatee Avenue West Bradenton, Florida 342051812 Manatee Ave W, Bradenton, FL 34205",Bradenton,FL,"=""34205""",30,6000000,6411,"[""Hammer.js"",""Nginx"",""jQuery""]",45632621,catchall,8/7/2023,5f7d8f998c0b6b672776ca9f896fdbf4,N/A,N/A,85%,Insurance Agents: Brokers: and Service,https://facebook.com/deschampsandgregory,N/A,N/A,N/A,N/A
Laura Dempsey,Laura,Dempsey,"Corporate Vp, Human Resources",ldempsey@cityofhaskell.org,City,cityofhaskell.org,+15012183100,N/A,Benton,AR,N/A,30,5700128,91,"[""Apache"",""Google Font API"",""Twitter Emoji (Twemoji)"",""WordPress"",""jQuery"",""jQuery Migrate""]",42389651,catchall,11/4/2022,d873639f44b5fdec20d6ac716704e813,N/A,N/A,85%,Executive: Legislative: and General Government: except Finance,N/A,N/A,N/A,N/A,N/A
Laura Eames,Laura,Eames,Vice President,leames@lovascogroup.com,Lovasco Consulting Group,lovascogroup.com,+13133941712,"One Woodward Ave., Suite 1500, Detroit, MI, 48226",Detroit,MI,"=""48226""",30,3000000,6411,"[""Google Analytics"",""Google Font API"",""Google Tag Manager"",""OpenResty"",""Varnish"",""Webflow"",""jQuery""]",44570172,catchall,11/17/2021,9d295ffa359c6a6e59792a80a7c6d978,N/A,N/A,85%,Insurance Agents: Brokers: and Service,https://facebook.com/lovascogroup,https://linkedin.com/company/lovasco-consulting-group,N/A,N/A,N/A
Brad Lemons,Brad,Lemons,Senior Vice President,lemonsb@nationwide.com,Nationwide Mutual,nationwide.com,+18662382164,N/A,Charleston,SC,N/A,30,4000000,6411,"[""Bootstrap"",""Ensighten"",""Facebook"",""Google Code Prettify"",""Java"",""Marked"",""New Relic"",""SDL Tridion"",""ZURB Foundation"",""jQuery"",""reCAPTCHA""]",43311078,catchall,11/17/2021,1cfb346dd42c6450a0fd6d6305827522,N/A,N/A,85%,Insurance Agents: Brokers: and Service,https://facebook.com/nationwide,https://linkedin.com/company/2340,https://twitter.com/nationwide,https://instagram.com/nationwide,N/A
Linda Fieger,Linda,Fieger,"Vp, Information Management Tech",lfieger@westernsouthern.com,Western & Southern Financial Group,westernsouthern.com,+18669754331,N/A,Cincinnati,OH,N/A,3000,6411000000,6411,"[""Azure"",""Bootstrap"",""Google Analytics"",""Google Tag Manager"",""IIS"",""Knockout.js"",""Microsoft ASP.NET"",""Modernizr"",""Sitecore"",""Slick"",""jQuery"",""jQuery UI"",""webpack""]",39426485,catchall,10/26/2021,33305371d71878fe709978e9f3250843,N/A,N/A,85%,Insurance Agents: Brokers: and Service,https://facebook.com/westernsouthernfinancialgroup,https://linkedin.com/company/western-&-southern-financial-group,https://twitter.com/westernsouthern,https://instagram.com/westernandsouthern,https://youtube.com/user/wsfinancialgroup
Linda Findlay,Linda,Findlay,Vice President Insurance Operations,lfindlay@bhlinsurance.com,Onegroup,bhlinsurance.com,+13157933634,"169 Main Street Oneida, NY 13421",Oneida,NY,"=""13421""",30,441000000,6411,[],40799501,catchall,3/24/2022,3b853d9331a476f3c5ba7eb09575d549,N/A,N/A,85%,Insurance Agents: Brokers: and Service,N/A,https://linkedin.com/company/bailey-haskell-&-lalonde,N/A,N/A,N/A
Laura Finelli Vice,Laura,Vice,Vice President of Operations,lfinellivice@able-title.com,Able Title,able-title.com,+12016046180,"84 Washington Street, 4th Floor, Hoboken, NJ 07030",Hoboken,NJ,"=""07030""",5,1638653,65,"[""Bootstrap"",""Google Font API"",""Gravatar"",""Modernizr"",""Nginx"",""Twitter Emoji (Twemoji)"",""WordPress"",""jQuery"",""jQuery Migrate""]",41105748,catchall,3/28/2022,7456f7aac73748781d359b3eb2565a4f,N/A,N/A,85%,Real Estate,N/A,N/A,N/A,N/A,N/A
Lori Harlow,Lori,Harlow,"Vice President, Accounting & Administration",lharlow@execairshare.com,Airshare Cares,execairshare.com,+18773725136,"8345 Lenexa Drive, Ste. 120 Lenexa, KS 66214",Overland Park,KS,"=""66214""",300,17500000,45,"[""CloudFlare"",""Flywheel"",""Font Awesome"",""Google Font API"",""Google Tag Manager"",""Pardot"",""Twitter Emoji (Twemoji)"",""WordPress"",""Yoast SEO"",""jQuery"",""jQuery Migrate"",""reCAPTCHA""]",41568037,catchall,1/10/2022,154a18e2dbc5efa400d7810ed180ebf2,N/A,N/A,85%,Transportation By Air,https://facebook.com/flywithairshare,https://linkedin.com/company/fly-airshare,https://twitter.com/flyairshare,https://instagram.com/flyairshare,https://youtube.com/channel/uctyasl4pnjjjrvyn6w7n5jw
Lisa Scoble,Lisa,Scoble,VP Program Business / Sales,lisa.scoble@pearlinsurance.com,Pearl,pearlinsurance.com,+13096790545,N/A,Peoria Heights,IL,N/A,350,90396180,64,"[""Bootstrap"",""DNN"",""Google Tag Manager"",""Microsoft ASP.NET"",""ZURB Foundation"",""jQuery""]",42448166,catchall,8/18/2023,61a4644c14458b15db329dfd7b42a24a,N/A,N/A,85%,Insurance Agents: Brokers: and Service,https://facebook.com/pearlinsurance,https://linkedin.com/company/pearl-insurance,https://twitter.com/pearlinsurance,N/A,N/A
Lindsay Kissel,Lindsay,Kissel,Vice President of Sales,lkissel@tuuci.com,Tuuci Tuuci,tuuci.com,+12743794716,"1000 SE 8th Street Miami-Hialeah, FL 33010 USA1000 SE 8th Street Miami-Hialeah, Florida 33010",Miami,FL,"=""33010""",75,17000000,3999,"[""AddThis"",""Bootstrap"",""Facebook"",""Font Awesome"",""Google Font API"",""Google Tag Manager"",""Hammer.js"",""Modernizr"",""Nginx"",""Polyfill"",""Revslider"",""Snap.svg"",""Typekit"",""WordPress"",""jQuery"",""jQuery Migrate"",""jQuery UI"",""Kinsta""]",42729073,catchall,1/24/2024,f7949e061b9a989fb1a58c4959c1f886,N/A,N/A,85%,Manufacturing Industries: Not Elsewhere Classified,https://facebook.com/tuucishade,https://linkedin.com/company/tuuci,https://twitter.com/tuuci,https://instagram.com/tuucishade,https://youtube.com/channel/ucez1xh-3erk8kqpznyzwnqq
Lloyd Ross,Lloyd,Ross,Sr. Vice President,lloyd.ross@usi.biz,Usi,usi.biz,+18666570861,"100 Summit Lake Drive, Suite 400, Valhalla, NY 10595",East Greenwich,RI,"=""10595""",3000,6411000000,6411,"[""Bootstrap"",""Font Awesome"",""Google Analytics"",""Microsoft ASP.NET"",""Modernizr"",""jQuery"",""jQuery Migrate""]",43930889,catchall,10/26/2021,4cfd6942a0aa12250d17161bd4b4744f,N/A,N/A,85%,Insurance Agents: Brokers: and Service,https://facebook.com/usiins,https://linkedin.com/company/usi-insurance-services,https://twitter.com/usiins,N/A,N/A
Lokesh Nigam,Lokesh,Nigam,Vice President of Employee Benefits,lokesh.nigam@usi.biz,Usi,usi.biz,+18666570861,"100 Summit Lake Drive, Suite 400, Valhalla, NY 10595",East Greenwich,RI,"=""10595""",3000,6411000000,6411,"[""Bootstrap"",""Font Awesome"",""Google Analytics"",""Microsoft ASP.NET"",""Modernizr"",""jQuery"",""jQuery Migrate""]",43930864,catchall,10/26/2021,787e89475145bc07e1f31a7c9d76a81f,N/A,N/A,85%,Insurance Agents: Brokers: and Service,https://facebook.com/usiins,https://linkedin.com/company/usi-insurance-services,https://twitter.com/usiins,N/A,N/A
Lora Wilson,Lora,Wilson,Vice President of Marketing,lora.wilson@zywave.com,Zywave,zywave.com,+18664999283,"Suite 300 Milwaukee, WI 53226",Milwaukee,WI,"=""53226""",350,6411000000,6411,"[""CloudFlare"",""FancyBox"",""Google Analytics"",""Google Maps"",""Google Tag Manager"",""Marketo"",""Nginx"",""WP Engine"",""WordPress"",""jQuery"",""jQuery Migrate""]",45175073,catchall,8/18/2023,0a85a667c9969f8685b648f68fb970f0,N/A,N/A,85%,Insurance Agents: Brokers: and Service,https://facebook.com/zywave,https://linkedin.com/company/zywave,https://twitter.com/zywave,N/A,https://youtube.com/channel/ucph1yelctiifovfkjpyi5mw
Loren Werner,Loren,Werner,COO &amp Head of Product,loren@resilientops.com,Lumo Predicts,resilientops.com,+18664521961,N/A,unknown city,unknown state,N/A,N/A,45000000,45,"[""Bootstrap"",""CloudFlare"",""Google Analytics"",""Google Font API"",""Google Tag Manager"",""HubSpot"",""Intercom"",""Matomo"",""Modernizr"",""Nginx"",""Segment"",""Slick"",""WP Engine"",""WordPress"",""Yoast SEO"",""jQuery"",""jQuery Migrate""]",44371440,catchall,10/10/2022,974caf97849d26759531d119d26de4a7,N/A,N/A,85%,Transportation By Air,N/A,https://linkedin.com/company/think-lumo,https://twitter.com/thinklumo,N/A,N/A
Loretta Lorenzen,Loretta,Lorenzen,Vice President,loretta@hpminsurance.com,Hpm Insurance Is,byseinsurance.com,+18003226222,"208 Union Ave Laconia, NH 03246208 Union Ave Laconia, NH",Laconia,NH,N/A,30,1811940,6411,"[""CloudFlare"",""Google Analytics"",""Google Tag Manager"",""HubSpot"",""Matomo"",""YouTube"",""jQuery""]",41617992,catchall,11/17/2021,b4274ffeeb5d3cebd54822f2626646b8,N/A,N/A,85%,Insurance Agents: Brokers: and Service,https://facebook.com/hpminsurance,https://linkedin.com/company/hpm-insurance,N/A,N/A,N/A
Leroy Prout,Leroy,Prout,Chief Information Officer,lprout@hriproperties.com,Hri Properties,hriproperties.com,+15045660204,"812 Gravier Street Suite 200 New Orleans, LA 70112",New Orleans,LA,"=""70112""",300,600000000,65,"[""Font Awesome"",""Google Analytics"",""Nginx"",""Polyfill"",""Slick"",""TweenMax"",""Twitter Emoji (Twemoji)"",""WP Engine"",""WordPress"",""Yoast SEO"",""jQuery""]",36247595,catchall,4/14/2021,cf82368790139db564ee7e3e82f4259a,N/A,N/A,85%,Real Estate,https://facebook.com/hripropertiesllc,https://linkedin.com/company/hri-properties,N/A,N/A,N/A
Lisa Rhudy,Lisa,Rhudy,Vice President - Asset Management -,lrhudy@pattillore.com,Pattillo,pattillore.com,+19046952452,"100 Murray Drive, Waynesboro, GA",Stone Mountain,GA,N/A,125,25000000,65,[],42028132,catchall,6/21/2023,54ed31004437272345f2deec5ed2cdab,N/A,N/A,85%,Real Estate,N/A,https://linkedin.com/company/221920,https://twitter.com/pattillore,N/A,N/A
Lisa Rhudy Vice,Lisa,Vice,Vice President,lrhudy-vice@pattillore.com,Pattillo,pattillore.com,+19046952452,"100 Murray Drive, Waynesboro, GA",Stone Mountain,GA,N/A,125,25000000,65,[],42028136,catchall,6/21/2023,2c8a01aa930180cb3949df72add53d02,N/A,N/A,85%,Real Estate,N/A,https://linkedin.com/company/221920,https://twitter.com/pattillore,N/A,N/A
Laura Rinaldi,Laura,Rinaldi,"Vice President, Airport Affairs",lrinaldi@airlines.org,Airlines,airlines.org,+18604375700,"1275 Pennsylvania Ave NW, Suite 1300 Washington,1275 Pennsylvania Ave.NW Suite 1300 Washington, DC 20004",Washington,DC,"=""20004""",300,0,45,"[""AddThis"",""Facebook"",""FancyBox"",""Font Awesome"",""Google Analytics"",""Modernizr"",""Nginx"",""Pantheon"",""Slick"",""Underscore.js"",""Varnish"",""WordPress"",""jQuery"",""jQuery UI""]",42936834,catchall,10/16/2022,5d906d332bda13dca0605f5b43810273,N/A,N/A,85%,Transportation By Air,https://facebook.com/airlinesforamerica,https://linkedin.com/company/airlines-for-america,https://twitter.com/airlinesdotorg,https://instagram.com/airlinesforamerica,https://youtube.com/user/airlinesforamerica
Luke Alverson,Luke,Alverson,"Sr. Vice President, General Counsel & Secretary",luke.alverson@cswindustrials.com,Csw Industrials,cswindustrials.com,+12148843777,N/A,Dallas,TX,N/A,30,150000000,28,"[""Apache"",""Craft CMS"",""Google Analytics"",""Modernizr"",""Polyfill"",""Typekit"",""Ubuntu"",""ZURB Foundation"",""jQuery""]",44524236,catchall,1/24/2024,3925d75ccaed2c96991013bf3fe79389,N/A,N/A,85%,Chemicals and Allied Products,N/A,N/A,N/A,N/A,N/A
Mandy Andrews,Mandy,Andrews,Vice President | Residential Marketing ...,mandy@keytitlegroup.com,Key Title Group,keytitlegroup.com,+15125185390,N/A,San Antonio,TX,N/A,30,5700128,65,"[""AddToAny"",""Apache"",""Bootstrap"",""CloudFlare"",""Font Awesome"",""Google Analytics"",""Google Font API"",""Google Tag Manager"",""MediaElement.js"",""Modernizr"",""Revslider"",""Twitter Emoji (Twemoji)"",""WordPress"",""Yoast SEO"",""jQuery"",""jQuery Migrate"",""jQuery UI""]",43594914,catchall,8/18/2023,a5f845541a039e4b255edcfe07ff876c,N/A,N/A,85%,Real Estate,https://facebook.com/keytitlegroupsanantonio,https://linkedin.com/company/key-title-group,N/A,N/A,N/A
Machelle Applegate,Machelle,Applegate,Sales Vice President,mapplegate@starlinegroup.com,Starline Group,starlinegroup.com,+15084950882,N/A,Falmouth,MA,N/A,30,6411000000,6411,"[""Apache"",""Google Analytics"",""Google Font API"",""Modernizr"",""Supersized"",""jQuery""]",37837461,catchall,8/18/2023,8c483492317c1f152a1a13805619f687,N/A,N/A,85%,Insurance Agents: Brokers: and Service,N/A,N/A,N/A,N/A,N/A
Margaret Lam,Margaret,Lam,Assistant CIO,margaret.lam@sanjoseca.gov,City Of San Jose,sanjoseca.gov,+14089751400,"200 E. Santa Clara St. San Jose, Ca 95113",San Jose,CA,"=""95113""",300,361000000,9199,"[""AngularJS"",""Bootstrap"",""CloudFlare"",""Google Maps"",""Google Tag Manager"",""Microsoft ASP.NET""]",38581720,catchall,5/9/2023,2886bc6c2bb1b10d6f04f8d15c843090,N/A,N/A,85%,General Government: Not Elsewhere Classified,https://facebook.com/cityofsanjose,https://linkedin.com/company/cityofsanjose,https://twitter.com/cityofsanjose,https://instagram.com/visitsanjose_ca,https://youtube.com/channel/ucedimzjeubpgarudcxnd4cg
Marion Standley,Marion,Standley,— Assistant Vice President,marion@friesen-strain.com,Friesen-strain,friesen-strain.com,+18008293948,N/A,Lufkin,TX,N/A,5,1000000,6411,"[""Apache"",""Bootstrap"",""Font Awesome"",""Google Font API"",""PHP"",""jQuery""]",44520543,catchall,9/21/2023,8ab898ca68b8a49b50f2f673e748c046,N/A,N/A,85%,Insurance Agents: Brokers: and Service,N/A,N/A,N/A,N/A,N/A
Mario Novelli,Mario,Novelli,Chief Operating Officer,mario.novelli@pccrusa.com,Polynt,pccrusa.com,N/A,N/A,Carpentersville,IL,N/A,350,90396180,28,"[""Bootstrap"",""Font Awesome"",""Google Analytics"",""Google Font API"",""Google Maps"",""Modernizr"",""Nginx"",""PHP"",""Revslider"",""Select2"",""Twitter Emoji (Twemoji)"",""WordPress"",""Yoast SEO"",""jQuery"",""jQuery Migrate"",""jQuery UI""]",38539061,catchall,1/24/2024,45942ad333f7c7fb483e468dd71d3b6e,N/A,N/A,85%,Chemicals and Allied Products,https://facebook.com/polyntgroup,https://linkedin.com/company/polynt-spa,N/A,N/A,https://youtube.com/channel/uchal9qn6nqhi5lf-mu4bzmg
Mario Novelli,Mario,Novelli,Chief Operating Officer,mario.novelli@polynt.com,Polynt,polynt.com,N/A,N/A,Kansas City,MO,N/A,300,98100000,28,"[""Bootstrap"",""Font Awesome"",""Google Analytics"",""Google Font API"",""Google Maps"",""Modernizr"",""Nginx"",""PHP"",""Revslider"",""Select2"",""Twitter Emoji (Twemoji)"",""WordPress"",""Yoast SEO"",""jQuery"",""jQuery Migrate"",""jQuery UI""]",37721492,catchall,1/24/2024,c53227bb04bcf857db4915a033a9af00,N/A,N/A,85%,Chemicals and Allied Products,https://facebook.com/polyntgroup,https://linkedin.com/company/polynt-spa,N/A,N/A,https://youtube.com/channel/uchal9qn6nqhi5lf-mu4bzmg
Mark Conroy,Mark,Conroy,Chief Information Officer,markc@healthhelp.com,Healthhelp A Wns,healthhelp.com,+18777950373,"5959 Corporate Drive Suite 1200 Houston, TX 77036Suite 1300 Houston, TX 77060",Houston,TX,"=""77060""",300,38000000,6411,"[""AddToAny"",""Apache"",""Bootstrap"",""CentOS"",""Google Font API"",""OpenSSL"",""PHP"",""Twitter Emoji (Twemoji)"",""WordPress"",""Yoast SEO"",""jQuery"",""jQuery Migrate"",""jQuery UI""]",41611442,catchall,9/18/2023,82b615ab58f52f936f99ca8ddc98fc7e,N/A,N/A,85%,Insurance Agents: Brokers: and Service,https://facebook.com/healthhelpllc,https://linkedin.com/company/healthhelp,https://twitter.com/healthhelp,N/A,https://youtube.com/channel/ucwkqvknne_rpnijf3ml9m0w
Mark Madsen,Mark,Madsen,Assistant Vice President Private Client ...,mark.madsen@siegelagency.com,Siegel Agency,siegelagency.com,+18457963400,"PO Box 309 Rock Hill, NY 12775",Rock Hill,NY,"=""12775""",75,21000000,6411,"[""Apache"",""Google Analytics"",""Google Font API"",""Gravatar"",""Revslider"",""WordPress"",""Yoast SEO"",""jQuery"",""jQuery Migrate""]",38214166,catchall,11/16/2021,06f76e3f7bdcf6f0d99f11081651edda,N/A,N/A,85%,Insurance Agents: Brokers: and Service,https://facebook.com/irwinsiegelagency,https://linkedin.com/company/239111,https://twitter.com/siegelagency,https://instagram.com/irwinsiegelagency,N/A
Mark Murray,Mark,Murray,"Executive Vice President, Biomaterials and Advanced Technologies",mark.murray@avantorinc.com,Avantor,avantorinc.com,+16103861700,"100 Matsonford Road Radnor, PA 19087;",Center Valley,PA,N/A,3000,307000000,28,"[""Bootstrap"",""CloudFlare"",""FancyBox"",""Google Analytics"",""Google Tag Manager"",""Modernizr"",""jQuery"",""jQuery UI""]",38202287,catchall,1/24/2024,31e30a7b3c64eaa044074f3e67f4b1e9,N/A,N/A,85%,Chemicals and Allied Products,https://facebook.com/avantorinc,https://linkedin.com/company/1307665,https://twitter.com/avantor_news,N/A,N/A
Mark Cooley,Mark,Cooley,Vice President,mark@stonycreekcolors.com,Stony Creek Colors,stonycreekcolors.com,N/A,N/A,Goodlettsville,TN,N/A,5,1638653,28,"[""CloudFlare"",""Google Analytics"",""Google Font API"",""Modernizr"",""Shopify"",""jQuery""]",44753660,catchall,2/8/2024,7457e78783063e5663e2eae6b45e4529,N/A,N/A,85%,Chemicals and Allied Products,https://facebook.com/stonycreekcolors,https://linkedin.com/company/stony-creek-colors,https://twitter.com/color_with_life,https://instagram.com/colorwithlife,N/A
Mark Brewer,Mark,Brewer,First Vice President,mark@wellsmarineins.com,Wells,wellsmarineins.com,+18004224234,"5712 Oleander Drive Wilmington, NC 28403One North Third Street Wilmington, NC 28401",Wilmington,NC,"=""28401""",N/A,64000000,64,"[""Apache"",""Facebook"",""Google Analytics"",""Google Font API"",""Google Tag Manager"",""Modernizr"",""OpenSSL"",""PHP"",""Raphael"",""Twitter Emoji (Twemoji)"",""WordPress"",""Yoast SEO"",""jQuery"",""jQuery Migrate"",""jQuery UI""]",45327469,catchall,8/21/2023,a812a4c2151562f3f41cd830356b85c2,N/A,N/A,85%,Insurance Agents: Brokers: and Service,https://facebook.com/wellsins,https://linkedin.com/company/wells-insurance,https://twitter.com/hwwellsins,N/A,N/A
Marlene Lyle,Marlene,Lyle,VP of Marketing,marlenel@usabusinesschoice.com,Usa Business Choice,usabusinesschoice.com,(617) 575-2766,N/A,Reno,NV,N/A,30,0,64,"[""Microsoft ASP.NET"",""jQuery""]",36568071,catchall,9/29/2023,05284b859a0725279ab9960cdf2b717e,N/A,N/A,85%,Insurance Agents: Brokers: and Service,N/A,N/A,N/A,N/A,N/A
Martha Silva,Martha,Silva,Vice President Sales and Marketing,martha@revivereg.com,Revive Real Estate Group,revivereg.com,+18185327723,"3489 Sweetgrass Ave Simi Valley, CA.",Ranch Santa Margarita,CA,N/A,30,5700128,65,"[""Apache"",""FancyBox"",""Google Font API"",""Hammer.js"",""MediaElement.js"",""Mustache"",""Select2"",""VideoJS"",""Weebly"",""jQuery""]",43244481,catchall,8/18/2023,c3390f868a3b77d5257852d48c67b01d,N/A,N/A,85%,Real Estate,https://facebook.com/revive-real-estate-group-120146668011388,https://linkedin.com/in/randy-tasch-159a7679,https://twitter.com/rtasch,N/A,N/A
Tommy Martin,Tommy,Martin,VP of Sales,martin@pancoastbenefits.com,Pancoast Benefits,pancoastbenefits.com,+16152923411,"4205 Hillsboro Pike, Suite 120 Nashville, TN 37215",Nashville,TN,"=""37215""",5,2910600,6411,"[""CloudFlare"",""Font Awesome"",""Google Font API"",""Twitter Emoji (Twemoji)"",""Typekit"",""WordPress"",""Yoast SEO"",""jQuery"",""jQuery Migrate"",""Kinsta""]",43490661,catchall,8/18/2023,3a72fd3df29dd21ba3d8dc225aab1118,N/A,N/A,85%,Insurance Agents: Brokers: and Service,N/A,N/A,N/A,N/A,N/A
Mary Ann Weber,Mary,Weber,Vice President of Human Resources,maryannw@horanassoc.com,Horan,horanassoc.com,+15137943586,N/A,Cincinnati,OH,N/A,125,6411000000,6411,"[""Act-On"",""Bootstrap"",""DNN"",""FancyBox"",""Google Analytics"",""Google Font API"",""IIS"",""Microsoft ASP.NET"",""Modernizr"",""jQuery"",""jQuery Migrate"",""jQuery UI""]",45166172,catchall,2/24/2023,309aaff674b08a3b3d23039f4148d4fb,N/A,N/A,85%,Insurance Agents: Brokers: and Service,N/A,https://linkedin.com/company/horan,https://twitter.com/horan1948,https://instagram.com/horan1948,N/A
Mary Burns Vice,Mary,Vice,"Vice President, Human Resources",mary.burns-vice@cswindustrials.com,Csw Industrials,cswindustrials.com,+12148843777,N/A,Dallas,TX,N/A,30,150000000,28,"[""Apache"",""Craft CMS"",""Google Analytics"",""Modernizr"",""Polyfill"",""Typekit"",""Ubuntu"",""ZURB Foundation"",""jQuery""]",44524239,catchall,1/24/2024,0ac1fa094549af614ae8e4065f059881,N/A,N/A,85%,Chemicals and Allied Products,N/A,N/A,N/A,N/A,N/A
Matt Bonaventura,Matt,Bonaventura,Vice President,matt@groendyke.net,Groendyke,groendyke.net,+19086388558,"295 County Road 513 Califon, NJ 07830",Califon,NJ,"=""07830""",30,2000000,6411,"[""Apache"",""Google Analytics"",""YouTube"",""jQuery""]",42008905,catchall,11/17/2021,2ed5c883eca8831b050e8a5334f0a877,N/A,N/A,85%,Insurance Agents: Brokers: and Service,N/A,N/A,N/A,N/A,N/A
Matthew Phillips,Matthew,Phillips,Executive Vice President,matthew@libertyhts.com,Senior Lifestyle,libertyhts.com,+17735099333,"303 East Wacker Drive 24th Floor Chicago, IL 60601",Colorado Springs,CO,"=""60601""",125,0,65,"[""Apache"",""CloudFlare"",""Facebook"",""Google Analytics"",""Google Tag Manager"",""HubSpot"",""Matomo"",""Ubuntu"",""WordPress"",""Yoast SEO"",""jQuery""]",38654316,catchall,10/25/2023,9eb595e3348a07760b5ef8f5f88d0f98,N/A,N/A,85%,Real Estate,N/A,https://linkedin.com/company/senior-lifestyle-corporation,https://twitter.com/slcchicago,N/A,https://youtube.com/user/seniorlifestylecorp
Matt Jenkins,Matt,Jenkins,"Vice President, Head of Corporate",matt.jenkins@coronaunderwriters.com,Corona,coronaunderwriters.com,N/A,N/A,San Francisco,CA,N/A,5,1638653,64,"[""Bootstrap"",""DNN"",""Google Font API"",""Microsoft ASP.NET"",""jQuery"",""jQuery Migrate"",""jQuery UI""]",44602996,catchall,11/17/2021,86f58ab48355cad0cd91bf3422c24349,N/A,N/A,85%,Insurance Agents: Brokers: and Service,N/A,N/A,N/A,N/A,N/A
Matt Raff,Matt,Raff,"Vice President, Investment Sales and Leasing",matt@standardcommercial.com,Standard Commercial,standardcommercial.com,+18082229890,N/A,HONOLULU,HI,N/A,5,0,65,[],37740602,catchall,8/18/2023,0e78e295c0a8416f81f1d4541c5ed534,N/A,N/A,85%,Real Estate,N/A,N/A,N/A,N/A,N/A
Mayra Guffin,Mayra,Guffin,Executive Vice President - Sales & Marketing,mayra.guffin@chartisinsurance.com,Chartis,chartisinsurance.com,+18772440304,N/A,New York,NY,N/A,55000,0,6411,"[""Adobe DTM"",""Adobe Experience Manager"",""Apache"",""Google Tag Manager"",""Java"",""ZURB Foundation"",""jQuery""]",45641332,catchall,8/18/2023,c5306476ad23e9b3704d0b3d5d7867d8,N/A,N/A,85%,Insurance Agents: Brokers: and Service,https://facebook.com/aiginsurance,https://linkedin.com/company/1760,https://twitter.com/aiginsurance,N/A,https://youtube.com/user/aig
Boomer M,Boomer,M,Vice President,mboomer@voitco.com,Voit,Voitco.com,+18584530505,N/A,Irvine,CA,N/A,N/A,0,65,"[""Bootstrap"",""Font Awesome"",""Google Analytics"",""Kendo UI"",""Microsoft ASP.NET"",""Sitefinity"",""TweenMax"",""jQuery""]",44465078,catchall,6/27/2023,108c95890de6a391a4eb0b83a5991a27,N/A,N/A,85%,Real Estate,https://facebook.com/voitrealestateservices,https://linkedin.com/company/32505,https://twitter.com/voitrealestate,https://instagram.com/voitrealestate,https://youtube.com/user/voitres
Mark E. Bradford,Mark,Bradford,Senior Vice President & Wealth Director,mbradford@domenick.com,Bmt,domenick.com,+14848759050,"1650 Grant Ave., Philadelphia, PA 19115180 W. Girard Avenue Philadelphia, PA 191231230 Walnut St. Philadelphia, PA 191071230 Walnut St. 2nd Floor, Philadelphia, PA 191076331 Castor Ave. Philadelphia, ",Philadelphia,PA,"=""19107""",5,2000000,6411,"[""Facebook"",""Font Awesome"",""Google Analytics"",""Google Font API"",""Google Maps"",""Google Tag Manager"",""Nginx"",""OWL Carousel"",""Pardot"",""Revslider"",""Twitter Emoji (Twemoji)"",""Underscore.js"",""WP Engine"",""WordPress"",""Yoast SEO"",""animate.css"",""jQuery"",""jQuery Migrate"",""prettyPhoto""]",41970236,catchall,5/8/2024,b6fa4bf7e9e998a5a56a044982213006,N/A,N/A,85%,Insurance Agents: Brokers: and Service,N/A,N/A,https://twitter.com/brynmawrtrust,N/A,N/A
Mark A Buechler,Mark,Buechler,Senior Vice President and Chief Accounting Officer,mbuechler@hccsu.com,Hcc Cookie,hccsu.com,+18557339500,"401 Edgewater Place, Suite 400, Wakefield, Massachusetts 01880401 Edgewater Place, Suite 400 Wakefield, MA 01880",Wakefield,MA,"=""01880""",30,39133000000,6411,"[""Google Tag Manager"",""Microsoft ASP.NET"",""Sitecore"",""jQuery""]",45705388,catchall,11/8/2022,ef251e13bc8b82f9470c19e7aeaae105,N/A,N/A,85%,Insurance Agents: Brokers: and Service,N/A,https://linkedin.com/company/tokio-marine-hcc,https://twitter.com/tokiomarinehcc,N/A,N/A
Mark Burkes,Mark,Burkes,"Vice President Operations, Leed Ap",mburkes@npland.com,Newport Pacific Land,npland.com,N/A,N/A,Newport Beach,CA,N/A,5,7000000,65,"[""FancyBox"",""Font Awesome"",""Google Analytics"",""Modernizr"",""jQuery""]",40973771,catchall,3/28/2022,f6731d275777404b8ecb082ce30ac766,N/A,N/A,85%,Real Estate,N/A,N/A,N/A,N/A,N/A
Maureen Connelly,Maureen,Connelly,Vice President,mconnelly@bbpinellas.com,Pinellas Division,bbpinellas.com,+18887484326,N/A,Clearwater,FL,N/A,7500,6411000000,6411,"[""Nginx""]",42403325,catchall,10/26/2021,83a2d38954b86eb83fce1dc48c140513,N/A,N/A,85%,Insurance Agents: Brokers: and Service,N/A,N/A,N/A,N/A,N/A
Michael Coon,Michael,Coon,VP of Operations,mcoon@powdercoteii.com,Powder Cote Ii,powdercoteii.com,+15864632308,"PO Box 368 Mt Clemens, MI 48046",Mount Clemens,MI,"=""48046""",750,17800000,28,"[""Google Font API"",""Gravatar"",""IIS"",""PHP"",""Twitter Emoji (Twemoji)"",""WordPress"",""jQuery"",""jQuery Migrate""]",37157159,catchall,6/14/2021,3a42cb4cf033bee450140de2da892be6,N/A,N/A,85%,Chemicals and Allied Products,https://facebook.com/powdercoteii,N/A,N/A,N/A,N/A
Mj Dickson,Mj,Dickson,Vice President Human Resources,mdickson@pioneertitleco.com,Pioneer Holding,pioneertitleco.com,+12082340621,"1211 W Myrtle Street, Suite 100 Boise, ID 837028151 West Rifleman Street Boise, ID 837048151 W. Rifleman Street Boise, ID 83704",Boise,ID,"=""83704""",300,35000000,65,"[""Apache"",""Bootstrap"",""Google Analytics"",""Typekit"",""jQuery""]",37420078,catchall,6/5/2024,68c968e5e17264618f28580d2b99644b,N/A,N/A,85%,Real Estate,https://facebook.com/pioneertitleco,N/A,https://twitter.com/pioneertitleco,N/A,N/A
Margot Doering,Margot,Doering,"Vice President/treasurer – Driscoll Realty, Inc",mdoering@piscataqua.com,Piscataqua,piscataqua.com,+16034365540,"15 Pleasant Street Portsmouth, NH 03801",Portsmouth,NH,"=""03801""",5,124344000,65,"[""Amazon EC2"",""Apache"",""Google Analytics"",""Google Font API"",""Google Tag Manager"",""OpenSSL"",""PHP"",""Twitter Emoji (Twemoji)"",""WordPress"",""jQuery"",""jQuery Migrate""]",39752398,catchall,12/2/2021,74b791e31eb670a6e98b1801ca243aaa,N/A,N/A,85%,Real Estate,N/A,N/A,N/A,N/A,N/A
Meghan Griffith Ragozzino,Meghan,Ragozzino,Vice President / Insurance,meghan@griffithagency.com,Griffith Agency,griffithagency.com,+18009224050,"18 North Market St. Girard, OH 44420",Girard,OH,"=""44420""",5,2000000,6411,"[""Google Analytics"",""Google Font API"",""SiteCatalyst"",""Sucuri"",""WordPress"",""jQuery""]",42564349,catchall,9/21/2023,01c719e88cbb73df9b325c04f239888f,N/A,N/A,85%,Insurance Agents: Brokers: and Service,https://facebook.com/thegriffithagencyinc,N/A,N/A,N/A,N/A
Mark Fluharty,Mark,Fluharty,"Vice-president, Agent/broker",mfluharty@coveragenow.com,Gerhart Hartman And Ritner,coveragenow.com,+18003388301,"138 S. Reading Ave. Boyertown, PA 19512",Boyertown,PA,"=""19512""",5,3000000,6411,"[""Font Awesome"",""Google Analytics"",""Google Tag Manager"",""Java"",""LiteSpeed"",""Modernizr"",""ZURB Foundation"",""animate.css"",""jQuery"",""Litespeed Cache""]",44130771,catchall,9/21/2023,dd655dc5e62538f29ee520645774b1da,N/A,N/A,85%,Insurance Agents: Brokers: and Service,https://facebook.com/#!/pages/gerhart-hartman-ritner-insurance-agency/212906205398275,N/A,N/A,N/A,N/A
Michael Gallagher,Michael,Gallagher,Senior Vice President Accounting & Chief Accounting Officer,mgallagher@camdenliving.com,Camdenliving,camdenliving.com,+17133542700,N/A,Fort Worth,TX,N/A,3000,876400000,65,"[""Apache"",""Drupal"",""Facebook"",""Google Analytics"",""Google Font API"",""Google Maps"",""Mixpanel"",""Select2"",""Ubuntu"",""Varnish"",""jQuery"",""jQuery UI""]",38879108,catchall,4/12/2022,098b27996beed7ad89d29dbeb4cb5f02,N/A,N/A,85%,Real Estate,https://facebook.com/camdenliving,https://linkedin.com/company/camden-property-trust,https://twitter.com/camdenliving,https://instagram.com/camdenliving,https://youtube.com/user/camdentv
Michael Gervasio Senior,Michael,Senior,"Senior Vice President, Operations &amp Innovation",mgervasio-senior@workspaceproperty.com,Workspace Property,workspaceproperty.com,+14844294899,"700 Dresher Road, Suite 150, Horsham, PA",Minneapolis,MN,N/A,75,65000000,65,"[""Apache"",""Facebook"",""Google Analytics"",""Google Font API"",""MediaElement.js"",""Modernizr"",""OpenSSL"",""Twitter Emoji (Twemoji)"",""WordPress"",""jQuery"",""jQuery Migrate"",""jQuery UI""]",44537282,catchall,3/28/2022,d0ca88125d7cd81fe10daba4d8239de0,N/A,N/A,85%,Real Estate,https://facebook.com/workspacepropertytrust,https://linkedin.com/company/workspace-property-trust,N/A,https://instagram.com/workspacepropertytrust,N/A
Mark Hinds Vice,Mark,Vice,Vice President – Acquisitions,mhindsvice@cdcco.com,Cdcco,cdcco.com,+13148351515,"1515 Des Peres Road, Suite 300 St. Louis, MO 63131St. Louis, MO 63131",St. Louis,MO,"=""63131""",30,8000000,65,"[""Apache"",""Bootstrap"",""Font Awesome"",""Google Analytics"",""Google Font API"",""MediaElement.js"",""Modernizr"",""Twitter Emoji (Twemoji)"",""WordPress"",""jQuery"",""jQuery Migrate"",""jQuery UI""]",39150031,catchall,6/30/2021,2f3f40d4a3b20c55232dba1862aacaa7,N/A,N/A,85%,Real Estate,N/A,https://linkedin.com/company/commercial-development-co-inc,https://twitter.com/comdevco,N/A,N/A
Michael Gregorian,Michael,Gregorian,Vice President of Sales and Marketing,michael@acjoinsurance.com,Acjo Insurance Services,acjoinsurance.com,+18188916956,"Suite 201, Mission Hills, CA 91345",Mission Hills,CA,"=""91345""",5,0,64,[],36961344,catchall,8/18/2023,ea1ce969a4d87301de2affe937ad91e8,N/A,N/A,85%,Insurance Agents: Brokers: and Service,N/A,N/A,N/A,N/A,N/A
Mike Daiuto,Mike,Daiuto,"Executive Vice President, Commercial Insurance",michael.daiuto@usi.biz,Usi,usi.biz,+18666570861,"100 Summit Lake Drive, Suite 400, Valhalla, NY 10595",East Greenwich,RI,"=""10595""",3000,6411000000,6411,"[""Bootstrap"",""Font Awesome"",""Google Analytics"",""Microsoft ASP.NET"",""Modernizr"",""jQuery"",""jQuery Migrate""]",43930919,catchall,10/26/2021,1543c40076e6cacb832ad135a0863f76,N/A,N/A,85%,Insurance Agents: Brokers: and Service,https://facebook.com/usiins,https://linkedin.com/company/usi-insurance-services,https://twitter.com/usiins,N/A,N/A
Michael Delmore,Michael,Delmore,Vice President of Finance,michael.delmore@ironshore.com,Ironshore Corporate,ironshore.com,+13148980585,"75 Federal Street, Suite 500 Boston, MA 02110",Boston,MA,"=""02110""",30,12403000000,6411,"[""AddThis"",""Apache"",""Google Analytics"",""Google Maps"",""Google Tag Manager"",""Modernizr"",""OpenSSL"",""PHP"",""UNIX"",""jQuery"",""reCAPTCHA""]",38948244,catchall,1/10/2022,7349c260b13b794d4d2bbf051b0d94ae,N/A,N/A,85%,Insurance Agents: Brokers: and Service,https://facebook.com/pages/ironshore-inc/286624078111389,https://linkedin.com/company/ironshore-insurance,https://twitter.com/ironshoreinc,N/A,N/A
Michael Karp,Michael,Karp,Executive Vice President - Southeast Region,michael.karp@usi.biz,Usi,usi.biz,+18666570861,"100 Summit Lake Drive, Suite 400, Valhalla, NY 10595",East Greenwich,RI,"=""10595""",3000,6411000000,6411,"[""Bootstrap"",""Font Awesome"",""Google Analytics"",""Microsoft ASP.NET"",""Modernizr"",""jQuery"",""jQuery Migrate""]",43930900,catchall,10/26/2021,445ec3d3c95cdbdfa46c95b39cd65a21,N/A,N/A,85%,Insurance Agents: Brokers: and Service,https://facebook.com/usiins,https://linkedin.com/company/usi-insurance-services,https://twitter.com/usiins,N/A,N/A
Michael Stubblefield,Michael,Stubblefield,President and Chief Executive Officer,michael.stubblefield@avantorinc.com,Avantor,avantorinc.com,+16103861700,"100 Matsonford Road Radnor, PA 19087;",Center Valley,PA,N/A,3000,307000000,28,"[""Bootstrap"",""CloudFlare"",""FancyBox"",""Google Analytics"",""Google Tag Manager"",""Modernizr"",""jQuery"",""jQuery UI""]",38202290,catchall,5/14/2024,8ead75cc8ecf1d4799782f7c13e348bd,N/A,N/A,85%,Chemicals and Allied Products,https://facebook.com/avantorinc,https://linkedin.com/company/1307665,https://twitter.com/avantor_news,N/A,N/A
Michael Watson,Michael,Watson,Chief Information Security Officer,michael.watson@vita.virginia.gov,Virginia,vita.virginia.gov,+18044166247,"1154 Shenandoah Village Drive Waynesboro, VA 22980",Richmond,VA,"=""22980""",350,9199000000,9199,"[""Apache"",""Bootstrap"",""CloudFlare"",""Font Awesome"",""Google Analytics"",""Google Tag Manager"",""Modernizr"",""Usabilla"",""jQuery""]",37564298,catchall,5/9/2023,02ee564466d6945d4d1d4a5b917a8a9b,N/A,N/A,85%,General Government: Not Elsewhere Classified,https://facebook.com/vitaagency,https://linkedin.com/company/virginia-information-technologies-agency,https://twitter.com/vitaagency,N/A,N/A
Mickey Mccabe,Mickey,Mccabe,Senior Vice President,mickey.mccabe@usi.biz,Usi,usi.biz,+18666570861,"100 Summit Lake Drive, Suite 400, Valhalla, NY 10595",East Greenwich,RI,"=""10595""",3000,6411000000,6411,"[""Bootstrap"",""Font Awesome"",""Google Analytics"",""Microsoft ASP.NET"",""Modernizr"",""jQuery"",""jQuery Migrate""]",43930906,catchall,10/26/2021,bce8220837fad3aeda17bd5b0517408f,N/A,N/A,85%,Insurance Agents: Brokers: and Service,https://facebook.com/usiins,https://linkedin.com/company/usi-insurance-services,https://twitter.com/usiins,N/A,N/A
Mike Hegwood,Mike,Hegwood,Assistant Vice President,mike@combsinsurance.com,Combs Insurance Agency,combsinsurance.com,+19077452144,"341 S. Alaska Street Palmer, AK, 99645",Palmer,AK,"=""99645""",30,2000000,6411,"[""Apache"",""Joomla"",""MooTools"",""NextGEN Gallery"",""PHP"",""WordPress"",""Xajax"",""jQuery"",""jQuery Migrate"",""jQuery UI""]",43227128,catchall,11/17/2021,553d603c9590eb505aa7479639795d1d,N/A,N/A,85%,Insurance Agents: Brokers: and Service,N/A,N/A,N/A,N/A,N/A
Mike Zargaj,Mike,Zargaj,"Vp, Head of Personal Financial Services ...",mike@dudumfinancial.com,Financial Services,dudumfinancial.com,+19256777300,"3505 Mt. Diablo Blvd. Lafayette, CA 94549",Lafayette,CA,"=""94549""",30,2000000,6411,"[""Google Analytics"",""Google Font API"",""Nginx"",""PHP"",""WordPress"",""jQuery""]",41709558,catchall,11/17/2021,856eb21ee8f260da3865b782ec9c0e14,N/A,N/A,85%,Insurance Agents: Brokers: and Service,N/A,N/A,N/A,N/A,N/A
Mike Dahlquist,Mike,Dahlquist,Vice President,mike@horizonagency.com,"Horizon Agency, Inc6500",horizonagency.com,+19529147152,"Suite 100 Eden Prairie, MN 55344",Eden Prairie,MN,"=""55344""",30,13000000,6411,"[""CloudFlare"",""Google Font API"",""OpenResty"",""Varnish"",""Webflow"",""jQuery""]",39826535,catchall,11/17/2021,bc2dba141eb0d318b648863e6b96b822,N/A,N/A,85%,Insurance Agents: Brokers: and Service,N/A,N/A,N/A,N/A,N/A
Mike Nutter,Mike,Nutter,Vice President of Sales,mike.nutter@isu-armac.com,Isu Armac,isu-armac.com,+12143409393,"17177 Yuma Street Victorville, CA 9239517177 Yuma Street Victorville, CA. 92395",Victorville,CA,"=""92395""",30,6411000000,6411,"[""Apache"",""CentOS"",""Font Awesome"",""Google Analytics"",""Google Font API"",""Google Tag Manager"",""PHP"",""WordPress"",""Yoast SEO"",""animate.css"",""jQuery"",""jQuery Migrate""]",39551255,catchall,8/18/2023,96437c85b0bfa6aef8e17e56c58b672c,N/A,N/A,85%,Insurance Agents: Brokers: and Service,https://facebook.com/pages/victorville-ca/isu-insurance-services-armac-agency/143035479399,https://linkedin.com/company/isu-insurance-services---armac-agency,https://twitter.com/isuarmac,N/A,https://youtube.com/user/isuarmacins
Minh Hua,Minh,Hua,CIO | Minafin Group,minh.hua@minafin.com,Minafin Group,minafin.com,+19013204000,"3324 Chelsea Avenue Memphis, TN 38108-1909",Memphis,TN,"=""38108-1909""",300,87600000,28,"[""Google Analytics"",""Google Font API"",""Google Tag Manager"",""Matomo"",""Nginx"",""WordPress"",""jQuery""]",45600937,catchall,1/24/2024,ce77a0e194b29707a97d7ff7a9f7ab7d,N/A,N/A,85%,Chemicals and Allied Products,N/A,https://linkedin.com/company/minafin-group,https://twitter.com/minafin_group,N/A,N/A
Michael Kopp,Michael,Kopp,Director of Operations,mkopp@jetlinx.com,Jet Linx Aviation,jetlinx.com,+12108920800,"13030 Pierce St #100 Omaha, NE 6814413030 Pierce Street, Ste. 100 Omaha, NE 68144",Omaha,NE,"=""68144""",300,47400000,45,"[""Act-On"",""Google Analytics"",""Google Font API"",""Google Maps"",""Google PageSpeed"",""Google Tag Manager"",""Gravity Forms"",""Moment.js"",""Nginx"",""PHP"",""WordPress"",""jQuery"",""jQuery Migrate"",""jQuery UI"",""reCAPTCHA""]",43700573,catchall,7/22/2022,f8487cdc7d613cc4da65303d31a0165c,N/A,N/A,85%,Transportation By Air,https://facebook.com/jetlinx,https://linkedin.com/company/559358,https://twitter.com/jetlinxaviation,N/A,https://youtube.com/channel/uclqmu3skzzl9nsgogbcwafa
Martha Ledford,Martha,Ledford,Vice President,mledford@lelandmanagement.com,Leland Management,lelandmanagement.com,N/A,N/A,Orlando,FL,N/A,300,37500000,65,"[""Bootstrap"",""CKEditor"",""Chart.js"",""Google Analytics"",""Google Font API"",""Moment.js"",""Nginx"",""Phusion Passenger"",""jQuery"",""reCAPTCHA""]",37123275,catchall,6/21/2023,9a82f8e098c7dde71c7743e09a75ac75,N/A,N/A,85%,Real Estate,N/A,N/A,N/A,N/A,N/A
Mark Long,Mark,Long,Senior Vice President,mlong@gershmancommercial.com,Gershman Commercial,gershmancommercial.com,+13142064643,"150 N. Meramec, Suite 500, St. Louis, MO 63105",St. Louis,MO,"=""63105""",75,9500213,65,"[""Apache"",""Font Awesome"",""Google Analytics"",""Google Font API"",""OWL Carousel"",""PHP"",""Twitter Emoji (Twemoji)"",""WordPress"",""Yoast SEO"",""jQuery"",""jQuery Migrate"",""jQuery UI""]",42414799,catchall,6/30/2021,845151ae30ad2552aa02ecae3e7b8d0f,N/A,N/A,85%,Real Estate,https://facebook.com/pages/saint-louis-mo/solon-gershman-inc/30919873651,https://linkedin.com/company/344543,https://twitter.com/gershmancre,N/A,N/A
Megan Luft,Megan,Luft,Assistant Vice President,mluft@ltgc.com,Land Title Guarantee,ltgc.com,+17192655555,N/A,Colorado Springs,CO,N/A,750,300000000,65,"[""Apache"",""Bootstrap"",""CentOS"",""Facebook"",""Font Awesome"",""Google Analytics"",""Lodash"",""OpenSSL"",""PHP"",""TweenMax"",""Twitter Emoji (Twemoji)"",""WordPress"",""Yoast SEO"",""jQuery"",""jQuery Migrate""]",40182714,catchall,10/25/2023,8d8d23c4bda27a92c30fe6e351407a65,N/A,N/A,85%,Real Estate,https://facebook.com/landtitle,https://linkedin.com/company/landtitle,https://twitter.com/landtitle,N/A,N/A
Mary Medina,Mary,Medina,Asst. Vice President of Marketing,mmedina@specialtygroupinc.com,Specialty Claim Services,specialtygroupinc.com,+14079787210,N/A,Fort Lauderdale,FL,N/A,30,3000000,6411,"[""Nginx"",""Plesk""]",45995374,catchall,8/18/2023,7bb0fa4842c753a0c1c12805f2d66359,N/A,N/A,85%,Insurance Agents: Brokers: and Service,N/A,N/A,N/A,N/A,N/A
Mike Murphy,Mike,Murphy,VP of Marketing,mmurphy@sdnins.com,Sdn Insurance Agency,sdnins.com,+18008648026,"300 Spindrift Drive Amherst, NY 14221",Amherst,NY,"=""14221""",30,6411000000,6411,"[""Google Analytics"",""LiteSpeed"",""PHP""]",40946634,catchall,8/18/2023,6f31c5324c86f67fe9663dc28a97fcd8,N/A,N/A,85%,Insurance Agents: Brokers: and Service,N/A,N/A,https://twitter.com/sdnins,N/A,N/A
Mary Schutter,Mary,Schutter,Vice President Total Rewards a,mschutter@express.com,Express,express.com,(800) 695-1788,N/A,Sitka,AK,N/A,5,576180,39,[],36637639,catchall,1/24/2024,fe53fad8aba23932b41c26714d2d6aa0,N/A,N/A,85%,Miscellaneous Manufacturing Industries,N/A,N/A,N/A,N/A,N/A
Marwan Shahin,Marwan,Shahin,Vice President Operations,mshahin@pillarsdgllc.com,Pillars Development Group,pillarsdgllc.com,+17035370440,N/A,Fairfax,VA,N/A,30,6000000,65,"[""KineticJS"",""Nginx"",""jQuery"",""jQuery UI""]",36957209,catchall,3/28/2022,c834f86a3d33507820353578369deb19,N/A,N/A,85%,Real Estate,N/A,N/A,N/A,N/A,N/A
Michele Sheridan,Michele,Sheridan,Vice President / Certified Financial Planner Professional,msheridan@mgriffithinc.com,M Griffth Investment Services,mgriffithinc.com,N/A,N/A,New Hartford,NY,N/A,30,6411000000,6411,[],38493146,catchall,12/3/2021,cc3f4194205500b13fa3c19ed35c7a3b,N/A,N/A,85%,Insurance Agents: Brokers: and Service,N/A,N/A,N/A,N/A,N/A
Martin Sulewski,Martin,Sulewski,Vice President of Operations Nj and Pa Region,msulewski@plannedcompanies.com,Planned,plannedcompanies.com,+19737390080,"150 Smith Road Parsippany, NJ 07054150 Smith Rd. Parsippany, NJ 07054",Parsippany,NJ,"=""07054""",3000,600000000,65,"[""Bootstrap"",""Facebook"",""Font Awesome"",""Google Analytics"",""Google Font API"",""Google Tag Manager"",""Handlebars"",""LiteSpeed"",""Modernizr"",""Revslider"",""TrackJs"",""WordPress"",""jQuery"",""jQuery Migrate"",""jQuery Mobile"",""Litespeed Cache""]",40628335,catchall,3/28/2022,2a8105890810bdda3682412050295b15,N/A,N/A,85%,Real Estate,https://facebook.com/plannedcompanies,https://linkedin.com/company/planned-companies,https://twitter.com/plannedteam,N/A,https://youtube.com/user/plannedcompaniesinc
Matthew Sutera,Matthew,Sutera,"Vice President of Operations, Appraisal Division",msutera@rmsappraisals.com,Rmsta?our,rmsappraisals.com,+17329414299,"106 Union Ave. Lakehurst, NJ 08733106 Union Avenue Lakehurst, NJ 08733",Lakehurst,NJ,"=""08733""",N/A,0,65,"[""All in One SEO Pack"",""Bootstrap"",""Font Awesome"",""Google Font API"",""Google Tag Manager"",""Moment.js"",""Nginx"",""PHP"",""Underscore.js"",""WordPress"",""jQuery"",""jQuery Migrate"",""jQuery UI""]",38052979,catchall,3/28/2022,1c9dabf37b3a94f24d9814bfeadc5337,N/A,N/A,85%,Real Estate,https://facebook.com/rmstititeandappraisal/,https://linkedin.com/company/7966663,N/A,https://instagram.com/rmstitleandappraisal/,N/A
"Justin Turner, Gba",Justin,Gba,Senior Vice President &amp; Benefits ...,mturner@evergreeninsurance.net,Evergreen,st-evergreen.com,+18442152527,"P.O. Box 505 Ebensburg, PA 15931",Ebensburg,PA,"=""15931""",5,286000000,6411,[],45602187,catchall,3/24/2022,97ce7d48d8ac66d1def46965d2028567,N/A,N/A,85%,Insurance Agents: Brokers: and Service,N/A,N/A,N/A,N/A,N/A
Ahmed Murad,Ahmed,Murad,Vice President,murad@soundvision.com,Soundvision,soundvision.com,+18004324262,"2701 W Devon Ave, Chicago, IL 60659, USA2701 W Devon Ave, Chicago IL, 60659, USA2701 W. Devon Ave., Chicago, IL. 60659, USA27 E Monroe St Suite 700, Chicago, IL 60603",Chicago,IL,"=""60603""",30,3999000000,3999,"[""Drupal"",""Google Font API"",""Nginx"",""SumoMe"",""YouTube"",""jQuery""]",40293107,catchall,1/24/2024,85e2aa3e32f6f1eeb65a98b9c1135e05,N/A,N/A,85%,Manufacturing Industries: Not Elsewhere Classified,https://facebook.com/soundvisionfoundation,N/A,https://twitter.com/soundvisionusa,N/A,https://youtube.com/user/soundvisionusa
Mike Winters,Mike,Winters,Executive Vice President,mwinters@cleartitleaz.com,Clear Title,cleartitleaz.com,+14802788440,"2901 E. Camelback Rd., Suite 100, Phoenix, AZ 85016",Phoenix,AZ,"=""85016""",125,6800000,65,"[""Google Analytics"",""Google Tag Manager"",""Revslider"",""WordPress"",""YouTube"",""jQuery"",""jQuery Migrate""]",38128687,catchall,10/7/2024,cf01968d39c36cc2a05e6a6d15067829,N/A,N/A,85%,Real Estate,https://facebook.com/cleartitleofarizona,https://linkedin.com/in/mike-winters-32722550,N/A,N/A,https://youtube.com/user/cleartitleaz
Lin Woodson,Lin,Woodson,"Senior Vice President, Consumer Bank ...",mwoodson@bbginc.net,Bbg,bbginc.net,+14405610683,"123 W. Bloomingdale Ave. #389 Brandon, FL 33511",Beachwood,OH,"=""33511""",30,5700128,64,"[""Apache"",""Facebook"",""Google Analytics"",""Google Font API"",""Gravatar"",""MediaElement.js"",""Modernizr"",""PHP"",""Revslider"",""Twitter"",""Twitter Emoji (Twemoji)"",""WordPress"",""jQuery"",""jQuery Migrate""]",41400068,catchall,11/16/2021,d37c462d04a1a05b7394566dc14ed8d3,N/A,N/A,85%,Insurance Agents: Brokers: and Service,https://facebook.com/barrettbenefits,https://linkedin.com/company/barrett-benefits-group,https://twitter.com/barrettbenefits,N/A,N/A
Michelle Yerger,Michelle,Yerger,– Vice President,myerger@commsw.com,Communities Southwest,commsw.com,+14803152600,N/A,Phoenix,AZ,N/A,30,5700128,65,"[""Apache"",""Google Font API"",""Google Maps"",""Modernizr"",""PHP"",""Twitter Emoji (Twemoji)"",""WordPress"",""jQuery"",""jQuery Migrate"",""jQuery UI""]",38562598,catchall,10/7/2024,3b102c58a60738dfcdcde8f4c02c3bd8,N/A,N/A,85%,Real Estate,N/A,N/A,N/A,N/A,N/A
Marc Zaffina,Marc,Zaffina,Vice President Sales,mzaffina@griffin-residential.com,Griffin Residential,griffin-residential.com,(951) 547-3500,N/A,Corona,CA,N/A,125,25000000,65,[],36819638,catchall,8/18/2023,276c0c7b6fd02701489712a407ddc299,N/A,N/A,85%,Real Estate,N/A,N/A,N/A,N/A,N/A
Nancy Reno,Nancy,Reno,"– Vice President, Marketing & Training",nancy@mytidewatertownhomes.com,Hmr Properties,mytidewatertownhomes.com,+16174710300,"Apartment Homes for Rent at St. Anns Apartments Woonsocket, Rhode Island Located in Woonsocket, Rhode Island, St. Anns is",Wilmington,NC,N/A,N/A,0,65,"[""Elementor"",""Font Awesome"",""Google Font API"",""Leaflet"",""Nginx"",""OWL Carousel"",""PHP"",""Revslider"",""WordPress"",""jQuery"",""jQuery Migrate"",""prettyPhoto"",""reCAPTCHA""]",46002447,catchall,8/18/2023,523c4fee9796c252cd56e76327829561,N/A,N/A,85%,Real Estate,https://facebook.com/housingmanagementresources,https://linkedin.com/company/housing-management-resources-inc,https://twitter.com/hmrproperties,https://instagram.com/hmrproperties,N/A
Neil Heller,Neil,Heller,Vice President Sales and Marketing Pchp,neil.heller@pchp.net,Piedmont Community Health Plan,pchp.net,+18885187597,"1937 Thomson Drive Lynchburg, Virginia 245012316 Atherholt Road Lynchburg, Virginia 245012316Atherholt Rd. Lynchburg, Virginia 24501",Lynchburg,VA,"=""24501""",30,7000000,64,"[""Apache"",""Bootstrap"",""Google Analytics"",""Google Font API"",""Joomla"",""MooTools"",""OpenSSL"",""PHP"",""UNIX"",""jQuery"",""jQuery Migrate""]",43981781,catchall,8/18/2023,f35c924c8694554cb4f14b5af16ba5df,N/A,N/A,85%,Insurance Agents: Brokers: and Service,N/A,N/A,N/A,N/A,N/A
Nelson Moe,Nelson,Moe,CIO Featured in Statescoop,nelson.moe@vita.virginia.gov,Virginia,vita.virginia.gov,+18044166247,"1154 Shenandoah Village Drive Waynesboro, VA 22980",Richmond,VA,"=""22980""",350,9199000000,9199,"[""Apache"",""Bootstrap"",""CloudFlare"",""Font Awesome"",""Google Analytics"",""Google Tag Manager"",""Modernizr"",""Usabilla"",""jQuery""]",37564279,catchall,5/9/2023,f0740a91ee8bee532240354f0e30793c,N/A,N/A,85%,General Government: Not Elsewhere Classified,https://facebook.com/vitaagency,https://linkedin.com/company/virginia-information-technologies-agency,https://twitter.com/vitaagency,N/A,N/A
Nicholas Ng,Nicholas,Ng,Senior Vice President,nicholas.ng@guycarp.com,Guy Carpenter,guycarp.com,+13477532348,"1166 Avenue of the Americas New York, NY 10036",Minneapolis,MN,"=""10036""",300,128780,6411,"[""Adobe Experience Manager"",""Apache"",""Google Analytics"",""Lodash"",""Modernizr"",""Pardot"",""ZURB Foundation"",""jQuery""]",38471519,catchall,5/8/2024,7883bdd1b0e56c8afc7a4bd3194a2a20,N/A,N/A,85%,Insurance Agents: Brokers: and Service,N/A,N/A,https://twitter.com/guycarpenter,N/A,N/A
Nick Geiken,Nick,Geiken,Vice President,nick@geiken-insurance.com,Geiken,geiken-insurance.com,+16302324187,"28 North Bennett Street Geneva, IL 60134",Geneva,IL,"=""60134""",5,409860,6411,"[""IIS"",""Microsoft ASP.NET""]",36222581,catchall,3/1/2024,e01ade464048c3ae456ca09ac5c4cf43,N/A,N/A,85%,Insurance Agents: Brokers: and Service,N/A,N/A,N/A,N/A,N/A
Nissan Cohen,Nissan,Cohen,VP Underwriting,nissan@brooks-ins.com,Brooks-ins.com 2019 Brooks Group,brooks-ins.com,+17327865140,"70 Bridge Plaza Drive Manalapan, NJ 07726",Manalapan,NJ,"=""07726""",30,39000000,6411,"[""Google Analytics"",""Google Font API"",""Google Tag Manager"",""Moment.js"",""Nginx"",""PHP"",""Revslider"",""TweenMax"",""Twitter Emoji (Twemoji)"",""WordPress"",""jQuery"",""jQuery Migrate"",""jQuery UI"",""prettyPhoto""]",42572666,catchall,11/17/2021,200d9e29cfa63ff198ee2995c5db6b3a,N/A,N/A,85%,Insurance Agents: Brokers: and Service,https://facebook.com/brooks-insurance-agency-1671151099568050,https://linkedin.com/company/brooksinsuranceagency,https://twitter.com/brooks_ins,N/A,N/A
Nigel Mcmullen,Nigel,Mcmullen,Senior Vice President,nmcmullen@mathesongas.com,Matheson,mathesongas.com,+13523267611,"MATHESON, 166 Keystone Drive, Montgomeryville, PA 18936",Omaha,NE,"=""18936""",3000,1500000000,28,"[""Apache"",""Bootstrap"",""Drupal"",""Google Analytics"",""PHP"",""jQuery""]",42194594,catchall,1/24/2024,221eb42c8fc4d756316f4c501de250b3,N/A,N/A,85%,Chemicals and Allied Products,https://facebook.com/mathesongas,https://linkedin.com/company/matheson-tri-gas,https://twitter.com/mathesongas,N/A,N/A
Pamela Brady,Pamela,Brady,Vice President,pamela@punctualabstract.com,Punctual Abstract,punctualabstract.com,+18883417911,"3705 Day Street, Harvey, LA 70058",Harvey,LA,"=""70058""",30,3352320,65,"[""Bootstrap"",""FancyBox"",""Font Awesome"",""Google Analytics"",""Google Font API"",""Google Tag Manager"",""Nginx"",""Twitter Emoji (Twemoji)"",""WP Engine"",""WordPress"",""Yoast SEO"",""jQuery"",""jQuery Migrate"",""jQuery UI""]",36958526,catchall,7/30/2024,8c1608013b49a60269567b69bb331b2f,N/A,N/A,85%,Real Estate,https://facebook.com/pages/punctual-abstract-co-inc/197519483660237,https://linkedin.com/company/punctual-abstract-co,https://twitter.com/punctualabstrac,N/A,N/A
Peter Anderson Vice,Peter,Vice,Vice President,panderson-vice@pattillore.com,Pattillo,pattillore.com,+19046952452,"100 Murray Drive, Waynesboro, GA",Stone Mountain,GA,N/A,125,25000000,65,[],42028140,catchall,6/21/2023,a14ff56f43f3446d26826ade04292f95,N/A,N/A,85%,Real Estate,N/A,https://linkedin.com/company/221920,https://twitter.com/pattillore,N/A,N/A
Patricia Bowen,Patricia,Bowen,Vice President Employee Benefits,patricia.bowen@usi.biz,Usi,usi.biz,+18666570861,"100 Summit Lake Drive, Suite 400, Valhalla, NY 10595",East Greenwich,RI,"=""10595""",3000,6411000000,6411,"[""Bootstrap"",""Font Awesome"",""Google Analytics"",""Microsoft ASP.NET"",""Modernizr"",""jQuery"",""jQuery Migrate""]",43930911,catchall,10/26/2021,a14c27a40173d201bc73026f434513b6,N/A,N/A,85%,Insurance Agents: Brokers: and Service,https://facebook.com/usiins,https://linkedin.com/company/usi-insurance-services,https://twitter.com/usiins,N/A,N/A
Patrick Canavan,Patrick,Canavan,Senior Vice President,patrick.canavan@usi.biz,Usi,usi.biz,+18666570861,"100 Summit Lake Drive, Suite 400, Valhalla, NY 10595",East Greenwich,RI,"=""10595""",3000,6411000000,6411,"[""Bootstrap"",""Font Awesome"",""Google Analytics"",""Microsoft ASP.NET"",""Modernizr"",""jQuery"",""jQuery Migrate""]",43930856,catchall,10/26/2021,c2bc1df5367d23a418ac644373e8e03a,N/A,N/A,85%,Insurance Agents: Brokers: and Service,https://facebook.com/usiins,https://linkedin.com/company/usi-insurance-services,https://twitter.com/usiins,N/A,N/A
Patrick Cerulli,Patrick,Cerulli,Vice President Sales,patrick.cerulli@cciyes.com,Cci,cciyes.com,+18606335980,"60 Industrial Park Rd West Ste 2 Tolland, CT",Glastonbury,CT,N/A,5,3999000000,3999,"[""Apache"",""Google Font API"",""Modernizr"",""PHP"",""Ubuntu"",""jQuery"",""prettyPhoto""]",38180902,catchall,1/24/2024,ab7b1ff4649c77d46c42a4afcb2fb659,N/A,N/A,85%,Manufacturing Industries: Not Elsewhere Classified,https://facebook.com/cciyes,N/A,https://twitter.com/cciyes,https://instagram.com/cciyes,N/A
Patti Vreeland,Patti,Vreeland,"Vp, Corporate Real Estate & Procurement",patti.vreeland@usi.biz,Usi,usi.biz,+18666570861,"100 Summit Lake Drive, Suite 400, Valhalla, NY 10595",East Greenwich,RI,"=""10595""",3000,6411000000,6411,"[""Bootstrap"",""Font Awesome"",""Google Analytics"",""Microsoft ASP.NET"",""Modernizr"",""jQuery"",""jQuery Migrate""]",43930862,catchall,10/26/2021,8bdd96b97a6bba414adf13ccb99427b1,N/A,N/A,85%,Insurance Agents: Brokers: and Service,https://facebook.com/usiins,https://linkedin.com/company/usi-insurance-services,https://twitter.com/usiins,N/A,N/A
Paul Whiteside,Paul,Whiteside,CIO of Ipmg,paul.whiteside@ipmg.com,Ipmg,ipmg.com,+13142939710,"St Charles, IL",Saint Charles,IL,N/A,5,1638653,6411,"[""Chart.js"",""CloudFlare"",""Font Awesome"",""Google Tag Manager"",""HubSpot"",""IIS"",""Lightbox"",""Modernizr"",""PHP"",""WordPress"",""Yoast SEO"",""jQuery"",""jQuery Migrate""]",45746246,catchall,3/1/2024,aaee69083b85d434677921034140e76c,N/A,N/A,85%,Insurance Agents: Brokers: and Service,https://facebook.com/insuranceprogrammanagersgroup,https://linkedin.com/company/insurance-program-managers-group,N/A,N/A,N/A
Paul Dubord,Paul,Dubord,"Executive Vice President, Operations",pdubord@goldrichkest.com,Goldrich Kest,goldrichkest.com,+18445424830,"5150 Overland Ave, Culver City, CA 90230",Los Angeles,CA,"=""90230""",30,300000000,65,"[""All in One SEO Pack"",""Apache"",""Google Analytics"",""PHP"",""WordPress"",""jQuery"",""jQuery Migrate""]",36899543,catchall,3/28/2022,909f313aabd7daadc6530335932be062,N/A,N/A,85%,Real Estate,N/A,N/A,N/A,N/A,N/A
Peter Hong,Peter,Hong,Vice President,peterhong@lgchem.com,Lgchem,lgchem.com,N/A,N/A,Los Angeles,CA,N/A,3000,371472581,28,"[""Google Tag Manager"",""Java"",""TweenMax"",""jQuery"",""jQuery UI""]",45308873,catchall,1/24/2024,0e72a61ff5218774d1780d937de91411,N/A,N/A,85%,Chemicals and Allied Products,N/A,N/A,N/A,N/A,N/A
Peter Pace,Peter,Pace,"Vice President, Commercial Sales & Leasing",peterpace@yorkproperties.com,York Properties,yorkproperties.com,+19198352713,"2108 Clark Avenue Raleigh, NC 27605557-B Pylon Drive Raleigh, NC 276061000 Trinity Road Raleigh, NC 27607",Raleigh,NC,"=""27607""",N/A,0,65,[],40260163,catchall,8/18/2023,fa4fb5e33869510aa9354955a8d5f675,N/A,N/A,85%,Real Estate,N/A,https://linkedin.com/company/york-properties,https://twitter.com/yorkproperties1,N/A,N/A
Peter Tocicki,Peter,Tocicki,Assistant Vice President,peter@premierinservices.com,Premier Insurance Services,premierinservices.com,+12673777112,"130 Church Street  Suite 205 New York, NY 10007",New York,NY,"=""10007""",5,1638653,64,"[""Apache"",""Bootstrap"",""Font Awesome"",""Google Font API"",""Lightbox"",""Modernizr"",""PHP"",""Twitter Emoji (Twemoji)"",""WordPress"",""jQuery"",""jQuery Migrate""]",39933046,catchall,11/17/2021,f1cb1dd0c8a0fb193ade51d140151f1b,N/A,N/A,85%,Insurance Agents: Brokers: and Service,https://facebook.com/pages/premier-insurance-services/242924239175601,https://linkedin.com/company/premier-insurance-services-llc,N/A,N/A,N/A
Peter Prinz,Peter,Prinz,CEO,peter.prinz@hydro.aero,Hydro Usa,hydro.aero,N/A,N/A,Auburn,WA,N/A,300,35000000,45,[],36263774,catchall,12/11/2023,2cd0be7f13b990057a32f417a2c8f35c,N/A,N/A,85%,Transportation By Air,https://facebook.com/ausbildungbeihydro,https://linkedin.com/company/hydro-systems-kg,N/A,N/A,https://youtube.com/channel/uc5tidv4ezvv37woey6dczpa/videos
Patrick Guthrie,Patrick,Guthrie,"Associate Vice President, Employee",pguthrie@boltonco.com,Bolton,boltonco.com,+14086601063,"3475 E Foothill Blvd, Suite 100 Pasadena, CA 91107",Pasadena,CA,"=""91107""",300,52000000,6411,"[""Facebook"",""Font Awesome"",""Google Analytics"",""Google Tag Manager"",""Gravatar"",""Gravity Forms"",""Modernizr"",""OWL Carousel"",""OpenResty"",""PHP"",""Typekit"",""WordPress"",""Yoast SEO"",""ZURB Foundation"",""jQuery"",""jQuery UI""]",39738134,catchall,3/24/2022,690260488f3c5be475874932b7b555e9,N/A,N/A,85%,Insurance Agents: Brokers: and Service,https://facebook.com/boltonco,https://linkedin.com/company/bolton-&-company,https://twitter.com/boltoncompany,https://instagram.com/boltoncompany,https://youtube.com/user/boltonandcompany
Philip Lee,Philip,Lee,VP Investments,philip@health-insurance.com,Health,Health-Insurance.com,+18002867445,"935 Moraga Rd., Ste. 240 Lafayette, CA 94549",Lafayette,CA,"=""94549""",5,1638653,64,"[""Google Analytics"",""Lightbox"",""Nginx"",""Prototype"",""Twitter Emoji (Twemoji)"",""WordPress"",""jQuery"",""jQuery Migrate"",""script.aculo.us""]",43572199,catchall,11/17/2021,90619ab484e3a4058822a4709625fc57,N/A,N/A,85%,Insurance Agents: Brokers: and Service,N/A,N/A,N/A,N/A,N/A
Phillip King,Phillip,King,Vice President,pking@idgroup.net,Badgepass,idgroup.net,+16014992131,"1411 32nd Street South Fargo, ND 58103",Ridgeland,MS,"=""58103""",30,3999000000,3999,"[""Google Analytics"",""Google Tag Manager"",""Java"",""Microsoft ASP.NET"",""PHP"",""Sucuri"",""Twitter Emoji (Twemoji)"",""WooCommerce"",""WordPress"",""jQuery"",""jQuery Migrate"",""reCAPTCHA""]",41961165,catchall,1/24/2024,b8c5b7da49956044aa4f1fe2036d7bbd,N/A,N/A,85%,Manufacturing Industries: Not Elsewhere Classified,https://facebook.com/badgepass,https://linkedin.com/company/badgepass-inc-,N/A,N/A,https://youtube.com/user/badgepass
Patrick Lukacs,Patrick,Lukacs,"Cpa, Chbme, Senior Vice President of Operations",plukacs@mmcoa.com,Practicemax,mmcoa.com,+14023288833,"1620 Route 22, Suite 202 Brewster, NY 10509",Brewster,NY,"=""10509""",30,9744000,6411,"[""Apache"",""Google Font API"",""Modernizr"",""PHP"",""Slick"",""Twitter Emoji (Twemoji)"",""WordPress"",""Yoast SEO"",""ZURB Foundation"",""jQuery"",""jQuery Migrate""]",38035346,catchall,8/18/2023,e16b7c1d18e59450d09c76d1509467ed,N/A,N/A,85%,Insurance Agents: Brokers: and Service,https://facebook.com/practicemaxofficial,https://linkedin.com/company/practicemax-inc-,https://twitter.com/practicemax,N/A,N/A
Phil Roberto,Phil,Roberto,Chief Financial Officer,proberto@novomer.com,Novomercorporate,novomer.com,+17814199860,"275 Buell Road, Rochester, NY 14624",unknown city,unknown state,"=""14624""",75,6000000,28,"[""Bootstrap"",""Drupal"",""Google Analytics"",""Java"",""New Relic"",""Nginx"",""Pantheon"",""Varnish"",""jQuery""]",38060264,catchall,10/6/2023,e808b28b70477d72a38f95960942228e,N/A,N/A,85%,Chemicals and Allied Products,N/A,N/A,N/A,N/A,N/A
Paul Rozelle,Paul,Rozelle,Vice President of Accounting,prozelle@goalproperties.com,Goal Property Services,goalproperties.com,+18135259014,"Address:6836 Morrison Blvd (Suite 420). Charlotte, NC 28211",Charlotte,NC,"=""28211""",30,5700128,65,"[""Apache"",""Google Maps"",""Open Web Analytics"",""jQuery"",""jQuery UI""]",39696412,catchall,1/10/2022,24f9930f79cb1ae87aa99560e883bc4b,N/A,N/A,85%,Real Estate,N/A,N/A,N/A,N/A,N/A
Patrick E. Williams,Patrick,Williams,Vice President - Farmington Hills,pwilliams@vtcins.com,Vtc Insurance Group,vtcins.com,+16162582955,"1175 West Long Lake Road, Suite 200 Troy, MI 480981175 West Long Lake Road Suite 200 Troy, MI 48098",Troy,MI,"=""48098""",125,6411000000,6411,"[""Apache"",""Backbone.js"",""Bootstrap"",""Font Awesome"",""Google Analytics"",""Google Font API"",""Google Tag Manager"",""MooTools"",""PHP"",""Ubuntu"",""Underscore.js"",""WordPress"",""Yoast SEO"",""WP-Statistics"",""jQuery"",""jQuery Migrate"",""reCAPTCHA""]",38677673,catchall,1/29/2024,70578a0ee8d018afc051e4296c238ca9,N/A,N/A,85%,Insurance Agents: Brokers: and Service,https://facebook.com/vtcins,https://linkedin.com/company/1400682,N/A,N/A,N/A
Philip A. Zellers,Philip,Zellers,"Vice President, Commercial Marketing/producers Insurance Network",pzellers@horstinsurance.com,Horst,horstinsurance.com,+17175819891,N/A,Lancaster,PA,N/A,30,138000000,6411,"[""Apache"",""CloudFlare"",""Font Awesome"",""Google Analytics"",""Google Tag Manager"",""HubSpot"",""Matomo"",""Slick"",""WordPress"",""YouTube"",""jQuery"",""jQuery Migrate""]",40916910,catchall,8/18/2023,1f730694d14c421fdf22e7371a2f12a7,N/A,N/A,85%,Insurance Agents: Brokers: and Service,https://facebook.com/horstinsurance,https://linkedin.com/company/horst-insurance,https://twitter.com/horstinsurance,N/A,https://youtube.com/user/horstinsurance
Robert Aaron,Robert,Aaron,Vice President,raaron@naibg.com,Nai Global Our Privatelyheld,naibg.com,+14048124021,N/A,Atlanta,GA,N/A,125,25000000,65,"[""Google Analytics"",""Google Font API"",""Google Tag Manager"",""OpenResty"",""Revslider"",""Twitter Emoji (Twemoji)"",""WordPress"",""jQuery"",""jQuery Migrate"",""jQuery UI""]",45189009,catchall,6/21/2023,8e262228cd19dd64644bce61f517d55c,N/A,N/A,85%,Real Estate,https://facebook.com/naibrannengoddard,https://linkedin.com/company/nai-brannen-goddard,https://twitter.com/naibg,N/A,N/A
Rachel Mykel,Rachel,Mykel,Assistant Vice President and Claims Manager ...,rachel@leeandmason.com,Lee And Mason Financial Services,leeandmason.com,+18606770500,PO Box 270 Northville NY 12134,Northville,NY,"=""12134""",30,19000000,6411,"[""Bootstrap"",""Google Analytics"",""Google Font API"",""Google Maps"",""Google Tag Manager"",""Gravity Forms"",""Hotjar"",""MediaElement.js"",""Modernizr"",""Nginx"",""Twitter Emoji (Twemoji)"",""WordPress"",""Yoast SEO"",""jQuery"",""jQuery Migrate"",""jQuery UI""]",38889040,catchall,11/17/2021,25402fbbe38d5801aa49eb52ea0885c5,N/A,N/A,85%,Insurance Agents: Brokers: and Service,N/A,https://linkedin.com/company/lee-mason-financial-services-inc,N/A,N/A,N/A
Randall Rosen Senior,Randall,Senior,Senior Vice President,randallsenior@MFPoer.com,Marvin F. Poer And,MFPoer.com,+16024371480,"12720 Hillcrest Road Suite 900 Dallas, Texas 7523012720 Hillcrest Road, Suite 900 Dallas, TX12720 Hillcrest Road, Suite 900 Dallas, TX 75230",Dallas,TX,"=""75230""",125,0,65,[],45982079,catchall,7/30/2024,c83fd28800dddf0a969881fe3b251959,N/A,N/A,85%,Real Estate,https://facebook.com/pages/marvin-f-poer-and-company/162142943804757,https://linkedin.com/company/marvin-f--poer-and-company,https://twitter.com/mfpoer,N/A,N/A
Russ Ashley,Russ,Ashley,Senior Vice President of Engle Martin Claims Administrative Services (emcas,rashley@englemartin.com,Engle Martin,englemartin.com,+19547355555,"Suite 900 | Atlanta, Georgia 30342",Doral,FL,"=""30342""",5,1000000,6411,"[""Bootstrap"",""Font Awesome"",""Modernizr"",""Nginx"",""RequireJS"",""Twitter Emoji (Twemoji)"",""WordPress"",""jQuery"",""jQuery Migrate""]",39532283,catchall,8/30/2021,baa2f75f8f27f6c5966c90c60b2aa36f,N/A,N/A,85%,Insurance Agents: Brokers: and Service,https://facebook.com/englemartinassociates,https://linkedin.com/company/engle-martin-&-associates,https://twitter.com/englemartin,https://instagram.com/engle_martin1997,N/A
Robert Cabrera,Robert,Cabrera,VP of Operations,rcabrera@grsmgt.com,Grs Community Management,grsmgt.com,+12395619160,"3900 Woodlake Blvd - Suite 309 Lake Worth, FL 33463",West Palm Beach,FL,"=""33463""",75,75000000,65,"[""Apache"",""Bootstrap"",""Google Analytics"",""Google Font API"",""Gravatar"",""OWL Carousel"",""Revslider"",""Twitter Emoji (Twemoji)"",""WooCommerce"",""WordPress"",""jQuery"",""jQuery Migrate""]",43058450,catchall,8/7/2023,6aa13332952124db55d7f5fb6bad8199,N/A,N/A,85%,Real Estate,https://facebook.com/grs-management-associates-inc-120277351643819,https://linkedin.com/company/1530606,N/A,N/A,N/A
Ryan Cook,Ryan,Cook,Executive Vice President / Controller,rcook@albertellilaw.com,Alaw,albertellilaw.com,+16152650835,"208 N. Laura St. Suite #900 Jacksonville, FL 32202",Jacksonville,FL,"=""32202""",5,960300,65,"[""All in One SEO Pack"",""Apache"",""CloudFlare"",""Google Analytics"",""Google Font API"",""Google Tag Manager"",""HubSpot"",""Linkedin"",""Matomo"",""PHP"",""Revslider"",""Twitter Emoji (Twemoji)"",""WP Rocket"",""WordPress"",""jQuery"",""jQuery Migrate"",""reCAPTCHA""]",37186533,catchall,1/10/2022,9050dbaf6e82aab4866499a9672f1615,N/A,N/A,85%,Real Estate,N/A,https://linkedin.com/company/221373,https://twitter.com/alawinsights,N/A,N/A
Richard Funnell,Richard,Funnell,Senior Vice President of Western Region Field Operations,rfunnell@englemartin.com,Engle Martin,englemartin.com,+19547355555,"Suite 900 | Atlanta, Georgia 30342",Doral,FL,"=""30342""",5,1000000,6411,"[""Bootstrap"",""Font Awesome"",""Modernizr"",""Nginx"",""RequireJS"",""Twitter Emoji (Twemoji)"",""WordPress"",""jQuery"",""jQuery Migrate""]",39532289,catchall,5/8/2024,c016b605384fc680182f23d48461fedd,N/A,N/A,85%,Insurance Agents: Brokers: and Service,https://facebook.com/englemartinassociates,https://linkedin.com/company/engle-martin-&-associates,https://twitter.com/englemartin,https://instagram.com/engle_martin1997,N/A
Richard Gallant,Richard,Gallant,Vice President of Financial Operations ...,rgallant@kicboston.com,Boston Real Estate Investment,kicboston.com,+16177903900,"347 Congress Street Boston, MA 02210347 Congress Street Boston, Massachusetts 02210",Boston,MA,"=""02210""",30,13200000,65,"[""Google Analytics"",""Google Font API"",""Nginx"",""TweenMax"",""Twitter Emoji (Twemoji)"",""WP Engine"",""WordPress"",""Yoast SEO"",""jQuery"",""jQuery Migrate""]",38732857,catchall,3/28/2022,bb8fdc43d03fc100126f1fb0403bca1a,N/A,N/A,85%,Real Estate,N/A,N/A,N/A,N/A,N/A
Rich Hamilton,Rich,Hamilton,Executive Vice President,rhamilton@tecbenefits.org,Tec Benefits Provides Group,TECBenefits.org,+17249352310,"180 Swinderman Road, Suite 400 Wexford, PA 15090",Wexford,PA,"=""15090""",30,5700128,64,"[""Apache"",""Google Analytics"",""Google Font API"",""Modernizr"",""PHP"",""SWFObject"",""WordPress"",""Yoast SEO"",""jQuery"",""prettyPhoto""]",44271615,catchall,11/16/2021,bc9a16d66f3b8a80bd854e54f2d83c26,N/A,N/A,85%,Insurance Agents: Brokers: and Service,https://facebook.com/tecbenefits,https://linkedin.com/company/tec-benefits,https://twitter.com/tecbenefits,N/A,N/A
R Holman,R,Holman,Asst. to VP Human Resources,rholman@stadiumtray.com,Stadiumtray,stadiumtray.com,+17705279055,N/A,Woodstock,GA,N/A,N/A,0,3999,"[""Apache"",""DreamWeaver"",""FrontPage""]",37405886,catchall,10/16/2022,ba3375ebc002135b79f43216fac17360,N/A,N/A,85%,Manufacturing Industries: Not Elsewhere Classified,N/A,N/A,N/A,N/A,N/A
Ryan Huddy,Ryan,Huddy,Vice President,rhuddy@christensengroup.com,Christensen Group,christensengroup.com,+19526531049,"Suite 100 Eden Prairie, MN 55344",Hopkins,MN,"=""55344""",75,22000000,6411,"[""Google Font API"",""Google Tag Manager"",""OpenResty"",""Varnish"",""Webflow"",""jQuery""]",37673646,catchall,11/17/2021,a63ce3fe666f92b860639a1ceff5f6fe,N/A,N/A,85%,Insurance Agents: Brokers: and Service,N/A,https://linkedin.com/company/the-christensen-group,N/A,N/A,N/A
Richard Herrington,Richard,Herrington,Vice President/general Manager,richard.herrington@herringtons.com,Herrington,herringtons.com,+15183253131,"5 East Hill Lane Hillsdale, NY 12529312 White Hill Lane Hillsdale, NY 12529",Hillsdale,NY,"=""12529""",5,2000000,5983,"[""Google Maps"",""Joomla"",""MooTools"",""jQuery"",""jQuery Migrate""]",44851676,catchall,6/9/2022,d61c531a70795a53fd8d4c2b0bec7cd1,N/A,N/A,85%,Fuel Oil Dealers,https://facebook.com/pages/herringtons-lumber-millwork-building-supplies/111380738919155,N/A,https://twitter.com/edherringtoninc,https://instagram.com/edherringtoninc,https://youtube.com/channel/uc8rwl3mkbb_maxc-5d58ixq
Rich Balaban,Rich,Balaban,Vice President,rich@genlabscorp.com,Genlabs,genlabscorp.com,+19096277072,"P.O. Box 1697 Chino, CA. 917085568 Schaefer Avenue. Chino, CA 91710",Chino,CA,"=""91710""",125,82110600,28,"[""Apache"",""Bootstrap"",""Google Font API"",""Typekit"",""Ubuntu"",""jQuery""]",43443734,catchall,1/24/2024,4fb3b78f19a3297785d7f9458eb3ab5d,N/A,N/A,85%,Chemicals and Allied Products,N/A,N/A,N/A,N/A,N/A
Richie Hurd,Richie,Hurd,Vice President,richie.hurd@hurdrealty.com,Hurd Real,hurdrealestate.com,+15157781034,"2000 Fuller Road West Des Moines, Iowa 50265",Santa Rosa,CA,"=""50265""",30,1440000,65,"[""Bootstrap"",""Chart.js"",""Font Awesome"",""Google Analytics"",""Google Tag Manager"",""IIS"",""Lightbox"",""MailChimp"",""Modernizr"",""PHP"",""Twitter Emoji (Twemoji)"",""WordPress"",""Yoast SEO"",""jQuery"",""jQuery Migrate""]",45352673,catchall,6/27/2023,b9688dc747b10fa3ebcc0200ac9daf93,N/A,N/A,85%,Real Estate,https://facebook.com/hurdrealty,https://linkedin.com/company/hurd-real-estate-services-inc-,https://twitter.com/hurdrealty,N/A,N/A
Roger Jackson,Roger,Jackson,Vice President Tax Compliance,rjackson@enduranceservices.com,Sompo International Holdings,enduranceservices.com,+12124712800,"750 Third Avenue Floor 18 New York, NY 10017",New York,NY,"=""10017""",3000,6411000000,6411,"[""Bootstrap"",""CloudFlare"",""Google Analytics"",""Google Tag Manager"",""Mouse Flow"",""Prefix-Free"",""WP Engine"",""WordPress"",""jQuery"",""jQuery UI""]",43347486,catchall,10/26/2021,1bdf13dd64d150c27f7a31d95a919c38,N/A,N/A,85%,Insurance Agents: Brokers: and Service,N/A,https://linkedin.com/company/sompo-international,N/A,N/A,N/A
Randall Johnson,Randall,Johnson,Sr. VP,rjohnson@buckner.com,Buckner,buckner.com,+18019376544,"1109 Summers Drive Rexburg, ID 83440",Salt Lake City,UT,"=""83440""",75,26000000,6411,"[""Google Analytics"",""Google Font API"",""Material Design Lite"",""Nginx"",""WordPress"",""jQuery"",""jQuery Migrate""]",45269812,catchall,11/17/2021,496ab993a4a10dad66e088ece184f040,N/A,N/A,85%,Insurance Agents: Brokers: and Service,https://facebook.com/thebucknerco,https://linkedin.com/company/53345,N/A,https://instagram.com/buckner.company/,N/A
Ron Lamberty,Ron,Lamberty,Senior Vice President,rlamberty@iowarfa.org,Iowarfa,iowarfa.org,+19524653271,"5505 NW 88th Street #100 Johnston, Iowa 50131-29485505 NW 88th St #100 Johnston, IA 50131",Johnston,IA,"=""50131""",5,1000000,5983,"[""All in One SEO Pack"",""Apache"",""Bootstrap"",""Google Analytics"",""PHP"",""Twitter Emoji (Twemoji)"",""WordPress"",""YouTube"",""ZURB Foundation"",""jQuery"",""jQuery Migrate""]",38309275,catchall,10/18/2021,7efc0eeebaa00eb988cfa16ea975b623,N/A,N/A,85%,Fuel Oil Dealers,https://facebook.com/iowa.renewable.fuels,N/A,https://twitter.com/iowafuel,N/A,https://youtube.com/user/iowarenewablefuels
Robert Stone,Robert,Stone,Vice President,robert.stone@stone-insurance.com,Stone,stone-insurance.com,+15042870202,"111 Veterans Blvd, Suite 1420 Metairie, LA 70005",Metairie,LA,"=""70005""",5,1000000,6411,[],41472254,catchall,11/17/2021,60433c4c02b9202325b58ed97d8f84c7,N/A,N/A,85%,Insurance Agents: Brokers: and Service,https://facebook.com/pages/stone-insurance/504748542913564,https://linkedin.com/company/stone-insurance,https://twitter.com/stone_insurance,https://instagram.com/stone_insurance,N/A
Robyn Dinsdale,Robyn,Dinsdale,– Vice President of Residential Operations,robynd@diversifiednational.com,Diversified National Titleis,diversifiednational.com,+19893913328,"500 E. Michigan Ave. Suite 203 Lansing, MI 48912",Lansing,MI,"=""48912""",30,5700128,65,"[""Bootstrap"",""Facebook"",""Font Awesome"",""Google Font API"",""Lightbox"",""Modernizr"",""OpenResty"",""Twitter Emoji (Twemoji)"",""WordPress"",""jQuery"",""jQuery Migrate""]",43740806,catchall,3/28/2022,0c4600993d5a8d8e6d93954dd1e6b11a,N/A,N/A,85%,Real Estate,N/A,N/A,N/A,N/A,N/A
Rich Ogle,Rich,Ogle,Vice President,rogle@grahamco.com,Graham,grahamco.com,+12023305854,810 7th St. NE,Philadelphia,PA,N/A,300,73000000,6411,"[""Bootstrap"",""Google Analytics"",""Google Tag Manager"",""Nginx"",""OWL Carousel"",""Pardot"",""WP Engine"",""WordPress"",""Yoast SEO"",""jQuery"",""jQuery Migrate"",""jQuery UI""]",46450008,catchall,3/24/2022,274a424594e34fc8fbe609f83ce2de81,N/A,N/A,85%,Insurance Agents: Brokers: and Service,N/A,https://linkedin.com/company/the-graham-company,https://twitter.com/thegrahamco,https://instagram.com/thegrahamco,N/A
Ron Mason,Ron,Mason,VP Business Development,ronm@pavesemccormick.com,Quote Or,pavesemccormick.com,+17329602001,N/A,Monmouth Junction,NJ,N/A,30,5700128,64,"[""Google Analytics"",""Modernizr"",""Nginx"",""Plesk"",""SiteCatalyst"",""Twitter Emoji (Twemoji)"",""WordPress"",""YouTube"",""jQuery""]",38199968,catchall,11/17/2021,cffe982999a36ee0dd2b89b6f0956146,N/A,N/A,85%,Insurance Agents: Brokers: and Service,https://facebook.com/pages/pavese-mccormick-agency-inc/106394856349,https://linkedin.com/company/pavese-mccormick-agency-inc.,https://twitter.com/#!/pcinsguy,N/A,N/A
Richard Pope,Richard,Pope,Assistant Vice President,rpope@americanheritageins.com,American Heritage Insurance Group,americanheritageins.com,+15136750059,"1305 West First Street Springfield, OH 45504",Cincinnati,OH,"=""45504""",5,2000000,6411,"[""Apache"",""Google Analytics"",""Google Font API"",""PHP"",""Revslider"",""Twitter Emoji (Twemoji)"",""WordPress"",""Yoast SEO"",""jQuery"",""jQuery Migrate""]",41551757,catchall,9/21/2023,f53b6714413fb8ef145ec5d807ecc546,N/A,N/A,85%,Insurance Agents: Brokers: and Service,https://facebook.com/americanheritageins,https://linkedin.com/company/american-heritage-insurance-group,https://twitter.com/ahig2001,N/A,N/A
Renee Robbins,Renee,Robbins,"Vp, Client Lead",rrobbins@tri-ad.com,Tri-ad,tri-ad.com,+17607437555,"221 West Crest Street, Suite 300 Escondido, CA 92025",Escondido,CA,"=""92025""",300,41000000,6411,"[""Google Analytics"",""Google Font API"",""Nginx"",""Twitter Emoji (Twemoji)"",""WP Engine"",""WooCommerce"",""WordPress"",""Yoast SEO"",""jQuery"",""jQuery Migrate"",""jQuery UI"",""reCAPTCHA""]",36696298,catchall,11/16/2021,a004a58029713bfd9cab87fc60f31cf6,N/A,N/A,85%,Insurance Agents: Brokers: and Service,N/A,N/A,N/A,N/A,N/A
Rebecca Spicer Senior,Rebecca,Senior,"Senior Vice President, Communications",rspicer-senior@airlines.org,Airlines,airlines.org,+18604375700,"1275 Pennsylvania Ave NW, Suite 1300 Washington,1275 Pennsylvania Ave.NW Suite 1300 Washington, DC 20004",Washington,DC,"=""20004""",300,0,45,"[""AddThis"",""Facebook"",""FancyBox"",""Font Awesome"",""Google Analytics"",""Modernizr"",""Nginx"",""Pantheon"",""Slick"",""Underscore.js"",""Varnish"",""WordPress"",""jQuery"",""jQuery UI""]",42936832,catchall,10/16/2022,ae306515eba4add255a66d49e588f79e,N/A,N/A,85%,Transportation By Air,https://facebook.com/airlinesforamerica,https://linkedin.com/company/airlines-for-america,https://twitter.com/airlinesdotorg,https://instagram.com/airlinesforamerica,https://youtube.com/user/airlinesforamerica
Roman Stephens,Roman,Stephens,Regional Vice President,rstephens@camdenliving.com,Camdenliving,camdenliving.com,+17133542700,N/A,Fort Worth,TX,N/A,3000,876400000,65,"[""Apache"",""Drupal"",""Facebook"",""Google Analytics"",""Google Font API"",""Google Maps"",""Mixpanel"",""Select2"",""Ubuntu"",""Varnish"",""jQuery"",""jQuery UI""]",38879115,catchall,4/12/2022,002ff8674f9d5358a4b24aa736d02496,N/A,N/A,85%,Real Estate,https://facebook.com/camdenliving,https://linkedin.com/company/camden-property-trust,https://twitter.com/camdenliving,https://instagram.com/camdenliving,https://youtube.com/user/camdentv
Robert Stone,Robert,Stone,Vice President,rstone@StoneInsurance.com,Stone,StoneInsurance.com,+15042870202,"111 Veterans Blvd, Suite 1420 Metairie, LA 70005",Metairie,LA,"=""70005""",125,9008640,6411,[],39485814,catchall,11/16/2021,cfc0895a0ea2276f948718fe0375f1eb,N/A,N/A,85%,Insurance Agents: Brokers: and Service,https://facebook.com/pages/stone-insurance/504748542913564,https://linkedin.com/company/stone-insurance,https://twitter.com/stone_insurance,https://instagram.com/stone_insurance,N/A
Russ Forsyth,Russ,Forsyth,Director of Operations and Regulatory Affairs,russ@ihtbio.com,Iht,ihtbio.com,+18018892224,N/A,Draper,UT,N/A,5,28000000,28,"[""Bootstrap"",""CloudFlare"",""Facebook"",""Font Awesome"",""Google Analytics"",""Google Plus"",""Google Tag Manager"",""Java"",""Linkedin"",""Microsoft ASP.NET"",""Modernizr"",""PHP"",""Twitter"",""Twitter Emoji (Twemoji)"",""WooCommerce"",""WordPress"",""jQuery"",""jQuery Migrate"",""jQuery Mobile"",""jQuery UI""]",38855360,catchall,1/24/2024,96aefbbdbbadfa0166ac22e5bd93210e,N/A,N/A,85%,Chemicals and Allied Products,https://facebook.com/ihtbio,N/A,https://twitter.com/ihtbio,N/A,N/A
Robert Vail,Robert,Vail,Vice President of Sales,rvail@getgenea.com,Genea Provides,GetGenea.com,+17146940536,"19100 Von Karman Ave Suite 550 Irvine, CA 9261219100 Von Karman Ave, Suite 550 Irvine, CA 92612",Irvine,CA,"=""92612""",30,5700128,65,"[""Apache"",""Google Analytics"",""Google Font API"",""PHP"",""WordPress"",""Yoast SEO""]",45574427,catchall,8/18/2023,7f17e3f9ed53d3536a05f60f022f42ac,N/A,N/A,85%,Real Estate,N/A,https://linkedin.com/company/getgenea,N/A,N/A,N/A
Ryan Winburn,Ryan,Winburn,"Vice President, Research and Development",ryan.winburn@rareearthsalts.com,Rare Earth Salts,rareearthsalts.com,+14022022642,"5331 Element Ave. Beatrice, NE 68310",Beatrice,NE,"=""68310""",5,1400000,28,"[""Apache"",""Backbone.js"",""Google Analytics"",""Google Font API"",""Google Maps"",""PHP"",""Underscore.js"",""WordPress"",""jQuery"",""jQuery Migrate"",""jQuery UI""]",39948277,catchall,1/24/2024,9e5d01a905e6a2472da9e20ce3cf8585,N/A,N/A,85%,Chemicals and Allied Products,N/A,N/A,N/A,N/A,N/A
Sandra Martin,Sandra,Martin,Vice President Retail / Office Property Manager,sandra@protearealestate.com,Protea Real Estate,protearealestate.com,+19725712731,"6210 Campbell Road, Suite 140 Dallas, Texas 75248.6210 Campbell Road, Suite 140 Dallas, Texas 75248",Dallas,TX,"=""75248""",30,7000000,65,"[""Apache"",""Facebook"",""PHP"",""Twitter Emoji (Twemoji)"",""WordPress"",""Yoast SEO"",""jQuery"",""jQuery Migrate""]",43742434,catchall,8/16/2023,1a8ade67bbe40cdae00a84b7098f6211,N/A,N/A,85%,Real Estate,https://facebook.com/protearealestate,https://linkedin.com/company/protea-real-estate,N/A,N/A,N/A
Sarah Allan,Sarah,Allan,"Executive Vice President, Human Resources",sarah.allan@altusgroup.com,Altus Group,altusgroup.com,+14166419500,N/A,unknown city,unknown state,N/A,3000,337200000,65,"[""CloudFlare"",""Crazy Egg"",""Flickity"",""Google Font API"",""Google Tag Manager"",""Incapsula"",""Nginx"",""Pardot"",""Polyfill"",""Twitter Emoji (Twemoji)"",""WordPress"",""jQuery"",""jQuery Migrate""]",41832122,catchall,6/5/2024,2d2ec00359af66fc1d7b40572dd65343,N/A,N/A,85%,Real Estate,N/A,https://linkedin.com/company/altus-group,https://twitter.com/altusgroup,N/A,https://youtube.com/channel/uc8x0jhtf_os-jqasjstcyrg
Caroline Saunders,Caroline,Saunders,Senior Vice President & General Counsel,saundersc@realcrg.com,Crg Privacy,realcrg.com,+18645275453,"St. Louis, MissouriSt. Louis, MO 63114Center Drive St. Louis, MO 63114",St. Louis,MO,"=""63114""",30,7000000,65,"[""Apache"",""Bootstrap"",""Chart.js"",""Google Analytics"",""Google Font API"",""Google Maps"",""Google Tag Manager"",""Lightbox"",""Modernizr"",""Twitter Emoji (Twemoji)"",""WordPress"",""Yoast SEO"",""jQuery"",""jQuery Migrate""]",38178731,catchall,6/30/2021,53e6dc9caa9ff7ac3136af4b7a83b984,N/A,N/A,85%,Real Estate,https://facebook.com/crgrealestatedevelopment,https://linkedin.com/company/11099195,https://twitter.com/crg_real_estate,https://instagram.com/crg_real_estate,N/A
Susan Balducci,Susan,Balducci,Vice President Operations - Aba-,sbalducci@rentalrelocation.com,Rental Relocation Rental Relocation,rentalrelocation.com,+18006417368,"535 Colonial Park Drive Building A, Roswell, GA. 30075",Roswell,GA,"=""30075""",125,25000000,65,"[""AddThis"",""Joomla"",""MooTools"",""Nginx"",""jQuery""]",41940177,catchall,3/28/2022,c731328341f60c8788b2d7c56bae77d7,N/A,N/A,85%,Real Estate,N/A,N/A,N/A,N/A,N/A
Steven A. Benham,Steven,Benham,Chief Executive Officer,sbenham@hopewellva.gov,Hopewell,hopewellva.gov,+18045412204,N/A,Hopewell,VA,N/A,30,4000000,9199,"[""All in One SEO Pack"",""Apache"",""CloudFlare"",""Font Awesome"",""Google Analytics"",""Google Font API"",""Hammer.js"",""PHP"",""WordPress"",""jQuery"",""jQuery Migrate"",""jQuery Mobile"",""prettyPhoto""]",36466266,catchall,5/9/2023,4900e51333fd133f47d026b6828992a7,N/A,N/A,85%,General Government: Not Elsewhere Classified,https://facebook.com/hopewellva.gov,N/A,https://twitter.com/hopewell_va,https://instagram.com/hopewellva,N/A
Scott Crosby,Scott,Crosby,Vice President,scott.crosby@polycompounding.com,Poly Compounding,polycompounding.com,+18474880687,"1390 Gateway Drive, Suite 6 Elgin, IL 60124",Elgin,IL,"=""60124""",5,6618150,28,"[""Apache"",""jQuery""]",36650710,catchall,1/24/2024,f7d4e92a2767521ada6e048fb27aa10c,N/A,N/A,85%,Chemicals and Allied Products,N/A,N/A,N/A,N/A,N/A
Scott Larson,Scott,Larson,Senior Vice President - Casualty,scott.larson@usi.biz,Usi,usi.biz,+18666570861,"100 Summit Lake Drive, Suite 400, Valhalla, NY 10595",East Greenwich,RI,"=""10595""",3000,6411000000,6411,"[""Bootstrap"",""Font Awesome"",""Google Analytics"",""Microsoft ASP.NET"",""Modernizr"",""jQuery"",""jQuery Migrate""]",43930925,catchall,10/26/2021,b8cbc51ea9e533c70774da450e2fd116,N/A,N/A,85%,Insurance Agents: Brokers: and Service,https://facebook.com/usiins,https://linkedin.com/company/usi-insurance-services,https://twitter.com/usiins,N/A,N/A
Scott Lau,Scott,Lau,Second Vice President Administration,scott.lau@trustmarksolutions.com,Trustmark,trustmarksolutions.com,+12622416106,N/A,unknown city,unknown state,N/A,3000,6411000000,6411,[],44412191,catchall,8/30/2021,ca5051368693a544c54e08984f6f58b1,N/A,N/A,85%,Insurance Agents: Brokers: and Service,https://facebook.com/trustmark,https://linkedin.com/company/trustmark-voluntary-benefit-solutions,https://twitter.com/trustmarkvb,N/A,https://youtube.com/channel/ucshrwd9yvsfnilqfknsl8lg
Scott Sharitz,Scott,Sharitz,VP of Products,scott@thermasol.com,Thermasol,thermasol.com,+18007760711,N/A,Simi Valley,CA,N/A,30,5000000,3999,"[""AngularJS"",""Bootstrap"",""CloudFlare"",""Google Analytics"",""Google App Engine"",""Google Tag Manager"",""Zendesk Chat""]",41635589,catchall,1/24/2024,570f955427613359da20d544f88282c3,N/A,N/A,85%,Manufacturing Industries: Not Elsewhere Classified,https://facebook.com/thermasol,https://linkedin.com/company/thermasol,https://twitter.com/thermasol,https://instagram.com/thermasol1958,https://youtube.com/user/thermasolsteambath
Scott Welch,Scott,Welch,Sr. Vice President,scott.welch@usi.biz,Usi,usi.biz,+18666570861,"100 Summit Lake Drive, Suite 400, Valhalla, NY 10595",East Greenwich,RI,"=""10595""",3000,6411000000,6411,"[""Bootstrap"",""Font Awesome"",""Google Analytics"",""Microsoft ASP.NET"",""Modernizr"",""jQuery"",""jQuery Migrate""]",43930855,catchall,10/26/2021,1d44afa5b02801c11a8fd995070b0c60,N/A,N/A,85%,Insurance Agents: Brokers: and Service,https://facebook.com/usiins,https://linkedin.com/company/usi-insurance-services,https://twitter.com/usiins,N/A,N/A
Steven Fischer,Steven,Fischer,Vice President,scpcu@cbiz.com,Cbiz,cbiz.com,+13306686500,N/A,Chicago,IL,N/A,300,800000000,6411,[],41990178,catchall,3/24/2022,85b297b4890883040b9ca5d4307db617,N/A,N/A,85%,Insurance Agents: Brokers: and Service,N/A,https://linkedin.com/company/cbiz,https://twitter.com/cbz,N/A,https://youtube.com/user/cbizsolutions
Sarah Cummins,Sarah,Cummins,"L Vice President, Business Development & Strategic Partnerships",scummins@stran.com,Stran,stran.com,+18008333309,"2 Heritage Drive Quincy, MA2 Heritage Drive, Suite 600 | Quincy, MA 02171",Quincy,MA,"=""02171""",30,25000000,3999,"[""All in One SEO Pack"",""Bootstrap"",""CloudFlare"",""Font Awesome"",""Google Analytics"",""Google Tag Manager"",""HubSpot"",""Lightbox"",""Modernizr"",""OpenResty"",""Revslider"",""Twitter Emoji (Twemoji)"",""WordPress"",""YouTube"",""jQuery"",""jQuery Migrate""]",38695497,catchall,1/24/2024,27e7fd2d95dfca600bd2f20eaafa5e0a,N/A,N/A,85%,Manufacturing Industries: Not Elsewhere Classified,https://facebook.com/stranpromotionalsolutions/,https://linkedin.com/company/123291,https://twitter.com/stranpromosol,https://instagram.com/stranpromotionalsolutions,N/A
Scott Dozier,Scott,Dozier,Vice President of Sales and Marketing,sdozier@abghouston.com,Abg Houston,abghouston.com,+17136901712,"7425 Hollister St, Houston, TX 77040",Houston,TX,"=""77040""",30,6411000000,6411,[],39642369,catchall,8/18/2023,c5dae2258d1b5e44d3f01277bc26ba44,N/A,N/A,85%,Insurance Agents: Brokers: and Service,https://facebook.com/alliance-benefit-group-of-houston-170748876602819/,https://linkedin.com/company/alliance-benefit-group-of-houston,https://twitter.com/abghouston,N/A,https://youtube.com/channel/ucu-acovmphwaeu9d3wwdusq
Steve Gothard,Steve,Gothard,Vice President of Operations,sgothard@easthillpropertymanagement.com,East Hill Property Management,easthillpropertymanagement.com,+12675719418,N/A,Norwood,NJ,N/A,N/A,0,65,"[""Google Analytics"",""Google Maps"",""Tawk.to"",""WordPress"",""jQuery"",""jQuery Migrate""]",39086951,catchall,3/28/2022,40e45b3772c37ae6152a13b34b2628fc,N/A,N/A,85%,Real Estate,https://facebook.com/easthillpropertymanagement,https://linkedin.com/company/east-hill-property-management,https://twitter.com/easthillpm,N/A,https://youtube.com/channel/ucgsy-dl5bbjljyr1qiqyotg
Shawna Gross,Shawna,Gross,"Vp, Property Management",sgross@endeavor-re.com,Endeavor Real Estate Group,endeavor-re.com,+15126825503,"501 Brazos St Austin, TX93 Red River St. Austin, TX401 Congress Ave. Austin, TX800 W Cesar Chavez St Austin, TX600 Congress Ave. Austin, TX2425 E 7th Street Austin, TX812 San Antonio St. Austin, TX119",Austin,TX,N/A,300,17500000,65,"[""Apache"",""Modernizr"",""PHP"",""jQuery""]",44515328,catchall,9/8/2023,72d2b4a2da42ef0fc63f1dda9cb2df8a,N/A,N/A,85%,Real Estate,https://facebook.com/endeavor-real-estate-group-624217717595830,https://linkedin.com/company/101354,https://twitter.com/endeavor_re,N/A,N/A
Sharon Hallock,Sharon,Hallock,Executive Vice President,sharon@gwrealtorboard.com,Board,gwrealtorboard.com,+12024498200,"389 Meadow St. Waterbury, CT 06702",Waterbury,CT,"=""06702""",5,690100,65,"[""Facebook"",""Google Analytics"",""Google Font API"",""Modernizr"",""ZURB Foundation"",""jQuery""]",43516465,catchall,5/4/2022,eeaecdfcfde0c304b6f8c2f1b147aeaf,N/A,N/A,85%,Real Estate,https://facebook.com/gwbr.realtors,N/A,N/A,https://instagram.com/gwrealtorboard,N/A
Sheila Shaw,Sheila,Shaw,"Senior Vice President of Underwriting, Special Projects",sheila.shaw@siegelagency.com,Siegel Agency,siegelagency.com,+18457963400,"PO Box 309 Rock Hill, NY 12775",Rock Hill,NY,"=""12775""",75,21000000,6411,"[""Apache"",""Google Analytics"",""Google Font API"",""Gravatar"",""Revslider"",""WordPress"",""Yoast SEO"",""jQuery"",""jQuery Migrate""]",38214168,catchall,11/17/2021,ea0532cc156e65d201b3985d6418d438,N/A,N/A,85%,Insurance Agents: Brokers: and Service,https://facebook.com/irwinsiegelagency,https://linkedin.com/company/239111,https://twitter.com/siegelagency,https://instagram.com/irwinsiegelagency,N/A
Steve Hutkai,Steve,Hutkai,VP of Tax &amp; Treasury,shutkai@express.com,Express,express.com,(800) 695-1788,N/A,Sitka,AK,N/A,5,576180,39,[],36637671,catchall,1/11/2022,a4d78ebb964826c1d6b1cb9d22c38c20,N/A,N/A,85%,Miscellaneous Manufacturing Industries,N/A,N/A,N/A,N/A,N/A
Susan Martinez,Susan,Martinez,Vice President Sales and Marketing,smartinez@pillarsdgllc.com,Pillars Development Group,pillarsdgllc.com,+17035370440,N/A,Fairfax,VA,N/A,30,6000000,65,"[""KineticJS"",""Nginx"",""jQuery"",""jQuery UI""]",36957203,catchall,8/18/2023,35d4aa4eba1fcb31870c3a3cc45fed37,N/A,N/A,85%,Real Estate,N/A,N/A,N/A,N/A,N/A
Steven Douglas Miles,Steven,Miles,Vice President/loan Sales,smiles@fnbcarrollton.com,Fnb,fnbcarrollton.com,+15022434482,"7202 Hwy 329 Crestwood KY, 40014",Crestwood,KY,"=""40014""",N/A,0,65,[],39233830,catchall,8/18/2023,59d1a730cefed3d7077963f1b96f22a5,N/A,N/A,85%,Real Estate,N/A,N/A,N/A,N/A,N/A
Sol Perez,Sol,Perez,Vice President Employee Benefits,sol.perez@usi.biz,Usi,usi.biz,+18666570861,"100 Summit Lake Drive, Suite 400, Valhalla, NY 10595",East Greenwich,RI,"=""10595""",3000,6411000000,6411,"[""Bootstrap"",""Font Awesome"",""Google Analytics"",""Microsoft ASP.NET"",""Modernizr"",""jQuery"",""jQuery Migrate""]",43930871,catchall,10/26/2021,b81bb32d98dc5928997cbfcdfeb05edd,N/A,N/A,85%,Insurance Agents: Brokers: and Service,https://facebook.com/usiins,https://linkedin.com/company/usi-insurance-services,https://twitter.com/usiins,N/A,N/A
Sharon Price,Sharon,Price,Assistant Vice President Commercial Underwriting Specialist,s.price@fredmut.com,Frederick Mutual,fredmut.com,+18662125246,57 Thomas Johnson Drive,Raleigh,NC,N/A,5,960400,6411,"[""CloudFlare"",""Google Analytics"",""Microsoft Word"",""Modernizr"",""Squarespace"",""Typekit"",""YUI"",""webpack""]",45405281,catchall,11/17/2021,38b8a9be05c2b8e1077b2c504ce56a82,N/A,N/A,85%,Insurance Agents: Brokers: and Service,https://facebook.com/frederickmutual1843,N/A,https://twitter.com/frederickmutual,N/A,N/A
Susan Riggins,Susan,Riggins,Executive Vice President-operations,sriggins@mcsweeneyricci.com,Mcsweeney & Ricci,mcsweeneyricci.com,+18445011359,"420 Washington Street Braintree, MA 02184420 Washington Street, Braintree, MA 02184, USA",Braintree,MA,N/A,30,32000000,6411,"[""Facebook"",""Google Analytics"",""Google Font API"",""Google Maps"",""Google Tag Manager"",""Nginx"",""WP Engine"",""WordPress""]",43632010,catchall,2/12/2023,2428c44cc1d92791830471698d209d9b,N/A,N/A,85%,Insurance Agents: Brokers: and Service,https://facebook.com/pages/mcsweeney-ricci-insurance-agency/174912505872254,https://linkedin.com/company/mcsweeney-&-ricci-insurance-agency-inc-,https://twitter.com/mcsweeneyricci,N/A,N/A
Sanjana Sandhu,Sanjana,Sandhu,"Walter L. Desrosier, Vice President, Engineering & Maintenance",ssandhu@gama.aero,Gama,gama.aero,+12026371375,N/A,Washington,DC,N/A,30,5700128,45,"[""Apache"",""CentOS"",""Font Awesome"",""Google Analytics"",""OpenSSL"",""PHP"",""ShareThis"",""Slick"",""Twitter Emoji (Twemoji)"",""WordPress"",""jQuery"",""jQuery Migrate""]",37034142,catchall,9/16/2021,0f8f5708a6326d526f77268ed37ac07f,N/A,N/A,85%,Transportation By Air,https://facebook.com/general.aviation.manufacturers.association,https://linkedin.com/company/general-aviation-manufacturers-association,https://twitter.com/gamanufacturers,https://instagram.com/gamanufacturers,https://youtube.com/channel/ucojaj8ypwan-vtny5ssdsnw
Shelli Schiller,Shelli,Schiller,"Vice President, Escrow Operations",sschiller@investors-title.com,Investors Title,investors-title.com,+13147833500,"4706 Hampton Ave St. Louis, MO 63109",Greenwood,IN,"=""63109""",5,564540,65,"[""Google Analytics"",""Google Tag Manager"",""Gravity Forms"",""Nginx"",""WP Engine"",""WordPress"",""Yoast SEO"",""jQuery"",""jQuery Migrate""]",44867134,catchall,3/28/2022,2bc158d08026cb336ff5fef14b822bb7,N/A,N/A,85%,Real Estate,https://facebook.com/investors-title-company-337611040141,https://linkedin.com/company/investors-title-inc,https://twitter.com/investors_title,N/A,N/A
Stacy Stemen,Stacy,Stemen,"Senior Vice President, Corporate Marketing Development",sstemen@passco.com,Passco-5,passco.com,+19492637947,"2050 Main Street, Suite 650 |Irvine, CA 92614",unknown city,CA,"=""92614""",75,683800000,65,"[""FancyBox"",""Google Analytics"",""Google Font API"",""Google Maps"",""Laravel"",""MailChimp"",""Nginx"",""PHP"",""Raphael"",""jQuery"",""reCAPTCHA""]",41405583,catchall,8/18/2023,31c3602492684e9728797b63dceff7b9,N/A,N/A,85%,Real Estate,N/A,https://linkedin.com/company/1387255,https://twitter.com/passco,N/A,N/A
Stephanie Harvey,Stephanie,Harvey,VP of Marketing,stephanie.harvey@mwfinc.com,Mwf,mwfinc.com,+18772765550,"1209 Nevada St. #200 Redlands, CA 92374",Los Angeles,CA,"=""92374""",300,75000000,65,"[""Bootstrap"",""CloudFlare"",""CodeIgniter"",""Font Awesome"",""Google Analytics"",""PHP"",""jQuery""]",37753309,catchall,8/18/2023,3018f186e1a914280452c6989e45e2f5,N/A,N/A,85%,Real Estate,https://facebook.com/mwfinc,https://linkedin.com/company/mountain-west-financial-inc-,https://twitter.com/mwfinancial,https://instagram.com/mountainwestfinancial,https://youtube.com/user/mwfinctraining
Stephanie Weber,Stephanie,Weber,"Vice President, Safety Operations",stephanie.weber@grace-ins.com,Grace Insurance Agency,grace-ins.com,+15169328100,N/A,Hicksville,NY,N/A,5,1940400,6411,"[""Bootstrap"",""Font Awesome"",""Google Analytics"",""Google Font API"",""LiteSpeed"",""Modernizr"",""OWL Carousel"",""PHP"",""Slick"",""Twitter Emoji (Twemoji)"",""WordPress"",""animate.css"",""jQuery"",""jQuery Migrate""]",44582172,catchall,11/17/2021,f5f02a741f1bffbe432da1ba64ba2714,N/A,N/A,85%,Insurance Agents: Brokers: and Service,N/A,N/A,N/A,N/A,N/A
Stephen Ahmed,Stephen,Ahmed,Vice President,stephen@ahmedinsurance.com,Ahmed Insurance Agency,ahmedinsurance.com,+18004900047,"P.O. Box 449 Salem, MA 01970P.O. Box 449 Salem, Ma 01970",Salem,MA,"=""01970""",5,397440,6411,"[""Gentoo"",""Google Font API"",""Gravity Forms"",""OpenResty"",""PHP"",""Twitter Emoji (Twemoji)"",""WordPress"",""jQuery"",""jQuery Migrate"",""reCAPTCHA""]",36248140,catchall,10/23/2022,d2c9a2e1473c89cfbf915292a832ca3f,N/A,N/A,85%,Insurance Agents: Brokers: and Service,https://facebook.com/pages/ahmed-insurance-agency-inc/111123095637412,N/A,N/A,N/A,N/A
Stephen Levy,Stephen,Levy,Executive Vice President and General Counsel,stephen@libertyhts.com,Senior Lifestyle,libertyhts.com,+17735099333,"303 East Wacker Drive 24th Floor Chicago, IL 60601",Colorado Springs,CO,"=""60601""",125,0,65,"[""Apache"",""CloudFlare"",""Facebook"",""Google Analytics"",""Google Tag Manager"",""HubSpot"",""Matomo"",""Ubuntu"",""WordPress"",""Yoast SEO"",""jQuery""]",38654313,catchall,10/25/2023,c24a827c1c17323239fa2f0393bfc154,N/A,N/A,85%,Real Estate,N/A,https://linkedin.com/company/senior-lifestyle-corporation,https://twitter.com/slcchicago,N/A,https://youtube.com/user/seniorlifestylecorp
Steve Barnett Cic,Steve,Cic,Sr. Vice President,steve.barnett@usi.biz,Usi,usi.biz,+18666570861,"100 Summit Lake Drive, Suite 400, Valhalla, NY 10595",East Greenwich,RI,"=""10595""",3000,6411000000,6411,"[""Bootstrap"",""Font Awesome"",""Google Analytics"",""Microsoft ASP.NET"",""Modernizr"",""jQuery"",""jQuery Migrate""]",43930882,catchall,10/26/2021,5edae6efa726cc8ea89d9c4a91c64492,N/A,N/A,85%,Insurance Agents: Brokers: and Service,https://facebook.com/usiins,https://linkedin.com/company/usi-insurance-services,https://twitter.com/usiins,N/A,N/A
Steve Currie Vice,Steve,Vice,"Vice President and Managing Director, Extended Access Technologies",steve.currie-vice@crossmatch.com,Hid Global,crossmatch.com,+18006706892,"611 Center Ridge Drive Austin, TX 78753",Palm Beach Gardens,FL,"=""78753""",300,1877000000,3999,"[""CloudFlare"",""Drupal"",""Google Tag Manager"",""Lightbox"",""Marketo"",""Modernizr"",""New Relic"",""Pantheon"",""Sentry"",""Varnish"",""ZURB Foundation"",""jQuery"",""jQuery UI""]",42274902,catchall,1/24/2024,7f3a22c69339a18aac6e4db2a7487b48,N/A,N/A,85%,Manufacturing Industries: Not Elsewhere Classified,N/A,N/A,https://twitter.com/hidglobal,N/A,N/A
Steven E. Barry,Steven,Barry,Paul L. Cohen - Vice President and Chief Actuary,steven.barry@uticanational.com,Utica Mutual,uticanational.com,+18666045350,"130 John Muir Drive Suite 400 Amherst, NY 14228",Utica,NY,"=""14228""",3000,6411000000,6411,"[""Azure"",""Bootstrap"",""CloudFlare"",""Google Analytics"",""Google Font API"",""Google Maps"",""Google Tag Manager"",""Hotjar"",""Marketo"",""Microsoft ASP.NET"",""jQuery"",""jQuery UI""]",36943311,catchall,10/26/2021,6e1c7eae73e27950fd795a96055bf9c6,N/A,N/A,85%,Insurance Agents: Brokers: and Service,https://facebook.com/uticanational,https://linkedin.com/company/uticanational,https://twitter.com/uticanational,N/A,https://youtube.com/channel/ucezxsbtjjlpseuh0yfoun7q
Scott Stevens,Scott,Stevens,Executive Vice President of Operations ...,stevens@lacoinsurance.com,Insurance Solutions,lacoinsurance.com,+15032960044,location on Westgate Drive near the Oregon,Portland,OR,N/A,30,9000000,6411,"[""Flywheel"",""Google Analytics"",""Google Font API"",""Google Tag Manager"",""Gravity Forms"",""Modernizr"",""WordPress"",""jQuery"",""jQuery Migrate"",""jQuery UI""]",36248236,catchall,11/16/2021,1e60a8d0ca394ad66790bc98c548ca04,N/A,N/A,85%,Insurance Agents: Brokers: and Service,https://facebook.com/leonardadamsinsurance,https://linkedin.com/company/leonard-adams-insurance,N/A,N/A,N/A
Stew Gibson,Stew,Gibson,Senior Vice President and Chief Information Officer,stewart.gibson@usi.biz,Usi,usi.biz,+18666570861,"100 Summit Lake Drive, Suite 400, Valhalla, NY 10595",East Greenwich,RI,"=""10595""",3000,6411000000,6411,"[""Bootstrap"",""Font Awesome"",""Google Analytics"",""Microsoft ASP.NET"",""Modernizr"",""jQuery"",""jQuery Migrate""]",43930859,catchall,10/26/2021,73180ba99a07818ae7e41cee48ea2a6d,N/A,N/A,85%,Insurance Agents: Brokers: and Service,https://facebook.com/usiins,https://linkedin.com/company/usi-insurance-services,https://twitter.com/usiins,N/A,N/A
Spring Trust,Spring,Trust,Vice President,strust@washingtonfirstmortgage.com,Sandy Spring Bank,washingtonfirstmortgage.com,+14103120652,"17801 Georgia Avenue Olney, MD 20832",Washington,DC,"=""20832""",75,65000000,65,"[""CloudFlare"",""Drupal"",""Google Analytics"",""Google Tag Manager"",""New Relic"",""Typekit"",""ZURB Foundation"",""jQuery""]",36402817,catchall,10/18/2021,22595f096b8cf3fdab3b3fc329a5225c,N/A,N/A,85%,Real Estate,https://facebook.com/sandyspringbank,https://linkedin.com/company/20300,https://twitter.com/sandyspringbank,N/A,N/A
Ty Stanley,Ty,Stanley,Vice President | Construction ...,sty@rendina.com,Rendina Development,rendina.com,+15133210010,"Suite 200 Jupiter,FL",Jupiter,FL,N/A,125,25000000,65,"[""Apache"",""Font Awesome"",""Google Analytics"",""PHP"",""WordPress"",""jQuery"",""jQuery Migrate"",""prettyPhoto""]",41999262,catchall,6/21/2023,02f69cf146fd191d32db6dd18263361a,N/A,N/A,85%,Real Estate,https://facebook.com/pages/rendina-companies/105983022776890,https://linkedin.com/company/85182,https://twitter.com/rendinahre,https://instagram.com/rendinahre,https://youtube.com/user/rendinaco
Sue Hilvert,Sue,Hilvert,VP Personal Lines Manager,sue.hilvert@usi.biz,Usi,usi.biz,+18666570861,"100 Summit Lake Drive, Suite 400, Valhalla, NY 10595",East Greenwich,RI,"=""10595""",3000,6411000000,6411,"[""Bootstrap"",""Font Awesome"",""Google Analytics"",""Microsoft ASP.NET"",""Modernizr"",""jQuery"",""jQuery Migrate""]",43930921,catchall,10/26/2021,e34f8c4c43851fdbe180dc086fea4d36,N/A,N/A,85%,Insurance Agents: Brokers: and Service,https://facebook.com/usiins,https://linkedin.com/company/usi-insurance-services,https://twitter.com/usiins,N/A,N/A
Jodie Brandi,Jodie,Brandi,Vice President Team Leader,susan.pilla@usi.biz,Usi,usi.biz,+18666570861,"100 Summit Lake Drive, Suite 400, Valhalla, NY 10595",East Greenwich,RI,"=""10595""",3000,6411000000,6411,"[""Bootstrap"",""Font Awesome"",""Google Analytics"",""Microsoft ASP.NET"",""Modernizr"",""jQuery"",""jQuery Migrate""]",43930920,catchall,10/26/2021,96a98b3d1a79e2a8bf6275042b914634,N/A,N/A,85%,Insurance Agents: Brokers: and Service,https://facebook.com/usiins,https://linkedin.com/company/usi-insurance-services,https://twitter.com/usiins,N/A,N/A
Susan E Barrett,Susan,Barrett,Vice President,susan@southbaybonding.com,South Bay Bonding,southbaybonding.com,+16509030088,N/A,Mountain View,CA,N/A,5,1000000,6411,"[""Apache"",""Lightbox"",""Prototype""]",46405431,catchall,5/14/2024,ee4f51c73d1f13eac6965a6406b4d5db,N/A,N/A,85%,Insurance Agents: Brokers: and Service,N/A,N/A,N/A,N/A,N/A
Susie Rowe,Susie,Rowe,Vice President,susie@benefitintelligence.com,Benefitintelligence,benefitintelligence.com,+14808924207,"4862 E. Baseline Road Suite 101 Mesa, AZ 852064862 E. Baseline Road Mesa, AZ 85206",Mesa,AZ,"=""85206""",30,6411000000,6411,"[""Google Font API"",""Nginx"",""Twitter Emoji (Twemoji)"",""WordPress"",""jQuery"",""jQuery Migrate""]",36570798,catchall,10/7/2024,f2d93bb95dbb795eccf7c76d60442c61,N/A,N/A,85%,Insurance Agents: Brokers: and Service,N/A,N/A,N/A,N/A,N/A
Stafford Vice,Stafford,Vice,Vice President,svice@pattillore.com,Pattillo,pattillore.com,+19046952452,"100 Murray Drive, Waynesboro, GA",Stone Mountain,GA,N/A,125,25000000,65,[],42028134,catchall,6/21/2023,027153eaa0cea91569639f1fc5fecfc1,N/A,N/A,85%,Real Estate,N/A,https://linkedin.com/company/221920,https://twitter.com/pattillore,N/A,N/A
Tom Bagby,Tom,Bagby,VP National Accounts,tbagby@loomisco.com,Loomis,loomisco.com,+18668157696,"Christmas Tree Lane The Loomis Company participated in the Christmas Tree Lane decorating contest held in Lancaster, PA.",Wyomissing,PA,N/A,300,265000000,6411,"[""Apache"",""Cufon"",""Google Analytics"",""Google Font API"",""Twitter"",""Twitter Emoji (Twemoji)"",""Ubuntu"",""WordPress"",""Yoast SEO"",""jQuery"",""jQuery Migrate"",""prettyPhoto""]",37835318,catchall,5/8/2024,2247d048adc224378cdc8ac091551042,N/A,N/A,85%,Insurance Agents: Brokers: and Service,https://facebook.com/loomisco,https://linkedin.com/company/the-loomis-company,https://twitter.com/theloomisco,N/A,N/A
Teresa Palacios Smith,Teresa,Smith,Vice President – Diversity and Inclusion,teresa@prudentialhallmark.com,Prudential Hallmark,prudentialhallmark.com,N/A,"es, LLC is a Delaware limited liability company. Its principal office is loc",Paso Robles,CA,N/A,30,5384120,65,[],36292992,catchall,5/24/2023,abb59901b98d34b501dfa5c8b06857c7,N/A,N/A,85%,Real Estate,https://facebook.com/bhhsrealestate,https://linkedin.com/company/3334860,https://twitter.com/bhhsrealestate,https://instagram.com/bhhsrealestate,N/A
Terry Robinson,Terry,Robinson,Vice President,terry.robinson@guycarp.com,Guy Carpenter,guycarp.com,+13477532348,"1166 Avenue of the Americas New York, NY 10036",Minneapolis,MN,"=""10036""",300,128780,6411,"[""Adobe Experience Manager"",""Apache"",""Google Analytics"",""Lodash"",""Modernizr"",""Pardot"",""ZURB Foundation"",""jQuery""]",38471509,catchall,5/8/2024,9b634ee13df781cdf308502bf82efdc2,N/A,N/A,85%,Insurance Agents: Brokers: and Service,N/A,N/A,https://twitter.com/guycarpenter,N/A,N/A
Todd Evans,Todd,Evans,Executive Vice President of Business Development,tevans@englemartin.com,Engle Martin,englemartin.com,+19547355555,"Suite 900 | Atlanta, Georgia 30342",Doral,FL,"=""30342""",5,1000000,6411,"[""Bootstrap"",""Font Awesome"",""Modernizr"",""Nginx"",""RequireJS"",""Twitter Emoji (Twemoji)"",""WordPress"",""jQuery"",""jQuery Migrate""]",39532285,catchall,9/21/2023,e4d6c825c8ac96cf1dfd85419c43f3a7,N/A,N/A,85%,Insurance Agents: Brokers: and Service,https://facebook.com/englemartinassociates,https://linkedin.com/company/engle-martin-&-associates,https://twitter.com/englemartin,https://instagram.com/engle_martin1997,N/A
Thomas Plemmons,Thomas,Plemmons,Vice President of Financial Services,thomas@trustowens.com,Owens,trustowens.com,+18005507716,"businesses on Trade Street Greer, SC408 W. Poinsett St. Greer SC 29650",Greer,SC,"=""29650""",5,2000000,6411,"[""Google Analytics"",""Nginx"",""Plesk"",""RequireJS"",""Typekit"",""jQuery""]",38115877,catchall,9/21/2023,7c65ad215c49ae517169750c6200136a,N/A,N/A,85%,Insurance Agents: Brokers: and Service,https://facebook.com/pages/owens-insurance-greer/135820459768955,N/A,N/A,N/A,N/A
Tonia Howell,Tonia,Howell,Vp/ Deposit Operations Manager,thowell@sumnerbank.com,Sumner Bank & Trust,sumnerbank.com,+16154514151,"780 Browns Lane Gallatin, TN 37066",Sheldon,IL,"=""37066""",5,1474900,65,"[""Apache"",""Google Analytics"",""Google Font API"",""Google Tag Manager"",""Modernizr"",""WordPress"",""ZURB Foundation"",""animate.css"",""jQuery"",""jQuery Migrate"",""reCAPTCHA""]",45824461,catchall,7/30/2024,55c3600cf872db9e8eb320df0c8e10ee,N/A,N/A,85%,Real Estate,N/A,N/A,N/A,N/A,N/A
Tim Byers,Tim,Byers,VP Global Sales,timbyers@imperial-ice.com,Imperial Ice,imperial-ice.com,N/A,N/A,Little Rock,AR,N/A,N/A,621090,64,"[""All in One SEO Pack"",""CloudFlare"",""Font Awesome"",""Google Font API"",""Nginx"",""Revslider"",""Twitter Emoji (Twemoji)"",""Visual Website Optimizer"",""WordPress"",""YouTube"",""jQuery"",""jQuery Migrate"",""jQuery Mobile""]",43882386,catchall,8/18/2023,468b108601296ffee495ba2d26d4431c,N/A,N/A,85%,Insurance Agents: Brokers: and Service,N/A,N/A,N/A,N/A,N/A
Tim Gross,Tim,Gross,"Vice President, Underwriting",tim.gross@usi.biz,Usi,usi.biz,+18666570861,"100 Summit Lake Drive, Suite 400, Valhalla, NY 10595",East Greenwich,RI,"=""10595""",3000,6411000000,6411,"[""Bootstrap"",""Font Awesome"",""Google Analytics"",""Microsoft ASP.NET"",""Modernizr"",""jQuery"",""jQuery Migrate""]",43930887,catchall,10/26/2021,ab2ed385fb1426f645358da1f59d87b0,N/A,N/A,85%,Insurance Agents: Brokers: and Service,https://facebook.com/usiins,https://linkedin.com/company/usi-insurance-services,https://twitter.com/usiins,N/A,N/A
Tim Wells,Tim,Wells,"Vice President, Production",tim.wells@robertthomashomes.com,Robert Thomas Homes,robertthomashomes.com,+19524638038,"St. Michael, MN",Minneapolis,MN,N/A,30,5700128,65,"[""Apache"",""Backbone.js"",""Facebook"",""Google Analytics"",""Google Font API"",""Google Tag Manager"",""Intercom"",""Marionette.js"",""PHP"",""Revslider"",""Underscore.js"",""WordPress"",""jQuery"",""jQuery Migrate""]",40674428,catchall,8/18/2023,be0c3a72f55adff7e2428a953025cc15,N/A,N/A,85%,Real Estate,https://facebook.com/robertthomashomes,https://linkedin.com/company/robert-thomas-homes-rth-,https://twitter.com/robthomashomes,https://instagram.com/robertthomashomes,https://youtube.com/channel/uca02n7plygixrry4qrnud9q
Todd Jackson,Todd,Jackson,Vice President,tjackson@boltonco.com,Bolton,boltonco.com,+14086601063,"3475 E Foothill Blvd, Suite 100 Pasadena, CA 91107",Pasadena,CA,"=""91107""",300,52000000,6411,"[""Facebook"",""Font Awesome"",""Google Analytics"",""Google Tag Manager"",""Gravatar"",""Gravity Forms"",""Modernizr"",""OWL Carousel"",""OpenResty"",""PHP"",""Typekit"",""WordPress"",""Yoast SEO"",""ZURB Foundation"",""jQuery"",""jQuery UI""]",39738124,catchall,3/24/2022,00aeb0b2da99f9d27e0f2f56e1381f3a,N/A,N/A,85%,Insurance Agents: Brokers: and Service,https://facebook.com/boltonco,https://linkedin.com/company/bolton-&-company,https://twitter.com/boltoncompany,https://instagram.com/boltoncompany,https://youtube.com/user/boltonandcompany
Ted Kendall,Ted,Kendall,Vice President – Central,tkendall@msfb.org,Mississippi Farm Bureau Federation,msfb.org,+16628445010,"P.O. Box 1972 Jackson, MS 39215-1972",De Kalb,MS,"=""39215-1972""",5,393300,6411,"[""Google Analytics"",""Google Font API"",""Google Maps"",""Google Tag Manager"",""Liquid Web"",""MediaElement.js"",""Nginx"",""Twitter Emoji (Twemoji)"",""WordPress"",""Yoast SEO"",""YouTube"",""jQuery"",""jQuery Migrate""]",40344272,catchall,5/8/2024,89a3464b82c8830c13ca0d3506e33006,N/A,N/A,85%,Insurance Agents: Brokers: and Service,https://facebook.com/msfarmbureau,N/A,https://twitter.com/msfarmbureau,N/A,https://youtube.com/user/farmbureaums#p/u
Todd Carr,Todd,Carr,"Executive Vice President, Development and Operations",todd.carr@paviliondevelopment.com,Pavilion Development,paviliondevelopment.com,+17045579267,"5605 Carnegie Blvd Suite 110 Charlotte, NC 28209",Charlotte,NC,"=""28209""",5,1559760,65,"[""IIS"",""Microsoft ASP.NET"",""Plesk"",""jQuery""]",38270441,catchall,3/28/2022,643a693512b7f3da2d47bf5fb14208e4,N/A,N/A,85%,Real Estate,N/A,N/A,N/A,N/A,N/A
Todd Greer,Todd,Greer,Sr. Vice President of Ipmg - Underwriting,todd.greer@ipmg.com,Ipmg,ipmg.com,+13142939710,"St Charles, IL",Saint Charles,IL,N/A,5,1638653,6411,"[""Chart.js"",""CloudFlare"",""Font Awesome"",""Google Tag Manager"",""HubSpot"",""IIS"",""Lightbox"",""Modernizr"",""PHP"",""WordPress"",""Yoast SEO"",""jQuery"",""jQuery Migrate""]",45746249,catchall,9/21/2023,649c6e71015153b848d83874eb2cb2bc,N/A,N/A,85%,Insurance Agents: Brokers: and Service,https://facebook.com/insuranceprogrammanagersgroup,https://linkedin.com/company/insurance-program-managers-group,N/A,N/A,N/A
Todd Kidder,Todd,Kidder,Executive Vice President,todd@insurancetrustees.com,Insurance Trustees,insurancetrustees.com,+18005596580,"120 S Randolph St Garrett, IN 46738",Garrett,IN,"=""46738""",30,1000000,6411,"[""Apache"",""FancyBox"",""Google Analytics"",""Google Font API"",""MediaElement.js"",""Mustache"",""OWL Carousel"",""VideoJS"",""Weebly"",""jQuery""]",38763154,catchall,11/17/2021,eca622f3ab6b607ac74a7b982e475142,N/A,N/A,85%,Insurance Agents: Brokers: and Service,https://facebook.com/insurancetrustees,https://linkedin.com/company/insurance-trustees,N/A,N/A,N/A
Todd Highsmith,Todd,Highsmith,Vice President of Sales and Marketing,todd@vspecclaims.com,Vspec,vspecclaims.com,+18663754712,"4200 C Street SW , Cedar Rapids, IA 52404",Cedar Rapids,IA,"=""52404""",125,35000000,64,[],40420365,catchall,8/18/2023,66e8f8d8db0390129e8e57149bdc784f,N/A,N/A,85%,Insurance Agents: Brokers: and Service,N/A,https://linkedin.com/company/1711095,N/A,N/A,N/A
Tom Axson,Tom,Axson,Controller/vp,tom.axson@mountainwest.com,Mountainwest,mountainwest.com,N/A,N/A,Chula Vista,CA,N/A,5,65000000,65,"[""Squarespace"",""Typekit"",""YUI"",""webpack""]",39974822,catchall,1/10/2022,b0b0c91971c527b56f9f1be00eccb6a3,N/A,N/A,85%,Real Estate,N/A,N/A,N/A,N/A,N/A
Tom Day,Tom,Day,Chief Information Officer,tom.day@cbia.com,Cbia,cbia.com,+18602441900,"350 Church St, Hartford, CT",Hartford,CT,N/A,75,7000000,6411,"[""CloudFlare"",""Disqus"",""Google Tag Manager"",""Gravatar"",""List.js"",""Nginx"",""PHP"",""Twitter"",""WP Engine"",""WordPress"",""jQuery"",""jQuery Migrate""]",41409861,catchall,10/11/2021,03e56f4a2775866024e9b56fa4f6566f,N/A,N/A,85%,Insurance Agents: Brokers: and Service,https://facebook.com/cbiafb,N/A,https://twitter.com/cbianews,N/A,N/A
Tom Nastasi,Tom,Nastasi,Title: Vice President,tomnastasi@signatureg.com,Nai Signature Group,signatureg.com,+12036551818,N/A,Darien,CT,N/A,5,1638653,65,"[""DNN"",""Google Analytics"",""Google Font API"",""IIS"",""Microsoft ASP.NET"",""jQuery"",""jQuery Migrate"",""jQuery UI""]",43998984,catchall,5/4/2022,5c323a6e5a3b6330203ce3b457efb1d3,N/A,N/A,85%,Real Estate,https://facebook.com/pages/signature-group/595010017190481,https://linkedin.com/company/3093910,https://twitter.com/signaturegllc,N/A,N/A
Tom Magee,Tom,Magee,Executive VP Sales,tom@smart-move.com,Smart Move,smart-move.com,+19545259559,"716 SE 17th Street, Fort Lauderdale, FL 33316716 SE 17th Street Fort Lauderdale, FL 33316",Fort Lauderdale,FL,"=""33316""",N/A,0,65,"[""Bootstrap"",""CloudFlare"",""Crazy Egg"",""FlexSlider"",""Font Awesome"",""Google Analytics"",""Google Font API"",""IIS"",""Inspectlet"",""Modernizr"",""Tawk.to"",""jQuery"",""prettyPhoto""]",39966649,catchall,8/18/2023,f6d1ce0c72112ca614670e6813ad9ff9,N/A,N/A,85%,Real Estate,https://facebook.com/smartmovecrew,N/A,N/A,https://instagram.com/smartmoveaccomm,https://youtube.com/user/smartmovecrew
Tom Van Houten,Tom,Houten,"Vice President, Business Development & Marketing - Bankers Surety Service and Emerge Monitoring",tom.van-houten@bankersfinancialcorp.com,Bankers Financial,bankersfinancialcorp.com,+18006270000,"St. Petersburg, FL 33733-570711101 Roosevelt Blvd N, St. Petersburg, Florida 33716PO Box 15707 St. Petersburg, FL 33733-5707",St. Petersburg,FL,"=""33733-5707""",750,6411000000,6411,"[""Azure"",""Bootstrap"",""Font Awesome"",""Google Analytics"",""Google Font API"",""IIS"",""Lazy.js"",""PHP"",""Twitter Emoji (Twemoji)"",""WordPress"",""Yoast SEO"",""jQuery""]",37308464,catchall,8/18/2023,1da8445cc51037e63fc39202b163c40b,N/A,N/A,85%,Insurance Agents: Brokers: and Service,https://facebook.com/bankersfinancialcorporation,https://linkedin.com/company/bankers-financial-corporation,N/A,N/A,https://youtube.com/channel/ucfve-wkulhfrg2ukcxxdbna
Trish Mullin,Trish,Mullin,Vice President,trish.mullin@usi.biz,Usi,usi.biz,+18666570861,"100 Summit Lake Drive, Suite 400, Valhalla, NY 10595",East Greenwich,RI,"=""10595""",3000,6411000000,6411,"[""Bootstrap"",""Font Awesome"",""Google Analytics"",""Microsoft ASP.NET"",""Modernizr"",""jQuery"",""jQuery Migrate""]",43930876,catchall,10/26/2021,1e2002b0f7c53e00a43d6def1b5efb11,N/A,N/A,85%,Insurance Agents: Brokers: and Service,https://facebook.com/usiins,https://linkedin.com/company/usi-insurance-services,https://twitter.com/usiins,N/A,N/A
Thomas Sanderson,Thomas,Sanderson,Vice President of Human Resources,tsanderson@corporatefour.com,Corporate Four,corporatefour.com,+19528969521,"7220 Metro Blvd., Edina, MN 55439",Minneapolis,MN,"=""55439""",75,3000000,6411,"[""Facebook"",""Font Awesome"",""Google Analytics"",""Google Font API"",""Google Tag Manager"",""Nginx"",""Twitter Emoji (Twemoji)"",""WordPress"",""Yoast SEO"",""jQuery"",""jQuery Migrate""]",43305639,catchall,2/24/2023,42b21f87e9204b7655d6e979d5b63ab6,N/A,N/A,85%,Insurance Agents: Brokers: and Service,N/A,N/A,N/A,N/A,N/A
Tom Sloan,Tom,Sloan,Senior Vice President of Operations,tsloan@camdenliving.com,Camdenliving,camdenliving.com,+17133542700,N/A,Fort Worth,TX,N/A,3000,876400000,65,"[""Apache"",""Drupal"",""Facebook"",""Google Analytics"",""Google Font API"",""Google Maps"",""Mixpanel"",""Select2"",""Ubuntu"",""Varnish"",""jQuery"",""jQuery UI""]",38879106,catchall,4/12/2022,c2bec3b01305d0124ff23c87f5be586f,N/A,N/A,85%,Real Estate,https://facebook.com/camdenliving,https://linkedin.com/company/camden-property-trust,https://twitter.com/camdenliving,https://instagram.com/camdenliving,https://youtube.com/user/camdentv
Tom Smith,Tom,Smith,Vice President,tsmith@smithmanus.com,Smith Manus,smithmanus.com,+18002359347,"2307 River Road Suite 200 Louisville, KY 402062307 River Road, Suite 200 Louisville, KY 40206",Louisville,KY,"=""40206""",30,3000000,6411,"[""Font Awesome"",""Google Analytics"",""Google Font API"",""Google Tag Manager"",""Material Design Lite"",""Modernizr"",""Nginx"",""Select2"",""Twitter Emoji (Twemoji)"",""WordPress"",""Yoast SEO"",""animate.css"",""jQuery"",""jQuery Migrate""]",40163401,catchall,11/16/2021,e856f9160ba1e20b6e53240f202c968e,N/A,N/A,85%,Insurance Agents: Brokers: and Service,N/A,N/A,N/A,N/A,N/A
Tom Spalding,Tom,Spalding,Com-co Vice President,tspalding@comcoinsurance.com,Com Co Insurance Agency,comcoinsurance.com,+18007661853,"2016 E Euclid Ave Mount Prospect, IL2016 E Euclid Ave Mount Prospect, IL 60056",Mount Prospect,IL,"=""60056""",5,1000000,6411,"[""Bootstrap"",""Facebook"",""FancyBox"",""Google Analytics"",""Google Tag Manager"",""Nginx"",""Plesk"",""jQuery""]",40458551,catchall,3/1/2024,7ef201a6e9172aa36e54eee6045210d6,N/A,N/A,85%,Insurance Agents: Brokers: and Service,https://facebook.com/com-co-insurance-and-real-estate-inc-128000960548492,N/A,N/A,N/A,N/A
Tom Stackpole,Tom,Stackpole,Vice President-corporate,tstackpole@ferrolux.com,Ferrolux,ferrolux.com,+17347276161,"27800 W. Jefferson Ave., Gibraltar, MI 48173",Wayne,MI,"=""48173""",N/A,0,28,"[""Bootstrap"",""Font Awesome"",""Gentoo"",""OpenResty"",""PHP"",""Twitter Emoji (Twemoji)"",""WordPress"",""Yoast SEO"",""jQuery"",""jQuery Migrate""]",40621429,catchall,1/24/2024,9c6864e03988379b4877b8b83ac74162,N/A,N/A,85%,Chemicals and Allied Products,N/A,N/A,N/A,N/A,N/A
Ty Cox,Ty,Cox,VP of Operations Oilfield,ty.cox@crimsonchemicals.com,Crimson Chemicals,crimsonchemicals.com,+18179176783,N/A,Fort Worth,TX,N/A,30,5700128,28,"[""Apache"",""Google Analytics"",""Google Font API"",""Google Tag Manager"",""PHP"",""Twitter Emoji (Twemoji)"",""WordPress"",""Yoast SEO"",""jQuery"",""jQuery Migrate""]",38033625,catchall,1/24/2024,fa18f5895c72ef3d0f97e7e914abca97,N/A,N/A,85%,Chemicals and Allied Products,https://facebook.com/crimsonchemicals,https://linkedin.com/company/crimson-chemicals-inc.,https://twitter.com/crimsonchems,N/A,N/A
John Tyler,John,Tyler,Vice President - Pape-,tyler@johndawsoninsurance.com,John Dawson,johndawsonassociates.com,+16148901660,"6025 Cleveland Ave. Columbus, OH 432316025 Cleveland Avenue Columbus, OH 43231",Columbus,OH,"=""43231""",30,5700128,64,"[""Google Analytics"",""IIS"",""Microsoft ASP.NET""]",38349527,catchall,5/3/2021,505acf55296d704d057310afe2f571ac,N/A,N/A,85%,Insurance Agents: Brokers: and Service,https://facebook.com/pages/john-dawson-associates-your-independent-insurance-people/114260988623627,N/A,N/A,N/A,N/A
Valerie Alberico,Valerie,Alberico,"Executive Vice President, Account ...",valberico@printgrc.com,Clover Imaging Group,printgrc.com,+18008429923,"5201 Blue Lagoon Drive, Suite 900 Miami, Fl 33126",Chatsworth,CA,"=""33126""",350,51480000,39,"[""Bootstrap"",""CloudFlare"",""Freshchat"",""Google Analytics"",""HubSpot"",""IIS"",""Matomo"",""PHP"",""YouTube"",""animate.css"",""jQuery""]",42938183,catchall,1/24/2024,cb090ff9773dc379b8352802f474b361,N/A,N/A,85%,Miscellaneous Manufacturing Industries,N/A,https://linkedin.com/company/clover-imaging-group,https://twitter.com/cloverimaging,N/A,https://youtube.com/channel/ucybdyjzq4zylror5xjlxfia
Vince Lifonti,Vince,Lifonti,Vice President,vince@lifontiinsurance.com,Lifonti Insurance Services Ltd630,lifontiinsurance.com,+16302688200,"2 E 22nd Street, Suite 317, Lombard, IL 60148",Lombard,IL,"=""60148""",5,1638653,6411,"[""RequireJS"",""Sentry"",""Wix""]",45847719,catchall,3/1/2024,a0bf63243b65c41d192957e189bc9333,N/A,N/A,85%,Insurance Agents: Brokers: and Service,https://facebook.com/lifontiinsurance,https://linkedin.com/company/6293113/,N/A,N/A,N/A
Vj Shah,Vj,Shah,Vice President,vj@qcirep.com,Qci,qcirep.com,N/A,N/A,San Jose,CA,N/A,350,6411000000,6411,"[""Google Analytics"",""Lotus Domino""]",37907614,catchall,5/14/2024,7ac90be7df5be36283e36dfbad017b79,N/A,N/A,85%,Insurance Agents: Brokers: and Service,N/A,N/A,N/A,N/A,N/A
Van Keppel,Van,Keppel,"Scott Almsberger: Vice-president, Director of Design and Production",vkeppel@xikar.com,Xikar,xikar.com,+18164747555,"St. Petersburg, FL",Kansas City,MO,N/A,5,3999000000,3999,"[""Drupal"",""Google Analytics"",""IIS"",""MailChimp"",""Microsoft ASP.NET"",""jQuery""]",36662744,catchall,1/24/2024,e1caeefb58b4dc4f93fb82f2596411d8,N/A,N/A,85%,Manufacturing Industries: Not Elsewhere Classified,https://facebook.com/xikarinc,N/A,https://twitter.com/xikarinc,https://instagram.com/xikar,N/A
Von Wright,Von,Wright,CIO,vwright@enasco.com,Nasco Healthcare,enasco.com,N/A,N/A,Fort Atkinson,WI,N/A,75,295000000,3999,"[""CloudFlare"",""Hammer.js"",""Hybris"",""Java"",""OWL Carousel"",""Polyfill"",""jQuery"",""jQuery UI""]",44748496,catchall,9/1/2022,c20edc802d7c4cc7b2eae0ea301ddc1f,N/A,N/A,85%,Manufacturing Industries: Not Elsewhere Classified,N/A,N/A,N/A,N/A,N/A
Wayne Brownell,Wayne,Brownell,VP Finance,wayne.brownell@pfanstiehl.com,Pfanstiehl,pfanstiehl.com,+18476239173,"1219 Glen Rock Avenue Waukegan, IL 60085-6230",Waukegan,IL,"=""60085-6230""",125,14664000,28,[],37421396,catchall,1/24/2024,28b71fbfc6632ab32d580316f09ce82e,N/A,N/A,85%,Chemicals and Allied Products,N/A,N/A,N/A,N/A,N/A
Wayne Damato,Wayne,Damato,Executive Vice President,wayne.damato@usi.biz,Usi,usi.biz,+18666570861,"100 Summit Lake Drive, Suite 400, Valhalla, NY 10595",East Greenwich,RI,"=""10595""",3000,6411000000,6411,"[""Bootstrap"",""Font Awesome"",""Google Analytics"",""Microsoft ASP.NET"",""Modernizr"",""jQuery"",""jQuery Migrate""]",43930907,catchall,10/26/2021,55e86f712a516e1000036ee2a758192c,N/A,N/A,85%,Insurance Agents: Brokers: and Service,https://facebook.com/usiins,https://linkedin.com/company/usi-insurance-services,https://twitter.com/usiins,N/A,N/A
William Hancock,William,Hancock,Vice President,whancock@bbpinellas.com,Pinellas Division,bbpinellas.com,+18887484326,N/A,Clearwater,FL,N/A,7500,6411000000,6411,"[""Nginx""]",42403324,catchall,10/26/2021,de0e53ce2779e74e9bb750c1342dc48c,N/A,N/A,85%,Insurance Agents: Brokers: and Service,N/A,N/A,N/A,N/A,N/A
William Flynn,William,Flynn,CEO,william.flynn@atlasair.com,Atlas Air Worldwide Holdings,atlasair.com,+19147018000,"6640 NW 22nd Street Miami, FL 33122",New York,NY,"=""33122""",3000,1800000000,45,[],38436728,catchall,2/9/2023,a959fe2a71bfde9e0ee3f6060da403b2,N/A,N/A,85%,Transportation By Air,https://facebook.com/atlasairworldwide,https://linkedin.com/company/atlas-air,https://twitter.com/atlasairww,N/A,N/A
William Kramer,William,Kramer,Senior Vice President - Head of Sales / Board of Directors of Starmount Life,wkramer@alwayscarebenefits.com,Alwayscare,alwayscarebenefits.com,+18888435872,"8485 Goodwood Blvd Baton Rouge, LA 70806-7878",Baton Rouge,LA,"=""70806-7878""",125,6411000000,6411,"[""YouTube"",""jQuery""]",46689697,catchall,8/18/2023,7e6546c46505acc9938e378fb0320c0f,N/A,N/A,85%,Insurance Agents: Brokers: and Service,https://facebook.com/acbenefits,N/A,https://twitter.com/acbenefits,N/A,N/A
Will Markel,Will,Markel,Executive Vice President,wmarkel@jesholdings.com,Jes Holdings,jesholdings.com,+14048412227,N/A,Columbia,MO,N/A,300,150000000,65,"[""Facebook"",""Font Awesome"",""Google Analytics"",""Google Font API"",""Gravity Forms"",""Nginx"",""Revslider"",""Segment"",""WP Engine"",""WordPress"",""jQuery"",""jQuery Migrate"",""jQuery UI"",""reCAPTCHA""]",39951538,catchall,6/21/2023,5939dca037c984669e8c276c8de980f9,N/A,N/A,85%,Real Estate,https://facebook.com/jesholdings,https://linkedin.com/company/jesholdings,https://twitter.com/jesholdings,https://instagram.com/jesholdings,N/A
Ward Ted,Ward,Ted,VP Marketing,wted@geico.com,Geico,geico.com,+18778320937,N/A,Virginia Beach,VA,N/A,5,1000000,6411,"[""Adobe DTM"",""Akamai"",""Apache"",""CloudFlare"",""Google Analytics"",""Google Tag Manager"",""Incapsula"",""Modernizr"",""jQuery""]",45733772,catchall,8/18/2023,c46e54b9c75e1c48d716be2eec3acb4b,N/A,N/A,85%,Insurance Agents: Brokers: and Service,https://facebook.com/geico,https://linkedin.com/company/geico,https://twitter.com/geico,https://instagram.com/geico,https://youtube.com/user/geico
Wilson Vice,Wilson,Vice,"Vice President, Human Resources",wvice@onlinefirstfed.com,First Federal,onlinefirstfed.com,+17409222444,"321 N. Wooster Ave. PO Box 38 Dover, OH 44622321 North Wooster Avenue Dover, Ohio 44622321 N Wooster Ave Dover Ohio, 44622",Dover,OH,"=""44622""",N/A,0,65,"[""Bootstrap"",""CloudFlare"",""Facebook"",""Google Tag Manager"",""MooTools"",""jQuery""]",39504257,catchall,6/5/2024,e7f7c208568cf102515f0131493dc53c,N/A,N/A,85%,Real Estate,https://facebook.com/pages/first-federal-community-bank/200501423301535,https://linkedin.com/company/28924,https://twitter.com/gptw_us,https://instagram.com/gptw_us,N/A
Zach Hughes Vice,Zach,Vice,Vice President of Marketing,zhughes-vice@sriservices.com,Services Include,sriservices.com,+18008009588,"8082 Bash Street Indianapolis, IN 46250",Indianapolis,IN,"=""46250""",30,6000000,65,"[""Apache"",""Google Analytics"",""Gravatar"",""Twitter Emoji (Twemoji)"",""Typekit"",""Ubuntu"",""WordPress"",""Yoast SEO"",""jQuery"",""jQuery Migrate"",""reCAPTCHA""]",43072047,catchall,8/18/2023,b15dfedf71dc9a9ffc3954711f565355,N/A,N/A,85%,Real Estate,https://facebook.com/sri.incorporated,https://linkedin.com/company/sri-incorporated,https://twitter.com/sritaxsale,N/A,N/A
Zin Lee,Zin,Lee,Vice President - Finance,zin.lee@pramericarei.com,Pramerica Real Estate Investors,pramericarei.com,N/A,N/A,Madison,NJ,N/A,750,150000000,65,"[""Bootstrap"",""DoubleClick Floodlight"",""Google Analytics"",""Modernizr"",""SiteCatalyst"",""jQuery""]",39557817,catchall,1/10/2022,944361394770b8069c52420b84ffccc6,N/A,N/A,85%,Real Estate,N/A,N/A,N/A,N/A,N/A
Zita Mulligan,Zita,Mulligan,CFO,zmulligan@eaglecopters.com,Eagle Copters,eaglecopters.com,+14032507370,823 McTavish Road NE,unknown city,unknown state,N/A,30,5700128,45,"[""RequireJS"",""Sentry"",""Wix""]",41524481,catchall,8/9/2023,dd32da1dae54bc602cdff5520348eeff,N/A,N/A,85%,Transportation By Air,https://facebook.com/eaglecopters,https://ca.linkedin.com/company/eaglecopters,N/A,https://instagram.com/eagle.copters/,N/A
