Full_Name,First_Name,Last_Name,Employee_Title,Email,Company,Website,Company_Number,Address,City,State,Zip_Code,Employee_Size,Annual_Revenue,SIC_Code,Tech_Stack,Contact_ID,Email_Validation,Date_Email_Verified,Email_MD5,Personal_linkedin,Direct_Dial,Estimated_Email_Deliverability,Industry,Facebook,LinkedIn,Twitter,Instagram,Youtube
Aaron Anderkin,Aaron,Anderkin,Executive Vice President,aaron@avolky.org,Avol Kentucky,avolky.org,+18592253000,"365 Waller Avenue Suite 100 Lexington, KY 40504365 Waller Avenue, Suite 100 Lexington, KY 40504",Lexington,KY,"=""40504""",30,1000000,8399,"[""Apache"",""Bootstrap"",""Drupal"",""Facebook"",""Font Awesome"",""Google Analytics"",""Google Font API"",""Google Tag Manager"",""OpenSSL"",""PHP"",""Twitter"",""jQuery""]",39573551,catchall,N/A,7ac2c2f2a62092564fe3b9c0ffa0c975,N/A,N/A,85%,Social Services: Not Elsewhere Classified,https://facebook.com/avolforky,N/A,https://twitter.com/avolky,N/A,N/A
Joel Benz,Joel,Benz,Vice President,abenz@waukesha.org,Waukesha,waukesha.org,+12624092620,N/A,Waukesha,WI,N/A,5,1638653,N/A,"[""Bootstrap"",""Font Awesome"",""Google Analytics"",""Google Font API"",""Lightbox"",""Modernizr"",""Pantheon"",""Slick"",""Sucuri"",""Twitter Emoji (Twemoji)"",""Varnish"",""WordPress"",""Yoast SEO"",""ZURB Foundation"",""jQuery"",""jQuery Migrate""]",36255740,catchall,N/A,7df2c48765afb5c0b66416a4b43f176e,N/A,N/A,85%,N/A,https://facebook.com/wcbizalliance,N/A,https://twitter.com/wcbizalliance,N/A,https://youtube.com/user/wcbizalliance
Amy Cornell,Amy,Cornell,Vice President,acornell@bosepublicaffairs.com,Bose Public Affairs Group,bosepublicaffairs.com,+13176845491,(enter from Pennsylvania Street). Parking also is available in the Regions Building and across Pennsylvania Street in the BMO Harris Building. Meter parking also is available on the streets of downtow,Indianapolis,IN,"=""46204""",75,2200000,N/A,"[""Flywheel"",""Font Awesome"",""Google Tag Manager"",""Lightbox"",""Modernizr"",""TrackJs"",""Twitter Emoji (Twemoji)"",""Typekit"",""WordPress"",""Yoast SEO"",""jQuery"",""jQuery Migrate""]",44608837,catchall,N/A,49d2e1d6aed75a26d9fe87418adc899f,N/A,N/A,85%,N/A,N/A,https://linkedin.com/company/bose-public-affairs-group,https://twitter.com/bosepag,https://instagram.com/bosepublicaffairsgroup,https://youtube.com/channel/ucuzjyozjltklhoo7_wee8yw
Adam Mosseri,Adam,Mosseri,"Vp, Product Management",adam@AbundanceInternational.org,Facebook,AbundanceInternational.org,N/A,"1601 Willow Road Menlo Park, CA 94025",Anaheim,CA,"=""94025""",5,1638653,839998,[],42985823,catchall,N/A,46f7d4aeed39032aca6c348974cfd3ba,N/A,N/A,85%,Social Services: Not Elsewhere Classified,https://facebook.com/settings,N/A,N/A,N/A,N/A
Adrian Janssens,Adrian,Janssens,"Vp, Operations",adrian@mutesix.com,Mutesix,mutesix.com,N/A,N/A,Los Angeles,CA,N/A,75,2500000,N/A,"[""CloudFlare"",""Facebook"",""Google AdSense"",""Google Analytics"",""Google Tag Manager"",""HubSpot"",""Matomo"",""React"",""Typekit"",""jQuery""]",43202440,catchall,N/A,6a72ed53942f979a70bf07253a248f84,N/A,N/A,85%,N/A,N/A,N/A,N/A,N/A,N/A
Anne Hargrave,Anne,Hargrave,Vice President,ahargrave@christies.com,Christie's,christies.com,+12126362000,N/A,Chicago,IL,N/A,5,1638653,6512,[],41669896,catchall,N/A,3d0ff356d2118ddb9518bb5650a31b4f,N/A,N/A,85%,Operators of Nonresidential Buildings,N/A,N/A,N/A,N/A,N/A
Ahmed Hegazy,Ahmed,Hegazy,Executive Vice President,ahmed.hegazy@eihab.org,Eihab,eihab.org,+15703195733,"723 South State Street Clarks Summit, PA 18411",Brooklyn,NY,"=""18411""",5,1638653,83,"[""Apache"",""Concrete5"",""Font Awesome"",""Google Analytics"",""Google Font API"",""Google Tag Manager"",""jQuery""]",38588130,catchall,N/A,1660471f680d62b26e807ac64bd2a9a2,N/A,N/A,85%,Social Services,https://facebook.com/eihabhs,N/A,N/A,N/A,https://youtube.com/channel/ucivawo9rwfrrvrsmyx0j5gw
Ainslee Lamb,Ainslee,Lamb,Vice President of Field Hockey,ainslee@threestep.com,Step Sports,threestep.com,N/A,N/A,Stoneham,MA,N/A,5,1638653,794,"[""Apache"",""Bootstrap"",""Font Awesome"",""Google Analytics"",""Google Font API"",""Google Tag Manager"",""MailChimp"",""Ubuntu"",""jQuery""]",39520339,catchall,N/A,4502291540d91f0902a810e89baa081d,N/A,N/A,85%,Commercial Sports,https://facebook.com/3stepsports,N/A,https://twitter.com/3stepsports,https://instagram.com/3stepsports,N/A
Alex Kiepert,Alex,Kiepert,Executive Vice President of the Student ...,alex@ilprincipals.org,Principals,ilprincipals.org,+16308445626,"2940 Baker Drive Springfield, IL 62703",Springfield,IL,"=""62703""",30,4000000,8621,"[""Font Awesome"",""Google Analytics"",""Google Font API"",""Google Tag Manager"",""Liquid Web"",""Nginx"",""Twitter"",""Twitter Emoji (Twemoji)"",""WordPress"",""Yoast SEO"",""YouTube"",""jQuery"",""jQuery Migrate""]",42824798,catchall,N/A,80193066659e1510677d2ac1c5c5e786,N/A,N/A,85%,Professional Membership Organizations,https://facebook.com/ilprincipals,N/A,https://twitter.com/ilprincipals,N/A,https://youtube.com/channel/ucrs_ei-q97ridmb49o4rhca
Alicia Hansen,Alicia,Hansen,Assistant VP of Internal Operations,alicia@prodigypro.net,Prodigy Property,prodigypro.net,+15092024400,N/A,unknown city,unknown state,N/A,5,1638653,N/A,"[""Font Awesome"",""Google Analytics"",""Google Font API"",""Google Tag Manager"",""MediaElement.js"",""Modernizr"",""Revslider"",""Twitter Emoji (Twemoji)"",""WordPress"",""Yoast SEO"",""jQuery"",""jQuery Migrate"",""jQuery UI""]",43955837,catchall,N/A,e4ff0941214c459807c4bfc738c35e56,N/A,N/A,85%,N/A,https://facebook.com/prodigypropertymgmt,https://linkedin.com/company/prodigy-property-management-llc,N/A,N/A,N/A
Ali Ahmed,Ali,Ahmed,CTO &amp; VP Engineering,ali@doctella.com,Masimo,doctella.com,+18000990593,"P.O. Box 4288, Postal Code: 11491. Riyadh,",unknown city,unknown state,N/A,5,1638653,N/A,"[""Bootstrap"",""FancyBox"",""Font Awesome"",""Google Analytics"",""Google Font API"",""Google Tag Manager"",""IIS"",""Lodash"",""Microsoft ASP.NET"",""Pardot"",""jQuery""]",38428592,catchall,N/A,a28f8ecad23ba81ba5d92954b7598713,N/A,N/A,85%,N/A,https://facebook.com/masimoinnovates,https://linkedin.com/company/masimo-corporation,https://twitter.com/masimoinnovates,N/A,N/A
Alison Scott Wingate Hosp,Alison,Hosp,Vice President,alison@alabamaretail.org,Alabama Retail,alabamaretail.org,+13342630661,"7265 Halcyon Summit Drive, Montgomery, Alabama 36117",Montgomery,AL,"=""36117""",5,1000000,8611,"[""Google Font API"",""Google Tag Manager"",""Nginx"",""Typekit"",""WordPress"",""Yoast SEO"",""jQuery"",""jQuery Migrate""]",46662594,catchall,N/A,6001016ea98d274de2a7058d1b0faff8,N/A,N/A,85%,Business Associations,https://facebook.com/alabamaretail,https://linkedin.com/company/3537180,https://twitter.com/alabamaretail,N/A,N/A
Amanda Waltz,Amanda,Waltz,Vice President of Sales & Acquisitions,amanda@domainadvisors.com,Domainadvisors,domainadvisors.com,+15086899569,N/A,unknown city,unknown state,N/A,5,1638653,N/A,"[""AddThis"",""Apache"",""Bootstrap"",""DataTables"",""Facebook"",""Font Awesome"",""FreeBSD"",""Google Analytics"",""MailChimp"",""Optimizely"",""Slick"",""Twitter"",""jQuery""]",45599440,catchall,N/A,cf9e1314bd6644e929dadc1e67deb082,N/A,N/A,85%,N/A,https://facebook.com/igloocom,https://linkedin.com/company/3150874,https://twitter.com/igloo,https://instagram.com/igloocom,N/A
Amanda Sleek,Amanda,Sleek,Vice President,amanda@madisonworks.com,Madison Human Svc Dept,madisonworks.com,+18002471442,N/A,London,OH,N/A,5,1638653,923,"[""Azure"",""Font Awesome"",""Google Analytics"",""Google Tag Manager"",""IIS"",""Microsoft ASP.NET"",""Typekit"",""jQuery""]",40560239,catchall,N/A,d64cdb3d7d1b24ae8b88633a2af861d8,N/A,N/A,85%,N/A,https://facebook.com/madisonsdworks,N/A,https://twitter.com/madisonsdworks,N/A,https://youtube.com/channel/ucet6tnjnndi2v3zt8rb5kfg
Adrienne Mims,Adrienne,Mims,"Vice President, Chief Medical Officer, Medicare Quality Improvement, Alliant Quality",amims@ahqa.org,Ahqaahqa,ahqa.org,+12023315790,"1776 I Street, NW, 9th Floor | Washington, DC 20006",Washington,DC,"=""20006""",30,1000000,8621,[],40962579,catchall,N/A,73b5162a73aab170d986abba76588ba6,N/A,N/A,85%,Professional Membership Organizations,https://facebook.com/ahqa.org,N/A,https://twitter.com/ahqa,N/A,N/A
Amy Cowart,Amy,Cowart,COO,amy.cowart@cgstrategy.com,Cg Strategy Is,cgstrategy.com,+17035277001,"1501 Wilson Boulevard, Suite 1050 Arlington, VA 22209",unknown city,unknown state,"=""22209""",5,1638653,N/A,"[""Apache"",""Google Analytics"",""Google Font API"",""Modernizr"",""OWL Carousel"",""Underscore.js"",""W3 Total Cache"",""WordPress"",""Yoast SEO"",""animate.css"",""jQuery"",""jQuery Migrate"",""prettyPhoto""]",39741425,catchall,N/A,215895a6f1b42f8e46b66cb5bd563870,N/A,N/A,85%,N/A,https://facebook.com/cgstrategydc,https://linkedin.com/company/coray-gurnitz-consulting,https://twitter.com/cgstrategydc,N/A,N/A
Amy V,Amy,V,Associate Director of Operations,amy@familyfirstloan.com,Family First,familyfirstloan.com,+13373804738,"Scott, Breaux Bridge, St. Martinville, New Iberia, Lake Charles, Dallas,TX and many more surrounding areas.",Lafayette,LA,N/A,30,1000000,6211,"[""Apache"",""CentOS"",""Font Awesome"",""Google Analytics"",""Google Font API"",""Google Tag Manager"",""Lightbox"",""PHP"",""WordPress"",""Yoast SEO"",""animate.css"",""jQuery"",""jQuery Migrate"",""jQuery UI""]",45032658,catchall,N/A,0bb66f3d2e215655152f57f2ae02dbb7,N/A,N/A,85%,Security Brokers: Dealers: and Flotation Companies,https://facebook.com/ffmofficialpage,N/A,N/A,N/A,N/A
Andrea Milliorn,Andrea,Milliorn,Chief Operating Officer,andrea.milliorn@cgcompliance.com,Compliance Enables,ssae16professionals.com,+18664809485,"8502 E. Chapman Avenue Suite 301 Orange, CA 92869",unknown city,unknown state,"=""92869""",5,1638653,872,"[""AddThis"",""CloudFlare"",""Google Tag Manager"",""HubSpot"",""Slick"",""jQuery""]",41966366,catchall,N/A,2b3bd29d7b9b5629ec16e664332a660e,N/A,N/A,85%,Accounting: Auditing: and Bookkeeping Services,https://facebook.com/cyberguard-compliance-llp-474563736263797,https://linkedin.com/company/cyberguardcompliance,https://twitter.com/cybrgrdco,N/A,N/A
Andrew Hammond,Andrew,Hammond,Vice President Business Development,andrew@hammondmanagement.com,Hammond Property Management,hammondmanagement.com,+18189980546,"21053 Devonshire St. #202 Chatsworth, CA 91311",Chatsworth,GA,"=""91311""",N/A,2000000,80,"[""Font Awesome"",""Google Analytics"",""Google Font API"",""Modernizr"",""Nginx"",""YouTube"",""ZURB Foundation"",""jQuery"",""parcel""]",45097401,catchall,N/A,f31fab241453ee2be19350dcfc57f349,N/A,N/A,85%,Health Services,https://facebook.com/hammondmanagement,https://linkedin.com/company/hammond-hammond-inc,https://twitter.com/hammond_pm,N/A,N/A
Andy Slater,Andy,Slater,"Regional Vice President of Sales, East ...",andy@midroll.com,Midroll,themidroll.com,+18006250806,N/A,unknown city,unknown state,N/A,5,1638653,N/A,"[""AdRoll"",""AddThis"",""Apache"",""FancyBox"",""Google Analytics"",""MediaElement.js"",""Modernizr"",""PHP"",""Twitter Emoji (Twemoji)"",""Underscore.js"",""WordPress"",""Yoast SEO"",""jQuery"",""jQuery UI""]",41071694,catchall,N/A,a1c02482cd230d038f2f2b7cad800c6d,N/A,N/A,85%,N/A,https://facebook.com/midroll,https://linkedin.com/company/midroll-media,https://twitter.com/midroll,N/A,N/A
Andy Hawley,Andy,Hawley,VP of Operations,andy@myntsystems.com,Mynt Systems,myntsystems.com,+14086080307,"111 Mission Street Santa Cruz, CA 95060 USA",unknown city,unknown state,N/A,5,1638653,N/A,"[""Apache"",""Bootstrap"",""Font Awesome"",""Google Analytics"",""Google Font API"",""OWL Carousel"",""PHP"",""Revslider"",""Twitter Emoji (Twemoji)"",""WordPress"",""animate.css"",""jQuery"",""jQuery Migrate""]",41883850,catchall,N/A,fb408136bb395b19c6efa419c34106ac,N/A,N/A,85%,N/A,https://facebook.com/myntsystems,https://linkedin.com/company/mynt-systems,https://twitter.com/myntsystems,N/A,https://youtube.com/channel/uctfiinoovaoofprb-qcbzhw
Andy Crowder,Andy,Crowder,Senior Vice President Chief,andy@rohanengineeringpc.com,Engineering,rohanengineeringpc.com,+19177768375,N/A,Merrick,NY,N/A,5,1638653,N/A,"[""AddThis"",""Google Analytics"",""IIS"",""Microsoft ASP.NET"",""New Relic"",""TinyMCE"",""jQuery"",""jQuery UI""]",43588948,catchall,N/A,b24e1d30778bbc0eb89235ffba749a25,N/A,N/A,85%,N/A,N/A,N/A,N/A,N/A,N/A
Asaf Dan,Asaf,Dan,COO,asaf@anyclip.com,Anyclip,anyclip.com,+16174483028,N/A,unknown city,unknown state,N/A,300,7000000,N/A,"[""Apache"",""Facebook"",""Font Awesome"",""Google Analytics"",""Google Font API"",""Google Tag Manager"",""Pardot"",""Slick"",""Ubuntu"",""WordPress"",""Yoast SEO"",""jQuery"",""reCAPTCHA""]",41344957,catchall,N/A,30fb3cb0684aa7ef3e12a31ab034f96b,N/A,N/A,85%,N/A,https://facebook.com/anyclipmedia,https://linkedin.com/company/anyclip,https://twitter.com/anyclip,https://instagram.com/anyclip_inc,N/A
Safdar Shah,Safdar,Shah,"Vice President, Business Administration ...",ashah@theiris.org,Iris,theiris.org,+18002896605,"Agency : The Iris Network, 189 Park Avenue, Portland, ME.189 Park Avenue Portland ME 04102189 Park Avenue Portland, Maine 04102Directions to The Iris Network headquarters, 189 Park Avenue, Portland ME",Portland,ME,"=""04102""",30,3000000,8322,"[""Apache"",""Google Analytics"",""PHP"",""ShareThis"",""YouTube"",""jQuery""]",45930916,catchall,N/A,2e4647061eb736cdc1211d15b88ebe23,N/A,N/A,85%,Individual and Family Social Services,https://facebook.com/pages/the-iris-network/147078031982421,N/A,N/A,N/A,https://youtube.com/user/theirisnetwork
Tony Weaver,Tony,Weaver,"Vice President, Housing Programs",aweaver@stanneba.org,St Anne,stanneba.org,+19182518719,"301 South 9th Street Broken Arrow, OK 74012299 South Ninth Street Broken Arrow, OK 74012St Anne Catholic Church | Broken Arrow, OK > Home",Broken Arrow,OK,N/A,5,1638653,839998,"[""Bootstrap"",""DNN"",""Facebook"",""FancyBox"",""IIS"",""Microsoft ASP.NET"",""jQuery"",""jQuery Migrate"",""jQuery UI""]",45632941,catchall,N/A,204c678378001b448493901bdb1cbd8d,N/A,N/A,85%,Social Services: Not Elsewhere Classified,https://facebook.com/stanneba,N/A,N/A,N/A,N/A
Courtney Baker,Courtney,Baker,Director of Strategic Operations and ...,baker@aicup.org,Association Of Independent,aicup.org,+17172328649,N/A,Harrisburg,PA,N/A,5,1638653,86,"[""Bootstrap"",""DNN"",""Google Analytics"",""Google Tag Manager"",""Microsoft ASP.NET"",""jQuery"",""jQuery UI""]",44192124,catchall,N/A,5a3f8d346b68b8f002375d97ef056755,N/A,N/A,85%,Membership Organizations,https://facebook.com/aicup1,N/A,https://twitter.com/aicup,N/A,N/A
Barbara Balinski,Barbara,Balinski,Vice President of Engineering,barb@sunsafetyinc.com,Sun Safety,sunsafetyinc.com,+16367349242,Missouri (St. Louis Region) Wisconsin,Carrollton,TX,N/A,5,1638653,9999,"[""Immutable.js"",""Lodash"",""Polyfill"",""React""]",42071367,catchall,N/A,e680ed0f7f9bed162adc97eb01ce45cb,N/A,N/A,85%,Nonclassifiable Establishments,N/A,N/A,N/A,N/A,N/A
Matthew Barfield Work,Matthew,Work,Vice President of Field ...,barfield@ipmworld.org,Ipm,ipmworld.org,+17176377388,"100 Spring Ave Hanover, PA 17331-2717100 Spring Ave. Hanover, PA 17331-2717100 SpringAve. Hanover, PA 17331-2717",Hanover,PA,"=""17331-2717""",5,3000000,8699,"[""Apache"",""Google Analytics"",""MediaElement.js"",""Mustache"",""VideoJS"",""Weebly"",""jQuery""]",36233343,catchall,N/A,6b15c44efa7929b7054fd0fa66a30730,N/A,N/A,85%,Membership Organizations: Not Elsewhere Classified,N/A,N/A,N/A,N/A,N/A
Basudev Chakraborty,Basudev,Chakraborty,COO,basudev.chakraborty@thinksolutions.net,Thinksolutions,thinksolutions.net,N/A,N/A,unknown city,unknown state,N/A,5,1638653,N/A,"[""Bootstrap"",""FancyBox"",""Font Awesome"",""Gentoo"",""Google Analytics"",""Google Font API"",""OpenResty"",""PHP"",""Revslider"",""Twitter Emoji (Twemoji)"",""WordPress"",""animate.css"",""jQuery"",""jQuery Migrate"",""prettyPhoto""]",36920573,catchall,N/A,0789b969c40e2514017cf61e9c7ff0a0,N/A,N/A,85%,N/A,N/A,https://linkedin.com/company/986541,https://twitter.com/thinksourcing,N/A,N/A
Bryan Crane,Bryan,Crane,VP of Operations,bcrane@sumofiber.com,Sumo Fiber,sumofiber.com,+18013201001,N/A,Salt Lake City,UT,N/A,5,1638653,N/A,"[""CloudFlare"",""Crazy Egg"",""Elementor"",""Google Font API"",""Intercom"",""Nginx"",""Twitter Emoji (Twemoji)"",""WordPress"",""Yoast SEO"",""jQuery"",""jQuery Migrate""]",37692981,catchall,N/A,54e0ae942c3cf57d0f60ab1f530280d3,N/A,N/A,85%,N/A,https://facebook.com/sumofiber,N/A,https://twitter.com/sumofiber,N/A,N/A
Becca Upham,Becca,Upham,Senior Vice President,becca@insidecrosspointe.com,Crosspointe Church,insidecrosspointe.com,+17066170100,N/A,Columbus,GA,N/A,5,1638653,866,"[""Google Analytics"",""Nginx"",""PHP"",""Slick"",""SoundManager"",""TrackJs"",""jQuery""]",44244418,catchall,N/A,7467f435fa106a4619c6cfe3a484275b,N/A,N/A,85%,Religious Organizations,https://facebook.com/crosspointechurch,N/A,N/A,N/A,N/A
Ben Eastwood,Ben,Eastwood,Vice President and Associate General ...,ben@eastwoodbc.org,Eastwood,eastwoodbc.org,+18008767958,"500 Eastwood Avenue Bowling Green, KY 421039444 Scottsville Rd Bowling Green, KY 42104",Bowling Green,KY,"=""42104""",5,1000000,8661,"[""Backbone.js"",""Google Analytics"",""Google Font API"",""Google Tag Manager"",""Marionette.js"",""Moment.js"",""Nginx"",""YouTube"",""jQuery"",""jQuery UI"",""reCAPTCHA""]",44433609,catchall,N/A,759ccdad4a02a28944d00aaa15f8dbfc,N/A,N/A,85%,Religious Organizations,https://facebook.com/eastwoodbc,N/A,https://twitter.com/ebc_tweets,https://instagram.com/jmac11280,N/A
Ben Montgomery,Ben,Montgomery,Vice President,ben.montgomery@baseballnationtx.com,Baseball Nation,baseballnationtx.com,+12144556227,"1210 W Scyene Rd Ste A Mesquite, Tx 75149403 S Galloway Ave Mesquite, TX 751493900 N Galloway Ave Mesquite, TX 751501005 New Market Road Mesquite, Texas 751491410 Wooded Lake Drive Mesquite TX, 751501",Mesquite,TX,"=""75149""",N/A,4200000,N/A,"[""AddThis"",""Google Analytics"",""Google Font API"",""Nginx"",""PHP"",""Plesk"",""WordPress"",""Yoast SEO"",""YouTube"",""jQuery"",""jQuery Migrate""]",42045368,catchall,N/A,caa0b41be882b92afa8693313ae8ef13,N/A,N/A,85%,N/A,https://facebook.com/pages/baseball-nation/164325706931482,N/A,https://twitter.com/bbnation_tx,https://instagram.com/baseballnation_tx,N/A
Ben Ponder,Ben,Ponder,Founder &amp; CEO,ben@ponder.co,Ponder,ponder.co,+18003217511,N/A,unknown city,unknown state,N/A,5,1638653,N/A,"[""Amazon ELB"",""Backbone.js"",""D3"",""Facebook"",""Google Analytics"",""Handlebars"",""New Relic"",""Nginx"",""Twitter"",""jQuery""]",39544613,catchall,N/A,8a790c0379c2158d79026f7441b6b997,N/A,N/A,85%,N/A,N/A,https://linkedin.com/in/alexanderselkirk,https://twitter.com/ponderlabsinc,N/A,N/A
Bernie Beck Jr,Bernie,Jr,Partner &amp; Chief Operating Officer ...,bernie@dramaticconclusions.com,Dramatic Conclusions,dramaticconclusions.com,+12147185187,N/A,unknown city,unknown state,N/A,5,1638653,8742,"[""Facebook"",""Google Analytics"",""Nginx"",""PHP"",""YouTube"",""jQuery"",""jQuery UI""]",41520252,catchall,N/A,77f31b46d31b9acc66e1d531e09e3337,N/A,N/A,85%,Management Consulting Services,https://facebook.com/dramaticconclusions.pamboyd,https://linkedin.com/company/dramatic-conclusions,https://twitter.com/pamgboyd,N/A,N/A
Betsy Schuster,Betsy,Schuster,Vice President of Program Development,betsy@helplinecenter.org,Helpline Center 1000 N,helplinecenter.org,+18002738255,"1000 N. West Ave, Suite 310, Sioux Falls, SD 57104-1314",Sioux Falls,SD,"=""57104-1314""",30,2000000,8699,"[""Apache"",""FancyBox"",""Google Analytics"",""NextGEN Gallery"",""PHP"",""Twitter Emoji (Twemoji)"",""WordPress"",""jQuery"",""jQuery Migrate"",""jQuery UI""]",38125525,catchall,N/A,fad250270bb5c721d5c2f622c12fbc40,N/A,N/A,85%,Membership Organizations: Not Elsewhere Classified,N/A,N/A,https://twitter.com/helplinecenter,https://instagram.com/helplinecenter,N/A
Betsy Hope,Betsy,Hope,"Vice President, Branch Manager",betsy@hope-pc.org,Hope,hope-pc.org,+16128612720,"7132 Portland Avenue South Richfield, MN 55423",Minneapolis,MN,"=""55423""",30,2000000,8661,"[""Apache"",""Font Awesome"",""Google Font API"",""MediaElement.js"",""Modernizr"",""PHP"",""Revslider"",""TweenMax"",""Twitter Emoji (Twemoji)"",""Typekit"",""WordPress"",""jQuery"",""jQuery Migrate"",""jQuery UI""]",36728375,catchall,N/A,b0edc614b356d79a66e537a5d9f456d4,N/A,N/A,85%,Religious Organizations,https://facebook.com/hopechurchrichfield,N/A,N/A,N/A,https://youtube.com/channel/ucrr9fkrpw3en9j3ti-v4hxa/live
Bill Smith,Bill,Smith,President and CEO | Cmmi Instructor | Cmmi,bill@cmmitraining.com,Cmmitraining.comleading Edge Process Consultants,cmmitraining.com,+18662642664,"11160-C1 South Lakes Drive, #166 Reston, VA 20191",unknown city,unknown state,"=""20191""",5,1638653,N/A,"[""Google Font API"",""Polyfill"",""RequireJS"",""Sentry"",""Wix""]",43452335,catchall,N/A,95741aaad6498bced3ce836141eed3f7,N/A,N/A,85%,N/A,https://facebook.com/leadingedgeprocess,https://linkedin.com/in/billsmithleadingedge,https://twitter.com/cmmirox,N/A,N/A
Betty Morgan,Betty,Morgan,Vice President For Business Development,bmorgan@valdostachamber.com,Chamber,valdostachamber.com,+12292472828,"416 North Ashley Street Valdosta, GA 31601",unknown city,unknown state,"=""31601""",5,1638653,8611,"[""Apache"",""FancyBox"",""Google Analytics"",""Google Font API"",""Hammer.js"",""MediaElement.js"",""Mustache"",""Weebly"",""jQuery"",""scrollreveal""]",43225743,catchall,N/A,57423e42a264d6b638fe5db717f1edb1,N/A,N/A,85%,Business Associations,https://facebook.com/vlcchamber,https://linkedin.com/company/valdosta-lowndes-county-chamber-of-commerce/vcc-sbs1/users/wstanley/my%20documents/act,https://twitter.com/vlcchamber,N/A,https://youtube.com/user/vlcchamber1
Brandon Haan,Brandon,Haan,"Vp, Client Strategy &amp; Planning",brandon.haan@ruf.org,Ruf,ruf.org,+16788251070,N/A,Lawrenceville,GA,N/A,300,1000000,8661,"[""CodeIgniter"",""ExpressionEngine"",""Facebook"",""Google Analytics"",""Nginx"",""PHP"",""Plesk"",""jQuery""]",41873180,catchall,N/A,0832f745eef0d24e5853b354811352da,N/A,N/A,85%,Religious Organizations,https://facebook.com/rufnational,N/A,https://twitter.com/rufnational,https://instagram.com/rufnational,N/A
Brenda Clark,Brenda,Clark,VP Operations,brenda.clark@dynamiccaptioning.com,Dynamic Servicesrealtime Captioning Offline Captioning Ip/web Captioning,dynamiccaptioning.com,+16168020181,"4650 Breton Court SE Grand Rapids, MI 495084650 Breton Court SE Grand Rapids MI 49508",Grand Rapids,MI,"=""49508""",5,1638653,7812,"[""Apache"",""Font Awesome"",""Google Font API"",""Twitter Emoji (Twemoji)"",""WordPress"",""Yoast SEO"",""animate.css"",""jQuery"",""jQuery Migrate""]",36772450,catchall,N/A,6e1c2ef1dd851791ceb7a3a0e3666b14,N/A,N/A,85%,Motion Picture and Video Tape Production,N/A,N/A,N/A,N/A,N/A
Brian Rudy,Brian,Rudy,Executive VP,brian@rudyinc.com,Rudy,rudyinc.com,+19374732066,"200 Hazel Street Covington,OH 45318",Wyndmere,ND,"=""45318""",5,1638653,59,"[""RequireJS"",""Sentry"",""Wix""]",39322346,catchall,N/A,4d8c0165b9be9f4c724be8e38f2bceb9,N/A,N/A,85%,Miscellaneous Retail,N/A,N/A,N/A,N/A,N/A
Sean Brian,Sean,Brian,Vice President,brian@spi-tv.com,Silhouette Productions,spi-tv.com,+17735838383,"Suite 204 Chicago, IL 60646",Chicago,IL,"=""60646""",5,1638653,7819,"[""Apache"",""PHP"",""Twitter"",""Twitter Emoji (Twemoji)"",""WordPress"",""jQuery"",""jQuery Migrate"",""jQuery UI""]",39721076,catchall,N/A,7fad8d69104a89bbc81c0c20cf42bff4,N/A,N/A,85%,Services Allied To Motion Picture Production,https://facebook.com/spitvonline,https://linkedin.com/in/rogeliogazga,https://twitter.com/spi_tv_media,N/A,https://youtube.com/user/aspiguy
Rob Richardson,Rob,Richardson,Vice President &amp; Trust Officer ...,brichardson@fumcbirmingham.org,Birmingham First,fumcbirmingham.org,+12488161884,"1589 W Maple Rd Birmingham, MI 480091589 W. Maple Rd. Birmingham, MI 48009",Birmingham,MI,"=""48009""",30,3000000,8661,"[""AddToAny"",""CloudFlare"",""Facebook"",""Google Analytics"",""Google Font API"",""LiteSpeed"",""MediaElement.js"",""PHP"",""Revslider"",""WordPress"",""jQuery"",""jQuery Migrate""]",44121868,catchall,N/A,d08df692614bf4dbf18a18c19b1a5ac2,N/A,N/A,85%,Religious Organizations,https://facebook.com/birminghamfirst,N/A,https://twitter.com/birminghamfumc,https://instagram.com/birminghamfirst,https://youtube.com/user/firstumcbirmingham
Bruce Friedman,Bruce,Friedman,Chief Operating Officer & General Counsel,bruce.friedman@visionproteam.com,Visionpro,visionproteam.com,+13134202001,"3031 West Grand Blvd., Suite 600 Detroit, MI 48202",unknown city,unknown state,"=""48202""",75,9500213,736,[],45028271,catchall,N/A,ae77dac2dc0ff848be33046ca8c31eaa,N/A,N/A,85%,Personnel Supply Services,https://facebook.com/visionproteam,https://linkedin.com/company/visionpro-team,https://twitter.com/visionpro_team,N/A,https://youtube.com/user/visionitglobal
Bryan Stevenson,Bryan,Stevenson,"Vice President, Business Development",bryan.stevenson@qverity.com,Qverity,qverity.com,+12526702831,N/A,unknown city,unknown state,N/A,5,1638653,N/A,"[""Google Analytics"",""Squarespace"",""Typekit"",""YUI"",""jQuery"",""webpack""]",43872127,catchall,N/A,18175d7900549cc7ea345ab7d75e5406,N/A,N/A,85%,N/A,N/A,N/A,https://twitter.com/olivianuzzi,N/A,N/A
Mike Burgess,Mike,Burgess,General Manager/vp - Kob,burgess@tvguide.com,Tv Guide,tvguide.com,N/A,N/A,Bell,CA,N/A,30,1000000,8361,"[""Chartbeat"",""CloudFlare"",""Criteo"",""Google Tag Manager"",""Java"",""New Relic"",""Prebid"",""Tealium"",""jQuery""]",42005790,catchall,N/A,4f48eeba79ce4a5a00f4d26d077386c4,N/A,N/A,85%,Residential Care,https://facebook.com/tvguide,N/A,https://twitter.com/tvguide,https://instagram.com/tvguide,N/A
Brad Ward,Brad,Ward,"Vp, Global Supply Chain",bward@ashland.edu,Ashland,ashland.edu,+14192895904,"401 College Ave, Ashland Ohio, 44805401 College Ave Ashland, OH 44805401 College Avenue, Ashland, OH 44805. 419.289.4142, 800.882.1548.",Ashland,OH,N/A,5,1638653,8299,"[""Acquia Cloud"",""AppNexus"",""Drupal"",""Facebook"",""Font Awesome"",""Google Analytics"",""Hammer.js"",""Nginx"",""PHP"",""Varnish"",""jQuery"",""jQuery UI""]",46077859,catchall,N/A,3234643353e70d1c6c8ef7372e913c04,N/A,N/A,85%,Schools and Educational Services: Not Elsewhere Classified,https://facebook.com/ashlanduniversity,https://linkedin.com/company/ashland-university,https://twitter.com/ashland_univ,https://instagram.com/ashland_university,https://youtube.com/user/ashlandedu
Byron Braun,Byron,Braun,COO,byron.braun@cloudandwire.com,Cloud & Wire,cloudandwire.com,+18447444541,"375 Parkway 575 Suite 120 Woodstock, GA 30188",Cheyenne,WY,"=""30188""",5,1638653,481,[],40639704,catchall,N/A,f9eece3f5672f55266a0e9f77de695ab,N/A,N/A,85%,Telephone Communications,https://facebook.com/cloudandwire,https://linkedin.com/in/roberthootselle,https://twitter.com/cloudandwire,https://instagram.com/cloudandwire,https://youtube.com/channel/uctfru5shxwcoaltkl0xklsq
Callie Hicks Vice,Callie,Vice,"Callie Hicks, Vice President",callie@limousinworld.com,Nalf,limousinworld.com,+16053100791,"to:NALF, 6 Inverness Court East, Suite 260 Englewood, CO 80112-5595",Guthrie,OK,"=""80112-5595""",N/A,2572470,62,"[""Apache"",""Bootstrap"",""Font Awesome"",""Google Analytics"",""MailChimp"",""OWL Carousel"",""Plesk"",""WordPress"",""YouTube"",""jQuery""]",43978163,catchall,N/A,17891c007209b16816ca917848f62a41,N/A,N/A,85%,Security and Commodity Brokers: Dealers: Exchanges: and Services,https://facebook.com/northamericanlimousin,N/A,https://twitter.com/limousincattle,N/A,https://youtube.com/channel/ucuau1qfefjigmxc5axsh7oa
Cam Smith,Cam,Smith,"Vice President, Global Strategic Sourcing",cam.smith@ruf.org,Ruf,ruf.org,+16788251070,N/A,Lawrenceville,GA,N/A,300,1000000,8661,"[""CodeIgniter"",""ExpressionEngine"",""Facebook"",""Google Analytics"",""Nginx"",""PHP"",""Plesk"",""jQuery""]",41873168,catchall,N/A,2c58f1711066215a6ac4197e7f25ee9f,N/A,N/A,85%,Religious Organizations,https://facebook.com/rufnational,N/A,https://twitter.com/rufnational,https://instagram.com/rufnational,N/A
Carla Barr,Carla,Barr,Executive Vice President of Compliance &amp Quality Management,carla.barr@kyumh.org,Averitt Cottage,kyumh.org,+12706833723,"1115 Ashgrove Road Nicholasville, KY 40356",Versailles,KY,"=""40356""",5,4000000,8361,"[""Google Font API"",""OpenResty"",""Typekit"",""Varnish"",""Webflow"",""jQuery""]",43854179,catchall,N/A,1f8ac5fe50071334ef3fd6b21b24cf0d,N/A,N/A,85%,Residential Care,https://facebook.com/kyumh,N/A,https://twitter.com/kyumhcy,https://instagram.com/kymethodistchildrenshomes,https://youtube.com/channel/ucsc-patew-wnygcmqiu2pra
Cathy Roberts,Cathy,Roberts,"Vp, Banking Center Manager Ii",cathy.roberts@oakwoodnb.com,Oakwoodnb,oakwoodbaptist.org,+18306251151,N/A,New Braunfels,TX,N/A,30,1000000,8661,"[""AddThis"",""Apache"",""Google Analytics"",""Modernizr"",""PHP"",""Typekit"",""jQuery""]",39921445,catchall,N/A,8cc7c333022063e9eb99c10427c1b021,N/A,N/A,85%,Religious Organizations,https://facebook.com/oakwoodnb,N/A,https://twitter.com/erasedslate,https://instagram.com/oakwoodnb,N/A
Kelly Flannery South,Kelly,South,CEO,ceo@southtampachamber.org,Facp,facponline.com,+19419552508,N/A,unknown city,unknown state,N/A,5,1638653,N/A,"[""Apache"",""CloudFlare"",""FancyBox"",""Google Analytics"",""Google Font API"",""Google Tag Manager"",""Hammer.js"",""MediaElement.js"",""Microsoft ASP.NET"",""Mustache"",""Weebly"",""jQuery""]",39037932,catchall,N/A,2f42930d047ac635ec0a776961baa764,N/A,N/A,85%,N/A,N/A,N/A,N/A,N/A,N/A
Cesar Ramirez,Cesar,Ramirez,Vice President,cesar@kidsfirstef.org,Kids First,kids1stef.org,+18009959814,"101 Lincoln Avenue Daly City, CA 94015",unknown city,unknown state,"=""94015""",5,1638653,839998,[],43679167,catchall,N/A,d8b52ffd6c10971923ef7a75cc086792,N/A,N/A,85%,Social Services: Not Elsewhere Classified,https://facebook.com/kids1stef,https://linkedin.com/company/destination-home,https://twitter.com/kidsfirstef,https://instagram.com/kidsfirstef,N/A
Chad Winkelman,Chad,Winkelman,Vice President,chad@rwbuildersinc.com,Rw Builders,rwbuildersinc.com,+17633891873,N/A,Princeton,MN,N/A,N/A,2102760,832,"[""Google Font API"",""Lightbox"",""MediaElement.js"",""OpenResty"",""Twitter Emoji (Twemoji)"",""WordPress"",""Yoast SEO"",""jQuery"",""jQuery Migrate""]",39233584,catchall,N/A,6b5e7c236b6d9b476f219c0c5610a409,N/A,N/A,85%,Individual and Family Social Services,https://facebook.com/pages/rw-builders-inc/365948975619,N/A,N/A,N/A,N/A
Charlie Mantione,Charlie,Mantione,"Vice President, Global Service, Banking",charlie@lakeshorecitychurch.com,Lakeshore City Church,lakeshorecitychurch.com,+19512680977,"365 N Main Street Corona, CA 92880",unknown city,unknown state,"=""92880""",5,1638653,N/A,"[""Squarespace"",""Typekit"",""YUI"",""webpack""]",36518241,catchall,N/A,4b1b566773eed649b1f7dc6a6cc94da9,N/A,N/A,85%,N/A,N/A,N/A,https://twitter.com/lakeshorecity,https://instagram.com/lakeshorecitychurch,N/A
Cheryl Carl,Cheryl,Carl,Vice President,cheryl.carl@syb.com,Prodigal,prodigalky.org,+15026451023,"P.O. Box 1484 Crestwood, KY 40014",Kansas City,MO,"=""40014""",5,1638653,86,"[""Google Font API"",""MediaElement.js"",""Nginx"",""Twitter Emoji (Twemoji)"",""WP Engine"",""WordPress"",""jQuery"",""jQuery Migrate""]",39966179,catchall,N/A,a21720d0640ada9b4febb26b7250322a,N/A,N/A,85%,Membership Organizations,https://facebook.com/prodigalky,N/A,N/A,N/A,N/A
Chris Ashby,Chris,Ashby,Vice President of Product Management,chris.ashby@jonesboroisd.net,Jonesboro,jonesboroisd.net,+12544632275,"14909 E State Hwy 36 Jonesboro, TX 76538",Jonesboro,TX,"=""76538""",30,2000000,8211,"[""Google Font API"",""Modernizr"",""RackCache"",""React"",""jQuery""]",44088246,catchall,N/A,2f98301573c4fa57a2eff785bf91daa6,N/A,N/A,85%,Elementary and Secondary Schools,https://facebook.com/jonesboroisd,N/A,N/A,N/A,N/A
Chris Caris,Chris,Caris,Vice President,chris@carisinnovation.com,Caris,carisinnovation.com,+19206396615,"2951 Sunray Lane Green Bay, WI 54313",Abrams,WI,"=""54313""",5,1638653,N/A,"[""Google Font API"",""Polyfill"",""RequireJS"",""Sentry"",""Wix""]",38519135,catchall,N/A,bd9009c9f601b30604d72f497711e406,N/A,N/A,85%,N/A,https://facebook.com/caris5871,https://linkedin.com/in/christine-duprey-3005773,N/A,N/A,N/A
Christopher Furst,Christopher,Furst,Executive Vice President &amp; Chief ...,chris@chathamclub.com,Chatham Club,chathamclub.com,+19733775771,"484 Southern Blvd Chatham, NJ 07928-1406",Chatham,NJ,"=""07928-1406""",30,3000000,7991,"[""All in One SEO Pack"",""Bootstrap"",""Chart.js"",""Font Awesome"",""Google Analytics"",""Modernizr"",""Nginx"",""Twitter Emoji (Twemoji)"",""WordPress"",""jQuery"",""jQuery Migrate"",""jQuery UI""]",40356538,catchall,N/A,c78c7743c31bfaaf465de01c87e2d679,N/A,N/A,85%,Physical Fitness Facilities,https://facebook.com/chathamclub,N/A,N/A,https://instagram.com/thechathamclub,https://youtube.com/channel/ucrewnpw6v-nfi4smlv-cqlg/videos
Chris Perry,Chris,Perry,"Vice President, Global Executive Education",chris@innovativemanagementsolutionsllc.com,Innovative Management Solutions,innovativemanagementsolutionsllc.com,+19782573239,PO Box 1211 Barre MA 01005,unknown city,unknown state,"=""01005""",5,1638653,N/A,"[""Font Awesome"",""Google Font API"",""jQuery""]",36776223,catchall,N/A,57560afb42ddf5184ad778e7bd02d3ea,N/A,N/A,85%,N/A,https://facebook.com/innovativemanagementsolutionsllc,N/A,https://twitter.com/innovativemgmtsolutions,N/A,N/A
Chris Johnson,Chris,Johnson,Director of Operations,chris.johnson@nebraskalink.com,Nebraska Link,nebraskalink.com,+18884002810,"3900 NW 12th Street Ste. 100 Lincoln, NE 68521",Lincoln,NE,"=""68521""",30,1000000,4813,"[""Apache"",""Bootstrap"",""Font Awesome"",""Google Analytics"",""Google Font API"",""Gravity Forms"",""WordPress"",""YouTube"",""jQuery"",""jQuery Migrate"",""reCAPTCHA""]",46113120,catchall,N/A,7f8743118313537033dd1ff664cc3158,N/A,N/A,85%,Telephone Communications: except Radiotelephone,https://facebook.com/nebraskalink,https://linkedin.com/company/nebraskalink,N/A,N/A,N/A
Chris Tsai,Chris,Tsai,VP Engineering,chris@kingfield.org,Kingfield,kingfield.org,+16126735407,"Soul, 3744 Bloomington Ave, Minneapolis, MN 55407.",Minneapolis,MN,N/A,5,1638653,86,[],45488568,catchall,N/A,586d82912b56e8b14500e0402a5525f9,N/A,N/A,85%,Membership Organizations,https://facebook.com/kingfieldneighborhoodassociation,N/A,https://twitter.com/kingfield_kfna,https://instagram.com/kingfield_kfna,N/A
Chris Pruitt,Chris,Pruitt,Vice President &amp; General Manager,chris@rpwitt.com,Rp Witt Construction Inc52,rpwitt.com,+18884059488,N/A,Jacksonville,FL,N/A,5,1638653,655,"[""Apache"",""Google Font API"",""Twitter Emoji (Twemoji)"",""WordPress"",""jQuery"",""jQuery Migrate""]",43702611,catchall,N/A,381c56cc68f04cef434da8380c86a9f4,N/A,N/A,85%,Land Subdividers and Developers,https://facebook.com/rpwitt,N/A,https://twitter.com/rp_witt,N/A,N/A
Chris Stuart,Chris,Stuart,VP of Technology,chris@stjlat.org,Stjlat,stjlat.org,+15166716097,"325 Lattingtown Road Locust Valley, NY 11560",unknown city,unknown state,"=""11560""",5,1638653,866,"[""Apache"",""Joomla"",""MooTools"",""OpenSSL"",""PHP"",""Perl"",""UNIX"",""jQuery"",""mod_perl"",""mod_ssl""]",44859038,catchall,N/A,1be9d8fc0af2d66720ed75d6364e190e,N/A,N/A,85%,Religious Organizations,https://facebook.com/stjohnsoflattingtown,N/A,N/A,https://instagram.com/stjohnslattingtown,N/A
Christian Angelson,Christian,Angelson,Vice President of Global Operations,christian.angelson@hosa.org,Hosa,hosa.org,+13373715974,"548 Silicon Drive, Suite 101 Southlake, TX 76092",Southlake,TX,"=""76092""",5,3000000,8399,"[""Apache"",""CloudFlare"",""Drupal"",""Google Analytics"",""Ubuntu"",""UserVoice"",""jQuery""]",40239986,catchall,N/A,215939a0eab61c7c1f0a8b639fc1b4c4,N/A,N/A,85%,Social Services: Not Elsewhere Classified,https://facebook.com/hosafhp,N/A,https://twitter.com/hosafhp,N/A,https://youtube.com/user/nationalhosa
Christine Bennett,Christine,Bennett,Director of Operations,christine@bennetgroup.com,Bennet Group,bennetgroup.com,+18085316087,735 Bishop St Suite 401 Honolulu HI 96813,Honolulu,HI,"=""96813""",5,1638653,8742,"[""Apache"",""Google Analytics"",""Google Font API"",""PHP"",""Twitter Emoji (Twemoji)"",""Underscore.js"",""WordPress"",""jQuery"",""jQuery Migrate"",""prettyPhoto""]",36452784,catchall,N/A,1cb4e8a0730bfb816dd136790ec2b9bc,N/A,N/A,85%,Management Consulting Services,https://facebook.com/bennetgroup,https://linkedin.com/company/bennet-group-strategic-communications,N/A,N/A,N/A
Cindy Ravitch,Cindy,Ravitch,"Vp, Sec Reporting",cindy@radiancemedspa.com,Radiance Medspa,radiancemedspa.com,+17275187100,IPL to men,unknown city,unknown state,N/A,5,1638653,0,"[""AppNexus"",""Facebook"",""FancyBox"",""Google Analytics"",""Nginx"",""Typekit"",""Unbounce"",""WordPress"",""ZURB Foundation"",""jQuery"",""jQuery UI""]",43654341,catchall,N/A,027c111a1233ca0fd159069b16f388b8,N/A,N/A,85%,N/A,https://facebook.com/radiancetampabay,N/A,https://twitter.com/radiancetampa,https://instagram.com/radiancemedspatampa,N/A
Clay Wade,Clay,Wade,Vice President Operations,clay@coastalsam.com,Coastal,coastalsam.com,+18139324824,"370 E. Bloomingdale Avenue Brandon, FL 33511",Santa Paula,CA,"=""33511""",5,1638653,N/A,"[""All in One SEO Pack"",""Apache"",""Font Awesome"",""Google Font API"",""Modernizr"",""Twitter Emoji (Twemoji)"",""WordPress"",""jQuery"",""jQuery Migrate"",""jQuery UI"",""prettyPhoto""]",41963564,catchall,N/A,83667441848506224a09516ad9ca213c,N/A,N/A,85%,N/A,https://facebook.com/pages/coastal-sales-marketing/502801563121467,N/A,N/A,N/A,N/A
Cliff Sobol,Cliff,Sobol,Vice President (retired,cliff.sobol@starfoods.com,Star Foods,starfoods.com,+18008370992,"24700 Chagrin Blvd #300, Beachwood, OH 44122, USA",Sugar Land,TX,N/A,5,1638653,9999,"[""AddThis"",""Apache"",""Bootstrap"",""Font Awesome"",""Google Font API"",""Twitter Emoji (Twemoji)"",""Ubuntu"",""WordPress"",""jQuery"",""jQuery Migrate"",""prettyPhoto""]",42186489,catchall,N/A,69cbaa1dbdfdea7afa347651a7a270a5,N/A,N/A,85%,Nonclassifiable Establishments,https://facebook.com/star-foods-inc-1420678218193055,N/A,https://twitter.com/star_foods1,N/A,N/A
Connie Mandel,Connie,Mandel,COO,cmandel@mam-llc.com,Missouri Association Management,mam-llc.com,+15735528334,"2121 Bagnell Dam Blvd Lake Ozark, MO 65049",Lake Ozark,MO,"=""65049""",30,2000000,8741,"[""Apache"",""Lightbox"",""Twitter Emoji (Twemoji)"",""Ubuntu"",""WordPress"",""jQuery"",""jQuery Migrate""]",41877044,catchall,N/A,9baf3dbb65f56442f2500fb020258758,N/A,N/A,85%,Management Services,N/A,N/A,N/A,N/A,N/A
Coco Jones,Coco,Jones,VP of Showcase Operations,coco@batchgeo.com,Batchgeo Llcall,batchgeo.com,+12122263126,N/A,unknown city,unknown state,N/A,N/A,2400000,N/A,"[""CloudFlare"",""Google Analytics"",""Google Maps"",""Google Tag Manager"",""Lodash"",""PHP"",""jQuery""]",46725612,catchall,N/A,f27deb86e63045e6bb6ef09a9e8806eb,N/A,N/A,85%,N/A,N/A,N/A,N/A,N/A,N/A
Colin Rooney,Colin,Rooney,Vice President-general Manager -,colin@trinityworldtrading.com,Trinity World Trading,trinityworldtrading.com,+19528325560,N/A,Edina,MN,N/A,N/A,4411560,5141,"[""Gentoo"",""Google Font API"",""Modernizr"",""OpenResty"",""PHP"",""Twitter Emoji (Twemoji)"",""WordPress"",""jQuery""]",44383810,catchall,N/A,0fee81cd702e597fa920368849d920ea,N/A,N/A,85%,Groceries: General Line,N/A,N/A,N/A,N/A,N/A
Will Collins,Will,Collins,VP of Operations,collins@drifted.com,Drifted,drifted.com,N/A,N/A,unknown city,unknown state,N/A,5,1638653,N/A,"[""CloudFlare"",""Google Analytics"",""Google Tag Manager"",""PHP"",""Prebid"",""WordPress"",""ZURB Foundation"",""jQuery""]",36562401,catchall,N/A,3d7da3ef8aa553bf39dbfeddef176b1d,N/A,N/A,85%,N/A,https://facebook.com/drifteduk,N/A,N/A,N/A,N/A
Cori Wong,Cori,Wong,Assistant Vice President For Gender Equity,cori@jitfosteryouth.org,Foster Youth Engages,jitfosteryouth.org,+16192483839,"P.O. Box 601627 San Diego, CA 92160",San Diego,CA,"=""92160""",5,1000000,8699,"[""Facebook"",""Flywheel"",""Font Awesome"",""Google Analytics"",""Google Font API"",""Twitter Emoji (Twemoji)"",""WordPress"",""YouTube"",""jQuery"",""jQuery Migrate"",""jQuery UI""]",40173557,catchall,N/A,bb7518d5515c13af6b6eb5867e8b8c45,N/A,N/A,85%,Membership Organizations: Not Elsewhere Classified,https://facebook.com/jitfosteryouth,https://linkedin.com/company/just-in-time-for-foster-youth,https://twitter.com/jitfosteryouth,https://instagram.com/jitfosteryouth,https://youtube.com/channel/ucozyooiwnotviwxm0bzwkdw
Corinne Cline,Corinne,Cline,Vice President,corinne@clinedesign.com,Cline Design,clinedesign.com,+16036482110,"42 Shaw Hill Road Andover, New Hampshire 03216",Andover,NH,"=""03216""",5,1638653,N/A,"[""CloudFlare"",""Google Analytics"",""HubSpot"",""jQuery""]",37211761,catchall,N/A,16d4f4c3aa40c63a7485186faec0aeb3,N/A,N/A,85%,N/A,https://facebook.com/constructionmarketingservices,https://linkedin.com/in/lorraine-cline-304a0210,https://twitter.com/lorrainecline,N/A,https://youtube.com/channel/uclq0zuojplv5x7lj0fmca9q
Cory Williams,Cory,Williams,Vice President Technology Digital,cory.williams@cptc.edu,In The Spotlight,cptc.edu,+12535895973,N/A,Lakewood,WA,N/A,30,1000000,8222,"[""Apache"",""Bootstrap"",""Drupal"",""Font Awesome"",""Google Analytics"",""Google Tag Manager"",""IBM WebSphere Commerce"",""jQuery"",""jQuery UI""]",37553931,catchall,N/A,402a8bd3269b44c9affa409a86e06079,N/A,N/A,85%,Junior Colleges and Technical Institutes,https://facebook.com/cloverparktech,N/A,https://twitter.com/cloverparktech,https://instagram.com/cloverparktech,N/A
Courtney Coco Killingsworth,Courtney,Killingsworth,"Vice President, Education ...",courtney@playhouseonthesquare.org,Playhouse On The Square,playhouseonthesquare.org,+19017264656,"66 South Cooper St., Memphis, TN 38104Playhouse on the Square, 66 South Cooper St., Memphis, TN 38104",Memphis,TN,"=""38104""",5,1638653,79,"[""Google Analytics"",""Nginx"",""PHP"",""Twitter Emoji (Twemoji)"",""WordPress"",""jQuery"",""jQuery Migrate"",""jQuery UI""]",44122727,catchall,N/A,f530f09aa515c86bbbaa00ba00fd9a2d,N/A,N/A,85%,Amusement and Recreation Services,https://facebook.com/dabbles-hair-company-113194492065042,N/A,https://twitter.com/#!/playhouseots,N/A,https://youtube.com/user/playhouseonthesquare
Craig Hoyt,Craig,Hoyt,Vice President of Sales,craig@icapture.com,Icapture,icapture.com,+12083750187,"Suite 300 Boise, Idaho 83706 USA",Boise,ID,N/A,30,1400000,N/A,"[""Apache"",""CentOS"",""CloudFlare"",""Google Tag Manager"",""HubSpot"",""OpenSSL"",""PHP"",""W3 Total Cache"",""jQuery""]",41543243,catchall,N/A,18405f6ebc41b901bef555188c13c725,N/A,N/A,85%,N/A,https://facebook.com/icaptureapps,https://linkedin.com/company/icapture-com,https://twitter.com/icaptureapps,N/A,N/A
Tory Cruse,Tory,Cruse,Area Vice President,cruse-tory@unisourceinc.com,Unisource,unisourceinc.com,N/A,N/A,unknown city,unknown state,N/A,5,1638653,N/A,"[""Apache""]",37298268,catchall,N/A,b2000a9dba621c36b8423a5b1a94eba3,N/A,N/A,85%,N/A,N/A,N/A,N/A,N/A,N/A
Cynthia Snodgrass,Cynthia,Snodgrass,Vice President,cynthia@ruidoso.net,Ruidosoweb,ruidoso.net,+15758020208,"P.O. Box 879 Alto, NM 88312",Ruidoso,NM,"=""88312""",5,1000000,6541,"[""Bootstrap"",""Font Awesome"",""Google Analytics"",""animate.css"",""jQuery"",""jQuery Migrate"",""jQuery UI"",""reCAPTCHA""]",44077001,catchall,N/A,d1e9ff620c745352776fbef3527c27ae,N/A,N/A,85%,Title Abstract Offices,https://facebook.com/ruidoso.net,N/A,N/A,N/A,N/A
Dan Abruzzo,Dan,Abruzzo,VP of Gov. Affairs,dan@cbicc.org,Cbicc,cbicc.org,+18773818618,"131 S. Fraser St, Ste. 1, State College, PA 16801",State College,PA,"=""16801""",5,1638653,8611,"[""Apache"",""CloudFlare"",""Facebook"",""FancyBox"",""Google Analytics"",""Google Font API"",""MediaElement.js"",""Mustache"",""VideoJS"",""Weebly"",""jQuery"",""jQuery UI""]",37105727,catchall,N/A,65c82975ba3df04856c5aeb2756a1eb0,N/A,N/A,85%,Business Associations,https://facebook.com/cbicc,N/A,N/A,N/A,https://youtube.com/channel/ucb6q387jl0z9sxmycsan_hw
Darlene Lynch,Darlene,Lynch,COO,darlene@magbench.com,Magbench,magbench.com,+14082979453,N/A,unknown city,unknown state,N/A,5,1638653,N/A,"[""Apache"",""Bootstrap"",""Google Analytics"",""Google Tag Manager"",""Lightbox"",""MODX"",""PHP"",""jQuery""]",45764791,catchall,N/A,6b973642784c7d86a1664b44999200dd,N/A,N/A,85%,N/A,https://facebook.com/magbench,N/A,https://twitter.com/magbench,N/A,https://youtube.com/user/magbench
Dave Gittens,Dave,Gittens,Sr Vice President,dave@atlantarigging.com,Atlanta Rigging,atlantarigging.com,+14043554360,"365 Patton Drive SW Atlanta, Georgia 30336",Atlanta,GA,"=""30336""",30,3000000,7922,"[""Apache"",""Google Font API"",""PHP"",""WooCommerce"",""WordPress"",""jQuery""]",36836907,catchall,N/A,604264e3c559a38aac01f45f3e229bd2,N/A,N/A,85%,Theatrical Producers (except Motion Picture) and Miscellaneous Th,N/A,N/A,N/A,N/A,N/A
Dave Sims,Dave,Sims,CEO,dave@flux.ly,Flux,flux.ly,+17209304239,N/A,unknown city,unknown state,N/A,5,1638653,N/A,"[""Font Awesome"",""Google Analytics"",""Google Font API"",""Google Maps"",""Gravity Forms"",""Modernizr"",""Nginx"",""Twitter Emoji (Twemoji)"",""WP Engine"",""WordPress"",""Yoast SEO"",""jQuery"",""jQuery Migrate""]",46147831,catchall,N/A,87fe3060d2fcd8daad9b8df25acffdc3,N/A,N/A,85%,N/A,https://facebook.com/fluxies,https://linkedin.com/in/floifydave,https://twitter.com/fluxies,N/A,N/A
David Ceulemans,David,Ceulemans,COO,david@chillafish.com,Chillafish,chillafish.com,+15072252222,N/A,unknown city,unknown state,N/A,5,1638653,N/A,"[""Apache"",""Facebook"",""Google Analytics"",""Google Font API"",""Google Tag Manager"",""Modernizr"",""PHP"",""Twitter"",""WooCommerce"",""WordPress"",""Yoast SEO"",""jQuery""]",38710651,catchall,N/A,b1c16e0a9fb015b82625c52b56268364,N/A,N/A,85%,N/A,https://facebook.com/chillafish,N/A,https://twitter.com/chillafish,https://instagram.com/chillafish,N/A
David Heetland,David,Heetland,VP For Development,david.heetland@garrett.edu,Garrett-evangelical,garrett.edu,+18478663905,"Seminary, 2121 Sheridan Road, Evanston, IL 60201.2121 Sheridan Road Evanston, IL, 602012121 Sheridan Road Evanston, IL 602012121 Sheridan Road Evanston, Illinois 602012121 Sheridan Road, Evanston, IL,",Evanston,IL,"=""60201""",75,3000000,8221,"[""Apache"",""Drupal"",""Google Analytics"",""Google Font API"",""YouTube"",""jQuery""]",45857041,catchall,N/A,9bb522bf8a2c4259319ee70a65487219,N/A,N/A,85%,Colleges: Universities: and Professional Schools,https://facebook.com/garrettseminary,N/A,https://twitter.com/garrettseminary,https://instagram.com/garrettseminary,https://youtube.com/channel/ucch7ogdxp1urcrltp_v-iqa
David A Ortiz,David,Ortiz,Senior Vice President &amp; Chief Operating,david.ortiz@hacu.net,Hacu,hacu.net,+19164420392,"8415 Datapoint Dr. Suite 400 San Antonio, TX 78229",San Antonio,TX,"=""78229""",30,1000000,8299,"[""Google Analytics"",""IIS"",""Microsoft ASP.NET"",""jQuery""]",38953639,catchall,N/A,d10e8e1db2f99d321c571a3680501377,N/A,N/A,85%,Schools and Educational Services: Not Elsewhere Classified,N/A,N/A,https://twitter.com/hacunews,N/A,N/A
David Peloquin,David,Peloquin,Chief Executive Officer,david.peloquin@capitalbusinessresources.com,Capital Business Resources,cbrtaxes.com,+13306686000,"3562 Ridge Park Drive, Suite B Akron, OH 44333",unknown city,unknown state,"=""44333""",5,1638653,N/A,"[""Apache"",""Google Analytics"",""Google Font API"",""Google Tag Manager"",""Modernizr"",""jQuery""]",38452734,catchall,N/A,1398f14f7d89e8995380ad7c5c81fd94,N/A,N/A,85%,N/A,N/A,N/A,N/A,N/A,N/A
David Palgi,David,Palgi,COO,david@spotad.co,Spotad,spotad.co,+19172100611,"135 Madison Avenue 6th FL New York, NY 10010",unknown city,unknown state,"=""10010""",30,2200000,N/A,"[""Chart.js"",""Facebook"",""Google Analytics"",""Google Font API"",""Google Plus"",""Google Tag Manager"",""Linkedin"",""Modernizr"",""Nginx"",""PHP"",""Pinterest"",""Revslider"",""Slick"",""Twitter"",""Twitter Emoji (Twemoji)"",""WordPress"",""Yoast SEO"",""animate.css"",""jQuery"",""jQuery Migrate"",""jQuery UI""]",42635498,catchall,N/A,d70a11acac21722439e63b366c9e1606,N/A,N/A,85%,N/A,https://facebook.com/spotadco,https://linkedin.com/company/spotgames,https://twitter.com/spotadco,https://instagram.com/spotad.co/,https://youtube.com/channel/uc_thbh9e54atjjqdza41htg/featured
David Stoddart,David,Stoddart,Vice-president and Client Manager,david.stoddart@pzr.com,Pzr Report,pzr.com,+14054883312,"1300 South Meridian Avenue, Suite 400, Oklahoma City, OK 73108",Oklahoma City,OK,"=""73108""",30,4275000,832,"[""DNN"",""IIS"",""Microsoft ASP.NET"",""jQuery"",""jQuery Migrate"",""jQuery UI""]",44394186,catchall,N/A,1bbb601bb74d90db29b2be33c58b0ff6,N/A,N/A,85%,Individual and Family Social Services,N/A,https://linkedin.com/company/the-planning-and-zoning-resource-corporation,N/A,N/A,N/A
David,David,David,Sr. VP Business Development,david@ztwealth.com,New Directions,newdirectionsinc.org,N/A,N/A,Graham,NC,N/A,30,2000000,8661,[],38801937,catchall,N/A,f49de8df3daf523fbbe8946cc67fd79a,N/A,N/A,85%,Religious Organizations,N/A,N/A,N/A,N/A,N/A
Blair Dawson,Blair,Dawson,Senior Vice President &amp; General Counsel ...,dawson@associationforum.org,Association Forum,associationforum.org,+13125678481,"8700 W Bryn Mawr Ave, Suite 700N Chicago, IL 606312121 S Prairie Ave Chicago, IL 60616301 East Cermak Road Chicago, IL 60616430 N Michigan Ave Chicago, IL 60611432 N. Clark St., Suite 305 Chicago, IL ",Chicago,IL,"=""60606""",30,3000000,8611,"[""Bootstrap"",""Font Awesome"",""Google Font API"",""Google Tag Manager"",""Handlebars"",""Knockout.js"",""Microsoft ASP.NET"",""Moment.js"",""React"",""Select2"",""Slick"",""Typekit"",""VideoJS"",""jQuery"",""jQuery Migrate"",""jQuery UI""]",45270649,catchall,N/A,6ed26059d14b3ae45a957a885f0fe9a5,N/A,N/A,85%,Business Associations,https://facebook.com/assocforum,https://linkedin.com/company/association-forum-of-chicagoland,https://twitter.com/assocforum,https://instagram.com/associationforum,https://youtube.com/user/associationforum
Del Harvey,Del,Harvey,"Vp, Trust &amp; Safety",del@BNAtalent.com,Twitter,BNAtalent.com,N/A,N/A,Nashville,TN,N/A,5,1638653,79,"[""jQuery"",""webpack""]",37800081,catchall,N/A,ab2c964a67de11c0b572cc51af20b3f1,N/A,N/A,85%,Amusement and Recreation Services,N/A,N/A,https://help.twitter.com/en/rules-and-policies/twitter-cookies,N/A,N/A
Dexter Edwards,Dexter,Edwards,Vice President,dexter@limousinworld.com,Nalf,limousinworld.com,+16053100791,"to:NALF, 6 Inverness Court East, Suite 260 Englewood, CO 80112-5595",Guthrie,OK,"=""80112-5595""",N/A,2572470,62,"[""Apache"",""Bootstrap"",""Font Awesome"",""Google Analytics"",""MailChimp"",""OWL Carousel"",""Plesk"",""WordPress"",""YouTube"",""jQuery""]",43978166,catchall,N/A,d2ee549504f611e62c5aa395f736600f,N/A,N/A,85%,Security and Commodity Brokers: Dealers: Exchanges: and Services,https://facebook.com/northamericanlimousin,N/A,https://twitter.com/limousincattle,N/A,https://youtube.com/channel/ucuau1qfefjigmxc5axsh7oa
Dawn Fitzgerald,Dawn,Fitzgerald,"Vice-president of Federal Health Solutions, Telligen",dfitzgerald@ahqa.org,Ahqaahqa,ahqa.org,+12023315790,"1776 I Street, NW, 9th Floor | Washington, DC 20006",Washington,DC,"=""20006""",30,1000000,8621,[],40962577,catchall,N/A,30b7c7a662787ade30688fc63b4dbcf6,N/A,N/A,85%,Professional Membership Organizations,https://facebook.com/ahqa.org,N/A,https://twitter.com/ahqa,N/A,N/A
Graham Doran,Graham,Doran,Executive Vice President,dgraham@prospectgeneral.com,Prospect General Insurance Agency,prospectgeneral.com,+18663919675,"7979 Ivanhoe Ave, Suite 555 La Jolla, CA 92037",San Diego,CA,"=""92037""",30,2400000,N/A,"[""AdRoll"",""Apache"",""Bootstrap"",""Font Awesome"",""Google Analytics"",""Google Maps"",""Modernizr"",""PHP"",""Typekit"",""Ubuntu"",""WordPress"",""jQuery""]",39135980,catchall,N/A,ac1e1c55db2bb66e4cbee0f622e3d846,N/A,N/A,85%,N/A,https://facebook.com/prospectgeneral/,https://linkedin.com/company/prospect-general-insurance-agency,N/A,N/A,https://youtube.com/channel/ucaxncg0pa7hlk_l9dpsy0sa
Dr.keith Javors,Dr.keith,Javors,President/ceo,djavors@inarhyme.com,Inarhyme Music Group,inarhyme.com,+18004533034,N/A,unknown city,unknown state,N/A,5,1638653,N/A,"[""Polyfill""]",44906249,catchall,N/A,f1d324e1e8ec3a1a5a70368f1e196cba,N/A,N/A,85%,N/A,https://facebook.com/inarhyme,https://linkedin.com/company/inarhyme-records,https://twitter.com/inarhymerecords,N/A,https://youtube.com/user/inarhymerecords
David Kramer,David,Kramer,Vice President,dkramer@bdavid.org,David Reform,bdavid.org,+16108967485,"1130 Vaughan Lane | Gladwyne, PA 190351130 Vaughan Lane Gladwyne, Pennsylvania 19035",Gladwyne,PA,"=""19035""",30,2000000,8661,"[""Apache"",""Bootstrap"",""Font Awesome"",""Google Analytics"",""Google Font API"",""Google Tag Manager"",""PHP"",""Twitter Emoji (Twemoji)"",""WordPress"",""jQuery"",""jQuery Migrate""]",44635061,catchall,N/A,a5183879cb9ec3bc52c3263a3b19ad7f,N/A,N/A,85%,Religious Organizations,https://facebook.com/bethdavidreform,N/A,N/A,N/A,N/A
Dancary,Dancary,Dancary,COO,d@lammisports.com,Lammi Sports,lammisports.com,+14147273600,"5 Cowboys Way, Suite 300 Frisco, TX 75034",unknown city,unknown state,"=""75034""",30,2000000,N/A,"[""Apache"",""Font Awesome"",""Google Analytics"",""NextGEN Gallery"",""PHP"",""Supersized"",""Twitter Emoji (Twemoji)"",""WordPress"",""jQuery"",""jQuery Migrate""]",39933192,catchall,N/A,37135e808764e23c9fd458cf2467e1f6,N/A,N/A,85%,N/A,N/A,N/A,N/A,N/A,N/A
Sarah Butler,Sarah,Butler,"Director of Scheduling and Operations, U.s ...",dma@dma-international.com,Dma,dma-international.com,N/A,N/A,unknown city,unknown state,N/A,5,1638653,N/A,"[""Google Font API"",""Squarespace"",""Typekit"",""YUI"",""webpack""]",45902786,catchall,N/A,3cd81a7e32f09bd7d667a35b7b67184f,N/A,N/A,85%,N/A,N/A,N/A,N/A,N/A,N/A
Donna Devaul,Donna,Devaul,"Vice President, Research",donna@lbg-associates.com,Lbg Associates Corporate,lbg-associates.com,+12033253154,"245 Long Close Rd. Stamford, CT 06902",New York,NY,"=""06902""",5,1400000,N/A,"[""Bootstrap"",""Font Awesome"",""Google Analytics"",""Google Font API"",""Sucuri"",""Twitter Emoji (Twemoji)"",""WordPress"",""Yoast SEO"",""jQuery"",""jQuery Migrate""]",40105171,catchall,N/A,66600128974203ba0b325762ee2e82a2,N/A,N/A,85%,N/A,https://facebook.com/lbg-associates-127908957243994,https://linkedin.com/in/linda-gornitsky-41011a4,N/A,N/A,N/A
Catherine Donovan,Catherine,Donovan,VP - Wagm,donovan@tvguide.com,Tv Guide,tvguide.com,N/A,N/A,Bell,CA,N/A,30,1000000,8361,"[""Chartbeat"",""CloudFlare"",""Criteo"",""Google Tag Manager"",""Java"",""New Relic"",""Prebid"",""Tealium"",""jQuery""]",42004891,catchall,N/A,8015df8f6940ca1b7278100e65ccc3a4,N/A,N/A,85%,Residential Care,https://facebook.com/tvguide,N/A,https://twitter.com/tvguide,https://instagram.com/tvguide,N/A
Dorothy Weissert,Dorothy,Weissert,Vice President,dorothy@weissert.com,Weissert,weissert.com,+13608357256,"540 Washougal River Road Washougal, WA 98671",unknown city,unknown state,"=""98671""",5,1638653,N/A,"[""Apache""]",37066025,catchall,N/A,5b8aa9b33beafac85e6a046f97f9634a,N/A,N/A,85%,N/A,N/A,N/A,N/A,N/A,N/A
Drew Margand,Drew,Margand,"Vp, Reporting and Analytics",drew@radiancemedspa.com,Radiance Medspa,radiancemedspa.com,+17275187100,IPL to men,unknown city,unknown state,N/A,5,1638653,0,"[""AppNexus"",""Facebook"",""FancyBox"",""Google Analytics"",""Nginx"",""Typekit"",""Unbounce"",""WordPress"",""ZURB Foundation"",""jQuery"",""jQuery UI""]",43654345,catchall,N/A,b0dc1c4832dc71298be867ab6546ebf3,N/A,N/A,85%,N/A,https://facebook.com/radiancetampabay,N/A,https://twitter.com/radiancetampa,https://instagram.com/radiancemedspatampa,N/A
Crystal Richards,Crystal,Richards,VP Retail Branch Manager,drichards@ellsworthschools.org,Ellsworth High School,ellsworthschools.org,+12076676241,"66 Main Street, Suite 201 Ellsworth, ME 04605",Ellsworth,ME,"=""04605""",30,2000000,9411,"[""Google Font API"",""Modernizr"",""RackCache"",""React"",""jQuery""]",46388694,catchall,N/A,5da23a5ed231ee9b73eccfc1f2d5d40a,N/A,N/A,85%,Administration of Educational Programs,https://facebook.com/athleticsehs,N/A,N/A,N/A,N/A
Scott Speicher,Scott,Speicher,Vice President,dwatson@fhu.edu,Fhu,fhu.edu,+17316082534,N/A,Henderson,TN,N/A,5,1638653,82,"[""Bootstrap"",""FancyBox"",""Google Font API"",""Microsoft ASP.NET"",""PHP"",""Sitefinity"",""Slick"",""jQuery""]",40537978,catchall,N/A,65ea2526c2f75a1bc56fd32e6fb1a316,N/A,N/A,85%,Educational Services,https://facebook.com/pages/henderson-tn/fhu-library/70395602261,N/A,https://twitter.com/fhulibrary,https://instagram.com/fhulibrary,N/A
Dwayne Ellis,Dwayne,Ellis,Executive Vice President,dwayne@healthygulf.org,Healthy Gulf,healthygulf.org,+18506879968,"P.O. Box 2245 New Orleans, LA 70176",New Orleans,LA,"=""70176""",30,1000000,8641,"[""Google Analytics"",""Google Font API"",""Google Tag Manager"",""OpenResty"",""Varnish"",""Webflow"",""jQuery""]",45623628,catchall,N/A,2f06bfb9be372017c70218d1f34744f6,N/A,N/A,85%,Civic: Social: and Fraternal Associations,https://facebook.com/healthygulf,N/A,https://twitter.com/healthygulf,https://instagram.com/healthygulf,N/A
Edward Kempton,Edward,Kempton,"Vice President, Strategic Sourcing",edward@townhallseattle.org,Town Hall Seattle,townhallseattle.org,+12065042857,"Admin Office: 720 Seneca St, Ste. A, Seattle, WA, 98101, USA720 Seneca Street, Suite A Seattle, WA 98101",Seattle,WA,"=""98101""",5,1638653,79,"[""CloudFlare""]",40743067,catchall,N/A,cc082336102529b6e2f0393571c245bd,N/A,N/A,85%,Amusement and Recreation Services,https://facebook.com/townhallseattle,N/A,N/A,N/A,N/A
Edward Wesley,Edward,Wesley,VP of People,edward.wesley@dreamhost.com,Dreamhost,dreamhost.com,+18662194611,N/A,Washington,DC,N/A,300,2400000,N/A,"[""Bootstrap"",""Fastly"",""Font Awesome"",""Google Tag Manager"",""Modernizr"",""Moment.js"",""Nginx"",""YouTube"",""jQuery""]",36870887,catchall,N/A,f9060a1a1c5cd9928ccdf6ed46c2fa5e,N/A,N/A,85%,N/A,https://facebook.com/dreamhost,https://linkedin.com/company/dreamhost,https://twitter.com/dreamhost,https://instagram.com/dreamhost,https://youtube.com/user/dreamhostusa
Eileen Whitcomb,Eileen,Whitcomb,Vice President,eileen@limousinworld.com,Nalf,limousinworld.com,+16053100791,"to:NALF, 6 Inverness Court East, Suite 260 Englewood, CO 80112-5595",Guthrie,OK,"=""80112-5595""",N/A,2572470,62,"[""Apache"",""Bootstrap"",""Font Awesome"",""Google Analytics"",""MailChimp"",""OWL Carousel"",""Plesk"",""WordPress"",""YouTube"",""jQuery""]",43978158,catchall,N/A,67f579787332449b28e5d8546335a4f4,N/A,N/A,85%,Security and Commodity Brokers: Dealers: Exchanges: and Services,https://facebook.com/northamericanlimousin,N/A,https://twitter.com/limousincattle,N/A,https://youtube.com/channel/ucuau1qfefjigmxc5axsh7oa
Erich Schneider,Erich,Schneider,Executive Director of Operations and,erich@narc.org,Narcs,narc.org,+12026185693,"660 North Capitol Street NW Suite 440 Washington, DC 20001",Washington,DC,"=""20001""",5,1000000,8621,"[""Elementor"",""Google Font API"",""Gravatar"",""Nginx"",""Twitter"",""Twitter Emoji (Twemoji)"",""WordPress"",""Yoast SEO"",""jQuery"",""jQuery Migrate"",""particles.js""]",36652520,catchall,N/A,edd095dab1108a92115ffd02298f6291,N/A,N/A,85%,Professional Membership Organizations,https://facebook.com/nationalassociationofregionalcouncils,https://linkedin.com/company/national-association-of-regional-councils,https://twitter.com/narcregions,N/A,https://youtube.com/channel/ucbd0711nq6ehpdbu6heu5zq
Erin Shusko,Erin,Shusko,Vice President,erin@hbmsports.com,Hbmsports,hbmsports.com,N/A,"P.O. Box 5542 Charlotte, NC 28299",Charlotte,NC,"=""28299""",5,1638653,N/A,"[""Apache"",""Facebook"",""FlexSlider"",""Google Font API"",""Modernizr"",""OpenSSL"",""PHP"",""Twitter"",""UNIX"",""ZURB Foundation"",""Zepto"",""jQuery"",""mod_ssl""]",44773892,catchall,N/A,4bd48f66b5d129ec4ca542221a72bf86,N/A,N/A,85%,N/A,https://facebook.com/hbm-sports-468536789870911,N/A,https://twitter.com/hbmsports,https://instagram.com/hbmsports,N/A
Erin Roberts,Erin,Roberts,VP of Operations,eroberts@executivesclub.org,Executives Club Of Chicago,executivesclub.org,+13122832186,N/A,Chicago,IL,N/A,30,4000000,8641,"[""CloudFlare"",""Crazy Egg"",""Font Awesome"",""Google Analytics"",""Google Font API"",""Google Tag Manager"",""IIS"",""Microsoft ASP.NET"",""Sitefinity"",""jQuery"",""jQuery Migrate""]",44079666,catchall,N/A,16d02f57dba031b0de6334c650a24758,N/A,N/A,85%,Civic: Social: and Fraternal Associations,https://facebook.com/pages/the-executives-club-of-chicago/199037426778191,https://linkedin.com/company/the-executives%27%e2%80%8b-club-of-chicago,https://twitter.com/execclubchicago,N/A,https://youtube.com/channel/ucfhigrr2bgrvyavkep7y30a
Frank Segal,Frank,Segal,COO,frank@windlift.com,Windlift,windlift.com,N/A,N/A,unknown city,unknown state,N/A,5,1638653,N/A,"[""Bootstrap"",""Chart.js"",""Google Font API"",""Lightbox"",""Modernizr"",""Nginx"",""Revslider"",""Twitter Emoji (Twemoji)"",""WordPress"",""jQuery"",""jQuery Migrate""]",43510435,catchall,N/A,1379b9a3826b1696463eaa20dede0c29,N/A,N/A,85%,N/A,N/A,https://linkedin.com/company/windlift,https://twitter.com/windliftawe,N/A,N/A
Fred Graft,Fred,Graft,Sr. VP,fred@equity1inc.com,Equity 1,equity1inc.com,+18773134080,"Building 3, Suite 300 Richmond, VA 23233",San Diego,CA,"=""23233""",N/A,1568160,6141,"[""Bootstrap"",""Chart.js"",""Google Font API"",""Lightbox"",""Modernizr"",""OWL Carousel"",""OpenResty"",""Select2"",""Slick"",""Twitter Emoji (Twemoji)"",""WordPress"",""jQuery"",""jQuery Migrate"",""jQuery UI"",""reCAPTCHA""]",42247871,catchall,N/A,78739e596b373c7eb28283683dbe76af,N/A,N/A,85%,Personal Credit Institutions,N/A,N/A,N/A,N/A,N/A
Gabby Cali,Gabby,Cali,Vice President,gabby@progresscapital.com,Progress Capital,progressnj.com,+17327206304,"40 Wall Street, 28th Floor New York, NY 10005",unknown city,unknown state,"=""10005""",5,1638653,N/A,"[""Bootstrap"",""Font Awesome"",""Google Analytics"",""Google Font API"",""MediaElement.js"",""Modernizr"",""PHP"",""Twitter Emoji (Twemoji)"",""WordPress"",""jQuery"",""jQuery Migrate"",""jQuery UI""]",44587276,catchall,N/A,98ce986de242ddfb149c76b2d3940354,N/A,N/A,85%,N/A,https://facebook.com/progresscapitalmortgagebrokers/,https://linkedin.com/company/progress-realty-advisors,https://twitter.com/progressnj,N/A,N/A
Gary Coombs,Gary,Coombs,Chief Operating Officer,gary_coombs@crunchyroll.com,Crunchyroll,crunchyroll.com,+18007787879,N/A,San Francisco,CA,N/A,30,9000000,7374,"[""AdRoll"",""Amazon Cloudfront"",""Backbone.js"",""CloudFlare"",""Criteo"",""Facebook"",""Google Analytics"",""Handlebars"",""New Relic"",""Segment"",""Twitter"",""comScore"",""jQuery"",""jQuery Migrate"",""jQuery UI""]",46540486,catchall,N/A,9dc74d3e1a868406eb0b9c406a3252c2,N/A,N/A,85%,Computer Processing and Data Preparation and Processing Services,https://facebook.com/crunchyrollgames,N/A,https://twitter.com/crunchyroll,https://instagram.com/crunchyrollgames,N/A
Gary Leygraaf,Gary,Leygraaf,Vice President Land Development and,gary@entitlemn.com,Entitlemn.com 20152018 Entitle,entitlemn.com,+19528311110,"860 Blue Gentian Road, Suite 190, Eagan, MN 55121",Bloomington,MN,"=""55121""",30,2000000,6541,"[""Apache"",""CentOS"",""CodeMirror"",""Font Awesome"",""Google Analytics"",""Google Tag Manager"",""TinyMCE"",""ZURB Foundation"",""jQuery"",""jQuery UI""]",38308862,catchall,N/A,4eba6b94ca54640648108de09c8d270f,N/A,N/A,85%,Title Abstract Offices,N/A,N/A,N/A,N/A,N/A
Gary Wagner,Gary,Wagner,Vice President - Tax -,gary@garywagner.com,Gary Wagner,garywagner.com,N/A,N/A,Argyle,IA,N/A,5,1638653,1,"[""Apache"",""Google Analytics"",""Google Tag Manager"",""Java"",""New Relic"",""Typekit"",""Visual Website Optimizer"",""jQuery"",""jQuery Migrate"",""jQuery UI""]",43343089,catchall,N/A,10f4a431692e959f4304ad43e750f1bf,N/A,N/A,85%,N/A,https://facebook.com/gary.wagner.37853,N/A,N/A,https://instagram.com/garywagnerphoto,N/A
Chris Pacer,Chris,Pacer,Division Vice President and General Manager ...,general@inmotionproducts.com,In Motion Products,inmotionproducts.com,N/A,N/A,Spring,TX,N/A,5,1638653,9999,"[""IIS"",""Microsoft ASP.NET"",""Plesk"",""VP-ASP"",""jQuery""]",44263403,catchall,N/A,1da2afbbc76d3a335dad9ef8c7a31652,N/A,N/A,85%,Nonclassifiable Establishments,https://facebook.com/ride4fungb,N/A,N/A,N/A,N/A
George Goodwyn,George,Goodwyn,Vice President,george@goodwynbuilding.com,Goodwyn Building,goodwynbuilding.com,+13342631127,N/A,Birmingham,AL,N/A,5,1638653,N/A,"[""Apache"",""Facebook"",""Google Analytics"",""Google Font API"",""Lightbox"",""PHP"",""YouTube"",""jQuery""]",45013971,catchall,N/A,5e8c0b9e0d1e49ba4bf78a5a9d44c763,N/A,N/A,85%,N/A,https://facebook.com/goodwynbuilding,N/A,N/A,https://instagram.com/goodwynbuilding,https://youtube.com/user/goodwynbuilding
Gidi Kroch,Gidi,Kroch,CEO,gidi@leket.org,Leket,leket.org,+12013310070,"PO Box 2090 Teaneck, NJ 07666-1490",unknown city,unknown state,"=""07666-1490""",5,1638653,N/A,[],41782579,catchall,N/A,eec4fd8b1d21b5155f66e0c9cc266893,N/A,N/A,85%,N/A,https://facebook.com/leketisrael,https://linkedin.com/company/leket-israel,https://twitter.com/leketisrael,https://instagram.com/leket_israel,https://youtube.com/channel/uczilsjr_jwsryciubz4fbzq
Gina Fortuneharmon,Gina,Fortuneharmon,Vice President -,gina@habitat-roanoke.org,Habitat,habitat-roanoke.org,+15403440747,"3435 Melrose Avenue NW Roanoke, VA 24017PO Box 6627 Roanoke, VA 24017",Roanoke,VA,"=""24017""",30,3000000,8641,"[""All in One SEO Pack"",""Apache"",""Google Font API"",""Lightbox"",""WordPress"",""jQuery"",""jQuery Migrate""]",37748883,catchall,N/A,0df1895c3919002dbee5cf0146644295,N/A,N/A,85%,Civic: Social: and Fraternal Associations,https://facebook.com/roanokehabitat,N/A,https://twitter.com/habitatroanoke,N/A,https://youtube.com/user/habitatroanoke
George Nicholis,George,Nicholis,"Vp, Publicity",gnicholis@magpictures.com,Magnolia Pictures,magpictures.com,N/A,N/A,New York,NY,N/A,5,3000000,7822,"[""Google Analytics"",""Google Font API"",""Squarespace"",""Typekit"",""YUI"",""webpack""]",45592432,catchall,N/A,e7ed35ba2bf57b9373a074ce661133a0,N/A,N/A,85%,Motion Picture and Video Tape Distribution,N/A,N/A,N/A,N/A,N/A
Gregg Davis,Gregg,Davis,Vice President of Business Development ...,greg@enoriver.org,Eno River,enoriver.org,+18555007433,"4404 Guess Rd. Durham, NC 27712",Durham,NC,"=""27712""",5,1000000,8641,"[""Apache"",""Google Analytics"",""PHP"",""WordPress"",""YouTube"",""jQuery"",""jQuery Migrate""]",39102509,catchall,N/A,2530c468d47aec08177df3f0f1cd690c,N/A,N/A,85%,Civic: Social: and Fraternal Associations,https://facebook.com/enoriverassociation,N/A,https://twitter.com/enoriver,https://instagram.com/enoriver,N/A
Gregory Samson,Gregory,Samson,Vice President,greg@gcmacts.com,Acts Essentials,gcmacts.com,+15096732290,"71 Dilley Road, Tieton, WA 9894771 Dilley Road, Tieton, Washington -98947",Tieton,WA,"=""-98947""",5,1638653,83,"[""Font Awesome"",""Google Font API"",""OpenResty"",""Revslider"",""Underscore.js"",""WooCommerce"",""WordPress"",""Yoast SEO"",""animate.css"",""jQuery"",""jQuery Migrate"",""jQuery UI""]",46190790,catchall,N/A,803beed13e1f2a1ba19ffda88b0bb1aa,N/A,N/A,85%,Social Services,https://facebook.com/gcmacts,N/A,N/A,https://instagram.com/gcmacts,N/A
Greg Held,Greg,Held,"Vice President, Gary Moore, and Brandon Jordan",greg@local121.org,737 Scholarshipunion,local121.org,+15038473712,N/A,Hermiston,OR,N/A,5,1638653,86,"[""Backbone.js"",""Bootstrap"",""Facebook"",""Google Analytics"",""MediaElement.js"",""Modernizr"",""RequireJS"",""Twitter"",""Typekit"",""UIKit"",""Underscore.js"",""YouTube"",""jQuery"",""jQuery UI""]",43019409,catchall,N/A,6fbbde6e1de13ee1d2f9b0cf3d2e6551,N/A,N/A,85%,Membership Organizations,https://facebook.com/pages/liuna-laborers-local-296/138095506290556,https://linkedin.com/company/liuna,https://twitter.com/liuna,N/A,https://youtube.com/user/liunavideo
Greg Maloney,Greg,Maloney,COO / Producer,greg.maloney@32ten.com,32ten Kerner Boulevard Studios,32ten.com,+18007173210,N/A,unknown city,unknown state,N/A,5,1638653,N/A,"[""Apache"",""Font Awesome"",""Google Analytics"",""Google Font API"",""Modernizr"",""PHP"",""Revslider"",""Twitter Emoji (Twemoji)"",""WordPress"",""jQuery"",""jQuery Migrate""]",45911354,catchall,N/A,dc22c01e8c8984ecb840901df656dc13,N/A,N/A,85%,N/A,https://facebook.com/pages/32ten-studios/148505081928176,N/A,https://twitter.com/32tenstudios,https://instagram.com/32tenstudios,https://youtube.com/user/32tenprod
Greg Nielsen,Greg,Nielsen,CEO,greg@thecathedralinstitute.com,The,thecathedralinstitute.com,+12702238343,N/A,unknown city,unknown state,N/A,5,1638653,N/A,"[""All in One SEO Pack"",""Elementor"",""Font Awesome"",""Google Analytics"",""Google Font API"",""Lightbox"",""MooTools"",""Nginx"",""OWL Carousel"",""Slick"",""Twitter Emoji (Twemoji)"",""WordPress"",""animate.css"",""jQuery"",""jQuery Migrate""]",44028358,catchall,N/A,455f37e88bb4680dde72fab181c26ebc,N/A,N/A,85%,N/A,N/A,https://linkedin.com/in/gregcoker,N/A,N/A,N/A
Daniel Gross,Daniel,Gross,Chief Operating Officer,gross_daniel@strategy-business.com,Business Strategy,strategy-business.com,+18558694862,"PO Box 255 Congers, NY 10920",unknown city,unknown state,"=""10920""",30,5700128,731,"[""Adobe DTM"",""Apache"",""DoubleClick for Publishers (DFP)"",""Font Awesome"",""Google Analytics"",""Google Cloud"",""Google Tag Manager"",""Incapsula"",""OpenSSL"",""Parse.ly"",""Red Hat"",""SiteCatalyst"",""jQuery"",""jQuery Migrate"",""jQuery UI""]",45350530,catchall,N/A,3c0a04504cf8e85b22845384407bc2fb,N/A,N/A,85%,Advertising,https://facebook.com/strategybusiness,https://linkedin.com/company/strategy-business,https://twitter.com/stratandbiz,N/A,N/A
Gary Hackler,Gary,Hackler,VP General Manager - Wcia,hackler@tvguide.com,Tv Guide,tvguide.com,N/A,N/A,Bell,CA,N/A,30,1000000,8361,"[""Chartbeat"",""CloudFlare"",""Criteo"",""Google Tag Manager"",""Java"",""New Relic"",""Prebid"",""Tealium"",""jQuery""]",42005674,catchall,N/A,b035a8ea4870f6f128be04c0a5521fb3,N/A,N/A,85%,Residential Care,https://facebook.com/tvguide,N/A,https://twitter.com/tvguide,https://instagram.com/tvguide,N/A
Hannah Basinger,Hannah,Basinger,"Vice President, Guest Operations",hannah.basinger@childrenshomes.org,Child,childrenshomes.org,+18702369743,"5515 Walcott Road Paragould, AR 72450",Paragould,AR,"=""72450""",30,3000000,8361,"[""Apache"",""CloudFlare"",""FancyBox"",""Google Analytics"",""Google Font API"",""Hammer.js"",""MediaElement.js"",""Mustache"",""VideoJS"",""Weebly"",""jQuery"",""jQuery UI""]",38991724,catchall,N/A,f5fa72fd09024872f7fc28c56d6e4504,N/A,N/A,85%,Residential Care,https://facebook.com/childrenshomesinc,N/A,https://twitter.com/childrenshomes,N/A,N/A
Himanshu Patel,Himanshu,Patel,VP of Engineering,himanshupatel@pex.com,Pex.comlatest,pex.com,N/A,N/A,San Francisco,CA,N/A,30,2400000,71,"[""Google Analytics"",""Google Font API"",""Google Tag Manager"",""Webflow"",""jQuery""]",43754705,catchall,N/A,c4cd70e3a648c50b3644312fa44eba56,N/A,N/A,85%,N/A,N/A,https://linkedin.com/company/pexeso,https://twitter.com/pex,N/A,N/A
Carolyn Holly,Carolyn,Holly,Vice President,holly@st-alphonsus.org,St-alphonsus,st-alphonsus.org,+14144211760,"6000 W. Loomis Rd. Greendale, WI 531296000 W. Loomis Road Greendale, WI 53129-18255960 W. Loomis Rd. Greendale, WI 531296060 West Loomis Road Greendale, WI 531296060 W. Loomis Rd. Greendale, WI 53129",Greendale,WI,"=""53129""",75,2000000,8661,"[""Amazon Cloudfront"",""Apache"",""Font Awesome"",""Google Analytics"",""Java"",""MediaElement.js"",""OpenSSL"",""PHP"",""Red Hat"",""SweetAlert"",""jQuery"",""mod_jk""]",39450572,catchall,N/A,155f56e8e998aeaf7a9947b2d36f0a56,N/A,N/A,85%,Religious Organizations,https://facebook.com/stalphonsusschoolgreendale,N/A,N/A,N/A,N/A
Howard Lemons,Howard,Lemons,"Vice President, Digital Channels and",howard@madf.org,Madf,madf.org,+17703390849,"P.O. Box #1941 Suwanee, Georgia",Suwanee,GA,N/A,5,1638653,839998,"[""CodeIgniter"",""DreamWeaver"",""Google Analytics"",""Microsoft Word"",""OpenResty"",""SWFObject"",""ShareThis"",""jQuery""]",41256005,catchall,N/A,b642a6dbecf06cec96691f28fdc47a33,N/A,N/A,85%,Social Services: Not Elsewhere Classified,https://facebook.com/pages/madf-make-a-difference-foundation-inc/128065600579167,N/A,https://twitter.com/madfinc,N/A,https://youtube.com/user/themadfonline
Hoyoung Pak,Hoyoung,Pak,Chief Operating Officer,hoyoung.pak@sgs.com,Sgs Grants You,sgs.com,N/A,N/A,Wilmington,NC,N/A,30,1000000,2833,"[""CloudFlare"",""Google Tag Manager"",""Microsoft ASP.NET"",""Sitecore""]",39238492,catchall,N/A,40a2aa3dd0a4243690a07f804bd038e2,N/A,N/A,85%,Medicinal Chemicals and Botanical Products,https://facebook.com/sgs,https://linkedin.com/company/sgs,https://twitter.com/sgs_sa,https://instagram.com/sgsglobal,https://youtube.com/user/sgseditor
Ian Liu,Ian,Liu,Director of Operations,iliu@express-scripts.com,Express Scripts Holding,express-scripts.com,+18007115672,"1 Express Way, St. Louis, MO 63121",Henderson,NV,"=""63121""",5,1638653,5912,"[""Adobe DTM"",""Modernizr"",""React"",""SiteCatalyst"",""reCAPTCHA""]",42279905,catchall,N/A,cb1badec7a415ad872e8008e3b10b35c,N/A,N/A,85%,Drug Stores and Proprietary Stores,https://facebook.com/expressscripts,https://linkedin.com/company/express-scripts,https://twitter.com/expressscripts,N/A,N/A
Ira Lucia,Ira,Lucia,Vice President,ira.lucia@leadershipmissioninternational.org,Leadership Mission,leadershipmissioninternational.org,N/A,N/A,unknown city,unknown state,N/A,5,1638653,N/A,"[""Google Analytics"",""Google Font API"",""Squarespace"",""Typekit"",""YUI"",""webpack""]",46162914,catchall,N/A,e40c6b1a2de63c6ab5d7039c36123884,N/A,N/A,85%,N/A,https://facebook.com/leadershipmissioninternational,N/A,N/A,N/A,N/A
Miller Vice,Miller,Vice,Vice President,irene@cbicc.org,Cbicc,cbicc.org,+18773818618,"131 S. Fraser St, Ste. 1, State College, PA 16801",State College,PA,"=""16801""",5,1638653,8611,"[""Apache"",""CloudFlare"",""Facebook"",""FancyBox"",""Google Analytics"",""Google Font API"",""MediaElement.js"",""Mustache"",""VideoJS"",""Weebly"",""jQuery"",""jQuery UI""]",37105726,catchall,N/A,2faf04a29f4088ba642d8cea52da3fd5,N/A,N/A,85%,Business Associations,https://facebook.com/cbicc,N/A,N/A,N/A,https://youtube.com/channel/ucb6q387jl0z9sxmycsan_hw
Jackie Morris,Jackie,Morris,"Sr. Vice President, Strategy and Business ...",jackie@horizons-for-youth.org,Horizons For Youth,horizons-for-youth.org,+13126279031,"703 W Monroe St Chicago, IL 60661",Chicago,IL,"=""60661""",5,3000000,8322,"[""Font Awesome"",""Google Font API"",""IIS"",""Microsoft ASP.NET"",""Modernizr"",""Plesk"",""Twitter Emoji (Twemoji)"",""WordPress"",""YouTube"",""jQuery"",""jQuery Migrate""]",45418859,catchall,N/A,b58186e05574c53a0dd686c5d0c6f829,N/A,N/A,85%,Individual and Family Social Services,https://facebook.com/horizonsforyouthchicago,https://linkedin.com/company/horizons-for-youth,https://twitter.com/horizonsfy,https://instagram.com/horizonsforyouth,https://youtube.com/channel/ucwqbb3ge9e0nurg2srxecra
Jake Lankheit,Jake,Lankheit,Vice President of North American Touring ...,jake@intrepidartists.com,Intrepid Artists,intrepidartists.com,+17043584777,"1300 Baxter Street Suite 130 Charlotte, NC 28204",Charlotte,NC,"=""28204""",5,1638653,7829,"[""Font Awesome"",""Google Analytics"",""Google Tag Manager"",""Nginx"",""Twitter Emoji (Twemoji)"",""WordPress"",""YouTube"",""ZURB Foundation"",""jQuery"",""jQuery Migrate""]",39902308,catchall,N/A,f3b2fbe4954c73946e2709c465627b4d,N/A,N/A,85%,Services Allied To Motion Picture Distribution,https://facebook.com/pages/intrepid-artists-international/118949298154179,N/A,N/A,N/A,N/A
Jan Forslow,Jan,Forslow,VP of Product Management,jan@arable.com,Arable Labs,arable.com,+15109924095,N/A,unknown city,unknown state,N/A,30,2000000,N/A,"[""Apache"",""Bootstrap"",""Google Analytics"",""Google Font API"",""WordPress"",""YouTube"",""jQuery"",""jQuery Migrate""]",43516134,catchall,N/A,d66a0c86b79105a0a72be068d7ae5503,N/A,N/A,85%,N/A,https://facebook.com/arablelabs,https://linkedin.com/company/arable-labs-inc.,https://twitter.com/arablelabs,https://instagram.com/arablelabs,N/A
Janet A S,Janet,S,"Vice President, Brand Communications",janet@ncreadingservice.org,Radio Reading Svc,trianglereadingservice.org,+19198335220,"211 East Six Forks Road, Suite 103, Raleigh, North Carolina 27609",Raleigh,NC,"=""27609""",5,1638653,8322,"[""Google Analytics"",""Google Font API"",""Google Tag Manager"",""Modernizr"",""Nginx"",""Revslider"",""TrackJs"",""Twitter Emoji (Twemoji)"",""WP Engine"",""WordPress"",""animate.css"",""jQuery"",""jQuery Migrate"",""particles.js""]",43013684,catchall,N/A,29516f92ced0a3c0454fb253218bcd75,N/A,N/A,85%,Individual and Family Social Services,https://facebook.com/trrsnc/,N/A,N/A,https://instagram.com/ncreadingservice/,N/A
Jay Dixon,Jay,Dixon,Senior Vice President,jay.dixon@uwcfa.org,United Way Of The Cape Fear Area,uwcfa.org,+19102511465,"Building II, Suite 115 Wilmington, NC 28403Area, 5919 Oleander Drive, Suite 115, Wilmington, NC",Wilmington,NC,N/A,30,3000000,8641,"[""Apache"",""Bootstrap"",""Facebook"",""Font Awesome"",""Google Font API"",""Material Design Lite"",""OWL Carousel"",""Revslider"",""Twitter"",""Twitter Emoji (Twemoji)"",""Underscore.js"",""WooCommerce"",""WordPress"",""animate.css"",""jQuery"",""jQuery Migrate""]",42552637,catchall,N/A,355d983551dbfc1e4ffc90adcf0b7b87,N/A,N/A,85%,Civic: Social: and Fraternal Associations,https://facebook.com/pages/united-way-of-the-cape-fear-area/71364480198,N/A,https://twitter.com/unitedwaycfa,https://instagram.com/unitedwaycapefear,https://youtube.com/user/unitedwaycapefear/videos
Jr Bennett,Jr,Bennett,VP of Construction Management,jbennett@pvhome.org,Pvhome.orgfollow,pvhome.org,+13196562421,"811 Third Street Kalona, Iowa 52247811 Third Street, Kalona IA 52247",Kalona,IA,"=""52247""",N/A,3379200,8051,"[""Apache"",""FancyBox"",""Google Analytics"",""Google Font API"",""Hammer.js"",""MediaElement.js"",""Mustache"",""PayPal"",""VideoJS"",""Weebly"",""jQuery""]",40266160,catchall,N/A,661104f8e4aacdfec0849a6d4f5fa814,N/A,N/A,85%,Skilled Nursing Care Facilities,https://facebook.com/pvhome,N/A,N/A,N/A,N/A
Jane Doliva,Jane,Doliva,Assistant Vice President,jdoliva@pennrose.com,Pennrose,pennrose.com,+12673868600,"Gloria Robinson Court Homes, Jersey City, New Jersey",Kingston,PA,N/A,30,2653200,832,"[""FancyBox"",""Google Analytics"",""Google Font API"",""Modernizr"",""jQuery"",""jQuery UI""]",38833339,catchall,N/A,a76138089ce1eea128da993917098f7f,N/A,N/A,85%,Individual and Family Social Services,https://facebook.com/pennrosecompanies,https://linkedin.com/company/pennrose,https://twitter.com/pennrosecompany,N/A,https://youtube.com/channel/ucye7crnt5tqahgg_mgzpaew
Jeff Thornbury,Jeff,Thornbury,Vice President,jeff@thornbury.org,Thornbury Township Delaware County School District Authority,thornbury.org,+16103993162,"6 Township Drive Cheyney, PA 19319",Cheyney,PA,"=""19319""",5,1638653,9111,"[""Amazon Cloudfront"",""Apache"",""Bootstrap"",""D3"",""Google Font API"",""Varnish"",""jQuery"",""jQuery UI"",""reCAPTCHA""]",43147797,catchall,N/A,13cd155b841c43e41c3955747b8c333f,N/A,N/A,85%,Executive Offices,N/A,N/A,N/A,N/A,N/A
Jennifer Shady,Jennifer,Shady,Vice President,jennifer@limousinworld.com,Nalf,limousinworld.com,+16053100791,"to:NALF, 6 Inverness Court East, Suite 260 Englewood, CO 80112-5595",Guthrie,OK,"=""80112-5595""",N/A,2572470,62,"[""Apache"",""Bootstrap"",""Font Awesome"",""Google Analytics"",""MailChimp"",""OWL Carousel"",""Plesk"",""WordPress"",""YouTube"",""jQuery""]",43978161,catchall,N/A,a2499edf4df77a8275aca8d43c4ca696,N/A,N/A,85%,Security and Commodity Brokers: Dealers: Exchanges: and Services,https://facebook.com/northamericanlimousin,N/A,https://twitter.com/limousincattle,N/A,https://youtube.com/channel/ucuau1qfefjigmxc5axsh7oa
Jennifer Parker,Jennifer,Parker,Vice President,jennifer.parker@unitedwayofcachevalley.org,United Way Of Cache Valley Cache Valley,unitedwayofcachevalley.org,+14355548631,"160 N. Main #102 PO Box 3281 Logan, UT 84323",unknown city,unknown state,"=""84323""",5,1638653,8641,"[""Bootstrap"",""Font Awesome"",""Google Analytics"",""Google Font API"",""Laravel"",""Nginx"",""PHP"",""PayPal"",""Ubuntu"",""jQuery""]",38249070,catchall,N/A,ca2617ab74bb93bb098e01c3b0356e31,N/A,N/A,85%,Civic: Social: and Fraternal Associations,https://facebook.com/united-way-of-cache-valley-196251340521249/,N/A,N/A,N/A,N/A
Jenny Heizman,Jenny,Heizman,Vice President,jennyh@hcmhrsb.org,Hamilton County Mental Health And Recovery Services Board,hcmhrsb.org,+15132817422,"2350 Auburn Ave. Cincinnati, OH 45219",Cincinnati,OH,"=""45219""",30,1000000,9431,"[""Flywheel"",""Font Awesome"",""Google Analytics"",""Google Font API"",""Google Tag Manager"",""TrackJs"",""Twitter Emoji (Twemoji)"",""WordPress"",""Yoast SEO"",""jQuery"",""reCAPTCHA""]",39732141,catchall,N/A,08d0c5194a73fc93a213a5169cec1c1d,N/A,N/A,85%,Administration of Public Health Programs,https://facebook.com/hcmhrsb,https://linkedin.com/company/9279703,N/A,N/A,N/A
Jenny Barker,Jenny,Barker,Vice President of Account Services,jenny@reedpublicrelations.com,Reed Public Relations,reedpublicrelations.com,+16156454324,N/A,unknown city,unknown state,N/A,5,1638653,N/A,"[""Apache"",""Google Analytics"",""Google Tag Manager"",""MailChimp"",""Slick"",""WordPress"",""Yoast SEO"",""ZURB Foundation"",""jQuery"",""jQuery Migrate""]",38036029,catchall,N/A,7c5774003d024234beef278a22919a63,N/A,N/A,85%,N/A,https://facebook.com/reedpublicrelations,https://linkedin.com/company/reed-public-relations,https://twitter.com/itsreedpr,https://instagram.com/reed_pr,N/A
Jerry Daly,Jerry,Daly,"Senior Vice President, Optum Relationship",jerry@dalygray.com,Daly Gray,dalygray.com,+17034356293,"620 Herndon Parkway, Suite 115 Herndon, VA 20170",unknown city,unknown state,"=""20170""",N/A,2400000,8743,"[""Apache"",""Font Awesome"",""Google Analytics"",""Google Font API"",""Modernizr"",""PHP"",""Twitter Emoji (Twemoji)"",""WordPress"",""jQuery"",""jQuery Migrate""]",45856625,catchall,N/A,4dad5232522eb12c6a1623bfdd53ad4c,N/A,N/A,85%,Public Relations Services,https://facebook.com/daly-gray-public-relations-300790013267464,https://linkedin.com/in/chris-daly-716685,https://twitter.com/dalygray,N/A,N/A
Jessica Fleck,Jessica,Fleck,Vice President For Advancement,jessica.fleck@kyumh.org,Averitt Cottage,kyumh.org,+12706833723,"1115 Ashgrove Road Nicholasville, KY 40356",Versailles,KY,"=""40356""",5,4000000,8361,"[""Google Font API"",""OpenResty"",""Typekit"",""Varnish"",""Webflow"",""jQuery""]",43854173,catchall,N/A,e607afd9264d0ec5c4f93e1daf54b1aa,N/A,N/A,85%,Residential Care,https://facebook.com/kyumh,N/A,https://twitter.com/kyumhcy,https://instagram.com/kymethodistchildrenshomes,https://youtube.com/channel/ucsc-patew-wnygcmqiu2pra
John Gagliano,John,Gagliano,Executive Vice President,jgagliano@vgsi.com,Vgsi,vgsi.com,+18006281013,"1 Cabot Road Hudson, MA",unknown city,unknown state,N/A,5,1638653,N/A,"[""Google Analytics"",""Google Font API"",""IIS"",""PHP"",""Twitter Emoji (Twemoji)"",""WordPress"",""Yoast SEO"",""jQuery"",""jQuery Migrate""]",41475076,catchall,N/A,fda0069f55b9cc38f40cbab7434402c3,N/A,N/A,85%,N/A,N/A,N/A,N/A,N/A,N/A
Jd Glover,Jd,Glover,Vice President,jglover@tsaweb.org,Tsaweb,tsaweb.org,+12083342365,"1904 Association Drive Reston, VA 20191-1540",Reston,VA,"=""20191-1540""",30,2000000,8611,"[""Bootstrap"",""Google Font API"",""IIS"",""Microsoft ASP.NET"",""Plesk"",""Sitefinity"",""jQuery""]",45785674,catchall,N/A,8216db7967012a8d28265f17e6370309,N/A,N/A,85%,Business Associations,https://facebook.com/nationaltsa,N/A,https://twitter.com/#!/nationaltsa,https://instagram.com/nationaltsa,N/A
Jim Cairns,Jim,Cairns,VP of Customer Success,jim@arable.com,Arable Labs,arable.com,+15109924095,N/A,unknown city,unknown state,N/A,30,2000000,N/A,"[""Apache"",""Bootstrap"",""Google Analytics"",""Google Font API"",""WordPress"",""YouTube"",""jQuery"",""jQuery Migrate""]",43516129,catchall,N/A,fd928c7da668a004ae53eeeb2a0db2e2,N/A,N/A,85%,N/A,https://facebook.com/arablelabs,https://linkedin.com/company/arable-labs-inc.,https://twitter.com/arablelabs,https://instagram.com/arablelabs,N/A
Jim Collura,Jim,Collura,Vice President &amp; Director of Legislative,jim.collura@nefi.com,Nefi,nefi.com,+16178042222,"Suite 500 Arlington, VA 22209",Lexington,MA,"=""22209""",30,1000000,8611,"[""Bootstrap"",""Concrete5"",""Font Awesome"",""Google Analytics"",""Google Font API"",""Nginx"",""PHP"",""TinyMCE"",""jQuery"",""jQuery UI"",""reCAPTCHA""]",44010703,catchall,N/A,337796439474dd51869733a1ed6152e8,N/A,N/A,85%,Business Associations,https://facebook.com/newenglandfuelinstitute,https://linkedin.com/company/new-england-fuel-instiute,https://twitter.com/nefiaction,N/A,N/A
Jimmy Horowitz,Jimmy,Horowitz,Director of Operations,jimmy@cynergydatatexas.com,Cynergy Data Texas,cynergydatatexas.com,+15122502380,"206 W. Main Street Suite #112 Round Rock, TX 78664",Round Rock,TX,"=""78664""",5,1638653,62,"[""Font Awesome"",""Google Analytics"",""Google Font API"",""Nginx"",""PHP"",""Twitter Emoji (Twemoji)"",""WordPress"",""Yoast SEO"",""YouTube"",""jQuery"",""reCAPTCHA""]",41706878,catchall,N/A,19c5c041c4207808d0c0d38b99f98a52,N/A,N/A,85%,Security and Commodity Brokers: Dealers: Exchanges: and Services,https://facebook.com/cynergydatatexas,N/A,https://twitter.com/cynergydatatx,N/A,N/A
John Lee,John,Lee,"Vice President, Financial Analytics & Growth Development",jlee@newdirectionsinc.org,New Directions,newdirectionsinc.org,N/A,N/A,Graham,NC,N/A,30,2000000,8661,[],38801938,catchall,N/A,cb6d5703f62d89b671ff123f59e49ad3,N/A,N/A,85%,Religious Organizations,N/A,N/A,N/A,N/A,N/A
Jordan Lytle,Jordan,Lytle,Director of Operations,jlytle@genesta.com,Genesta Partnership,genesta.com,N/A,N/A,Rockwall,TX,N/A,30,2000000,7373,[],38528321,catchall,N/A,64c0128dfc47e55b77bc41d347c705ad,N/A,N/A,85%,Computer Integrated Systems Design,N/A,N/A,N/A,N/A,N/A
John Bellantuono,John,Bellantuono,Executive Vice President,john@atomnation.com,Atomnation Com,atomnation.com,N/A,N/A,Wixom,MI,N/A,5,1638653,9999,"[""Apache""]",42484236,catchall,N/A,37113de21d45ad2649ec62b4c9a94af0,N/A,N/A,85%,Nonclassifiable Establishments,N/A,N/A,N/A,N/A,N/A
John Barrow,John,Barrow,"Corporate Senior Vice President, Chief",john.barrow@kalihiunion.org,Kalihi Union,kalihiunion.org,+18088417022,"2214 N. King Street Honolulu, HI 96819",Honolulu,HI,"=""96819""",5,1638653,86,"[""Bootstrap"",""Font Awesome"",""Google Font API"",""Handlebars"",""PHP"",""Revslider"",""Snap.svg"",""Sucuri"",""Twitter Emoji (Twemoji)"",""WordPress"",""animate.css"",""jQuery"",""jQuery Migrate"",""jQuery Mobile""]",36490240,catchall,N/A,1d71eca3f949ae70681d562534741b8c,N/A,N/A,85%,Membership Organizations,https://facebook.com/kalihiunionchurch,N/A,https://twitter.com/kalihiunion,N/A,https://youtube.com/channel/uc8brrqsk4mvtxvbhu430p6q
John Cooper,John,Cooper,Vice President,john.cooper@afras.org,Afras,afras.org,+19208545253,"PO Box 565 Fish Creek, WI 54212-0565",unknown city,unknown state,"=""54212-0565""",5,1638653,N/A,"[""Font Awesome"",""Google Analytics"",""Google Font API"",""Google Tag Manager"",""Nginx"",""Twitter Emoji (Twemoji)"",""WP Engine"",""WordPress"",""jQuery"",""jQuery Migrate""]",44934038,catchall,N/A,67afe26429868a8c68e2c97b276b8af5,N/A,N/A,85%,N/A,https://facebook.com/afras.org,https://linkedin.com/company/association-for-rescue-at-sea-inc-afras-,https://twitter.com/afras_inc,N/A,N/A
John Kent,John,Kent,Vice President,john@kentculture.org,Kent,kentcountyartscouncil.org,+13477684930,"101 Spring Ave. Chestertown, MD 21620",Chestertown,MD,"=""21620""",5,1638653,84,"[""Bootstrap"",""Font Awesome"",""Google Font API"",""NextGEN Gallery"",""Nginx"",""OWL Carousel"",""PHP"",""Twitter Emoji (Twemoji)"",""WordPress"",""animate.css"",""jQuery"",""jQuery Migrate""]",44582295,catchall,N/A,75754c0e942f2e9762818458d6313bf7,N/A,N/A,85%,Museums: Art Galleries: and Botanical and Zoological Gardens,https://facebook.com/kentcountyartscouncil,N/A,https://twitter.com/#!/spyshorenews,https://instagram.com/kentculturalalliance,https://youtube.com/user/spypublications
John Fuqua,John,Fuqua,Vice President,john@steeredstraight.org,Steered Straight,steeredstraight.org,+18566916676,"Suite 125 Murfreesboro, Tennessee 37130",Vineland,NJ,"=""37130""",5,1638653,83,"[""Google Analytics"",""Google Font API"",""Underscore.js"",""WooCommerce"",""WordPress"",""jQuery"",""jQuery Migrate""]",37575262,catchall,N/A,76f9ea58e7d84192930ef52d57a16694,N/A,N/A,85%,Social Services,https://facebook.com/steered-straight-357307196527,N/A,https://twitter.com/steeredstraight,https://instagram.com/steeredstraight,N/A
John Wurst,John,Wurst,Vice-president -,john@worldintlsecurity.com,World International Security,worldintlsecurity.com,+13055531515,"Suite #129 Miami, FL 33186",unknown city,unknown state,"=""33186""",5,1638653,N/A,"[""Apache"",""Cufon"",""DreamWeaver"",""Google Analytics"",""jQuery""]",46089735,catchall,N/A,c462033fa15c07bfd5c172ab147ab976,N/A,N/A,85%,N/A,N/A,N/A,N/A,N/A,N/A
Jonathan Deeley,Jonathan,Deeley,Vice President,jonathan@midlantictech.com,Midlantic Tech,midlantictech.com,+18004996844,N/A,Colmar,PA,N/A,5,1638653,N/A,"[""Adobe DTM"",""CloudFlare"",""Google Analytics"",""Google PageSpeed"",""Google Tag Manager"",""Hammer.js"",""HubSpot"",""IIS"",""Matomo"",""Microsoft ASP.NET"",""Sitecore"",""SoundManager"",""TweenMax"",""jQuery"",""jQuery UI"",""webpack""]",44628154,catchall,N/A,b0a448cd193f3a1ee1e5fc6347aa1fe3,N/A,N/A,85%,N/A,https://facebook.com/e3diagnostics,https://linkedin.com/company/12900033,https://twitter.com/e3diagnostics,N/A,N/A
Jordan Cash,Jordan,Cash,"Vice President, Transaction Specialist in",jordan.cash@oakwoodnb.com,Oakwoodnb,oakwoodbaptist.org,+18306251151,N/A,New Braunfels,TX,N/A,30,1000000,8661,"[""AddThis"",""Apache"",""Google Analytics"",""Modernizr"",""PHP"",""Typekit"",""jQuery""]",39921458,catchall,N/A,3d4295b49d83d50c43d5064a975a7f19,N/A,N/A,85%,Religious Organizations,https://facebook.com/oakwoodnb,N/A,https://twitter.com/erasedslate,https://instagram.com/oakwoodnb,N/A
Bill Jorn,Bill,Jorn,VP /general Manager - Kveo,jorn@tvguide.com,Tv Guide,tvguide.com,N/A,N/A,Bell,CA,N/A,30,1000000,8361,"[""Chartbeat"",""CloudFlare"",""Criteo"",""Google Tag Manager"",""Java"",""New Relic"",""Prebid"",""Tealium"",""jQuery""]",42004890,catchall,N/A,ea36ab899b52aac6bc927fb3499175de,N/A,N/A,85%,Residential Care,https://facebook.com/tvguide,N/A,https://twitter.com/tvguide,https://instagram.com/tvguide,N/A
Josh Young,Josh,Young,Vice President of New Construction,josh@tincproductions.com,Tincproductions.com212.706.0514,tincproductions.com,+12127060514,214 West 50th Street Suite 400 New York New York 10019,Brooklyn,NY,"=""10019""",5,1400000,79,"[""Lightbox"",""Squarespace"",""Typekit"",""YUI"",""jQuery"",""webpack""]",36691478,catchall,N/A,9823ec4b2daa4f57424a15b984838e66,N/A,N/A,85%,Amusement and Recreation Services,https://facebook.com/tincproductions,N/A,N/A,N/A,N/A
Jorge E Sotolongo,Jorge,Sotolongo,Vice President,jsotolongo@nainpdodge.com,Nai Np Dodge,nainpdodge.com,+14023974900,N/A,Omaha,NE,N/A,5,1000000,6513,"[""DNN"",""Google Analytics"",""Google Font API"",""IIS"",""Microsoft ASP.NET"",""YouTube"",""jQuery"",""jQuery Migrate"",""jQuery UI""]",38427929,catchall,N/A,08f9793d2ef107ddfe7b616fb61654b6,N/A,N/A,85%,Operators of Apartment Buildings,https://facebook.com/nainpdodge,https://linkedin.com/company/nai-np-dodge,https://twitter.com/nai_np_dodge,N/A,https://youtube.com/user/nainpdodge
Jim Hammar Sr,Jim,Sr,Vice President of Sales,jsr.@vgsi.com,Vgsi,vgsi.com,+18006281013,"1 Cabot Road Hudson, MA",unknown city,unknown state,N/A,5,1638653,N/A,"[""Google Analytics"",""Google Font API"",""IIS"",""PHP"",""Twitter Emoji (Twemoji)"",""WordPress"",""Yoast SEO"",""jQuery"",""jQuery Migrate""]",41475111,catchall,N/A,506c5cc6cf02daa27b4eb55e6fad6a84,N/A,N/A,85%,N/A,N/A,N/A,N/A,N/A,N/A
Jesse Tall,Jesse,Tall,Vice President of Residential Services ...,jtall@THOMPSONCFF.ORG,Thompson,THOMPSONCFF.ORG,+17048171600,N/A,Matthews,NC,N/A,300,4000000,8361,"[""Bootstrap"",""Google Font API"",""Modernizr"",""Sucuri"",""Twitter Emoji (Twemoji)"",""WordPress"",""jQuery"",""jQuery Migrate"",""prettyPhoto""]",46334432,catchall,N/A,0752e103a3ccad7857e1686a548d8646,N/A,N/A,85%,Residential Care,https://facebook.com/thompsoncff,N/A,https://twitter.com/thompsoncff,https://instagram.com/thompsoncff,N/A
Qiana Thomason,Qiana,Thomason,"Vice President, Community Health",jthomas@artskc.org,Artskc,artskc.org,+18169949240,"106 Southwest Blvd., Kansas City, MO",Kansas City,MO,N/A,5,2000000,8699,"[""Flywheel"",""Google Analytics"",""Google Font API"",""Lightbox"",""MediaElement.js"",""PHP"",""Twitter Emoji (Twemoji)"",""WordPress"",""Yoast SEO"",""jQuery"",""jQuery Migrate"",""jQuery UI""]",42385829,catchall,N/A,a771f15faac99a531c660d458f74d23d,N/A,N/A,85%,Membership Organizations: Not Elsewhere Classified,https://facebook.com/artskc,N/A,https://twitter.com/artskc,https://instagram.com/artskc,https://youtube.com/user/artskc
Jillian Totman,Jillian,Totman,Vice President of Community &amp; Public ...,jtotman@THOMPSONCFF.ORG,Thompson,THOMPSONCFF.ORG,+17048171600,N/A,Matthews,NC,N/A,300,4000000,8361,"[""Bootstrap"",""Google Font API"",""Modernizr"",""Sucuri"",""Twitter Emoji (Twemoji)"",""WordPress"",""jQuery"",""jQuery Migrate"",""prettyPhoto""]",46334439,catchall,N/A,f55eedc7d5ed42e1b2f2decd69b2191b,N/A,N/A,85%,Residential Care,https://facebook.com/thompsoncff,N/A,https://twitter.com/thompsoncff,https://instagram.com/thompsoncff,N/A
Margaret Townsend,Margaret,Townsend,"Senior Vice President, Engineering",jtownsend@arkansasfamilies.org,Arkansas,abchomes.org,+15014101668,"10 Remington Drive Little Rock, AR 72204at 10 Remington Drive, Little Rock, AR 72204",Little Rock,AR,"=""72204""",5,3000000,8322,"[""Bootstrap"",""Font Awesome"",""Google Analytics"",""Google Tag Manager"",""Nginx"",""TrackJs"",""Twitter Emoji (Twemoji)"",""WP Engine"",""WordPress"",""Yoast SEO"",""jQuery"",""jQuery Migrate""]",44282530,catchall,N/A,25d0aefd9669b84eeda46256f30a7894,N/A,N/A,85%,Individual and Family Social Services,https://facebook.com/arkansasfamilies.org,https://linkedin.com/company/arkansas-baptist-children%27s-homes,https://twitter.com/ark_families,N/A,https://youtube.com/channel/uctjkcgolbo4ayrbyeefb2jg
Julie Ahern,Julie,Ahern,VP and COO,julie@greenbriergames.com,Greenbrier Games,greenbriergames.com,N/A,"P.O. Box #20674 Worcester, MA 01602",unknown city,unknown state,"=""01602""",5,1638653,71,"[""Apache"",""Google Font API"",""Twitter Emoji (Twemoji)"",""WordPress"",""jQuery"",""jQuery Migrate"",""jQuery UI"",""reCAPTCHA""]",41947554,catchall,N/A,0cc00c8c387a4c5257b42f3196f26cf0,N/A,N/A,85%,N/A,https://facebook.com/greenbriergames,https://linkedin.com/company/greenbrier-games,https://twitter.com/greenbriergames,https://instagram.com/greenbriergames/,https://youtube.com/user/greenbriergames/videos
Justine Jones,Justine,Jones,Vice President Regulatory Exams,justine.jones@ovfrd.org,Orlean Volunteer Fire & Rescue Department,ovfrd.org,+15403641880,"6838 Leeds Manor Rd. Marshall, VA 20115",Orlean,VA,"=""20115""",5,1638653,9224,"[""Google Font API"",""LiteSpeed"",""NextGEN Gallery"",""PHP"",""Twitter Emoji (Twemoji)"",""WordPress"",""YouTube"",""jQuery"",""jQuery Migrate""]",43641183,catchall,N/A,acdbde7171d64c51a64df3fe2ef8b0ec,N/A,N/A,85%,Fire Protection,https://facebook.com/ovfrd,N/A,N/A,N/A,N/A
Kali Baker,Kali,Baker,Vice President of Community Investment ...,kali@omahafoundation.org,Omaha Community Foundation,omahafoundation.org,+14029334250,"3555 Farnam Street, Suite 222 Omaha, NE 68131",Omaha,NE,"=""68131""",5,1638653,83,"[""Flywheel"",""Google Analytics"",""Google Tag Manager"",""MailChimp"",""Modernizr"",""WordPress"",""Yoast SEO"",""ZURB Foundation"",""jQuery""]",39258998,catchall,N/A,ac8897b8c89d57fc25ca07bd146355fe,N/A,N/A,85%,Social Services,https://facebook.com/omahafoundation,N/A,https://twitter.com/omahafoundation,https://instagram.com/omahafoundation,N/A
Karen Passmore,Karen,Passmore,CEO,karen@predictiveux.com,Predictive Ux,predictiveux.com,N/A,N/A,unknown city,unknown state,N/A,5,1638653,N/A,"[""ClickFunnels"",""CloudFlare"",""Facebook"",""Fingerprintjs"",""Font Awesome"",""Google Font API"",""Hotjar"",""MediaElement.js"",""Moment.js"",""Phusion Passenger"",""RackCache"",""Stripe"",""VideoJS"",""jQuery""]",36973792,catchall,N/A,6ca5c7e4f17c9fac79e4e6f86c32b151,N/A,N/A,85%,N/A,https://facebook.com/predictiveux,https://linkedin.com/company/predictive-ux,https://twitter.com/predictiveux,N/A,N/A
Michael Karnes,Michael,Karnes,CEO,karnes@mkenterprisesco.com,M K Enterprises,mkenterprisesco.com,N/A,N/A,unknown city,unknown state,N/A,5,1638653,N/A,"[""Nginx"",""Plesk""]",43314199,catchall,N/A,d83c935442b1bc2aea3a4c799ff28caa,N/A,N/A,85%,N/A,https://facebook.com/plesk,N/A,https://twitter.com/plesk,N/A,N/A
Kathy Riccardi,Kathy,Riccardi,Vice President Operations,kathy@greatplainsnursery.com,Great Plains Nursery,greatplainsnursery.com,+14025404801,"3074 Country Road I Weston, NE 68070",Lincoln,NE,"=""68070""",5,1000000,N/A,"[""DataTables"",""Flywheel"",""Google Font API"",""Google Tag Manager"",""MediaElement.js"",""Twitter Emoji (Twemoji)"",""WooCommerce"",""WordPress"",""Yoast SEO"",""YouTube"",""jQuery"",""jQuery Migrate""]",40098952,catchall,N/A,c2c190ca616871e8e892ce53417644f5,N/A,N/A,85%,N/A,https://facebook.com/greatplainsnursery,N/A,https://twitter.com/great_plains_ne,N/A,N/A
Kristine Augustine,Kristine,Augustine,"Vice President, Business and",kaugustine@scrantonchamber.com,Scranton Chamber,scrantonchamber.com,+15703427711,"222 Mulberry St. Scranton, PA 18501222 Mulberry Street PO Box 431 Scranton, PA 18501222 Mulberry Street Scranton, PA 18503",Scranton,PA,"=""18503""",30,3000000,8611,"[""Bootstrap"",""CloudFlare"",""Facebook"",""Font Awesome"",""Google Analytics"",""Gravatar"",""Nginx"",""PHP"",""Twitter Emoji (Twemoji)"",""Underscore.js"",""WordPress"",""jQuery"",""jQuery Migrate""]",46570056,catchall,N/A,5015a36330bf97fa9ef3f0ab4305eafb,N/A,N/A,85%,Business Associations,https://facebook.com/scrantonchamber,https://linkedin.com/company/the-greater-scranton-chamber-of-commerce,https://twitter.com/scrantonchamber,N/A,https://youtube.com/user/scrantonchamber1
Kayle Sexton,Kayle,Sexton,Director of Operations,kayle@hannahandfriends.org,Hannah And Friends,hannahandfriends.org,+15742894831,"community along Hollyhock Road, north of South Bend, Indiana.Hannah and Friends, 51250 Hollyhock Road, South Bend, IN 46637",South Bend,IN,"=""46637""",5,1638653,8322,"[""MailChimp"",""Nginx"",""Revslider"",""Twitter Emoji (Twemoji)"",""Underscore.js"",""WooCommerce"",""WordPress"",""Yoast SEO"",""YouTube"",""jQuery"",""jQuery Migrate"",""jQuery UI"",""prettyPhoto""]",37241888,catchall,N/A,796a280c3f4b432653a6a8c86785bf5f,N/A,N/A,85%,Individual and Family Social Services,https://facebook.com/hannahandfriends,https://linkedin.com/company/hannah-&-friends,https://twitter.com/hannah_friends,https://instagram.com/hannah_andfriends,https://youtube.com/channel/ucjlgn1xpflw5vxrpd8dqrcq
Kelly Boutwell,Kelly,Boutwell,"Vice President, Member",kelly.boutwell@tnchamber.org,Chamber,tnchamber.org,+16155380489,N/A,Nashville,TN,N/A,30,2000000,8611,"[""Apache"",""CodeIgniter"",""ExpressionEngine"",""Facebook"",""Google Analytics"",""Google Tag Manager"",""Modernizr"",""jQuery""]",37561981,catchall,N/A,3579a6beb03728a89dcc2e940af0a350,N/A,N/A,85%,Business Associations,https://facebook.com/tennesseechamber,N/A,https://twitter.com/tnchamber,N/A,N/A
Ken Hessel,Ken,Hessel,"Vp, Director of Portfolio Management ...",ken@hessel.org,Hessel,hessel.org,+17078238556,N/A,Sebastopol,CA,N/A,5,1000000,8661,"[""Google Analytics"",""Google Font API"",""IIS"",""OWL Carousel"",""jQuery"",""reCAPTCHA""]",39311228,catchall,N/A,9af525b61f7a42a317b6afc7e80df1de,N/A,N/A,85%,Religious Organizations,https://facebook.com/hesselchurch,N/A,N/A,https://instagram.com/hessel_church,https://youtube.com/user/hesselchurch
Ken Paul,Ken,Paul,"Vp, Development",kenpaul@achievementfirst.org,Achievement First,achievementfirst.org,+14016336677,"335 Adams Street, Suite 700 Brooklyn, NY 11201",Brooklyn,NY,"=""11201""",75,3000000,8211,"[""Apache"",""Facebook"",""Google Analytics"",""Google Tag Manager"",""Lodash"",""MailChimp"",""WordPress"",""Yoast SEO"",""ZURB Foundation"",""jQuery""]",40048190,catchall,N/A,f6e28d5c1bf24076cdf95037fd41b118,N/A,N/A,85%,Elementary and Secondary Schools,https://facebook.com/achievementfirst,N/A,https://twitter.com/achievement1st,https://instagram.com/achievement1st,N/A
Ken Photography,Ken,Photography,Vice President,ken@vintageaerial.com,Vintage Aerial,vintageaerial.com,+18884026901,"2340 Detroit Ave., Maumee, OH 43537",Maumee,OH,"=""43537""",5,1638653,N/A,"[""D3"",""Facebook"",""Google Analytics"",""Google Cloud"",""Google Maps"",""React"",""SweetAlert"",""jQuery""]",36796010,catchall,N/A,8f7a431aededc8a2e477c1da9ef4b5a9,N/A,N/A,85%,N/A,N/A,N/A,N/A,N/A,N/A
Kevin Leary,Kevin,Leary,COO,kevin@foodtradenews.com,Foodtradenews,best-met.com,+14107305013,N/A,Columbia,MD,N/A,5,1000000,2711,"[""Google Analytics"",""Google Font API"",""Google Tag Manager"",""Gravatar"",""Liquid Web"",""MailChimp"",""Nginx"",""Twitter Emoji (Twemoji)"",""Typekit"",""WooCommerce"",""WordPress"",""Yoast SEO"",""jQuery"",""jQuery Migrate""]",36840859,catchall,N/A,8e895b1a677d1eefd128f6ee9230156c,N/A,N/A,85%,Newspapers: Publishing: Or Publishing and Printing,https://facebook.com/foodtradenews,https://linkedin.com/company/foodtradenews,https://twitter.com/foodtradenews,https://instagram.com/foodtradenews,N/A
Kevin Smith,Kevin,Smith,Director of Operations and Business ...,kevin@thesmithgroupmi.com,Smith Consulting Group,thesmithgroupmi.com,+15177681460,"Suite 906 Jackson, MI 49201",Jackson,MI,"=""49201""",5,1638653,7361,"[""RequireJS"",""Sentry"",""Wix""]",40084636,catchall,N/A,9d1c4e77e5746b02be087c31627dc497,N/A,N/A,85%,Employment Agencies,https://facebook.com/smithgroupmi,https://linkedin.com/company/2515559/admin,https://twitter.com/thesmithconsult,N/A,N/A
Henry Figueroa,Henry,Figueroa,Vice President,khenry@stjoanofarcpowell.org,St Joan Of Arc,stjoanofarcpowell.org,+16143090157," 2020 St. Joan of Arc | Powell, OH. -- Made withSt. Joan of Arc Catholic Church  Powell, Ohio10700 Liberty Road South Powell, Ohio 43065",Powell,OH,"=""43065""",5,1638653,86,"[""Apache"",""Google Font API"",""Lightbox"",""MediaElement.js"",""Moment.js"",""Revslider"",""Twitter Emoji (Twemoji)"",""WooCommerce"",""WordPress"",""animate.css"",""jQuery"",""jQuery Migrate"",""reCAPTCHA""]",36361968,catchall,N/A,41c2c3fdba8fb0435f61d75418474a05,N/A,N/A,85%,Membership Organizations,https://facebook.com/stjoanofarcpowell,N/A,N/A,https://instagram.com/stjoanpowell,N/A
Kim Fredericks,Kim,Fredericks,Vice President,kim@bellevuechamber.org,Bellevue Chamber,bellevuechamber.org,+18005622582,330 112th Ave NE #100,Bellevue,WA,"=""0#100""",5,1000000,8611,"[""Facebook"",""Google Analytics"",""Google Font API"",""Gravity Forms"",""Nginx"",""OWL Carousel"",""Twitter Emoji (Twemoji)"",""WP Engine"",""WordPress"",""Yoast SEO"",""animate.css"",""jQuery"",""jQuery Migrate"",""jQuery UI"",""reCAPTCHA""]",43498458,catchall,N/A,7deff92e9d0880ee007897889a5a24a3,N/A,N/A,85%,Business Associations,https://facebook.com/bellevuechamber/,https://linkedin.com/company/bellevue-chamber-of-commerce,https://twitter.com/bellevuechamber,https://instagram.com/bellevuechamber,https://youtube.com/channel/uchpt_yemdvbixz2ghht2bpg
John Kirkland,John,Kirkland,Vice President,kirkland@chathamclub.com,Chatham Club,chathamclub.com,+19733775771,"484 Southern Blvd Chatham, NJ 07928-1406",Chatham,NJ,"=""07928-1406""",30,3000000,7991,"[""All in One SEO Pack"",""Bootstrap"",""Chart.js"",""Font Awesome"",""Google Analytics"",""Modernizr"",""Nginx"",""Twitter Emoji (Twemoji)"",""WordPress"",""jQuery"",""jQuery Migrate"",""jQuery UI""]",40356543,catchall,N/A,a14b3c6555f729544597da2e0e07469a,N/A,N/A,85%,Physical Fitness Facilities,https://facebook.com/chathamclub,N/A,N/A,https://instagram.com/thechathamclub,https://youtube.com/channel/ucrewnpw6v-nfi4smlv-cqlg/videos
Kiran Takhar,Kiran,Takhar,Vice President,ktakhar@restassuredsystem.com,Rest Assured Collectively,restassuredsystem.com,+15026307023,N/A,unknown city,unknown state,N/A,N/A,2400000,N/A,"[""Apache"",""Google Tag Manager"",""WordPress"",""Yoast SEO"",""jQuery""]",46389860,catchall,N/A,97e4dc79ec4ecd7e80e2ad898e398efe,N/A,N/A,85%,N/A,https://facebook.com/restassuredtelecare,https://linkedin.com/company/restassuredmonitoring,N/A,N/A,N/A
Lacey Pittman,Lacey,Pittman,"Tomanek, Vice President, Alumni Program",lacey.pittman@teachforamerica.com,Teach For America,teachforamerica.com,+18008321230,N/A,Mcallen,TX,N/A,5,1638653,83,"[""Drupal"",""Font Awesome"",""Google Tag Manager"",""Optimizely"",""jQuery"",""jQuery UI""]",36416104,catchall,N/A,057c92c5acf57332c23643020a36f9f3,N/A,N/A,85%,Social Services,https://facebook.com/teachforamerica,https://linkedin.com/company/teach-for-america,https://twitter.com/teachforamerica,https://instagram.com/teachforamerica,https://youtube.com/user/teachforamerica
Latitude Jobs,Latitude,Jobs,CEO,latitude@latitudechicago.org,Latitude Chicago,latitudechicago.org,+17738882241,N/A,unknown city,unknown state,N/A,5,1638653,N/A,"[""Google Font API"",""Microsoft Word"",""Squarespace"",""YUI"",""webpack""]",44989765,catchall,N/A,4bfbcfc429601a4b90eff250db9d3ac3,N/A,N/A,85%,N/A,https://facebook.com/latitudechicago,N/A,N/A,https://instagram.com/latitudechi,N/A
Lauri Kinkar,Lauri,Kinkar,CEO,lauri.kinkar@messente.com,Messente,messente.com,N/A,N/A,unknown city,unknown state,N/A,5,1638653,N/A,"[""CloudFlare"",""Facebook"",""Google Analytics"",""Google Tag Manager"",""Nginx"",""Varnish"",""webpack""]",40182245,catchall,N/A,6a523b318ad04b4a90cc25fdd28457ac,N/A,N/A,85%,N/A,https://facebook.com/messente,https://linkedin.com/company/messente,https://twitter.com/messente,N/A,N/A
Linda Adams,Linda,Adams,Vice President Member Services,lindaa@aea.net,Aea,aea.net,+12025891144,"3570 NE Ralph Powell Road Lee's Summit, MO 64064",Lees Summit,MO,"=""64064""",5,3000000,8611,"[""Bootstrap"",""Facebook"",""Font Awesome"",""Google Analytics"",""Google Font API"",""IIS"",""Microsoft ASP.NET"",""Modernizr"",""OWL Carousel"",""Plesk"",""Twitter"",""jQuery""]",42919766,catchall,N/A,00eb3a9e708677341d54bf75bf3c1831,N/A,N/A,85%,Business Associations,https://facebook.com/aircraftelectronicsassociation,https://linkedin.com/company/aircraft-electronics-association,https://twitter.com/aea_aero,N/A,https://youtube.com/user/aealive
Linda Center,Linda,Center,Vice President,linda@thecentercville.org,Center,seniorcenterinc.org,+14349747756,"491 Hillsdale Drive Charlottesville, VA 22901The Center 491 Hillsdale DriveCharlottesville, VA 22901",Charlottesville,VA,"=""22901""",5,1000000,8322,"[""Apache"",""Bootstrap"",""CodeIgniter"",""ExpressionEngine"",""Flickity"",""Google Analytics"",""Google Font API"",""Google Tag Manager"",""jQuery"",""reCAPTCHA""]",46277120,catchall,N/A,e10432058a8066b8a5f3ce57a855d50c,N/A,N/A,85%,Individual and Family Social Services,https://facebook.com/thecentercville,N/A,https://twitter.com/thecentercville,https://instagram.com/thecentercville,N/A
Erika Jefferson,Erika,Jefferson,VP of National Accounts &amp; Strategic ...,liu@acapnj.org,Acap,acapnj.org,+19736297808,"ACAP, 301 South Livingston Avenue, Livingston, NJ 07039",West Orange,NJ,"=""07039""",5,1638653,83,"[""Facebook"",""Font Awesome"",""Google Analytics"",""Google Font API"",""Google Maps"",""Google Tag Manager"",""Handlebars"",""Lightbox"",""Linkedin"",""MediaElement.js"",""Modernizr"",""Moment.js"",""OpenResty"",""Twitter"",""Twitter Emoji (Twemoji)"",""WordPress"",""jQuery"",""jQuery Migrate"",""jQuery Mobile"",""jQuery UI""]",37959034,catchall,N/A,0aa82ef17a61167a6e188c7b39b49130,N/A,N/A,85%,Social Services,https://facebook.com/acapnj,https://linkedin.com/company/academy-of-clinical-and-applied-psychoanalysis-acap-,https://twitter.com/acapevents,N/A,N/A
Linda Jones,Linda,Jones,"Vice-president, Member-at-large",ljones@vfcci.org,Vfcci,vfcci.org,+19093892435,N/A,Forest Falls,CA,N/A,5,1638653,86,"[""Apache"",""PayPal"",""jQuery""]",38800604,catchall,N/A,56d4f137529c39225aaacc218457b5af,N/A,N/A,85%,Membership Organizations,https://facebook.com/forest-falls-firefighters-125319903281/,N/A,N/A,N/A,N/A
Lynn Rubin,Lynn,Rubin,Vice President,lrubin@womenstrong.org,Womenstrong,womenstrong.org,N/A,N/A,New York,NY,N/A,5,1638653,864,[],45858675,catchall,N/A,e5a359701c116cf3e472f6216442ae41,N/A,N/A,85%,Civic: Social: and Fraternal Associations,https://facebook.com/womenstrongintl,N/A,https://twitter.com/womenstrongintl,https://instagram.com/womenstrongintl,N/A
Lynda Keegan,Lynda,Keegan,Vice President,lynda@apexspecialtymetals.com,Apex Specialty Metals,apexspecialtymetals.com,+17542124294,"6601 Lyons Road, E-8, Coconut Creek, FL 33073",unknown city,unknown state,"=""33073""",5,1638653,N/A,"[""Apache"",""Google Font API"",""PHP"",""Twitter Emoji (Twemoji)"",""WordPress"",""jQuery"",""jQuery Migrate""]",43485843,catchall,N/A,d4d36db320ef4ea247333a4199123a04,N/A,N/A,85%,N/A,N/A,N/A,N/A,N/A,N/A
Dedy Mahendra,Dedy,Mahendra,VP Hiker &#166; Cofounder,mahendra@horseracingnation.com,Horse Racing Labs,horseracingnation.com,+18153310937,"714 W. Main St. Louisville, KY 40202",Louisville,KY,"=""40202""",5,1638653,794,"[""CloudFlare"",""DoubleClick for Publishers (DFP)"",""Facebook"",""Google Analytics"",""Google Tag Manager"",""Hogan.js"",""IIS"",""Microsoft ASP.NET"",""Twitter"",""YUI"",""jQuery"",""jQuery UI""]",39199683,catchall,N/A,e35129371a4699289f56c83bb6c475d5,N/A,N/A,85%,Commercial Sports,https://facebook.com/horseracingnation,N/A,https://twitter.com/hr_nation,N/A,https://youtube.com/user/horseracingnation
Marc Henderson,Marc,Henderson,3rd Vice President,marc.henderson@kyfa.org,Kffa,kyfa.org,+18596306899,"316 E. Third Street Grayson, KY 41143",Maysville,KY,"=""41143""",30,1000000,9224,"[""RequireJS"",""Sentry"",""Wix""]",36618808,catchall,N/A,e6b03fc9dc567602c0f26027822029a8,N/A,N/A,85%,Fire Protection,https://facebook.com/pages/kentucky-firefighters-association/233634030143619,N/A,https://twitter.com/kfa19192016,https://instagram.com/kentuckyfirefighters,N/A
Marc Verbos,Marc,Verbos,Executive Vice President,marc.verbos@aimcorgroup.com,Aimcor Group,aimcorgroup.com,+15122121217,"601 E. Pecan Street Pflugerville, TX 78660",New York,NY,"=""78660""",30,1400000,N/A,"[""Apache"",""Bootstrap"",""Font Awesome"",""Google Analytics"",""Google Code Prettify"",""PHP"",""Twitter Emoji (Twemoji)"",""WordPress"",""jQuery"",""prettyPhoto"",""reCAPTCHA""]",46220834,catchall,N/A,349548dd805da37669cd789ad5dccfe2,N/A,N/A,85%,N/A,N/A,N/A,N/A,N/A,N/A
Marion Sharkey,Marion,Sharkey,National VP of Strategic Relationships ...,marion@crossdevicemediagroup.com,Cross Device Media,crossdevicemediagroup.com,+19738795548,"1 High Street Court Morristown, NJ 07960",New York,NY,"=""07960""",5,1638653,N/A,"[""Bootstrap"",""Google Font API"",""Modernizr"",""Nginx"",""PHP"",""Revslider"",""WordPress"",""Yoast SEO"",""jQuery"",""jQuery Migrate"",""reCAPTCHA""]",44619809,catchall,N/A,779f6f06fec5e6ffc3cf2aea85653ae2,N/A,N/A,85%,N/A,N/A,N/A,N/A,N/A,N/A
Mark Smith,Mark,Smith,Executive VP of Corporate Development,mark.smith@crossroadsbible.org,Crossroads Bible,crossroadsbible.org,+19723553343,"Crossroads Bible Church, 8101 Justin Road, Double Oak, TX, 75077, United States",Lewisville,TX,N/A,5,1638653,8661,"[""Google Analytics"",""Google Font API"",""Squarespace"",""Typekit"",""YUI"",""webpack""]",46313915,catchall,N/A,374029dcffa0517ad56b577f2cddabb7,N/A,N/A,85%,Religious Organizations,https://facebook.com/crossroadskidsmin,N/A,N/A,N/A,N/A
Matt Wells,Matt,Wells,"Vice President, Search",matt@gigablast.com,Gigablast's,gigablast.com,N/A,N/A,Albuquerque,NM,N/A,5,1638653,9999,"[""Clicky"",""PayPal""]",38081292,catchall,N/A,c99093061ce0a2231c54764139e508d8,N/A,N/A,85%,Nonclassifiable Establishments,N/A,N/A,N/A,N/A,N/A
Matthew Catlin,Matthew,Catlin,Executive Vice President,matthew.catlin@wealthalliance.net,Wealth Alliance,wealthalliance.net,+13162213950,N/A,unknown city,unknown state,N/A,5,1638653,N/A,"[""AddThis"",""Awesomplete"",""Bootstrap"",""CloudFlare"",""FancyBox"",""Font Awesome"",""Google Analytics"",""Google Font API"",""Google Tag Manager"",""Microsoft ASP.NET"",""Modernizr"",""jQuery"",""jQuery Migrate""]",37311381,catchall,N/A,015e4e1ac4c813de51cac72f3b3b076a,N/A,N/A,85%,N/A,N/A,N/A,N/A,N/A,N/A
Dean M,Dean,M,Vice President,mdean@snclife.org,Snclife.orgalso,springdalenazarene.org,+15137710498,N/A,Cincinnati,OH,N/A,5,1638653,86,"[""Apache"",""Google Analytics"",""Google Font API"",""MediaElement.js"",""NextGEN Gallery"",""OWL Carousel"",""Sentry"",""Twitter Emoji (Twemoji)"",""WordPress"",""Yoast SEO"",""jQuery"",""jQuery Migrate"",""jQuery UI""]",43387740,catchall,N/A,a8b12140996f8ff7c2cdb2b41ad5e347,N/A,N/A,85%,Membership Organizations,https://facebook.com/springdalenazchurch,N/A,https://twitter.com/snc_life_,https://instagram.com/snclife,N/A
Marie Dunn,Marie,Dunn,"Vice President, Quality &amp Safety Initiatives, Qualis Health",mdunn@ahqa.org,Ahqaahqa,ahqa.org,+12023315790,"1776 I Street, NW, 9th Floor | Washington, DC 20006",Washington,DC,"=""20006""",30,1000000,8621,[],40962576,catchall,N/A,b12df1ff31a9a5a161295e6087e11e30,N/A,N/A,85%,Professional Membership Organizations,https://facebook.com/ahqa.org,N/A,https://twitter.com/ahqa,N/A,N/A
Megan Hupp Shannon,Megan,Shannon,Vice President,megan@nolabels.org,No Labels,nolabels.org,+12025881990,"Suite 325 Washington, D.C.",Washington,DC,N/A,30,4000000,8651,"[""Google Analytics"",""Google Font API"",""Google Maps"",""Gravity Forms"",""MediaElement.js"",""Modernizr"",""Nginx"",""Twitter Emoji (Twemoji)"",""WordPress"",""jQuery"",""jQuery Migrate"",""jQuery UI""]",44053522,catchall,N/A,7c9f05bb54de9cfd935f672bff12031f,N/A,N/A,85%,Political Organizations,https://facebook.com/nolabels,N/A,https://twitter.com/nolabelsorg,https://instagram.com/nolabelsorg,N/A
Megan Hilton Vice,Megan,Vice,Vice President of Marketing,megan@venturaaxxess.com,Ventura Axxess,venturaaxxess.com,+18059878180,"1616 Chapala St., Ste. 1 Santa Barbara, CA 93101",Ventura,CA,"=""93101""",5,1638653,N/A,"[""Google Analytics"",""Nginx"",""PHP"",""Plesk"",""SWFObject"",""jQuery"",""jQuery UI""]",39132765,catchall,N/A,e2d73b46566d2c996b876a6a5d064cdf,N/A,N/A,85%,N/A,https://facebook.com/venturaaxxess,N/A,https://twitter.com/axxess2day,https://instagram.com/sb_axxess,https://youtube.com/user/sbaxxess
"Melinda Lapan, Shrm Cp, Phr,",Melinda,"Phr,",Vice President -,melinda@promohitsltd.com,Its,promohitsltd.com,+14193580700,N/A,Bluffton,OH,N/A,5,1638653,N/A,"[""Bootstrap"",""jQuery""]",38270734,catchall,N/A,829d28d87e0f64af3a6001070b04932d,N/A,N/A,85%,N/A,N/A,N/A,N/A,N/A,N/A
Melissa Berube,Melissa,Berube,General Counsel and Vice President of,melissa@redlizardrunning.comexpo,Red Lizard Running,redlizardrunning.com,N/A,N/A,unknown city,unknown state,N/A,5,1400000,794,"[""Google Analytics"",""IIS"",""Lightbox"",""Microsoft ASP.NET"",""WordPress"",""WordPress Super Cache"",""jQuery""]",41809721,catchall,N/A,127bef97713cc574a51be6a72c372036,N/A,N/A,85%,Commercial Sports,https://facebook.com/group.php,N/A,N/A,N/A,N/A
M Roberts,M,Roberts,VP of Operations,m@gamesingear.com,Gamesingear,gamesingear.com,N/A,N/A,Solana Beach,CA,N/A,5,1638653,79,"[""Apache"",""CentOS"",""Google Analytics"",""jQuery""]",46042432,catchall,N/A,ada1bda277302539ed9ab1baeedd0151,N/A,N/A,85%,Amusement and Recreation Services,N/A,N/A,N/A,N/A,N/A
Madeleine Horton,Madeleine,Horton,"Senior Vice President, Global Head of",mhorton@secondpres.org,Second Pres,secondpres.org,+18163634942,"318 E 55th St Kansas City, MO 64113318 E. 55th St. Kansas City, MO 64113",Kansas City,MO,"=""64113""",30,1000000,8661,"[""All in One SEO Pack"",""Apache"",""Bootstrap"",""Chart.js"",""Google Analytics"",""Modernizr"",""Twitter Emoji (Twemoji)"",""WordPress"",""jQuery"",""jQuery Migrate""]",38089501,catchall,N/A,474664ee3c7d3718ad35e57c268d68ce,N/A,N/A,85%,Religious Organizations,https://facebook.com/kcsecondpres,N/A,https://twitter.com/secondpreskc,https://instagram.com/secondpreskc,N/A
Michael Bula,Michael,Bula,Vice President of Operations,michael@climb.org,Climb,climb.org,+18007679660,"6415 Carmen Ave E Inver Grove Heights, MN 55076",Inver Grove Heights,MN,"=""55076""",75,1000000,7922,"[""Google Analytics"",""Google Font API"",""Google Tag Manager"",""MediaElement.js"",""Nginx"",""Twitter Emoji (Twemoji)"",""WordPress"",""Yoast SEO"",""jQuery"",""jQuery Migrate""]",39878350,catchall,N/A,96719f959ad8a6f92165cbd15b487735,N/A,N/A,85%,Theatrical Producers (except Motion Picture) and Miscellaneous Th,https://facebook.com/climbtheatre,N/A,N/A,https://instagram.com/climbtheatre75,N/A
Michaelmowery,Michaelmowery,Michaelmowery,Vice President - Kimley-,michael@thegrandrealty.com,Grand,thegrandrealty.com,+17863769682,"3540 Main Hwy #209 Miami, FL 331333540 Main Hwy 203 Hwy #203 Miami, FL 33133901 Brickell Key Blvd #408 Miami, FL 33131555 15th St #403 Miami, FL 331322475 16th St Rd #410 Miami, FL 33125555 15th St #2",Miami,FL,"=""33132""",30,1000000,8641,[],39322038,catchall,N/A,6f47fa05ef6fdd0c94c808cbc84efe2d,N/A,N/A,85%,Civic: Social: and Fraternal Associations,https://facebook.com/pages/the-grand-associates-realty-inc/195230710507453,https://linkedin.com/in/jrayrice,N/A,N/A,N/A
Mickey Pucko,Mickey,Pucko,"Vp, Client Services",mickey@giantrecruiting.com,Giant,giantrecruiting.com,+14153668855,N/A,unknown city,unknown state,N/A,5,1638653,N/A,"[""Bootstrap"",""Ruby"",""jQuery""]",44823880,catchall,N/A,4e29baca57f41bcc2a3c9de37d7f21c4,N/A,N/A,85%,N/A,https://facebook.com/pages/giant-staffing-llc/522568731137415,https://linkedin.com/company/giant-staffing,https://twitter.com/giantstaffing,N/A,N/A
Mike Padurano,Mike,Padurano,VP of Strategic Alliances and Business ...,mike@livingmypurpose.com,Living My Purpose,livingmypurpose.com,+16199850799,N/A,Ramona,CA,N/A,5,1638653,8322,"[""Apache"",""CloudFlare"",""Elementor"",""Font Awesome"",""Modernizr"",""Revslider"",""Statcounter"",""Twitter Emoji (Twemoji)"",""WordPress"",""YouTube"",""jQuery"",""jQuery Migrate""]",44641119,catchall,N/A,28271292d2ba6e013204b291ac603db3,N/A,N/A,85%,Individual and Family Social Services,N/A,N/A,N/A,N/A,N/A
Mike Marcu,Mike,Marcu,Senior Vice President of Investments,mike@mogharebi.com,Mogharebi Ozen,mogharebi.com,+15597610015,"8050 North Palm Avenue Suite 300 Fresno, CA 93711",unknown city,unknown state,"=""93711""",5,1638653,N/A,"[""Bootstrap"",""DataTables"",""Facebook"",""Google Analytics"",""Nginx"",""OWL Carousel"",""PHP"",""TweenMax"",""Twitter Emoji (Twemoji)"",""WordPress"",""Yoast SEO"",""jQuery"",""jQuery Migrate"",""reCAPTCHA""]",44050675,catchall,N/A,9a9bd0276304a1f678595a11dfb41253,N/A,N/A,85%,N/A,N/A,https://linkedin.com/company/mogharebi-group,N/A,N/A,N/A
Mike Rollo,Mike,Rollo,Vice President,mike.rollo@go-float.com,Go-float,go-float.com,+12489692805,"478 Shimmcor Street Mayer, MN 55360",unknown city,unknown state,"=""55360""",5,1638653,N/A,"[""Lodash"",""Polyfill"",""React"",""RequireJS"",""TweenMax"",""Wix"",""Zepto""]",45194312,catchall,N/A,3a8d8db9ada5081f4202b4d05267a6c1,N/A,N/A,85%,N/A,N/A,N/A,N/A,N/A,N/A
Mike Westlund,Mike,Westlund,VP Data and Analytics,mike.westlund@opensesame.com,Opensesame,opensesame.com,+15038081268,"1629 SW Salmon Street Portland, OR 97205",unknown city,unknown state,"=""97205""",300,4000000,8299,"[""Google Analytics"",""Google Tag Manager"",""Hammer.js"",""Incapsula"",""Java"",""New Relic"",""Nginx"",""Pantheon"",""Segment"",""TrackJs"",""Transifex"",""Twitter Emoji (Twemoji)"",""Varnish"",""WordPress"",""Yoast SEO"",""ZURB Foundation"",""jQuery"",""jQuery Migrate"",""jQuery UI""]",40724614,catchall,N/A,1dcf2e4b6288cd19733d5f82d6af9a85,N/A,N/A,85%,Schools and Educational Services: Not Elsewhere Classified,https://facebook.com/opensesame,https://linkedin.com/company/opensesame_2,https://twitter.com/opensesame,https://instagram.com/opensesamenow,https://youtube.com/channel/ucpfley-23jnsdlbp3tpzxmg
Adam Mosseri,Adam,Mosseri,"Vp, Product Management",mosseri@qg3speed.com,Qg3 Speed,qg3speed.com,N/A,"1601 Willow Road Menlo Park, CA 94025",Los Angeles,CA,"=""94025""",5,1638653,75,[],40022273,catchall,N/A,dd54f177c7d39869f85f9f1c5d3f31db,N/A,N/A,85%,Automotive Repair: Services: and Parking,https://facebook.com/settings,N/A,N/A,N/A,N/A
Melissa Seitz,Melissa,Seitz,Vice President,mseitz@wilsonwhitecompany.com,Wilson White,wilsonwhitecompany.com,+17349731616,N/A,Ann Arbor,MI,N/A,N/A,2000000,N/A,"[""PHP"",""WordPress"",""jQuery"",""jQuery Migrate""]",43469080,catchall,N/A,809a08ee25ecd204d71c136ed3a058ac,N/A,N/A,85%,N/A,N/A,N/A,N/A,N/A,N/A
Mary L Thomas Thomas,Mary,Thomas,Chief Operating Officer,mthomas@spcf.org,Spartanburg County Foundation,spcf.org,+18645820138,"424 East Kennedy Street, Spartanburg, SC, 29302.424 East Kennedy Street Spartanburg, SC 29302424 E Kennedy Street Spartanburg, SC 29302424 East Kennedy Street, Spartanburg, SC 29302.424 E. Kennedy Str",Spartanburg,SC,"=""29302""",5,19000000,8641,"[""All in One SEO Pack"",""Bootstrap"",""Font Awesome"",""Google Analytics"",""Google Font API"",""Hotjar"",""Lightbox"",""Modernizr"",""Moment.js"",""Nginx"",""OWL Carousel"",""Revslider"",""Twitter Emoji (Twemoji)"",""WP Engine"",""WordPress"",""jQuery"",""jQuery Migrate"",""prettyPhoto"",""reCAPTCHA""]",42194036,catchall,N/A,e51fcac4785bf4cbd9d3e361edb2c96b,N/A,N/A,85%,Civic: Social: and Fraternal Associations,https://facebook.com/pages/the-spartanburg-county-foundation/130298439113,https://linkedin.com/company/the-spartanburg-county-foundation,https://twitter.com/spcountyfdn,N/A,https://youtube.com/user/spartanburgcntyfndn
Nadia Underhill,Nadia,Underhill,Vice President of Housing and Real,nadia@greenfieldhousing.org,Greenfield Housing,greenfieldhousing.org,+18664667328,N/A,Greenfield,MA,N/A,30,2000000,9531,"[""Sucuri""]",40494374,catchall,N/A,34830cdc9e51943b76f62f0892e2490d,N/A,N/A,85%,Administration of Housing Programs,N/A,N/A,N/A,N/A,N/A
Natalie Britt,Natalie,Britt,Vice President Real Estate Development ...,natalie@dhic.org,Dhic,dhic.org,+19196005369,"450 East Davie Street Raleigh, NC 27601113 South Wilmington Street Raleigh, NC 27601",Raleigh,NC,"=""27601""",5,1000000,9999,"[""Bootstrap"",""Font Awesome"",""Google Analytics"",""Google Maps"",""Google Tag Manager"",""MailChimp"",""Modernizr"",""Nginx"",""Twitter Emoji (Twemoji)"",""Typekit"",""WP Engine"",""WordPress"",""Yoast SEO"",""ZURB Foundation"",""jQuery"",""jQuery Migrate"",""jQuery UI""]",37738170,catchall,N/A,dac869ed69b247d486fe9d8acac9fb3a,N/A,N/A,85%,Nonclassifiable Establishments,https://facebook.com/dhic.org,https://linkedin.com/company/dhic,https://twitter.com/dhicinc,https://instagram.com/dhicinc,https://youtube.com/channel/ucehzlsg1muhdfoaxfizxs7w
Nick Gerber,Nick,Gerber,Vice President,nick@aquaticplantmanagement.com,Aquatic Plant Management,aquaticplantmanagement.com,+19524121340,N/A,Chicago,IL,N/A,5,1638653,N/A,"[""Apache"",""Bootstrap"",""Google Analytics"",""Google Font API"",""Google Maps"",""Modernizr"",""PHP"",""Revslider"",""Twitter Emoji (Twemoji)"",""WordPress"",""jQuery"",""jQuery Migrate""]",39943846,catchall,N/A,b816b7a2f39cde3997f1a7ad8088e154,N/A,N/A,85%,N/A,https://facebook.com/aquaticplantmanagement,https://linkedin.com/company/10076237,N/A,https://instagram.com/aquaticplantmanagement,N/A
Nicola Mendelsohn Cbe,Nicola,Cbe,VP Emea,nicola@AbundanceInternational.org,Facebook,AbundanceInternational.org,N/A,"1601 Willow Road Menlo Park, CA 94025",Anaheim,CA,"=""94025""",5,1638653,839998,[],42985826,catchall,N/A,0e7ee0b0520084f4517f3a707d8c4cf6,N/A,N/A,85%,Social Services: Not Elsewhere Classified,https://facebook.com/settings,N/A,N/A,N/A,N/A
Nicole Karon,Nicole,Karon,"Vp, Client Services",nicole@avatarlabs.com,Avatarlabs,avatarlabs.com,+18187842200,"16030 Ventura Blvd Suite 102 Encino, CA 91436",Encino,CA,"=""91436""",30,4000000,7819,"[""Apache"",""CloudFlare"",""Facebook"",""Google Tag Manager"",""PHP""]",44235464,catchall,N/A,3f27bd2e4198e7e9e0179fa7e670856a,N/A,N/A,85%,Services Allied To Motion Picture Production,https://facebook.com/avatarlabs,https://linkedin.com/company/avatarlabs,https://twitter.com/avatarlabs,https://instagram.com/avatarlabs,N/A
Nichole Mattison,Nichole,Mattison,"Vice President, Programs",nmattison@seedinc.org,Sowing Empowerment And Economic Development,seedinc.org,+13014589808,"6201 Riverdale Rd, #200, East Riverside, MD 207376201 Riverdale Rd #200,East Riverdale, MD 20737",Riverdale,MD,"=""20737""",30,4000000,8322,"[""OpenResty"",""Slick"",""jQuery""]",39816906,catchall,N/A,4a8a0566eded1f60ed0efc279ee46564,N/A,N/A,85%,Individual and Family Social Services,https://facebook.com/seedinc,N/A,N/A,N/A,N/A
Oppie Jordan,Oppie,Jordan,Vice President,ojordan@econdev.org,Carolinas Gateway Partnership,econdev.org,+12524784147,"427 Falls Road Rocky Mount, NC 27804-4808427 Falls Road Rocky Mount, NC 27804-4804located on Tanner Road in Rocky Mount and Edgecombe County, North Carolina. The Roomstore property consists of 340,000",Rocky Mount,NC,N/A,5,1000000,8699,"[""All in One SEO Pack"",""CloudFlare"",""DataTables"",""Font Awesome"",""Google Analytics"",""Google Font API"",""Google Tag Manager"",""MediaElement.js"",""Nginx"",""OWL Carousel"",""Pantheon"",""Twitter Emoji (Twemoji)"",""Varnish"",""WordPress"",""animate.css"",""jQuery"",""jQuery Migrate"",""jQuery Mobile"",""jQuery UI""]",38512145,catchall,N/A,a72592d1b7494d2c0c5b0e5537982b78,N/A,N/A,85%,Membership Organizations: Not Elsewhere Classified,https://facebook.com/cgpecondev,https://linkedin.com/company/carolinas-gateway-partnership,https://twitter.com/cgpecondev,https://instagram.com/cgpecondev,https://youtube.com/channel/ucizz3ae5uybpacvyd4_d-7q
Olivier Ruff,Olivier,Ruff,VP Professional Services,olivier@netiquetteads.com,Netiquette Ads,netiquetteads.com,N/A,N/A,Clermont,FL,N/A,5,1638653,7812,"[""Apache"",""Font Awesome"",""Google Analytics"",""Google Font API"",""Modernizr"",""jQuery"",""reCAPTCHA""]",43626321,catchall,N/A,6341384d7d22e3e9f56307b59b785711,N/A,N/A,85%,Motion Picture and Video Tape Production,https://facebook.com/netiquetteads,https://linkedin.com/company/netiquette-ads,https://twitter.com/netiquetteads,https://instagram.com/netiquetteads,N/A
Oscar Garcia,Oscar,Garcia,Vice President,oscar.garcia@hlflake.com,Flake Is,hlflake.com,+18002314105,N/A,Houston,TX,N/A,30,1932480,76,"[""DreamWeaver"",""Facebook"",""Google Analytics"",""Google Tag Manager"",""IIS""]",36246390,catchall,N/A,fd2ab74a09defb934b01f253b3bb4a63,N/A,N/A,85%,Miscellaneous Repair Services,https://facebook.com/pages/hl-flake-security-hardware/225862420762122,N/A,N/A,N/A,N/A
Ozzy Santos,Ozzy,Santos,Regional Vice President,ozzy.santos@uwcfa.org,United Way Of The Cape Fear Area,uwcfa.org,+19102511465,"Building II, Suite 115 Wilmington, NC 28403Area, 5919 Oleander Drive, Suite 115, Wilmington, NC",Wilmington,NC,N/A,30,3000000,8641,"[""Apache"",""Bootstrap"",""Facebook"",""Font Awesome"",""Google Font API"",""Material Design Lite"",""OWL Carousel"",""Revslider"",""Twitter"",""Twitter Emoji (Twemoji)"",""Underscore.js"",""WooCommerce"",""WordPress"",""animate.css"",""jQuery"",""jQuery Migrate""]",42552636,catchall,N/A,82e2afb8d12461df408f76c1a0b22ae3,N/A,N/A,85%,Civic: Social: and Fraternal Associations,https://facebook.com/pages/united-way-of-the-cape-fear-area/71364480198,N/A,https://twitter.com/unitedwaycfa,https://instagram.com/unitedwaycapefear,https://youtube.com/user/unitedwaycapefear/videos
Paige Brockhoff,Paige,Brockhoff,Customer Operations Coodinator,paige@coyotehill.org,Coyote Hill,coyotehill.org,+15734426346,"PO Box 1 Harrisburg, MO 652569501 W. Coyote Hill Road, Harrisburg, MO 65256",Harrisburg,MO,"=""65256""",30,1000000,8361,"[""Bootstrap"",""Font Awesome"",""Google Analytics"",""Google Font API"",""Google Tag Manager"",""Hammer.js"",""Nginx"",""PHP"",""Twitter Emoji (Twemoji)"",""WordPress"",""jQuery"",""jQuery Migrate"",""jQuery UI"",""reCAPTCHA""]",40217084,catchall,N/A,63ddcff5fa72220a453ec012dfde5b58,N/A,N/A,85%,Residential Care,https://facebook.com/coyotehill,N/A,https://twitter.com/coyotehillkids,https://instagram.com/coyotehillkids,https://youtube.com/user/coyotehillchildren
Pam Pierce,Pam,Pierce,Operations Director,pam.pierce@energyconferencenetwork.com,Energy Conference Network,energyconferencenetwork.com,+18327090368,"Suite 100 Houston, TX 77042",Katy,TX,"=""77042""",5,1638653,7389,"[""AdRoll"",""CloudFlare"",""Facebook"",""Font Awesome"",""Google Analytics"",""Google Font API"",""Google Tag Manager"",""HubSpot"",""Matomo"",""Microsoft ASP.NET"",""Nginx"",""OWL Carousel"",""Twitter Emoji (Twemoji)"",""WP Engine"",""WordPress"",""Yoast SEO"",""YouTube"",""jQuery"",""jQuery UI""]",39752100,catchall,N/A,45cf4cd4119af6b161cb7b2e644a4dc4,N/A,N/A,85%,Business Services: Not Elsewhere Classified,https://facebook.com/energyconferencenetwork,https://linkedin.com/company/9250792,https://twitter.com/econferencenet,N/A,N/A
William B Parks,William,Parks,Vp/chief Medical Officer Redwood ...,parks@eureka.mo.us,Eureka,eureka.mo.us,+16369385233,"1 Coffey Park Lane Eureka, Missouri 63025PO Box 125 Eureka, Missouri 63025-0125",Eureka,MO,"=""63025-0125""",30,2000000,9111,"[""Cufon"",""Google Analytics"",""New Relic"",""Nginx"",""PHP"",""Twitter Emoji (Twemoji)"",""WordPress"",""jQuery"",""jQuery Migrate""]",37870476,catchall,N/A,e5871efd519a35c993e340465066f736,N/A,N/A,85%,Executive Offices,https://facebook.com/pages/enjoy-eureka/147076932006182,N/A,https://twitter.com/enjoyeureka,N/A,https://youtube.com/channel/uc4aax6hoppltld7yuoqflqg
Patricia Laus,Patricia,Laus,National Vice President,pat@brclubs.org,Clubs,brclubs.org,+12253833928,"8281 Goodwood Blvd., Suite A Baton Rouge, LA 70806",Baton Rouge,LA,"=""70806""",75,1000000,8322,"[""Apache"",""Facebook"",""Fingerprintjs"",""Modernizr"",""Moment.js"",""Swiftype"",""jQuery""]",43115476,catchall,N/A,033202a38ac36af94ec010c1d2d9e948,N/A,N/A,85%,Individual and Family Social Services,https://facebook.com/brclubs,https://linkedin.com/company/boys-&-girls-club-of-greater-baton-rouge,https://twitter.com/brclubs,https://instagram.com/brclubs,N/A
Patrice Pash,Patrice,Pash,Director of Client Operations,patrice.pash@medpracticesuccess.com,Practice,urgentcaresuccess.com,+19038317270,"3515 Richmond Rd Texarkana, TX 75503",unknown city,unknown state,"=""75503""",5,1638653,N/A,[],45910531,catchall,N/A,0d96fa9bc75f2fea8daca90e844b69f8,N/A,N/A,85%,N/A,https://facebook.com/medicalpracticesuccess,https://linkedin.com/company/urgent-care-success,N/A,N/A,N/A
Patrick Gauthier,Patrick,Gauthier,"Vice President, Amazon Pay",patrick.gauthier@abecket.org,Abecket,abecket.org,+17349811333,"located on Lilley Road in Canton, MISt. Thomas a'Becket Catholic Church - 555 S. Lilley Rd., Canton, MI 48188555 S. Lilley Rd. Canton, MI 48188",Canton,MI,"=""48188""",30,2000000,8661,"[""Hammer.js"",""Java"",""Lightbox"",""Nginx"",""jQuery"",""jQuery UI""]",40896317,catchall,N/A,266906280039e33e50fb24aa2488ea8d,N/A,N/A,85%,Religious Organizations,https://facebook.com/abecketyouth,N/A,https://twitter.com/abecketyouth,https://instagram.com/abecketyouth,https://youtube.com/user/abecketcanton
Patrick Jankowski,Patrick,Jankowski,"Senior Vice President, Research",patrick@stlhouston.org,Stlhouston,thirstyforjesus.org,+12814692457,"14225 Hargrave Rd. Houston, TX 77070",Houston,TX,"=""77070""",30,1000000,8661,"[""Apache"",""Google Analytics"",""Google Font API"",""OWL Carousel"",""WordPress"",""Yoast SEO"",""jQuery""]",45891401,catchall,N/A,88b7f4503bafb68527c3748d844127ac,N/A,N/A,85%,Religious Organizations,https://facebook.com/sttimothylcms,N/A,https://twitter.com/sttimothylcms,https://instagram.com/sttimothylcms,N/A
Patty Cooper,Patty,Cooper,"Vp, Compliance and Operations",patty.cooper@clintonvillecrc.org,Clintonville,clintonvillecrc.org,+16142688118,"14 W. Lakeview Ave. Columbus, OH 432023222 N. High St. Columbus, OH 43202",Columbus,OH,"=""43202""",5,1638653,83,"[""Froala Editor"",""Google Analytics"",""Liquid Web"",""Nginx"",""Twitter"",""Twitter Emoji (Twemoji)"",""WordPress"",""jQuery"",""jQuery Migrate""]",44765281,catchall,N/A,a8f965f77792784b05a01823951cee60,N/A,N/A,85%,Social Services,https://facebook.com/clintonvilleresourcescenter,N/A,https://twitter.com/thecrc,N/A,N/A
Hal Pennington,Hal,Pennington,Executive Vice President,pennington@fb247.com,First Bank & Trust,fb247.com,+15802551810,"PO Box 580 // Duncan, OK 73534",Duncan,OK,"=""73534""",30,3575880,832,"[""Envoy"",""Facebook"",""Google Analytics"",""Google Tag Manager"",""LiveChat"",""Modernizr"",""Moment.js"",""Nginx"",""Play"",""Varnish"",""jQuery""]",41785340,catchall,N/A,e65b98e197a6166300656e1209f213af,N/A,N/A,85%,Individual and Family Social Services,https://facebook.com/first-bank-trust-co-323944317741825,https://linkedin.com/company/first-bank-&-trust-co,N/A,https://instagram.com/firstbank_247,N/A
Pete Sackel,Pete,Sackel,"Vp, Business Strategy",pete@launch27.com,Launch 27,launch27.com,+18773850724,N/A,Washington,DC,N/A,5,2400000,N/A,"[""Bootstrap"",""Google Analytics"",""Google Tag Manager"",""Gravatar"",""Modernizr"",""Nginx"",""OWL Carousel"",""TrackJs"",""Twitter Emoji (Twemoji)"",""WordPress"",""Yoast SEO"",""jQuery""]",38416336,catchall,N/A,0dc152de94b80089f45ca39a803a09f2,N/A,N/A,85%,N/A,N/A,N/A,https://twitter.com/launch27,N/A,https://youtube.com/channel/ucqvtnvukgnmxrefikjhbf0g
Peter Ellis,Peter,Ellis,Vice President Sales,peter@wbcontainer.com,W B Container,wbcontainer.com,+19722861645,N/A,Mesquite,TX,N/A,5,1638653,N/A,"[""Apache"",""SWFObject""]",41001229,catchall,N/A,835a40427702e935b3c74c5e4d809aa3,N/A,N/A,85%,N/A,N/A,N/A,N/A,N/A,N/A
Prasad Mavuduri,Prasad,Mavuduri,CEO,prasad@data-magnum.com,Data-magnum,data-magnum.com,+14086082348,N/A,unknown city,unknown state,N/A,5,1638653,N/A,"[""Apache"",""Bootstrap"",""Font Awesome"",""Google Font API"",""Google Plus"",""Gravatar"",""Modernizr"",""Twitter Emoji (Twemoji)"",""WordPress"",""jQuery"",""jQuery Migrate""]",44745806,catchall,N/A,e11ac33a0dc7432a985189d2faf546e3,N/A,N/A,85%,N/A,https://facebook.com/pages/data-magnum/553875598007990,N/A,https://twitter.com/datamagnum,N/A,https://youtube.com/channel/uciw5ik2enhnpszfb1udua2a
Rachel Shilohyesharim,Rachel,Shilohyesharim,VP of Product Management -,rachel@shiloh-umc.org,Shiloh,shiloh-umc.org,+16184778465,"210 S Main St. Shiloh, IL 62269",Shiloh,IL,"=""62269""",5,1638653,839998,"[""AngularJS"",""Apache"",""CloudFlare"",""MotoCMS"",""jQuery""]",40870974,catchall,N/A,6eafd2c9024b790050938f4dffadf0f4,N/A,N/A,85%,Social Services: Not Elsewhere Classified,https://facebook.com/theshilohchurch,N/A,N/A,N/A,N/A
Reed Leidle,Reed,Leidle,Vice President,reed@safetysigns-mn.com,Signs,transignal.net,+19524696700,Road Work Traffic Control Minnesota,Elk River,MN,N/A,5,1638653,N/A,"[""Google Font API"",""Polyfill"",""RequireJS"",""Sentry"",""Wix""]",38915775,catchall,N/A,9dc3bdcee0fd930cda92c45533138a5c,N/A,N/A,85%,N/A,N/A,N/A,N/A,N/A,N/A
Rhonda Adams,Rhonda,Adams,CEO,rhonda@transforming-deliverance.com,Transforming-deliverance,transforming-deliverance.com,N/A,N/A,unknown city,unknown state,N/A,5,1638653,N/A,"[""Apache"",""DreamWeaver""]",36405335,catchall,N/A,97234df30564b132f3452b762157f3fe,N/A,N/A,85%,N/A,N/A,N/A,N/A,N/A,N/A
Russell Howard,Russell,Howard,Vice President Special Events and,rhoward@downtownpittsburgh.com,Downtown Pittsburgh - Pittsburgh,downtownpittsburgh.com,+14122081400,"350 Forbes Avenue, Pittsburgh, PA 15222",Pittsburgh,PA,"=""15222""",30,4000000,8322,"[""Apache"",""Debian"",""Font Awesome"",""Google Analytics"",""ShareThis"",""Twitter Emoji (Twemoji)"",""WordPress"",""Yoast SEO"",""jQuery"",""jQuery UI""]",46238647,catchall,N/A,af3f2568012e52ee2e7e9235ee8a5444,N/A,N/A,85%,Individual and Family Social Services,https://facebook.com/downtownpitt,N/A,https://twitter.com/downtownpitt,https://instagram.com/downtownpitt,https://youtube.com/user/downtownpittsburgh
Richard Joel,Richard,Joel,President / CEO,richard@405productions.com,405 Productions,405productions.com,N/A,"9465 Wilshire Blvd. Beverly Hills, CA. 90212",unknown city,unknown state,"=""90212""",5,1638653,N/A,"[""Google Font API"",""jQuery""]",41084071,catchall,N/A,c4646da34342aaaf78a4275fe38c3827,N/A,N/A,85%,N/A,N/A,N/A,N/A,N/A,N/A
Rich Oates,Rich,Oates,Vice President of Business Development,rich@oavotes.org,Oavotes,oavotes.org,+12067232203,"1225 S. Weller Street, Suite 430,Seattle, WA 981441225 S. Weller St. Suite 430 Seattle, WA, 98144",Seattle,WA,"=""98144""",30,4000000,8322,"[""Font Awesome"",""Google Analytics"",""Google Font API"",""MediaElement.js"",""Modernizr"",""Nginx"",""TweenMax"",""Twitter Emoji (Twemoji)"",""WP Engine"",""WordPress"",""jQuery"",""jQuery Migrate""]",44824696,catchall,N/A,185936efff4287d6178a96fb2612fef6,N/A,N/A,85%,Individual and Family Social Services,https://facebook.com/oneamericavotes,N/A,https://twitter.com/oneamericavotes,N/A,N/A
Ross Meyer,Ross,Meyer,Senior Vice President / Chief Impact Officer,rmeyer@cityimpact.org,City Impact,cityimpact.org,+14024778080,"1035 North 33rd Street Lincoln, NE 68503",Lincoln,NE,"=""68503""",5,1638653,86,"[""Algolia Realtime Search"",""CloudFlare"",""Elementor"",""Flywheel"",""Font Awesome"",""Google Analytics"",""Google Font API"",""Gravity Forms"",""Twitter Emoji (Twemoji)"",""Underscore.js"",""WordPress"",""Yoast SEO"",""jQuery"",""jQuery Migrate""]",44855062,catchall,N/A,16f534bde70a31931b656f39b038b291,N/A,N/A,85%,Membership Organizations,https://facebook.com/cityimpactlincoln,N/A,https://twitter.com/city_impact,https://instagram.com/cityimpact,N/A
Rob Crews,Rob,Crews,VP of Business Development,rob@crewscontrol.com,Crews Control,crewscontrol.com,+18005452739,"Crews Control, Inc. Headquarters 11820 West Market Place, Suite L Fulton, MD 2075911820 West Market Place, Suite L, Fulton, MD",Fulton,MD,N/A,30,2000000,7819,"[""Bootstrap"",""Font Awesome"",""Nginx"",""OWL Carousel"",""VideoJS"",""WP Engine"",""WordPress"",""Yoast SEO"",""YouTube"",""jQuery"",""jQuery Migrate""]",37313333,catchall,N/A,75c5fdcc1c044949da4147350e15a43e,N/A,N/A,85%,Services Allied To Motion Picture Production,https://facebook.com/crewscontrolinc,https://linkedin.com/company/crews-control-inc,https://twitter.com/crewscontrolinc,N/A,https://youtube.com/user/crewscontrolpodcast
Robert Ross,Robert,Ross,"Vice President, Ilr",robertb@ilr.org,Ilr,ilr.org,+15032432081,"Location: 1839 NE Couch Street Portland, Oregon 97232 Copyright 2005 Independent Living Resources 1839 NE Couch Street, Portland, Oregon 972321839 NE Couch Street Portland, Oregon 97232",Portland,OR,"=""97232""",5,1638653,8322,"[""Apache"",""PayPal""]",41536018,catchall,N/A,f4cb2bf100f428db452519c539c9ef9b,N/A,N/A,85%,Individual and Family Social Services,https://facebook.com/pages/independent-living-resources-of-portland-oregon/108919475801602,N/A,N/A,N/A,N/A
Rob Zito,Rob,Zito,"Vp, Digital Innovation",rob@openverse.co,Open Verse,theopenverse.com,+12017889214,N/A,San Francisco,CA,N/A,5,1638653,N/A,"[""Font Awesome"",""Google Font API"",""Gravity Forms"",""Modernizr"",""Nginx"",""Slick"",""Twitter Emoji (Twemoji)"",""WordPress"",""Yoast SEO"",""jQuery"",""jQuery Migrate""]",45376339,catchall,N/A,b29e075d8a20911c918b6498c8ed3ac6,N/A,N/A,85%,N/A,N/A,https://linkedin.com/in/robgoodman,https://twitter.com/therobgoodman,N/A,N/A
Ronan Oconnor,Ronan,Oconnor,Vice President,ronan@vistalandplanning.com,Vista Land Planning,vistalandplanning.com,N/A,"Suite 402, Round Rock, TX 78681",Cedar Park,TX,"=""78681""",5,1638653,N/A,"[""Font Awesome"",""Google Font API"",""jQuery""]",39233645,catchall,N/A,00fbadc557f493719253d40f5ca5a0c9,N/A,N/A,85%,N/A,N/A,N/A,N/A,N/A,N/A
Ron Butterworth,Ron,Butterworth,VP Hardware Engineering,ron@arable.com,Arable Labs,arable.com,+15109924095,N/A,unknown city,unknown state,N/A,30,2000000,N/A,"[""Apache"",""Bootstrap"",""Google Analytics"",""Google Font API"",""WordPress"",""YouTube"",""jQuery"",""jQuery Migrate""]",43516136,catchall,N/A,302494089a3b075b8aa91cfb4908ee53,N/A,N/A,85%,N/A,https://facebook.com/arablelabs,https://linkedin.com/company/arable-labs-inc.,https://twitter.com/arablelabs,https://instagram.com/arablelabs,N/A
Rory Young,Rory,Young,Vice President of Sales &amp; Business ...,rory@poppromos.com,Pop! Promos,poppromos.com,+12678584495,N/A,unknown city,unknown state,N/A,30,3500000,N/A,"[""Apache"",""Bootstrap"",""Chart.js"",""Font Awesome"",""Google Tag Manager"",""Modernizr"",""PHP"",""Revslider"",""TrackJs"",""Twitter Emoji (Twemoji)"",""WooCommerce"",""WordPress"",""Yoast SEO"",""animate.css"",""jQuery"",""jQuery Migrate"",""jQuery UI""]",39494067,catchall,N/A,15842389052be22fe00c1d334a0a3332,N/A,N/A,85%,N/A,https://facebook.com/poppromos,https://linkedin.com/company/pop-promos,https://twitter.com/poppromos,N/A,N/A
Rosie Dykes,Rosie,Dykes,VP of Administration,rosie.dykes@tnchamber.org,Chamber,tnchamber.org,+16155380489,N/A,Nashville,TN,N/A,30,2000000,8611,"[""Apache"",""CodeIgniter"",""ExpressionEngine"",""Facebook"",""Google Analytics"",""Google Tag Manager"",""Modernizr"",""jQuery""]",37561990,catchall,N/A,380041f9d5aea7c140c30ba399834e2d,N/A,N/A,85%,Business Associations,https://facebook.com/tennesseechamber,N/A,https://twitter.com/tnchamber,N/A,N/A
Rosie Pagan,Rosie,Pagan,Assistant Vice President,rosie@nycbasketballleague.com,Nyc Basketball League,nycbasketballleague.com,+12123901776,Wall Street Benefits Scheduling for New Yorkers,New York,NY,N/A,5,1638653,794,"[""Bootstrap"",""Django"",""Facebook"",""Font Awesome"",""Glyphicons"",""Google Analytics"",""Google Font API"",""Google Tag Manager"",""Pinterest"",""Unbounce"",""gunicorn"",""jQuery""]",36526640,catchall,N/A,56e6ef55744f2036747539b7321d5e07,N/A,N/A,85%,Commercial Sports,https://facebook.com/newyorkcitybasketball,N/A,https://twitter.com/nycbasketball,N/A,https://youtube.com/user/nycbasketballleague
Richard Price,Richard,Price,Vice President Programs,rprice@saic.edu,Saic,saic.edu,+13126296870,"116 S. Michigan Ave., 12th floor Chicago, IL 6060336 S. Wabash Ave., suite 1204 Chicago, IL 60603Lumturije ""Luma"" Asanoski 116 S. Michigan Ave., 12th floor Chicago, IL 60603 312.499.416536 S. Wabash A",Chicago,IL,"=""60603""",5,2000000,8412,"[""Apache"",""Bootstrap"",""Drupal"",""Font Awesome"",""Google Tag Manager"",""Ionicons"",""Modernizr"",""PHP"",""jQuery""]",43261010,catchall,N/A,5fe787d675e23e9439b5020fc998342d,N/A,N/A,85%,Museums and Art Galleries,https://facebook.com/saic.events,N/A,https://twitter.com/saic_news,https://instagram.com/saicpics#,N/A
Robin Reimer,Robin,Reimer,COO / Origination Lead,r.reimer@captarget.com,Captarget,CAPTARGET.com,+18889521777,"880 W. Washington St. San Diego, Ca 92103 (HQ)",San Diego,CA,N/A,30,5700128,873,"[""All in One SEO Pack"",""Font Awesome"",""Google Analytics"",""Google Tag Manager"",""Intercom"",""Nginx"",""WordPress"",""jQuery""]",44579949,catchall,N/A,11701d21965e496d3a429c4ab88f2f07,N/A,N/A,85%,Research: Development: and Testing Services,N/A,N/A,N/A,N/A,N/A
Ryan Sailor,Ryan,Sailor,"Vice President and Idiq Director, Great Plains Qin",rsailor@ahqa.org,Ahqaahqa,ahqa.org,+12023315790,"1776 I Street, NW, 9th Floor | Washington, DC 20006",Washington,DC,"=""20006""",30,1000000,8621,[],40962583,catchall,N/A,9121a5cd704a1f8d0a8877c4d3dcf1a5,N/A,N/A,85%,Professional Membership Organizations,https://facebook.com/ahqa.org,N/A,https://twitter.com/ahqa,N/A,N/A
Paul Young,Paul,Young,Executive Vice President,ryoung@paulrayco.com,Paul Ray,paulrayco.com,+13126248752,N/A,Fort Worth,TX,N/A,5,1400000,N/A,"[""Apache"",""Craft CMS"",""Google Analytics"",""Google Font API"",""jQuery""]",37978148,catchall,N/A,f5826de0997f98c8d65b98292d1a316b,N/A,N/A,85%,N/A,N/A,N/A,N/A,N/A,N/A
Sandy Yeatts,Sandy,Yeatts,Admin. Assistant to VP For College,sandy@farmvillebaptist.org,Farmville Baptist,farmvillebaptist.org,+14343925041,"Address: 132 N. Main Street, Farmville, VA 23901132 N. Main Street, Farmville, VA 23901",Farmville,VA,"=""23901""",5,1638653,86,"[""Apache"",""Font Awesome"",""Google Font API"",""Twitter Emoji (Twemoji)"",""WordPress"",""jQuery"",""jQuery Migrate""]",45422322,catchall,N/A,deaa65cbd558e896a2dd604cc2cd1959,N/A,N/A,85%,Membership Organizations,https://facebook.com/farmvillebaptist.org,N/A,N/A,https://instagram.com/farmvillebaptist,N/A
Sandy Marion,Sandy,Marion,Vice President of Business Development ...,sandy@marionrha.com,Marion,marionrha.com,+12767833381,N/A,Marion,VA,N/A,30,3000000,9531,"[""Bootstrap"",""DNN"",""FancyBox"",""Microsoft ASP.NET"",""jQuery"",""jQuery UI""]",36587803,catchall,N/A,9c229b6b589c8e6c5333e919e5d46d56,N/A,N/A,85%,Administration of Housing Programs,N/A,N/A,N/A,N/A,N/A
Sarah Kaur,Sarah,Kaur,Partner & COO,sarah@portablestudios.com.au,Portable,portablestudios.com.au,N/A,N/A,unknown city,unknown state,N/A,N/A,2400000,N/A,"[""Google Font API"",""Google Tag Manager"",""OpenResty"",""Varnish"",""jQuery""]",39033821,catchall,N/A,e707aa1eb7adfd0d40fc2f847a291937,N/A,N/A,85%,N/A,https://facebook.com/portable,https://linkedin.com/company/portable,https://twitter.com/portable,N/A,N/A
Sara Falco,Sara,Falco,Senior Vice President of Operations,sara@viscardiresources.com,Viscardi Resources/viscardi,viscardiresources.com,+15163651200,N/A,New York,NY,N/A,30,2400000,N/A,"[""Google Analytics"",""Google Font API"",""Modernizr"",""Squarespace"",""Typekit"",""YUI"",""webpack""]",38519188,catchall,N/A,bc4be62950e2d3c63e63e21ef0563be5,N/A,N/A,85%,N/A,N/A,N/A,N/A,N/A,N/A
Sean Conlin,Sean,Conlin,"Vice President, Digital Strategy and Product ...",sconlin@obicreative.com,Obi Creative,obicreative.com,+14024937999,"4909 S. 135th St., Suite 200, Omaha, NE 68137",Omaha,NE,"=""68137""",75,3000000,N/A,"[""Apache"",""CloudFlare"",""Google Analytics"",""HubSpot"",""Modernizr"",""Twitter Emoji (Twemoji)"",""WordPress"",""Yoast SEO"",""jQuery"",""jQuery Migrate""]",41197147,catchall,N/A,e6196acf48ad756a255f73c3d97976b0,N/A,N/A,85%,N/A,https://facebook.com/obicreative,https://linkedin.com/company/147017,https://twitter.com/obi_creative,https://instagram.com/obicreativeagency,N/A
Scott Larsen,Scott,Larsen,"Vice President, Ip",scott@larsenvet.com,Larsen V.e.t,larsenvet.com,+14023229088,"PO Box 210 Valentine, NEPO Box 210 | Valentine, NE90647 US Hwy 83 Valentine, NE",Valentine,NE,N/A,5,1638653,0742,"[""Flywheel"",""Google Font API"",""Modernizr"",""Revslider"",""Twitter Emoji (Twemoji)"",""WordPress"",""Yoast SEO"",""jQuery"",""jQuery Migrate""]",41467853,catchall,N/A,8996a04030baef44aac50cc9c9347648,N/A,N/A,85%,Veterinary Services For Animal Specialties,N/A,N/A,N/A,N/A,N/A
Scott J Latiolais,Scott,Latiolais,Vice President For Student Success,scott.latiolais@cptc.edu,In The Spotlight,cptc.edu,+12535895973,N/A,Lakewood,WA,N/A,30,1000000,8222,"[""Apache"",""Bootstrap"",""Drupal"",""Font Awesome"",""Google Analytics"",""Google Tag Manager"",""IBM WebSphere Commerce"",""jQuery"",""jQuery UI""]",37553870,catchall,N/A,f013c4ca6b6abe9274a5f58b85d480bb,N/A,N/A,85%,Junior Colleges and Technical Institutes,https://facebook.com/cloverparktech,N/A,https://twitter.com/cloverparktech,https://instagram.com/cloverparktech,N/A
Scott Mackinnon,Scott,Mackinnon,"Vice President, Direct Response",scott@mastermixproductions.com,Productions Company Specializing In Corporate,mastermixproductions.com,+15308932625,"264 Sycamore Drive, Chico, CA 95973",Harrison Township,MI,"=""95973""",5,1638653,78,"[""RequireJS"",""Sentry"",""Wix""]",37366765,catchall,N/A,57a769694927d5951f2a71855a8357f0,N/A,N/A,85%,Motion Pictures,N/A,N/A,N/A,N/A,N/A
Todd Abbott Senior,Todd,Senior,"Todd Abbott, Senior Vice President",senior@scannellkurz.com,Ruffalo Noel Levitz,scannellkurz.com,+13196268380,N/A,Pittsford,NY,N/A,5,2000000,8299,"[""EPages"",""Google Font API"",""Google Tag Manager"",""Lightbox"",""Microsoft ASP.NET"",""SWFObject"",""jQuery""]",40144797,catchall,N/A,9ea5d4f556f8f351934d8a7d2fdc6bc1,N/A,N/A,85%,Schools and Educational Services: Not Elsewhere Classified,https://facebook.com/ruffalocody,https://linkedin.com/company/ruffalonl,https://twitter.com/ruffalonlem,N/A,N/A
Shaindy Goldman,Shaindy,Goldman,Associate Vice President of Marketing,sgoldman@brokerscentral.com,Brokers Central,brokerscentral.com,+18454955000,"3611 14th Avenue  Suite 401 Brooklyn, NY 11218",Montebello,NY,"=""11218""",5,1638653,N/A,"[""Bootstrap"",""Elementor"",""Font Awesome"",""Google Font API"",""OWL Carousel"",""PHP"",""Slick"",""Sucuri"",""WordPress"",""Yoast SEO"",""jQuery""]",46189856,catchall,N/A,69237b20a4c98740e80f6e9713c634d3,N/A,N/A,85%,N/A,N/A,https://linkedin.com/company/brokers-central,https://twitter.com/brokerscentral,N/A,N/A
Christopher Shawn Justice,Christopher,Justice,"Vice President, Engineering ...",shawn@grovelandfarms.net,Groveland Farms,grovelandfarms.net,+12155305306,6596 Groveland Road    Pipersville PA 18947,Forest,VA,"=""18947""",5,1638653,212,"[""Apache"",""Google Font API"",""MediaElement.js"",""Mustache"",""VideoJS"",""Weebly"",""jQuery""]",44721545,catchall,N/A,b267fa4b34055e1720de5eca8944499e,N/A,N/A,85%,Cigars,https://facebook.com/groveland-farms-189835744424867,N/A,N/A,N/A,N/A
Simona Laukaityte,Simona,Laukaityte,Vice President,simona@amphibiousmarine.com,Amphibious Marine,amphibiousmarine.com,N/A,N/A,Anacortes,WA,N/A,5,1638653,N/A,"[""Elementor"",""Font Awesome"",""Google Analytics"",""Google Font API"",""Nginx"",""Prefix-Free"",""Revslider"",""Twitter Emoji (Twemoji)"",""WooCommerce"",""WordPress"",""jQuery"",""jQuery Migrate""]",45543945,catchall,N/A,9f79147a4f470c235db8f8f43face8db,N/A,N/A,85%,N/A,N/A,N/A,N/A,N/A,https://youtube.com/channel/ucw-q-tzsntd7nbriw-d3wnw
Soraya Lashley,Soraya,Lashley,VP of Operations,slashley@myhrvalues.com,Hr Values 2017,myhrvalues.com,+13869515154,N/A,Debary,FL,N/A,5,1638653,N/A,"[""AddThis"",""Google Font API"",""jQuery""]",42410474,catchall,N/A,ade7746df0f2274723508327f6b48af8,N/A,N/A,85%,N/A,N/A,N/A,N/A,N/A,N/A
Sylvia Martinez,Sylvia,Martinez,Vice President,smartinez@girlsincmemphis.org,Girls,girlsincmemphis.org,+19015230217,"910 Vance Avenue Memphis, TN2020 Girls Inc. 910 Vance Avenue, Memphis, TN 38126",Memphis,TN,"=""38126""",5,2000000,8322,"[""Apache"",""Bootstrap"",""Chart.js"",""Facebook"",""Google Analytics"",""Google Tag Manager"",""Twitter Emoji (Twemoji)"",""WordPress"",""Yoast SEO"",""jQuery"",""jQuery Migrate"",""reCAPTCHA""]",40605412,catchall,N/A,6897f477ffd911c9b733d4b5dfac701b,N/A,N/A,85%,Individual and Family Social Services,https://facebook.com/girlsincmemphis,N/A,https://twitter.com/girlsincmemphis,https://instagram.com/girlsincmemphis,https://youtube.com/user/girlsincorporated
Sofia Khan,Sofia,Khan,President and CEO,sofia@nonlinearseismic.com,Nonlinear Seismic Imaging,nonlinearseismic.com,+17133067976,N/A,unknown city,unknown state,N/A,5,1638653,N/A,"[""Google Font API"",""Polyfill"",""RequireJS"",""Sentry"",""Wix""]",45129390,catchall,N/A,bbe93d5a5a0568f638bda5f4f39139e9,N/A,N/A,85%,N/A,https://facebook.com/nonlinearseismic,https://linkedin.com/in/nonlinearseismicsofiakhan,https://twitter.com/sofiakhanam,N/A,N/A
Stuart Spalding,Stuart,Spalding,CEO,s.spalding@businessfitness.us,Business Fitness Consulting,businessfitness.us,+18572440480,"61 Everard Ave, Suite 11. Revere, MA. 02151",unknown city,unknown state,"=""02151""",5,1638653,N/A,"[""Apache"",""CloudFlare"",""Facebook"",""Font Awesome"",""Google Analytics"",""Google Font API"",""Google Tag Manager"",""Ionicons"",""Revslider"",""Tawk.to"",""Twitter Emoji (Twemoji)"",""WordPress"",""animate.css"",""jQuery"",""jQuery Migrate"",""prettyPhoto""]",41403392,catchall,N/A,7872ba71cbb48aeb06bcfcdbc9546cf8,N/A,N/A,85%,N/A,https://facebook.com/businessfc,https://linkedin.com/company/business-fitness-consulting-llc,https://twitter.com/my_businessusa,https://instagram.com/yuban001,N/A
Stacey F,Stacey,F,"Vp, Head of Enterprise Architecture &amp; Privacy ...",stacey@activemgmt.com.au,Active,activemgmt.com.au,+12024411785,N/A,unknown city,unknown state,N/A,5,1638653,N/A,"[""Apache"",""Bootstrap"",""Facebook"",""Font Awesome"",""Google Analytics"",""Google Font API"",""OpenSSL"",""PHP"",""Twitter Emoji (Twemoji)"",""WordPress"",""Yoast SEO"",""YouTube"",""ZURB Foundation"",""animate.css"",""jQuery"",""jQuery Migrate""]",36354646,catchall,N/A,367545a463f2379f515bcd229d9b6fc8,N/A,N/A,85%,N/A,https://facebook.com/activemanagement,https://linkedin.com/company/active-management,https://twitter.com/jtactivemgmt,https://instagram.com/activemanagement,https://youtube.com/channel/uc2shkcihy4dwiafjerutipw
Stacy Atchison,Stacy,Atchison,Vice President,stacy@foodsafetymagazine.com,Food Safety Magazine,foodsafetymagazine.com,+19704844488,"1945 W. Mountain St. Glendale, CA 91201",Glendale,CA,"=""91201""",5,1638653,9999,"[""AddThis"",""IIS"",""Java"",""Mura CMS"",""jQuery"",""jQuery UI"",""reCAPTCHA""]",40076796,catchall,N/A,c1546612c7ca6a8fd71d4a4f5fa74e6d,N/A,N/A,85%,Nonclassifiable Establishments,N/A,N/A,N/A,N/A,N/A
Steve Ejnik,Steve,Ejnik,Vice President,steve@industrialmotorservice.com,"Industrial Motor Service, Inc3021",industrialmotorservice.com,+18642320216,N/A,Anderson,SC,N/A,30,3000000,7694,"[""Apache"",""FancyBox"",""Google Analytics"",""Google Font API"",""Hammer.js"",""MediaElement.js"",""Mustache"",""VideoJS"",""Weebly"",""jQuery""]",38002165,catchall,N/A,96f0454e3ceb8101e41fc7e61aa87c79,N/A,N/A,85%,Armature Rewinding Shops,https://facebook.com/industrialmotorservicesc/,N/A,https://twitter.com/svcmotor,N/A,N/A
Steve Dearing,Steve,Dearing,VP Design and Construction,steve@jrnl.com,Jrnl,jrnl.com,N/A,N/A,unknown city,unknown state,N/A,5,2400000,N/A,"[""Google Analytics"",""Google Font API"",""Material Design Lite"",""Nginx"",""React"",""Ubuntu"",""jQuery""]",39174236,catchall,N/A,1918dd3974187ac3205d81267241d5e4,N/A,N/A,85%,N/A,https://facebook.com/jrnlcom,N/A,https://twitter.com/jrnl,https://instagram.com/jrnl,N/A
Steve Alberts,Steve,Alberts,Vice President,steve@maerconstruction.com,Maer Construction2753,maerconstruction.com,+19043293277,"2753 Rosselle St. Jacksonville, FL 32205",unknown city,unknown state,"=""32205""",5,4400000,N/A,"[""Immutable.js"",""Lodash"",""Polyfill"",""React""]",44684863,catchall,N/A,5d2d173a74ff2de788108e9c23fe7a25,N/A,N/A,85%,N/A,N/A,N/A,N/A,N/A,N/A
Steve Perrin,Steve,Perrin,"Heating, Cooling and Home Remodeling",steve@mammothremodeling.com,Remodeling Needs.from,mammothremodeling.com,+17609344599,"PO Box 7383 Mammoth Lakes , CA , 93546",unknown city,unknown state,"=""93546""",5,1638653,N/A,"[""Google Font API"",""OpenResty"",""jQuery""]",43619419,catchall,N/A,523e3df2d541a03899aaa1d978fd6ef8,N/A,N/A,85%,N/A,N/A,N/A,N/A,N/A,N/A
Steven Wolin,Steven,Wolin,"Vice President, Product Technology",steven@commonwealthsprinklerco.com,Commonwealth Sprinkler,commonwealthsprinklerco.com,+19783526941,N/A,Rowley,MA,N/A,5,1638653,N/A,"[""Apache"",""Google Font API"",""MediaElement.js"",""Mustache"",""Weebly"",""jQuery""]",43443369,catchall,N/A,260104cce67e0a9143c28538b9afa32c,N/A,N/A,85%,N/A,N/A,N/A,N/A,N/A,N/A
Steven Rindner,Steven,Rindner,Executive Vice President,steven@mainstreetbc.org,Main Street,mainstreetbc.com,+16065495035,"2018 Main Street Baptist Church, Williamsburg, KY",China Grove,NC,N/A,5,1638653,86,"[""Apache"",""Google Analytics"",""Google Font API"",""Lightbox"",""PHP"",""TweenMax"",""Twitter Emoji (Twemoji)"",""WordPress"",""jQuery"",""jQuery Migrate""]",45249338,catchall,N/A,8c250c38396873652f74a257238f1c7f,N/A,N/A,85%,Membership Organizations,https://facebook.com/msbcwilliamsburg,N/A,https://twitter.com/donniepatrick,N/A,N/A
Susan Hill,Susan,Hill,Senior Vice President,susan@southsidemilton.org,Southside,southsidemilton.org,+19058785664,N/A,Corpus Christi,TX,N/A,5,1638653,866,"[""Google Font API"",""LiteSpeed"",""Modernizr"",""OWL Carousel"",""PHP"",""Select2"",""Twitter Emoji (Twemoji)"",""WordPress"",""Yoast SEO"",""jQuery"",""jQuery Migrate"",""jQuery UI"",""Litespeed Cache""]",45888970,catchall,N/A,900072e00df6561229e294fd293e1fcf,N/A,N/A,85%,Religious Organizations,https://facebook.com/southsidemilton,N/A,https://twitter.com/southsidemilton,https://instagram.com/southsidemilton,N/A
Suzanne Waters,Suzanne,Waters,Vice President Business Development,suzanne@reneuenergy.com,Reneu Energy,reneuenergy.com,+12017439533,"Reneu Energy, 101 Hudson Street, Suite 2100, Jersey City, NJ, 07302, United States",New York,NY,N/A,5,1638653,N/A,"[""Google Analytics"",""Microsoft Word"",""Sentry"",""Squarespace"",""Typekit"",""YUI"",""webpack""]",36796834,catchall,N/A,d7ba6fdabfebd5bdbb6dabb3c86b3afe,N/A,N/A,85%,N/A,N/A,https://linkedin.com/in/acoaaaa6nkgbtztvrhszjcghvdhuqifytchpidu,N/A,N/A,N/A
Suzie Lusk,Suzie,Lusk,Associate Vice President of Event Management,suzie.lusk@tnchamber.org,Chamber,tnchamber.org,+16155380489,N/A,Nashville,TN,N/A,30,2000000,8611,"[""Apache"",""CodeIgniter"",""ExpressionEngine"",""Facebook"",""Google Analytics"",""Google Tag Manager"",""Modernizr"",""jQuery""]",37561992,catchall,N/A,2199ee1e4532b5a82f24984e6072854e,N/A,N/A,85%,Business Associations,https://facebook.com/tennesseechamber,N/A,https://twitter.com/tnchamber,N/A,N/A
Shannon Wilson,Shannon,Wilson,Assistant Vice President,swilson@arl-iowa.org,Arl-iowa,arl-iowa.org,+15156614345,"5452 NE 22nd St., Des Moines, IA 50313",Des Moines,IA,"=""50313""",30,2000000,8699,"[""AddThis"",""Facebook"",""Font Awesome"",""Google Font API"",""Google Tag Manager"",""IIS"",""Microsoft ASP.NET"",""YouTube"",""jQuery""]",37073924,catchall,N/A,56cc4d0df57694e99dab24ee170f19ad,N/A,N/A,85%,Membership Organizations: Not Elsewhere Classified,https://facebook.com/arliowa,N/A,https://twitter.com/arliowa,https://instagram.com/arliowa,https://youtube.com/user/arliowa
Tamer Tommy Ramadan,Tamer,Ramadan,Cofounder &amp; CEO,tamer@timothysykes.com,Timothy Sykes,timothysykes.com,+18665679537,"66 W Flagler St. Ste 900, Miami, FL 33130",unknown city,unknown state,"=""33130""",5,2000000,N/A,"[""Amplitude"",""Bounce Exchange"",""CloudFlare"",""Google Font API"",""Google Tag Manager"",""WP Engine"",""WordPress"",""jQuery"",""jQuery Migrate""]",45656897,catchall,N/A,90fe94110213267733bb793d2b3f1d11,N/A,N/A,85%,N/A,N/A,N/A,N/A,https://instagram.com/timothysykes,https://youtube.com/channel/ucosg43kfjte0trstesq46ng
Tammy Salewski,Tammy,Salewski,Vice President,tammy.salewski@ronsrefrigeration.com,Ron's Refrigeration,ronsrefrigeration.com,+18002360005,"2541 Plover Road Plover, WI 54467",Rockford,IL,"=""54467""",5,1638653,76,"[""Flywheel"",""Google Analytics"",""Google Font API"",""Gravity Forms"",""WordPress"",""YouTube"",""ZURB Foundation"",""jQuery"",""reCAPTCHA""]",40629033,catchall,N/A,74a25d03e552d78f6e619c03888144f3,N/A,N/A,85%,Miscellaneous Repair Services,N/A,N/A,N/A,N/A,N/A
Tara Smith,Tara,Smith,Vice President For Programs,tara@brilliantpathways.org,Brilliant Pathways,collegefes.org,+15186447094,"2303 Main Street Essex, New York 12936",Essex,NY,"=""12936""",5,3000000,8699,"[""Font Awesome"",""Google Analytics"",""Google Tag Manager"",""MailChimp"",""Moment.js"",""Nginx"",""Underscore.js"",""WordPress"",""YouTube"",""jQuery"",""jQuery Migrate""]",39527609,catchall,N/A,aa0682ba9aadb72e5d5ab47c331a7041,N/A,N/A,85%,Membership Organizations: Not Elsewhere Classified,https://facebook.com/brilliantcfes,N/A,https://twitter.com/brilliantcfes,https://instagram.com/brilliantcfes,https://youtube.com/channel/uciwheyjvtom7canwsm_za3g
Bennett T,Bennett,T,Senior Vice President,tbennett@ssumc.net,Saintstephen,ssumc.net,+18063557271,"4600 S Western St.Amarillo TX, 79109",Amarillo,TX,"=""79109""",30,1000000,8661,"[""RequireJS"",""Sentry"",""Wix""]",36773707,catchall,N/A,94711c18c49394d3df0dc5d936eaa855,N/A,N/A,85%,Religious Organizations,https://facebook.com/ssumc,N/A,https://twitter.com/oneamarillo,https://instagram.com/saintstephenchurch,https://youtube.com/channel/ucxwcrd5kicpboq3vopvltsw
Ted Zetzman,Ted,Zetzman,Vice President,ted@noddlecompanies.com,Noddle,noddlecompanies.com,+18003651616,"2285 South 67th Street Suite 250 Omaha, NE 68106",Omaha,NE,"=""68106""",30,4000000,6519,"[""Apache"",""Google Analytics"",""Google Tag Manager"",""Leaflet"",""Modernizr"",""Moment.js"",""PHP"",""Typekit"",""Ubuntu"",""Underscore.js"",""WordPress"",""jQuery"",""jQuery Migrate""]",39170460,catchall,N/A,a8df1a7abc444d56a8abad7228a857c7,N/A,N/A,85%,Lessors of Real Property: Not Elsewhere Classified,N/A,N/A,N/A,N/A,N/A
Teresa Bragg,Teresa,Bragg,"Vice President, Manager, Client Services ...",teresa@movingmentor.com,Moving Mentor,movingmentor.com,+14135496423,"P.O. Box 3003, Amherst, MA 01004",Springfield,MA,"=""01004""",5,1638653,N/A,"[""Apache"",""DreamWeaver"",""FreeBSD"",""Google Analytics"",""OpenSSL"",""PHP"",""mod_dav"",""mod_fastcgi"",""mod_ssl""]",39387560,catchall,N/A,7f4fd89c4e1285175022a68da83631e8,N/A,N/A,85%,N/A,https://facebook.com/pages/amherst-ma/moving-mentor-inc/255412628625,N/A,https://twitter.com/movingmentor,N/A,N/A
Teresa Simmons,Teresa,Simmons,Vice President/business Administrator,teresa.simmons@kc.edu,Kettering College,kc.edu,+19373958619,"N. Wacker Dr., Suite 2850, Chicago, IL 60606-3182,",Dayton,OH,N/A,5,1638653,82,"[""Apache"",""Google Tag Manager"",""Gravity Forms"",""Modernizr"",""Moment.js"",""PHP"",""Typekit"",""WordPress"",""jQuery""]",40509753,catchall,N/A,77a2d1691bdd2b96ecd13e0facef4a71,N/A,N/A,85%,Educational Services,https://facebook.com/ketteringcollege,N/A,https://twitter.com/kettcollege,https://instagram.com/ketteringcollege,https://youtube.com/channel/ucln70w4wh9bbynthopvboia
Terry Atchley,Terry,Atchley,Executive Vice President,terry@innergateacupuncture.com,Inner Gate Acupuncture,innergateacupuncture.com,+15034594253,1421 SE Ankeny St Portland Oregon 97214,unknown city,unknown state,"=""97214""",N/A,2400000,N/A,"[""Google Analytics"",""Google Tag Manager"",""Squarespace"",""Typekit"",""YUI"",""webpack""]",41059874,catchall,N/A,8a77c3c1814f67ccd88669080d09ee74,N/A,N/A,85%,N/A,N/A,N/A,N/A,N/A,N/A
Tim Frazier,Tim,Frazier,Vice President of Safety and Regulatory ...,tfrazier@alabamatrucking.org,Alabama Trucking,alabamatrucking.org,+13342626504,"P.O. Box 242337 Montgomery, AL 361247550 Halcyon Pointe Drive Montgomery, AL 36117",Montgomery,AL,"=""36117""",5,1638653,83,"[""Apache"",""Google Analytics"",""Google Font API"",""PHP"",""Twitter Emoji (Twemoji)"",""WordPress"",""jQuery"",""jQuery Migrate""]",40773334,catchall,N/A,cb2ccdda85d17ac17d80b021337350fb,N/A,N/A,85%,Social Services,https://facebook.com/alabamatrucking,https://linkedin.com/company/alabama-trucking-association,https://twitter.com/alabamatrucking,https://instagram.com/alabamatrucking,N/A
Tiffany Hermann,Tiffany,Hermann,Vice President,tiffany@poncacitychamber.com,Ponca City Chamber,poncacitychamber.com,+15807652798,N/A,Ponca City,OK,N/A,5,1638653,86,"[""Apache"",""Google Analytics"",""Google Font API"",""MediaElement.js"",""Modernizr"",""Mustache"",""VideoJS"",""Weebly"",""YouTube"",""animate.css"",""jQuery""]",39280824,catchall,N/A,d08b8ae0a91f6c2fee7ed5de8b65407b,N/A,N/A,85%,Membership Organizations,https://facebook.com/poncacitychamber,https://linkedin.com/in/rich-cantillion-aa43168,N/A,N/A,N/A
Tiffany Sampsel,Tiffany,Sampsel,Director of Operations,tiffany@rsgrow.com,Rsgrow.comfollow,rsgrow.com,+16148555100,"5200 New Albany Road New Albany, Ohio 43054",New Albany,OH,"=""43054""",5,1638653,832,"[""Apache"",""Google Analytics"",""Google Maps"",""PHP"",""WordPress"",""jQuery"",""jQuery Migrate""]",43412851,catchall,N/A,615f2e86b9069510edf24a8fd8d86e43,N/A,N/A,85%,Individual and Family Social Services,https://facebook.com/rsgrow,N/A,N/A,https://instagram.com/readysetgrow,N/A
Tim Green,Tim,Green,Vice President,tim.green@hcnyeco.com,H.c. Nye,hcnyeco.com,+14846124058,"6405 Flank Drive Harrisburg, PA 17112",Harrisburg,PA,"=""17112""",30,3000000,7623,"[""Apache"",""Font Awesome"",""Google Analytics"",""Google Font API"",""OWL Carousel"",""PHP"",""YouTube"",""jQuery""]",40543066,catchall,N/A,8aeff249c88cfb1005d2e1705e57c731,N/A,N/A,85%,Refrigeration and Air-conditioning Service and Repair Shops,https://facebook.com/hcnyeco,https://linkedin.com/company/h-c-nye-company-inc-,https://twitter.com/hcnye,N/A,N/A
Tim Griffin,Tim,Griffin,"Vp, Surety",tim.griffin@aspen.co,Aspen Insurance Holdings,aspen.co,+14412958201,"P.O. Box 505000 Louisville, KY 40233-5000",Chicago,IL,"=""40233-5000""",3000,2400000,N/A,"[""Google Tag Manager"",""IIS"",""Microsoft ASP.NET"",""SweetAlert2"",""jQuery"",""jQuery UI""]",39131697,catchall,N/A,b24897a25fec22e01d57facde77e1f7f,N/A,N/A,85%,N/A,N/A,https://linkedin.com/company/aspen-insurance,N/A,N/A,N/A
Tim Barnard,Tim,Barnard,Vice President,tim@limousinworld.com,Nalf,limousinworld.com,+16053100791,"to:NALF, 6 Inverness Court East, Suite 260 Englewood, CO 80112-5595",Guthrie,OK,"=""80112-5595""",N/A,2572470,62,"[""Apache"",""Bootstrap"",""Font Awesome"",""Google Analytics"",""MailChimp"",""OWL Carousel"",""Plesk"",""WordPress"",""YouTube"",""jQuery""]",43978189,catchall,N/A,73965a5d5f584b1816ad215d7400c199,N/A,N/A,85%,Security and Commodity Brokers: Dealers: Exchanges: and Services,https://facebook.com/northamericanlimousin,N/A,https://twitter.com/limousincattle,N/A,https://youtube.com/channel/ucuau1qfefjigmxc5axsh7oa
Tony Nichols,Tony,Nichols,Vice President,tnichols@salisburyarea.com,Salisbury Area,salisburyarea.com,+14107490144,N/A,Salisbury,MD,N/A,5,1638653,8611,"[""Amazon EC2"",""Apache"",""Google Analytics"",""Google Font API"",""Google Tag Manager"",""OpenSSL"",""PHP"",""Slick"",""TrackJs"",""Twitter Emoji (Twemoji)"",""WordPress"",""Yoast SEO"",""jQuery"",""jQuery Migrate"",""jQuery UI""]",38229027,catchall,N/A,7be72431a7f5b8074c6bc36ad2db7eac,N/A,N/A,85%,Business Associations,https://facebook.com/pages/salisbury-area-chamber-of-commerce-salisbury-md/186479400836,https://linkedin.com/company/salisbury-area-chamber-of-commerce,https://twitter.com/sbychamber,https://instagram.com/salisburyareachamber,https://youtube.com/channel/ucp8hktbcrwfp8kg6y4yzhca/videos
Todd Gershkowitz,Todd,Gershkowitz,"Executive Vice President, Chief ...",toddr@ilr.org,Ilr,ilr.org,+15032432081,"Location: 1839 NE Couch Street Portland, Oregon 97232 Copyright 2005 Independent Living Resources 1839 NE Couch Street, Portland, Oregon 972321839 NE Couch Street Portland, Oregon 97232",Portland,OR,"=""97232""",5,1638653,8322,"[""Apache"",""PayPal""]",41536026,catchall,N/A,57767dcf60e9de647d8a19498b45dac3,N/A,N/A,85%,Individual and Family Social Services,https://facebook.com/pages/independent-living-resources-of-portland-oregon/108919475801602,N/A,N/A,N/A,N/A
Tommye Jordan,Tommye,Jordan,VP R&amp;d,tommyejordan@BioPetVetLab.com,Biopet,BioPetVetLab.com,+18655462862,"6727 Baum Drive Knoxville, TN 37919",Knoxville,TN,"=""37919""",5,1638653,742,[],46378833,catchall,N/A,40cd5db35d22ff1201ff2d0c50beb81f,N/A,N/A,85%,N/A,N/A,N/A,N/A,N/A,N/A
Toni May,Toni,May,"Vp, Marketing &amp; Communications",toni@cmescience.com,Cme Science,cmescience.com,+12076669051,"3790 El Camino Real Suite 2029 Palo Alto, CA 94306",unknown city,unknown state,"=""94306""",5,1638653,N/A,"[""Apache"",""Google Analytics"",""Gravatar"",""Twitter"",""Twitter Emoji (Twemoji)"",""WordPress"",""Yoast SEO"",""jQuery"",""jQuery Migrate""]",36357319,catchall,N/A,8ae9851429dd84fdd9a37ea2e7537e24,N/A,N/A,85%,N/A,https://facebook.com/cmescience,N/A,https://twitter.com/cmescience/lists/cme-science,N/A,N/A
Tony Gatliff,Tony,Gatliff,Vice President Ofmortgagelending,tony@militaryresourceradio.com,Bbmc Mortgage,militarymortgagetalk.com,+18883664677,N/A,Edina,MN,N/A,5,1638653,8641,[],41017196,catchall,N/A,b6d55f959d89163cca78596b11da39b4,N/A,N/A,85%,Civic: Social: and Fraternal Associations,https://facebook.com/bbmcmortgage,https://linkedin.com/company/bridgeview-bank-mortgage,https://twitter.com/militaryrr,N/A,https://youtube.com/channel/ucs3gg0ra1groffkugn8gceg
Tony Burnett,Tony,Burnett,Vice President,tony@rockbridge.cc,Rock Bridge,rockbridge.cc,+17062793175,"121 W. Crawford St. Dalton, GA 30720",Rockwall,TX,"=""30720""",5,1638653,86,"[""Font Awesome"",""Google Analytics"",""Google Font API"",""Google Tag Manager"",""Gravity Forms"",""WordPress"",""jQuery"",""jQuery Migrate""]",39331162,catchall,N/A,52cdeb34105fc07cb973f1cd558af2fd,N/A,N/A,85%,Membership Organizations,https://facebook.com/rockbridgecommunitychurchga,N/A,https://twitter.com/rockbridgecc,https://instagram.com/rockbridgecc,N/A
Thomas Pascale,Thomas,Pascale,VP of Operations,tpascale@presidentialexpress.org,Presidential Express Trucking,presidentialexpress.org,+19739452380,ed,Newark,NJ,N/A,N/A,3181500,4225,"[""Apache"",""Bootstrap"",""Google Analytics"",""PHP"",""Typekit"",""animate.css"",""jQuery"",""jQuery Migrate""]",36786656,catchall,N/A,7a0d682c1e885df18d192ec32e342f04,N/A,N/A,85%,General Warehousing and Storage,N/A,N/A,N/A,N/A,N/A
Tracy Boatner,Tracy,Boatner,Vice President,tracy@eteconline.org,East Tennessee Economic Council,eteconline.org,+18654820191,N/A,Oak Ridge,TN,N/A,5,1638653,8611,"[""Font Awesome"",""Google Font API"",""Google Maps"",""Modernizr"",""Nginx"",""Twitter Emoji (Twemoji)"",""WordPress"",""jQuery"",""jQuery Migrate""]",37698248,catchall,N/A,bb90dbe68f831674ae05d1ecfb3d851c,N/A,N/A,85%,Business Associations,https://facebook.com/etectn,https://linkedin.com/company/east-tennessee-economic-council-etec-,N/A,N/A,N/A
Tracy Sibbing,Tracy,Sibbing,"Vice President, Community Impact",tracy@unitedway4us.org,United Way,unitedway4us.org,+14107425143,N/A,Salisbury,MD,N/A,5,1638653,N/A,"[""Drupal"",""Facebook"",""Google Analytics"",""Nginx"",""Typekit"",""YouTube"",""jQuery""]",45386714,catchall,N/A,2793f594ccab4963ded18cb3ee68698a,N/A,N/A,85%,N/A,https://facebook.com/uwles,https://linkedin.com/company/united-way-of-the-lower-eastern-shore,https://twitter.com/unitedway_les,https://instagram.com/unitedwayles,https://youtube.com/user/unitedwayles
T Ross,T,Ross,Vice President,tross@signalpres.org,Signal Pres,signalpres.org,+14237631899,N/A,Signal Mountain,TN,N/A,30,1000000,8661,"[""Google Analytics"",""Google Font API"",""Gravity Forms"",""Nginx"",""Stripe"",""Twitter Emoji (Twemoji)"",""WordPress"",""Yoast SEO"",""jQuery"",""jQuery Migrate""]",43907315,catchall,N/A,60bd7d92a80a603abf3cca47d9f6f985,N/A,N/A,85%,Religious Organizations,https://facebook.com/signalpres,N/A,https://twitter.com/signalpres,N/A,N/A
Shea T,Shea,T,Vice President of Operations,tshea@cvexpo.org,Expo And,cvexpo.org,+18028785545,"105 Pearl Street, Essex Junction, VT 05452105 Pearl Street, Essex Junction, Vermont 05452",Essex Junction,VT,"=""05452""",5,1638653,79,[],37150738,catchall,N/A,b8587211649d7e51e297b85557b9c4ef,N/A,N/A,85%,Amusement and Recreation Services,https://facebook.com/cvexpo.org,N/A,https://twitter.com/cv_expo,https://instagram.com/champlainvalleyexpo,N/A
Michael Woods,Michael,Woods,Vice President Protective Fabrics,twoods@mountvernonohio.org,Mount Vernon,mountvernonohio.org,+17403977548,"200 West Gambier Street Mount Vernon, Ohio200 West Gambier Street Mount Vernon, Ohio 43050",Mount Vernon,OH,"=""43050""",30,3000000,9224,"[""Flywheel"",""Google Font API"",""Lightbox"",""MediaElement.js"",""Modernizr"",""PHP"",""Revslider"",""Twitter Emoji (Twemoji)"",""WordPress"",""Yoast SEO"",""YouTube"",""jQuery"",""jQuery Migrate"",""jQuery UI""]",43720087,catchall,N/A,d70d032b024f6ae96524f04634ff54f0,N/A,N/A,85%,Fire Protection,https://facebook.com/mountvernonshadetreecommission,N/A,N/A,N/A,N/A
Virginia Chenault,Virginia,Chenault,Vice President Property Management ...,virginia.chenault@harding-inc.com,Harding,harding-inc.com,+18042821590,"5006 Monument Avenue Richmond, VA 23230",Richmond,VA,"=""23230""",5,1638653,N/A,"[""All in One SEO Pack"",""Apache"",""Twitter Emoji (Twemoji)"",""WordPress"",""jQuery"",""jQuery Migrate""]",37059097,catchall,N/A,f2fcb5e01496f0dff9fa80c3e00398b2,N/A,N/A,85%,N/A,N/A,N/A,N/A,N/A,N/A
Warren Baelen,Warren,Baelen,VP Software Engineering,warren@arable.com,Arable Labs,arable.com,+15109924095,N/A,unknown city,unknown state,N/A,30,2000000,N/A,"[""Apache"",""Bootstrap"",""Google Analytics"",""Google Font API"",""WordPress"",""YouTube"",""jQuery"",""jQuery Migrate""]",43516141,catchall,N/A,743c41321fe2e2514549c18b3d004a2d,N/A,N/A,85%,N/A,https://facebook.com/arablelabs,https://linkedin.com/company/arable-labs-inc.,https://twitter.com/arablelabs,https://instagram.com/arablelabs,N/A
Wayne Allan,Wayne,Allan,Executive Vice President,wayne.allan@asml.com,Asml,asml.com,+18017535300,"17075 Thornmint Court San Diego, California 92127",Pocatello,ID,"=""92127""",5,1638653,9999,"[""Azure"",""Chart.js"",""CloudFlare"",""Google Tag Manager"",""Lodash"",""Microsoft ASP.NET"",""Vue.js"",""jQuery""]",36653236,catchall,N/A,c0edd9367ed37de81c55b10a988f9147,N/A,N/A,85%,Nonclassifiable Establishments,https://facebook.com/asml,https://nl.linkedin.com/company/asml,https://twitter.com/asmlcompany,https://instagram.com/asmlcompany,https://youtube.com/channel/ucit9d3jjhensvi_w9gusxva
Wayne Hodges,Wayne,Hodges,Vice President,wayne@limousinworld.com,Nalf,limousinworld.com,+16053100791,"to:NALF, 6 Inverness Court East, Suite 260 Englewood, CO 80112-5595",Guthrie,OK,"=""80112-5595""",N/A,2572470,62,"[""Apache"",""Bootstrap"",""Font Awesome"",""Google Analytics"",""MailChimp"",""OWL Carousel"",""Plesk"",""WordPress"",""YouTube"",""jQuery""]",43978178,catchall,N/A,272f5240e8b4f2272f5e6c219a8cfb25,N/A,N/A,85%,Security and Commodity Brokers: Dealers: Exchanges: and Services,https://facebook.com/northamericanlimousin,N/A,https://twitter.com/limousincattle,N/A,https://youtube.com/channel/ucuau1qfefjigmxc5axsh7oa
Joey Wise,Joey,Wise,Associate Vice President - Pro,wise@pro-voke.co,Pro-voke,pro-voke.co,N/A,N/A,Portland,ME,N/A,5,1638653,N/A,"[""Business Catalyst"",""Google Analytics"",""Microsoft ASP.NET"",""OpenResty"",""RequireJS"",""Typekit"",""jQuery""]",37868475,catchall,N/A,a2c97ecd75ed69a71d877ebf562bbad5,N/A,N/A,85%,N/A,https://facebook.com/provoke,https://linkedin.com/in/steve-campbell-48b24081,N/A,N/A,N/A
Wayne Scott,Wayne,Scott,Vice President of Student Services,wscott@fhu.edu,Fhu,fhu.edu,+17316082534,N/A,Henderson,TN,N/A,5,1638653,82,"[""Bootstrap"",""FancyBox"",""Google Font API"",""Microsoft ASP.NET"",""PHP"",""Sitefinity"",""Slick"",""jQuery""]",40537996,catchall,N/A,82992fc7596cf680ce30d893c1056da7,N/A,N/A,85%,Educational Services,https://facebook.com/pages/henderson-tn/fhu-library/70395602261,N/A,https://twitter.com/fhulibrary,https://instagram.com/fhulibrary,N/A
Zeeshan Hussain,Zeeshan,Hussain,"Vp, Head of Client Service",zeeshan.hussain@wearethemark.com,Mark,themarkstudios.com,+16473471339,N/A,unknown city,unknown state,N/A,5,1638653,N/A,"[""Google Analytics"",""Google Font API"",""Squarespace"",""Typekit"",""YUI"",""jQuery"",""webpack""]",41633875,catchall,N/A,8674e10c5b94a3f3ff339e6b7e4bf0e4,N/A,N/A,85%,N/A,N/A,https://linkedin.com/company/wearethemark,N/A,https://instagram.com/wearethemark,N/A
