Full_Name,First_Name,Last_Name,Employee_Title,Email,Company,Website,Company_Number,Address,City,State,Zip_Code,Employee_Size,Annual_Revenue,SIC_Code,Tech_Stack,Contact_ID,Email_Validation,Date_Email_Verified,Email_MD5,Personal_linkedin,Direct_Dial,Estimated_Email_Deliverability,Industry,Facebook,LinkedIn,Twitter,Instagram,Youtube
Anthony Aderhold,Anthony,Aderhold,VP Business Development,aaderhold@blackbearresources.com,Black Bear Resources,blackbearresources.com,+16512532646,N/A,unknown city,unknown state,N/A,5,2400000,13,"[""Azure"",""Google Analytics"",""IIS"",""Kentico CMS"",""Microsoft ASP.NET"",""Modernizr"",""jQuery""]",45386569,catchall,3/2/2023,4707968bfead90c90eb6c5f7ffaff573,N/A,N/A,85%,Oil and Gas Extraction,N/A,https://linkedin.com/company/black-bear-resources-lllp,https://twitter.com/blackbearrsrcs,N/A,N/A
Aaron Campbell,Aaron,Campbell,Director of Sales & Production,aaron@northwest-roofing.com,Roofing 2755,northwest-roofing.com,+13038040303,"2755 S. Locust St., Suite 200 Denver, CO 80222",Denver,CO,"=""80222""",30,3600000,15,"[""Font Awesome"",""Google Analytics"",""Google Font API"",""Google Tag Manager"",""Gravity Forms"",""OpenResty"",""Polyfill"",""Twitter Emoji (Twemoji)"",""WordPress"",""Yoast SEO"",""jQuery"",""jQuery Migrate""]",37638357,valid,5/15/2024,d830f66add30da22854a898a17f1a65e,N/A,N/A,97%,Building Construction-general Contractors and Operative Builders,N/A,N/A,N/A,N/A,N/A
Ann Barnes,Ann,Barnes,Operations Director,abarnes@arrowplumbing.net,Arrow Plumbing,arrowplumbing.net,+15017533838,N/A,N Little Rock,AR,N/A,30,8713800,15,"[""Bootstrap"",""Font Awesome"",""Google Analytics"",""Google Font API"",""Google Tag Manager"",""LiveChat"",""Nginx"",""PHP"",""Pantheon"",""Twitter Emoji (Twemoji)"",""Varnish"",""WordPress"",""jQuery"",""jQuery Migrate""]",46472396,valid,11/6/2023,c3eb19b11ca3fddcd73955c07ad89ee1,N/A,N/A,97%,Building Construction-general Contractors and Operative Builders,https://facebook.com/arrowplumbingar,N/A,https://twitter.com/arrowplumbingar,N/A,https://youtube.com/user/littlerockplumber
Albert Chee,Albert,Chee,"Vice President, Retail Marketing & Community Relations",achee@islandenergyservices.com,Island Energy An Energy,islandenergyservices.com,+18086713371,"130 W. Kamehameha Ave Kahului, HI 96732",Kapolei,HI,"=""96732""",30,5700128,13,"[""Google Analytics"",""Google Font API"",""Hogan.js"",""Modernizr"",""Nginx"",""Twitter Emoji (Twemoji)"",""WP Engine"",""WordPress"",""Yoast SEO"",""jQuery"",""jQuery Migrate"",""reCAPTCHA""]",39075681,catchall,8/18/2023,10e49748d97c6aa667ac328ef4d48019,N/A,N/A,85%,Oil and Gas Extraction,N/A,N/A,N/A,N/A,N/A
Andy Cole,Andy,Cole,Director of Operations,acole@dmafloors.com,Floors For Govtmilitary Floors For Corporate,dmafloors.com,+18042662464,"Office: 4216 Eubank Road Richmond, VA 23231",Richmond,VA,"=""23231""",30,15000000,15,"[""Bootstrap"",""Font Awesome"",""Google Font API"",""Nginx"",""YouTube"",""jQuery"",""jQuery Migrate""]",45069579,catchall,N/A,75b83dad39d0c1e90ab0fbc959eeaa0d,N/A,N/A,85%,Building Construction-general Contractors and Operative Builders,https://facebook.com/pages/dma-floors/445584145523681,https://linkedin.com/company/dma-floors,https://twitter.com/dmafloors,N/A,https://youtube.com/user/dmafloors
Adam Dilts,Adam,Dilts,Vice President,adam@diltsllc.com,Dilts Enterprises,diltsllc.com,+17244527644,"108 Towne Hill Drive Zelienople, PA 16063",Zelienople,PA,"=""16063""",N/A,0,15,"[""Nginx"",""OWL Carousel"",""Twitter Emoji (Twemoji)"",""Typekit"",""WordPress"",""animate.css"",""jQuery"",""jQuery Migrate""]",38186550,valid,5/15/2024,33e24debac390dc510721924571c7e68,N/A,N/A,97%,Building Construction-general Contractors and Operative Builders,N/A,N/A,N/A,N/A,N/A
Adam Sarmiento,Adam,Sarmiento,Vice President,adam@ecogardenok.com,Ecogardenok,ecogardenok.com,+14058025922,N/A,Norman,OK,N/A,N/A,0,15,[],45048349,valid,11/6/2023,09ae765e77199d502bfabfa2fd046742,N/A,N/A,97%,Building Construction-general Contractors and Operative Builders,https://facebook.com/ecogardenok,N/A,N/A,N/A,N/A
Alan Whitehead,Alan,Whitehead,Safety Director/field Operations,alan@melvinelectric.com,Melvin Electric,melvinelectric.com,+12815801513,N/A,Houston,TX,N/A,N/A,0,15,"[""Apache"",""CloudFlare"",""DreamWeaver"",""Statcounter""]",40160945,valid,5/15/2024,24e02c313c85241240a9683a41ca6e79,N/A,N/A,97%,Building Construction-general Contractors and Operative Builders,N/A,N/A,N/A,N/A,N/A
Alan Wilson,Alan,Wilson,Vice President - Business Development,alan.wilson@cowater.com,Cowater,cowater.com,+16137226434,N/A,Anchorage,AK,N/A,N/A,0,15,"[""AddThis"",""Apache"",""Bootstrap"",""Font Awesome"",""Google Analytics"",""Google Font API"",""Google Tag Manager"",""PHP"",""Revslider"",""Slick"",""Twitter Emoji (Twemoji)"",""WordPress"",""Yoast SEO"",""jQuery"",""jQuery Migrate""]",36426934,catchall,N/A,b25c5588956a21fca1927ec7c2c8ce8e,N/A,N/A,85%,Building Construction-general Contractors and Operative Builders,https://facebook.com/cowatersogema,https://linkedin.com/company/cowaterinternational,https://twitter.com/cowater_intl,https://instagram.com/cowater.sogema/,N/A
Alberta Canada,Alberta,Canada,Vice President,albertac@UBS1.com,Ubs1,UBS1.com,+17805311456,"27 Horton Avenue New Rochelle, NY 10801",New Rochelle,NY,"=""10801""",N/A,0,15,[],46507381,catchall,N/A,654bd1a593e7b9b0c71cea493e9ebcc7,N/A,N/A,85%,Building Construction-general Contractors and Operative Builders,https://facebook.com/ubsuniversal,https://linkedin.com/company/10015433,https://twitter.com/ubsuniversal,https://instagram.com/universalbuilders,https://youtube.com/channel/ucoyj7tjsf5gikga2yivrxuq
Albert De La Vega,Albert,Vega,Vice President,albert@bdcmiami.com,Bdc Construction,bdcmiami.com,+13058887664,N/A,Medley,FL,N/A,N/A,0,15,"[""Apache"",""Google Font API"",""PHP"",""Twitter Emoji (Twemoji)"",""WordPress"",""jQuery""]",37209895,valid,1/10/2024,d7a5d93e4fdd0b4d3b545623a50c5b5c,N/A,N/A,97%,Building Construction-general Contractors and Operative Builders,https://facebook.com/bdc-construction-164119723612454,https://linkedin.com/in/albert-de-la-vega-66168118,N/A,N/A,https://youtube.com/channel/uc1fkhimamf1fhzlqmgc18vq
William Albright,William,Albright,Vice President,albrightw@heartlandwi.com,Heartland Contractors.,heartlandwi.com,N/A,N/A,Chippewa Falls,WI,N/A,30,0,15,[],37624052,catchall,N/A,e36f748fed5d19573bc956bc305afe2e,N/A,N/A,85%,Building Construction-general Contractors and Operative Builders,N/A,N/A,N/A,N/A,N/A
Alec Meikle,Alec,Meikle,"Vice President, Corporate Development",alec.meikle@lithiumamericas.com,Lithium Americas,lithiumamericas.com,+16474277450,N/A,Vancouver,WA,N/A,30,7400000,10,"[""Apache"",""Google Analytics"",""Google Tag Manager"",""Modernizr"",""animate.css"",""jQuery""]",42999797,catchall,N/A,c31ec44708a9b04a5efd083765371684,N/A,N/A,85%,Metal Mining,N/A,N/A,https://twitter.com/lithiumamericas,N/A,N/A
Tanner Alexander Vice,Tanner,Vice,Vice President Business Development,alexander-vice@brazosmidstream.com,Brazos Midstream,brazosmidstream.com,+19185737308,"777 Main Street, Suite 3700, Ft. Worth, TX 76102",Fort Worth,TX,"=""76102""",30,7000000,13,"[""Google Analytics"",""Nginx"",""OWL Carousel"",""Twitter Emoji (Twemoji)"",""Underscore.js"",""WP Engine"",""WordPress"",""Yoast SEO"",""animate.css"",""jQuery"",""jQuery Migrate"",""prettyPhoto""]",37702181,catchall,3/2/2023,66eaf0203acb401db438e6296e32f4ce,N/A,N/A,85%,Oil and Gas Extraction,N/A,https://linkedin.com/company/brazos-midstream/,N/A,N/A,N/A
Alex Shemyakin,Alex,Shemyakin,Chief Executive Officer,alex@deltaalloys.com,Delta Alloys,deltaalloys.com,+15623756644,N/A,Santa Fe Springs,CA,N/A,N/A,0,10,"[""Bootstrap"",""Font Awesome"",""Google Analytics"",""Google Font API"",""Nginx"",""WordPress"",""Yoast SEO"",""jQuery"",""jQuery Migrate""]",36691185,catchall,8/17/2023,abcc0f163c1aceb672961a5dc72f9441,N/A,N/A,85%,Metal Mining,N/A,N/A,N/A,N/A,N/A
Allen Darwin,Allen,Darwin,VP Marketing and Brand Development,allen.darwin@trianglehf.com,Trianglehf,trianglehf.com,+17323559800,"120 Tices Lane East Brunswick, New Jersey 08816",unknown city,unknown state,"=""08816""",30,22000000,22,"[""Apache"",""Bootstrap"",""Font Awesome"",""Modernizr"",""WordPress"",""jQuery"",""jQuery UI""]",42154089,catchall,N/A,e8d3fb507bc7c7f2410285800573c685,N/A,N/A,85%,Textile Mill Products,N/A,N/A,N/A,N/A,N/A
Allen Greenberg,Allen,Greenberg,CFO,alleng@steinfibers.com,Stein Fibers,SteinFibers.com,N/A,N/A,unknown city,unknown state,N/A,N/A,0,22,"[""Apache Traffic Server"",""Google Analytics"",""Google Font API"",""Twitter Emoji (Twemoji)"",""WordPress"",""Yoast SEO"",""jQuery"",""jQuery Migrate""]",37378879,catchall,4/18/2023,00a792b2d48493e15d44211673bf5009,N/A,N/A,85%,Textile Mill Products,N/A,N/A,N/A,N/A,N/A
Allen Jefferies,Allen,Jefferies,VP Manufacturing,allenjefferies@epicliftsystems.com,Epiclift,epicliftsystems.com,+18174433500,N/A,Fort Worth,TX,N/A,125,0,13,[],44829242,catchall,3/2/2023,c3a898260199462d32f9a45b10e8a075,N/A,N/A,85%,Oil and Gas Extraction,https://facebook.com/epicliftsystems,https://linkedin.com/company/epic-lift-systems,N/A,N/A,N/A
Amanda Voss,Amanda,Voss,Director of Sales,amanda.v@jordahlcustomhomes.com,Jordahl Custom Homes,jordahlcustomhomes.com,+17012340404,"2832 Sheyenne St West Fargo, ND 580782832 Sheyenne St, West Fargo, ND 58078",Fargo,ND,"=""58078""",5,2002080,15,"[""Bootstrap"",""Facebook"",""Flywheel"",""Google Analytics"",""Google Maps"",""Google Tag Manager"",""Twitter Emoji (Twemoji)"",""Unbounce"",""WordPress"",""Yoast SEO"",""animate.css"",""jQuery"",""jQuery Migrate"",""reCAPTCHA""]",36397412,catchall,11/29/2023,79dcab23acf062bbaaa41f77e11ade8c,N/A,N/A,85%,Building Construction-general Contractors and Operative Builders,https://facebook.com/jordahlcustomhomes,N/A,N/A,https://instagram.com/jordahlcustomhomes,N/A
Allen Mclane,Allen,Mclane,Vice President,amclane@baker-electric.com,Baker Electric,baker-electric.com,+17607453610,"2120 Harmony Grove Road Escondido, CA 920292140 Enterprise Street Escondido, CA 92029",Escondido,CA,"=""92029""",750,300000000,15,"[""Bootstrap"",""CloudFlare"",""Drupal"",""Facebook"",""Font Awesome"",""Google Analytics"",""Google Font API"",""Google Tag Manager"",""Nginx"",""Pantheon"",""Slick"",""Underscore.js"",""Varnish"",""YouTube"",""jQuery""]",36934799,catchall,1/15/2021,90c2cbb8b0dd9c703f23638811e378ca,N/A,N/A,85%,Building Construction-general Contractors and Operative Builders,https://facebook.com/bakerelectricinc,https://linkedin.com/company/baker-electric/life/,https://twitter.com/baker_electric,https://instagram.com/baker_electric,https://youtube.com/channel/uc2gtc94mehblv7zncfcdq4a/featured
Aaron Montgomery,Aaron,Montgomery,Vice President,amontgomery@donnersteelworks.com,Donner Steel Works,donnersteelworks.com,+14024380241,"3900 Industrial Avenue Lincoln, Nebraska USA 68504",Lincoln,NE,"=""68504""",30,5700128,10,"[""CloudFlare"",""Font Awesome"",""Google Font API"",""Google Plus"",""Lightbox"",""Nginx"",""PHP"",""RequireJS"",""Revslider"",""WordPress"",""WP-Statistics"",""jQuery"",""jQuery Migrate""]",42758203,catchall,N/A,fa555be9a0486d785bf3682b5730f425,N/A,N/A,85%,Metal Mining,https://facebook.com/donnersteelworks,https://linkedin.com/company/donner-steel-works-inc-,https://twitter.com/buildhci,N/A,N/A
Allison Morgan,Allison,Morgan,CFO,amorgan@easternpcm.com,Eastern Pcm,easternpcm.com,+17172331666,"645 North 12th Street Suite 200 Lemoyne, PA 17043",Lemoyne,PA,"=""17043""",5,1638653,15,"[""Google Analytics"",""LiteSpeed"",""NextGEN Gallery"",""PHP"",""SWFObject"",""Twitter Emoji (Twemoji)"",""WordPress"",""jQuery"",""jQuery Migrate""]",36778016,valid,5/15/2024,1823e837367a1a1f9ca0462552fca606,N/A,N/A,97%,Building Construction-general Contractors and Operative Builders,https://facebook.com/pages/eastern-pcm-llc/134268516622462,https://linkedin.com/company/eastern-pcm-llc,N/A,N/A,N/A
Amy Dufrane,Amy,Dufrane,VP of Workplace Acoustics,amy.dufrane@acoufelt.com,Acoufelt,acoufelt.com,+18009668557,"110 East 30th Street, New York, NY, 10016",New York,NY,"=""10016""",30,5700128,22,"[""Facebook"",""Font Awesome"",""Google Analytics"",""Google Font API"",""Google Tag Manager"",""Gravity Forms"",""Modernizr"",""Nginx"",""OWL Carousel"",""PHP"",""Underscore.js"",""WooCommerce"",""WordPress"",""animate.css"",""jQuery"",""jQuery Migrate"",""jQuery UI"",""Kinsta"",""prettyPhoto""]",40888047,catchall,N/A,c1fd6e6e3d10a592d7c42bb03328378a,N/A,N/A,85%,Textile Mill Products,https://facebook.com/acoufelt,https://linkedin.com/company/acoufelt,N/A,https://instagram.com/acoufelt,https://youtube.com/channel/uca7u65wct98iyq0qpmkdwnq
Andrea Schroeder,Andrea,Schroeder,Executive Vice President,andrea.schroeder@otl-inc.com,Otl,otl-inc.com,+17146374747,"1919 McKinney Ave. Dallas, TX 75201",Newport Beach,CA,"=""75201""",125,0,15,"[""Google Analytics"",""Google Tag Manager"",""Hammer.js"",""Hotjar"",""Nginx"",""Quantcast"",""ShareThis"",""WordPress"",""Yoast SEO"",""jQuery"",""jQuery Migrate""]",38439828,catchall,N/A,417f17f058a2f439e8fed9118daeefd3,N/A,N/A,85%,Building Construction-general Contractors and Operative Builders,https://facebook.com/otlinc,https://linkedin.com/company/w.-a.-richardson-builders-llc,https://twitter.com/otlinc,https://instagram.com/otlinc,https://youtube.com/user/otl1nc
Andre Fontova,Andre,Fontova,Vice President Commercialization ...,andre@blasttech.com,Blast Tech,blasttech.com,+13374450430,"1064 Maurice Road Broussard, LouisianaBlast Tech, 1064 Maurice Rd, Broussard, LA, 70518, United States",Broussard,LA,N/A,30,5700128,13,"[""Google Analytics"",""Microsoft Word"",""Squarespace"",""Typekit"",""YUI"",""webpack""]",43060485,catchall,3/2/2023,b73c8bc2150a77fb8a10eb7c793e2982,N/A,N/A,85%,Oil and Gas Extraction,N/A,N/A,N/A,N/A,N/A
Andrew Taplin,Andrew,Taplin,Chief Operating Officer,andrew@stackpolecontracting.com,Stackpole Construction,stackpolecontracting.com,+12017508800,"65 Pascack Avenue River Vale, NJ, 07675",Westwood,NJ,"=""07675""",5,1000000,15,"[""Google Analytics"",""Modernizr"",""Squarespace"",""Typekit"",""YUI"",""webpack""]",43243247,valid,10/14/2024,519f9790d5d545936ad4ef0ccba8858e,N/A,N/A,97%,Building Construction-general Contractors and Operative Builders,https://facebook.com/stackpolecontracting,https://linkedin.com/company/stackpole-contracting,https://twitter.com/stackpolebuilds,https://instagram.com/stackpolebuilds,N/A
Armin Assadi,Armin,Assadi,Executive Vice President,armin@positionintel.com,Position Intel,positionintel.com,+18886290996,445 Minnesota Street Suite 1500 Saint Paul MN 55101,Saint Paul,MN,"=""55101""",30,0,15,[],40612119,catchall,N/A,a8a22b161234ab4a19802480bd95b28e,N/A,N/A,85%,Building Construction-general Contractors and Operative Builders,https://facebook.com/positionintel,https://linkedin.com/company/positionintel,https://twitter.com/positionintel,N/A,N/A
Arne Thomas Haaland,Arne,Haaland,VP Technology,arne.thomas-haaland@cubility.com,Cubility,cubility.com,+18004553991,"12848 Queensbury Ln., Suite 204 Houston, TX 77024",unknown city,unknown state,"=""77024""",75,13000000,13,"[""Google Font API"",""WordPress"",""Yoast SEO"",""YouTube"",""jQuery"",""jQuery Migrate""]",38128625,catchall,3/2/2023,c06e2d14ed5265200539a81e290c4324,N/A,N/A,85%,Oil and Gas Extraction,https://facebook.com/cubility,https://linkedin.com/company/cubility,N/A,N/A,N/A
"Andrew Sawyer, Leed Ap",Andrew,Ap,Director of Operations,asawyer@koasaticm.com,Koasati Construction Management,koasaticm.com,N/A,N/A,Houston,TX,N/A,30,15000000,15,"[""IIS"",""Microsoft ASP.NET"",""jQuery""]",41872188,catchall,N/A,1c08a9cbd8fd60e1cb0271d56692aace,N/A,N/A,85%,Building Construction-general Contractors and Operative Builders,N/A,N/A,N/A,N/A,N/A
Ashley Martin,Ashley,Martin,VP Operations - South America,ashley.martin@majordrilling.com,Major Drilling Group,majordrilling.com,+18019740645,N/A,Salt Lake City,UT,N/A,750,209900000,10,"[""Chart.js"",""Font Awesome"",""Google Analytics"",""Google Font API"",""MediaElement.js"",""Modernizr"",""Nginx"",""Raphael"",""Revslider"",""Select2"",""Twitter Emoji (Twemoji)"",""WP Engine"",""WordPress"",""Yoast SEO"",""jQuery"",""jQuery Migrate"",""jQuery UI""]",41843505,catchall,N/A,6ccff030e7b8214a9049d087f64226b4,N/A,N/A,85%,Metal Mining,https://facebook.com/majordrilling,https://linkedin.com/company/major-drilling-international-inc.,https://twitter.com/majordrilling,https://instagram.com/majordrilling,https://youtube.com/channel/uciosve088zy2kimq0qgmibw
Andi Sims Vice,Andi,Vice,Vice President,asims-vice@hpmleadership.com,Lead,hpmleadership.com,+12054232375,N/A,Birmingham,AL,N/A,125,23400000,15,"[""Bootstrap"",""Font Awesome"",""Google Analytics"",""Google Font API"",""Google Tag Manager"",""Nginx"",""OWL Carousel"",""Plesk"",""Revslider"",""WordPress"",""Yoast SEO"",""YouTube"",""jQuery"",""jQuery Migrate""]",40178594,catchall,11/6/2023,c238b17ee48826f6cbe35c45fbb42c52,N/A,N/A,85%,Building Construction-general Contractors and Operative Builders,https://facebook.com/hpmleadership,https://linkedin.com/company/hpmleadership,https://twitter.com/hpmleadership,N/A,https://youtube.com/channel/ucpqw0nyc0vfk-ue53pneqzw
Art Slagle,Art,Slagle,Vice President - Marketing,aslagle@petrohawk.com,Petrohawk Energy,petrohawk.com,(832) 204-2700,N/A,Houston,TX,N/A,350,1900000000,13,[],46001092,catchall,8/18/2023,f3910bacab7b9e559375e50969c1b487,N/A,N/A,85%,Oil and Gas Extraction,N/A,N/A,N/A,N/A,N/A
Attila Szabo,Attila,Szabo,"Senior Vp, Canada &amp; Usa",attila.szabo@sproule.com,Sproule,sproule.com,+14032945500,"Suite 110 Bakersfield, CA 93309",Sebring,FL,"=""93309""",5,15000000,15,"[""Font Awesome"",""Google Analytics"",""Google Tag Manager"",""Nginx"",""Slick"",""Twitter Emoji (Twemoji)"",""WooCommerce"",""WordPress"",""Yoast SEO"",""ZURB Foundation"",""jQuery"",""jQuery Migrate""]",45804168,catchall,N/A,9a2474edd17e5b4a19d3863ab8627db9,N/A,N/A,85%,Building Construction-general Contractors and Operative Builders,N/A,https://linkedin.com/company/1086570,N/A,N/A,N/A
Austin Hammond,Austin,Hammond,"Vice President, Products",austin_hammond@otacompression.com,Ota Compression,otacompression.com,+18174168881,"P.O. Box 305 Ozark, AR 72949",Irving,TX,"=""72949""",30,6000000,13,[],38150819,catchall,N/A,29d4d6d5657d0eecea65dd90ab36a746,N/A,N/A,85%,Oil and Gas Extraction,https://facebook.com/otacompression,https://linkedin.com/company/ota-compression-llc,N/A,N/A,N/A
Avi Chamiel,Avi,Chamiel,CEO,avi@copen-uni.com,Copen United,copen-uni.com,N/A,N/A,New York,NY,N/A,N/A,22000000,22,"[""Apache"",""Ubuntu""]",36751293,catchall,5/14/2024,a71169e11200bc371c598f8a94e69d63,N/A,N/A,85%,Textile Mill Products,N/A,N/A,N/A,N/A,N/A
Andrew Wharton,Andrew,Wharton,"<a Class='readmore' Href=""/about-us/leadership-team/88-corporate-leadership-team/250-vice-president-",awharton@atlanticlng.com,Lng Terms,atlanticlng.com,+18686242916,N/A,unknown city,unknown state,N/A,750,600000000,13,"[""Google Analytics"",""Joomla"",""Lightbox"",""MooTools"",""Nginx"",""PHP"",""jQuery"",""jQuery Migrate"",""jQuery UI""]",39645823,catchall,3/2/2023,c80427709f1f64f717cc74542e5ae11d,N/A,N/A,85%,Oil and Gas Extraction,https://facebook.com/atlanticlngtt,N/A,https://twitter.com/atlanticlng,https://instagram.com/atlanticlng,N/A
Bailey Vice,Bailey,Vice,Vice President,bailey@pipingtech.com,Piping Technology Products,pipingtech.com,+12812429318,"Apply in person, Monday-Friday, 8am-4pm at 3701 Holmes Rd., Houston, TX 77051P.O. Box 34506 Houston, TX 772343701 Holmes Road Houston, TX 77051",Houston,TX,"=""77051""",750,300000000,13,"[""Bootstrap"",""Font Awesome"",""Google Analytics"",""Google Font API"",""Google Tag Manager"",""HubSpot"",""Lightbox"",""Revslider"",""Sucuri"",""Twitter Emoji (Twemoji)"",""VideoJS"",""WordPress"",""ZURB Foundation"",""animate.css"",""jQuery"",""jQuery Migrate"",""jQuery UI""]",42400260,catchall,9/6/2024,e8ed3416377a6d879ecaf89b67867992,N/A,N/A,85%,Oil and Gas Extraction,https://facebook.com/pipingtech,https://linkedin.com/company/piping-technology-&-products-inc,https://twitter.com/pipingtech,N/A,https://youtube.com/channel/uchfon6-ietlbxbd8a6ffeza
Buzz Bradley,Buzz,Bradley,"VP Marketing and Business Development, Opsco Energy Industries",bbradley@ensignenergy.com,Ensign Energy Services,ensignenergy.com,+17805390703,"410 17th Street, Suite 1200 Denver, Colorado 80202",Houston,TX,"=""80202""",3000,654600000,13,[],37546369,catchall,8/18/2023,1a7b717db0bf9f2d46b4ad85da1fc8f7,N/A,N/A,85%,Oil and Gas Extraction,https://facebook.com/ensign-energy-45665635750,https://ca.linkedin.com/company/ensign-energy-services,https://twitter.com/ensignenergyinc,N/A,N/A
Brian Chan,Brian,Chan,Asia Pacific Regional Sales Director,bchan@cccglobal.com,Ccc,cccglobal.com,+17132672335,"4745 121st Street, Des Moines, IA 50323-2316 USA4745 121st Street Des Moines, Iowa 50323 USA4745 121st Street Des Moines, IA 50323-2316 USA",Des Moines,IA,N/A,300,300000000,13,"[""All in One SEO Pack"",""Apache"",""Bootstrap"",""CloudFlare"",""Font Awesome"",""Google Analytics"",""Google Font API"",""Google Maps"",""Google PageSpeed"",""OWL Carousel"",""PHP"",""Underscore.js"",""WordPress"",""jQuery"",""jQuery Migrate""]",36725465,catchall,7/28/2023,dfd97846eef35baf44f8fbb1581877da,N/A,N/A,85%,Oil and Gas Extraction,https://facebook.com/cccglobal,https://linkedin.com/company/compressor-controls-corporation,https://twitter.com/cccglobal,N/A,N/A
Robert Cline,Robert,Cline,Vice President of Engineering,bcline@coronadocoal.com,Coronado Coal,coronadocoal.com,N/A,N/A,Wilton,CT,N/A,30,7000000,10,"[""Apache"",""Google Analytics"",""Google Font API"",""PHP"",""Slick"",""Twitter Emoji (Twemoji)"",""Typekit"",""WordPress"",""jQuery""]",39015244,catchall,N/A,39540e4989ff9c5d7648d62ae45a7390,N/A,N/A,85%,Metal Mining,N/A,N/A,N/A,N/A,N/A
David Bejvan,David,Bejvan,VP of Quality,bejvand@Toolcraft.com,Toolcraft,Toolcraft.com,+12622507640,N/A,Germantown,WI,N/A,30,5700128,10,[],44098911,catchall,N/A,ff5fd02c4b7a3560cff6a33a7c2d8dbe,N/A,N/A,85%,Metal Mining,N/A,https://linkedin.com/company/2377201,N/A,N/A,N/A
Ben Cockrell,Ben,Cockrell,Field Operations Director,ben@barnesandbrower.com,Barnes & Brower,barnesandbrower.com,+19017943481,"3787 Old Getwell Road Memphis, TN 38118",Memphis,TN,"=""38118""",N/A,0,15,"[""Apache"",""Google Font API"",""jQuery""]",45547204,valid,11/6/2023,0cd8e7e9a243bf4c4112d87fa0cf8078,N/A,N/A,97%,Building Construction-general Contractors and Operative Builders,N/A,N/A,N/A,N/A,N/A
Beverly Lewis,Beverly,Lewis,CFO,beverly@hixonhomeimprovements.com,Hixon Home Improvements,hixonhomeimprovements.com,+12198388718,"3737 Ridge Rd Highland, IN 46322",Highland,IN,"=""46322""",30,4672800,15,"[""Google Analytics"",""Google Font API"",""Google Tag Manager"",""OpenResty"",""Varnish"",""Webflow"",""jQuery"",""reCAPTCHA""]",36413595,valid,11/6/2023,c1ed56455454d29c2af6370f2acd459f,N/A,N/A,97%,Building Construction-general Contractors and Operative Builders,N/A,N/A,N/A,N/A,N/A
Brigette Gebhard,Brigette,Gebhard,Vice President Commodities Marketing ...,bgebhard@aspectenterprise.com,Aspect Enterprise Solutions Is,aspectenterprise.com,+12073980200,"10350 Richmond Avenue Suite 310 Houston, TX 77042",Farmingville,NY,"=""77042""",75,17500000,13,"[""AddThis"",""Bootstrap"",""Google Font API"",""Google Tag Manager"",""Lightbox"",""Nginx"",""Twitter Emoji (Twemoji)"",""Typekit"",""WP Engine"",""WordPress"",""WP-Statistics"",""jQuery"",""jQuery Migrate"",""prettyPhoto""]",45890801,catchall,8/18/2023,47a1971f7b7ccaa97792c39b94939435,N/A,N/A,85%,Oil and Gas Extraction,https://facebook.com/pages/aspect-enterprise-solutions/426186210786838,https://linkedin.com/company/372253,https://twitter.com/aspectentsol,N/A,https://youtube.com/user/bgebhard1
Brigette Gebhard Vice,Brigette,Vice,"Brigette Gebhard, Vice President of Marketing",bgebhard-vice@aspectenterprise.com,Aspect Enterprise Solutions Is,aspectenterprise.com,+12073980200,"10350 Richmond Avenue Suite 310 Houston, TX 77042",Farmingville,NY,"=""77042""",75,17500000,13,"[""AddThis"",""Bootstrap"",""Google Font API"",""Google Tag Manager"",""Lightbox"",""Nginx"",""Twitter Emoji (Twemoji)"",""Typekit"",""WP Engine"",""WordPress"",""WP-Statistics"",""jQuery"",""jQuery Migrate"",""prettyPhoto""]",45890802,catchall,8/18/2023,b8fe968416e5bc5c58f7e15db275b530,N/A,N/A,85%,Oil and Gas Extraction,https://facebook.com/pages/aspect-enterprise-solutions/426186210786838,https://linkedin.com/company/372253,https://twitter.com/aspectentsol,N/A,https://youtube.com/user/bgebhard1
Bill Green,Bill,Green,Director of Operations,b.green@BarefootandCompany.com,Barefoot,BarefootandCompany.com,+17048217688,"PO Box 957, Matthews, NC 28106PO Box 957 Matthews, NC 28106",Matthews,NC,"=""28106""",30,5700128,15,"[""CloudFlare"",""Google Analytics"",""Google Font API"",""HubSpot"",""Lightbox"",""jQuery""]",43684269,catchall,N/A,462e2e64199518c947d44c286a48581e,N/A,N/A,85%,Building Construction-general Contractors and Operative Builders,https://facebook.com/barefootandcompany,https://us.linkedin.com/company/barefoot-and-company-inc,https://twitter.com/barefootco,N/A,https://youtube.com/user/barefootcompany
Ben Herrin,Ben,Herrin,"– Vice President, Operations",b.herrin@re-steel.com,Re-steel,re-steel.com,+13036919053," 162 Adams St., Suite 100, Denver, CO 80206",Commerce City,CO,"=""80206""",30,5700128,10,"[""Google Analytics"",""Google Font API"",""OpenResty"",""Slick"",""Twitter Emoji (Twemoji)"",""WordPress"",""Yoast SEO"",""jQuery"",""jQuery Migrate""]",37144452,catchall,9/10/2024,5bff10fdd122062d910f48cc006a0569,N/A,N/A,85%,Metal Mining,N/A,https://linkedin.com/company/re-steel-supply-company,N/A,N/A,N/A
Bill Fairhurst,Bill,Fairhurst,"Vice President, Exploration",bill@eagleog.com,Eagle,eagleog.com,+12143691545,"5950 Berkshire, Suite 1100 Dallas, TX 75225-5854",Dallas,TX,"=""75225-5854""",30,11600000,13,"[""Apache"",""Bootstrap"",""Google Font API"",""Modernizr"",""jQuery"",""jQuery UI"",""prettyPhoto""]",40869958,catchall,3/2/2023,722b129ff4a305097c9501e3b030c95e,N/A,N/A,85%,Oil and Gas Extraction,N/A,https://linkedin.com/company/821039,N/A,N/A,N/A
Bill Rectanus,Bill,Rectanus,Vice President of Homebuilding Operations ...,bill@marcohomebuilder.com,Home Builders,marcohomebuilder.com,+18779038181,"21 N. Skokie Hwy. #107 Lake Bluff, IL 60044",Lake Bluff,IL,"=""60044""",5,245440,15,"[""Microsoft ASP.NET""]",45541211,catchall,N/A,90cffd4a57cf4f3df92e35a62ea46ad6,N/A,N/A,85%,Building Construction-general Contractors and Operative Builders,N/A,N/A,N/A,N/A,N/A
Bill Masters,Bill,Masters,Executive Vice President and General Counsel,bill.masters@fastorqllc.com,Superior Energy Services,fastorqllc.com,+17136542200,"1215 Peters Road Harvey, LA 70058",Broussard,LA,"=""70058""",5,3396250,13,"[""Font Awesome"",""Google Analytics"",""IIS"",""Microsoft ASP.NET"",""SWFObject"",""Slick"",""jQuery""]",38767278,catchall,3/2/2023,f8ec03e5b6eb2d726376781c5a9eff8a,N/A,N/A,85%,Oil and Gas Extraction,https://facebook.com/superiorenergy,https://linkedin.com/company/superior-energy-services,N/A,N/A,N/A
Bill Moss Vice,Bill,Vice,Vice President,bill@southerncrosspc.com,Southern Cross,southerncrosspc.com,+16193853757,"4045 Hancock St. #240 San Diego, CA 921104045 Hancock St. Suite 240 San Diego, CA. 92110",San Diego,CA,"=""92110""",5,1638653,15,"[""Apache"",""Bootstrap"",""Font Awesome"",""Google Analytics"",""Google Font API"",""Modernizr"",""OWL Carousel"",""PHP"",""Twitter"",""Twitter Emoji (Twemoji)"",""WordPress"",""Yoast SEO"",""jQuery"",""jQuery Migrate"",""jQuery UI""]",39906400,catchall,11/6/2023,7486adc63d13d95298a070574ea6cd00,N/A,N/A,85%,Building Construction-general Contractors and Operative Builders,https://facebook.com/southerncrosspc,N/A,https://twitter.com/southerncrosspc,https://instagram.com/southerncrosspc,N/A
Billy Elmore,Billy,Elmore,Director of Build Operations,billy@riptidebuilders.com,Riptide Builders,riptidebuilders.com,+19105797778,"790-6 Sunset Blvd N Sunset Beach, NC 28468",Ocean Isle Beach,NC,"=""28468""",N/A,0,15,"[""Facebook"",""Google Analytics"",""Google Font API"",""Squarespace"",""Typekit"",""YUI"",""Zendesk Chat"",""webpack""]",43504602,valid,11/6/2023,d0de1f229fde91d7c3a8ed3a970a1140,N/A,N/A,97%,Building Construction-general Contractors and Operative Builders,https://facebook.com/1024754080942366,https://linkedin.com/in/riptidebuilders,https://twitter.com/riptidebuilders,https://instagram.com/riptidebuilders,https://youtube.com/channel/ucjx3g80zi1wgn7tape0csnw
Baily Kasten,Baily,Kasten,Aclp Staff Liaison: COO,bkasten@childlife.org,Ac,childlife.org,+15714834492,"Suite 520 Arlington, VA 22209",Ringle,WI,"=""22209""",5,1638653,24,"[""Bootstrap"",""CloudFlare"",""Font Awesome"",""IIS"",""Linkedin"",""Microsoft ASP.NET"",""OWL Carousel"",""Pinterest"",""Sitefinity"",""Twitter"",""jQuery""]",38400907,catchall,N/A,9ac5dfe0e5ad3ab49083fafbdff2befa,N/A,N/A,85%,Lumber and Wood Products: except Furniture,https://facebook.com/assocchildlife,https://linkedin.com/company/the-child-life-council-inc.,https://twitter.com/assocchildlife,N/A,https://youtube.com/channel/ucyquvpuxkogkpvgzxccluza
Bill Keller,Bill,Keller,Director of National Operations,bkeller@rosepaving.com,Rose Paving,rosepaving.com,+19096204300,"815 Cherokee Avenue Nashville, TN 37207",Bridgeview,IL,"=""37207""",125,37500000,15,"[""Facebook"",""Flywheel"",""Font Awesome"",""Google Font API"",""Google Maps"",""Google Tag Manager"",""RequireJS"",""Slick"",""WordPress"",""Yoast SEO"",""YouTube"",""jQuery"",""jQuery Migrate""]",37183960,valid,11/6/2023,6e361b2e597500c20fdc9add91fad773,N/A,N/A,97%,Building Construction-general Contractors and Operative Builders,https://facebook.com/rosepaving,https://linkedin.com/company/rose-paving-company,https://twitter.com/rosepavingco,https://instagram.com/rosepaving,N/A
Bud Kinney,Bud,Kinney,Vice President of Sales and Marketing,bkinney@imtcorporation.com,Imtcorporation.comsign Up For Imt Group,imtcorporation.com,+15197480848,N/A,unknown city,unknown state,N/A,30,13000000,13,"[""Apache"",""Font Awesome"",""Google Analytics"",""Google Font API"",""Google Tag Manager"",""PHP""]",45258319,catchall,N/A,79e1e10962a93ab7bbb1042497275d4e,N/A,N/A,85%,Oil and Gas Extraction,N/A,N/A,N/A,N/A,N/A
Brent Krause,Brent,Krause,Executive VP,bkrause@c-70builders.com,C70 Builders,c-70builders.com,N/A,N/A,Minneapolis,MN,N/A,30,5700128,15,[],39603396,catchall,N/A,ad97b15942202372f3a5f1db96a07b89,N/A,N/A,85%,Building Construction-general Contractors and Operative Builders,N/A,N/A,N/A,N/A,N/A
Bobby Dawson,Bobby,Dawson,Vice President,bobbyd@petroinc.net,Petroleum Co-ordinators,petroinc.net,+18006280231,N/A,Youngsville,LA,N/A,75,13000000,13,"[""Bootstrap"",""IIS"",""Microsoft ASP.NET"",""RequireJS"",""animate.css"",""jQuery"",""jQuery UI""]",37470756,catchall,3/2/2023,bf0ed74993cc17cb2621a3543a639726,N/A,N/A,85%,Oil and Gas Extraction,https://facebook.com/petroleum-co-ordinators-inc-263106617110718/,https://linkedin.com/company/2587978,N/A,N/A,N/A
Bob Flynn,Bob,Flynn,Senior Vice President,bobflynn@gerald.com,Gerald Group,gerald.com,+12036098300,N/A,New York,NY,N/A,300,12000000,10,"[""RequireJS"",""Sentry"",""Wix""]",39946021,catchall,N/A,c531c703b6dc441114d966e14b5abf3e,N/A,N/A,85%,Metal Mining,N/A,https://linkedin.com/company/gerald-metals,N/A,N/A,N/A
Bob Pinner,Bob,Pinner,Vice President-coo,bob@joshuagroupproperties.com,Joshuagroupproperties,joshuagroupproperties.com,N/A,N/A,Fort Mill,SC,N/A,N/A,15000000,15,"[""IIS"",""jQuery""]",41259525,catchall,N/A,8e4c74af87b982aa6b861274c96349de,N/A,N/A,85%,Building Construction-general Contractors and Operative Builders,N/A,N/A,N/A,N/A,N/A
Brent Oldfield,Brent,Oldfield,Vice President,boldfield@soscorp.net,Sos,soscorp.net,+15084730466,"331 West St. Milford, MA 01757331 West Street Milford, MA 01757",Milford,MA,"=""01757""",N/A,0,15,"[""Bootstrap"",""Chart.js"",""Google Analytics"",""Google Maps"",""Lightbox"",""Modernizr"",""OpenResty"",""Revslider"",""Twitter Emoji (Twemoji)"",""WordPress"",""jQuery"",""jQuery Migrate""]",36383621,catchall,N/A,f35ad98d9fe896b49f8a8207c33fb3b8,N/A,N/A,85%,Building Construction-general Contractors and Operative Builders,N/A,N/A,N/A,N/A,N/A
Greg Bosch,Greg,Bosch,Executive Vice President,bosch@dh-homes.com,Dh Homes,dh-homes.com,+17135167565,N/A,Fredericksburg,VA,N/A,30,1168200,15,[],42898773,catchall,N/A,428aed222a9df964d65a447034e45c20,N/A,N/A,85%,Building Construction-general Contractors and Operative Builders,N/A,N/A,N/A,N/A,N/A
Brad Sublett,Brad,Sublett,VP of Engineering,brad@jetstreamtx.com,Jetstreamtx,jetstreamtx.com,+18173324411,"105 Nursery Lane, Suite 220 Ft Worth, TX 76114",Fort Worth,TX,"=""76114""",5,1638653,13,"[""Apache"",""Google Analytics"",""Google Font API"",""Google Tag Manager"",""Twitter Emoji (Twemoji)"",""WordPress"",""jQuery"",""jQuery Migrate""]",37083074,catchall,3/2/2023,024335bd7a5fe5cb81a38ea1385baa17,N/A,N/A,85%,Oil and Gas Extraction,N/A,N/A,N/A,N/A,N/A
Brandon Chatham,Brandon,Chatham,VP Operations,brandon@blasttech.com,Blast Tech,blasttech.com,+13374450430,"1064 Maurice Road Broussard, LouisianaBlast Tech, 1064 Maurice Rd, Broussard, LA, 70518, United States",Broussard,LA,N/A,30,5700128,13,"[""Google Analytics"",""Microsoft Word"",""Squarespace"",""Typekit"",""YUI"",""webpack""]",43060486,catchall,N/A,6ac06955a6f59fdbf6a26d6c27a417ee,N/A,N/A,85%,Oil and Gas Extraction,N/A,N/A,N/A,N/A,N/A
Brenda Mardesich,Brenda,Mardesich,"Director, Account Operations",brenda.mardesich@gpjco.com,George P. Johnson,gpjco.com,+12484752500,"135 5th Avenue South Franklin, TN 37064",North Easton,MA,"=""37064""",125,21829500,15,[],38074690,catchall,11/6/2023,a675d22ce637771cd0bc05e4b5916f70,N/A,N/A,85%,Building Construction-general Contractors and Operative Builders,https://facebook.com/experiencegpj,https://linkedin.com/company/george-p-johnson,https://twitter.com/gpjexpmktg,https://instagram.com/gpjexperiencemarketing,https://youtube.com/user/georgepjohnson
Brent Lirette,Brent,Lirette,Vice President of Engineering,brent.lirette@aot-llc.com,Antelope,aot-llc.com,N/A,N/A,Houston,TX,N/A,75,30100000,13,"[""Apache""]",42128981,catchall,3/2/2023,bbcab9e6dbd49e6defa63001e3e1ec6a,N/A,N/A,85%,Oil and Gas Extraction,N/A,N/A,N/A,N/A,N/A
Brett Hernandez,Brett,Hernandez,Director of Field Operations,brett@distinctiveoffices.com,Distinctive Offices,DistinctiveOffices.com,+12122442599,"250 West 40th Street 9th Floor New York, NY 10018",New York,NY,"=""10018""",30,5700128,15,"[""Apache"",""Font Awesome"",""Google Analytics"",""Google Font API"",""Google Tag Manager"",""Ionicons"",""Modernizr"",""NextGEN Gallery"",""PHP"",""Twitter Emoji (Twemoji)"",""WordPress"",""Yoast SEO"",""jQuery"",""jQuery Migrate""]",36438225,catchall,N/A,a1946bc5ae05d158119917bf2e24ccc4,N/A,N/A,85%,Building Construction-general Contractors and Operative Builders,https://facebook.com/distinctiveofficesnyc,https://linkedin.com/company/143732,https://twitter.com/distinctoffices,N/A,https://youtube.com/channel/ucbldzm_jb1yfvvjcmcvm1rw
Brett Richert,Brett,Richert,Vice President,brett@dreherconcrete.com,Concrete Contractor,dreherconcrete.com,+15092378620,N/A,unknown city,AL,N/A,N/A,0,15,"[""Font Awesome"",""Google Analytics"",""Modernizr"",""Twitter Emoji (Twemoji)"",""WordPress"",""Yoast SEO"",""YouTube"",""jQuery"",""jQuery Migrate""]",38165782,catchall,N/A,4b6943c487c46502fed8f6c595007e84,N/A,N/A,85%,Building Construction-general Contractors and Operative Builders,https://facebook.com/pages/dreher-concrete/119137061452014,N/A,N/A,N/A,N/A
Brett Vann,Brett,Vann,"Vice President, Turbine Technology",brett@evowellserv.com,Evolution,evowellserv.com,+12812961504,N/A,The Woodlands,TX,N/A,30,13000000,13,"[""Apache"",""Bootstrap"",""Font Awesome"",""Google Analytics"",""Google Font API"",""Revslider"",""Twitter Emoji (Twemoji)"",""W3 Total Cache"",""WordPress"",""jQuery"",""jQuery Migrate"",""jQuery UI""]",36350958,catchall,3/2/2023,60a793ae3750ed3d787269105c9f2a0f,N/A,N/A,85%,Oil and Gas Extraction,https://facebook.com/electricfrac,https://linkedin.com/company/evolution-well-services-llc,N/A,https://instagram.com/evolutionwellservices,N/A
Brett Green,Brett,Green,Vice President,brettgreen@gerald.com,Gerald Group,gerald.com,+12036098300,N/A,New York,NY,N/A,300,12000000,10,"[""RequireJS"",""Sentry"",""Wix""]",39946036,catchall,N/A,57e847bf5f64917f1a654edd0b5a6c4e,N/A,N/A,85%,Metal Mining,N/A,https://linkedin.com/company/gerald-metals,N/A,N/A,N/A
Brian Ahern,Brian,Ahern,Vice President,brianahern@gerald.com,Gerald Group,gerald.com,+12036098300,N/A,New York,NY,N/A,300,12000000,10,"[""RequireJS"",""Sentry"",""Wix""]",39946019,catchall,N/A,8509af52bbf2f9937dccfa04c3f840ae,N/A,N/A,85%,Metal Mining,N/A,https://linkedin.com/company/gerald-metals,N/A,N/A,N/A
Brian Boek,Brian,Boek,Vice President Sales and Marketing,brian.b@cbfloorsinc.com,Christian Brothers Flooring & Interiors,cbfloorsinc.com,+16194439500,"12086 Woodside Avenue Lakeside, CA 92040",Lakeside,CA,"=""92040""",30,5700128,15,"[""AdRoll"",""Facebook"",""FancyBox"",""Font Awesome"",""Google Analytics"",""Google Tag Manager"",""Microsoft ASP.NET"",""Modernizr"",""jQuery"",""jQuery UI"",""three.js""]",45257095,catchall,6/22/2024,33b08a55f791706907e7178de61184ce,N/A,N/A,85%,Building Construction-general Contractors and Operative Builders,https://facebook.com/christianbrothersflooring,N/A,https://twitter.com/cbflooringinc,https://instagram.com/cbflooringinc,N/A
Brian Best,Brian,Best,Executive Vice President of Business ...,brian.best@vaqueromidstream.com,Vaquero Midstream,vaqueromidstream.com,+14328971143,"Suite 475 The Woodlands, TX 77380",The Woodlands,TX,"=""77380""",30,13000000,13,"[""Apache"",""Font Awesome"",""Google Analytics"",""Google Font API"",""Leaflet"",""PHP"",""WordPress"",""Yoast SEO"",""jQuery""]",40808013,catchall,3/2/2023,f6470901e01a8248f989e5e83a3d1a30,N/A,N/A,85%,Oil and Gas Extraction,https://facebook.com/vaqueromidstream,https://linkedin.com/company/vaquero-midstream,https://twitter.com/vaqueromid,N/A,N/A
Brian Carnaghi,Brian,Carnaghi,Vice President / Project Manager ...,brian@carnaghi.com,Carnaghi,carnaghi.com,+15867917171,"24388 Sorrentino Court Clinton Township, MI 48035",Clinton Township,MI,"=""48035""",N/A,0,15,"[""Google Analytics"",""NextGEN Gallery"",""Nginx"",""Twitter Emoji (Twemoji)"",""WP Engine"",""WordPress"",""Yoast SEO"",""jQuery"",""jQuery Migrate""]",37819479,catchall,N/A,1467747d38070204b408fa243f17407a,N/A,N/A,85%,Building Construction-general Contractors and Operative Builders,N/A,N/A,N/A,N/A,N/A
Brian Contos,Brian,Contos,Ciso &amp; VP Technology Innovation,brian@celekandcelek.com,And,celekandcelek.com,+18436933737,"P.O. Box 80429 Charleston, SC 29416",Hollywood,SC,"=""29416""",N/A,15000000,15,"[""Apache""]",36403466,valid,10/13/2024,82dd86f28fbf985a0f77522dd06cc5f7,N/A,N/A,97%,Building Construction-general Contractors and Operative Builders,N/A,N/A,N/A,N/A,N/A
Brian Johnston,Brian,Johnston,CEO &amp; Sr. Project Manager,brian@dallasglass.net,Dallas Glass,dallasglass.net,+15035894899,"111 50th Ave NW Salem, OR 97304",Salem,OR,"=""97304""",30,5700128,15,"[""Apache"",""Bootstrap"",""Font Awesome"",""Google Analytics"",""Google Font API"",""Modernizr"",""OWL Carousel"",""PHP"",""Revslider"",""Twitter Emoji (Twemoji)"",""WordPress"",""animate.css"",""jQuery"",""jQuery Migrate"",""prettyPhoto"",""reCAPTCHA""]",36290857,catchall,5/14/2024,5b027d37f0cce5acf4189c203e440aa1,N/A,N/A,85%,Building Construction-general Contractors and Operative Builders,https://facebook.com/dallasglassandwindow,https://linkedin.com/company/dallas-glass,N/A,https://instagram.com/dallas_glass,N/A
Brian Fields,Brian,Fields,Vice President of Manufacturing,brianf@bondexinc.com,Bondexinc,bondexinc.com,+17068333283,N/A,Trenton,NJ,N/A,5,7000000,22,"[""Font Awesome"",""Google Font API"",""LiteSpeed"",""WordPress"",""Yoast SEO"",""jQuery"",""jQuery Migrate""]",42553916,catchall,11/17/2021,d195821bf5ebc28888ffd510f66f450d,N/A,N/A,85%,Textile Mill Products,N/A,N/A,https://twitter.com/bondexinc,N/A,N/A
Brian Jacobson,Brian,Jacobson,VP Multi-family Development -,brian@mknewhomes.com,Home,mknewhomes.com,+18014898162,N/A,Springville,UT,N/A,N/A,5959000,15,"[""AddThis"",""Google Analytics"",""Google Font API"",""jQuery""]",38741540,catchall,11/6/2023,db5ed30008a6aa1a51f4c5e1f50bb0a3,N/A,N/A,85%,Building Construction-general Contractors and Operative Builders,N/A,N/A,N/A,N/A,N/A
Brian Moore,Brian,Moore,Executive Vice President,brian.moore@fastorqllc.com,Superior Energy Services,fastorqllc.com,+17136542200,"1215 Peters Road Harvey, LA 70058",Broussard,LA,"=""70058""",5,3396250,13,"[""Font Awesome"",""Google Analytics"",""IIS"",""Microsoft ASP.NET"",""SWFObject"",""Slick"",""jQuery""]",38767280,catchall,3/2/2023,0b57b5b017faaaeee879a1d44cc2b039,N/A,N/A,85%,Oil and Gas Extraction,https://facebook.com/superiorenergy,https://linkedin.com/company/superior-energy-services,N/A,N/A,N/A
Brian Shoenfeld,Brian,Shoenfeld,Senior Vice President,brian.shoenfeld@talonconagg.com,Talon,talonconagg.com,+18167969488,N/A,Sugar Creek,MO,N/A,125,15000000,15,"[""Google Analytics"",""LiteSpeed"",""jQuery"",""jQuery Migrate""]",38083382,catchall,N/A,ef31b8fe0c5072690029c72f8873475d,N/A,N/A,85%,Building Construction-general Contractors and Operative Builders,N/A,https://linkedin.com/company/3481166,https://twitter.com/talonaggregates,N/A,N/A
Brian Kemerer,Brian,Kemerer,Vice President - Kem-,brian@signaturelawns4u.com,Signature Lawns,signaturelawns4u.com,+14142353238,N/A,Greendale,WI,N/A,N/A,0,15,"[""DreamWeaver"",""Google Analytics"",""IIS"",""Microsoft ASP.NET""]",37270316,valid,5/15/2024,bb9d34b543a3f38bec676161d4aac34c,N/A,N/A,97%,Building Construction-general Contractors and Operative Builders,N/A,N/A,N/A,N/A,N/A
Brien Brown,Brien,Brown,VP and Chief Information Officer,brien.brown@oneok.com,Oneok Increases,oneok.com,+19185615379,"100 West Fifth Street Tulsa, OK 74103",Waukomis,OK,"=""74103""",5,8900000000,15,"[""Bootstrap"",""Facebook"",""Google Analytics"",""Google Tag Manager"",""IIS"",""Microsoft ASP.NET"",""Sitecore"",""jQuery"",""jQuery UI""]",41342670,catchall,11/6/2023,91f0c14abd168fcb176dbf25fff9e805,N/A,N/A,85%,Building Construction-general Contractors and Operative Builders,https://facebook.com/oneokinc,https://linkedin.com/company/oneok,https://twitter.com/oneok,https://instagram.com/oneok_inc,N/A
Bryan Groom,Bryan,Groom,"Sr. Vice President, Advisory Services",bryan@rsiresults.com,Rsi Results Hosted By Kompani Group,roofsolutionsinc.com,+17048960022,"10307 Bailey Road, Cornelius, NC 28031",Washington,DC,"=""28031""",N/A,0,15,[],40822632,catchall,N/A,cc72b8d4cc9722da47da090575bd739c,N/A,N/A,85%,Building Construction-general Contractors and Operative Builders,N/A,https://linkedin.com/company/838960,N/A,N/A,N/A
Brett Scobie,Brett,Scobie,Director of Finance,bscobie@tiberti.com,Tiberti,tiberti.com,+17022484000,"Address: 1806 Industrial Road- Las Vegas, NV 89102",Las Vegas,NV,"=""89102""",30,6000000,15,[],36467612,catchall,8/9/2023,a5ee92a422f084b9adc6fa1208337983,N/A,N/A,85%,Building Construction-general Contractors and Operative Builders,N/A,N/A,N/A,N/A,N/A
Caleb Anderson,Caleb,Anderson,Vice President,caleb@andersonhomesllc.com,Anderson Homes,andersonhomesllc.com,+13604521232,N/A,Port Angeles,WA,N/A,5,2233800,15,"[""Apache"",""CloudFlare"",""Font Awesome"",""Google Analytics"",""Google Font API"",""HubSpot"",""Twitter Emoji (Twemoji)"",""WordPress"",""Yoast SEO"",""YouTube"",""jQuery"",""jQuery Migrate""]",43973728,valid,9/2/2024,05d4fe6164543f25b9babc3587cc16b6,N/A,N/A,97%,Building Construction-general Contractors and Operative Builders,https://facebook.com/andersonhomessequim,https://linkedin.com/company/anderson-homes-llc,N/A,https://instagram.com/andersonhomesllc,https://youtube.com/channel/ucbiavz11vx3izny9yzo8udw
Carin Knickel,Carin,Knickel,Vice President HR,carin.knickel@conocophillips.com,Conocophillips,conocophillips.com,+18668877217,"P.O. Box 2197 Houston, TX 77252-2197",Tulsa,OK,"=""77252-2197""",5000,24360000000,13,"[""Apache"",""CentOS"",""Google Tag Manager"",""Modernizr"",""OpenSSL"",""PHP"",""Typekit""]",38460119,catchall,N/A,cdf875226fed41564b894a57bf094cc1,N/A,N/A,85%,Oil and Gas Extraction,https://facebook.com/conocophillips,https://linkedin.com/company/conocophillips,https://twitter.com/conocophillips,https://instagram.com/conocophillips,https://youtube.com/user/conocophillips
Cody Blosch,Cody,Blosch,Vice President - Business Development,cblosch@valiantmidstream.com,Valiant Midstream,valiantmidstream.com,+14052865580,N/A,Oklahoma City,OK,N/A,30,5700128,13,[],43584136,catchall,3/2/2023,9aef6643c8168c3fbdd496fd3f6a8a07,N/A,N/A,85%,Oil and Gas Extraction,https://facebook.com/valiantmidstream,https://linkedin.com/company/valiant-midstream,https://twitter.com/valiantmidstrm,N/A,N/A
Curtis Carson,Curtis,Carson,"Col (ret) Usa, Senior Vice President, Human Resources",ccarson@braidyindustries.com,Braidy,braidyindustries.com,+16466389891,"P.O. Box 2065 Ashland, KY 41105-2065",Ashland,OR,"=""41105-2065""",30,7000000,10,"[""All in One SEO Pack"",""Google Analytics"",""Google Font API"",""Google Tag Manager"",""Lightbox"",""MediaElement.js"",""Nginx"",""Plesk"",""Select2"",""TweenMax"",""Twitter"",""Twitter Emoji (Twemoji)"",""Underscore.js"",""WordPress"",""jQuery"",""jQuery Migrate"",""jQuery UI""]",38178612,catchall,12/7/2020,326ff2edc34ea781d9c923233d05d157,N/A,N/A,85%,Metal Mining,https://facebook.com/braidyindustries,https://linkedin.com/company/braidyindustries,https://twitter.com/braidyinc,N/A,https://youtube.com/channel/ucx1smpy9_2llvxs_y533yba
Craig Coleman,Craig,Coleman,Director of Operations,ccoleman@ovid.com,Ovid,ovid.com,+18475805045,"100 River Ridge Drive Norwood, MA 02062",Sandy,UT,"=""02062""",5,651840,15,"[""Adobe DTM"",""Adobe Experience Manager"",""Amazon Cloudfront"",""Apache"",""Bootstrap"",""CloudFlare"",""UNIX"",""ZURB Foundation"",""jQuery"",""jQuery UI""]",44879204,catchall,N/A,be005df4729ee5a85eefb81e8d54b25e,N/A,N/A,85%,Building Construction-general Contractors and Operative Builders,https://facebook.com/ovidwolterskluwer,N/A,https://twitter.com/wkhealthovid,N/A,https://youtube.com/user/ovidwolterskluwer
Charles Dawson,Charles,Dawson,VP of Marketing,cdawson@ramalloys.com,Ram Alloys,ramalloys.com,+17138491320,"12233 FM 529 Rd Houston, TX 77041",Houston,TX,"=""77041""",30,6000000,10,"[""Bootstrap"",""Font Awesome"",""Google Analytics"",""Google Font API"",""Google Plus"",""Nginx"",""PHP"",""Plesk"",""jQuery""]",42829974,valid,9/14/2023,408a5c218fae300c63a4eba26b9466bd,N/A,N/A,97%,Metal Mining,N/A,https://linkedin.com/company/ram-alloys-llc,https://twitter.com/ramalloys,N/A,N/A
Craig Dutoit,Craig,Dutoit,Director of Finance,cdutoit@gafcon.com,Gafcon,Gafcon.com,N/A,N/A,San Diego,CA,N/A,125,0,15,[],38923635,catchall,11/6/2023,a55e9fa20ba099cddc0cc4f7e45f1fe8,N/A,N/A,85%,Building Construction-general Contractors and Operative Builders,N/A,N/A,N/A,N/A,N/A
Carlos Giron,Carlos,Giron,Vice President Marketing and Business Development,cgiron@aredaconstruction.com,Areda Construction,aredaconstruction.com,N/A,N/A,Miami Lakes,FL,N/A,30,7000000,15,[],39869543,catchall,6/22/2024,b6b455908694008ee7315dc36645ac80,N/A,N/A,85%,Building Construction-general Contractors and Operative Builders,N/A,N/A,N/A,N/A,N/A
Bruce Chapman,Bruce,Chapman,Vice President,chapman@caenergy.com,Energy Consulting,caenergy.com,+16082312266,N/A,Madison,WI,N/A,30,25000000,13,"[""Apache"",""Google Analytics"",""Google Font API"",""PHP"",""Twitter Emoji (Twemoji)"",""WordPress"",""Yoast SEO"",""jQuery"",""jQuery Migrate""]",46349118,catchall,3/2/2023,5e3962789757de26dbf95c5cb13ad659,N/A,N/A,85%,Oil and Gas Extraction,N/A,https://linkedin.com/company/christensen-associates-energy-consulting-llc,N/A,N/A,N/A
Charles Beals,Charles,Beals,Founder/executive VP,charles@eci-inc.com,"General Contractor In Richmond, Virginia-evans Construction",eci-inc.com,+18047379044,"1700 Old Williamsburg Rd. Sandston, VA 23150P.O. Box 159 Sandston, VA 23150",Sandston,VA,"=""23150""",N/A,0,15,"[""Google Tag Manager"",""Squarespace""]",37877417,catchall,N/A,d8dbb1a62be41fba2f5a479834bd64cd,N/A,N/A,85%,Building Construction-general Contractors and Operative Builders,https://facebook.com/buildva,N/A,N/A,https://instagram.com/evansconstruction,https://youtube.com/channel/ucnqbrelaufalyws9ewliz4q
Chet Frizzell,Chet,Frizzell,Vice President,chet@nwsfab.com,Northwest Steel Fab,nwsfab.com,+15092767216,"2205 E Crawford Avenue Dear Park, WA 99006",Spokane,WA,"=""99006""",N/A,5203440,15,"[""Lightbox"",""Nginx"",""Twitter Emoji (Twemoji)"",""WordPress"",""jQuery"",""jQuery Migrate"",""jQuery UI"",""reCAPTCHA""]",41816991,catchall,N/A,6149b66df038a2550073e5c29fd064d0,N/A,N/A,85%,Building Construction-general Contractors and Operative Builders,N/A,N/A,N/A,N/A,N/A
Chris Sizemore,Chris,Sizemore,Chief Operating Officer,chris@eaglerockconcrete.com,Eagle Rock Concrete,eaglerockconcrete.com,+19195711521,"6301 Mt. Herman Rd. Raleigh, NC 276178311 Bandford Way, Suite 7 Raleigh, NC 27615",Raleigh,NC,"=""27615""",30,5700128,15,"[""Google Analytics"",""Google Font API"",""Google Tag Manager"",""Nginx"",""WordPress"",""Yoast SEO"",""YouTube"",""animate.css"",""jQuery"",""jQuery Migrate""]",44085186,valid,11/6/2023,e3773470d07d51ca0ee4a76a20fe2f25,N/A,N/A,97%,Building Construction-general Contractors and Operative Builders,N/A,N/A,N/A,N/A,N/A
Chris Evans,Chris,Evans,Vice President of Fabrication,chris.evans@ubs1.com,Ubs1,UBS1.com,+17805311456,"27 Horton Avenue New Rochelle, NY 10801",New Rochelle,NY,"=""10801""",N/A,0,15,[],46507385,valid,1/1/2024,d8c7d07e9f9737cb25a202307074063e,N/A,N/A,97%,Building Construction-general Contractors and Operative Builders,https://facebook.com/ubsuniversal,https://linkedin.com/company/10015433,https://twitter.com/ubsuniversal,https://instagram.com/universalbuilders,https://youtube.com/channel/ucoyj7tjsf5gikga2yivrxuq
Chris Fonck,Chris,Fonck,Director of Pipeline Operations,chris.fonck@oneok.com,Oneok Increases,oneok.com,+19185615379,"100 West Fifth Street Tulsa, OK 74103",Waukomis,OK,"=""74103""",5,8900000000,15,"[""Bootstrap"",""Facebook"",""Google Analytics"",""Google Tag Manager"",""IIS"",""Microsoft ASP.NET"",""Sitecore"",""jQuery"",""jQuery UI""]",41342658,catchall,11/6/2023,40b6bfee2a707b492d2c5c773312cf52,N/A,N/A,85%,Building Construction-general Contractors and Operative Builders,https://facebook.com/oneokinc,https://linkedin.com/company/oneok,https://twitter.com/oneok,https://instagram.com/oneok_inc,N/A
Chris Parker,Chris,Parker,Vice President,chris@greatescapespatio.com,Great Escapes Patio Stonework,greatescapespatio.com,+16039482835,N/A,Dover,NH,N/A,N/A,0,15,"[""RequireJS"",""Sentry"",""Wix""]",40309568,valid,5/15/2024,ea784ef7c6a7537c7625dd3ea551e492,N/A,N/A,97%,Building Construction-general Contractors and Operative Builders,https://facebook.com/great-escapes-patio-stonework-inc-382210728542986,N/A,N/A,N/A,N/A
Chris Cardinal,Chris,Cardinal,Vice President,chris@markcardinalconcrete.com,Mark Cardinal Concrete,markcardinalconcrete.com,+19209234624,"490 Ledgewood Drive Fond du Lac, WI 54937",Fond Du Lac,WI,"=""54937""",N/A,0,15,"[""Font Awesome"",""Google Analytics"",""Nginx"",""Twitter Emoji (Twemoji)"",""WordPress"",""Yoast SEO"",""jQuery"",""jQuery Migrate""]",42601466,valid,11/6/2023,7cf2bc36eacb289fb31fea365118f139,N/A,N/A,97%,Building Construction-general Contractors and Operative Builders,https://facebook.com/mark-cardinal-concrete-construction-1392082241042429,N/A,N/A,N/A,N/A
Chris Oakley,Chris,Oakley,Director of Sales,chriso@bwenergyservices.com,Energy Services Our,bwenergyservices.com,+12815349300,"901 Seaco Ave Deer Park, TX 77536",Houston,TX,"=""77536""",75,11000000,13,"[""All in One SEO Pack"",""CloudFlare"",""FancyBox"",""Font Awesome"",""Google Analytics"",""Google Font API"",""Google Tag Manager"",""HubSpot"",""Lightbox"",""Modernizr"",""Slick"",""TweenMax"",""Twitter Emoji (Twemoji)"",""WP Engine"",""WordPress"",""jQuery"",""jQuery Migrate"",""jQuery UI""]",36641949,valid,7/28/2023,3132548354b53179f05f16209dd52cb3,N/A,N/A,97%,Oil and Gas Extraction,https://facebook.com/bwenergyservices,https://linkedin.com/company/b-&-w-fluid-dynamics-inc-,https://twitter.com/bwenergyservice,N/A,https://youtube.com/channel/uciqaweuapa-qx_wn34nrhzw
Chris Simon,Chris,Simon,Vice President,chris.simon@rockcliffenergy.com,Rockcliff Energy,rockcliffenergy.com,+17133510505,"1301 McKinney St. Suite 1300 Houston, Texas 77010",Houston,TX,"=""77010""",75,61800000,13,"[""RequireJS"",""Sentry"",""Wix""]",41694437,catchall,3/2/2023,2ef1af3aac32249853ca7b81cdde1b87,N/A,N/A,85%,Oil and Gas Extraction,N/A,N/A,N/A,N/A,N/A
Chris Suriano,Chris,Suriano,"Executive Vice President, Service",chris_suriano@plugpower.com,Plug Power,plugpower.com,+15187827700,"968 Albany Shaker Road Latham, New York 12110",Latham,NY,"=""12110""",350,12000000,13,"[""Google Analytics"",""MailChimp"",""Modernizr"",""Nginx"",""PHP"",""Prism"",""Twitter Emoji (Twemoji)"",""WordPress"",""ZURB Foundation"",""jQuery"",""jQuery Migrate"",""jQuery UI""]",44639675,catchall,3/2/2023,4cec97f1ee2331fcca95206c7d9cb032,N/A,N/A,85%,Oil and Gas Extraction,https://facebook.com/plugpowerinc,https://linkedin.com/company/plug-power,https://twitter.com/plugpowerinc,N/A,https://youtube.com/channel/uciuy_patffuwemw_fdalyhw
Chris Falasco,Chris,Falasco,Founder and CEO,chris@theendeavorteam.com,Endeavor Exteriors,theendeavorteam.com,+17205368870,N/A,Denver,CO,N/A,5,1638653,15,[],36671365,valid,8/5/2024,6a64e0b57e02b3855587816b0ca30a85,N/A,N/A,97%,Building Construction-general Contractors and Operative Builders,https://facebook.com/theendeavorteam,https://linkedin.com/company/endeavor-exteriors,https://twitter.com/theendeavorteam,https://instagram.com/endeavorexteriors,N/A
Christopher Furey,Christopher,Furey,VP Operations,christopher.furey@klmgeoscience.com,Klm Geoscience,klmgeoscience.com,+17024067742,N/A,Las Vegas,NV,N/A,N/A,0,10,"[""RequireJS"",""Sentry"",""Wix""]",42870296,catchall,N/A,b6793ed30ae6e56d5c35365c687e0521,N/A,N/A,85%,Metal Mining,N/A,N/A,N/A,N/A,N/A
Christopher Moore,Christopher,Moore,"Executive Vice President, Business Development and Planning",christopher@pogresources.com,Our,pogresources.com,+17132440779,"5847 San Felipe, Suite 3200 Houston, TX 77057",Houston,TX,"=""77057""",30,13000000,13,"[""Bootstrap"",""Font Awesome"",""Gentoo"",""Modernizr"",""NextGEN Gallery"",""OWL Carousel"",""OpenResty"",""PHP"",""Twitter Emoji (Twemoji)"",""WordPress"",""jQuery"",""jQuery Migrate"",""prettyPhoto""]",39095423,catchall,3/2/2023,ad6b4b5d7fbbd95ea6bf196fdf6475ad,N/A,N/A,85%,Oil and Gas Extraction,N/A,N/A,N/A,N/A,N/A
Chris,Chris,Chris,VP Creative - Bmg -,chris@veteransigns.com,Veteran Signs,veteransigns.com,+18662230623,"1041-A Gates Road Irmo, SC 29063",North Charleston,SC,"=""29063""",5,0,15,[],40429298,catchall,N/A,ce79bb3922c6a86208826c9a0581d12f,N/A,N/A,85%,Building Construction-general Contractors and Operative Builders,https://facebook.com/veteransignsandelectric,N/A,N/A,N/A,N/A
Charles Johnson,Charles,Johnson,Vice President,cjohnson@fhpaschen.com,Fh Paschen,fhpaschen.com,+12179937003,"5515 N. East River Road Chicago, IL 60656",Chicago,IL,"=""60656""",30,12745800,15,"[""AngularJS"",""Apache"",""Bootstrap"",""Facebook"",""Font Awesome"",""Google Analytics"",""Google Font API"",""Google Tag Manager"",""Lightbox"",""OWL Carousel"",""Revslider"",""TrackJs"",""Twitter Emoji (Twemoji)"",""Underscore.js"",""W3 Total Cache"",""WordPress"",""Yoast SEO"",""animate.css"",""jQuery"",""jQuery Migrate"",""jQuery UI"",""prettyPhoto"",""reCAPTCHA""]",42464075,catchall,11/6/2023,dad5da469af942e3528484b80004720b,N/A,N/A,85%,Building Construction-general Contractors and Operative Builders,https://facebook.com/fhpaschen,https://linkedin.com/company/f-h--paschen,https://twitter.com/fhpaschen,https://instagram.com/fhpaschen,N/A
Cory Leblanc,Cory,Leblanc,Vice President - Public Financial Management & Accountability,cleblanc@cowater.com,Cowater,cowater.com,+16137226434,N/A,Anchorage,AK,N/A,N/A,0,15,"[""AddThis"",""Apache"",""Bootstrap"",""Font Awesome"",""Google Analytics"",""Google Font API"",""Google Tag Manager"",""PHP"",""Revslider"",""Slick"",""Twitter Emoji (Twemoji)"",""WordPress"",""Yoast SEO"",""jQuery"",""jQuery Migrate""]",36426936,catchall,11/6/2023,e865221772f97a7f3da58293ee07d7f1,N/A,N/A,85%,Building Construction-general Contractors and Operative Builders,https://facebook.com/cowatersogema,https://linkedin.com/company/cowaterinternational,https://twitter.com/cowater_intl,https://instagram.com/cowater.sogema/,N/A
Chetan Mogal,Chetan,Mogal,CEO,cmogal@bimengus.com,Bim Engineering Us,bimengus.com,+17039944242,"7 Luodoun Street SW, Suit 230, Leesburg, 20175",Sterling,VA,"=""20175""",30,5700128,15,"[""Apache"",""Bootstrap"",""CloudFlare"",""Font Awesome"",""Google Analytics"",""Google Font API"",""Google Maps"",""Google Tag Manager"",""Hammer.js"",""OWL Carousel"",""Tawk.to"",""TweenMax"",""Ubuntu"",""animate.css"",""jQuery""]",36500833,valid,8/5/2024,b7ca88676569c3d864c3206aa99579b0,N/A,N/A,97%,Building Construction-general Contractors and Operative Builders,https://facebook.com/bimengusllc,https://linkedin.com/company/bim-engineering-u-s-llc,https://twitter.com/bimengusllc,N/A,N/A
Coleman Ridge,Coleman,Ridge,V.p. Director of Field Operations,colemanridge@ajmartini.com,A.j. Martini,ajmartini.com,N/A,N/A,Winchester,MA,N/A,30,5700128,15,"[""jQuery""]",37854388,catchall,N/A,49ab03e18be2d65fc691e440c8a6f123,N/A,N/A,85%,Building Construction-general Contractors and Operative Builders,N/A,N/A,N/A,N/A,N/A
Collin Shramek,Collin,Shramek,Vice President,collin@arjaybuilders.com,Arjay Builders,arjaybuilders.com,+14023330121,"15006 Grover Street, Omaha, Nebraska 6814415006 Grover St. Omaha, NE 68144",Omaha,NE,"=""68144""",N/A,0,15,"[""Google Analytics"",""Google Font API"",""Nginx"",""jQuery""]",46097811,valid,11/6/2023,0d31f513bf5f5456ea0498521b04068b,N/A,N/A,97%,Building Construction-general Contractors and Operative Builders,https://facebook.com/arjaybuilders,N/A,N/A,N/A,N/A
Craig Linnemeier,Craig,Linnemeier,Chief Financial Officer,craig@fettersconstruction.com,Fetters Construction,fettersconstruction.com,+12609270040,"5417 County Road 427 Auburn, Indiana 46706Fetters Construction Inc., 5417 County Road 427, Auburn, Indiana 46706, USA",Auburn,IN,N/A,125,19200000,15,"[""Squarespace"",""Typekit"",""YUI"",""jQuery"",""webpack""]",36849590,valid,10/6/2023,5dd64c04d3f25bf99af5bf2830c492d6,N/A,N/A,97%,Building Construction-general Contractors and Operative Builders,https://facebook.com/pages/fetters-construction-inc/206019202002,https://linkedin.com/company/fetters-construction-inc.,N/A,N/A,N/A
Craig Sinclair,Craig,Sinclair,Vice President,csinclair@mccoygrading.com,Mccoy Grading,mccoygrading.com,+17066722691,"450 Callaway Road, Greenville, GA 30222",Commerce,GA,"=""30222""",N/A,0,15,"[""Apache"",""Bootstrap"",""DreamWeaver"",""FlexSlider"",""Font Awesome"",""Google Font API"",""Lightbox"",""Modernizr"",""jQuery""]",36885228,valid,5/15/2024,e5ddb5d0354e5b1103e083a3031e2d6c,N/A,N/A,97%,Building Construction-general Contractors and Operative Builders,https://facebook.com/mccoygrading,N/A,N/A,https://instagram.com/mccoygrading,N/A
Cara Sweeny,Cara,Sweeny,"Vice-president, Business Development",csweeny@summerhill.com,Summerhill Group,summerhill.com,+19028120772,N/A,Menlo Park,CA,N/A,5,4018000,25,"[""CloudFlare"",""Elementor"",""Font Awesome"",""Google Analytics"",""Google Font API"",""Google Tag Manager"",""Modernizr"",""TrackJs"",""Twitter Emoji (Twemoji)"",""WordPress"",""Yoast SEO"",""jQuery"",""jQuery Migrate""]",45003070,catchall,1/24/2024,322e3d68de2103a031da1b44831c1e61,N/A,N/A,85%,Furniture and Fixtures,https://facebook.com/summerhillgroup,https://linkedin.com/company/summerhill-group,https://twitter.com/summerhillteam,N/A,https://youtube.com/channel/ucgjp_qbyquwg7nypfae9uhq
Curtis Lamb,Curtis,Lamb,Gste Sales Director,curtis@precision-electronics.com,Barfield,precision-electronics.com,+13055922625,"4101 NW 29th Street Miami, FL 33142",Atlanta,GA,"=""33142""",5,40279250,15,"[""Apache"",""MooTools"",""PHP"",""jQuery""]",39213157,catchall,11/29/2023,bd0c3064b258046a8401bb64eaa98e79,N/A,N/A,85%,Building Construction-general Contractors and Operative Builders,N/A,N/A,https://twitter.com/afiklmem,N/A,https://youtube.com/user/afiklmem
Chris Veith,Chris,Veith,Vice President,cveith@sherrickcontracting.com,Sherrick Contracting,sherrickcontracting.com,+18138778787,"5700 Memorial Hwy, STE218 * Tampa, FL 33615",Tampa,FL,"=""33615""",N/A,15000000,15,"[""Apache""]",37170824,catchall,N/A,8e412d41991466e75da64a682f539f03,N/A,N/A,85%,Building Construction-general Contractors and Operative Builders,N/A,N/A,N/A,N/A,N/A
Cameron White,Cameron,White,Vice President,cwhite@magstone.com,Magstone,magstone.com,+14106353836,"4141 Bark Hill Road Union Bridge, MD 21791",Westminster,MD,"=""21791""",N/A,0,15,"[""Elementor"",""Font Awesome"",""Google Font API"",""Lightbox"",""MediaElement.js"",""Modernizr"",""Nginx"",""PHP"",""Slick"",""Twitter Emoji (Twemoji)"",""WordPress"",""Yoast SEO"",""YouTube"",""jQuery"",""jQuery Migrate"",""prettyPhoto""]",41284077,valid,11/6/2023,d6a426c922f22bb8b6cd8c170d19c206,N/A,N/A,97%,Building Construction-general Contractors and Operative Builders,N/A,N/A,N/A,https://instagram.com/magstone__llc,N/A
Catherine Kang,Catherine,Kang,Chief Operating Officer,cwk@infiniummetals.com,Infinium,infiniummetals.com,+17818983430,"3 Huron Drive Natick, MA 01760",Natick,MA,"=""01760""",30,6000000,10,[],36980006,catchall,N/A,e5d0d44654e8fd9a2b67fcc6a2723c17,N/A,N/A,85%,Metal Mining,N/A,N/A,N/A,N/A,N/A
Damon Kozul,Damon,Kozul,Vice President,damon@greenwaydemolition.com,Greenway Demolition,greenwaydemolition.com,+17329183366,"1913 Atlantic Ave Suite 170 Manasquan NJ, 08736",Oakhurst,NJ,"=""08736""",30,5700128,15,"[""Google Font API"",""Modernizr"",""Squarespace"",""YUI"",""webpack""]",39282565,catchall,N/A,764749b0f0cf5f5995389a7a5b7690cd,N/A,N/A,85%,Building Construction-general Contractors and Operative Builders,https://facebook.com/greenway.demolition,https://linkedin.com/company/green-way-demolition,N/A,N/A,N/A
Dan Alvillar,Dan,Alvillar,Vice President of Sales,dana@blackgoldpump.com,Black Gold Pump & Supply,blackgoldpump.com,+15625954475,N/A,Signal Hill,CA,N/A,30,2309450,13,[],37603032,catchall,8/18/2023,2a505c21f447afc5572e69d5151bd073,N/A,N/A,85%,Oil and Gas Extraction,N/A,N/A,N/A,N/A,N/A
Dan Humphreys,Dan,Humphreys,Vice President of Tax,danhumphreys@azz.com,Azz,azz.com,N/A,N/A,unknown city,unknown state,N/A,300,11000000,13,"[""Drupal"",""Google Analytics"",""Google Tag Manager"",""New Relic"",""Nginx"",""Pantheon"",""Pardot"",""Varnish"",""jQuery""]",36484174,catchall,N/A,82e035d4c4b6439ef20f807866609af7,N/A,N/A,85%,Oil and Gas Extraction,https://facebook.com/azzincorporated,https://linkedin.com/company/139880,https://twitter.com/azzincorporated,N/A,N/A
Danial Vice,Danial,Vice,"Nizar Danial, Vice President, Engineering Manager, Professional Engineer",danialp@UBS1.com,Ubs1,UBS1.com,+17805311456,"27 Horton Avenue New Rochelle, NY 10801",New Rochelle,NY,"=""10801""",N/A,0,15,[],46507383,catchall,N/A,86d2b553cfa0be3450b267efea115af6,N/A,N/A,85%,Building Construction-general Contractors and Operative Builders,https://facebook.com/ubsuniversal,https://linkedin.com/company/10015433,https://twitter.com/ubsuniversal,https://instagram.com/universalbuilders,https://youtube.com/channel/ucoyj7tjsf5gikga2yivrxuq
Daniel Camper,Daniel,Camper,VP Engineering,daniel.j.camper@simmonspjc.com,Simmons & Company International | Energy Specialists Of Piper Jaffray,simmonspjc.com,+17132237800,"700 Louisiana, Suite 1900 Houston, Texas 77002",Houston,TX,"=""77002""",300,17500000,13,"[""DataTables"",""Google Analytics"",""Microsoft ASP.NET"",""SWFObject"",""YouTube"",""jQuery""]",44484988,catchall,N/A,26a3c9f6e8da741b9cea6e83c4bb7f85,N/A,N/A,85%,Oil and Gas Extraction,N/A,N/A,N/A,N/A,N/A
Danielle Graham,Danielle,Graham,Vice President of Finance,danielle@grahamcommercial.org,Graham Commercial,grahamcommercial.org,+17703829565,"218 East Main Street Cartersville GA 30120at 1261 West Avenue in Cartersville, GA.218 E Main St, Cartersville, GA 30120",Cartersville,GA,"=""30120""",5,1638653,15,"[""Font Awesome"",""Google Font API"",""IIS"",""MediaElement.js"",""Microsoft ASP.NET"",""Plesk"",""Twitter Emoji (Twemoji)"",""WordPress"",""jQuery"",""jQuery Migrate""]",36467524,valid,11/6/2023,c3395944043888b9988b91e49f2488bc,N/A,N/A,97%,Building Construction-general Contractors and Operative Builders,https://facebook.com/grahamcommercial,https://linkedin.com/company/graham-commercial-contractors,N/A,https://instagram.com/grahamcommercialcontractors,N/A
Daniel Timco,Daniel,Timco,"Vice President, Product and Process",daniel@timcoinsulation.com,Timco Provides Insulation,timcoinsulation.com,+12522224828,"115 North 20th Street Morehead City, NC 28557Address: 1115 North 20th Street, Morehead City, North Carolina 28557",Morehead City,NC,"=""28557""",N/A,0,15,"[""Apache"",""Google Analytics"",""Google Font API"",""Twitter Emoji (Twemoji)"",""WordPress"",""ZURB Foundation"",""jQuery"",""jQuery Migrate""]",38670131,valid,5/15/2024,5e6bf68c8f7268e08f80dd8a8d839f91,N/A,N/A,97%,Building Construction-general Contractors and Operative Builders,https://facebook.com/timcoinsulation,N/A,N/A,N/A,N/A
M Dan,M,Dan,Director of Operations - All,danm@trinityconstructors.com,Trinity Constructorswebsite,trinityconstructors.com,+15125760636,N/A,Austin,TX,N/A,5,1638653,15,"[""Apache"",""Bootstrap"",""Google Analytics"",""Google Font API"",""Google Tag Manager"",""Slick"",""Twitter Emoji (Twemoji)"",""WordPress"",""jQuery"",""jQuery Migrate"",""reCAPTCHA""]",36745154,catchall,N/A,ec20ecb63911620eed1b77de0f1c146a,N/A,N/A,85%,Building Construction-general Contractors and Operative Builders,N/A,https://linkedin.com/company/trinity-constructors-inc-,N/A,https://instagram.com/trinity_constructors/,N/A
Darlene Schafer,Darlene,Schafer,Vice President/partner,darlene@gulfshorebuilders.com,Gulf Shore Builders,gulfshorebuilders.com,N/A,N/A,Pensacola,FL,N/A,5,15000000,15,"[""IIS"",""Microsoft ASP.NET"",""jQuery""]",39193429,catchall,N/A,20be1d76e566328fec4b928ab4078714,N/A,N/A,85%,Building Construction-general Contractors and Operative Builders,N/A,N/A,N/A,N/A,N/A
Dave Scaturro,Dave,Scaturro,Sales Director,dave@alpinepainting.com,Alpine Painting,AlpinePainting.com,+18665960349,"17 Florida Ave, Paterson, NJ 07503-2114",Paterson,NJ,"=""07503-2114""",125,0,15,"[""Craft CMS"",""Google Analytics"",""Google Font API"",""Google Tag Manager"",""LiteSpeed"",""Modernizr"",""jQuery""]",37987770,valid,11/10/2023,84c1b959ec930e0b793be5544b442a44,N/A,N/A,97%,Building Construction-general Contractors and Operative Builders,https://facebook.com/alpinepaintingandsandblasting,https://linkedin.com/company/alpine-painting-and-sandblasting-contractors,https://twitter.com/alpinepainting,https://instagram.com/alpinepainting,N/A
Dave Cooke,Dave,Cooke,Sr. Director of Clinical Operations,dave@cookeandjones.com,Cooke & Jones,cookeandjones.com,+14133760015,"356 High Street, Greenfield, MA 01301",Greenfield,MA,"=""01301""",N/A,0,15,"[""Apache""]",43106077,valid,11/6/2023,8882e98c7e32c4a08adc41cb4d8c3b7b,N/A,N/A,97%,Building Construction-general Contractors and Operative Builders,N/A,N/A,N/A,N/A,N/A
Dave Scognamigliocomponent,Dave,Scognamigliocomponent,Vice President,daves@componentwest.com,Component West,componentwest.com,+18185416771,"353 Pilot Road Las Vegas, Nevada 89118",Las Vegas,NV,"=""89118""",N/A,0,15,"[""Apache"",""PHP"",""jQuery"",""jQuery UI"",""script.aculo.us""]",38652182,valid,5/15/2024,b59f07756518b675285b7d7c2f7f0169,N/A,N/A,97%,Building Construction-general Contractors and Operative Builders,N/A,N/A,N/A,N/A,N/A
Dave Brake,Dave,Brake,Vice President,dave@thermohomes.com,Thermo Homes,thermohomes.com,+19023653448,N/A,Fort Ashby,WV,N/A,N/A,15000000,15,"[""Facebook"",""Font Awesome"",""Google Font API"",""Google Tag Manager"",""Squarespace"",""Typekit"",""YUI"",""jQuery"",""jQuery UI"",""webpack""]",46403879,valid,11/6/2023,5abf20f86aa39ca862ef8604b45bc0bf,N/A,N/A,97%,Building Construction-general Contractors and Operative Builders,https://facebook.com/thermohomesinc,N/A,N/A,https://instagram.com/thermohomesinc,N/A
David Amar,David,Amar,Senior Vice President,davidamar@gerald.com,Gerald Group,gerald.com,+12036098300,N/A,New York,NY,N/A,300,12000000,10,"[""RequireJS"",""Sentry"",""Wix""]",39946023,catchall,N/A,13d1f0ac5123cd2031c9cf0998413f59,N/A,N/A,85%,Metal Mining,N/A,https://linkedin.com/company/gerald-metals,N/A,N/A,N/A
David Cummins,David,Cummins,"Senior Vice President, Transportation",david.cummins@serco-na.com,Serco,btpsystems.com,+18669973726,"1825 Commerce Center Blvd Fairborn, OH 45324",Ludlow,MA,"=""45324""",N/A,0,15,"[""Apache"",""Bootstrap"",""FancyBox"",""Google Analytics"",""Google Font API"",""Modernizr"",""jQuery""]",39179209,catchall,N/A,3ef8822dbb42b3b72441f2081f32ab83,N/A,N/A,85%,Building Construction-general Contractors and Operative Builders,N/A,N/A,N/A,N/A,N/A
Dave Degraaff,Dave,Degraaff,"Vice President, Engineering",david.degraaff@etagen.com,Etagen,etagen.com,N/A,"3601 Haven Avenue Menlo Park, CA 94025",San Francisco,CA,"=""94025""",30,5400000,13,[],46528034,catchall,N/A,3245259ab51c19d252204b1ab2b68dcc,N/A,N/A,85%,Oil and Gas Extraction,N/A,N/A,N/A,N/A,N/A
David Denny,David,Denny,Director Field Operations,david.denny@digcastle.com,Castle Contracting,digcastle.com,+13142319157,"Suite 302 Webster Groves, MO 63119",Brentwood,TN,"=""63119""",N/A,0,15,"[""Acquia Cloud"",""Drupal"",""Google Analytics"",""Google Tag Manager"",""Nginx"",""Varnish"",""jQuery""]",40862742,catchall,N/A,50c14c30f983c16b92e37b2598965d39,N/A,N/A,85%,Building Construction-general Contractors and Operative Builders,https://facebook.com/digcastle,https://linkedin.com/company/castle-contracting,https://twitter.com/digcastle,N/A,https://youtube.com/channel/ucuboadipzpjx6jttz1egr9a
David Goldberg,David,Goldberg,"Senior Vice President, General Counsel",david.goldberg@serco-na.com,Serco,btpsystems.com,+18669973726,"1825 Commerce Center Blvd Fairborn, OH 45324",Ludlow,MA,"=""45324""",N/A,0,15,"[""Apache"",""Bootstrap"",""FancyBox"",""Google Analytics"",""Google Font API"",""Modernizr"",""jQuery""]",39179207,catchall,N/A,e48197567ecad36d217f00a9b0413f9a,N/A,N/A,85%,Building Construction-general Contractors and Operative Builders,N/A,N/A,N/A,N/A,N/A
David Leishman,David,Leishman,"Ceo, Rmo, President",david@leishmaninc.com,Leishman General Contractors,leishmaninc.com,+13108267201,N/A,Los Angeles,CA,N/A,N/A,0,15,"[""Apache"",""Google Font API"",""Revslider"",""Twitter Emoji (Twemoji)"",""WordPress"",""jQuery"",""jQuery Migrate""]",36679893,valid,5/14/2024,c760fef5a01eaa1712e27873acbb58ad,N/A,N/A,97%,Building Construction-general Contractors and Operative Builders,N/A,N/A,N/A,N/A,N/A
David Markle,David,Markle,National Director of Sales &amp; Marketing,david.markle@thermacrete.com,Thermacrete-index,thermacrete.com,+18473924077,N/A,Arlington Heights,IL,N/A,5,1638653,15,"[""Sucuri""]",40745535,valid,11/10/2023,4b1e7ad367f7379fead7322a8cd7b075,N/A,N/A,97%,Building Construction-general Contractors and Operative Builders,N/A,N/A,N/A,N/A,N/A
David Mcguire,David,Mcguire,Chief Operating Officer,david.mcguire@robyelectric.com,Roby Services,robyelectric.com,+17048592004,N/A,Erin,TN,N/A,N/A,160720,15,"[""CloudFlare"",""Google Analytics"",""Modernizr"",""jQuery"",""jQuery UI""]",36432609,catchall,10/2/2023,52560010fdbb440afd9bd06a0c068540,N/A,N/A,85%,Building Construction-general Contractors and Operative Builders,https://facebook.com/robyservices,N/A,N/A,N/A,N/A
David Seal,David,Seal,Vice President of Recruiting,david@pioneersealcoat.com,Pioneer Seal Coat,pioneersealcoat.com,+15086157325,"85 Blackstone River Rd, Worcester MA 01607",unknown city,AL,"=""01607""",N/A,0,15,"[""Google Analytics"",""Google Font API"",""Google Tag Manager"",""Modernizr"",""Nginx"",""ZURB Foundation"",""jQuery""]",45117614,valid,5/15/2024,46a622192b80a1adf5cc427a61300da9,N/A,N/A,97%,Building Construction-general Contractors and Operative Builders,https://facebook.com/pioneersealcoat,N/A,https://twitter.com/pioneersealcoat,N/A,N/A
David Heyman,David,Heyman,Chief Financial Officer,david@qualitybuildingservices.com,Quality Building Services,qualitybuildingservices.com,N/A,N/A,New York City,NY,N/A,350,34000000,15,"[""Microsoft ASP.NET"",""Plesk"",""Prototype"",""jQuery"",""script.aculo.us""]",36439435,catchall,10/6/2023,da7952525e7d968bd3f251092c332ea2,N/A,N/A,85%,Building Construction-general Contractors and Operative Builders,N/A,N/A,N/A,N/A,N/A
David Westlund,David,Westlund,"Vice President, Legal, General Counsel and Corporate Secretary",david.westlund@trican.us,Trican Well Service,trican.us,+17809797000,N/A,Odessa,TX,N/A,30,1444300,13,"[""Bootstrap"",""CloudFlare"",""Drupal"",""Google Tag Manager"",""Modernizr"",""PHP"",""Typekit"",""jQuery""]",46288067,catchall,3/2/2023,7b6399d33c30b5953b161291e5adde68,N/A,N/A,85%,Oil and Gas Extraction,https://facebook.com/tricanwellservice,https://linkedin.com/company/126611,https://twitter.com/tricanws,N/A,N/A
Dave Bernier,Dave,Bernier,"Vice President, Human Resources - Operations",dbernier@panamericansilver.com,Pan American Silver Corporate,panamericansilver.com,+16181280692,N/A,unknown city,unknown state,N/A,300,0,10,"[""CloudFlare"",""Google Analytics"",""Google Font API"",""PHP"",""SilverStripe"",""jQuery""]",44610445,catchall,2/24/2023,374932f5c04058993ca9733d04399b59,N/A,N/A,85%,Metal Mining,N/A,https://linkedin.com/company/pan-american-silver-corp.,N/A,N/A,N/A
Dominic Diprinzio,Dominic,Diprinzio,Vice President,ddiprinzio@erscon.com,Er Stuebner,erscon.com,+16103766625,"227 Blair Avenue Reading, PA 19601",Reading,PA,"=""19601""",125,15000000,15,"[""Google Analytics"",""Google Font API"",""Nginx"",""SWFObject"",""jQuery""]",37352076,catchall,N/A,625f07bee195ef633856121e6fb71250,N/A,N/A,85%,Building Construction-general Contractors and Operative Builders,N/A,N/A,N/A,N/A,N/A
Dean Conklin,Dean,Conklin,Vice President - Construction,dean.conklin@ctc.com.sg,Ctc,ctc.com.sg,N/A,N/A,Virginia Beach,VA,N/A,5,208740,15,"[""Drupal"",""Google Font API"",""New Relic"",""Sucuri"",""jQuery""]",38651945,catchall,11/6/2023,75f831e65d1b605e5710bebe4e09538b,N/A,N/A,85%,Building Construction-general Contractors and Operative Builders,N/A,N/A,N/A,N/A,N/A
Debby Callahan,Debby,Callahan,Director of Operations,debby@goodier.com,Goodier,goodier.com,+14104032901,"307 International Circle, Suite 130, Hunt Valley, MD 21030",Columbia,MD,"=""21030""",5,5886720,15,"[""Bootstrap"",""Google Analytics"",""Google Maps"",""Google Tag Manager"",""Lightbox"",""LiteSpeed"",""PHP"",""WordPress"",""jQuery"",""jQuery UI""]",38194343,valid,5/15/2024,74f5fefdca9725736c13dce8a1189a0c,N/A,N/A,97%,Building Construction-general Contractors and Operative Builders,https://facebook.com/goodierbuilders/,https://linkedin.com/company/goodier-baker,https://twitter.com/goodierbuilders,https://instagram.com/goodierbuilders,N/A
Dellon Chen,Dellon,Chen,COO,dellonchen@inovatex.com,Inovatex,inovatex.com,(702) 761-2600,"230 Fifth Avenue, Suite 1614 New York, NY 10001",San Francisco,CA,"=""10001""",5,2400000,22,"[""Apache"",""Google Analytics"",""Magento"",""Modernizr"",""Prototype"",""jQuery"",""script.aculo.us""]",45119269,catchall,N/A,54837efde1b543759b3d5eebf06ae4eb,N/A,N/A,85%,Textile Mill Products,https://facebook.com/pages/inovatex/791373374222700,N/A,N/A,N/A,N/A
Delphine Dahankocher,Delphine,Dahankocher,Vice President -,delphine.dahan-kocher@constellium.com,Constellium,constellium.com,+14434207860,N/A,Detroit,MI,N/A,3000,5100000000,10,"[""Apache"",""Chart.js"",""Drupal"",""Google Analytics"",""Google Tag Manager"",""Handlebars"",""TweenMax"",""jQuery""]",43908513,catchall,N/A,6d2380d1c627d9ce4e1fe685e3a8db11,N/A,N/A,85%,Metal Mining,https://facebook.com/constellium,https://linkedin.com/company/2249972,https://twitter.com/constellium,https://instagram.com/constellium,https://youtube.com/user/constellium
Denise Goldman,Denise,Goldman,Vice President,denise@genxconstruction.net,Construction,genxconstruction.net,+15619634490,N/A,Las Vegas,NV,N/A,N/A,15000000,15,[],37141777,valid,5/15/2024,b11b479e8350501801f87fe992916fab,N/A,N/A,97%,Building Construction-general Contractors and Operative Builders,https://facebook.com/genxconstruction,N/A,https://twitter.com/genxconstruct,N/A,N/A
Denise Mcfarlane,Denise,Mcfarlane,Vice President of Administration,denise.mcfarlane@pmillc.com,Pmi,pmillc.com,+17155681700,"600 21st Avenue Bloomer, WI 54724",Eau Claire,WI,"=""54724""",30,35000000,10,"[""Google Analytics"",""Google Tag Manager"",""Nginx"",""Slick"",""Twitter Emoji (Twemoji)"",""WordPress"",""Yoast SEO"",""ZURB Foundation"",""jQuery"",""jQuery Migrate""]",43421025,catchall,2/28/2021,473a616b65f73074d59292b9effdbf9b,N/A,N/A,85%,Metal Mining,N/A,N/A,N/A,N/A,N/A
"Dennis Blosberg Chfm, Chc",Dennis,Chc,Vice President,dennis@nccbinc.com,North Country Custom Builders,nccbuildersmn.com,+12185687765,"4349 72nd St SW Pequot Lakes, MN 56472",Pequot Lakes,MN,"=""56472""",N/A,0,15,"[""Concrete5"",""FancyBox"",""Google Font API"",""Modernizr"",""Nginx"",""jQuery""]",43549330,valid,11/6/2023,86f3e47f49723781a66c7df0d3434434,N/A,N/A,97%,Building Construction-general Contractors and Operative Builders,N/A,N/A,N/A,N/A,N/A
Derek Broussard,Derek,Broussard,— Vice President,derek@bestwayoilfield.com,Bestway Oilfield,bestwayoilfield.com,+17247059890,"16030 Market Street Channelview, Texas 77530",unknown city,unknown state,"=""77530""",30,7000000,13,"[""Font Awesome"",""Google Font API"",""MediaElement.js"",""Nginx"",""Twitter Emoji (Twemoji)"",""WP Engine"",""WooCommerce"",""WordPress"",""Yoast SEO"",""jQuery"",""jQuery Migrate""]",41461338,catchall,3/2/2023,f436c655b32245aa69fdb160111009b5,N/A,N/A,85%,Oil and Gas Extraction,N/A,N/A,N/A,N/A,N/A
Daniel Harris,Daniel,Harris,Chief Operating Officer,dharris@osburncontractors.com,Osburn Contractors,osburncontractors.com,+19722059086,"2333 South Jupiter Road Garland, TX 75041",Las Vegas,NV,"=""75041""",5,600000000,16,"[""AngularJS"",""Apache"",""Font Awesome"",""Google Analytics"",""Modernizr"",""PHP"",""Twitter Emoji (Twemoji)"",""WordPress"",""YouTube"",""jQuery"",""jQuery Migrate""]",42936025,catchall,10/2/2023,14d42a02a7e1ac3c0d533b5262275ea2,N/A,N/A,85%,Heavy Construction Other Than Building Construction-contractors,N/A,https://linkedin.com/company/osburn-contractors,https://twitter.com/osburnconcrete,N/A,https://youtube.com/channel/ucbwiljygnf1fewt2cecy8aq
Dion Hatcher,Dion,Hatcher,"Vice President, Canada Business Unit",dhatcher@vermilionenergy.com,Vermilion Energy,vermilionenergy.com,+14037821024,N/A,unknown city,unknown state,N/A,750,13000000,13,"[""Apache"",""FancyBox"",""Google Analytics"",""Google Tag Manager"",""Prefix-Free"",""jQuery"",""jQuery UI""]",40720056,catchall,3/2/2023,bfa959d25cd2ad08e5bc835a89a3560d,N/A,N/A,85%,Oil and Gas Extraction,N/A,https://linkedin.com/company/vermilion-energy,N/A,N/A,N/A
Diane Hatfield,Diane,Hatfield,Director of Office Operations & Marketing,diane@hbdallas.com,All,hbdallas.com,+12142786261,"701 East Plano Pkwy, Suite 400 Plano, TX 75074",Plano,TX,"=""75074""",30,5700128,15,"[""CloudFlare"",""Facebook"",""FancyBox"",""Google Analytics"",""Google Font API"",""Google Tag Manager"",""HubSpot"",""Nginx"",""Revslider"",""Slick"",""WP Engine"",""WordPress"",""YouTube"",""jQuery"",""jQuery Migrate"",""jQuery UI""]",37633853,catchall,12/31/2023,7ac87b45f4771ab3dbb0069e1982624e,N/A,N/A,85%,Building Construction-general Contractors and Operative Builders,https://facebook.com/hatfieldbuilders,https://linkedin.com/company/hatfield-builders,https://twitter.com/hatfieldbuilder,https://instagram.com/hatfield_builders,N/A
Dirk Smith,Dirk,Smith,"Senior Vice President, Corporate Services",dirk.smith@serco-na.com,Serco,btpsystems.com,+18669973726,"1825 Commerce Center Blvd Fairborn, OH 45324",Ludlow,MA,"=""45324""",N/A,0,15,"[""Apache"",""Bootstrap"",""FancyBox"",""Google Analytics"",""Google Font API"",""Modernizr"",""jQuery""]",39179211,catchall,N/A,9d8b9c403fde270313982fffe603067b,N/A,N/A,85%,Building Construction-general Contractors and Operative Builders,N/A,N/A,N/A,N/A,N/A
Darrin Johnson,Darrin,Johnson,CFO and Secretary/treasurer,djohnson@roadsinc.com,Roads,roadsinc.com,+18509680991,"106 Stone Blvd. Cantonment, FL 32533",Cantonment,FL,"=""32533""",N/A,0,15,"[""Bootstrap"",""CloudFlare"",""Font Awesome"",""Google Analytics"",""Google Font API"",""OWL Carousel"",""Revslider"",""Select2"",""Slick"",""Underscore.js"",""WordPress"",""animate.css"",""jQuery"",""jQuery Migrate"",""prettyPhoto""]",40988728,catchall,4/15/2023,7a1566c6372e68fb284c58bcacf05033,N/A,N/A,85%,Building Construction-general Contractors and Operative Builders,N/A,N/A,N/A,N/A,N/A
Daryl Mitchell,Daryl,Mitchell,Director of Operations,dmitchell@southerntile.com,Southern Tile Maintenance,southerntile.com,+19193130204,"141 Industrial Drive Pensacola, FL 32505",Branchville,SC,"=""32505""",N/A,15000000,15,"[""Font Awesome"",""Google Analytics"",""Google Font API"",""MediaElement.js"",""Modernizr"",""Nginx"",""TweenMax"",""Twitter Emoji (Twemoji)"",""WordPress"",""jQuery"",""jQuery Migrate"",""jQuery UI""]",36218078,catchall,N/A,48ee0fb7761ededd50d867214ebe19a0,N/A,N/A,85%,Building Construction-general Contractors and Operative Builders,https://facebook.com/since1865,https://linkedin.com/company/william-m-bird,https://twitter.com/wmbird1865,N/A,N/A
David Moore,David,Moore,Senior Vice President,dmoore@tennisandtrack.com,Tennis Court And Running Track,tennisandtrack.com,+15087595636,"P.O. Box 1100 Pocasset, MA 02559",Pocasset,MA,"=""02559""",30,15000000,15,"[""Apache"",""Google Analytics"",""Google Font API"",""Google Tag Manager"",""PHP"",""Twitter Emoji (Twemoji)"",""WordPress"",""Yoast SEO"",""jQuery"",""jQuery Migrate""]",46285696,catchall,N/A,891d3500d4ba210635441eb89d518f02,N/A,N/A,85%,Building Construction-general Contractors and Operative Builders,https://facebook.com/pages/cape-and-island-tennis-track/196901337033702,https://linkedin.com/company/2274367,https://twitter.com/tennisandtrack,https://instagram.com/tennisandtrack,N/A
Donal Antill,Donal,Antill,VP of Internal Audit,donal.antill@bakerhughes.com,Baker Hughes Helpful Links Newsroom,bakerhughes.com,+19253169197,N/A,Houston,TX,N/A,5000,9800000000,13,"[""Acquia Cloud"",""AppNexus"",""Drupal"",""Facebook"",""Google Analytics"",""Google Tag Manager"",""Hotjar"",""Incapsula"",""Java"",""Marketo"",""New Relic"",""Nginx"",""Sentry"",""TweenMax"",""Varnish"",""jQuery"",""webpack""]",45218491,catchall,3/2/2023,3d9d7cdec7c1378373af4656f90b57ab,N/A,N/A,85%,Oil and Gas Extraction,https://facebook.com/bakerhughesco,https://linkedin.com/company/bakerhughes,https://twitter.com/bakerhughesco,N/A,https://youtube.com/channel/ucxhgtnb0ed0xueejnp9ow4g
Don Nickeson,Don,Nickeson,Director of Operations,don@northcoastroofing.com,North Coast Roofing Of Ohio In,northcoastroofing.com,+14194332059,"3912 Tiffin Ave. Sandusky, OH 419-433-2059 / 905 W.State St. Fremont, OH 419-332-72543912 Tiffin Ave. Sandusky, OH 448703912 Tiffin Ave., Sandusky, OH 44870, USSandusky Office: 3912 Tiffin Ave., Sandu",Sandusky,OH,"=""44870""",30,15000000,15,"[""Polyfill"",""YouTube""]",43064456,catchall,N/A,89b98dd24efd245166b11cf969ceca9e,N/A,N/A,85%,Building Construction-general Contractors and Operative Builders,https://facebook.com/177517442299798,https://linkedin.com/company/north-coast-roofing-of-ohio-inc-,https://twitter.com/ncrofohio,N/A,N/A
Donald Santos,Donald,Santos,Vice President,don@santosconstruction.com,Santos Construction,santosconstruction.com,N/A,N/A,Port Saint Lucie,FL,N/A,N/A,15000000,15,"[""CloudFlare"",""Microsoft ASP.NET"",""Statcounter"",""jQuery""]",40523139,catchall,N/A,d229e77f92adc8f12d20383566527e51,N/A,N/A,85%,Building Construction-general Contractors and Operative Builders,N/A,N/A,N/A,N/A,N/A
Douglas Miller,Douglas,Miller,Vice President of Human Resources,douglas@apicc.org,Alaska Safety Alliance,apicc.org,+19077705250,"2600 Cordova Street, Suite 105 Anchorage, AK 995032600 Cordova Suite 105 Anchorage AK 99503",Anchorage,AK,"=""99503""",5,1638653,13,"[""Bootstrap"",""FancyBox"",""Google Tag Manager"",""Moment.js"",""WooCommerce"",""WordPress"",""jQuery"",""jQuery Migrate"",""reCAPTCHA"",""Litespeed Cache""]",38653154,catchall,5/5/2024,f85032c06ec44fd0a871de4ca0c6c6c6,N/A,N/A,85%,Oil and Gas Extraction,https://facebook.com/alaskasafetyalliance,https://linkedin.com/company/apicc---alaska-process-industry-careers-consortium,https://twitter.com/aksafetya,https://instagram.com/alaskasafetyalliance,https://youtube.com/channel/ucgdpkgxovpjg-svpdo1r1wg
Doug Oehler,Doug,Oehler,"Executive Vice President, Branch Distribution, Regional Manager North",doug.oehler@reladyne.com,Reladyne,reladyne.com,+14356783311,"1010 South Access Road Tye, TX 79563",Madisonville,LA,"=""79563""",300,200000000,13,"[""Apache"",""CloudFlare"",""CodeIgniter"",""DataTables"",""ExpressionEngine"",""FancyBox"",""Google Analytics"",""Google Font API"",""Google Tag Manager"",""HubSpot"",""Lightbox"",""Matomo"",""Microsoft ASP.NET"",""React"",""jQuery"",""reCAPTCHA""]",39434051,catchall,9/6/2024,1dda8e43b3dd8eacc880ed6cbaffa4bd,N/A,N/A,85%,Oil and Gas Extraction,https://facebook.com/reladyne,https://linkedin.com/company/reladyne-llc,https://twitter.com/reladyne,N/A,https://youtube.com/user/reladyne
Dan Perko,Dan,Perko,Vice President / Tools and Equipment Services,dperko@Precastservices.com,Precast Services,Precastservices.com,+13304252880,N/A,Twinsburg,OH,N/A,125,0,15,"[""Apache"",""Font Awesome"",""WordPress"",""Yoast SEO"",""jQuery"",""jQuery Migrate""]",43408239,valid,11/6/2023,4a77901006b0590d1bcfccd486ecfac5,N/A,N/A,97%,Building Construction-general Contractors and Operative Builders,https://facebook.com/precastservices,https://linkedin.com/company/precast-services-inc-,N/A,N/A,N/A
Debbie Petrella,Debbie,Petrella,VP Payroll Operations,dpetrella@ivanlawconcrete.com,Google,ivanlawconcrete.com,N/A,N/A,Youngstown,OH,N/A,N/A,0,15,"[""Google Web Server""]",46253054,catchall,N/A,ab8008a446681508a9588f3185a18586,N/A,N/A,85%,Building Construction-general Contractors and Operative Builders,https://facebook.com/google,https://linkedin.com/company/google,https://twitter.com/google,https://instagram.com/google,N/A
Danelle Radney,Danelle,Radney,Regional Operations Director,dradney@radney.com,Radney Plumbing,radney.com,N/A,N/A,Valdosta,GA,N/A,5,1638653,15,[],45625476,catchall,N/A,ee171ad8e33ab7c13493bd2512d08869,N/A,N/A,85%,Building Construction-general Contractors and Operative Builders,N/A,N/A,N/A,N/A,N/A
David Schanuel,David,Schanuel,Senior Vice President,dschanuel@sagewater.com,Sagewater,sagewater.com,+18885849990,North Ridge Court Midland / Texas,Alexandria,VA,N/A,125,25000000,15,"[""Bootstrap"",""CloudFlare"",""Google Font API"",""Google Tag Manager"",""Modernizr"",""WP Engine"",""WordPress"",""jQuery"",""jQuery Migrate""]",39630067,catchall,N/A,b62fd6908e0b14566dd67eaee2bf0617,N/A,N/A,85%,Building Construction-general Contractors and Operative Builders,https://facebook.com/sagewater,https://linkedin.com/company/sagewater,https://twitter.com/sagewater,N/A,N/A
David Schramm,David,Schramm,Vice President,dschramm@enengineering.com,En Engineering,enengineering.com,+17045489950,"Suite 400 Warrenville, Illinois 60555",Warrenville,IL,"=""60555""",750,300000000,13,"[""Apache"",""Font Awesome"",""Google Analytics"",""Google Font API"",""Google Tag Manager"",""PHP"",""Revslider"",""WordPress"",""Yoast SEO"",""jQuery"",""jQuery Migrate""]",42162945,catchall,9/6/2024,ac76108b0d4e845c361ab1c9c1234d0b,N/A,N/A,85%,Oil and Gas Extraction,https://facebook.com/ene-134748037269112,https://linkedin.com/company/en-engineering,https://twitter.com/enengineering,N/A,N/A
David Shealy,David,Shealy,"Capt (ret) Usn, Managing Director, Atlas Room Operations Center",dshealy@braidyindustries.com,Braidy,braidyindustries.com,+16466389891,"P.O. Box 2065 Ashland, KY 41105-2065",Ashland,OR,"=""41105-2065""",30,7000000,10,"[""All in One SEO Pack"",""Google Analytics"",""Google Font API"",""Google Tag Manager"",""Lightbox"",""MediaElement.js"",""Nginx"",""Plesk"",""Select2"",""TweenMax"",""Twitter"",""Twitter Emoji (Twemoji)"",""Underscore.js"",""WordPress"",""jQuery"",""jQuery Migrate"",""jQuery UI""]",38178609,catchall,7/21/2022,1a434d7f8bee206d70eae8ba1f461275,N/A,N/A,85%,Metal Mining,https://facebook.com/braidyindustries,https://linkedin.com/company/braidyindustries,https://twitter.com/braidyinc,N/A,https://youtube.com/channel/ucx1smpy9_2llvxs_y533yba
David Small,David,Small,Group Vice President of Global Energy Services,dsmall@niquanenergy.com,Niquan Energy,niquanenergy.com,+12023187776,"1627KSt, NW Suite 901 Washington, DC 20006",Houston,TX,"=""20006""",5,1638653,13,"[""Amazon ELB"",""Apache"",""CentOS"",""CloudFlare"",""Crazy Egg"",""Drupal"",""Google Analytics"",""Google Font API"",""PHP"",""Segment"",""jQuery""]",39155563,catchall,3/2/2023,e28e1ff8595dd54027e6c0418c1ebc49,N/A,N/A,85%,Oil and Gas Extraction,N/A,N/A,N/A,N/A,N/A
David Spohn,David,Spohn,Vice President of Commercial Operations,dspohn@chesapeakegeo.com,Chesapeake Geosystems,chesapeakegeo.com,+18002524007,"1824C Ridge Road Westminster, Maryland 21157",Curtis Bay,MD,"=""21157""",N/A,0,15,[],38453718,catchall,N/A,15f4026b42fd201385b81c4b4f57b792,N/A,N/A,85%,Building Construction-general Contractors and Operative Builders,https://facebook.com/chesapeakegeosystems,https://linkedin.com/company/chesapeake-geosystems-inc,N/A,N/A,N/A
Dede Strand,Dede,Strand,Director of Operations,dstrand@minnpar.com,Minnpar,Minnpar.com,+16123783741,"5273 Program Ave. Mounds View, MN5273 Program Avenue, Mounds View, Minnesota, United States of America, 55112",Mounds View,MN,"=""55112""",125,0,15,[],40217184,catchall,7/2/2024,4996128ba173a942dbe3a8e2424b771f,N/A,N/A,85%,Building Construction-general Contractors and Operative Builders,https://facebook.com/pages/minnpar-llc/1627468197537743,https://linkedin.com/company/minnpar-llc,https://twitter.com/minnpar,N/A,N/A
David Thornton,David,Thornton,Vice President,dthornton@fce-digs.com,Fce,fce-digs.com,+14349774181,"Industrial Way / Suite 203  Troy, VA 22974",Charlottesville,VA,"=""22974""",125,0,15,"[""Apache"",""Google Analytics"",""Google Tag Manager"",""jQuery"",""jQuery UI""]",44473965,valid,5/15/2024,308912d9eefde0a99fb98cbe48a02533,N/A,N/A,97%,Building Construction-general Contractors and Operative Builders,N/A,N/A,N/A,N/A,N/A
Duane Clark,Duane,Clark,Vice President of Engineering,duane@masramusa.com,Masram Mechanical,masramusa.com,N/A,N/A,Houston,TX,N/A,30,5700128,15,[],38571218,valid,11/6/2023,1eb3a74cb91d56cf70c7cf75b4b19637,N/A,N/A,97%,Building Construction-general Contractors and Operative Builders,N/A,N/A,N/A,N/A,N/A
Dwight Gross,Dwight,Gross,VP of Sales and Marketing,dwight.gross@irongatees.com,Irongate Energy Services,irongatees.com,+13372322996,"19500 State Highway 249, Suite 600, Houston, TX 77070",unknown city,unknown state,"=""77070""",30,69600000,13,"[""Apache"",""Google Analytics"",""Lightbox"",""MediaElement.js"",""Twitter Emoji (Twemoji)"",""WordPress"",""Yoast SEO"",""jQuery"",""jQuery Migrate""]",41151943,catchall,N/A,4578567b630e5be1a1ea67aae1d90622,N/A,N/A,85%,Oil and Gas Extraction,N/A,N/A,N/A,N/A,N/A
Don Williams,Don,Williams,Vice -president,dwilliams@ics86.com,Insulation Contractors & Supply,ics86.com,+12819419469,"P.O. Box 935 LaPorte, TX 77572",La Porte,TX,"=""77572""",30,15000000,15,"[""Google Font API"",""jQuery""]",41574778,catchall,N/A,63d6417e296378c7ae62ff40c7e4f4a4,N/A,N/A,85%,Building Construction-general Contractors and Operative Builders,N/A,N/A,N/A,N/A,N/A
Debbie Witham,Debbie,Witham,Vice President Business Development,dwitham@woolleyfishingtool.com,Woolley Fishing Tool,woolleyfishingtool.com,+14052637561,"PO Box 1249, Kilgore TX 75663",Kilgore,TX,"=""75663""",30,5700128,13,"[""Google Analytics"",""Google Font API"",""Modernizr"",""Nginx"",""PHP"",""jQuery""]",45907364,catchall,N/A,9fed527df74027eb546fdf0a83f6e68c,N/A,N/A,85%,Oil and Gas Extraction,https://facebook.com/woolleyfishingtool,N/A,N/A,N/A,N/A
Edward F Bell,Edward,Bell,Vp-partner,ebell@caseconcepts.com,Case Concepts,caseconcepts.com,N/A,N/A,Saint Peters,MO,N/A,5,15000000,15,"[""IIS"",""Microsoft ASP.NET""]",40758547,catchall,N/A,06ea52ea78ca40f88abbbd2f88dbdbd9,N/A,N/A,85%,Building Construction-general Contractors and Operative Builders,N/A,N/A,N/A,N/A,N/A
Eileen Blum,Eileen,Blum,Vice President,eblum@skinnerandcook.com,Skinnerandcook.com,skinnerandcook.com,N/A,N/A,Roselle Park,NJ,N/A,30,15000000,15,[],38822088,catchall,N/A,1e4c506c1d4f6bc76e09647308bc9fa5,N/A,N/A,85%,Building Construction-general Contractors and Operative Builders,N/A,N/A,N/A,N/A,N/A
Eric Grimshaw,Eric,Grimshaw,"Vice President, Associate General Counsel and Corporate Secretary",egrimshaw@oneok.com,Oneok Increases,oneok.com,+19185615379,"100 West Fifth Street Tulsa, OK 74103",Waukomis,OK,"=""74103""",5,8900000000,15,"[""Bootstrap"",""Facebook"",""Google Analytics"",""Google Tag Manager"",""IIS"",""Microsoft ASP.NET"",""Sitecore"",""jQuery"",""jQuery UI""]",41342651,catchall,N/A,d122a748c99a93412f87d945f341a1a6,N/A,N/A,85%,Building Construction-general Contractors and Operative Builders,https://facebook.com/oneokinc,https://linkedin.com/company/oneok,https://twitter.com/oneok,https://instagram.com/oneok_inc,N/A
Eric E. Jackson,Eric,Jackson,Chief Operating Officer,ejackson@amg-nv.com,Amg Corporate,amg-nv.com,+18003188662,"60790 Southgate Road Cambridge, OH 43725",Pottstown,PA,"=""43725""",75,971100000,10,"[""Bootstrap"",""Google Analytics"",""Google Font API"",""Google Tag Manager"",""Modernizr"",""Nginx"",""Snap.svg"",""Twitter Emoji (Twemoji)"",""WP Engine"",""WordPress"",""Yoast SEO"",""jQuery"",""jQuery Migrate""]",38912892,catchall,10/2/2023,db3461253c7e3248cfbbbafbf8acda75,N/A,N/A,85%,Metal Mining,N/A,N/A,N/A,N/A,N/A
Ed Murphy,Ed,Murphy,Vice President,emurphy@commandenergy.com,Command Energy,commandenergy.com,+12819218889,N/A,Houston,TX,N/A,125,0,13,"[""Font Awesome"",""Google Font API"",""Sucuri"",""Twitter Emoji (Twemoji)"",""Typekit"",""WordPress"",""animate.css"",""jQuery"",""jQuery Migrate""]",39428386,catchall,N/A,18fdacbd1b0a707f82287ed891547aa1,N/A,N/A,85%,Oil and Gas Extraction,N/A,N/A,N/A,N/A,N/A
Erica Woods,Erica,Woods,VP Business Processes,erica.woods@ejwadeconstruction.net,E.j. Wade Construction,ejwadeconstruction.net,+18047794882,"5176 Cold Harbor Road Mechanicsville, VA 231115176 Cold Harbor Road  Mechanicsville, VA 23111PO Box 638 Mechanicsville, VA 23111",Mechanicsville,VA,"=""23111""",30,0,15,[],45535812,catchall,N/A,01a624147cbb4c6a3b2cecd10eb46813,N/A,N/A,85%,Building Construction-general Contractors and Operative Builders,N/A,N/A,N/A,N/A,N/A
Eric Unsinn,Eric,Unsinn,Director of Field Operations,eric@idiglex.com,Longhorn Excavators,idiglex.com,+15127360334,N/A,Cedar City,UT,N/A,N/A,700920,15,"[""Apache"",""Bootstrap"",""Google Font API"",""Google Tag Manager"",""Twitter Emoji (Twemoji)"",""Typekit"",""WordPress"",""Yoast SEO"",""jQuery"",""jQuery Migrate""]",40304039,catchall,N/A,a02be71c0f159364a1a5e384993be39c,N/A,N/A,85%,Building Construction-general Contractors and Operative Builders,N/A,N/A,N/A,N/A,N/A
Eric Nielsen,Eric,Nielsen,Vice President,ericn@newcentag.com,New Century Ag,newcentag.com,+17019852616,"12370 107 Street NW Crosby, ND 58730-9410",unknown city,unknown state,"=""58730-9410""",5,16400000,13,"[""Concrete5"",""Font Awesome"",""Google Font API"",""Nginx"",""OWL Carousel"",""PHP"",""jQuery""]",39733662,catchall,3/2/2023,b3a273339261b12ee666760d6b8076be,N/A,N/A,85%,Oil and Gas Extraction,N/A,N/A,N/A,N/A,N/A
Eric Stanaland,Eric,Stanaland,Vice President,eric.stanaland@floworkspvf.com,Floworks,floworkspvf.com,+18557425380,N/A,Houston,TX,N/A,300,0,13,"[""Bootstrap"",""Font Awesome"",""Google Analytics"",""Google Font API"",""Nginx"",""PHP"",""Twitter Emoji (Twemoji)"",""WordPress"",""Yoast SEO"",""jQuery"",""jQuery Migrate""]",43719168,catchall,N/A,bd27aadaaa4b1037b4ceb96ae944b929,N/A,N/A,85%,Oil and Gas Extraction,N/A,N/A,N/A,N/A,N/A
Eric Swanson,Eric,Swanson,Vice-president,eric.swanson@engworks.com,Engworks,ENGworks.com,+16466884860,"1931 Newport Blvd. Suite B Costa Mesa, CA 92627",Chicago,IL,"=""92627""",125,0,15,"[""Bootstrap"",""Google Font API"",""Google Tag Manager"",""Lightbox"",""Modernizr"",""Nginx"",""OWL Carousel"",""Revslider"",""Underscore.js"",""WordPress"",""animate.css"",""jQuery"",""jQuery Migrate"",""prettyPhoto""]",43254688,valid,7/2/2024,a724aa0997243f3bd55b7826696222f3,N/A,N/A,97%,Building Construction-general Contractors and Operative Builders,https://facebook.com/engworksbim,https://linkedin.com/company/engworks,https://twitter.com/engworksbim,N/A,N/A
Eric Versteeg,Eric,Versteeg,Vice President,ericv@bayareabackhoes.com,Bay Area Backhoes,bayareabackhoes.com,+19258339543,N/A,Pleasanton,CA,N/A,30,15000000,15,"[""Font Awesome"",""Google Font API"",""Twitter Emoji (Twemoji)"",""WordPress"",""jQuery"",""jQuery Migrate""]",38539862,catchall,N/A,820d31b3fa98dc8adf63aeaad8d5a7e2,N/A,N/A,85%,Building Construction-general Contractors and Operative Builders,N/A,N/A,N/A,N/A,N/A
Erik Kirsch,Erik,Kirsch,Director of Engineering Operations,erik.kirsch@nwconstruction.us,Nw Construction,nwconstruction.us,N/A,N/A,Bozeman,MT,N/A,30,5700128,15,[],42655086,catchall,N/A,6ecffd4e4961a423b20fde54ec2cbc70,N/A,N/A,85%,Building Construction-general Contractors and Operative Builders,N/A,https://linkedin.com/company/nw-construction-inc-,N/A,N/A,N/A
Esteban Costantino,Esteban,Costantino,Vice President of Operations,esteban.costantino@rintelcorp.com,Rintelcorp,rintelcorp.com,+14154004526,"301 Mission Street.Suite 24J San Francisco,94105",Oakland,CA,"=""Francisco,94105""",30,0,13,[],41379203,catchall,N/A,174838690c101c97b5becff278137f42,N/A,N/A,85%,Oil and Gas Extraction,N/A,N/A,N/A,N/A,N/A
Evelyn Lenton,Evelyn,Lenton,Chief Financial Officer,evelyn@lentoncompany.com,Lenton,lentoncompany.com,+16612739170,"530 Commerce Avenue, Suite C, Palmdale, CA 93551",Palmdale,CA,"=""93551""",5,1734480,15,"[""Elementor"",""Flywheel"",""Google Analytics"",""Google Font API"",""Highlight.js"",""MediaElement.js"",""Modernizr"",""Select2"",""Twitter Emoji (Twemoji)"",""WordPress"",""Yoast SEO"",""jQuery"",""jQuery Migrate""]",36283965,valid,8/5/2024,a83fe456d4a557db4cf22e165b509225,N/A,N/A,97%,Building Construction-general Contractors and Operative Builders,https://facebook.com/lentoncompany,https://linkedin.com/in/robertlenton,https://twitter.com/lentoncompany,https://instagram.com/lentoncompany,https://youtube.com/user/lentoncompany
Ed Wernecke,Ed,Wernecke,Senior Vice President,ewernecke@picerne.com,Picerne Real Estate Group,picerne.com,+17023674505,"4518 N. 32nd St. Phoenix, AZ 85018",Sierra Vista,AZ,"=""85018""",125,17716000,15,"[""Backbone.js"",""Bootstrap"",""Google Analytics"",""Google Font API"",""Modernizr"",""Nginx"",""Underscore.js"",""jQuery""]",43782483,catchall,N/A,bea324b87229a337df6b3302cc78a8a7,N/A,N/A,85%,Building Construction-general Contractors and Operative Builders,N/A,N/A,N/A,N/A,N/A
Forrest E. Harrell,Forrest,Harrell,President – Ccmi & Senior Vice President - Marketing,fharrell@cogc.com,Citation Oil & Gas,cogc.com,+14054750371,"2609 S County Rd 1242 Midland, TX 79706",Dickinson,ND,"=""79706""",5,27760320,13,"[""Font Awesome"",""Google Font API"",""Sucuri"",""Twitter Emoji (Twemoji)"",""WordPress"",""jQuery"",""jQuery Migrate"",""jQuery UI""]",37115685,catchall,8/18/2023,3018bcdd5b77781f8d1cbf73362cf91a,N/A,N/A,85%,Oil and Gas Extraction,N/A,N/A,N/A,N/A,N/A
Jeremy Funk,Jeremy,Funk,Vice President of Sales,fjeremy@petrode.com,Petrode,petrode.com,+13039907701,"2150 W. 6th Avenue, Suite H Broomfield, CO 80020",unknown city,unknown state,"=""80020""",30,6000000,13,[],41635415,catchall,N/A,e9ada01086cc7491ac61f801061acecc,N/A,N/A,85%,Oil and Gas Extraction,https://facebook.com/vesmir.petrode,https://linkedin.com/company/3604902,https://twitter.com/petrode,N/A,N/A
Florian Greger Vice,Florian,Vice,Vice President,florian.greger-vice@omv.com,Omv,omv.com,+14952872401,N/A,Allenton,WI,N/A,7500,24500000000,13,"[""Amazon ELB"",""Google Font API"",""Google Tag Manager"",""Java"",""Moment.js"",""jQuery""]",44081187,catchall,3/2/2023,f203898d8bf8027c5f816ff5a76f9ade,N/A,N/A,85%,Oil and Gas Extraction,https://facebook.com/omv,https://linkedin.com/company/omv,https://twitter.com/omv,https://instagram.com/omv,https://youtube.com/user/omvofficial
Fonda Bates,Fonda,Bates,Vice President - Marketing,fonda.bates@gascliptech.com,Gas Clip Technologies,gascliptech.com,+17138538000,"305 W. FM 1382, Suite 540 Cedar Hill, TX 75104",Midlothian,TX,"=""75104""",30,6000000,13,[],41940012,catchall,8/18/2023,062e515b72f11d14ad4a02e596432c45,N/A,N/A,85%,Oil and Gas Extraction,https://facebook.com/gas-clip-technologies-168678767085540,N/A,https://twitter.com/clip_gas,N/A,N/A
Fred Noce,Fred,Noce,Director of Sales,fred.noce@miningindaba.com,Mining,miningindaba.com,+12035459847,N/A,New York,NY,N/A,30,7000000,10,"[""Azure"",""AddThis"",""Bootstrap"",""CloudFlare"",""Google Tag Manager"",""IIS"",""Lightbox"",""Microsoft ASP.NET"",""Slick"",""jQuery"",""jQuery UI""]",37048999,valid,7/28/2023,ec6ba0f1cca80d096f4958a920f3fecb,N/A,N/A,97%,Metal Mining,https://facebook.com/africanminingindaba,https://linkedin.com/company/mining-indaba,https://twitter.com/miningindaba,https://instagram.com/miningindaba/,https://youtube.com/user/miningindaba
Garre Waddell,Garre,Waddell,Vice President,garre@cib-inc.com,Commercial Industrial Builders,cib-inc.com,+18063766295,N/A,Amarillo,TX,N/A,30,15000000,15,"[""Apache"",""Bootstrap"",""Font Awesome"",""Google Analytics"",""Google Font API"",""Lightbox"",""Modernizr"",""OWL Carousel"",""Twitter Emoji (Twemoji)"",""WordPress"",""Yoast SEO"",""animate.css"",""jQuery""]",37084648,catchall,N/A,af02a0f6fed69f7f1d230eb8f0ac01a4,N/A,N/A,85%,Building Construction-general Contractors and Operative Builders,https://facebook.com/commercialindustrialbuildersinc,https://linkedin.com/company/2413725,https://twitter.com/cibdesign,N/A,https://youtube.com/user/cibdesignbuild
Garth Senior Vice,Garth,Vice,Senior Vice President,garth.senior-vice@amcol.com,Minerals,amcol.com,N/A,N/A,unknown city,unknown state,N/A,300,1000000000,10,"[""Google Analytics"",""Google Font API"",""Google Tag Manager"",""Microsoft ASP.NET"",""Sitefinity"",""jQuery"",""jQuery Migrate"",""jQuery UI""]",42343437,catchall,4/12/2022,a6911838f9bc7dbe1671038ba2758a27,N/A,N/A,85%,Metal Mining,N/A,https://linkedin.com/company/minerals-technologies,N/A,N/A,N/A
Garth Snider,Garth,Snider,Chief Operating Officer and General Counsel,garths@humpandcomp.com,Humphries And,humpandcomp.com,+17704341890,N/A,Smyrna,GA,N/A,30,12800000,15,"[""Bootstrap"",""Business Catalyst"",""Google Analytics"",""Microsoft ASP.NET"",""Modernizr"",""OpenResty"",""jQuery""]",38608228,valid,5/15/2024,c65915f78a47df263e5ddc8e3584ab59,N/A,N/A,97%,Building Construction-general Contractors and Operative Builders,https://facebook.com/pages/humphries-company/157480310951550,N/A,https://twitter.com/humpandcomp,N/A,N/A
Gary Armstrong,Gary,Armstrong,Director of Sales,garyarmstrong@contractorbenefitsgroup.com,Contractor Benefits Group,contractorbenefitsgroup.com,+17178593250,"P.O. Box 153 New Holland, PA 17557",Round Rock,TX,"=""17557""",N/A,0,15,"[""Apache"",""FancyBox"",""Font Awesome"",""Google Analytics"",""Google Font API"",""jQuery"",""jQuery UI"",""reCAPTCHA""]",43419160,catchall,11/29/2023,7ac93e0479b6b2d84c816a5189c43a8e,N/A,N/A,85%,Building Construction-general Contractors and Operative Builders,N/A,N/A,N/A,N/A,N/A
Greg Barnes,Greg,Barnes,"Executive Vice-president, Director",gbarnes@sandspringresources.com,Resources Mineral,sandspringresources.com,+13039915669,N/A,unknown city,unknown state,N/A,5,10000000,10,"[""Google Analytics"",""Google Font API"",""Google Maps"",""HeadJS"",""Matomo"",""Microsoft ASP.NET"",""Modernizr"",""Nginx"",""jQuery""]",36691108,catchall,N/A,9e753bc009db9533f3936caafb458904,N/A,N/A,85%,Metal Mining,N/A,N/A,N/A,N/A,N/A
George England,George,England,Vice President,gengland@baker-electric.com,Baker Electric,baker-electric.com,+17607453610,"2120 Harmony Grove Road Escondido, CA 920292140 Enterprise Street Escondido, CA 92029",Escondido,CA,"=""92029""",750,300000000,15,"[""Bootstrap"",""CloudFlare"",""Drupal"",""Facebook"",""Font Awesome"",""Google Analytics"",""Google Font API"",""Google Tag Manager"",""Nginx"",""Pantheon"",""Slick"",""Underscore.js"",""Varnish"",""YouTube"",""jQuery""]",36934795,catchall,11/6/2023,eff70672e3b4a60c8f12c6dd117d020a,N/A,N/A,85%,Building Construction-general Contractors and Operative Builders,https://facebook.com/bakerelectricinc,https://linkedin.com/company/baker-electric/life/,https://twitter.com/baker_electric,https://instagram.com/baker_electric,https://youtube.com/channel/uc2gtc94mehblv7zncfcdq4a/featured
George Campise,George,Campise,Director of Sales,george.campise@f-e-t.com,Fet,f-e-t.com,+18172376309,"12735 Dairy Ashford Road Stafford, TX 77477 USA",Katy,TX,N/A,3000,13000000,13,"[""Apache"",""Font Awesome"",""Google Analytics"",""Google Font API"",""Hotjar"",""Moment.js"",""OpenSSL"",""PHP"",""SWFObject"",""Typekit"",""jQuery""]",44675549,catchall,N/A,893b71f1a3224fc6f53b357b18a804aa,N/A,N/A,85%,Oil and Gas Extraction,https://facebook.com/pages/forum-energy-technologies/322265994454347,https://linkedin.com/company/1288325,N/A,N/A,https://youtube.com/channel/uceb7gw0lkc9-c7mnyzum0vw
Gustav Gao,Gustav,Gao,Group VP,g.gao@spt-energy.com,Spt Energy Group,spt-energy.com,+13378930303,"Main Office:107 Concord St. Abbeville, LA 70510",Abbeville,LA,"=""70510""",30,5700128,13,"[""Apache""]",45520414,catchall,3/2/2023,f8c8baaf25f0a2b86b1e86327b8227dc,N/A,N/A,85%,Oil and Gas Extraction,N/A,N/A,N/A,N/A,N/A
Gary Gray,Gary,Gray,"– Senior Vice President, Development – Western U.s",ggray@procgroup.com,Procaccianti Group,procgroup.com,+13108772196,"1140 Reservoir Avenue Cranston, RI 02920",Cranston,RI,"=""02920""",N/A,0,15,"[""Bootstrap"",""Font Awesome"",""Google Analytics"",""Google Font API"",""IIS"",""Modernizr"",""OWL Carousel"",""PHP"",""Revslider"",""Twitter Emoji (Twemoji)"",""WordPress"",""Yoast SEO"",""jQuery"",""jQuery Migrate"",""jQuery UI"",""prettyPhoto""]",36272684,catchall,11/6/2023,0a5f1c31bba434007fa6e83559d9b7b0,N/A,N/A,85%,Building Construction-general Contractors and Operative Builders,N/A,N/A,N/A,N/A,N/A
Glenn Bestebreur,Glenn,Bestebreur,Vice President/project Development ...,glenn@bestebreur.com,Bestebreur Bros Construction,bestebreur.com,+15098409306,"P.O. Box 612 ~ 316 Colleens Way, Grandview, WA 98930 Ph 509-882-3180",Sunnyside,WA,"=""509-882-3180""",5,1638653,15,"[""Google Font API"",""jQuery""]",36852531,valid,5/15/2024,6edc651f56e811a2d349d4703687dc1b,N/A,N/A,97%,Building Construction-general Contractors and Operative Builders,N/A,https://linkedin.com/company/2743248,N/A,N/A,N/A
Gina Lewis,Gina,Lewis,"Hofner - Vice President, Research",glewis@hofnerlewis.com,Hofner Lewis,hofnerlewis.com,+17138627635,N/A,Houston,TX,N/A,5,1638653,13,"[""Apache Traffic Server""]",45831341,catchall,3/2/2023,b9f39b67b0f12d27a366a8fbeb78fd37,N/A,N/A,85%,Oil and Gas Extraction,N/A,N/A,https://twitter.com/hofnerlewis,N/A,N/A
Greg Bosch,Greg,Bosch,Executive Vice President,greg@dh-homes.com,Dh Homes,dh-homes.com,+17135167565,N/A,Fredericksburg,VA,N/A,30,1168200,15,[],42898772,valid,11/6/2023,1278cec76ab14df8f730af5b501e54d3,N/A,N/A,97%,Building Construction-general Contractors and Operative Builders,N/A,N/A,N/A,N/A,N/A
Greg Fowler Vice,Greg,Vice,"Vice President, Operations",greg.fowler-vice@atrexenergy.com,Atrex Energy,atrexenergy.com,+14421678743,"1700 E. Seward Road Guthrie, OK 73044",Boston,MA,"=""73044""",30,13000000,13,"[""Apache"",""Bootstrap"",""CloudFlare"",""DataTables"",""Google Analytics"",""Google Font API"",""PHP"",""Slick"",""jQuery""]",36262713,catchall,3/2/2023,022f6d9a77e7c0b67b38dc4427e7394c,N/A,N/A,85%,Oil and Gas Extraction,N/A,N/A,N/A,N/A,N/A
Greg Rousseau,Greg,Rousseau,COO,greg@gprmasonry.com,Gpr Masonry,gprmasonry.com,+16035056597,"Masonry for the St. Joseph Cathedral Parish in Manchester, NH.",Manchester,NH,N/A,N/A,0,15,"[""Google Analytics"",""Squarespace"",""Typekit"",""YUI"",""webpack""]",43308541,valid,5/15/2024,69a7762c4879b399d83baa1eadeebed4,N/A,N/A,97%,Building Construction-general Contractors and Operative Builders,N/A,N/A,N/A,N/A,N/A
Gregory Castleman,Gregory,Castleman,VP Marine,gregorycastleman@seaonecorp.com,Seaone Seaone Holdings,seaonecorp.com,+17137391500,"333 Clay Street, Suite 4700 Houston, TX 77002 USA",unknown city,unknown state,N/A,30,5700128,13,"[""Apache"",""Google Analytics"",""Google Tag Manager"",""Modernizr"",""PHP"",""Ubuntu"",""jQuery"",""jQuery UI""]",40646094,catchall,3/2/2023,9d20dbab9433255bb73eb2dfd5351dff,N/A,N/A,85%,Oil and Gas Extraction,N/A,N/A,N/A,N/A,N/A
Jon Grimmer,Jon,Grimmer,Senior VP,grimmer@quantumep.com,Quantum,quantumep.com,+17134522000,"800 Capitol Street, Suite 3600 Houston, TX 77002",Houston,TX,"=""77002""",75,7000000,13,"[""Apache"",""Bootstrap"",""Google Analytics"",""Google Font API"",""Twitter Emoji (Twemoji)"",""WordPress"",""Yoast SEO"",""jQuery"",""jQuery Migrate""]",40215596,catchall,3/2/2023,8cbc9f1b4dc189bcf4bc82627dcd426e,N/A,N/A,85%,Oil and Gas Extraction,N/A,N/A,N/A,N/A,N/A
Gordon Roberts,Gordon,Roberts,Sr. Vice President – Business Development,groberts@jettaoperating.com,Jetta Operating,jettaoperating.com,+18173351179,N/A,Fort Worth,TX,N/A,350,75000000,13,"[""Apache"",""Bootstrap"",""CloudFlare"",""FancyBox"",""Font Awesome"",""Google Analytics"",""Google Font API"",""Modernizr"",""Select2"",""Statcounter"",""Twitter Emoji (Twemoji)"",""WordPress"",""jQuery"",""jQuery Migrate""]",40643201,catchall,9/6/2024,8bb4a81328d00654bb959202b2ce2841,N/A,N/A,85%,Oil and Gas Extraction,N/A,N/A,N/A,N/A,N/A
Gerard Schut,Gerard,Schut,Vice President European Operations,gschut@vermilionenergy.com,Vermilion Energy,vermilionenergy.com,+14037821024,N/A,unknown city,unknown state,N/A,750,13000000,13,"[""Apache"",""FancyBox"",""Google Analytics"",""Google Tag Manager"",""Prefix-Free"",""jQuery"",""jQuery UI""]",40720051,catchall,3/2/2023,9156ce642cf50cd260dedff5790c7c76,N/A,N/A,85%,Oil and Gas Extraction,N/A,https://linkedin.com/company/vermilion-energy,N/A,N/A,N/A
Gary Starr,Gary,Starr,Vice President,gstarr@Peris.com,Peris,Peris.com,+17035334734,"282 N. Washington Street Falls Church, VA 22046282 N. Washington St. Falls Church, VA 22046",Falls Church,VA,"=""22046""",30,5700128,15,[],37668962,catchall,N/A,606b24566c0a61d342674beb1ed6032c,N/A,N/A,85%,Building Construction-general Contractors and Operative Builders,N/A,N/A,N/A,N/A,N/A
Gus Pappas,Gus,Pappas,COO & President of Luxury Neighborhoods,gus@alansimoninihomes.com,Simonini,alansimoninihomes.com,+17048778395,"501 East Morehead, Suite 4 Charlotte, NC 28202",Charlotte,NC,"=""28202""",N/A,0,15,"[""CloudFlare"",""Facebook"",""Font Awesome"",""Google Analytics"",""Google Font API"",""Google Tag Manager"",""HubSpot"",""Matomo"",""React"",""animate.css"",""jQuery"",""jQuery Migrate""]",36592571,catchall,7/2/2024,57ecbb59cc9ee01db7e6a33bef5822fa,N/A,N/A,85%,Building Construction-general Contractors and Operative Builders,N/A,https://linkedin.com/company/simonini-homes,https://twitter.com/simoninihomes,https://instagram.com/simonini_homes,https://youtube.com/channel/uc6kx5kolqfr0t0adxr4k2ja
Gutterman Joel,Gutterman,Joel,VP of Marketing,gutterman@drivewayconceptsinc.com,Driveway Concepts,drivewayconceptsinc.com,+12155388880,"227 West Broad St. Quakertown, PA 18951",Quakertown,PA,"=""18951""",30,0,15,"[""Google Analytics"",""Gravity Forms"",""Lightbox"",""Nginx"",""Twitter Emoji (Twemoji)"",""WordPress"",""Yoast SEO"",""jQuery"",""jQuery Migrate""]",36308397,catchall,12/31/2023,f5ac028abb04ad6603f4cc94403b4f58,N/A,N/A,85%,Building Construction-general Contractors and Operative Builders,N/A,N/A,N/A,N/A,N/A
Dan Hansen,Dan,Hansen,Vice President,hansen@caenergy.com,Energy Consulting,caenergy.com,+16082312266,N/A,Madison,WI,N/A,30,25000000,13,"[""Apache"",""Google Analytics"",""Google Font API"",""PHP"",""Twitter Emoji (Twemoji)"",""WordPress"",""Yoast SEO"",""jQuery"",""jQuery Migrate""]",46349117,catchall,3/2/2023,158ee72e5f3af586f054a8ac762b3125,N/A,N/A,85%,Oil and Gas Extraction,N/A,https://linkedin.com/company/christensen-associates-energy-consulting-llc,N/A,N/A,N/A
Harvey Willis,Harvey,Willis,Vice President,harvey@greathouseinc.com,Greathouse,greathouseinc.com,+15024173235,N/A,Prospect,AL,N/A,N/A,0,15,"[""Squarespace"",""Typekit"",""YUI"",""webpack""]",44478265,valid,11/6/2023,cf163cbfd49da26f439960d7ac2af2b9,N/A,N/A,97%,Building Construction-general Contractors and Operative Builders,N/A,N/A,N/A,N/A,N/A
Hayden Brown,N/A,N/A,President and Chief Executive Officer (nasdaq: …,haydenb@upwork.com,Upwork,upwork.com,N/A,N/A,San Francisco,CA,N/A,751,N/A,N/A,"[""6sense"",""ahrefs"",""amazon-web-services"",""angular-js"",""ansible"",""artifactory"",""atlassian-jira"",""autopilot"",""aws-cloudformation"",""aws-lambda"",""azure-devops"",""bash"",""bitbucket"",""bootstrap"",""braze"",""c"",""centos"",""chef"",""circleci"",""clicktale"",""cloudflare"",""contentful"",""cypress"",""dart"",""datadog"",""datatables"",""debian"",""django"",""docker"",""drupal"",""dynatrace"",""elastic-apm"",""elasticsearch"",""envoy"",""facebook"",""firebase"",""flask"",""flutter"",""git"",""github-actions"",""gitlab"",""gitlab-ci"",""go"",""google-analytics"",""google-cloud-platform"",""google-workspace"",""grafana"",""graphql"",""handlebars"",""haproxy"",""hubspot"",""j2ee"",""java"",""javascript"",""jenkins"",""jest"",""jetpack"",""jquery"",""jquery-ui"",""kafka"",""kibana"",""kissmetrics"",""kotlin"",""kubernetes"",""linkedin"",""lucene"",""marketo"",""microsoft"",""microsoft-365"",""microsoft-azure"",""microsoft-excel"",""microsoft-office"",""microsoft-sql-server"",""microsoft-windows"",""mixpanel"",""mongodb"",""mysql"",""net"",""netsuite"",""next-js"",""nginx"",""node-js"",""nosql"",""nuxt-js"",""openshift"",""optimizely"",""oracle"",""oracle-cloud"",""paypal"",""pdf-js"",""perl"",""php"",""pinterest"",""pl-sql"",""postgresql"",""prometheus"",""puppet"",""pyspark"",""python"",""qualtrics"",""react-js"",""react-native"",""redis"",""redux"",""ruby"",""rust"",""salesforce"",""salesforce-service-cloud"",""salesloft"",""sap"",""scala"",""sitecore"",""solr"",""spark"",""splunk"",""spring"",""sql"",""sql-server"",""sqlite"",""stripe"",""symfony"",""tailwind-css"",""tealium"",""teamcity"",""terraform"",""twitter"",""typescript"",""ubuntu"",""umbraco"",""unix"",""vmware"",""vue-js"",""windows"",""windows-server"",""xslt"",""youtube"",""zendesk"",""zoominfo""]",46780475,catchall,N/A,2f1c824b5c07e183e134484b2d0503b2,https://www.linkedin.com/in/haydenlbrown,N/A,85%,N/A,N/A,N/A,N/A,N/A,N/A
Heather Hudak,Heather,Hudak,Vice President of Tax,heather.hudak@alcoa.com,Alcoa,alcoa.com,+14006015382,"Suite 500 Pittsburgh, PA 15212-5858",Pittsburgh,PA,"=""15212-5858""",5000,22500000000,10,"[""AddThis"",""Bootstrap"",""DataTables"",""Google Analytics"",""IIS"",""Microsoft ASP.NET"",""YouTube"",""jQuery"",""jQuery UI""]",46735496,catchall,N/A,c448e6d82da8173e898a3932d38e415d,N/A,N/A,85%,Metal Mining,https://facebook.com/alcoa,https://linkedin.com/company/alcoa,https://twitter.com/alcoa,N/A,https://youtube.com/user/alcoatv
Heather Lee,Heather,Lee,Vice President,heather@legadocompanies.com,Legado,legadocompanies.com,+13104320800,"121 S. Beverly Drive Beverly Hills, CA 90212",Beverly Hills,CA,"=""90212""",30,5700128,15,"[""Apache"",""Google Font API"",""PHP"",""Twitter Emoji (Twemoji)"",""WordPress""]",45983799,catchall,N/A,12ca39cf3933c1895cf836d7577af9e2,N/A,N/A,85%,Building Construction-general Contractors and Operative Builders,N/A,N/A,N/A,N/A,N/A
Heidi Diane Lewis,Heidi,Lewis,"Executive Vice President, General ...",heidi@lcorp.com,Lewis,lcorp.com,+12082371343,N/A,Pocatello,ID,N/A,N/A,0,15,"[""Apache"",""DreamWeaver""]",39426333,valid,5/15/2024,6b8b1f85754362d8b40922d01b0c6d2f,N/A,N/A,97%,Building Construction-general Contractors and Operative Builders,N/A,N/A,N/A,N/A,N/A
H L Gadiyar,H,Gadiyar,Vice President,h.gadiyar@ril.com,Reliance Holding Usa,ril.com,+18004258998,N/A,Houston,TX,N/A,5000,43700000000,13,"[""Bootstrap"",""FlexSlider"",""Google Analytics"",""Kentico CMS"",""Microsoft ASP.NET"",""Modernizr"",""jQuery""]",42012474,catchall,3/2/2023,a1fd93da813ec8cb215dfb88e6c5e12b,N/A,N/A,85%,Oil and Gas Extraction,https://facebook.com/relianceindustrieslimited,https://linkedin.com/company/reliance,https://twitter.com/flameoftruth,N/A,https://youtube.com/user/flameoftruth2014
Bill Hicks,Bill,Hicks,Vice President Engineering,hicksb@whitemarlinog.com,White Marlin Oil And Gas,whitemarlinog.com,+12146187600,N/A,Houston,TX,N/A,30,7000000,13,[],45356266,catchall,N/A,012bfe154b49c00c571a7adda92a94f9,N/A,N/A,85%,Oil and Gas Extraction,N/A,N/A,N/A,N/A,N/A
Hilton Perry,Hilton,Perry,COO,hilton@albertini-iwd.com,Albertini - Italian Custom Windows And Doors Since 1954,albertini-iwd.com,+19492076762,N/A,Costa Mesa,CA,N/A,5,1638653,15,"[""Lodash"",""React"",""RequireJS"",""Wix"",""Zepto""]",36615269,catchall,N/A,d2acabc61266f4db3fb2649cc945f1ff,N/A,N/A,85%,Building Construction-general Contractors and Operative Builders,N/A,N/A,N/A,https://instagram.com/albertiniitalianwindows,N/A
Holly Murry,Holly,Murry,Vice President,hmurry@frsteam.com,Frsteam,FRSTeam.com,+15107231000,N/A,Hayward,CA,N/A,30,5700128,22,"[""Font Awesome"",""Google Font API"",""Lightbox"",""Nginx"",""Revslider"",""Twitter Emoji (Twemoji)"",""WordPress"",""jQuery"",""jQuery Migrate""]",36208441,valid,1/24/2024,645fa640c6d1aa975af364563bb89e15,N/A,N/A,97%,Textile Mill Products,https://facebook.com/frsteam1,https://linkedin.com/company/frsteam,https://twitter.com/frsteam,N/A,N/A
Heather Tipsword,Heather,Tipsword,Vice President of Land,htipsword@atomiccapital.com,Atomic Capital,atomiccapital.com,+17133337500,"Suite 1185 Houston, Texas 770192777 Allen Parkway, Suite 1185 | Houston, Texas 77019 | P: (713)333-7500",Houston,TX,"=""(713)333-7500""",30,5700128,13,"[""Apache"",""Bootstrap"",""FlexSlider"",""Google Analytics"",""jQuery"",""prettyPhoto""]",42324098,catchall,3/2/2023,cdd0dff080791e8860181c7e401737e7,N/A,N/A,85%,Oil and Gas Extraction,N/A,N/A,N/A,N/A,N/A
Hunter Smith Vice,Hunter,Vice,"S. Hunter Smith, Vice President",hunter@hunterenergycorp.com,Hunterenergycorp,hunterenergycorp.com,+13182552400,"111 Killgore Road Ruston, LA 71270",Thousand Oaks,CA,"=""71270""",N/A,0,13,[],42882509,catchall,3/2/2023,064b571368c2ab63df46c9009b80e85a,N/A,N/A,85%,Oil and Gas Extraction,N/A,N/A,N/A,N/A,N/A
Howard Towler Vice,Howard,Vice,"Howard Towler, Vice President & Chief Operations Officer",hvice@TrueFireproofing.com,True Fireproofing,TrueFireproofing.com,+19182984083,"8526 South Peoria Ave Tulsa, OK 74132",Tulsa,OK,"=""74132""",125,0,15,"[""AddThis"",""Apache"",""Google Analytics"",""UNIX"",""mod_dav""]",45330744,catchall,N/A,a3c47913c17e0aeb3aa76a4b59db6e57,N/A,N/A,85%,Building Construction-general Contractors and Operative Builders,https://facebook.com/pages/true-fireproofing/162238117181668,https://linkedin.com/company/true-fireproofing,N/A,N/A,N/A
Heather Vinson,Heather,Vinson,Vice President of Service,hvinson@jarrettfire.com,Jarrett Fire Protection,jarrettfire.com,+16155151290,N/A,Nashville,TN,N/A,30,0,15,"[""All in One SEO Pack"",""Bootstrap"",""Facebook"",""Font Awesome"",""Google Analytics"",""Google Font API"",""Nginx"",""Twitter Emoji (Twemoji)"",""WordPress"",""jQuery"",""jQuery Migrate""]",37589558,catchall,N/A,b786e5ca99c82e7394599ccb2071817a,N/A,N/A,85%,Building Construction-general Contractors and Operative Builders,https://facebook.com/jarrettfire,https://linkedin.com/company/6582698,N/A,N/A,N/A
Isaac Brown,Isaac,Brown,Vice President,ibrown@landmarkventures.com,Landmark Ventures,landmarkventures.com,+12122688500,N/A,Decatur,GA,N/A,N/A,0,15,"[""Apache"",""Font Awesome"",""Google Analytics"",""Google Font API"",""PHP"",""Typekit"",""Ubuntu"",""WordPress"",""jQuery"",""jQuery Migrate"",""prettyPhoto""]",44893934,valid,11/6/2023,e342a51062d949195c0a274a901d0d3b,N/A,N/A,97%,Building Construction-general Contractors and Operative Builders,https://facebook.com/landmark-ventures-138752542808379,https://linkedin.com/company/landmark-ventures,https://twitter.com/landmark,N/A,N/A
Ira S. Peppers Iii,Ira,Iii,Vice President,ira.peppers@skccompany.com,Skc,skccompany.com,+19097403120,"13617 12th Street - unit B Chino, CA 9171013617 12th Street - unit ""B"" Chino, CA 91710",Chino,CA,"=""91710""",30,5700128,15,"[""Apache"",""Bootstrap"",""Font Awesome"",""Google Font API"",""Modernizr"",""Twitter Emoji (Twemoji)"",""WordPress"",""Yoast SEO"",""ZURB Foundation"",""jQuery"",""jQuery Migrate""]",36995042,valid,6/22/2024,119485df43137a10eec45375aa6f24ff,N/A,N/A,97%,Building Construction-general Contractors and Operative Builders,N/A,https://linkedin.com/company/skc-company,N/A,N/A,N/A
Ilene Rieser,Ilene,Rieser,Senior Vice President General Counsel,irieser@americannatural.com,American Natural,americannatural.com,+14124899981,N/A,New York,NY,N/A,30,7000000,13,"[""Apache"",""CloudFlare"",""Facebook"",""Google Analytics"",""HubSpot"",""Matomo"",""OWL Carousel"",""PHP"",""Twitter Emoji (Twemoji)"",""WordPress"",""jQuery"",""jQuery Migrate""]",43656449,catchall,3/2/2023,d41bb0adfbe6e6c5685aaf7ad45e2e2d,N/A,N/A,85%,Oil and Gas Extraction,https://facebook.com/americannatural,N/A,https://twitter.com/anfuelforward,https://instagram.com/american_natural,N/A
Jacinta Zaleski,Jacinta,Zaleski,"Vice President, Human Resources",jacinta.zaleski@eldoradogold.com,Eldorado Gold,eldoradogold.com,+18198740051,N/A,unknown city,unknown state,N/A,300,863300000,10,[],39016179,catchall,2/24/2023,1150d3138391b8ff5de47659423a56e4,N/A,N/A,85%,Metal Mining,https://facebook.com/eldoradogoldcorp,https://linkedin.com/company/eldorado-gold-corporation,N/A,N/A,https://youtube.com/user/eldoradogoldcorp
Jack Ginsburg,Jack,Ginsburg,"Vice President, Business Development",jack.ginsburg@serco-na.com,Serco,btpsystems.com,+18669973726,"1825 Commerce Center Blvd Fairborn, OH 45324",Ludlow,MA,"=""45324""",N/A,0,15,"[""Apache"",""Bootstrap"",""FancyBox"",""Google Analytics"",""Google Font API"",""Modernizr"",""jQuery""]",39179210,catchall,N/A,5152458f397a10a6cd37bf68ec51eb56,N/A,N/A,85%,Building Construction-general Contractors and Operative Builders,N/A,N/A,N/A,N/A,N/A
Jack Simmons,Jack,Simmons,Executive Vice President – Engineering,jacksimmons@simmonsequip.com,Simmons Equipment,simmonsequip.com,+12762262396,"P.O. Box 719 Pounding Mill, VA 24637",Cedar Bluff,VA,"=""24637""",N/A,0,10,"[""Font Awesome"",""Google Analytics"",""Google Font API"",""Nginx"",""Plesk"",""Twitter Emoji (Twemoji)"",""WordPress"",""Yoast SEO"",""jQuery"",""jQuery Migrate""]",37608266,catchall,N/A,b362e7194e5f7d421a0b3e4d52168e22,N/A,N/A,85%,Metal Mining,https://facebook.com/simmonsequipment,https://linkedin.com/company/simmons-equipment-company,https://twitter.com/simmonsequipme1,https://instagram.com/simmons_equipment,N/A
Jacques Donovan,Jacques,Donovan,Vice President of Fabrication,jacquesd@ubs1.com,Ubs1,UBS1.com,+17805311456,"27 Horton Avenue New Rochelle, NY 10801",New Rochelle,NY,"=""10801""",N/A,0,15,[],46507382,valid,5/15/2024,980c13b93b921233fba88a80263bc434,N/A,N/A,97%,Building Construction-general Contractors and Operative Builders,https://facebook.com/ubsuniversal,https://linkedin.com/company/10015433,https://twitter.com/ubsuniversal,https://instagram.com/universalbuilders,https://youtube.com/channel/ucoyj7tjsf5gikga2yivrxuq
Jaime Butler,Jaime,Butler,VP of Permian,jaime.butler@bakerhughes.com,Baker Hughes Helpful Links Newsroom,bakerhughes.com,+19253169197,N/A,Houston,TX,N/A,5000,9800000000,13,"[""Acquia Cloud"",""AppNexus"",""Drupal"",""Facebook"",""Google Analytics"",""Google Tag Manager"",""Hotjar"",""Incapsula"",""Java"",""Marketo"",""New Relic"",""Nginx"",""Sentry"",""TweenMax"",""Varnish"",""jQuery"",""webpack""]",45218231,catchall,N/A,9592ab45be9a92acfc99b33f2a4d3067,N/A,N/A,85%,Oil and Gas Extraction,https://facebook.com/bakerhughesco,https://linkedin.com/company/bakerhughes,https://twitter.com/bakerhughesco,N/A,https://youtube.com/channel/ucxhgtnb0ed0xueejnp9ow4g
James Holder,James,Holder,Vice-president Building Division,james@custombuildingsystems.com,Custom Building Systems And Paving,custombuildingsystems.com,+17048652479,"4538 South York Road Gastonia, NC 28056",Gastonia,NC,"=""28056""",N/A,0,15,"[""Bootstrap"",""CloudFlare"",""Google Font API"",""NextGEN Gallery"",""Twitter Emoji (Twemoji)"",""WordPress"",""jQuery"",""jQuery Migrate""]",36520275,valid,11/6/2023,7e593f63cd6a73b280a186cf4b6220d8,N/A,N/A,97%,Building Construction-general Contractors and Operative Builders,N/A,N/A,N/A,N/A,N/A
James Eiler,James,Eiler,Vice President,jameseiler@AquaPoolsOnline.com,Aqua Pools,AquaPoolsOnline.com,+17082052983,N/A,Homer Glen,IL,N/A,30,5700128,15,[],40122022,catchall,N/A,e6a177c91b351d136e2343657bb0fabd,https://www.linkedin.com/in/james-eiler-7624674,N/A,85%,Building Construction-general Contractors and Operative Builders,https://facebook.com/aquapoolsonline,N/A,https://twitter.com/#!/aquapools,N/A,N/A
Jamie Reap,Jamie,Reap,Vice President,jamie@alliancefirepro.com,Fire Protection,alliancefirepro.com,+16088384868,"14620 Flint Lee Rd. Unit C Chantilly, VA 20151",Vernon Hills,IL,"=""20151""",125,0,15,"[""Adobe DTM"",""CloudFlare"",""Google Analytics"",""Google Font API"",""Google Tag Manager"",""Mouse Flow"",""jQuery""]",39256734,catchall,N/A,b70a0a0bafe2d237e20835db87903b4d,N/A,N/A,85%,Building Construction-general Contractors and Operative Builders,https://facebook.com/pages/united-states-alliance-fire-protection/202175036501709,https://linkedin.com/company/2289910,https://twitter.com/usafire,N/A,N/A
Jan Petter Knutsen,Jan,Knutsen,Senior Vice President Global Dls,jan.petter-knutsen@mhwirth.com,Mhwirth,mhwirth.com,N/A,N/A,unknown city,unknown state,N/A,3000,600000000,13,"[""Bootstrap"",""Font Awesome"",""Google Analytics"",""Google Font API"",""Google Tag Manager"",""Hammer.js"",""Lightbox"",""Modernizr"",""Nginx"",""OWL Carousel"",""Revslider"",""Twitter Emoji (Twemoji)"",""UIKit"",""WP Engine"",""WordPress"",""jQuery"",""jQuery Migrate"",""jQuery UI""]",43112880,catchall,3/2/2023,1585388ba463322929d22040fd835a6c,N/A,N/A,85%,Oil and Gas Extraction,https://facebook.com/mhwirth,https://linkedin.com/company/mhwirth,https://twitter.com/mhwirthofficial,https://instagram.com/mhwirthofficial,https://youtube.com/channel/uctum3ken1ozvw3xkyrdx54w
Jared Silvey,Jared,Silvey,Vice President,jared@silveyconstruction.com,Silvey Construction,silveyconstruction.com,+15099244283,"Suite A Spokane Valley, WA 99206",Spokane Valley,WA,"=""99206""",5,1638653,15,"[""Flywheel"",""Font Awesome"",""Google Analytics"",""Google Font API"",""Twitter Emoji (Twemoji)"",""WordPress"",""jQuery"",""jQuery Migrate"",""reCAPTCHA""]",36484663,valid,11/6/2023,a979074feec06c0b8f2f9d141b3cebdd,N/A,N/A,97%,Building Construction-general Contractors and Operative Builders,https://facebook.com/silveyconstruction,N/A,https://twitter.com/silveyconst,https://instagram.com/silveyconstruction,N/A
Jaren Edwards,Jaren,Edwards,Vice President Sales,jaren@SteinFibers.com,Stein Fibers,SteinFibers.com,N/A,N/A,unknown city,unknown state,N/A,N/A,0,22,"[""Apache Traffic Server"",""Google Analytics"",""Google Font API"",""Twitter Emoji (Twemoji)"",""WordPress"",""Yoast SEO"",""jQuery"",""jQuery Migrate""]",37378878,catchall,N/A,661f75a3980c78b54b695a559a31c831,N/A,N/A,85%,Textile Mill Products,N/A,N/A,N/A,N/A,N/A
Jarod Franks,Jarod,Franks,Vice President of Technology,jarod.franks@suncoasttech.com,Sun Coast,suncoasttech.com,N/A,N/A,Plano,TX,N/A,5,1638653,13,[],44870732,catchall,N/A,289016b6c689e4911ed131a80bfbd7b6,N/A,N/A,85%,Oil and Gas Extraction,N/A,N/A,N/A,N/A,N/A
Jason Carrier,Jason,Carrier,"Executive Vice President, Growth",jason.carrier@c21nm.com,C21nm,HarrisHomes4u.com,+17033177528,N/A,Warrenton,VA,N/A,N/A,0,15,[],38803287,catchall,N/A,421e157ba2ba9ec71fea915477b22b8c,N/A,N/A,85%,Building Construction-general Contractors and Operative Builders,https://facebook.com/c21nm,https://linkedin.com/company/c21nm,https://twitter.com/c21nm,https://instagram.com/century21nm,N/A
Jason Warren,Jason,Warren,Vice President,jason@dfwservicesllc.com,Dfw Services,dfwservicesllc.com,+19724954400,6309 Industrial Drive Sachse TX 75048,Sachse,TX,"=""75048""",30,5700128,15,[],44599353,catchall,N/A,3db34270c9cf8b3896a384d7af9cc2f0,N/A,N/A,85%,Building Construction-general Contractors and Operative Builders,N/A,N/A,N/A,N/A,N/A
Jason Knight,Jason,Knight,Director of Operations,jason.knight@hcscando.com,Human Capital Strategies,hcscando.com,(480) 962-1580,N/A,Mesa,AZ,N/A,30,6000000,15,[],45905086,catchall,N/A,dbe5d944cf0663b1323f295f1a8ecc1b,N/A,N/A,85%,Building Construction-general Contractors and Operative Builders,N/A,N/A,N/A,N/A,N/A
Jason Vaughan,Jason,Vaughan,Vice President,jason@nationalpools.com,National Pools,nationalpools.com,+15403457665,"3112 Melrose Ave. Roanoke, VA",Roanoke,VA,N/A,N/A,2946240,15,"[""Apache"",""Google Font API"",""Google Maps"",""Google Tag Manager"",""Modernizr"",""Snap.svg"",""Twitter Emoji (Twemoji)"",""WordPress"",""jQuery"",""jQuery Migrate""]",36364984,catchall,11/6/2023,c8bddf5c388129aa6e623ba48d29acdb,N/A,N/A,85%,Building Construction-general Contractors and Operative Builders,https://facebook.com/nationalpoolsroanoke,N/A,N/A,N/A,N/A
Jay Golden,Jay,Golden,Vice President,jay@goldwal.com,Goldwal,goldwal.com,+13606991227,"3107 NE 65th St. STE C Vancouver WA 98663PO Box 65268, Vancouver, WA 98665",Vancouver,WA,"=""98665""",N/A,2336400,15,"[""AngularJS"",""Bootstrap"",""Google Font API"",""Kendo UI"",""Microsoft ASP.NET"",""TinyMCE"",""jQuery"",""jQuery UI""]",37844681,catchall,N/A,2a6206be23936e806f933e890d1c4e8b,N/A,N/A,85%,Building Construction-general Contractors and Operative Builders,https://facebook.com/goldwal.construction,N/A,N/A,N/A,N/A
John Basco,John,Basco,Director of Field Operations,jbasco@fairwayconstruction.net,Way,fairwayconstruction.net,+15734432021,"106 East 6th Street, Suite 842 Austin, Texas 78701",Gadsden,AL,"=""78701""",N/A,0,15,"[""Google Analytics"",""Google Font API"",""Gravity Forms"",""Nginx"",""OWL Carousel"",""Revslider"",""WP Engine"",""WordPress"",""jQuery"",""jQuery Migrate"",""reCAPTCHA""]",38165268,valid,11/6/2023,0b90b57c81366c197656dbb210e61732,N/A,N/A,97%,Building Construction-general Contractors and Operative Builders,N/A,N/A,N/A,N/A,https://youtube.com/channel/uc4lclj0hwm-lf5gjkj3ecdg/playlists
Jeffrey Bitzer,Jeffrey,Bitzer,Vice President Operations,jbitzer@coronadocoal.com,Coronado Coal,coronadocoal.com,N/A,N/A,Wilton,CT,N/A,30,7000000,10,"[""Apache"",""Google Analytics"",""Google Font API"",""PHP"",""Slick"",""Twitter Emoji (Twemoji)"",""Typekit"",""WordPress"",""jQuery""]",39015246,catchall,N/A,a995f7dc24985d3131bb55510b49864a,N/A,N/A,85%,Metal Mining,N/A,N/A,N/A,N/A,N/A
John Brodie,John,Brodie,Vice President Technology,jbrodie@rubiconminerals.com,Rubicon Minerals,rubiconminerals.com,+16046619400,N/A,unknown city,unknown state,N/A,75,4400000,10,"[""FancyBox"",""Google Analytics"",""Google Font API"",""Microsoft ASP.NET"",""Moment.js"",""Mustache"",""New Relic"",""RequireJS"",""jQuery"",""jQuery UI""]",37856494,catchall,N/A,073a3e3b39feae08dfdd988ecaf97bc1,N/A,N/A,85%,Metal Mining,N/A,N/A,N/A,N/A,N/A
James Bromley,James,Bromley,Executive Vice President Head of Operations,jbromley@americannatural.com,American Natural,americannatural.com,+14124899981,N/A,New York,NY,N/A,30,7000000,13,"[""Apache"",""CloudFlare"",""Facebook"",""Google Analytics"",""HubSpot"",""Matomo"",""OWL Carousel"",""PHP"",""Twitter Emoji (Twemoji)"",""WordPress"",""jQuery"",""jQuery Migrate""]",43656450,catchall,3/2/2023,845baabd553c6b4c58a935742da71bc5,N/A,N/A,85%,Oil and Gas Extraction,https://facebook.com/americannatural,N/A,https://twitter.com/anfuelforward,https://instagram.com/american_natural,N/A
Jim Burge,Jim,Burge,Vice President,jburge@oliverfps.com,Oliver,oliverfps.com,+19088325111,"501 Feheley Drive King of Prussia, PA 19406",King of Prussia,PA,"=""19406""",125,0,15,"[""Apache Traffic Server"",""Backbone.js"",""Bootstrap"",""Font Awesome"",""Google Analytics"",""Google Font API"",""MediaElement.js"",""Modernizr"",""Twitter Emoji (Twemoji)"",""Underscore.js"",""WordPress"",""animate.css"",""jQuery"",""jQuery Migrate"",""jQuery UI"",""prettyPhoto""]",38270617,catchall,N/A,637423150ad25ad54fb7efd71c684256,N/A,N/A,85%,Building Construction-general Contractors and Operative Builders,N/A,https://linkedin.com/company/2815994,N/A,N/A,N/A
Jonathan Chiaro,Jonathan,Chiaro,Executive Vice President,jchiaro@loconsolo.com,Loconsolo Paints,loconsolo.com,+17183846595,"2211 Avenue U, Brooklyn NY2660 Coney Island Avenue, Brooklyn NY2660 Coney Island Avenue Brooklyn, New York 11223371 Graham Avenue, Brooklyn NY",Brooklyn,NY,N/A,30,7000000,15,[],36378611,catchall,N/A,8658813740343baad80f169697b8f827,N/A,N/A,85%,Building Construction-general Contractors and Operative Builders,https://facebook.com/loconsolopaint,https://linkedin.com/company/loconsolo-paints,N/A,N/A,N/A
Judy Cotter,Judy,Cotter,Director of Finance and Administration,j.cotter@forteone.com,Fortone,forteone.com,+18472919955,"500 Skokie Blvd, Suite 515 Northbrook, IL 60062",Northbrook,IL,"=""60062""",30,3000000,15,"[""Lodash"",""Polyfill"",""React"",""RequireJS"",""Wix"",""Zepto""]",37211948,catchall,11/6/2023,ba03fc397b5ec0fc744aad632325c96c,N/A,N/A,85%,Building Construction-general Contractors and Operative Builders,N/A,https://linkedin.com/company/forteone,https://twitter.com/forteone,N/A,N/A
Justen Decker,Justen,Decker,Vice President,jdecker@baker-electric.com,Baker Electric,baker-electric.com,+17607453610,"2120 Harmony Grove Road Escondido, CA 920292140 Enterprise Street Escondido, CA 92029",Escondido,CA,"=""92029""",750,300000000,15,"[""Bootstrap"",""CloudFlare"",""Drupal"",""Facebook"",""Font Awesome"",""Google Analytics"",""Google Font API"",""Google Tag Manager"",""Nginx"",""Pantheon"",""Slick"",""Underscore.js"",""Varnish"",""YouTube"",""jQuery""]",36934798,catchall,2/28/2021,3cfd2613144c7a25dd254b08648dc6cc,N/A,N/A,85%,Building Construction-general Contractors and Operative Builders,https://facebook.com/bakerelectricinc,https://linkedin.com/company/baker-electric/life/,https://twitter.com/baker_electric,https://instagram.com/baker_electric,https://youtube.com/channel/uc2gtc94mehblv7zncfcdq4a/featured
John Diaz,John,Diaz,Director of Finance and Accounting,jdiaz@aragonconstruction.com,Aragon Construction,aragonconstruction.com,+19096212200,"5440 Arrow Hwy. Montclair, CA 917635440 Arrow Hwy Montclair, CA 91763",Montclair,CA,"=""91763""",125,0,15,"[""Font Awesome"",""Gentoo"",""Google Analytics"",""Google Font API"",""MediaElement.js"",""Modernizr"",""OpenResty"",""PHP"",""Twitter Emoji (Twemoji)"",""WordPress"",""animate.css"",""jQuery"",""jQuery Migrate""]",37596881,catchall,5/14/2024,fa5121ead94406de48a719dc33799411,N/A,N/A,85%,Building Construction-general Contractors and Operative Builders,N/A,N/A,N/A,N/A,N/A
Jerry Dickson,Jerry,Dickson,Vice President,jdickson@crdnofva.com,Crdn,crdnofva.com,+18886623269,"1104 N. Parham Road Richmond, VA 23229",Richmond,VA,"=""23229""",30,5700128,22,"[""DreamWeaver"",""Nginx""]",37845833,catchall,10/25/2021,603ac2d76a6c3149790d8ef379c520a4,N/A,N/A,85%,Textile Mill Products,N/A,N/A,N/A,N/A,N/A
Jeanne Doyle,Jeanne,Doyle,VP of Marketing At George P. Johnson Experience Marketing,jdoyle@gpjco.com,George P. Johnson,gpjco.com,+12484752500,"135 5th Avenue South Franklin, TN 37064",North Easton,MA,"=""37064""",125,21829500,15,[],38074693,valid,5/15/2024,1a3df2e35e0709f5a499583a94e47672,N/A,N/A,97%,Building Construction-general Contractors and Operative Builders,https://facebook.com/experiencegpj,https://linkedin.com/company/george-p-johnson,https://twitter.com/gpjexpmktg,https://instagram.com/gpjexperiencemarketing,https://youtube.com/user/georgepjohnson
Jeannie Sigler,Jeannie,Sigler,Vice President,jeannie@xtremeexteriors.com,Xtreme Exteriors,xtremeexteriors.com,+17634411699,"7722 289th Avenue NE,",Rockaway,NJ,N/A,5,15000000,15,"[""Apache"",""Google Analytics"",""Google Font API"",""Twitter Emoji (Twemoji)"",""WordPress"",""Yoast SEO"",""jQuery"",""jQuery Migrate""]",36432704,catchall,9/21/2023,0ff85a16aeea5086a97d84b1ad54a2df,N/A,N/A,85%,Building Construction-general Contractors and Operative Builders,N/A,N/A,N/A,N/A,N/A
Jeff Hetherington,Jeff,Hetherington,Is Executive Vice President of Operations,jeff.hetherington@c21nm.com,C21nm,HarrisHomes4u.com,+17033177528,N/A,Warrenton,VA,N/A,N/A,0,15,[],38803284,valid,11/6/2023,6d46f8bfdfd944576984179abf6a7cab,N/A,N/A,97%,Building Construction-general Contractors and Operative Builders,https://facebook.com/c21nm,https://linkedin.com/company/c21nm,https://twitter.com/c21nm,https://instagram.com/century21nm,N/A
Jeff Loughboro,Jeff,Loughboro,Vice President Engineering and Operations,jeff@lomasci.com,Loma Scientific,lomasci.com,+13105398655,"3115 Kashiwa Street, Torrance, CA 90505 USA3115 Kashiwa Street Torrance, CA 90505 USA",Torrance,CA,N/A,30,3201000,15,[],37794755,catchall,N/A,e5b66aff44f12535c33e6196fac967ae,N/A,N/A,85%,Building Construction-general Contractors and Operative Builders,N/A,N/A,N/A,N/A,N/A
Jeff Collins,Jeff,Collins,Vice President,jeff@milherst.com,Milherst Construction,milherst.com,+17166889562,"10025 County Road Clarence Center, NY 14032",Getzville,NY,"=""14032""",30,8316000,15,[],38480735,catchall,N/A,386d6e5274521d2e276a6eeda9b16e34,N/A,N/A,85%,Building Construction-general Contractors and Operative Builders,N/A,N/A,N/A,N/A,N/A
Jeff Phillips,Jeff,Phillips,VP Sales and Marketing,jeff.phillips@grtrubber.com,"Grt Rubber Technologies, Llc.",grtrubber.com,+18172667001,N/A,Paragould,AR,N/A,125,0,15,"[""Apache"",""Google Analytics"",""Google Font API"",""Twitter Emoji (Twemoji)"",""UNIX"",""WordPress"",""jQuery"",""jQuery Migrate""]",40546856,valid,12/31/2023,63805e2e982bfdad01cf3a9865735277,N/A,N/A,97%,Building Construction-general Contractors and Operative Builders,N/A,N/A,N/A,N/A,N/A
Jennifer Kelly,Jennifer,Kelly,Director of Sales/marketing,jennifer@barkercanady.com,Barker & Canady Custom Homes,barkercanady.com,+19105092015,"2005 Eastwood Road, Suite 201 Wilmington, NC 28403",Wilmington,NC,"=""28403""",N/A,0,15,"[""Amazon ELB"",""Apache"",""Bootstrap"",""CloudFlare"",""Crazy Egg"",""Google Analytics"",""Google Font API"",""jQuery""]",39521501,valid,5/15/2024,8b8e86378edb0743b358ae31f31ae6bf,N/A,N/A,97%,Building Construction-general Contractors and Operative Builders,https://facebook.com/pages/barker-canady-custom-homes/151810048176845,N/A,N/A,https://instagram.com/barkercanadycustomhomes,N/A
Jennifer Kronebusch,Jennifer,Kronebusch,Chief Operating Officer / Partner,jennifer@waterextractionteam.com,Water Extraction Team,waterextractionteam.com,+13032328888,"6340 W. 56th Ave, Unit 1 Arvada, CO 80002",Arvada,CO,"=""80002""",N/A,0,15,"[""Apache"",""Bootstrap"",""Font Awesome"",""Google Font API"",""Modernizr"",""OWL Carousel"",""PHP"",""Twitter Emoji (Twemoji)"",""WordPress"",""jQuery"",""jQuery Migrate""]",44421570,catchall,N/A,e29b87e326de59bc92a50b45596a85e4,N/A,N/A,85%,Building Construction-general Contractors and Operative Builders,https://facebook.com/waterextractionteam,N/A,https://twitter.com/wetwaterextteam#,N/A,N/A
Jenny Sullivan,Jenny,Sullivan,Vice President,jenny@lacefielddesigns.com,Lacefield Designs,lacefielddesigns.com,+17278983314,"Suite 104 Atlanta, GA 30339",Atlanta,GA,"=""30339""",30,6000000,22,"[""Google Analytics"",""Gravity Forms"",""Sucuri"",""WooCommerce"",""WordPress"",""Yoast SEO"",""jQuery"",""jQuery Migrate"",""reCAPTCHA""]",38838013,catchall,N/A,2603ffa9454d75cce986db0b15b8b848,N/A,N/A,85%,Textile Mill Products,https://facebook.com/pages/lacefield-designs/181324808554225,N/A,N/A,https://instagram.com/lacefielddesigns_,N/A
Jeremy Hill,Jeremy,Hill,Senior Director of Operations,jeremy.hill@roofconnect.com,Roofconnect,roofconnect.com,+18779425613,N/A,Sheridan,AR,N/A,125,50000000,15,"[""Act-On"",""Elementor"",""Font Awesome"",""Google Analytics"",""Google Font API"",""Lightbox"",""Nginx"",""Twitter Emoji (Twemoji)"",""WordPress"",""YouTube"",""jQuery"",""jQuery Migrate""]",36979814,catchall,11/6/2023,994ade9874288fdea35bbdb15348c4dd,N/A,N/A,85%,Building Construction-general Contractors and Operative Builders,https://facebook.com/roofconnect,https://linkedin.com/company/roofconnect,https://twitter.com/roofconnect,N/A,N/A
Jeremy Leach,Jeremy,Leach,Senior Vice President and Group General Counsel,jeremy.leach@constellium.com,Constellium,constellium.com,+14434207860,N/A,Detroit,MI,N/A,3000,5100000000,10,"[""Apache"",""Chart.js"",""Drupal"",""Google Analytics"",""Google Tag Manager"",""Handlebars"",""TweenMax"",""jQuery""]",43908510,catchall,N/A,d35f3360183db04016113edb1e889966,N/A,N/A,85%,Metal Mining,https://facebook.com/constellium,https://linkedin.com/company/2249972,https://twitter.com/constellium,https://instagram.com/constellium,https://youtube.com/user/constellium
Jeremy Chapman,Jeremy,Chapman,"Principal, VP",jeremy@woodlandframing.com,Woodlandframing.com 3000000,woodlandframing.com,+17028734377,"4480 WestNevso Drive Las Vegas, Nevada 891034480 West Nevso Drive Las Vegas, Nevada 89103",Las Vegas,NV,"=""89103""",N/A,15000000,15,"[""jQuery""]",39492021,valid,11/6/2023,7be048b5f210da3d1bc1ecdb920e5f62,N/A,N/A,97%,Building Construction-general Contractors and Operative Builders,N/A,N/A,N/A,N/A,N/A
Jerry Rasberry,Jerry,Rasberry,– Operations Director,jerry@commercialtradesource.com,Commercial Trade Source,commercialtradesource.com,+15138989480,"50 Abele Road Suite 1002 Bridgeville, PA 15017",Indianapolis,IN,"=""15017""",125,35000000,15,"[""Bootstrap"",""Font Awesome"",""Google Analytics"",""Google Font API"",""Gravity Forms"",""IIS"",""Lodash"",""Moment.js"",""PHP"",""React"",""Select2"",""Twitter Emoji (Twemoji)"",""WordPress"",""Yoast SEO"",""YouTube"",""animate.css"",""jQuery"",""jQuery Migrate"",""jQuery UI""]",39811942,valid,11/6/2023,82f8c6fd0ee7d02746558f6b873032d8,N/A,N/A,97%,Building Construction-general Contractors and Operative Builders,https://facebook.com/commercialtradesource/,https://linkedin.com/company/2201936,https://twitter.com/commtradesource,N/A,N/A
Jerry Fox,Jerry,Fox,Vice President/founder,jerry@foxceramictile.com,Fox Ceramic Tile,foxceramictile.com,+17854372792,Commercial Tile Contractor | St Marys KS,Saint Marys,KS,N/A,N/A,0,15,"[""Apache"",""Bootstrap"",""Chart.js"",""Google Analytics"",""Google Font API"",""Google Tag Manager"",""Lightbox"",""Modernizr"",""Revslider"",""Twitter Emoji (Twemoji)"",""WordPress"",""Yoast SEO"",""jQuery"",""jQuery Migrate"",""reCAPTCHA""]",37486990,catchall,N/A,d817078910e6f710f0f7a18659360631,N/A,N/A,85%,Building Construction-general Contractors and Operative Builders,https://facebook.com/fox-ceramic-tile-2205635446414770,https://linkedin.com/company/fox-ceramic-tile,N/A,N/A,N/A
Jesse Reyer,Jesse,Reyer,Vice President,jesse.reyer@oregon-electric.com,Integrated Systems Group,oregon-electric.com,+15032885161,N/A,Portland,OR,N/A,5,1638653,15,[],46491199,catchall,11/6/2023,bed72ff28f399b0b06e342cad6091ad5,N/A,N/A,85%,Building Construction-general Contractors and Operative Builders,https://facebook.com/oegpoweron,https://linkedin.com/company/oregon-electric-group,https://twitter.com/oegpoweron,N/A,N/A
Jim Geddes,Jim,Geddes,Vice-president / Parts Manager,jgeddes@lucknowproducts.com,Lucknow Products,lucknowproducts.com,+19057754611,N/A,Williamsport,PA,N/A,5,93120000000,15,"[""Apache"",""Facebook"",""Google Analytics"",""Google Font API"",""Google Tag Manager"",""Slick"",""Ubuntu"",""jQuery""]",41618870,catchall,N/A,96f075aa760314c840911b92ad19b7f4,N/A,N/A,85%,Building Construction-general Contractors and Operative Builders,https://facebook.com/lucknow-products-248249592301446/,N/A,https://twitter.com/lucknowproducts,N/A,N/A
Jason Grace,Jason,Grace,Chief Operating Officer – Sandfire Resources Nl,jgrace@tintinaresources.com,Sandfire Resources America,tintinaresources.com,+14065473466,"(P.O. Box 431) White Sulphur Springs, MT",White Sulphur Springs,MT,N/A,30,6000000,10,"[""Google Analytics"",""Google Font API"",""Matomo"",""Modernizr"",""Nginx"",""PHP"",""UIKit"",""jQuery""]",46103877,catchall,N/A,486a70efb25f0fb0d198c863aa06cd4a,N/A,N/A,85%,Metal Mining,N/A,N/A,N/A,N/A,N/A
Joe Halsell,Joe,Halsell,Co-owner/ceo,jhalsell@halsellbuilders.com,Halsell Builders,halsellbuilders.com,+18053108741,"3130 Skyway Drive, Suite 601 Santa Maria, CA3130 Skyway Drive, Suite 601 Santa Maria, CA 93455",Santa Maria,CA,"=""93455""",30,4555200,15,"[""CloudFlare"",""FancyBox"",""Google Analytics"",""Modernizr"",""Nginx"",""PHP"",""Slick"",""jQuery""]",36288561,catchall,6/22/2024,56dea995d9b62cfcd2edb0bed32f4c6d,N/A,N/A,85%,Building Construction-general Contractors and Operative Builders,N/A,N/A,N/A,N/A,N/A
Jim Chisholm,Jim,Chisholm,VP Latin America,jim.chisholm@sproule.com,Sproule,sproule.com,+14032945500,"Suite 110 Bakersfield, CA 93309",Sebring,FL,"=""93309""",5,15000000,15,"[""Font Awesome"",""Google Analytics"",""Google Tag Manager"",""Nginx"",""Slick"",""Twitter Emoji (Twemoji)"",""WooCommerce"",""WordPress"",""Yoast SEO"",""ZURB Foundation"",""jQuery"",""jQuery Migrate""]",45804159,valid,11/6/2023,2895dc7618c8e2e89925dc9c64a68b4d,N/A,N/A,97%,Building Construction-general Contractors and Operative Builders,N/A,https://linkedin.com/company/1086570,N/A,N/A,N/A
Jim Evans,Jim,Evans,"– Vice President, Corporate Services",jimevans@grantierra.com,Gran Tierra Energy,grantierra.com,+14032653221,N/A,unknown city,unknown state,N/A,750,289300000,13,"[""Bootstrap"",""FancyBox"",""Font Awesome"",""Google Analytics"",""Google Font API"",""Google Tag Manager"",""OpenResty"",""PHP"",""Slick"",""jQuery""]",43699900,catchall,3/2/2023,3421c88d1b5c14f81982c63429163dfd,N/A,N/A,85%,Oil and Gas Extraction,N/A,N/A,N/A,N/A,N/A
Jim Gwisdala,Jim,Gwisdala,Chief Operating Officer,jim.gwisdala@p3builds.com,P3 Builds,p3builds.com,+19729619391,"625 Digital Drive Ste. 500 Plano, TX 75075",Plano,TX,"=""75075""",5,15000000,15,"[""Apache"",""Google Font API"",""PHP"",""Twitter Emoji (Twemoji)"",""WordPress"",""jQuery"",""jQuery Migrate""]",36879217,valid,11/6/2023,680741285a2ccc9711d112f7123929b0,N/A,N/A,97%,Building Construction-general Contractors and Operative Builders,N/A,N/A,N/A,N/A,N/A
Jim Mckeon,Jim,Mckeon,Area Vice President - East,jim.mckeon@interface.com,Interface,interface.com,N/A,N/A,Atlanta,GA,N/A,3000,1000000000,22,"[""Adobe DTM"",""Backbone.js"",""Dynatrace"",""Font Awesome"",""Google Analytics"",""Google Tag Manager"",""Java"",""Modernizr"",""ZURB Foundation"",""jQuery""]",36336535,catchall,10/10/2023,d16dfc0c1e17babd17624e357081bef2,N/A,N/A,85%,Textile Mill Products,N/A,N/A,N/A,N/A,N/A
Jim Nuti,Jim,Nuti,Vice President,jimn@DCIConst.com,Dci Construction,DCIConst.com,+19254641570,N/A,San Francisco,CA,N/A,30,5700128,15,"[""All in One SEO Pack"",""Apache"",""Bootstrap"",""Font Awesome"",""Google Font API"",""Google Maps"",""Modernizr"",""OWL Carousel"",""Ubuntu"",""WordPress"",""animate.css"",""jQuery"",""jQuery Migrate"",""jQuery UI""]",36635516,catchall,N/A,bf2af7f650dd7eafbf0955d0779712de,N/A,N/A,85%,Building Construction-general Contractors and Operative Builders,https://facebook.com/dciconstruction,https://linkedin.com/company/dci-construction-inc,N/A,N/A,N/A
Jim May,Jim,May,Vice President of Sales and Marketing,jim@pandel.com,Pandel,pandel.com,+18005373868,"21 River Drive, Cartersville, GA. 30120",Pascagoula,MS,"=""30120""",5,5992500,16,"[""Apache""]",43934608,catchall,12/31/2023,0e763696594dd307995d19d519c3375c,N/A,N/A,85%,Heavy Construction Other Than Building Construction-contractors,N/A,N/A,N/A,N/A,N/A
Jim Reed,Jim,Reed,Vice President,jim@qwestelectricllc.com,Qwest Electric,qwestelectricllc.com,+17046623900,105 Performance Rd Mooresville NC 28115,Green Bay,WI,"=""28115""",N/A,2719200,15,"[""Apache"",""Bootstrap"",""Chart.js"",""Google Font API"",""Google Maps"",""Modernizr"",""Revslider"",""Twitter Emoji (Twemoji)"",""WordPress"",""jQuery"",""jQuery Migrate""]",36874708,catchall,N/A,2141c650cb20cf176a127a0c0a941153,N/A,N/A,85%,Building Construction-general Contractors and Operative Builders,https://facebook.com/pages/themefusion/101565403356430,N/A,https://twitter.com/theme_fusion,N/A,https://youtube.com/channel/uc_c7uaoah9rmzzs-ckcz62w
Jim Todd,Jim,Todd,Chief Financial Officer,jim.todd@materialsciencescorp.com,Material Sciences,materialsciencescorp.com,+18558640910,"4407 Railroad Avenue East Chicago, IN 46312",Youngstown,OH,"=""46312""",300,75000000,10,"[""Apache"",""Bootstrap"",""Crazy Egg"",""Google Font API"",""Google Maps"",""Google Tag Manager"",""PHP"",""Twitter Emoji (Twemoji)"",""WordPress"",""Yoast SEO"",""jQuery"",""jQuery Migrate""]",37033384,catchall,5/15/2023,483eab052b677f5587ea1e806a78fc16,N/A,N/A,85%,Metal Mining,N/A,https://linkedin.com/company/material-sciences-corporation,N/A,N/A,https://youtube.com/channel/uci8cay3e3letjao__5yywvw
Jessie Kaffai,Jessie,Kaffai,VP Operations,jkaffai@GroundMetrics.com,Groundmetrics,GroundMetrics.com,+16197868023,"Suite D207 San Diego, CA 92123",San Diego,CA,"=""92123""",30,5700128,13,[],40866290,catchall,N/A,35dd3d0122a31dbcdc4086b0020bc871,N/A,N/A,85%,Oil and Gas Extraction,https://facebook.com/groundmetrics,https://linkedin.com/company/groundmetrics-inc,https://twitter.com/groundmetrics,N/A,https://youtube.com/channel/uc7t6zt_wovldmdar4f5tiba
John Kwartnik,John,Kwartnik,VP Business Development,jkwartnik@adedoors.com,Automatic Door Enterprises,adedoors.com,+18004922392,N/A,unknown city,unknown state,N/A,30,0,15,[],43288003,catchall,N/A,7ce61008cf382829a0bae740d0af5978,N/A,N/A,85%,Building Construction-general Contractors and Operative Builders,N/A,N/A,N/A,N/A,N/A
Justin Laribee,Justin,Laribee,VP Operations,jlaribee@geoguidancedrilling.com,Geoguidance Drilling Services,geoguidancedrilling.com,+12816716922,"901 Tower Way, Suite 207, Bakersfield, CA 93309120 Old Yard Rd., Bakersfield, CA 93307P.O. Box 42647 Bakersfield, California 93384",Bakersfield,CA,"=""93384""",125,0,13,"[""Cufon"",""Google Font API"",""LiteSpeed"",""jQuery""]",43474291,catchall,3/2/2023,0968cf11405622c6548befb9b97ba4f5,N/A,N/A,85%,Oil and Gas Extraction,N/A,N/A,N/A,N/A,N/A
James Madewell,James,Madewell,Vice President,jmadewell@madewellkitchens.com,Madewell Kitchens,madewellkitchens.com,+17278561014,N/A,Hudson,FL,N/A,30,1928640,24,"[""Microsoft ASP.NET""]",43754022,valid,1/24/2024,2e0c0a658e893a8aa572962a1583a97b,N/A,N/A,97%,Lumber and Wood Products: except Furniture,N/A,N/A,N/A,N/A,N/A
John Moody,John,Moody,Vice President,jmoody@itac-net.com,Itac,itac-net.com,+18044141177,"Suite 800 Raleigh, North Carolina",Apex,NC,N/A,5,16684000,15,"[""Google Analytics"",""Google Font API"",""Google Tag Manager"",""Pardot"",""Slick"",""Sucuri"",""Twitter Emoji (Twemoji)"",""WordPress"",""Yoast SEO"",""jQuery"",""jQuery Migrate""]",36397125,valid,11/6/2023,81157a479858217e0b4d66ee3cc1e014,N/A,N/A,97%,Building Construction-general Contractors and Operative Builders,https://facebook.com/itacfamily,https://linkedin.com/company/itacfamily,N/A,N/A,N/A
Joe Murphy,Joe,Murphy,Director of Sales,jmurphy@rmlucas.com,Rm Lucas,rmlucas.com,+18436076990,"44 N. 45th Ave. Phoenix, AZ 85043",unknown city,unknown state,"=""85043""",5,1638653,15,"[""Apache Traffic Server"",""Backbone.js"",""DreamWeaver"",""Lightbox"",""Twitter Emoji (Twemoji)"",""Underscore.js"",""WordPress"",""jQuery"",""jQuery Migrate"",""jQuery UI""]",39319469,valid,5/15/2024,c7e4b3baa8c8ef7501d80d843ab8eafc,N/A,N/A,97%,Building Construction-general Contractors and Operative Builders,N/A,N/A,N/A,N/A,N/A
Jim Nelson,Jim,Nelson,Director of Construction Operations,jnelson@davidsbrown.com,David S Brown,davidsbrown.com,+14105812454,"Began construction on St Charles at Old Court Apartments which today has over 600 apartments in Pikesville, Maryland.",Warner Robins,GA,N/A,30,25000000,16,"[""Apache"",""Flickity"",""Font Awesome"",""Google Analytics"",""Google Maps"",""Google Tag Manager"",""TweenMax"",""Twitter Emoji (Twemoji)"",""WordPress"",""jQuery"",""jQuery UI""]",43146955,catchall,N/A,c9cbc8bd70155bdfd37dabc934b680d1,N/A,N/A,85%,Heavy Construction Other Than Building Construction-contractors,https://facebook.com/davidsbrownenterprises,https://linkedin.com/company/david-s.-brown-enterprises-ltd,https://twitter.com/davidsbrown1933,https://instagram.com/davidsbrownproperties,N/A
Jodi Huss,Jodi,Huss,Vice President,jodi@jonhuss.com,Jon Huss Custom Homes Incvirtualtech,jonhuss.com,+19206800477,"N. 2335 W. Frontage Road, Kaukauna, WI",Appleton,WI,N/A,N/A,0,15,"[""Bootstrap"",""Font Awesome"",""Google Analytics"",""Lightbox"",""Nginx"",""OWL Carousel"",""Plesk"",""animate.css"",""jQuery""]",43474333,valid,5/15/2024,90c7196fb1d973547b9bb61cf0f0f04c,N/A,N/A,97%,Building Construction-general Contractors and Operative Builders,https://facebook.com/jonhusscustomhomesinc,N/A,N/A,N/A,N/A
Joel Hauer,Joel,Hauer,Global Director Conference Sales Pensions,joel@hauerconstruction.com,Hauer Construction,hauerconstruction.com,+16514724772,"Hauer Construction Inc. St. Paul, MN",Saint Paul,MN,N/A,N/A,15000000,15,"[""Gentoo"",""OpenResty"",""PHP"",""jQuery""]",36383868,catchall,11/29/2023,b4b94d4a729bb9cf7f5730217c93d882,N/A,N/A,85%,Building Construction-general Contractors and Operative Builders,https://facebook.com/hauer-construction-inc-367716907454,N/A,N/A,N/A,N/A
Joel Stevans,Joel,Stevans,VP &amp; Chief Clinical Officer,joel@stevansinc.com,Stevans,stevansinc.com,+18009669760,N/A,Fenton,MO,N/A,N/A,0,15,"[""Bootstrap"",""Hammer.js"",""LiteSpeed"",""NextGEN Gallery"",""PHP"",""Twitter Emoji (Twemoji)"",""WordPress"",""jQuery"",""jQuery Migrate"",""reCAPTCHA"",""Litespeed Cache""]",42257794,catchall,N/A,82a49d54bef30656acdda2221cb91d5b,N/A,N/A,85%,Building Construction-general Contractors and Operative Builders,N/A,N/A,N/A,N/A,N/A
John Caldwell,John,Caldwell,Executive Vice President – Commercial Operations,john.caldwell@cpenergy.com,Cp Energy,cpenergy.com,+12818880328,"317 Lilac Drive, Suite 200 Edmond, OK 73034",unknown city,unknown state,"=""73034""",75,9500213,13,"[""Drupal"",""Google Analytics"",""Google Font API"",""Nginx"",""PHP"",""TweenMax"",""jQuery""]",46604293,catchall,3/2/2023,81ad27ba5691f65dc58383297083a423,N/A,N/A,85%,Oil and Gas Extraction,N/A,N/A,N/A,N/A,N/A
John Davies,John,Davies,VP Operations - Asia,john.davies@majordrilling.com,Major Drilling Group,majordrilling.com,+18019740645,N/A,Salt Lake City,UT,N/A,750,209900000,10,"[""Chart.js"",""Font Awesome"",""Google Analytics"",""Google Font API"",""MediaElement.js"",""Modernizr"",""Nginx"",""Raphael"",""Revslider"",""Select2"",""Twitter Emoji (Twemoji)"",""WP Engine"",""WordPress"",""Yoast SEO"",""jQuery"",""jQuery Migrate"",""jQuery UI""]",41843517,catchall,N/A,6fa6177e577103dc60817d390b0b18da,N/A,N/A,85%,Metal Mining,https://facebook.com/majordrilling,https://linkedin.com/company/major-drilling-international-inc.,https://twitter.com/majordrilling,https://instagram.com/majordrilling,https://youtube.com/channel/uciosve088zy2kimq0qgmibw
John English Vice,John,Vice,Vice President,johne@lcelectricinc.com,Lc Electric,lcelectricinc.com,+18136852229,"5695 Beggs Road, Suite B Orlando, FL 32810",Mount Carmel,PA,"=""32810""",N/A,0,15,"[""Apache"",""Font Awesome"",""Google Font API"",""Twitter Emoji (Twemoji)"",""WordPress"",""jQuery"",""jQuery Migrate"",""prettyPhoto""]",36471518,catchall,N/A,775b81628ba8fa8e0ed84560b8d35c96,N/A,N/A,85%,Building Construction-general Contractors and Operative Builders,N/A,N/A,N/A,N/A,N/A
John Friedberg,John,Friedberg,CEO,john@fjdevelopment.com,Fj Development,fjdevelopment.com,+18476773142,N/A,Skokie,IL,N/A,N/A,0,15,"[""Apache""]",37263514,valid,5/14/2024,75b7b62544ee72542a13e4afe569eb8b,N/A,N/A,97%,Building Construction-general Contractors and Operative Builders,https://facebook.com/pages/wickets-bar-grill/245649312122930,N/A,N/A,N/A,N/A
John Hahn,John,Hahn,CEO,johnhahn@chesapeakesiding.com,Chesapeake Siding Contractors,chesapeakesiding.com,+14437550720,"Chesapeake Siding Contractors, Inc./ 6655 Amberton Drive, Suite P/ Elkridge, Maryland 21075",Elkridge,MD,"=""21075""",N/A,0,15,"[""Nginx"",""jQuery""]",36254960,catchall,5/14/2024,50fc4c87045762116defef0ed6e952c4,N/A,N/A,85%,Building Construction-general Contractors and Operative Builders,N/A,N/A,N/A,N/A,N/A
John R Kraemer,John,Kraemer,Vice President,john@ironriverco.com,Iron River Construction,ironriverconstruction.com,+19522015591,N/A,Waconia,MN,N/A,N/A,0,15,[],42688354,catchall,N/A,7068ce31d89209b427f31ae7f729e00d,N/A,N/A,85%,Building Construction-general Contractors and Operative Builders,https://facebook.com/ironriverconstruction,https://linkedin.com/company/iron-river-construction,https://twitter.com/ironriverco,N/A,https://youtube.com/user/ironriverco
John Moore Vice,John,Vice,Vice President,johnm@lcelectricinc.com,Lc Electric,lcelectricinc.com,+18136852229,"5695 Beggs Road, Suite B Orlando, FL 32810",Mount Carmel,PA,"=""32810""",N/A,0,15,"[""Apache"",""Font Awesome"",""Google Font API"",""Twitter Emoji (Twemoji)"",""WordPress"",""jQuery"",""jQuery Migrate"",""prettyPhoto""]",36471527,valid,5/15/2024,1bcbc5e806a03a6756f021f98cd65ee6,N/A,N/A,97%,Building Construction-general Contractors and Operative Builders,N/A,N/A,N/A,N/A,N/A
John Stohlman,John,Stohlman,Managing Vice President,john@mvmincorporated.com,Mvm,mvmincorporated.com,+18773099861,"11997 Runyan Drive Cincinnati, OH 45241",Cincinnati,OH,"=""45241""",30,5700128,15,"[""Google Analytics"",""Microsoft ASP.NET"",""Plesk"",""jQuery""]",40952521,catchall,N/A,efa2961f681ccb39173a48cf9ef373b0,N/A,N/A,85%,Building Construction-general Contractors and Operative Builders,N/A,N/A,N/A,N/A,N/A
John Hanlin,John,Hanlin,Vice-president Global Food Safety -,john@nalcochampion.com,Ecolab,nalcochampion.com,+16512504724,"the Osborn Building in St. Paul, Minnesota",unknown city,unknown state,N/A,3000,371472581,13,"[""Bootstrap"",""Google Analytics"",""Google Tag Manager"",""IIS"",""Microsoft ASP.NET"",""Modernizr"",""RequireJS"",""Sitecore"",""jQuery"",""jQuery UI"",""reCAPTCHA""]",41211111,catchall,3/2/2023,b8a817a193897cf7c74f7598a3c82a57,N/A,N/A,85%,Oil and Gas Extraction,https://facebook.com/ecolab,https://linkedin.com/company/ecolab,https://twitter.com/ecolab,https://instagram.com/ecolab_inc,https://youtube.com/user/everywhereitmatters
John Oakes,John,Oakes,Sales Director,john.oakes@comfortresearch.com,Comfort Research,comfortresearch.com,+16162415458,"1719 Elizabeth Ave NW, Grand Rapids MI 495041719 Elizabeth Ave NW Grand Rapids, MI 495041719 Elizabeth Ave. NW Grand Rapids, MI 49504",Grand Rapids,MI,"=""49504""",5,893760,25,"[""Backbone.js"",""Bootstrap"",""Facebook"",""FancyBox"",""Font Awesome"",""Google Analytics"",""Google Font API"",""Google Maps"",""Google Plus"",""Google Tag Manager"",""Hammer.js"",""MediaElement.js"",""Modernizr"",""OWL Carousel"",""Revslider"",""Twitter Emoji (Twemoji)"",""Underscore.js"",""WordPress"",""jQuery"",""jQuery Migrate""]",37371083,catchall,N/A,b1d861f83485b8aba751c51bf9dde6f3,N/A,N/A,85%,Furniture and Fixtures,https://facebook.com/comfortresearch,https://linkedin.com/company/2081299,N/A,N/A,N/A
John Lovett,John,Lovett,Pres/ceo,john@silverstrandelectric.com,Silver Strand Electric,silverstrandelectric.com,+19044224200,N/A,Neptune Beach,FL,N/A,N/A,0,15,"[""Apache"",""Bootstrap"",""Font Awesome"",""VideoJS"",""animate.css"",""jQuery""]",36208504,catchall,5/14/2024,96cd50014f99ebacd14a43d9b6a4112c,N/A,N/A,85%,Building Construction-general Contractors and Operative Builders,https://facebook.com/sseinc,N/A,https://twitter.com/silverstrandele,N/A,N/A
John Wargofchik,John,Wargofchik,Vice President,johnw@kt-grantinc.com,Kt-grant,kt-grantinc.com,+15166266849,"14 Ormond Park Road Glen Head, NY 11545",Export,PA,"=""11545""",30,10000000,10,"[""Font Awesome"",""Google Font API"",""Modernizr"",""Nginx"",""TweenMax"",""Twitter Emoji (Twemoji)"",""WordPress"",""jQuery"",""jQuery Migrate""]",46359014,catchall,N/A,ad6f798495590550be7773280d8be0cd,N/A,N/A,85%,Metal Mining,N/A,https://linkedin.com/company/615973,N/A,N/A,N/A
Jonas Pond,Jonas,Pond,Vice President/co,jonasp@rivercitybuilders.com,River City Builders,rivercitybuilders.com,(512) 444-8152,N/A,West Lafayette,IN,N/A,5,0,15,"[""LiteSpeed""]",41056871,catchall,N/A,821813f454b02e6504726088858d6681,N/A,N/A,85%,Building Construction-general Contractors and Operative Builders,N/A,N/A,N/A,N/A,N/A
Reese Jones,Reese,Jones,VP Operations,jones@shearanything.com,Kinetic Pressure Control,shearanything.com,N/A,N/A,unknown city,unknown state,N/A,5,13000000,13,[],44216986,catchall,3/2/2023,a67880b718716d5bdf871f64626fd522,N/A,N/A,85%,Oil and Gas Extraction,N/A,N/A,N/A,N/A,N/A
Jones Vice,Jones,Vice,Vice President and Managing Director,jones.vice@amcol.com,Minerals,amcol.com,N/A,N/A,unknown city,unknown state,N/A,300,1000000000,10,"[""Google Analytics"",""Google Font API"",""Google Tag Manager"",""Microsoft ASP.NET"",""Sitefinity"",""jQuery"",""jQuery Migrate"",""jQuery UI""]",42343436,catchall,4/12/2022,e7980fed045d4b9863552cb718b15d1d,N/A,N/A,85%,Metal Mining,N/A,https://linkedin.com/company/minerals-technologies,N/A,N/A,N/A
Jonathan Jordan,Jonathan,Jordan,Vice President Operations,jon@jordanlumberco.com,Jordan Lumber,jordanlumberco.com,+18007502231,"354 Main Street, Kingfield, Maine 04947",Kingfield,ME,"=""04947""",5,9391200,15,[],42156338,catchall,N/A,4a8ce01083cff567a23fb5807b10cff1,N/A,N/A,85%,Building Construction-general Contractors and Operative Builders,N/A,N/A,N/A,N/A,N/A
Josie Hickel,Josie,Hickel,Executive Vice President,josie@apicc.org,Alaska Safety Alliance,apicc.org,+19077705250,"2600 Cordova Street, Suite 105 Anchorage, AK 995032600 Cordova Suite 105 Anchorage AK 99503",Anchorage,AK,"=""99503""",5,1638653,13,"[""Bootstrap"",""FancyBox"",""Google Tag Manager"",""Moment.js"",""WooCommerce"",""WordPress"",""jQuery"",""jQuery Migrate"",""reCAPTCHA"",""Litespeed Cache""]",38653159,catchall,3/2/2023,6a11a30c75d183f22c074d2cfef926b5,N/A,N/A,85%,Oil and Gas Extraction,https://facebook.com/alaskasafetyalliance,https://linkedin.com/company/apicc---alaska-process-industry-careers-consortium,https://twitter.com/aksafetya,https://instagram.com/alaskasafetyalliance,https://youtube.com/channel/ucgdpkgxovpjg-svpdo1r1wg
John Patterson,John,Patterson,Vice President,jpatterson@redpointeroofing.com,Red Pointe Roofing,redpointeroofing.com,+17146850010,"1814 N. Neville Street,Orange, CA 92865 714-685-0010",Orange,CA,"=""714-685-0010""",30,5700128,15,"[""Adobe DTM"",""Google Analytics"",""Squarespace"",""Typekit"",""YUI"",""jQuery"",""webpack""]",38229740,valid,6/22/2024,5e74630df36fbd047d2220a537a11b2d,N/A,N/A,97%,Building Construction-general Contractors and Operative Builders,https://facebook.com/redpointeroofing,https://linkedin.com/company/red-pointe-roofing,N/A,N/A,https://youtube.com/channel/ucgxvqcw0paelhotqv-bz7ra
Jeff Potter,Jeff,Potter,Director of Sales and Service,jpotter@uniquemtl.com,Arden Engineering Constructors Corporate,uniquemtl.com,+12035970227,"489 Narragansett Park Drive Pawtucket, RI 02861505 Narragansett Park Drive Pawtucket, RI 02861",Pawtucket,RI,"=""02861""",30,15000000,15,"[""All in One SEO Pack"",""Apache Traffic Server"",""CloudFlare"",""Google Analytics"",""Google Font API"",""HubSpot"",""Revslider"",""Twitter Emoji (Twemoji)"",""WordPress"",""YouTube"",""jQuery"",""jQuery Migrate"",""jQuery UI""]",36461032,valid,11/29/2023,4bd9402c7945ca26e0b94a1216422875,N/A,N/A,97%,Building Construction-general Contractors and Operative Builders,https://facebook.com/ardenbuildingcompanies,https://linkedin.com/company/arden-building-companies,https://twitter.com/arden_building,N/A,https://youtube.com/channel/uc7fb2dvecqwtjrygxka6vqg
Joe Ramirez,Joe,Ramirez,Vice President - Administration,jramirez@ramrocconstruction.com,Ramroc Construction,ramrocconstruction.com,+12102264828,N/A,San Antonio,TX,N/A,N/A,0,15,"[""AddThis"",""Google Font API"",""jQuery""]",38830234,valid,11/6/2023,82a35954787d5c969135ce072feace15,N/A,N/A,97%,Building Construction-general Contractors and Operative Builders,N/A,N/A,N/A,N/A,N/A
John Rando,John,Rando,Executive Vice President,jrando@sdcweb.org,Sdc,sdcweb.org,+12026380320,"321 W. 44th Street Suite 804 New York, NYThe Plant at 321 W. 44th Street in New York City",New York,NY,N/A,N/A,0,15,[],40025990,catchall,N/A,aa387b59be3dd4f3158bfdbd5ff5d2b5,N/A,N/A,85%,Building Construction-general Contractors and Operative Builders,https://facebook.com/292654549892,https://linkedin.com/company/stage-directors-and-choreographers-society-sdc-,https://twitter.com/sdcweb,https://instagram.com/sdc_union,N/A
Judith Redd,Judith,Redd,Vice President Marketing,jredd@greentrucks.com,Air Conditioning Service,greentrucks.com,+16158347336,N/A,Nashville,TN,N/A,30,0,15,[],37566665,catchall,12/31/2023,abbdf1cb224bf82ea914a17adce16216,N/A,N/A,85%,Building Construction-general Contractors and Operative Builders,N/A,N/A,N/A,N/A,N/A
Jeff Rupert,Jeff,Rupert,Vice President of Operations,jrupert@faziomechanical.com,Mechanical Contracting,faziomechanical.com,+12405753051,"950 Taylor Station Road Gahanna, OH 43230",Pittsburgh,PA,"=""43230""",N/A,0,15,"[""Apache"",""Bootstrap"",""Google Analytics"",""Google Font API"",""Lightbox"",""PHP"",""Twitter Emoji (Twemoji)"",""WordPress"",""Yoast SEO"",""jQuery"",""jQuery Migrate"",""jQuery UI""]",36973108,catchall,11/6/2023,81574fe07e76e915743fe1bae72c56fe,N/A,N/A,85%,Building Construction-general Contractors and Operative Builders,N/A,N/A,N/A,N/A,N/A
John Sackett,John,Sackett,Senior Vice President and Chief Technology Officer,jsackett@arcnuclear.com,Advanced Reactor Concepts,arcnuclear.com,N/A,"Suite 700, Chevy Chase, MD",unknown city,unknown state,N/A,5,1638653,13,"[""Apache"",""Google Font API"",""jQuery""]",36968999,catchall,N/A,49323f105af8700cec70f28ab036f86c,N/A,N/A,85%,Oil and Gas Extraction,N/A,N/A,N/A,N/A,N/A
Javier Sauceda,Javier,Sauceda,"Director, Sales Engineering",j.sauceda@premiercoil.com,Premier Coil,premiercoil.com,+17136770209,"PO Box 1909 Waller, TX 77484",Waller,TX,"=""77484""",125,13000000,13,"[""Apache"",""Google Analytics"",""jQuery""]",37946504,valid,7/28/2023,395179ac380a02a9dfccff38da03be96,N/A,N/A,97%,Oil and Gas Extraction,https://facebook.com/premiercoil,https://linkedin.com/company/premier-coil-solutions,N/A,N/A,https://youtube.com/channel/ucrn6umy4zqymqkqh0lfgxwa
John Schroeter,John,Schroeter,CEO,jschroeter@applied-textiles.com,Applied Textiles,applied-textiles.com,+16162816100,"555 76th St SW Byron Center, MI 49315",Grand Rapids,MI,"=""49315""",75,9500213,22,"[""Google Analytics"",""Google Tag Manager"",""Gravity Forms"",""Nginx"",""WP Engine"",""WordPress"",""Yoast SEO"",""jQuery"",""jQuery Migrate""]",36602608,catchall,5/14/2024,eb3730aedbc87234fc9f9bb08e1a512b,N/A,N/A,85%,Textile Mill Products,https://facebook.com/appliedt,N/A,N/A,https://instagram.com/appliedtextiles,N/A
John Simmons,John,Simmons,Chief Operating Officer,jsimmons@simmonsequip.com,Simmons Equipment,simmonsequip.com,+12762262396,"P.O. Box 719 Pounding Mill, VA 24637",Cedar Bluff,VA,"=""24637""",N/A,0,10,"[""Font Awesome"",""Google Analytics"",""Google Font API"",""Nginx"",""Plesk"",""Twitter Emoji (Twemoji)"",""WordPress"",""Yoast SEO"",""jQuery"",""jQuery Migrate""]",37608265,catchall,N/A,2f45cd4f84113dc25f2bd290ed1b89c5,N/A,N/A,85%,Metal Mining,https://facebook.com/simmonsequipment,https://linkedin.com/company/simmons-equipment-company,https://twitter.com/simmonsequipme1,https://instagram.com/simmons_equipment,N/A
Jeffrey Sitkin,Jeffrey,Sitkin,Chief Operating Officer,jsitkin@opm-llc.com,Opm-llc.com-&nbspthis,opm-llc.com,N/A,N/A,unknown city,unknown state,N/A,125,10000000,10,"[""Nginx"",""jQuery""]",37057930,catchall,N/A,41bd339d8d6c256c8e4f99c42376e145,N/A,N/A,85%,Metal Mining,N/A,N/A,N/A,N/A,N/A
Justin W. Smith,Justin,Smith,"Vice President, Business Development ...",jsmith@atomiccapital.com,Atomic Capital,atomiccapital.com,+17133337500,"Suite 1185 Houston, Texas 770192777 Allen Parkway, Suite 1185 | Houston, Texas 77019 | P: (713)333-7500",Houston,TX,"=""(713)333-7500""",30,5700128,13,"[""Apache"",""Bootstrap"",""FlexSlider"",""Google Analytics"",""jQuery"",""prettyPhoto""]",42324097,catchall,3/2/2023,4f8525feddc74b72b15de711702a7e86,N/A,N/A,85%,Oil and Gas Extraction,N/A,N/A,N/A,N/A,N/A
Jack Whitman,Jack,Whitman,Vice President & General Manager,jswhitman@edgeboro.com,Edgeboro International Incphone,edgeboro.com,+17322271329,"P.O. Box 520 Milltown, NJ 08850149 South Main Street Milltown, NJ 08850",Milltown,NJ,"=""08850""",30,15000000,15,"[""Bootstrap"",""Font Awesome"",""Gentoo"",""Google Analytics"",""Google Maps"",""OpenResty"",""PHP"",""WordPress"",""Yoast SEO"",""jQuery"",""jQuery Migrate""]",43307567,catchall,N/A,6289b18426b43396f677aca895b1e8b0,N/A,N/A,85%,Building Construction-general Contractors and Operative Builders,N/A,N/A,N/A,N/A,N/A
John Thackray,John,Thackray,Vice President,jthackray@RolledAlloys.com,Rolled Alloys,RolledAlloys.com,+18434106318,"125 West Sterns Road Temperance, MI, 48182",Temperance,MI,"=""48182""",350,90396180,10,[],46344350,catchall,1/15/2021,3ae2ebb70ace378d24f32b7ccc7b2dd2,N/A,N/A,85%,Metal Mining,https://facebook.com/rolledalloys,https://linkedin.com/company/rolled-alloys,https://twitter.com/rolledalloysus,https://instagram.com/rolledalloys,https://youtube.com/channel/uc1nvzoyjyyvdgj62m8xbqza
Jay A. Thomas,Jay,Thomas,Vice President Land,jthomas@eltororesources.com,El Toro Resources,eltororesources.com,+14052422777,"Suite 200 Oklahoma City, OK 73134",Oklahoma City,OK,"=""73134""",30,5700128,13,"[""Apache"",""Bootstrap"",""CloudFlare"",""FancyBox"",""Google Analytics"",""Google Font API"",""Modernizr"",""jQuery""]",40847221,catchall,3/2/2023,92bd9f17894f3b41cef564d50bba0138,N/A,N/A,85%,Oil and Gas Extraction,N/A,N/A,N/A,N/A,N/A
Jeff Thompson,Jeff,Thompson,VP of Pavement Operations and Development,jthompson@completegeneral.com,Complete General Construction,completegeneral.com,+16143842213,"1221 E. Fifth Ave. Columbus, OH 43219",Columbus,OH,"=""43219""",5,31304000,16,"[""Apache Traffic Server"",""Lightbox"",""Prototype"",""script.aculo.us""]",40859575,valid,5/15/2024,1f43d81a51f6202dd070d7a37814ffa8,N/A,N/A,97%,Heavy Construction Other Than Building Construction-contractors,N/A,N/A,N/A,N/A,N/A
Judy Verses,Judy,Verses,Executive Vice President,judy@a-1elec.com,A-1elec,a-1elec.com,+14178312966,"2525-B E. Livingston St., Springfield, MO 65803",Oklahoma City,OK,"=""65803""",N/A,15000000,15,"[""Apache"",""CKEditor"",""PHP"",""jQuery"",""jQuery UI""]",44508661,valid,5/15/2024,adf2f4edbf30e3b39bf807b595915f3f,N/A,N/A,97%,Building Construction-general Contractors and Operative Builders,N/A,N/A,N/A,N/A,N/A
Justin Hagar Vice,Justin,Vice,"Justin Hagar, Vice President",jvice@hagarenterprises.com,Hagar Enterprises,hagarenterprises.com,+12075638588,"52 Biscay Road Damariscotta, Maine 04543-4216",Damariscotta,ME,"=""04543-4216""",5,0,15,"[""Apache""]",43456245,catchall,N/A,5b9a0138d92d97169b3d1ff3b840f4c8,N/A,N/A,85%,Building Construction-general Contractors and Operative Builders,N/A,N/A,N/A,N/A,https://youtube.com/user/hagarenterprises
Jones Vice,Jones,Vice,Vice President / Forester,j.vice@jolumco.com,Jm Jones,jolumco.com,+16014467448,"136 Government Fleet Rd Natchez, MS 39120",Dover,AR,"=""39120""",5,48244800,24,"[""Nginx""]",40861567,catchall,1/24/2024,4f4a95b78512452f3d186e62d2ceea58,N/A,N/A,85%,Lumber and Wood Products: except Furniture,N/A,N/A,N/A,N/A,N/A
Jr Vice,Jr,Vice,Vice President,jvice@procgroup.com,Procaccianti Group,procgroup.com,+13108772196,"1140 Reservoir Avenue Cranston, RI 02920",Cranston,RI,"=""02920""",N/A,0,15,"[""Bootstrap"",""Font Awesome"",""Google Analytics"",""Google Font API"",""IIS"",""Modernizr"",""OWL Carousel"",""PHP"",""Revslider"",""Twitter Emoji (Twemoji)"",""WordPress"",""Yoast SEO"",""jQuery"",""jQuery Migrate"",""jQuery UI"",""prettyPhoto""]",36272685,catchall,11/9/2020,a80dd2e9bbc7f9cc4ed3e43e07cf7cc8,N/A,N/A,85%,Building Construction-general Contractors and Operative Builders,N/A,N/A,N/A,N/A,N/A
Joe Young,Joe,Young,Vice President & Senior Partner,jyoung@larocheltd.com,Larocheltd,larocheltd.com,+12143633337,"Suite 1500 Richardson, TX 75080",Richardson,TX,"=""75080""",5,2000000,13,"[""Google Font API"",""Nginx"",""Twitter Emoji (Twemoji)"",""WordPress"",""animate.css"",""jQuery"",""jQuery Migrate""]",43713473,catchall,3/2/2023,b9d0f5eedeb2657d2c34fab20bf32b72,N/A,N/A,85%,Oil and Gas Extraction,N/A,https://linkedin.com/company/laroche-petroleum-consultants-inc,N/A,N/A,N/A
John Young,John,Young,Chief Operating Officer,jyoung@smartsand.com,Smart Sand,smartsand.com,+12812312660,"1725 Hughes Landing Blvd., Suite 800",Philadelphia,PA,"=""00800""",30,59200000,10,"[""Apache"",""Bootstrap"",""Google Font API"",""Joomla"",""MooTools"",""PHP"",""jQuery"",""jQuery Migrate""]",40844917,catchall,3/7/2022,e55557b757d3bcd404dc049c8a08c8f0,N/A,N/A,85%,Metal Mining,N/A,https://linkedin.com/company/smart-sand-inc,N/A,N/A,N/A
Kanchanan Panananda,Kanchanan,Panananda,Vice President,kanchananp@pttep.com,Pttep,pttep.com,N/A,N/A,Bangkok,unknown state,N/A,3000,5300000000,13,"[""Microsoft ASP.NET""]",36598858,catchall,3/2/2023,af2ac1df7643b3132adbc18c330bfb32,N/A,N/A,85%,Oil and Gas Extraction,N/A,N/A,N/A,N/A,N/A
Karan Durkin,Karan,Durkin,Vice President,karan@hdeelectric.com,Hde Electric,hdeelectric.com,+17166747259,"5841 Seneca Street Elma, NY 14059",Elma,NY,"=""14059""",N/A,0,15,"[""Google Analytics"",""Google Font API"",""Google Tag Manager"",""LiteSpeed"",""PHP"",""Twitter Emoji (Twemoji)"",""WordPress"",""Yoast SEO"",""jQuery"",""jQuery Migrate""]",45315946,valid,11/6/2023,cb7687e3c60d293cea4d220c7563cf85,N/A,N/A,97%,Building Construction-general Contractors and Operative Builders,https://facebook.com/hdeelectric,N/A,https://twitter.com/hdeelectric,N/A,N/A
Karen Stevenson,Karen,Stevenson,"Vice President, Client Solutions",karen@oregon-electric.com,Integrated Systems Group,oregon-electric.com,+15032885161,N/A,Portland,OR,N/A,5,1638653,15,[],46491195,catchall,11/6/2023,7d0ffaac5f9f8ecae39cb21bf1a42ad4,N/A,N/A,85%,Building Construction-general Contractors and Operative Builders,https://facebook.com/oegpoweron,https://linkedin.com/company/oregon-electric-group,https://twitter.com/oegpoweron,N/A,N/A
Karen Putnam,Karen,Putnam,Director of Sales Operations- National Accounts,karen_putnam@wearguard.com,Aramark,wearguard.com,+18003883300,N/A,Norwell,MA,N/A,N/A,15000000,15,"[""Apache"",""Google Tag Manager"",""Java"",""YouTube"",""jQuery"",""jQuery UI""]",42854263,catchall,11/10/2023,c6d0cbc71aa0414d008a7dc68e464586,N/A,N/A,85%,Building Construction-general Contractors and Operative Builders,https://facebook.com/aramarkuniformservices,N/A,https://twitter.com/aramarkuniforms,N/A,N/A
Karen Shields,Karen,Shields,"Vice President, Health Services",karen.shields@serco-na.com,Serco,btpsystems.com,+18669973726,"1825 Commerce Center Blvd Fairborn, OH 45324",Ludlow,MA,"=""45324""",N/A,0,15,"[""Apache"",""Bootstrap"",""FancyBox"",""Google Analytics"",""Google Font API"",""Modernizr"",""jQuery""]",39179215,catchall,N/A,2a161216b08107bc7972227e1ec7308c,N/A,N/A,85%,Building Construction-general Contractors and Operative Builders,N/A,N/A,N/A,N/A,N/A
Karsten Grubert,Karsten,Grubert,Director of Sales &amp; Marketing,karsten.grubert@qpcfiber.com,Qpc Engineered Fiber,qpcfiber.com,+14077125549,"27612 EI Lazo Road Laguna Niguel, CA 92677",San Clemente,CA,"=""92677""",30,3956230,16,"[""Apache"",""Bootstrap"",""Font Awesome"",""Google Analytics"",""Google Font API"",""MediaElement.js"",""PHP"",""Slick"",""Twitter Emoji (Twemoji)"",""WooCommerce"",""WordPress"",""Yoast SEO"",""jQuery"",""jQuery Migrate"",""reCAPTCHA""]",43808379,catchall,6/22/2024,ee4bfb5bc4ed300ee42b21198cf107fb,N/A,N/A,85%,Heavy Construction Other Than Building Construction-contractors,https://facebook.com/pg/qpcfiberoptic,https://linkedin.com/company/qpc-fiber-optic-llc,https://twitter.com/qpcfiberoptic,N/A,https://youtube.com/channel/ucxj6-d04tdwr2cp6erynlxa
Kate Scudellari,Kate,Scudellari,Director of Operations,kate@vogeorge.com,V O George,vogeorge.com,+17249351500,N/A,Pittsburgh,PA,N/A,N/A,0,15,[],42848365,valid,11/6/2023,410344ac96e9197c4b7d6267c7be3017,N/A,N/A,97%,Building Construction-general Contractors and Operative Builders,N/A,N/A,N/A,N/A,N/A
Keith Truesdell,Keith,Truesdell,Director/vice President,keith@productionpartners.com,Production,productionpartners.com,+18185565065,"1050 W. Alameda Ave. #200 Burbank, CA 91506",Caldwell,TX,"=""91506""",5,442320,13,"[""Apache"",""Bootstrap"",""Font Awesome"",""Google Font API"",""Ionicons"",""MediaElement.js"",""Modernizr"",""OWL Carousel"",""PHP"",""Revslider"",""Twitter Emoji (Twemoji)"",""WordPress"",""animate.css"",""jQuery"",""jQuery Migrate"",""prettyPhoto"",""reCAPTCHA""]",38880573,catchall,3/2/2023,f0c724f11ad49eb89c611fe8e75b989b,N/A,N/A,85%,Oil and Gas Extraction,https://facebook.com/cowboyrecordsburbank,N/A,https://twitter.com/robmathofficial,https://instagram.com/robmathofficial,https://youtube.com/channel/ucnqzu6pecvqpuvxvhunw0pg
Kristoff Eldridge,Kristoff,Eldridge,Vice President,keldridge@tennisandtrack.com,Tennis Court And Running Track,tennisandtrack.com,+15087595636,"P.O. Box 1100 Pocasset, MA 02559",Pocasset,MA,"=""02559""",30,15000000,15,"[""Apache"",""Google Analytics"",""Google Font API"",""Google Tag Manager"",""PHP"",""Twitter Emoji (Twemoji)"",""WordPress"",""Yoast SEO"",""jQuery"",""jQuery Migrate""]",46285695,catchall,N/A,1be808613879c80ccd745b88d003a135,N/A,N/A,85%,Building Construction-general Contractors and Operative Builders,https://facebook.com/pages/cape-and-island-tennis-track/196901337033702,https://linkedin.com/company/2274367,https://twitter.com/tennisandtrack,https://instagram.com/tennisandtrack,N/A
Kelly Marx,Kelly,Marx,Vice President,kelly@permarltd.com,Permarltd.compermar,permarltd.com,+17153256094,N/A,Germantown,WI,N/A,30,15000000,15,"[""RequireJS"",""Sentry"",""Wix""]",40049477,catchall,N/A,447f6557ca448e2bb5b788ed5dcb4387,N/A,N/A,85%,Building Construction-general Contractors and Operative Builders,N/A,N/A,N/A,N/A,N/A
Kelsea Roth,Kelsea,Roth,Owner & Sales Director,kelsea@kel-kat.com,Kel-kat Equipment,kel-kat.com,+19852600166,"160 West Airline Hwy Kenner, LA 70062",Kenner,LA,"=""70062""",5,1638653,15,[],39455390,valid,10/15/2024,1409d1c86536c07f9ffab45fec7a8d09,N/A,N/A,97%,Building Construction-general Contractors and Operative Builders,https://facebook.com/wackerneuson,https://linkedin.com/company/kel-kat,N/A,N/A,N/A
Kelvin Barry,Kelvin,Barry,Operations Director,kelvin.barry@alpinegroupuk.com,Alpine Group,alpinegroupuk.com,N/A,N/A,Andover,NH,N/A,30,5700128,15,"[""Font Awesome"",""Google Analytics"",""Google Font API"",""Google Tag Manager"",""Nginx"",""WordPress"",""YouTube"",""animate.css"",""jQuery"",""jQuery Migrate"",""reCAPTCHA""]",38191924,valid,5/15/2024,0a071cbdd7e53cf9148ba278a5e3078f,N/A,N/A,97%,Building Construction-general Contractors and Operative Builders,N/A,https://linkedin.com/company/the-alpine-group-andover,N/A,N/A,N/A
Ken Jones,Ken,Jones,VP General Manager,ken@kenjonesinc.com,Ken Jones Construction,kenjonesinc.com,+15857294104,N/A,Rogersville,AL,N/A,5,97000000000,15,"[""Apache"",""Google Font API"",""PHP"",""WordPress"",""jQuery"",""jQuery Migrate"",""reCAPTCHA""]",37265583,valid,5/18/2024,cdc7b02396cf735fabbe36696c3a1f58,N/A,N/A,97%,Building Construction-general Contractors and Operative Builders,N/A,N/A,N/A,N/A,N/A
Kent Brown,Kent,Brown,"Vice President, C5isr",kent.brown@serco-na.com,Serco,btpsystems.com,+18669973726,"1825 Commerce Center Blvd Fairborn, OH 45324",Ludlow,MA,"=""45324""",N/A,0,15,"[""Apache"",""Bootstrap"",""FancyBox"",""Google Analytics"",""Google Font API"",""Modernizr"",""jQuery""]",39179212,catchall,N/A,670dc240cf5b7dbb8e5d9d98bb37985c,N/A,N/A,85%,Building Construction-general Contractors and Operative Builders,N/A,N/A,N/A,N/A,N/A
Kevin Trimm,Kevin,Trimm,Vice President,kevin@hrhmetalsinc.com,Metal,hrhmetalsinc.com,+12056405500,"905 Markeeta Spur Road Moody, AL 35004",Moody,AL,"=""35004""",N/A,0,10,"[""Apache"",""FancyBox"",""Google Analytics"",""Google Font API"",""Hammer.js"",""MediaElement.js"",""Mustache"",""VideoJS"",""Weebly"",""jQuery""]",42290462,catchall,N/A,3a5cae84a16997ff9bd7c951749c75e1,N/A,N/A,85%,Metal Mining,N/A,N/A,https://twitter.com/hrhmetalsinc,N/A,N/A
Kevin Farrell,Kevin,Farrell,CFO,kevin@krossmasonry.com,Krossmasonry,krossmasonry.com,+15129666289,N/A,Newman,IL,N/A,N/A,0,15,"[""Google Font API"",""jQuery""]",36492850,catchall,4/25/2023,dcb8c1636dcdae4f07420b0c369a4423,N/A,N/A,85%,Building Construction-general Contractors and Operative Builders,https://facebook.com/krossmasonryandrestoration,N/A,N/A,N/A,N/A
Kevin O'donnell,Kevin,O'donnell,"Senior Vice President, Property, Marine",kevin@sunsetknolllandscaping.com,Sunset Knoll Landscaping,sunsetknolllandscaping.com,N/A,N/A,Nobleboro,ME,N/A,N/A,0,15,"[""AddThis"",""Google Font API"",""jQuery""]",46259378,catchall,N/A,b3536d19a91ef9962d5450e161f39baf,N/A,N/A,85%,Building Construction-general Contractors and Operative Builders,N/A,N/A,N/A,N/A,N/A
Kevin Switzer,Kevin,Switzer,Vice President,kevin@switzerbrothers.com,Switzer Brothers,switzerbrothers.com,+18165696606,"5800 Colorado Avenue Kansas City, MO 64130P.O. Box 140275 Kansas City, MO 64114",Kansas City,MO,"=""64114""",125,0,15,"[""Apache"",""Bootstrap"",""Font Awesome"",""PHP"",""Twitter Emoji (Twemoji)"",""WordPress"",""jQuery"",""jQuery Migrate"",""jQuery Mobile"",""jQuery UI""]",43791317,valid,5/15/2024,f1251da166e2625f51d1be142f6cc350,N/A,N/A,97%,Building Construction-general Contractors and Operative Builders,https://facebook.com/switzerbrotherspaintingllc,https://linkedin.com/company/switzer-brother%27s-painting-llc,N/A,N/A,N/A
Kevin Reilly,Kevin,Reilly,Executive Vice President,kevin@thebuildersonline.com,Builders,thebuildersonline.com,+13305396050,N/A,Vienna,OH,N/A,350,15000000,15,"[""Apache Tomcat"",""Font Awesome"",""Google Analytics"",""Java"",""Modernizr"",""jQuery""]",42919556,valid,11/6/2023,4e112451c49f4be47537cfadb01b0a6e,N/A,N/A,97%,Building Construction-general Contractors and Operative Builders,https://facebook.com/the-builders-338921043725/,https://linkedin.com/company/the-builders-association-of-eastern-ohio-&-western-pennsylvania,N/A,N/A,N/A
Kim Goodloe,Kim,Goodloe,Director of Business Operations,kgoodloe@finemetalscorp.com,Fine Metals,finemetalscorp.com,+18042273381,"P.O. Box 1055 Ashland, VA 23005",Ashland,VA,"=""23005""",30,5700128,10,"[""All in One SEO Pack"",""Bootstrap"",""Font Awesome"",""Google Analytics"",""Google Font API"",""Nginx"",""Slick"",""Twitter Emoji (Twemoji)"",""WooCommerce"",""WordPress"",""jQuery"",""jQuery Migrate""]",37892492,catchall,N/A,0457c99c934fe58616aaff5d4df62155,N/A,N/A,85%,Metal Mining,https://facebook.com/finemetalscorp,https://linkedin.com/company/fine-metals-corporation,N/A,N/A,N/A
Kyle Hagness,Kyle,Hagness,Executive Vice President,khagness@durandbuilders.com,Durand Builders. Durand Builders Service,durandbuilders.com,+18008725941,"N 6344 State Rd 25 Durand, WI 54736N6344 State Road 25 Durand, WI 54736",Durand,WI,"=""54736""",30,15000000,15,"[""Facebook"",""Font Awesome"",""Google Font API"",""Java"",""Linkedin"",""Nginx"",""Twitter"",""Twitter Emoji (Twemoji)"",""WordPress"",""Yoast SEO"",""animate.css"",""jQuery"",""jQuery Migrate"",""jQuery UI""]",38776296,valid,11/6/2023,0b61228c8016b5bfe163449438bdf4f4,N/A,N/A,97%,Building Construction-general Contractors and Operative Builders,N/A,N/A,N/A,N/A,N/A
Kevin Henderson,Kevin,Henderson,Vice President,khenderson@milltechllc.com,Mill Tech,milltechllc.com,+16142751888,N/A,Columbus,OH,N/A,30,5700128,15,"[""Google Font API"",""Squarespace"",""Typekit"",""YUI"",""webpack""]",36444623,catchall,N/A,00db586a87c79f1d26cd7ebc7cd5ea67,N/A,N/A,85%,Building Construction-general Contractors and Operative Builders,https://facebook.com/milltechllc,N/A,N/A,N/A,N/A
Kirk Blackim,Kirk,Blackim,Vice President of Business Development ...,kirk.blackim@vaqueromidstream.com,Vaquero Midstream,vaqueromidstream.com,+14328971143,"Suite 475 The Woodlands, TX 77380",The Woodlands,TX,"=""77380""",30,13000000,13,"[""Apache"",""Font Awesome"",""Google Analytics"",""Google Font API"",""Leaflet"",""PHP"",""WordPress"",""Yoast SEO"",""jQuery""]",40808020,catchall,3/2/2023,787d4269f3ce9245cf19626f5f0fe15a,N/A,N/A,85%,Oil and Gas Extraction,https://facebook.com/vaqueromidstream,https://linkedin.com/company/vaquero-midstream,https://twitter.com/vaqueromid,N/A,N/A
Keith Johnson,Keith,Johnson,"Senior Vice President, Utilities, Eastern Region",kjohnson@enengineering.com,En Engineering,enengineering.com,+17045489950,"Suite 400 Warrenville, Illinois 60555",Warrenville,IL,"=""60555""",750,300000000,13,"[""Apache"",""Font Awesome"",""Google Analytics"",""Google Font API"",""Google Tag Manager"",""PHP"",""Revslider"",""WordPress"",""Yoast SEO"",""jQuery"",""jQuery Migrate""]",42162908,catchall,9/6/2024,d7ac2a18422aadf2426a0524440c80c9,N/A,N/A,85%,Oil and Gas Extraction,https://facebook.com/ene-134748037269112,https://linkedin.com/company/en-engineering,https://twitter.com/enengineering,N/A,N/A
Kenneth Joy,Kenneth,Joy,"Richard (ken), Director of Operations",kjoy@americanmt.com,American Mining Tunneling,americanmt.com,+12086999001,"5340 Grass Valley Rd. Winnemucca, NV 89445 U.S.A",Spokane,WA,N/A,125,0,10,"[""Facebook"",""Java"",""Leaflet"",""New Relic"",""Nginx"",""Plesk"",""Twitter Emoji (Twemoji)"",""WordPress"",""ZURB Foundation"",""jQuery"",""jQuery Migrate""]",42894337,catchall,N/A,7cb13ee1a4fbe5c12ceb16dd6176cf1f,N/A,N/A,85%,Metal Mining,https://facebook.com/americanmining,N/A,N/A,N/A,N/A
Kevin Lewis,Kevin,Lewis,"Executive Vice President, Business Unit Leader, Automation",klewis@enengineering.com,En Engineering,enengineering.com,+17045489950,"Suite 400 Warrenville, Illinois 60555",Warrenville,IL,"=""60555""",750,300000000,13,"[""Apache"",""Font Awesome"",""Google Analytics"",""Google Font API"",""Google Tag Manager"",""PHP"",""Revslider"",""WordPress"",""Yoast SEO"",""jQuery"",""jQuery Migrate""]",42162902,catchall,9/6/2024,cd82291b8a098c7a6ede8c0aa4b1e4aa,N/A,N/A,85%,Oil and Gas Extraction,https://facebook.com/ene-134748037269112,https://linkedin.com/company/en-engineering,https://twitter.com/enengineering,N/A,N/A
Kyle Lichtner,Kyle,Lichtner,Vice President,klichtner@jtvernon.com,J.t. Vernon Group,jtvernon.com,N/A,N/A,Wayne,PA,N/A,30,15000000,15,"[""CloudFlare"",""Microsoft ASP.NET"",""Statcounter"",""jQuery""]",38202656,catchall,N/A,0c185c107de9a242a78512064b8368f1,N/A,N/A,85%,Building Construction-general Contractors and Operative Builders,N/A,N/A,N/A,N/A,N/A
Ken Nahigian,Ken,Nahigian,Vice President Business Development/operations,knahigian@northborobuilders.com,Northboro Builders,northborobuilders.com,+14077305555,N/A,Sutton,MA,N/A,5,15000000,15,"[""Apache"",""jQuery""]",43052253,catchall,N/A,00ec498c49fcae245618440a4e750dc9,N/A,N/A,85%,Building Construction-general Contractors and Operative Builders,N/A,N/A,N/A,N/A,N/A
Kimberly Nice,Kimberly,Nice,"Woodroffe, Vice President of Administration",knice@davidnicebuilders.com,David Nice Builders,davidnicebuilders.com,+17575663032,"4571 Ware Creek Rd Williamsburg, VA 231884571 Ware Creek Rd. Williamsburg, VA 23188",Williamsburg,VA,"=""23188""",125,0,15,"[""Font Awesome"",""Google Analytics"",""Google Font API"",""Lightbox"",""Modernizr"",""Nginx"",""Revslider"",""Twitter Emoji (Twemoji)"",""Typekit"",""WP Engine"",""WordPress"",""Yoast SEO"",""YouTube"",""jQuery"",""jQuery Migrate""]",37212614,catchall,11/6/2023,5dc2479cb3b3509d3ef5cb5ae7feb44b,N/A,N/A,85%,Building Construction-general Contractors and Operative Builders,https://facebook.com/pages/david-a-nice-builders-inc/175502352527709,https://linkedin.com/company/david-a-nice-builders-inc-,N/A,https://instagram.com/davidnicebuildersinc,N/A
Rick Krause,Rick,Krause,Vice President,krick@KaercherInsurance.com,Kaercher Insurance -,KaercherInsurance.com,+18444213560,"9555 Hillwood Drive, Ste. 140, Las Vegas, NV 89134-0579",Las Vegas,NV,"=""89134-0579""",5,1638653,15,"[""Google Analytics"",""Google Font API"",""Gravity Forms"",""Lightbox"",""Modernizr"",""New Relic"",""Nginx"",""Revslider"",""WordPress"",""Yoast SEO"",""jQuery"",""jQuery Migrate""]",46355486,catchall,N/A,ee31236b3fe3c570516840d97422efb9,N/A,N/A,85%,Building Construction-general Contractors and Operative Builders,N/A,N/A,N/A,N/A,N/A
Kenneth Stockwell Vice,Kenneth,Vice,Vice President &amp,kstockwell-vice@pl-enerserv.com,Pl-enerserv,pl-enerserv.com,+16155166759,"Suite 480, #310 Hendersonville, TN 37075",Hendersonville,TN,"=""37075""",30,5700128,13,"[""Apache"",""Google Font API"",""Twitter Emoji (Twemoji)"",""WordPress"",""jQuery"",""jQuery Migrate""]",38007317,catchall,3/2/2023,a12144c00e876fb9c691a32bdfda8df1,N/A,N/A,85%,Oil and Gas Extraction,N/A,N/A,N/A,N/A,N/A
Kim Thomas,Kim,Thomas,"Director, Finance",kthomas@itac-net.com,Itac,itac-net.com,+18044141177,"Suite 800 Raleigh, North Carolina",Apex,NC,N/A,5,16684000,15,"[""Google Analytics"",""Google Font API"",""Google Tag Manager"",""Pardot"",""Slick"",""Sucuri"",""Twitter Emoji (Twemoji)"",""WordPress"",""Yoast SEO"",""jQuery"",""jQuery Migrate""]",36397141,valid,1/1/2024,8458f5e9b1148ea6e2cd40c7bf217718,N/A,N/A,97%,Building Construction-general Contractors and Operative Builders,https://facebook.com/itacfamily,https://linkedin.com/company/itacfamily,N/A,N/A,N/A
Kurt Wise,Kurt,Wise,Vice President,kurt@greatatlanticsports.com,Great Atlantic Sports,greatatlanticsports.com,+18008888233,"1065 Laskin Road, Virginia Beach, VA 23451",Richmond,VA,"=""23451""",30,516880,15,"[""Apache"",""Bootstrap"",""Drupal"",""Facebook"",""Font Awesome"",""Google Analytics"",""Google Font API"",""jQuery""]",38005727,catchall,11/6/2023,558762a2135daf972ae9cd2f2266829c,N/A,N/A,85%,Building Construction-general Contractors and Operative Builders,https://facebook.com/great-atlantic-sports-travel-139032249451114,N/A,https://twitter.com/greatatl,https://instagram.com/greatatlanticsports,https://youtube.com/channel/ucfqenjoewtwk32xzx0phoiw
Kurt Hook,Kurt,Hook,Vice President of Global Operations At Pic ...,kurt.hook@picworld.com,Pic Group,picworld.com,+17708500100,"1000 Parkwood Circle, Suite 1000 Atlanta, GA 30339",Atlanta,GA,"=""30339""",350,42900000,13,"[""Apache"",""Google Analytics"",""Google Font API"",""Modernizr"",""Twitter Emoji (Twemoji)"",""Underscore.js"",""WordPress"",""jQuery"",""jQuery Migrate"",""prettyPhoto"",""reCAPTCHA""]",41074897,catchall,3/2/2023,76959c44e5f6b87f3ed19f530001dc59,N/A,N/A,85%,Oil and Gas Extraction,N/A,N/A,N/A,N/A,N/A
Kurt Hanson,Kurt,Hanson,Vice President,kurth@unikavaev.com,Unika Vaev,unikavaev.com,+18006689318,"19 Ohio Avenue Norwich, Connecticut 06360",Norwich,CT,"=""06360""",N/A,22000000,22,"[""Apache"",""Bootstrap"",""Facebook"",""Google Analytics"",""Google Font API"",""LiveChat"",""OpenSSL"",""PHP"",""Twitter"",""WordPress"",""jQuery"",""jQuery Migrate""]",46496019,catchall,N/A,369d71ef530877954ddb95df8f14ed4a,N/A,N/A,85%,Textile Mill Products,https://facebook.com/unikavaev,https://linkedin.com/company/unika-vaev,https://twitter.com/unikavaev,https://instagram.com/unikavaev,N/A
Katrina White,Katrina,White,Director of Finance,kwhite@davidnicebuilders.com,David Nice Builders,davidnicebuilders.com,+17575663032,"4571 Ware Creek Rd Williamsburg, VA 231884571 Ware Creek Rd. Williamsburg, VA 23188",Williamsburg,VA,"=""23188""",125,0,15,"[""Font Awesome"",""Google Analytics"",""Google Font API"",""Lightbox"",""Modernizr"",""Nginx"",""Revslider"",""Twitter Emoji (Twemoji)"",""Typekit"",""WP Engine"",""WordPress"",""Yoast SEO"",""YouTube"",""jQuery"",""jQuery Migrate""]",37212610,catchall,11/6/2023,31f494a40334b0afd2f059b208315f08,N/A,N/A,85%,Building Construction-general Contractors and Operative Builders,https://facebook.com/pages/david-a-nice-builders-inc/175502352527709,https://linkedin.com/company/david-a-nice-builders-inc-,N/A,https://instagram.com/davidnicebuildersinc,N/A
Lance Stewart,Lance,Stewart,Vp/founding Member,lance@stewartci.com,Stewart Plumbing,stewartci.com,+13606938830,"1802 Southeast 16th Street Battle Ground, WA 98604",Vancouver,WA,"=""98604""",30,4000000,15,[],44640717,catchall,N/A,6d004bc0659d1f0b3c7db3954959d9cf,N/A,N/A,85%,Building Construction-general Contractors and Operative Builders,N/A,N/A,N/A,N/A,N/A
Lara Marshall,Lara,Marshall,Vice President,laramarshall@gerald.com,Gerald Group,gerald.com,+12036098300,N/A,New York,NY,N/A,300,12000000,10,"[""RequireJS"",""Sentry"",""Wix""]",39946035,catchall,N/A,48f544997f072367e0542545550767fe,N/A,N/A,85%,Metal Mining,N/A,https://linkedin.com/company/gerald-metals,N/A,N/A,N/A
Larry Lorenz,Larry,Lorenz,Vice President of Operations,larry.lorenz@ensignenergy.com,Ensign Energy Services,ensignenergy.com,+17805390703,"410 17th Street, Suite 1200 Denver, Colorado 80202",Houston,TX,"=""80202""",3000,654600000,13,[],37546358,catchall,3/2/2023,5d94c4e517c4018f15732b00a7ffe3c0,N/A,N/A,85%,Oil and Gas Extraction,https://facebook.com/ensign-energy-45665635750,https://ca.linkedin.com/company/ensign-energy-services,https://twitter.com/ensignenergyinc,N/A,N/A
Lars Backstrom,Lars,Backstrom,VP Engineering,lars.backstrom@smileybuilding.com,Facebook,smileybuilding.com,N/A,"1601 Willow Road Menlo Park, CA 94025",Durango,CO,"=""94025""",5,15000000,15,[],41862233,catchall,N/A,e97cee3d585dc5544e54bba9b8a126c5,N/A,N/A,85%,Building Construction-general Contractors and Operative Builders,https://facebook.com/settings,N/A,N/A,N/A,N/A
Laura Craven,Laura,Craven,Vice President,laura@groundmasterscorp.com,Groundmasters,groundmasterscorp.com,+17812790818,"PO Box 80453 Stoneham, MA 02180",Stoneham,MA,"=""02180""",N/A,0,15,[],36304607,valid,5/18/2024,6e6e934ca5fea19461aab352a8f47b6e,N/A,N/A,97%,Building Construction-general Contractors and Operative Builders,https://facebook.com/groundmasters.corp,N/A,N/A,https://instagram.com/groundmasters_corporation,N/A
Laura Noll,Laura,Noll,Vice President,laura@landscapedesigninc.com,Landscapedesigninc,landscapedesigninc.com,+16059413009,"27139 475th Ave. Harrisburg, SD 57032",Harrisburg,SD,"=""57032""",N/A,0,15,"[""OpenResty""]",38554234,valid,11/6/2023,b0ac5ff5513f56b4c1ce48ed6ce6db4e,N/A,N/A,97%,Building Construction-general Contractors and Operative Builders,https://facebook.com/landscapedesigninc,N/A,N/A,N/A,N/A
Laurel Holbeck,Laurel,Holbeck,Vice President and Secretary,laurel@holbeckconstruction.com,Holbeck Construction,holbeckconstruction.com,+14253085881,"P.O. Box 322 Stanwood, WA 98292",Stanwood,WA,"=""98292""",N/A,0,15,"[""Apache"",""Google Analytics"",""Google Font API"",""MediaElement.js"",""Mustache"",""VideoJS"",""Weebly"",""jQuery""]",38408224,catchall,N/A,e8dda072c6e73471c2ab543fd806ef58,N/A,N/A,85%,Building Construction-general Contractors and Operative Builders,N/A,N/A,N/A,N/A,N/A
Lauren Elmore,Lauren,Elmore,Chief Executive Officer,lauren.elmore@firmatek.com,Firmatek,firmatek.com,+12106514990,"10010 San Pedro Ave, St 850 San Antonio, TX",San Antonio,TX,N/A,30,4200000,10,"[""All in One SEO Pack"",""Apache"",""CloudFlare"",""Google Analytics"",""Google Font API"",""Google Tag Manager"",""Handlebars"",""MediaElement.js"",""PHP"",""TweenMax"",""Twitter Emoji (Twemoji)"",""WooCommerce"",""WordPress"",""YouTube"",""jQuery"",""jQuery Migrate"",""webpack""]",43750633,catchall,1/10/2022,220298eaba1a70e562ecaea4506efd80,N/A,N/A,85%,Metal Mining,https://facebook.com/firmatek3dmapping,https://linkedin.com/company/firmatek,https://twitter.com/firmatek3dmap,https://instagram.com/firmatek3dmapping,https://youtube.com/channel/uceymenrrpgtaokdm_ocnozw
Lauren Pareigis,Lauren,Pareigis,VP of IT,lauren.pareigis@providentlabelgroup.com,Provident Music Group,providentlabelgroup.com,(615) 261-6500,N/A,Nashville,TN,N/A,N/A,7000000,13,[],45365283,catchall,3/2/2023,8f2248947a676d80ae83f3474e7bdea1,N/A,N/A,85%,Oil and Gas Extraction,https://facebook.com/providentlabelgroupsonymusic,N/A,N/A,https://instagram.com/elle_limebear,https://youtube.com/channel/ucw0lnu0ijva2yxngglt9qxg
Lynn Blevins,Lynn,Blevins,Vice President,l.blevins@canaryusa.com,Canary,canaryUSA.com,+13182210607,"410 17th St,Suite310 Denver, CO 80202410 17th St, Suite 1320 Denver, CO 80202410 17th St, Suite 310 Denver, CO 80202",Denver,CO,"=""80202""",350,13000000,13,"[""Apache"",""Cufon"",""Google Analytics"",""Google Font API"",""PHP"",""TrackJs"",""Twitter Emoji (Twemoji)"",""WordPress"",""Yoast SEO"",""jQuery"",""jQuery Migrate"",""prettyPhoto""]",46163371,catchall,9/10/2024,7c98f268d3c7bc26e7b088b6a057a05c,N/A,N/A,85%,Oil and Gas Extraction,https://facebook.com/canaryconnects,https://linkedin.com/company/canary-llc,https://twitter.com/canaryconnects,N/A,N/A
Larissa Cook,Larissa,Cook,Executive Vice President,lcook@fbnconstruction.com,Fbn Construction,fbnconstruction.com,+16173336800,N/A,Boston,MA,N/A,30,5700128,15,"[""Apache"",""Bootstrap"",""Google Analytics"",""Google Font API"",""Google Maps"",""Java"",""OWL Carousel"",""PHP"",""Twitter Emoji (Twemoji)"",""WordPress"",""jQuery"",""jQuery Migrate""]",37171362,valid,5/15/2024,46831d9687c23d773cd4b8ace71c677b,N/A,N/A,97%,Building Construction-general Contractors and Operative Builders,https://facebook.com/getyourwings,https://linkedin.com/company/fbn-construction,N/A,https://instagram.com/fbnconstruction,https://youtube.com/channel/ucujflrngqijyfln5j0ysabw
Leah Adams,Leah,Adams,Chief Financial Officer,leah@builtbyadams.com,Built By Adams Inc5,builtbyadams.com,+12074909886,"20 Reid Lane, Kennebunkport, ME - See More!",Sanford,ME,N/A,N/A,15000000,15,"[""Font Awesome"",""Google Analytics"",""Google Font API"",""Lightbox"",""Modernizr"",""Nginx"",""Revslider"",""Twitter Emoji (Twemoji)"",""WP Engine"",""WordPress"",""Yoast SEO"",""jQuery"",""jQuery Migrate""]",36405902,catchall,10/6/2023,f1d165b5e1e5ad40c05f71955a8735c2,N/A,N/A,85%,Building Construction-general Contractors and Operative Builders,https://facebook.com/builtbyadams,N/A,https://twitter.com/builtbyadams,N/A,https://youtube.com/user/builtbyadamsmaine
Emery Lee,Emery,Lee,CFO,leeemery@showplacewood.com,Showplace Cabinetry Gallery Cabinet,ShowplaceWood.com,+19099460505,"1 Enterprise St. Harrisburg, SD, 57032",Harrisburg,SD,"=""57032""",350,90396180,15,[],36474429,catchall,5/15/2023,2165277633b1c44d8a47304627518b1b,N/A,N/A,85%,Building Construction-general Contractors and Operative Builders,https://facebook.com/showplacefinecabinetry,https://linkedin.com/company/917260,https://twitter.com/showplace_cab,https://instagram.com/showplacecabinets,https://youtube.com/user/cabinetflix
Lee Vaughan,Lee,Vaughan,"Vice President, Renovation & Service",lee@nationalpools.com,National Pools,nationalpools.com,+15403457665,"3112 Melrose Ave. Roanoke, VA",Roanoke,VA,N/A,N/A,2946240,15,"[""Apache"",""Google Font API"",""Google Maps"",""Google Tag Manager"",""Modernizr"",""Snap.svg"",""Twitter Emoji (Twemoji)"",""WordPress"",""jQuery"",""jQuery Migrate""]",36364985,valid,5/15/2024,e66d1575020bc3a6e346b51a03a9f6d5,N/A,N/A,97%,Building Construction-general Contractors and Operative Builders,https://facebook.com/nationalpoolsroanoke,N/A,N/A,N/A,N/A
Leighton Kaufman,Leighton,Kaufman,Vice President,leighton@jlmautosales.com,Jlm Auto Sales,jlmautosales.com,+15053459935,215 Candelaria Rd NE,Renton,WA,N/A,N/A,0,15,"[""Bootstrap"",""Google Analytics"",""Kestrel"",""Lodash"",""Microsoft ASP.NET"",""jQuery""]",41201552,valid,11/6/2023,0e54420570b4e5dfa0fbfc5d8062b6c1,N/A,N/A,97%,Building Construction-general Contractors and Operative Builders,https://facebook.com/jlmautosales,N/A,https://twitter.com/jlmtrucksales,N/A,https://youtube.com/user/jlmtrucksnm
Lenny Austin,Lenny,Austin,"Vice President, Roofing Project Manager",lenny@cornellroofing.com,Cornell Roofing,cornellroofing.com,+18162528300,"901 S Northern Blvd Independence, MO 64053",Independence,MO,"=""64053""",N/A,0,15,"[""AddToAny"",""Apache"",""Bootstrap"",""CloudFlare"",""Facebook"",""Font Awesome"",""Google Analytics"",""Google Font API"",""Google Tag Manager"",""PHP"",""Twitter Emoji (Twemoji)"",""WordPress"",""Yoast SEO"",""jQuery"",""jQuery Migrate""]",38027697,valid,11/6/2023,4477347827af7f57e65ea8aea582ff5c,N/A,N/A,97%,Building Construction-general Contractors and Operative Builders,https://facebook.com/cornellroofingandsheetmetal,https://linkedin.com/company/2685288,https://twitter.com/cornellroofing,https://instagram.com/cornellroofingsheetmetal,N/A
Leonard Passmore,Leonard,Passmore,Vice President Engineering and Operations,leonard.passmore@elixsysgrp.com,Elixsys Group,elixsysgrp.com,N/A,N/A,State College,PA,N/A,5,7000000,10,"[""Apache"",""Google Font API""]",45087293,catchall,N/A,8ca022df1edfae840ff01906c7ffa739,N/A,N/A,85%,Metal Mining,N/A,N/A,N/A,N/A,N/A
Les Williams,Les,Williams,Director of Operations,les@tlcproroofing.com,Tlc Pro Roofing,tlcproroofing.com,+16154263924,N/A,Madison,TN,N/A,5,1638653,15,"[""Apache"",""Facebook"",""Google Font API"",""Google Plus"",""Modernizr"",""Twitter"",""Twitter Emoji (Twemoji)"",""WordPress"",""jQuery"",""jQuery Migrate"",""jQuery UI""]",43932865,valid,11/6/2023,97dca3cfff4218f7bff69e1269bc7e98,N/A,N/A,97%,Building Construction-general Contractors and Operative Builders,https://facebook.com/tlcproroofing,https://linkedin.com/company/tlc-pro-roofing,https://twitter.com/tlc_pro_roofing,https://instagram.com/tlc_pro_roofing,https://youtube.com/channel/uc1egicp2lmibq_1f1bmxh2a
Larry Humes,Larry,Humes,"Vp, IT",lhumes@noblecorp.com,Noble,noblecorp.com,+12033002300,"12550 Reed Rd. Suite 200 Sugar Land, TX 77478",Houston,TX,"=""77478""",3000,2300000000,13,"[""CodeIgniter"",""ExpressionEngine"",""Font Awesome"",""Google Analytics"",""Google Font API"",""Nginx"",""PHP""]",44952100,catchall,3/2/2023,be63ff7c2360ac2a97e5a6ab753941ed,N/A,N/A,85%,Oil and Gas Extraction,https://facebook.com/noblecorp,https://linkedin.com/company/noble-drilling,N/A,https://instagram.com/nobledrilling,N/A
Lennart Nielsen,Lennart,Nielsen,"Vice President, Engineering Ma",lnielsen@uni-engineer.com,Uni-systems Engineering,uni-engineer.com,+17635361407,"4600 Lake Road Minneapolis, MN 55422",Minneapolis,MN,"=""55422""",30,0,15,"[""Apache"",""Debian"",""Google Analytics"",""RequireJS"",""jQuery""]",46519985,catchall,N/A,b36bdbda519a372d8dbae43f03494353,N/A,N/A,85%,Building Construction-general Contractors and Operative Builders,N/A,https://linkedin.com/company/uni-systems-engineering,N/A,N/A,N/A
Logan Ayers,Logan,Ayers,Vice President,logan@Fusion-Hospitality.com,Fusion Hospitality,Fusion-Hospitality.com,N/A,"1020 North Gloster St. #110, Tupelo, MS 38804",Tupelo,MS,"=""38804""",125,0,15,"[""Apache"",""Bootstrap"",""Google Font API"",""PHP"",""jQuery""]",43470276,catchall,N/A,570e37e443fd35103c25aa16deaa9bb1,N/A,N/A,85%,Building Construction-general Contractors and Operative Builders,N/A,N/A,N/A,N/A,N/A
Lanette Lowden,Lanette,Lowden,Vice President,lowden@lowdenexcavating.com,Dale Lowden Excavating,lowdenexcavating.com,+15128421307,"126 Gristmill Road Kyle, 78640",Kyle,TX,"=""78640""",5,0,15,"[""Lightbox"",""Nginx"",""jQuery""]",41319586,catchall,N/A,d983e7e09a7a3114f91e17fa51ededbf,N/A,N/A,85%,Building Construction-general Contractors and Operative Builders,https://facebook.com/dale-lowden-excavating-355487378230161,N/A,N/A,N/A,N/A
Laura Parker,Laura,Parker,Vice President Business Development,lparker@gvcintl.com,Global Valve & Controls,gvcintl.com,+18669648536,"8535 Jackrabbit Rd Suite I Houston, Texas",Houston,TX,N/A,125,0,13,"[""Google Analytics"",""Google Tag Manager"",""OpenResty"",""YouTube""]",39623339,catchall,N/A,977bed5d2e07624355c0c36b02448961,N/A,N/A,85%,Oil and Gas Extraction,https://facebook.com/pages/global-valve-and-controls/412870642152586,https://linkedin.com/company/global-valve-and-controls,https://twitter.com/gvcintlvalve,N/A,N/A
Leonard Provost,Leonard,Provost,Executive Vice President,lprovost@davidnicebuilders.com,David Nice Builders,davidnicebuilders.com,+17575663032,"4571 Ware Creek Rd Williamsburg, VA 231884571 Ware Creek Rd. Williamsburg, VA 23188",Williamsburg,VA,"=""23188""",125,0,15,"[""Font Awesome"",""Google Analytics"",""Google Font API"",""Lightbox"",""Modernizr"",""Nginx"",""Revslider"",""Twitter Emoji (Twemoji)"",""Typekit"",""WP Engine"",""WordPress"",""Yoast SEO"",""YouTube"",""jQuery"",""jQuery Migrate""]",37212613,catchall,N/A,fc6f9aaa5bc6fc6c5c2d46b96d5681ae,N/A,N/A,85%,Building Construction-general Contractors and Operative Builders,https://facebook.com/pages/david-a-nice-builders-inc/175502352527709,https://linkedin.com/company/david-a-nice-builders-inc-,N/A,https://instagram.com/davidnicebuildersinc,N/A
Leslie Saunders,Leslie,Saunders,VP Marketing,lsaunders@assaabloydss.com,Assa Abloy,assaabloydss.com,+18003773948,N/A,New Haven,CT,N/A,7500,809672644,15,"[""Akamai"",""Backbone.js"",""Google Tag Manager"",""Microsoft ASP.NET"",""Mustache"",""Nginx"",""RequireJS"",""Underscore.js"",""YouTube"",""jQuery""]",45331260,catchall,12/31/2023,423900282410c8b83fb5c680ebc03423,N/A,N/A,85%,Building Construction-general Contractors and Operative Builders,N/A,N/A,https://twitter.com/assaabloydssus,N/A,N/A
Luke Yoder,Luke,Yoder,Vice President,luke@yoderconstructionllc.com,Yoderconstructionllc,yoderconstructionllc.com,+12606684974,N/A,Angola,IN,N/A,N/A,15000000,15,"[""Google Analytics"",""OpenGSE""]",38743628,valid,5/18/2024,5f41082ad9c82bd9f470109e094993b8,N/A,N/A,97%,Building Construction-general Contractors and Operative Builders,N/A,N/A,N/A,N/A,N/A
Larry Waskom,Larry,Waskom,Vice President,lwaskom@teamprm.com,Phoenix Material Management,teamprm.com,N/A,N/A,Greenwood,IN,N/A,5,15000000,15,[],39686571,catchall,N/A,0fb65e9756b425ba831d67d2d32dc605,N/A,N/A,85%,Building Construction-general Contractors and Operative Builders,N/A,N/A,N/A,N/A,N/A
Magdalena Moll Senior,Magdalena,Senior,Senior Vice President Corporate Affairs,magdalena.moll-senior@omv.com,Omv,omv.com,+14952872401,N/A,Allenton,WI,N/A,7500,24500000000,13,"[""Amazon ELB"",""Google Font API"",""Google Tag Manager"",""Java"",""Moment.js"",""jQuery""]",44081181,catchall,3/2/2023,c6379434075c8e1a10c68b5753f079b9,N/A,N/A,85%,Oil and Gas Extraction,https://facebook.com/omv,https://linkedin.com/company/omv,https://twitter.com/omv,https://instagram.com/omv,https://youtube.com/user/omvofficial
Mark A. Anchondo,Mark,Anchondo,Vice President – Information Systems,manchondo@cogc.com,Citation Oil & Gas,cogc.com,+14054750371,"2609 S County Rd 1242 Midland, TX 79706",Dickinson,ND,"=""79706""",5,27760320,13,"[""Font Awesome"",""Google Font API"",""Sucuri"",""Twitter Emoji (Twemoji)"",""WordPress"",""jQuery"",""jQuery Migrate"",""jQuery UI""]",37115688,catchall,3/2/2023,728e5714ed13a191a7ce4095190648dc,N/A,N/A,85%,Oil and Gas Extraction,N/A,N/A,N/A,N/A,N/A
Marc Difazio,Marc,Difazio,Vice President,marc@difazioind.net,Difazio Industries,difazioind.net,+17188165689,N/A,Staten Island,NY,N/A,N/A,0,15,"[""Apache"",""Debian"",""Font Awesome"",""PHP"",""WordPress"",""jQuery"",""reCAPTCHA""]",37754349,catchall,11/30/2023,14c6957ad23f61249885418b7230e70a,N/A,N/A,85%,Building Construction-general Contractors and Operative Builders,N/A,N/A,N/A,N/A,N/A
Marc Robinson,Marc,Robinson,"Senior Vice President, Enterprise Strategy ...",marc.robinson@amcol.com,Minerals,amcol.com,N/A,N/A,unknown city,unknown state,N/A,300,1000000000,10,"[""Google Analytics"",""Google Font API"",""Google Tag Manager"",""Microsoft ASP.NET"",""Sitefinity"",""jQuery"",""jQuery Migrate"",""jQuery UI""]",42343435,catchall,4/12/2022,88857bca520ce2502c4c706e7a3c651a,N/A,N/A,85%,Metal Mining,N/A,https://linkedin.com/company/minerals-technologies,N/A,N/A,N/A
Maria Peralta,Maria,Peralta,"Executive Vice President, Products",maria.peralta@akersolutions.com,Aker Solutions History And Heritage Corporate,akersolutions.com,+17136233076,"Parmelia House, Level 8, 191 St Georges Terrace, WA 6000, Perth",unknown city,unknown state,N/A,5000,3600000000,13,"[""Azure"",""CloudFlare"",""Google Analytics"",""Google Tag Manager"",""Modernizr"",""jQuery""]",43753425,catchall,3/2/2023,4091a09b9f143e2c1dba10b58fde132d,N/A,N/A,85%,Oil and Gas Extraction,https://facebook.com/akersolutions,https://linkedin.com/company/aker-solutions,https://twitter.com/akersolutions,N/A,N/A
Mario Montoya,Mario,Montoya,Operations Manager and Safety Director,mario@rawlinsonec.com,Rawlinson,rawlinsonec.com,+14692983597,"P.O. Box 830596 Richardson, TX 75083-0596",Lancaster,TX,"=""75083-0596""",N/A,0,15,"[""Apache"",""Google Analytics"",""Google Font API"",""Google Tag Manager"",""Gravity Forms"",""Modernizr"",""OpenSSL"",""Revslider"",""Twitter Emoji (Twemoji)"",""WordPress"",""Yoast SEO"",""jQuery"",""jQuery Migrate"",""reCAPTCHA""]",37629791,valid,12/1/2023,59f3dd4b15231a3a0e15af05dbb8094a,N/A,N/A,97%,Building Construction-general Contractors and Operative Builders,N/A,N/A,N/A,N/A,N/A
Mark Acre,Mark,Acre,Vice President,marka@BUILDERSGUILD.COM,"Builders Guild, Incby",BUILDERSGUILD.COM,+14802183112,N/A,Mesa,AZ,N/A,30,5700128,15,"[""Nginx"",""Twitter Emoji (Twemoji)"",""WordPress"",""jQuery"",""jQuery UI""]",37699506,catchall,N/A,a75a3051ea3611bfbd8f95937ec581cb,N/A,N/A,85%,Building Construction-general Contractors and Operative Builders,N/A,N/A,N/A,N/A,N/A
Mark Hinch,Mark,Hinch,VP Operations,mark@brandandoppenheimer.com,Brand And Oppenheimer,brandandoppenheimer.com,+14012935500,N/A,Red Bank,NJ,N/A,30,0,22,"[""Lodash"",""React"",""RequireJS"",""Wix"",""Zepto""]",40667773,catchall,N/A,498603d26098cf1ce820b3b51afcd220,N/A,N/A,85%,Textile Mill Products,N/A,N/A,N/A,N/A,N/A
Mark Elman,Mark,Elman,Sr. Vice President,mark@citadelnyc.com,Citadel Property Management,citadelnyc.com,+17864103889,"P.O. Box 1348 New York, NY 10009",West Sacramento,CA,"=""10009""",5,15000000,15,"[""Bootstrap"",""CloudFlare"",""Google Font API"",""PHP"",""Underscore.js"",""WordPress"",""YouTube"",""jQuery"",""jQuery Migrate"",""jQuery UI""]",36702628,catchall,10/22/2022,c131d89c908b72876f206fc315963199,N/A,N/A,85%,Building Construction-general Contractors and Operative Builders,https://facebook.com/pages/citadel-property-management-corp/115479578483177,https://linkedin.com/in/michael-crespo-6257b25,https://twitter.com/michaeljcrespo,N/A,https://youtube.com/channel/uceusmhpm-9q3slbcodfnaig
Mark Kendrick,Mark,Kendrick,Chief Operating Officer,markk@cmsi-biz.com,Cmsi,cmsi-biz.com,+14107719771,"11027 McCormick Rd. Hunt Valley, MD 21031",Hunt Valley,MD,"=""21031""",125,0,15,"[""Google Font API"",""Nginx"",""PHP"",""WordPress"",""Yoast SEO"",""jQuery"",""jQuery Migrate""]",36689481,valid,11/6/2023,a88bfd34c243bc14cea28d72b66765c7,N/A,N/A,97%,Building Construction-general Contractors and Operative Builders,N/A,N/A,N/A,N/A,N/A
Mark Atkins,Mark,Atkins,Vice-president,mark@linetecinc.com,Line Tec,linetecinc.com,+15612791044,"241 NW 18th Ave. Delray Beach, Fl 33444",Delray Beach,FL,"=""33444""",5,1309280,16,[],44100027,catchall,N/A,3ba08ed4026c78fdf2cbcc8ff5cbfff8,N/A,N/A,85%,Heavy Construction Other Than Building Construction-contractors,https://facebook.com/linetecinc,https://linkedin.com/company/line-tec-inc-,https://twitter.com/linetecinc,N/A,https://youtube.com/channel/uc4niquts4gt6bhleudg7qiw
Mark Bondurant,Mark,Bondurant,COO,mark@rareearthbuilders.com,Rare Earth Builders,rareearthbuilders.com,+18286691525,N/A,unknown city,AL,N/A,N/A,0,15,"[""Google Font API"",""OpenResty"",""jQuery""]",38295492,valid,5/15/2024,0d035f56623a9be84e5d20b53d14d636,N/A,N/A,97%,Building Construction-general Contractors and Operative Builders,N/A,N/A,N/A,N/A,N/A
Mark Riding,Mark,Riding,"Executive Vice President, Strategy",mark.riding@akersolutions.com,Aker Solutions History And Heritage Corporate,akersolutions.com,+17136233076,"Parmelia House, Level 8, 191 St Georges Terrace, WA 6000, Perth",unknown city,unknown state,N/A,5000,3600000000,13,"[""Azure"",""CloudFlare"",""Google Analytics"",""Google Tag Manager"",""Modernizr"",""jQuery""]",43753426,catchall,3/2/2023,ba3546ec822be2e7e21c15504c7077ce,N/A,N/A,85%,Oil and Gas Extraction,https://facebook.com/akersolutions,https://linkedin.com/company/aker-solutions,https://twitter.com/akersolutions,N/A,N/A
Mark Schuck,Mark,Schuck,"Vice President, Refinery Operations",mark.schuck@monroe-energy.com,Monroe Energy,monroe-energy.com,+16103648000,"4101 Post Road Trainer, PA 19061",Philadelphia,PA,"=""19061""",300,70000000,13,"[""Apache"",""Google Analytics"",""PHP"",""YouTube"",""jQuery""]",44467368,catchall,9/6/2024,d1669fa7e258c9e91890f4913af1e923,N/A,N/A,85%,Oil and Gas Extraction,N/A,N/A,N/A,N/A,N/A
Martin Estill,Martin,Estill,Sr. Vice President,martin.estill@fractureid.com,Fractureid.com About Our Companyour,fractureid.com,+18883921628,"216 16th Street Suite 1500 Denver, Colorado 80202216 16th Street, Suite 1500 Denver, CO 80202",Denver,CO,"=""80202""",5,1400000,13,"[""Chart.js"",""CloudFlare"",""DataTables"",""Font Awesome"",""Gauges"",""Google Analytics"",""Google Charts"",""Google Font API"",""Google Tag Manager"",""Gravatar"",""HubSpot"",""Ionicons"",""Matomo"",""MediaElement.js"",""Modernizr"",""Nginx"",""OWL Carousel"",""Revslider"",""Twitter Emoji (Twemoji)"",""WordPress"",""jQuery"",""jQuery Migrate"",""jQuery UI""]",38315500,catchall,9/10/2024,74edc96aaec8aa990eceb07dc4c837e6,N/A,N/A,85%,Oil and Gas Extraction,N/A,https://linkedin.com/company/fracture-id,N/A,N/A,N/A
Marvin Loecker,Marvin,Loecker,Vice President,marvin.loecker@p1group.com,"P1 Group, Incweb",p1group.com,+17852355331,"3030 S All Hallows Ave Wichita, KS 67217",Lenexa,KS,"=""67217""",750,15000000,15,"[""Apache"",""Google Analytics"",""Google Font API"",""Joomla"",""UIKit"",""YouTube"",""jQuery"",""jQuery Migrate""]",38609041,catchall,N/A,b0f933bd6a7fb5830e1e2ec2d2f157c0,N/A,N/A,85%,Building Construction-general Contractors and Operative Builders,https://facebook.com/p1groupinc,https://linkedin.com/company/p1-group-inc-,N/A,N/A,N/A
Mary Jo Austin,Mary,Austin,Vice President,mary.jo-austin@rockcliffenergy.com,Rockcliff Energy,rockcliffenergy.com,+17133510505,"1301 McKinney St. Suite 1300 Houston, Texas 77010",Houston,TX,"=""77010""",75,61800000,13,"[""RequireJS"",""Sentry"",""Wix""]",41694436,catchall,3/2/2023,edfb512dfe94af8727a28e4c5de86303,N/A,N/A,85%,Oil and Gas Extraction,N/A,N/A,N/A,N/A,N/A
Matt Hubbard,Matt,Hubbard,Vice President,matt@AtlasTubular.com,Atlas Tubular,AtlasTubular.com,+14325615715,"1710 S. Hwy 77 Robstown, TX 78380Atlas Tubular, LLC. P.O. Box 431 Robstown, TX 78380",Robstown,TX,"=""78380""",125,0,13,"[""Apache"",""Joomla"",""MooTools"",""PHP""]",36690830,catchall,N/A,db046a712ecc565030aa1ba3784d879a,N/A,N/A,85%,Oil and Gas Extraction,https://facebook.com/pages/atlas-tubular-lp/382516205139767,N/A,N/A,N/A,N/A
Matt Morman,Matt,Morman,Vice President of Operations,matt.morman@tourgreens.com,Tour Greens,theputtinggreencompany.com,+17818449200,"205 Boring Drive, Dalton, GA 30721",Dalton,GA,"=""30721""",5,694720,16,"[""Apache"",""Facebook"",""Google Analytics"",""Google Font API"",""Modernizr"",""Typekit"",""ZURB Foundation"",""jQuery""]",43682426,catchall,11/17/2021,ab8b01ff8a3d737702ea1420209e4edf,N/A,N/A,85%,Heavy Construction Other Than Building Construction-contractors,https://facebook.com/tourgreensusa,N/A,https://twitter.com/tourgreensusa,N/A,https://youtube.com/channel/ucirlw_ecwjszf9iiw98tczw
Matt Lanza,Matt,Lanza,Executive Vice President,matt@rogerknight.net,Roger Knight,rogerknightconstruction.com,+18017461058,N/A,Salt Lake City,UT,N/A,N/A,15000000,15,"[""Gentoo"",""OpenResty"",""PHP"",""WordPress"",""jQuery"",""jQuery Migrate""]",39669811,catchall,N/A,3637194e975f3448dc17b569abe8c4eb,N/A,N/A,85%,Building Construction-general Contractors and Operative Builders,N/A,https://linkedin.com/company/roger-knight-construction,N/A,https://instagram.com/rogerknightconstruction,N/A
Matt Landis,Matt,Landis,Vice President,matt@spinieo.com,Spinieo Landscaping,spinieo.com,+12156194544,N/A,Montgomeryville,PA,N/A,30,7000000,15,[],38863446,catchall,N/A,86dd2f3d811df8848001783dcc3ce08a,N/A,N/A,85%,Building Construction-general Contractors and Operative Builders,https://facebook.com/spinieoinc,https://linkedin.com/company/spinieo-inc-,https://twitter.com/spinieo,N/A,N/A
Mauricio Quintero Vice,Mauricio,Vice,Vice President of Sales / Commercial Director,mauricio@elastomerinc.net,Elastomer,elastomerinc.net,+13054368956,"Suite 209 Miami, Florida 33178",Miami,FL,"=""33178""",N/A,0,22,"[""Google Analytics"",""IIS"",""Lightbox"",""Microsoft ASP.NET"",""WordPress"",""jQuery"",""jQuery Migrate""]",37074588,valid,8/18/2023,87bad1dba5da15b445eecde19fdb5150,N/A,N/A,97%,Textile Mill Products,N/A,N/A,N/A,N/A,N/A
Maggie Clines,Maggie,Clines,Vice President + Creative Director – Anchal,mclines@anchalproject.org,Anchal Project,anchalproject.org,+15027094377,"PO Box 7392 Louisville, KY 402572500 Montgomery Street Louisville, KY 40212",Louisville,KY,"=""40212""",30,5700128,22,"[""CloudFlare"",""Shopify""]",39577092,catchall,6/2/2021,4f86a08a506886073104f51969cd76b0,N/A,N/A,85%,Textile Mill Products,https://facebook.com/theanchalproject,N/A,N/A,https://instagram.com/anchalproject,N/A
Mike Coco,Mike,Coco,Vice President,mcoco@rmcoco.com,Rm Coco Corporatepo,rmcoco.com,+18043535224,"P.O. Box 1270 Cape Girardeau, MO 63702-1270",Cape Girardeau,MO,"=""63702-1270""",125,9800000,22,[],44333921,catchall,N/A,6f81a3ccce2ec78ec15590575eeee3e8,N/A,N/A,85%,Textile Mill Products,https://facebook.com/rmcocodecorltd,N/A,https://twitter.com/bhw103120,https://instagram.com/rm_coco,https://youtube.com/user/rmcocofabric
Michael Cullen,Michael,Cullen,"– Vice President, Asset Management",mcullen@procgroup.com,Procaccianti Group,procgroup.com,+13108772196,"1140 Reservoir Avenue Cranston, RI 02920",Cranston,RI,"=""02920""",N/A,0,15,"[""Bootstrap"",""Font Awesome"",""Google Analytics"",""Google Font API"",""IIS"",""Modernizr"",""OWL Carousel"",""PHP"",""Revslider"",""Twitter Emoji (Twemoji)"",""WordPress"",""Yoast SEO"",""jQuery"",""jQuery Migrate"",""jQuery UI"",""prettyPhoto""]",36272680,catchall,N/A,ee070b5830b77f9bc9fbbc3b90d1a3e3,N/A,N/A,85%,Building Construction-general Contractors and Operative Builders,N/A,N/A,N/A,N/A,N/A
Debbie Murphy,Debbie,Murphy,Vice President,mdebbie@emberclear.com,Emberclear,emberclear.com,+15707936012,"Suite 104 A Moosic, Pa 18507",unknown city,unknown state,"=""18507""",5,7000000,13,"[""Google Font API"",""OpenResty"",""Twitter Emoji (Twemoji)"",""WordPress"",""Yoast SEO"",""animate.css"",""jQuery"",""jQuery Migrate""]",45145406,catchall,N/A,974b4c358f394f5079a2814c418914b4,N/A,N/A,85%,Oil and Gas Extraction,N/A,https://linkedin.com/company/gepower,https://twitter.com/ge_power,N/A,N/A
Mike Dillard,Mike,Dillard,Vice President,mdillard@panaceainc.net,Panacea,panaceainc.net,+17032552100,"100 East Street,SE, Suite101, Vienna,Virginia 22180     703.255.2100     703.255.6676 (fax)",Vienna,VA,N/A,125,15000000,15,"[""Google Font API"",""Polyfill"",""RequireJS"",""Sentry"",""Wix""]",37246061,valid,11/6/2023,aef18d990c86b1c9ed391efa224b4d7e,N/A,N/A,97%,Building Construction-general Contractors and Operative Builders,https://facebook.com/pages/panacea-inc/742785849076691,https://linkedin.com/company/3715961,N/A,N/A,N/A
Mark Duncan,Mark,Duncan,VP Operations,mduncan@Nationsroof.com,Nations Roof,Nationsroof.com,+15103065046,"1633 Blairs Bridge Road Lithia Springs, GA1633 Blairs Bridge Road Lithia Springs, GA 30122",Lithia Springs,GA,"=""30122""",750,154210747,15,"[""Bootstrap"",""Font Awesome"",""Google Analytics"",""Google Tag Manager"",""Lightbox"",""Modernizr"",""Nginx"",""OWL Carousel"",""TrackJs"",""WordPress"",""YouTube"",""jQuery"",""jQuery UI""]",42203980,catchall,11/6/2023,d125fb027a5d72e848afa8a9e16760fb,N/A,N/A,85%,Building Construction-general Contractors and Operative Builders,N/A,https://linkedin.com/company/542732,N/A,N/A,https://youtube.com/channel/ucsbvp7pvfrqxtvrveeaoeyq
Michele Fischer Vice,Michele,Vice,Vice President Investor Relations,mfischer-vice@amg-nv.com,Amg Corporate,amg-nv.com,+18003188662,"60790 Southgate Road Cambridge, OH 43725",Pottstown,PA,"=""43725""",75,971100000,10,"[""Bootstrap"",""Google Analytics"",""Google Font API"",""Google Tag Manager"",""Modernizr"",""Nginx"",""Snap.svg"",""Twitter Emoji (Twemoji)"",""WP Engine"",""WordPress"",""Yoast SEO"",""jQuery"",""jQuery Migrate""]",38912893,catchall,4/12/2022,f9006b7f60ca0c003d29e207d8c9a9bd,N/A,N/A,85%,Metal Mining,N/A,N/A,N/A,N/A,N/A
Mark Fuqua,Mark,Fuqua,Senior Vice President of Commercial and Business Development,mfuqua@canyonmidstream.com,Canyon Midstream,canyonmidstream.com,+18882580808,"6005 Eastridge Rd. Suite 110 Odessa, TX 79762",Houston,TX,"=""79762""",75,6000000,13,"[""Apache"",""Font Awesome"",""Google Analytics"",""Google Font API"",""Twitter Emoji (Twemoji)"",""WordPress"",""Yoast SEO"",""jQuery"",""jQuery UI""]",40927739,catchall,3/2/2023,236c635b2f4826ce733d156baa849b34,N/A,N/A,85%,Oil and Gas Extraction,N/A,N/A,N/A,N/A,N/A
Mark Gallagher,Mark,Gallagher,Vice President,mgallagher@seal-harbor.com,Seal Harbor,seal-harbor.com,+19788810385,N/A,Littleton,MA,N/A,30,5700128,15,"[""Apache"",""Facebook"",""Font Awesome"",""Google Analytics"",""Google Font API"",""Google Tag Manager"",""PHP"",""Twitter Emoji (Twemoji)"",""WordPress"",""Yoast SEO"",""jQuery"",""jQuery Migrate""]",41024561,catchall,N/A,4d373915962dc0e507a7c9f0d0d730e8,N/A,N/A,85%,Building Construction-general Contractors and Operative Builders,https://facebook.com/sealharbor,N/A,N/A,N/A,N/A
Mark Henning,Mark,Henning,"Director, Clinical & Operational Performance Improvement",mhenning@qhr.com,Qhr,qhr.com,+16153717979,"1573 Mallory Lane, Suite 200 Brentwood, TN",Broken Arrow,OK,N/A,30,3469200,15,"[""Font Awesome"",""Google Analytics"",""Google Font API"",""Google Tag Manager"",""Nginx"",""Slick"",""Twitter Emoji (Twemoji)"",""WP Engine"",""WordPress"",""ZURB Foundation"",""animate.css"",""jQuery"",""jQuery Migrate""]",39818762,valid,11/6/2023,a2fe25a096fde5896c841bd6b9a7fe63,N/A,N/A,97%,Building Construction-general Contractors and Operative Builders,N/A,N/A,N/A,N/A,N/A
Michael Rowland,Michael,Rowland,Vice President,michael@americanroofing.us,American Roofing Sheet Metal,americanroofing.us,+18449376631,"1 Helmer Ave. West Winfield, NY 13491Address: 1 Helmer Ave. West Winfield, NY 13491",West Winfield,NY,"=""13491""",N/A,0,15,"[""Font Awesome"",""Google Font API"",""OpenResty"",""PHP"",""Twitter Emoji (Twemoji)"",""WordPress"",""jQuery"",""jQuery Migrate""]",40332122,valid,5/15/2024,e7811e96a9ee1b049839231d78364fd5,N/A,N/A,97%,Building Construction-general Contractors and Operative Builders,https://facebook.com/americanroofingus,N/A,https://twitter.com/americanroofin4,N/A,N/A
Michael Nuss,Michael,Nuss,Executive Vice President U.s. & Latin America Operations,michael.nuss@ensignenergy.com,Ensign Energy Services,ensignenergy.com,+17805390703,"410 17th Street, Suite 1200 Denver, Colorado 80202",Houston,TX,"=""80202""",3000,654600000,13,[],37546333,catchall,3/2/2023,01ad8a02aa1dd1160d3af0e768666e93,N/A,N/A,85%,Oil and Gas Extraction,https://facebook.com/ensign-energy-45665635750,https://ca.linkedin.com/company/ensign-energy-services,https://twitter.com/ensignenergyinc,N/A,N/A
Michael Pranger,Michael,Pranger,Vice President of Operations,michael.pranger@digcastle.com,Castle Contracting,digcastle.com,+13142319157,"Suite 302 Webster Groves, MO 63119",Brentwood,TN,"=""63119""",N/A,0,15,"[""Acquia Cloud"",""Drupal"",""Google Analytics"",""Google Tag Manager"",""Nginx"",""Varnish"",""jQuery""]",40862738,catchall,N/A,b9cdef8429419778b2b28efc8ece84e1,N/A,N/A,85%,Building Construction-general Contractors and Operative Builders,https://facebook.com/digcastle,https://linkedin.com/company/castle-contracting,https://twitter.com/digcastle,N/A,https://youtube.com/channel/ucuboadipzpjx6jttz1egr9a
Michael Lamonica,Michael,Lamonica,Vp/manager,michael@syrstone.com,Syrstone,syrstone.com,+13154588197,"7395 Taft Park Drive East Syracuse, NY 13057",North Syracuse,NY,"=""13057""",5,2889600,15,"[""Google Font API"",""RequireJS"",""Sentry"",""Wix""]",36516600,catchall,11/17/2021,3191166c3e3ff9d5a72074d0e6f1f686,N/A,N/A,85%,Building Construction-general Contractors and Operative Builders,https://facebook.com/wix,https://linkedin.com/company/wix-com,N/A,N/A,N/A
Michael Walker,Michael,Walker,"Vp, Business Development",michael.walker@enablemidstream.com,Enable Midstream,enablemidstream.com,+18669777374,N/A,unknown city,unknown state,N/A,3000,2300000000,13,"[""Facebook"",""Google Analytics"",""IIS"",""Microsoft ASP.NET"",""Modernizr"",""SWFObject"",""YouTube"",""jQuery""]",45457890,catchall,3/2/2023,04d4d1c335a3bd1664b5296361b9945d,N/A,N/A,85%,Oil and Gas Extraction,N/A,N/A,N/A,N/A,N/A
Michelle Grau,Michelle,Grau,Vice President - Pci -,michelleg@professionalconstructioninc.com,Professional Construction,professionalconstructioninc.com,+12623630886,"108 Wilmont Drive | Waukesha, WI 53189",Waukesha,WI,"=""53189""",30,5700128,15,"[""Google Font API"",""Microsoft Word"",""Modernizr"",""Squarespace"",""Typekit"",""YUI""]",36713448,valid,7/2/2024,a69af57661d900601d40d8c6459a42a5,N/A,N/A,97%,Building Construction-general Contractors and Operative Builders,N/A,N/A,N/A,N/A,N/A
Mike Carnaghi,Mike,Carnaghi,Vice President,mike@carnaghi.com,Carnaghi,carnaghi.com,+15867917171,"24388 Sorrentino Court Clinton Township, MI 48035",Clinton Township,MI,"=""48035""",N/A,0,15,"[""Google Analytics"",""NextGEN Gallery"",""Nginx"",""Twitter Emoji (Twemoji)"",""WP Engine"",""WordPress"",""Yoast SEO"",""jQuery"",""jQuery Migrate""]",37819477,catchall,N/A,68f1ecc0331295e8f229647efc6ad06d,N/A,N/A,85%,Building Construction-general Contractors and Operative Builders,N/A,N/A,N/A,N/A,N/A
Mike Otoole,Mike,Otoole,Director of Operations,mike@fitzpatrickdrywall.com,Fitzpatrick Drywall All,fitzpatrickdrywall.com,+12159478334,N/A,Jim Thorpe,PA,N/A,N/A,323010,15,"[""Apache Traffic Server""]",41002347,catchall,N/A,a2b4db1fe5e189bfd52f2476f0b5e9dc,N/A,N/A,85%,Building Construction-general Contractors and Operative Builders,N/A,N/A,N/A,N/A,N/A
Mike Mattson,Mike,Mattson,Director of Operations,mike@mattsonconstruction.com,Mattsonconstruction.commike,mattsonconstruction.com,+14809468019,"P.O. Box 27842 Tempe, Arizona 85285",Mesa,AZ,"=""85285""",30,5700128,15,"[""Apache"",""Bootstrap"",""Facebook"",""Google Analytics"",""Google Font API"",""Google Tag Manager"",""Modernizr"",""WP Rocket"",""WordPress"",""jQuery"",""jQuery Migrate""]",36268894,catchall,10/7/2024,75fd2d8c9f4a15163d82519ea490a1eb,N/A,N/A,85%,Building Construction-general Contractors and Operative Builders,N/A,https://linkedin.com/in/mike-mattson-04439564,N/A,N/A,N/A
Mike Burke,Mike,Burke,COO,mike@nwlifestylehomes.com,Nw Lifestyle Homes,nwlifestylehomes.com,+14254177817,"PO Box 1637 Mercer Island, WA 98040",Mercer Island,WA,"=""98040""",5,1638653,15,"[""All in One SEO Pack"",""Font Awesome"",""Google Font API"",""OpenResty"",""PHP"",""Twitter Emoji (Twemoji)"",""WP Rocket"",""WordPress"",""jQuery"",""jQuery Migrate""]",36724440,valid,5/15/2024,720bbb065b9ae1b6aa7b7fd5db4be9d7,N/A,N/A,97%,Building Construction-general Contractors and Operative Builders,https://facebook.com/nwlifestylehomes,N/A,https://twitter.com/nwlshomes,https://instagram.com/nwlifestylehomes,N/A
Mike Raby,Mike,Raby,Director of Operations,mike@roofsolutions.net,Roof Solutions,roofsolutions.net,+17136643667,3813 Linkview Drive Houston TX 77025,Houston,TX,"=""77025""",N/A,0,15,"[""Font Awesome"",""Google Font API"",""Lightbox"",""Modernizr"",""PHP"",""Revslider"",""Twitter Emoji (Twemoji)"",""WooCommerce"",""WordPress"",""Yoast SEO"",""jQuery"",""jQuery Migrate""]",41209778,valid,5/15/2024,5d26b7c245472cc3f08d50dea47b67d5,N/A,N/A,97%,Building Construction-general Contractors and Operative Builders,https://facebook.com/roofsolutionsdotnet,N/A,https://twitter.com/roof_mike,N/A,N/A
Mike Stivers,Mike,Stivers,Director of National Account Sales,mike.stivers@roofconnect.com,Roofconnect,roofconnect.com,+18779425613,N/A,Sheridan,AR,N/A,125,50000000,15,"[""Act-On"",""Elementor"",""Font Awesome"",""Google Analytics"",""Google Font API"",""Lightbox"",""Nginx"",""Twitter Emoji (Twemoji)"",""WordPress"",""YouTube"",""jQuery"",""jQuery Migrate""]",36979815,catchall,11/29/2023,6f28c8135171e47725d9c78fede63621,N/A,N/A,85%,Building Construction-general Contractors and Operative Builders,https://facebook.com/roofconnect,https://linkedin.com/company/roofconnect,https://twitter.com/roofconnect,N/A,N/A
Millie Johnson,Millie,Johnson,Vice President,millie@apicc.org,Alaska Safety Alliance,apicc.org,+19077705250,"2600 Cordova Street, Suite 105 Anchorage, AK 995032600 Cordova Suite 105 Anchorage AK 99503",Anchorage,AK,"=""99503""",5,1638653,13,"[""Bootstrap"",""FancyBox"",""Google Tag Manager"",""Moment.js"",""WooCommerce"",""WordPress"",""jQuery"",""jQuery Migrate"",""reCAPTCHA"",""Litespeed Cache""]",38653151,catchall,3/2/2023,2764bc3526a27624e469ec836253befa,N/A,N/A,85%,Oil and Gas Extraction,https://facebook.com/alaskasafetyalliance,https://linkedin.com/company/apicc---alaska-process-industry-careers-consortium,https://twitter.com/aksafetya,https://instagram.com/alaskasafetyalliance,https://youtube.com/channel/ucgdpkgxovpjg-svpdo1r1wg
Mona Jasinski,Mona,Jasinski,"Executive Vice President, People and Culture",mjasinski@vermilionenergy.com,Vermilion Energy,vermilionenergy.com,+14037821024,N/A,unknown city,unknown state,N/A,750,13000000,13,"[""Apache"",""FancyBox"",""Google Analytics"",""Google Tag Manager"",""Prefix-Free"",""jQuery"",""jQuery UI""]",40720058,catchall,3/2/2023,cd3e1c28a63c3b59dece33d6fe89eacc,N/A,N/A,85%,Oil and Gas Extraction,N/A,https://linkedin.com/company/vermilion-energy,N/A,N/A,N/A
Michael John,Michael,John,Vice President,mjohn@sdcweb.org,Sdc,sdcweb.org,+12026380320,"321 W. 44th Street Suite 804 New York, NYThe Plant at 321 W. 44th Street in New York City",New York,NY,N/A,N/A,0,15,[],40026001,catchall,11/6/2023,0a95974232e30246e44ddc9fe0074c18,N/A,N/A,85%,Building Construction-general Contractors and Operative Builders,https://facebook.com/292654549892,https://linkedin.com/company/stage-directors-and-choreographers-society-sdc-,https://twitter.com/sdcweb,https://instagram.com/sdc_union,N/A
Michael Kimball,Michael,Kimball,Executive Vice President of Land &amp; Title,mkimball@penn-york.com,Penn-york,penn-york.com,+13032963465,"210 North Barry Street Olean, NY 14760",Olean,NY,"=""14760""",30,5700128,13,"[""OpenResty"",""ZURB Foundation""]",46590948,catchall,N/A,37a3d0a6c1781dde4a25000c8637cbca,N/A,N/A,85%,Oil and Gas Extraction,N/A,N/A,N/A,N/A,N/A
Mark Lathers Vice,Mark,Vice,Vice President,mlathers-vice@kellyconstructiondesign.com,Kelly Construction & Design Llc4518,kellyconstructiondesign.com,+13127202400,"4518 W. Irving Park Road Chicago IL 606414518 W. Irving Park Rd. Chicago, Illinois 60641",Chicago,IL,"=""60641""",N/A,0,15,"[""Squarespace"",""Typekit"",""YUI"",""webpack""]",45944871,catchall,N/A,6b3dd38cea0b04c497930268d0762a05,N/A,N/A,85%,Building Construction-general Contractors and Operative Builders,N/A,N/A,N/A,N/A,N/A
Meg Lusardi,Meg,Lusardi,Executive Vice President,mlusardi@poweroptions.org,Power Options,poweroptions.org,+16174284260,"129 South Street, 5th Floor Boston, MA 02111",Boston,MA,"=""02111""",30,5700128,13,"[""CloudFlare"",""Font Awesome"",""Google Analytics"",""Google Font API"",""Google Tag Manager"",""HubSpot"",""MediaElement.js"",""Nginx"",""WordPress"",""ZURB Foundation"",""animate.css"",""jQuery"",""jQuery Migrate""]",43677006,catchall,3/2/2023,8f054c3046baf8bde7433359a1146962,N/A,N/A,85%,Oil and Gas Extraction,https://facebook.com/poweroptionsinc,https://linkedin.com/company/poweroptions-inc.,https://twitter.com/poweroptions,N/A,N/A
Matt Metzger,Matt,Metzger,"General Manager, VP Marketing",mmetzger@dmelift.com,Dme Elevators & Lifts,dmelift.com,+18008422239,"1992 University Lane Lisle, IL 60532",Lisle,IL,"=""60532""",30,5700128,15,"[""All in One SEO Pack"",""Google Analytics"",""Google Font API"",""Lightbox"",""NextGEN Gallery"",""Slick"",""WordPress"",""jQuery"",""jQuery Migrate"",""jQuery UI""]",37831431,valid,5/15/2024,1773893464d83ed99c163ffadc65a05b,N/A,N/A,97%,Building Construction-general Contractors and Operative Builders,https://facebook.com/dmeelevatorslifts,N/A,N/A,N/A,https://youtube.com/channel/ucocwor5edcicdgh2rann5la
Mark A. Miller,Mark,Miller,"Vice President, Communications & Administration",mmiller@hrvinc.com,Hrv Conformance Verification,hrvinc.com,+14122992007,"420 Rouser Road, Suite 400 Moon Township, PA 15108",Moon Township,PA,"=""15108""",125,0,15,"[""Nginx"",""Revslider"",""Twitter Emoji (Twemoji)"",""WP Engine"",""WooCommerce"",""WordPress"",""Yoast SEO"",""ZURB Foundation"",""jQuery"",""jQuery Migrate"",""reCAPTCHA""]",36451880,catchall,N/A,3748a5539542583a68eab00613ae43a2,N/A,N/A,85%,Building Construction-general Contractors and Operative Builders,N/A,N/A,N/A,N/A,N/A
Matt Moss,Matt,Moss,Vice President,mmoss@fhpaschen.com,Fh Paschen,fhpaschen.com,+12179937003,"5515 N. East River Road Chicago, IL 60656",Chicago,IL,"=""60656""",30,12745800,15,"[""AngularJS"",""Apache"",""Bootstrap"",""Facebook"",""Font Awesome"",""Google Analytics"",""Google Font API"",""Google Tag Manager"",""Lightbox"",""OWL Carousel"",""Revslider"",""TrackJs"",""Twitter Emoji (Twemoji)"",""Underscore.js"",""W3 Total Cache"",""WordPress"",""Yoast SEO"",""animate.css"",""jQuery"",""jQuery Migrate"",""jQuery UI"",""prettyPhoto"",""reCAPTCHA""]",42464071,catchall,11/6/2023,b5eca2be6dfc1de1f442270d3e5e29e5,N/A,N/A,85%,Building Construction-general Contractors and Operative Builders,https://facebook.com/fhpaschen,https://linkedin.com/company/f-h--paschen,https://twitter.com/fhpaschen,https://instagram.com/fhpaschen,N/A
Mcgovern Sinn,Mcgovern,Sinn,Vice President,mmsinn@fresh-air.net,Fresh Air Heating,fresh-air.net,+16365300070,N/A,Chesterfield,MO,N/A,N/A,15000000,15,"[""Apache"",""CloudFlare"",""Google Analytics"",""Google Font API"",""Google Tag Manager"",""Handlebars"",""Modernizr"",""OpenSSL"",""YouTube"",""jQuery"",""jQuery UI"",""reCAPTCHA""]",37700748,catchall,N/A,78d1dbf21df5475540342551724722f8,N/A,N/A,85%,Building Construction-general Contractors and Operative Builders,https://facebook.com/freshairheatingandcooling,N/A,https://twitter.com/freshairstl,N/A,https://youtube.com/channel/uciotse4rzdyjd-kazzuqcaw
Mel Ochoa,Mel,Ochoa,Chief Operating Officer,mochoa@landmarkventures.com,Landmark Ventures,landmarkventures.com,+12122688500,N/A,Decatur,GA,N/A,N/A,0,15,"[""Apache"",""Font Awesome"",""Google Analytics"",""Google Font API"",""PHP"",""Typekit"",""Ubuntu"",""WordPress"",""jQuery"",""jQuery Migrate"",""prettyPhoto""]",44893930,valid,5/15/2024,302d12952ce756ef3a9824e6910630dc,N/A,N/A,97%,Building Construction-general Contractors and Operative Builders,https://facebook.com/landmark-ventures-138752542808379,https://linkedin.com/company/landmark-ventures,https://twitter.com/landmark,N/A,N/A
Michelle Qian,Michelle,Qian,"Vp, Operations",m.qian@quadrantmagnetics.com,Quadrant Magnetics,quadrantmagnetics.com,+15025899650,"12500 Plantside Drive Louisville, Kentucky 40299",Louisville,KY,"=""40299""",5,1638653,10,"[""Apache"",""Google Analytics"",""Google Font API"",""Twitter Emoji (Twemoji)"",""WordPress"",""jQuery"",""jQuery Migrate""]",38828005,catchall,N/A,82e6bf208faa1794d12f7bb874de8c43,N/A,N/A,85%,Metal Mining,N/A,N/A,N/A,N/A,N/A
Michael Rappaport,Michael,Rappaport,Director of Sales,mrappaport@gradealube.com,Grade A Petroleum,gradealube.com,+15168255544,"90 East Hawthorne Avenue Valley Stream, NY 1158090 East Hawthorne Avenue  Valley Stream  New York  11580",Valley Stream,NY,"=""11580""",N/A,0,13,"[""Apache"",""DreamWeaver"",""jQuery""]",37337353,valid,7/28/2023,6771aefca7c12e1e2c95f8218dff47f9,N/A,N/A,97%,Oil and Gas Extraction,N/A,N/A,N/A,N/A,N/A
Mark Redwood,Mark,Redwood,"Executive Vice President - Water, Climate & Environment Division",mredwood@cowater.com,Cowater,cowater.com,+16137226434,N/A,Anchorage,AK,N/A,N/A,0,15,"[""AddThis"",""Apache"",""Bootstrap"",""Font Awesome"",""Google Analytics"",""Google Font API"",""Google Tag Manager"",""PHP"",""Revslider"",""Slick"",""Twitter Emoji (Twemoji)"",""WordPress"",""Yoast SEO"",""jQuery"",""jQuery Migrate""]",36426935,catchall,11/6/2023,6f5d228ad8890f88ffe6a09734d47bb5,N/A,N/A,85%,Building Construction-general Contractors and Operative Builders,https://facebook.com/cowatersogema,https://linkedin.com/company/cowaterinternational,https://twitter.com/cowater_intl,https://instagram.com/cowater.sogema/,N/A
Miguel Rentas,Miguel,Rentas,Operations Director,mrentas@sagewater.com,Sagewater,sagewater.com,+18885849990,North Ridge Court Midland / Texas,Alexandria,VA,N/A,125,25000000,15,"[""Bootstrap"",""CloudFlare"",""Google Font API"",""Google Tag Manager"",""Modernizr"",""WP Engine"",""WordPress"",""jQuery"",""jQuery Migrate""]",39630065,catchall,N/A,6466b99121813493e84b94ffc3e9aa1b,N/A,N/A,85%,Building Construction-general Contractors and Operative Builders,https://facebook.com/sagewater,https://linkedin.com/company/sagewater,https://twitter.com/sagewater,N/A,N/A
Matt Seiler,Matt,Seiler,Vp.,ms@2thecreek.com,Hidden Creek Landscaping3940,2thecreek.com,+16147774255,"3940 Scioto Darby Creek Rd, Hilliard, Ohio 43026",Columbus,OH,"=""43026""",5,15000000,15,"[""Apache"",""Facebook"",""PHP"",""jQuery""]",38282573,catchall,11/6/2023,b67984a202d0299a3282d3af0951be5e,N/A,N/A,85%,Building Construction-general Contractors and Operative Builders,https://facebook.com/2thecreek,N/A,https://twitter.com/hiddencreekland,https://instagram.com/hiddencreeklandscaping,N/A
Michael Schweitzer,Michael,Schweitzer,"Vice President, Development",mschweitzer@nidcinc.com,Nidcinc,nidcinc.com,+17128323665,N/A,Lake Park,IA,N/A,125,0,10,"[""AddThis"",""OpenResty"",""jQuery"",""jQuery UI""]",38483327,catchall,N/A,58f69c081cb47ff04ac202429b4b21b5,N/A,N/A,85%,Metal Mining,https://facebook.com/pages/northern-iowa-die-casting/194304433986421,N/A,https://twitter.com/#!/nidcinc,N/A,N/A
Michael Thompson,Michael,Thompson,Chief Financial Officer,mthompson@okroofing.com,Oklahoma Roofing & Sheet Metal,okroofing.com,+14056701429,"PO Box 96528 Oklahoma City, OK 731431708 S. Lowry Ave. Oklahoma City, OK 73129",Oklahoma City,OK,"=""73129""",30,18699200,15,"[""Google Font API"",""Nginx"",""Twitter Emoji (Twemoji)"",""WordPress"",""Yoast SEO"",""jQuery"",""jQuery Migrate"",""prettyPhoto""]",36231213,catchall,10/6/2023,d2b53ab2431dfde16aae8752a6db81ff,N/A,N/A,85%,Building Construction-general Contractors and Operative Builders,N/A,N/A,https://twitter.com/okroof73129,N/A,N/A
Malcolm Wells,Malcolm,Wells,Vice President of Corporate Affairs,mwells@niquanenergy.com,Niquan Energy,niquanenergy.com,+12023187776,"1627KSt, NW Suite 901 Washington, DC 20006",Houston,TX,"=""20006""",5,1638653,13,"[""Amazon ELB"",""Apache"",""CentOS"",""CloudFlare"",""Crazy Egg"",""Drupal"",""Google Analytics"",""Google Font API"",""PHP"",""Segment"",""jQuery""]",39155564,catchall,3/2/2023,3fd80378dd566ff532ccf8c007042fc8,N/A,N/A,85%,Oil and Gas Extraction,N/A,N/A,N/A,N/A,N/A
Michael Williams,Michael,Williams,Vice President,mwilliams@enpuricon.com,Enpuricon,enpuricon.com,+19193879700,"2431 Schieffelin Road Apex, North Carolina 275022431 Schieffelin Road Apex, NC 27502",Apex,NC,"=""27502""",N/A,0,15,"[""Apache"",""Font Awesome"",""Twitter Emoji (Twemoji)"",""WordPress"",""jQuery"",""jQuery Migrate""]",39380386,valid,5/15/2024,ed3a12bf3b988a59cc4daf56ee6d8df6,N/A,N/A,97%,Building Construction-general Contractors and Operative Builders,N/A,N/A,N/A,N/A,N/A
Nancy Johnson,Nancy,Johnson,Vice President,nancy@northeastern-landscape.com,Landscape Maintenance,northeastern-landscape.com,+18454292110,N/A,Stony Point,NY,N/A,N/A,0,15,"[""Apache"",""Bootstrap"",""Google Analytics"",""Google Font API"",""Lightbox"",""Modernizr"",""PHP"",""Twitter Emoji (Twemoji)"",""WordPress"",""Yoast SEO"",""jQuery"",""jQuery Migrate""]",39830416,valid,5/15/2024,12f210f7027a29d6c892bd98f601c73c,N/A,N/A,97%,Building Construction-general Contractors and Operative Builders,https://facebook.com/northeasternlandscapelawncarellc,N/A,N/A,N/A,N/A
Nancy A. Anglin,Nancy,Anglin,Vice President – Human Resources & Corporate Administration,nanglin@cogc.com,Citation Oil & Gas,cogc.com,+14054750371,"2609 S County Rd 1242 Midland, TX 79706",Dickinson,ND,"=""79706""",5,27760320,13,"[""Font Awesome"",""Google Font API"",""Sucuri"",""Twitter Emoji (Twemoji)"",""WordPress"",""jQuery"",""jQuery Migrate"",""jQuery UI""]",37115689,catchall,5/5/2024,26678e918e2561ee0aa7db02e0ce2787,N/A,N/A,85%,Oil and Gas Extraction,N/A,N/A,N/A,N/A,N/A
Naoki Tsutsumi,Naoki,Tsutsumi,Senior Vice President,naoki.tsutsumi@egco.com,Egco Group,egco.com,+16629985000,N/A,unknown city,unknown state,N/A,75,13000000,13,"[""Apache"",""Bootstrap"",""Google Font API"",""Google Tag Manager"",""PHP"",""jQuery""]",42310079,catchall,3/2/2023,6255a974ff45b3240159e065eaa10883,N/A,N/A,85%,Oil and Gas Extraction,N/A,N/A,N/A,N/A,N/A
Nathan Parker,Nathan,Parker,Vice President,nathan@parkerslandscape.com,Parker's Landscape Svc,parkerslandscape.com,+19193678618,N/A,Apex,NC,N/A,N/A,0,15,"[""Apache"",""Bootstrap"",""Lightbox"",""Twitter Emoji (Twemoji)"",""WordPress"",""jQuery"",""jQuery Migrate""]",41854499,catchall,N/A,f0879fd0461e4a6f5e1cdd7611926c59,N/A,N/A,85%,Building Construction-general Contractors and Operative Builders,N/A,N/A,N/A,N/A,N/A
Naomi Coxwell,Naomi,Coxwell,VP Commercial,ncoxwell@atlanticlng.com,Lng Terms,atlanticlng.com,+18686242916,N/A,unknown city,unknown state,N/A,750,600000000,13,"[""Google Analytics"",""Joomla"",""Lightbox"",""MooTools"",""Nginx"",""PHP"",""jQuery"",""jQuery Migrate"",""jQuery UI""]",39645843,catchall,N/A,0087f30dd5ac84ffa52c8839583d126d,N/A,N/A,85%,Oil and Gas Extraction,https://facebook.com/atlanticlngtt,N/A,https://twitter.com/atlanticlng,https://instagram.com/atlanticlng,N/A
Nancy Halliburton,Nancy,Halliburton,Vice President Business Development,nhalliburton@summitfloors.com,Summit Floorshomeinstallationflooringcontactrecent,summitfloors.com,+18323995700,"15210 Chaplin Street,Houston, TX 77032",Akron,OH,"=""77032""",N/A,0,15,"[""Google Font API"",""OpenResty"",""jQuery""]",42801665,catchall,N/A,d177c1ee49296654715ec2f245119d13,N/A,N/A,85%,Building Construction-general Contractors and Operative Builders,N/A,N/A,N/A,N/A,N/A
Nate Haney,Nate,Haney,"Senior Vice President, Government Relations",nhaney@braidyindustries.com,Braidy,braidyindustries.com,+16466389891,"P.O. Box 2065 Ashland, KY 41105-2065",Ashland,OR,"=""41105-2065""",30,7000000,10,"[""All in One SEO Pack"",""Google Analytics"",""Google Font API"",""Google Tag Manager"",""Lightbox"",""MediaElement.js"",""Nginx"",""Plesk"",""Select2"",""TweenMax"",""Twitter"",""Twitter Emoji (Twemoji)"",""Underscore.js"",""WordPress"",""jQuery"",""jQuery Migrate"",""jQuery UI""]",38178601,catchall,12/15/2020,894b014c3b0fab370279a0627a7ebae6,N/A,N/A,85%,Metal Mining,https://facebook.com/braidyindustries,https://linkedin.com/company/braidyindustries,https://twitter.com/braidyinc,N/A,https://youtube.com/channel/ucx1smpy9_2llvxs_y533yba
Nick Hines,Nick,Hines,"Executive Vice President, Permian Basin",nhines@oilfieldwaterlogistics.com,Oilfield Water Logistics,oilfieldwaterlogistics.com,+18556957937,"8201 Preston Rd., Suite 520 Dallas, TX 75225",Dallas,TX,"=""75225""",30,7000000,13,"[""Bootstrap"",""CloudFlare"",""Font Awesome"",""Google Font API"",""Modernizr"",""PHP"",""WordPress"",""Yoast SEO"",""jQuery"",""jQuery Migrate""]",38382398,catchall,3/2/2023,24c3c52fdbbd181d78a753ab5c5ca5b5,N/A,N/A,85%,Oil and Gas Extraction,N/A,N/A,N/A,N/A,N/A
Nick Novak,Nick,Novak,Vice President,nick@pietschconstruction.com,Construction,pietschconstruction.com,+15076428034,"28617 850th Avenue Madelia MN, 56062",Madelia,MN,"=""56062""",N/A,0,15,"[""RequireJS"",""Sentry"",""Wix"",""reCAPTCHA""]",41968543,valid,5/15/2024,9fcd79d5b081f1436fbc9dc588527c79,N/A,N/A,97%,Building Construction-general Contractors and Operative Builders,https://facebook.com/pietschconstruction,N/A,N/A,N/A,N/A
Nikki Anderson Oakley,Nikki,Oakley,Vice President in Charge of Construction,nikki@andersonpoolsandspas.com,Andersonpoolsandspas,andersonpoolsandspas.com,+16158677000,"811 N. Thompson Lane Murfreesboro, TN 37129",Murfreesboro,TN,"=""37129""",N/A,0,15,"[""Apache"",""RequireJS"",""jQuery""]",37690431,catchall,N/A,e9b99757180965f4f5f5dd77f44531d2,N/A,N/A,85%,Building Construction-general Contractors and Operative Builders,https://facebook.com/anderson-pools-spas-284772558211486,N/A,N/A,N/A,N/A
Nelly Mori,Nelly,Mori,Vice President,nmori@pmillwork.com,Potomac Architectural Millwork,pmillwork.com,N/A,N/A,Lorton,VA,N/A,125,15000000,15,[],42235339,catchall,N/A,912cb0a1fa227430f43f00d1eea66f5e,N/A,N/A,85%,Building Construction-general Contractors and Operative Builders,N/A,N/A,N/A,N/A,N/A
Norman Jayjohn,Norman,Jayjohn,VP Transmission,norman@3phaseline.com,Phase Line Construction,3phaseline.com,N/A,N/A,Farmington,NH,N/A,125,0,15,[],39966360,catchall,11/6/2023,8ee0a8f4844bec4141875ec603163135,N/A,N/A,85%,Building Construction-general Contractors and Operative Builders,N/A,N/A,N/A,N/A,N/A
Norman Senior Vice,Norman,Vice,"Ray Norman, Senior Vice President and CTO",norman@openrangeaccess.com,Open Range Access,openrangeaccess.com,+13032659630,"1804 Skyway Drive Unit D Longmont, CO, 80504",Longmont,CO,"=""80504""",30,5700128,13,"[""Google Analytics"",""Modernizr"",""Twitter Emoji (Twemoji)"",""WordPress"",""jQuery"",""jQuery Migrate"",""jQuery UI"",""prettyPhoto""]",41929121,catchall,9/10/2024,3510dd39be7990893cfb4d5b6c77839e,N/A,N/A,85%,Oil and Gas Extraction,N/A,N/A,N/A,N/A,N/A
Natasha Ruane,Natasha,Ruane,Vice President,nruane@procgroup.com,Procaccianti Group,procgroup.com,+13108772196,"1140 Reservoir Avenue Cranston, RI 02920",Cranston,RI,"=""02920""",N/A,0,15,"[""Bootstrap"",""Font Awesome"",""Google Analytics"",""Google Font API"",""IIS"",""Modernizr"",""OWL Carousel"",""PHP"",""Revslider"",""Twitter Emoji (Twemoji)"",""WordPress"",""Yoast SEO"",""jQuery"",""jQuery Migrate"",""jQuery UI"",""prettyPhoto""]",36272675,catchall,N/A,69fae376b6fee7f47abb81e57822d747,N/A,N/A,85%,Building Construction-general Contractors and Operative Builders,N/A,N/A,N/A,N/A,N/A
Ofir Lang,Ofir,Lang,Vice President,ofir@nathansglassinc.com,Nathan's Glass & Mirror,nathansglassinc.com,(818) 765-1600,N/A,North Hollywood,CA,N/A,30,5700128,15,"[""Microsoft ASP.NET""]",44942843,valid,6/22/2024,82710bea6eb5f6632a2bb1826f3a079a,N/A,N/A,97%,Building Construction-general Contractors and Operative Builders,N/A,N/A,N/A,N/A,N/A
Olivia Allan,Olivia,Allan,"Vice President, Head of Events",olivia@landmarkventures.com,Landmark Ventures,landmarkventures.com,+12122688500,N/A,Decatur,GA,N/A,N/A,0,15,"[""Apache"",""Font Awesome"",""Google Analytics"",""Google Font API"",""PHP"",""Typekit"",""Ubuntu"",""WordPress"",""jQuery"",""jQuery Migrate"",""prettyPhoto""]",44893931,catchall,N/A,7c540ea7334053ab82a1c4080c0918f8,N/A,N/A,85%,Building Construction-general Contractors and Operative Builders,https://facebook.com/landmark-ventures-138752542808379,https://linkedin.com/company/landmark-ventures,https://twitter.com/landmark,N/A,N/A
Oryan Godard,Oryan,Godard,Mrs. Ayelet – VP Human Resources,oryan.godard@kornit.com,Kornit Digital,kornit.com,+12016085750,"2060 NW 1st Ave. Miami, FL 33127",unknown city,unknown state,"=""33127""",300,86400000,22,"[""AddToAny"",""Bootstrap"",""CloudFlare"",""Facebook"",""FancyBox"",""Google Tag Manager"",""Prefix-Free"",""TweenMax"",""WordPress"",""Yoast SEO"",""jQuery"",""jQuery Migrate""]",40183847,catchall,1/7/2021,0aeb786fbef491c838924636ce70d73f,N/A,N/A,85%,Textile Mill Products,https://facebook.com/kornit,https://linkedin.com/company/633366,https://twitter.com/kornitdigital,N/A,https://youtube.com/user/kornitdigitalltd
Pat Bernard,Pat,Bernard,Executive Vice President,pat.bernard@fastorqllc.com,Superior Energy Services,fastorqllc.com,+17136542200,"1215 Peters Road Harvey, LA 70058",Broussard,LA,"=""70058""",5,3396250,13,"[""Font Awesome"",""Google Analytics"",""IIS"",""Microsoft ASP.NET"",""SWFObject"",""Slick"",""jQuery""]",38767277,catchall,3/2/2023,c7d45575b19258fa1cad928ac7a978d8,N/A,N/A,85%,Oil and Gas Extraction,https://facebook.com/superiorenergy,https://linkedin.com/company/superior-energy-services,N/A,N/A,N/A
Paul Belflower,Paul,Belflower,– Vice President of Gas Marketing,paul.belflower@mustangfuel.com,Mustang Fuel,mustangfuel.com,+14057489400,"9800 N. Oklahoma Ave, Oklahoma City, OK 73114",Oklahoma City,OK,"=""73114""",75,300000000,13,"[""CloudFlare"",""Google Analytics"",""PHP"",""jQuery"",""jQuery UI""]",40703509,catchall,8/18/2023,264ce9b347565a1a9513db99d9760d8d,N/A,N/A,85%,Oil and Gas Extraction,N/A,N/A,N/A,N/A,N/A
Paul Legnard,Paul,Legnard,Vice President Sales and Marketing ...,paul@burkardhomes.com,Burkard Homes,burkardhomes.com,+12403754108,N/A,Ellicott City,MD,N/A,N/A,0,15,"[""Apache"",""CloudFlare"",""Crazy Egg"",""Facebook"",""Google Analytics"",""Google Font API"",""Google Tag Manager"",""Twitter Emoji (Twemoji)"",""W3 Total Cache"",""WordPress"",""Yoast SEO"",""YouTube"",""jQuery"",""jQuery Migrate""]",39629833,valid,12/31/2023,4bf9e314637e25cdb15d468a16e4e1cc,N/A,N/A,97%,Building Construction-general Contractors and Operative Builders,https://facebook.com/burkardhomes,N/A,https://twitter.com/burkardhomes,https://instagram.com/burkard_homes,https://youtube.com/channel/uctisrduvinjfld5yc_offrg
Paul House,Paul,House,Chief Operating Officer,paul.house@imdexlimited.com,Imdex,imdexlimited.com,N/A,172 St Georges Terrace Perth WA 6000,San Luis Obispo,CA,"=""06000""",300,130000000,10,"[""CloudFlare"",""Craft CMS"",""Google Analytics"",""Google Font API"",""Google Tag Manager"",""jQuery""]",40489650,catchall,10/2/2023,d8b4f8b3200cbd2360670d1af73a0a64,N/A,N/A,85%,Metal Mining,https://facebook.com/imdexltd,https://linkedin.com/company/imdex-limited,https://twitter.com/imdexlimited,N/A,https://youtube.com/channel/uciuo-btnkt6pyrojq6jra3q
Philip Burke,Philip,Burke,Vice President,pburke@ipireports.com,Interior Preservation,ipireports.com,+18008200008,N/A,Wyckoff,NJ,N/A,5,1638653,15,"[""MooTools"",""Nginx""]",43243110,catchall,N/A,efc3f35a7e45ec6cdf6f42d70fb26faf,N/A,N/A,85%,Building Construction-general Contractors and Operative Builders,N/A,N/A,N/A,N/A,N/A
Pete Vangraafeiland,Pete,Vangraafeiland,"Vp, Member Services",pete@roemerutilityservices.com,Services Locally,roemerutilityservices.com,+12312183433,N/A,Boyne City,MI,N/A,5,1012020,16,"[""DreamWeaver"",""IIS"",""Microsoft ASP.NET"",""Plesk""]",42623800,valid,10/3/2023,8f4165f830197c309bbae5485c974ae4,N/A,N/A,97%,Heavy Construction Other Than Building Construction-contractors,N/A,N/A,N/A,N/A,N/A
Paula Foley,Paula,Foley,"Vice President, Administration",pfoley@klodt.com,Klodt,klodt.com,+16123413300,N/A,Minneapolis,MN,N/A,30,40800000,15,[],38727010,catchall,N/A,0383e5aa23fbae2349f47caafa73ac0d,N/A,N/A,85%,Building Construction-general Contractors and Operative Builders,N/A,N/A,N/A,N/A,N/A
Philip Harrison,Philip,Harrison,Chief Financial Officer,philip.harrison@balfourbeatty.com,Balfour Beatty Plc,balfourbeatty.com,+13716640445,N/A,Suisun City,CA,N/A,5,2430800,15,"[""Azure"",""CloudFlare"",""Facebook"",""Google Analytics"",""Google Tag Manager"",""Modernizr"",""YouTube"",""jQuery""]",37286663,catchall,11/6/2023,7808ca413c4c64c1df5d9ea6be0204c0,N/A,N/A,85%,Building Construction-general Contractors and Operative Builders,N/A,N/A,https://twitter.com/#!/balfourbeatty,N/A,N/A
Penny Ketchem,Penny,Ketchem,COO,pketchem@ketchemconstruction.com,Ketchem Construction,ketchemconstruction.com,+14122152901,"105 Ketchem Lane Waynesburg, PA 15370",Grand Junction,CO,"=""15370""",5,117600,15,"[""Apache""]",36806778,catchall,11/19/2020,30da62923e8ea6890ef45f2b13e6999f,N/A,N/A,85%,Building Construction-general Contractors and Operative Builders,N/A,N/A,N/A,N/A,N/A
Paul Kirby,Paul,Kirby,Vice President,pkirby@enpuricon.com,Enpuricon,enpuricon.com,+19193879700,"2431 Schieffelin Road Apex, North Carolina 275022431 Schieffelin Road Apex, NC 27502",Apex,NC,"=""27502""",N/A,0,15,"[""Apache"",""Font Awesome"",""Twitter Emoji (Twemoji)"",""WordPress"",""jQuery"",""jQuery Migrate""]",39380394,catchall,N/A,47ff2e48402c0946faaaa2e546772cbf,N/A,N/A,85%,Building Construction-general Contractors and Operative Builders,N/A,N/A,N/A,N/A,N/A
Philip O'doherty,Philip,O'doherty,Vice President,podoherty@lkpartnersinc.com,L&k,lkpartnersinc.com,+12126822442,"32 Avenue of the Americas, New York, NY666 Third Avenue, New York, NY417 Fifth Avenue, New York, NY350 Fifth Avenue, New York, NY345 Hudson Street, New York, NY888 Seventh Avenue, New York, NY1251 Ave",New York,NY,N/A,30,10400000,15,[],42403154,catchall,N/A,aaf7e76efbff27fcacc46f8040c67fe5,N/A,N/A,85%,Building Construction-general Contractors and Operative Builders,N/A,N/A,N/A,N/A,N/A
Perry Paganelli,Perry,Paganelli,– Vice President,ppaganelli@pcmservices.com,Pcm Services,pcmservices.com,+13015952795,"12050 Baltimore Avenue, Suite 220, Beltsville, MD 20705",Miami,FL,"=""20705""",5,58162500,16,"[""Flywheel"",""Google Analytics"",""Google Font API"",""Modernizr"",""ShareThis"",""Twitter Emoji (Twemoji)"",""WordPress"",""Yoast SEO"",""YouTube"",""jQuery"",""jQuery Migrate""]",45251832,catchall,N/A,f2d333effd7329dcfbe2760f25e2158e,N/A,N/A,85%,Heavy Construction Other Than Building Construction-contractors,https://facebook.com/exceedingclientexpectations,https://linkedin.com/company/pcm-services,https://twitter.com/pcmservices92,N/A,N/A
Philip Peacock,Philip,Peacock,Executive Vice President & General Counsel,ppeacock@navitas-midstream.com,Navitas Midstream,navitas-midstream.com,+18324634414,"1004 N. Big Spring St. Suite 115 Midland, TX 79705",Houston,TX,"=""79705""",75,39400000,13,"[""Bootstrap"",""Modernizr"",""Nginx"",""PHP"",""WordPress"",""Yoast SEO"",""jQuery"",""jQuery Migrate"",""reCAPTCHA""]",46070901,catchall,3/2/2023,dd7be1ce6c3ccd095d09abb1b6eeefe0,N/A,N/A,85%,Oil and Gas Extraction,N/A,https://linkedin.com/company/3564426,N/A,N/A,N/A
Paul Rivera,Paul,Rivera,Sales Director,privera@worldemblem.com,World Emblem,WorldEmblem.com,+18008802073,"World Emblem International, Inc. 4601 Sheridan St., Suite 300, Hollywood, FL 33021",North Miami,FL,"=""33021""",750,154210747,22,"[""Apache"",""Facebook"",""Font Awesome"",""Google Analytics"",""Google Font API"",""Google Tag Manager"",""Gravity Forms"",""HubSpot"",""Lightbox"",""OWL Carousel"",""WordPress"",""Yoast SEO"",""jQuery"",""jQuery Migrate"",""prettyPhoto""]",36703590,valid,7/28/2023,dcb25c268984160f190c0baa447b7ca4,N/A,N/A,97%,Textile Mill Products,https://facebook.com/worldemblem,https://linkedin.com/company/world-emblem-international-inc,https://twitter.com/worldemblem,https://instagram.com/worldemblemintl,N/A
Patrick Ross,Patrick,Ross,"– Vice President, Risk Management",pross@procgroup.com,Procaccianti Group,procgroup.com,+13108772196,"1140 Reservoir Avenue Cranston, RI 02920",Cranston,RI,"=""02920""",N/A,0,15,"[""Bootstrap"",""Font Awesome"",""Google Analytics"",""Google Font API"",""IIS"",""Modernizr"",""OWL Carousel"",""PHP"",""Revslider"",""Twitter Emoji (Twemoji)"",""WordPress"",""Yoast SEO"",""jQuery"",""jQuery Migrate"",""jQuery UI"",""prettyPhoto""]",36272678,catchall,11/6/2023,688842a14ada558a1475af096978ab14,N/A,N/A,85%,Building Construction-general Contractors and Operative Builders,N/A,N/A,N/A,N/A,N/A
Patrick Stewart,Patrick,Stewart,Director of Sales,pstewart@tlstewartbuilders.com,Tl Stewart Builders,tlstewartbuilders.com,+19197748715,"613 Carthage Street P.O. Box 717 Sanford, NC 27330613 Carthage Street Sanford, NC 273301425 Nottingham Road Sanford, NC",Sanford,NC,N/A,5,1638653,15,[],42307716,catchall,11/29/2023,566586ba1d475e9de623226b289ba02c,N/A,N/A,85%,Building Construction-general Contractors and Operative Builders,https://facebook.com/tlstewartbuilders,N/A,N/A,N/A,N/A
Paul Welford,Paul,Welford,"Senior Vice President, Strategy & Business Development",pwelford@hess.com,Hess,hess.com,+17134964000,N/A,New York,NY,N/A,7500,6600000000,13,"[""Azure"",""Bootstrap"",""Facebook"",""Google Analytics"",""Google Tag Manager"",""IIS"",""Microsoft ASP.NET"",""Modernizr"",""Sitefinity"",""VideoJS"",""jQuery""]",43444964,catchall,3/2/2023,12bc3b7f210eb08ae0f9ec05bafdbab4,N/A,N/A,85%,Oil and Gas Extraction,https://facebook.com/hesscorporation,https://linkedin.com/company/hess-corporation,https://twitter.com/hesscorporation,N/A,N/A
Peter Zeigler,Peter,Zeigler,"– Vice President, Asset Management",pzeigler@procgroup.com,Procaccianti Group,procgroup.com,+13108772196,"1140 Reservoir Avenue Cranston, RI 02920",Cranston,RI,"=""02920""",N/A,0,15,"[""Bootstrap"",""Font Awesome"",""Google Analytics"",""Google Font API"",""IIS"",""Modernizr"",""OWL Carousel"",""PHP"",""Revslider"",""Twitter Emoji (Twemoji)"",""WordPress"",""Yoast SEO"",""jQuery"",""jQuery Migrate"",""jQuery UI"",""prettyPhoto""]",36272677,catchall,11/6/2023,c8f77c3121bc11aea849f5bd699a881e,N/A,N/A,85%,Building Construction-general Contractors and Operative Builders,N/A,N/A,N/A,N/A,N/A
Quinn Flaherty,N/A,N/A,Director of Sales,quinn@boardmanfoods.com,Boardman Foods,boardmanfoods.com,N/A,N/A,Boardman,OR,N/A,126,N/A,N/A,"[""fitvids.js"",""google-analytics"",""hsts"",""http-3"",""jquery"",""jquery-migrate"",""mysql"",""php"",""site-kit"",""wordpress""]",46777297,catchall,N/A,98104cc6e003edaf896dbf47701c86c1,https://www.linkedin.com/in/quinn-flaherty,N/A,85%,N/A,N/A,N/A,N/A,N/A,N/A
Quinn E. Goldman,Quinn,Goldman,Vice President | Finance & Business Development,quinn@discoverymidstream.com,Discovery Midstream,discoverymidstream.com,+18179801324,"Suite 335 Dallas, TX 75230",Dallas,TX,"=""75230""",30,7000000,13,"[""Google Analytics"",""Google Maps"",""Nginx"",""Twitter Emoji (Twemoji)"",""WP Engine"",""WordPress"",""jQuery"",""jQuery Migrate""]",36892629,catchall,3/2/2023,58ee44ef2454314b4619c9af46f48ce9,N/A,N/A,85%,Oil and Gas Extraction,N/A,N/A,N/A,N/A,N/A
Rachel Frantz,Rachel,Frantz,Vice President,rachel@frantzcsi.com,Frantz Construction Solutions,frantzcsi.com,+12025550199,"8165 Medford Street Ventura, CA 93004",Ventura,CA,"=""93004""",5,1638653,15,[],38577710,catchall,N/A,799d355a6bb5b1559d2674e4fe3006ff,N/A,N/A,85%,Building Construction-general Contractors and Operative Builders,N/A,N/A,N/A,N/A,N/A
Rafi Alchek,Rafi,Alchek,VP Operations,rafi@3by.com,3by,3by.com,N/A,N/A,Denver,CO,N/A,N/A,15000000,15,"[""Google Font API"",""Polyfill"",""RequireJS"",""Sentry"",""Wix""]",40054821,catchall,N/A,c55d755a0b664872afa60c907cc220d8,N/A,N/A,85%,Building Construction-general Contractors and Operative Builders,N/A,N/A,N/A,N/A,N/A
Ralph Western,Ralph,Western,"Chief Operating Officer, Infrastructure Solutions",ralph@mtubeonline.com,Aegion,mtubeonline.com,+18003251159,"17988 Edison Avenue St. Louis, MO 63005",Batesville,MS,"=""63005""",N/A,0,15,"[""Bootstrap"",""Google Maps"",""Google Tag Manager"",""Highcharts"",""IIS"",""Microsoft ASP.NET"",""Modernizr"",""Sitecore"",""Slick"",""jQuery"",""reCAPTCHA""]",39333124,catchall,N/A,48c28d4fcf8c6f9daf622b17cfddf644,N/A,N/A,85%,Building Construction-general Contractors and Operative Builders,N/A,https://linkedin.com/company/aegion-corporation,https://twitter.com/aegion,N/A,N/A
Ramin Simantob,Ramin,Simantob,Senior Vice President,ramin@unitedfabric.com,United Fabrics,unitedfabric.com,N/A,N/A,Los Angeles,CA,N/A,30,3674880,22,[],45656006,valid,1/24/2024,e4ca0defa80093b0e3245a6ab45b22eb,N/A,N/A,97%,Textile Mill Products,N/A,N/A,N/A,N/A,N/A
Randy Bailey,Randy,Bailey,Vice President,randy@fronekgrp.com,Piping Technology Products,fronekgrp.com,+12812429318,"Apply in person, Monday-Friday, 8am-4pm at 3701 Holmes Rd., Houston, TX 77051",Laconia,NH,"=""77051""",750,154210747,13,"[""Bootstrap"",""Font Awesome"",""Google Analytics"",""Google Font API"",""Google Tag Manager"",""HubSpot"",""Lightbox"",""Revslider"",""Sucuri"",""Twitter Emoji (Twemoji)"",""VideoJS"",""WordPress"",""ZURB Foundation"",""animate.css"",""jQuery"",""jQuery Migrate"",""jQuery UI""]",43175041,catchall,9/6/2024,73dd85b2d9670ab1aa490971172d0e44,N/A,N/A,85%,Oil and Gas Extraction,https://facebook.com/pipingtech,https://linkedin.com/company/piping-technology-&-products-inc,https://twitter.com/pipingtech,N/A,https://youtube.com/channel/uchfon6-ietlbxbd8a6ffeza
Randy Peterson,Randy,Peterson,Vice President,randy.peterson@optimummechanicalsystems.com,Optimum Mechanical Systems,optimummechanicalsystems.com,N/A,N/A,Little Canada,MN,N/A,30,0,15,[],41242592,catchall,N/A,eb96b4f13ef6af5625dc8684a11b5009,N/A,N/A,85%,Building Construction-general Contractors and Operative Builders,N/A,N/A,N/A,N/A,N/A
Ray Clarke,Ray,Clarke,VP of Sales,ray.clarke@murdockwebbing.com,Murdock Webbing,murdockwebbing.com,+14015000994,"Address: 27 Foundry Street Central Falls, RI 0286327 Foundry Street, Central Falls, RI 02863",Central Falls,RI,"=""02863""",125,18180000,22,"[""Apache"",""Font Awesome"",""Google Analytics"",""Google Font API"",""Google Maps"",""MediaElement.js"",""Modernizr"",""OWL Carousel"",""PHP"",""Revslider"",""Twitter Emoji (Twemoji)"",""WordPress"",""Yoast SEO"",""ZURB Foundation"",""animate.css"",""jQuery"",""jQuery Migrate""]",44419008,catchall,8/18/2023,d1d26a08bfe0e53318b3cc3bb24a2ab3,N/A,N/A,85%,Textile Mill Products,https://facebook.com/murdockwebbingcompany,https://linkedin.com/company/6091596/admin/updates,N/A,https://instagram.com/murdockwebbingcompany,https://youtube.com/channel/ucp56buvelgdqllvmuqbd1za
Ray Kozlowski,Ray,Kozlowski,Vice President,ray@kozlowskico.com,Kozlowski,kozlowskico.com,+13306335548,"157 Osceola Ave. Tallmadge, Ohio 44278157 Osceola Ave, Tallmadge, OH 44278",Tallmadge,OH,"=""44278""",N/A,0,15,"[""Bootstrap"",""CloudFlare"",""Google Font API"",""jQuery""]",37162196,catchall,N/A,046004d0f62b9a05f29669f250f402ba,N/A,N/A,85%,Building Construction-general Contractors and Operative Builders,N/A,N/A,N/A,N/A,N/A
Raz Danoukh,Raz,Danoukh,Vice President,raz@calcrete.net,Calcrete Construction,calcrete.net,+18187681000,"11666 Pendleton St Sun Valley, CA 91352",Sun Valley,CA,"=""91352""",5,1638653,15,"[""DreamWeaver"",""Nginx""]",37088916,catchall,N/A,942695735ac35cb8b56c6b184a24d5d0,N/A,N/A,85%,Building Construction-general Contractors and Operative Builders,N/A,N/A,N/A,N/A,N/A
Rick Baxter,Rick,Baxter,– Vice President,rbaxter@pcmservices.com,Pcm Services,pcmservices.com,+13015952795,"12050 Baltimore Avenue, Suite 220, Beltsville, MD 20705",Miami,FL,"=""20705""",5,58162500,16,"[""Flywheel"",""Google Analytics"",""Google Font API"",""Modernizr"",""ShareThis"",""Twitter Emoji (Twemoji)"",""WordPress"",""Yoast SEO"",""YouTube"",""jQuery"",""jQuery Migrate""]",45251835,catchall,N/A,d14b0bae71c36d01c6cae114eda9caeb,N/A,N/A,85%,Heavy Construction Other Than Building Construction-contractors,https://facebook.com/exceedingclientexpectations,https://linkedin.com/company/pcm-services,https://twitter.com/pcmservices92,N/A,N/A
Richard Branca,Richard,Branca,Director of Sales,rbranca@coolpair.com,Cool Pair,coolpair.com,+12242936060,N/A,Herminie,PA,N/A,5,819840,15,"[""Flywheel"",""Font Awesome"",""Google Analytics"",""Google Font API"",""Modernizr"",""OWL Carousel"",""PHP"",""Revslider"",""Slick"",""Twitter Emoji (Twemoji)"",""WooCommerce"",""WordPress"",""Yoast SEO"",""jQuery"",""jQuery Migrate"",""jQuery UI"",""reCAPTCHA""]",43456674,valid,11/10/2023,b6f755624cce81ffc5b7a50c6fbce815,N/A,N/A,97%,Building Construction-general Contractors and Operative Builders,https://facebook.com/coolpairplus,https://linkedin.com/company/cool-pair-plus,N/A,N/A,N/A
Reuben Bakker,Reuben,Bakker,Vice President Marketing,reuben@mixerandplantparts.com,Mixer & Plant Parts Mfg.,mixerandplantparts.com,+15866011904,N/A,Rock Hill,SC,N/A,5,1400000,15,"[""Font Awesome"",""Google Plus"",""Google Tag Manager"",""LiveChat"",""Nginx"",""OWL Carousel"",""Volusion"",""Vue.js"",""jQuery"",""jQuery UI""]",44652040,catchall,12/31/2023,f923c6bc21c0b0ae9acc6d57f6b8ec7a,N/A,N/A,85%,Building Construction-general Contractors and Operative Builders,https://facebook.com/mppartsmfg,https://linkedin.com/company/mppartsmfg,https://twitter.com/mppartsmfg,https://instagram.com/mppartsmfg,https://youtube.com/channel/ucyub8dhwvkr2c0jtvxmqoig
Ross E. Fazio,Ross,Fazio,Chairman and CEO,rfazio@faziomechanical.com,Mechanical Contracting,faziomechanical.com,+12405753051,"950 Taylor Station Road Gahanna, OH 43230",Pittsburgh,PA,"=""43230""",N/A,0,15,"[""Apache"",""Bootstrap"",""Google Analytics"",""Google Font API"",""Lightbox"",""PHP"",""Twitter Emoji (Twemoji)"",""WordPress"",""Yoast SEO"",""jQuery"",""jQuery Migrate"",""jQuery UI""]",36973111,catchall,5/14/2024,ee31eaec2b60d45da05285f71aa05db6,N/A,N/A,85%,Building Construction-general Contractors and Operative Builders,N/A,N/A,N/A,N/A,N/A
Ross Gallup,Ross,Gallup,VP - Tax,rgallup@noblecorp.com,Noble,noblecorp.com,+12033002300,"12550 Reed Rd. Suite 200 Sugar Land, TX 77478",Houston,TX,"=""77478""",3000,2300000000,13,"[""CodeIgniter"",""ExpressionEngine"",""Font Awesome"",""Google Analytics"",""Google Font API"",""Nginx"",""PHP""]",44952256,catchall,3/2/2023,4367249b72b07a4173140688ebe3f0c1,N/A,N/A,85%,Oil and Gas Extraction,https://facebook.com/noblecorp,https://linkedin.com/company/noble-drilling,N/A,https://instagram.com/nobledrilling,N/A
Robin Gray,Robin,Gray,Vice President Operations,rgray@convergentep.com,Convergent Energy + Power,convergentep.com,+17739835283,"Times Square Tower, Suite 3504 New York, NY 10036",New York,NY,"=""10036""",30,7000000,13,"[""Apache"",""Bootstrap"",""Font Awesome"",""Google Analytics"",""Google Font API"",""PHP"",""Twitter Emoji (Twemoji)"",""WordPress"",""jQuery"",""jQuery Migrate""]",40410622,catchall,N/A,e7dfe9ba89fd8c46486523d85b1ec8a0,N/A,N/A,85%,Oil and Gas Extraction,N/A,https://linkedin.com/company/convergent-energy-power,https://twitter.com/convergentep,N/A,N/A
Rich Hall,Rich,Hall,Vice President,rhall@spectrumcontract.com,Spectrum Contracting Services Inchomeabout,spectrumcontract.com,+18775614957,"108 Wind Haven Dr Suite B, Nicholasville, KY 40356108 Wind Haven Dr Suite B,Nicholasville, KY 40356",Nicholasville,KY,"=""40356""",5,15000000,15,"[""OpenResty"",""jQuery""]",37481786,catchall,N/A,ac23d79c46503b7f412d470dd1a3cc73,N/A,N/A,85%,Building Construction-general Contractors and Operative Builders,https://facebook.com/spectrumcontractingservices,N/A,N/A,https://instagram.com/spectrumcontractingservices/,N/A
Rhonda Richards,Rhonda,Richards,Vice President,rhonda@e-conoair.com,Econo Air Homeair,e-conoair.com,+17144082202,N/A,Anaheim,CA,N/A,125,15000000,15,"[""Font Awesome"",""Google Font API"",""Google Tag Manager"",""Nginx"",""PHP"",""WordPress"",""Yoast SEO"",""YouTube"",""jQuery"",""jQuery Migrate""]",44751405,catchall,N/A,fe44dba93102d96ce0af08862366c513,N/A,N/A,85%,Building Construction-general Contractors and Operative Builders,https://facebook.com/econoairbrea,N/A,https://twitter.com/econoair1982,https://instagram.com/econoair_1982,N/A
Richard Hawker,Richard,Hawker,Vice President and Drilling Manager,richardhawker@remedyenergy.com,Remedy Energy Services,remedyenergy.com,+14032720624,N/A,unknown city,unknown state,N/A,75,35000000,13,"[""Google Analytics"",""Microsoft ASP.NET"",""SWFObject"",""jQuery"",""jQuery Migrate"",""jQuery UI""]",38717803,catchall,N/A,2608cf948aca19b6235f220a232be95c,N/A,N/A,85%,Oil and Gas Extraction,N/A,N/A,N/A,N/A,N/A
Richard Landaeta,Richard,Landaeta,VP Sales and Pm,richard.landaeta@ipmconsulting.net,International Project Management Sas,ipmconsulting.net,N/A,N/A,unknown city,unknown state,N/A,30,13000000,13,"[""Apache"",""Modernizr"",""PHP"",""WebSite X5"",""jQuery""]",44238992,catchall,N/A,aa80230ed5aa3bcf8dde6eeaee51f740,N/A,N/A,85%,Oil and Gas Extraction,N/A,N/A,N/A,N/A,N/A
Richard Ryu,Richard,Ryu,Sales Engineer and Director of Sales,richard.ryu@fiberpro.com,Fiberpro,fiberpro.com,(042) 360-0030,N/A,Columbus,OH,N/A,5,116400,15,"[""Font Awesome"",""Lodash"",""Nginx"",""PHP"",""Select2"",""Vue.js"",""jQuery""]",46515836,catchall,11/29/2023,e68829b69b1b2e8a9002411cac8190e5,N/A,N/A,85%,Building Construction-general Contractors and Operative Builders,N/A,N/A,N/A,N/A,N/A
Rick Jenkins,Rick,Jenkins,Vice President,rick@rlcgroup.com,Rlc Construction,rlcgroup.com,+15035335709,N/A,Lewisville,TX,N/A,N/A,0,15,"[""Backbone.js"",""Bootstrap"",""Facebook"",""Google Analytics"",""Google Maps"",""Modernizr"",""Moment Timezone"",""Moment.js"",""OWL Carousel"",""RequireJS"",""Typekit"",""UIKit"",""Underscore.js"",""jQuery"",""jQuery UI"",""reCAPTCHA""]",39378174,catchall,N/A,ec9a5635457b29eab5e7d616d83da7a9,N/A,N/A,85%,Building Construction-general Contractors and Operative Builders,https://facebook.com/roger-langeliers-construction-co-1517421865225811,https://linkedin.com/in/roger-langeliers-construction-co-366118116,https://twitter.com/rogerlangelier,N/A,N/A
Ric Mayers,Ric,Mayers,Executive Vice President,ric@midstatespetro.com,Midstates Petroleum,midstatespetro.com,+12153451373,"8596 Hwy 18 Vernon, AL 35592",Vernon,AL,"=""35592""",125,0,13,"[""RequireJS"",""Sentry"",""Wix""]",40796655,catchall,3/2/2023,ff7ca3bc3b1c48a020a6fa1293da5528,N/A,N/A,85%,Oil and Gas Extraction,https://facebook.com/midstatespetro,https://linkedin.com/company/midstates-petroleum-company,N/A,N/A,https://youtube.com/channel/ucxx5pcz6lwekijxe531yt2q/playlists
Ralph Izzi Vice,Ralph,Vice,"Vice President, Public Affairs",rizzi-vice@procgroup.com,Procaccianti Group,procgroup.com,+13108772196,"1140 Reservoir Avenue Cranston, RI 02920",Cranston,RI,"=""02920""",N/A,0,15,"[""Bootstrap"",""Font Awesome"",""Google Analytics"",""Google Font API"",""IIS"",""Modernizr"",""OWL Carousel"",""PHP"",""Revslider"",""Twitter Emoji (Twemoji)"",""WordPress"",""Yoast SEO"",""jQuery"",""jQuery Migrate"",""jQuery UI"",""prettyPhoto""]",36272681,catchall,12/15/2020,7afc0aa2baa04d401d0efb0cde3d3995,N/A,N/A,85%,Building Construction-general Contractors and Operative Builders,N/A,N/A,N/A,N/A,N/A
Ricardo Jimenez,Ricardo,Jimenez,Vice President,rjimenez@reyesconstruction.com,Reyes Construction,reyesconstruction.com,+19096222259,"1383 South Signal Drive Pomona, CA 91766",Tampa,FL,"=""91766""",N/A,15000000,15,"[""Modernizr"",""Nginx"",""SilverStripe"",""jQuery""]",37353913,valid,11/6/2023,8ad3bd3eb7653d48bec4847531e4d308,N/A,N/A,97%,Building Construction-general Contractors and Operative Builders,N/A,N/A,N/A,N/A,N/A
Ron Johnston,Ron,Johnston,"– Senior Vice President, Operations",rjohnston@procgroup.com,Procaccianti Group,procgroup.com,+13108772196,"1140 Reservoir Avenue Cranston, RI 02920",Cranston,RI,"=""02920""",N/A,0,15,"[""Bootstrap"",""Font Awesome"",""Google Analytics"",""Google Font API"",""IIS"",""Modernizr"",""OWL Carousel"",""PHP"",""Revslider"",""Twitter Emoji (Twemoji)"",""WordPress"",""Yoast SEO"",""jQuery"",""jQuery Migrate"",""jQuery UI"",""prettyPhoto""]",36272676,catchall,11/6/2023,cdd443c8b049d22b6bbf67562b3e5efd,N/A,N/A,85%,Building Construction-general Contractors and Operative Builders,N/A,N/A,N/A,N/A,N/A
Robert Just,Robert,Just,Sr VP,rjust@mseinc.net,Mseinc,mseinc.net,+15209750834,"3801 N. Highway Drive Tucson, Arizona 85705",Tucson,AZ,"=""85705""",30,5700128,10,"[""Apache"",""Font Awesome"",""Google Analytics"",""Google Font API"",""Google Maps"",""Google Tag Manager"",""OWL Carousel"",""WordPress"",""animate.css"",""jQuery"",""jQuery Migrate""]",38420657,catchall,10/7/2024,b0633fb9c651a5352a1b394c32c96b1b,N/A,N/A,85%,Metal Mining,https://facebook.com/mseinc.net,https://linkedin.com/company/miller-sales-&-engineering-inc-,N/A,N/A,N/A
Ray Moore,Ray,Moore,Vice President,rmoore@circlemcontracting.com,Circle M Contracting,circlemcontracting.com,N/A,N/A,Portsmouth,VA,N/A,N/A,15000000,15,"[""FrontPage"",""Nginx""]",45489726,catchall,N/A,bda9b2e51851d01d0885f193239d1645,N/A,N/A,85%,Building Construction-general Contractors and Operative Builders,N/A,N/A,N/A,N/A,N/A
Rodney Neilson,Rodney,Neilson,Vice President of Operations,rneilson@msbjackson.com,Jackson Tn,msbjackson.com,+17316644366,N/A,Jackson,TN,N/A,30,15000000,15,"[""Bootstrap"",""Font Awesome"",""Google Font API"",""Modernizr"",""Nginx"",""Twitter Emoji (Twemoji)"",""WordPress"",""jQuery"",""jQuery Migrate"",""prettyPhoto""]",43855578,catchall,N/A,9f22c941c42242a0c92165fdd396cb4b,N/A,N/A,85%,Building Construction-general Contractors and Operative Builders,N/A,N/A,N/A,N/A,N/A
Rob Engel Vice,Rob,Vice,"Rob Engel, Vice President",rob@engelconstructioninc.com,Engel Construcion,engelconstructioninc.com,+19545831144,"290 SE Seville St. Stuart, Florida 34994",Fort Lauderdale,FL,"=""34994""",N/A,15000000,15,"[""Apache"",""Google Font API"",""PHP"",""Twitter Emoji (Twemoji)"",""WordPress"",""jQuery"",""jQuery Migrate""]",43266828,valid,11/6/2023,3e74909afdc38a015ea75ddc6649da81,N/A,N/A,97%,Building Construction-general Contractors and Operative Builders,N/A,N/A,N/A,N/A,N/A
Robert Hora,Robert,Hora,Vice President,robert.hora@bakerhughes.com,Baker Hughes Helpful Links Newsroom,bakerhughes.com,+19253169197,N/A,Houston,TX,N/A,5000,9800000000,13,"[""Acquia Cloud"",""AppNexus"",""Drupal"",""Facebook"",""Google Analytics"",""Google Tag Manager"",""Hotjar"",""Incapsula"",""Java"",""Marketo"",""New Relic"",""Nginx"",""Sentry"",""TweenMax"",""Varnish"",""jQuery"",""webpack""]",45218226,catchall,3/2/2023,eb47af544bb7b09ef9c5389f7829e95b,N/A,N/A,85%,Oil and Gas Extraction,https://facebook.com/bakerhughesco,https://linkedin.com/company/bakerhughes,https://twitter.com/bakerhughesco,N/A,https://youtube.com/channel/ucxhgtnb0ed0xueejnp9ow4g
Rob Anderson,Rob,Anderson,Director of Operations,rob@montagueconstruction.com,Montague Construction,montagueconstruction.com,+15195874173,N/A,Mexico,MO,N/A,5,15000000,15,"[""Apache"",""Google Font API"",""PHP"",""Twitter Emoji (Twemoji)"",""WordPress"",""jQuery"",""jQuery Migrate""]",45496531,valid,11/6/2023,368ec74fa8674dcffa498a1ac4eca350,N/A,N/A,97%,Building Construction-general Contractors and Operative Builders,N/A,N/A,N/A,N/A,N/A
Rob Will,Rob,Will,"– Vice President, Asset Management",robwill@grantierra.com,Gran Tierra Energy,grantierra.com,+14032653221,N/A,unknown city,unknown state,N/A,750,289300000,13,"[""Bootstrap"",""FancyBox"",""Font Awesome"",""Google Analytics"",""Google Font API"",""Google Tag Manager"",""OpenResty"",""PHP"",""Slick"",""jQuery""]",43699901,catchall,3/2/2023,ddb9382421561e312a57c5fc25a1adc3,N/A,N/A,85%,Oil and Gas Extraction,N/A,N/A,N/A,N/A,N/A
Rob Wyssbrod,Rob,Wyssbrod,President &amp; COO,rob.wyssbrod@firmatek.com,Firmatek,firmatek.com,+12106514990,"10010 San Pedro Ave, St 850 San Antonio, TX",San Antonio,TX,N/A,30,4200000,10,"[""All in One SEO Pack"",""Apache"",""CloudFlare"",""Google Analytics"",""Google Font API"",""Google Tag Manager"",""Handlebars"",""MediaElement.js"",""PHP"",""TweenMax"",""Twitter Emoji (Twemoji)"",""WooCommerce"",""WordPress"",""YouTube"",""jQuery"",""jQuery Migrate"",""webpack""]",43750636,catchall,N/A,f350d5c7de91fdfef411dcee56daf93b,N/A,N/A,85%,Metal Mining,https://facebook.com/firmatek3dmapping,https://linkedin.com/company/firmatek,https://twitter.com/firmatek3dmap,https://instagram.com/firmatek3dmapping,https://youtube.com/channel/uceymenrrpgtaokdm_ocnozw
Rocky Edelman,Rocky,Edelman,Marketing and Supply Manager and Vice President,rocky.edelman@bigwestoil.com,Big West Oil,bigwestoil.com,+18012967790,N/A,Salt Lake City,UT,N/A,300,37500000,13,"[""Apache"",""Twitter Emoji (Twemoji)"",""WordPress""]",37849797,catchall,8/18/2023,5735bd9731c7ceef5f12fa4b6489b6da,N/A,N/A,85%,Oil and Gas Extraction,N/A,N/A,N/A,N/A,N/A
Rod Paulino,Rod,Paulino,Vice President of Program Management and Marketing,rod@deepdata.com,Deepdata,deepdata.com,+12522277013,"1541 Harbor Blvd. Belmont, California 94002",unknown city,unknown state,"=""94002""",5,7000000,13,"[""Apache"",""Google Analytics"",""RequireJS"",""Typekit"",""jQuery""]",36433542,catchall,N/A,1abc290ddb9d86d8291f27b967921575,N/A,N/A,85%,Oil and Gas Extraction,https://facebook.com/deepdatacorp,https://linkedin.com/in/mikephogan1,https://twitter.com/deepdatacorp,https://instagram.com/deepdata,https://youtube.com/channel/uccnxlmxmr3crlqqrmdym9_w
Rodger Trimble,Rodger,Trimble,"– Vice President, Investor Relations",rodgertrimble@grantierra.com,Gran Tierra Energy,grantierra.com,+14032653221,N/A,unknown city,unknown state,N/A,750,289300000,13,"[""Bootstrap"",""FancyBox"",""Font Awesome"",""Google Analytics"",""Google Font API"",""Google Tag Manager"",""OpenResty"",""PHP"",""Slick"",""jQuery""]",43699902,catchall,3/2/2023,d42a56a5d0db64bd397bd698ce82f308,N/A,N/A,85%,Oil and Gas Extraction,N/A,N/A,N/A,N/A,N/A
Rodney Landes,Rodney,Landes,"Vice President, Crude Oil Marketing",rodney.landes@cpenergy.com,Cp Energy,cpenergy.com,+12818880328,"317 Lilac Drive, Suite 200 Edmond, OK 73034",unknown city,unknown state,"=""73034""",75,9500213,13,"[""Drupal"",""Google Analytics"",""Google Font API"",""Nginx"",""PHP"",""TweenMax"",""jQuery""]",46604288,catchall,3/2/2023,162ec8019b67874481a2148f794b5c37,N/A,N/A,85%,Oil and Gas Extraction,N/A,N/A,N/A,N/A,N/A
Rodolfo Margoniner,Rodolfo,Margoniner,Co-founder and Vice President,rodolfo.margoniner@fultondevelopers.com,Fulton Developers,fultondevelopers.com,+18472660122,"1640 Hickory Street Highland Park, IL 60035",Deerfield,IL,"=""60035""",5,729240,15,"[""Gentoo"",""Google Analytics"",""OpenResty"",""PHP"",""jQuery""]",40069209,catchall,N/A,45c2f17912dd14842bd78718b15f2b49,N/A,N/A,85%,Building Construction-general Contractors and Operative Builders,N/A,N/A,N/A,N/A,N/A
Roger Aston,Roger,Aston,Senior VP,roger.aston@emeraenergy.com,Emera,emeraenergy.com,+19024500507,N/A,unknown city,unknown state,N/A,300,38800000,13,"[""Bootstrap"",""CloudFlare"",""D3"",""FancyBox"",""Font Awesome"",""Google Analytics"",""Google Font API"",""Google Tag Manager"",""IIS"",""Microsoft ASP.NET"",""Modernizr"",""Sitefinity"",""jQuery"",""jQuery UI""]",41940079,catchall,3/2/2023,7a2ec9f9036dda06ea07f5b993dca513,N/A,N/A,85%,Oil and Gas Extraction,N/A,N/A,N/A,N/A,N/A
Robert Oliver,Robert,Oliver,Executive Vice President,roliver@oliverfps.com,Oliver,oliverfps.com,+19088325111,"501 Feheley Drive King of Prussia, PA 19406",King of Prussia,PA,"=""19406""",125,0,15,"[""Apache Traffic Server"",""Backbone.js"",""Bootstrap"",""Font Awesome"",""Google Analytics"",""Google Font API"",""MediaElement.js"",""Modernizr"",""Twitter Emoji (Twemoji)"",""Underscore.js"",""WordPress"",""animate.css"",""jQuery"",""jQuery Migrate"",""jQuery UI"",""prettyPhoto""]",38270616,valid,5/15/2024,fcc939bb7cf994207ce875747de0251c,N/A,N/A,97%,Building Construction-general Contractors and Operative Builders,N/A,https://linkedin.com/company/2815994,N/A,N/A,N/A
Ronan Devlin,Ronan,Devlin,Vice President Commercial,ronan.devlin@mpcpipelines.com,Murphy Pipe And Civil,mpcpipelines.com,N/A,N/A,Denver,CO,N/A,125,0,15,"[""LiteSpeed""]",45352771,catchall,N/A,3bd257040cb8ae65215f6bf2e3c0ce85,N/A,N/A,85%,Building Construction-general Contractors and Operative Builders,N/A,N/A,N/A,N/A,N/A
Roy Wadsworth,Roy,Wadsworth,Vice President and Owner,roy@lascoservices.com,Lasco Services,lascoservices.com,+19725131877,"P.O. Box 154472, Irving, Texas 75015-4472",Irving,TX,"=""75015-4472""",5,0,15,[],37841548,catchall,N/A,bf2b7d2c4ff82917b69405825dc7a32b,N/A,N/A,85%,Building Construction-general Contractors and Operative Builders,N/A,N/A,N/A,N/A,N/A
Robert Replogle,Robert,Replogle,Vice-president,rreplogle@LVRInc.com,Lvr,LVRInc.com,+15187569188,"75 West 21st Street Northampton, PA 18067",Northampton,PA,"=""18067""",125,0,15,"[""Apache"",""Google Analytics"",""Google Tag Manager"",""Linkedin"",""PHP"",""Twitter Emoji (Twemoji)"",""WordPress"",""jQuery"",""jQuery Migrate""]",38216270,catchall,N/A,eb18d6ffc9bd9c979f015e4072245997,N/A,N/A,85%,Building Construction-general Contractors and Operative Builders,N/A,https://linkedin.com/company/5355184,N/A,N/A,N/A
Roshan Rodriguez,Roshan,Rodriguez,Group Vice President of Special Projects,rrodriguez@niquanenergy.com,Niquan Energy,niquanenergy.com,+12023187776,"1627KSt, NW Suite 901 Washington, DC 20006",Houston,TX,"=""20006""",5,1638653,13,"[""Amazon ELB"",""Apache"",""CentOS"",""CloudFlare"",""Crazy Egg"",""Drupal"",""Google Analytics"",""Google Font API"",""PHP"",""Segment"",""jQuery""]",39155561,catchall,3/2/2023,6201238ed166fa56c49f7f5c4e56de04,N/A,N/A,85%,Oil and Gas Extraction,N/A,N/A,N/A,N/A,N/A
Renato Sanchez Vice,Renato,Vice,Vice President Business Development,rsanchez-vice@pl-enerserv.com,Pl-enerserv,pl-enerserv.com,+16155166759,"Suite 480, #310 Hendersonville, TN 37075",Hendersonville,TN,"=""37075""",30,5700128,13,"[""Apache"",""Google Font API"",""Twitter Emoji (Twemoji)"",""WordPress"",""jQuery"",""jQuery Migrate""]",38007320,catchall,3/2/2023,7b8bd8c68f7818ec3f5caf9c2da9b86d,N/A,N/A,85%,Oil and Gas Extraction,N/A,N/A,N/A,N/A,N/A
Roland Schneider,Roland,Schneider,Senior Vice President,rschneider@fhpaschen.com,Fh Paschen,fhpaschen.com,+12179937003,"5515 N. East River Road Chicago, IL 60656",Chicago,IL,"=""60656""",30,12745800,15,"[""AngularJS"",""Apache"",""Bootstrap"",""Facebook"",""Font Awesome"",""Google Analytics"",""Google Font API"",""Google Tag Manager"",""Lightbox"",""OWL Carousel"",""Revslider"",""TrackJs"",""Twitter Emoji (Twemoji)"",""Underscore.js"",""W3 Total Cache"",""WordPress"",""Yoast SEO"",""animate.css"",""jQuery"",""jQuery Migrate"",""jQuery UI"",""prettyPhoto"",""reCAPTCHA""]",42464074,catchall,11/6/2023,b5ceeaad8cba1c26b91f209be3a7be98,N/A,N/A,85%,Building Construction-general Contractors and Operative Builders,https://facebook.com/fhpaschen,https://linkedin.com/company/f-h--paschen,https://twitter.com/fhpaschen,https://instagram.com/fhpaschen,N/A
Robert Steiner,Robert,Steiner,CEO,rsteiner@alsco.com,Alsco,alsco.com,+18004080208,N/A,Salt Lake City,UT,N/A,3000,633100000,22,"[""Apache"",""Font Awesome"",""Google Analytics"",""Google Font API"",""Google Tag Manager"",""Gravity Forms"",""Modernizr"",""WordPress"",""jQuery"",""jQuery Migrate"",""jQuery UI""]",43790665,catchall,5/14/2024,d4c8a26494b05e4b1e5f2684dcd00f8e,N/A,N/A,85%,Textile Mill Products,https://facebook.com/alscoinc,https://linkedin.com/company/alsco,https://twitter.com/alscoinc,https://instagram.com/alscoinc,N/A
Robb Strong,Robb,Strong,Director of Sales and Operations,rstrong@abspecialties.net,American Building Specialties,abspecialties.net,N/A,N/A,N Little Rock,AR,N/A,30,0,15,"[""AddThis"",""Blogger"",""Google AdSense"",""Google Plus"",""MooTools"",""OpenGSE""]",42192683,valid,11/29/2023,272939717b0b74a121fd51237d3621c4,N/A,N/A,97%,Building Construction-general Contractors and Operative Builders,N/A,N/A,N/A,N/A,N/A
Rusty Terrell,Rusty,Terrell,Executive Vice President - Hse,rterrell@ccincservices.com,Services Insulation,ccincservices.com,+18175735349,"4500 Colony Rd. P.O. Box 1379 Granbury, TX 76048",unknown city,unknown state,"=""76048""",30,5700128,13,"[""Apache"",""Font Awesome"",""Google Analytics"",""Google Font API"",""Modernizr"",""PHP"",""Revslider"",""Twitter Emoji (Twemoji)"",""WordPress"",""jQuery"",""jQuery Migrate""]",38012425,catchall,3/2/2023,62e5a131b9478577c6ddcb24daf88272,N/A,N/A,85%,Oil and Gas Extraction,N/A,https://linkedin.com/company/culberson-construction-energy-services,N/A,N/A,N/A
Randy Thomas,Randy,Thomas,Vice President,rthomas@spacemakers.net,Spacemakers,spacemakers.net,+17576408100,N/A,Salt Lake City,UT,N/A,N/A,15000000,15,"[""DreamWeaver"",""IIS"",""Microsoft ASP.NET""]",44178955,catchall,N/A,d94f32b10c8a2648deea305a44f3f5af,N/A,N/A,85%,Building Construction-general Contractors and Operative Builders,N/A,N/A,N/A,N/A,N/A
Richard Tremblay,Richard,Tremblay,"Vice President, Operations",rtremblay@tasekomines.com,Taseko Mines,tasekomines.com,+18774414533,N/A,unknown city,unknown state,N/A,75,10000000,10,"[""AddThis"",""Google Analytics"",""Google Font API"",""Google Tag Manager"",""Matomo"",""Nginx"",""PHP"",""UIKit"",""jQuery""]",41245576,catchall,N/A,f93d2173767bcc5dc6444308daf78e7c,N/A,N/A,85%,Metal Mining,N/A,N/A,N/A,N/A,N/A
Rudy Bosher,Rudy,Bosher,Director of Operations,rudy@dccontracting.com,D C Contracting,dccontracting.com,+17134609394,"P.O. Box 440881 - Houston, TX 77244-0881 - Phone: 713.460.9394 Fax: 713.460.8408",Houston,TX,"=""713.460.8408""",N/A,0,15,[],43755564,catchall,N/A,cb918c8796d5837eccdea7d325df9d4e,N/A,N/A,85%,Building Construction-general Contractors and Operative Builders,N/A,N/A,N/A,N/A,N/A
Ruth Rittermann,Ruth,Rittermann,VP Operations,ruth@hugconstruction.com,Hug Construction,hugconstruction.com,+15099813275,2504 W Smythe Rd 42716 N. Hatch Rd.,Spokane,WA,N/A,5,1638653,15,[],46421042,catchall,N/A,fea99a75b14900631245e0688a72dd79,N/A,N/A,85%,Building Construction-general Contractors and Operative Builders,https://facebook.com/hugconstruction,N/A,N/A,N/A,N/A
Saeed Rashed,Saeed,Rashed,"Executive Vice-president, Government Affairs and Corporate Communications and Board Secretary",saeed.rashed@taqaglobal.com,Taqa,taqaglobal.com,+14037245045,N/A,Detroit,MI,N/A,3000,13000000,13,"[""Apache"",""Bootstrap"",""Drupal"",""Google Analytics"",""Google Tag Manager"",""Modernizr"",""OWL Carousel"",""PHP"",""jQuery""]",38546438,catchall,3/2/2023,395e2e26cbae4c0578452d817f5591cc,N/A,N/A,85%,Oil and Gas Extraction,N/A,https://linkedin.com/company/taqa,https://twitter.com/taqaglobal,https://instagram.com/taqauae,N/A
Safir Saiyad,Safir,Saiyad,COO,safir@snscomm.net,Sns Communications,snscomm.net,+17187868998,N/A,Niles,OH,N/A,5,16000000,16,"[""Apache"",""Bootstrap"",""Google Font API"",""Lightbox"",""PHP"",""Twitter Emoji (Twemoji)"",""WordPress"",""jQuery"",""jQuery Migrate""]",37058256,catchall,N/A,fb71945b03eb1c3f68fa8ae033902c2b,N/A,N/A,85%,Heavy Construction Other Than Building Construction-contractors,N/A,N/A,N/A,N/A,N/A
Sam Scaturro,Sam,Scaturro,Director of Operations &amp; Safety,sam@alpinepainting.com,Alpine Painting,AlpinePainting.com,+18665960349,"17 Florida Ave, Paterson, NJ 07503-2114",Paterson,NJ,"=""07503-2114""",125,0,15,"[""Craft CMS"",""Google Analytics"",""Google Font API"",""Google Tag Manager"",""LiteSpeed"",""Modernizr"",""jQuery""]",37987774,catchall,N/A,b9c6a9d45354389aeb03d23f31b56cbe,N/A,N/A,85%,Building Construction-general Contractors and Operative Builders,https://facebook.com/alpinepaintingandsandblasting,https://linkedin.com/company/alpine-painting-and-sandblasting-contractors,https://twitter.com/alpinepainting,https://instagram.com/alpinepainting,N/A
Samantha T,Samantha,T,Executive Vice President,samantha@cowater.com,Cowater,cowater.com,+16137226434,N/A,Anchorage,AK,N/A,N/A,0,15,"[""AddThis"",""Apache"",""Bootstrap"",""Font Awesome"",""Google Analytics"",""Google Font API"",""Google Tag Manager"",""PHP"",""Revslider"",""Slick"",""Twitter Emoji (Twemoji)"",""WordPress"",""Yoast SEO"",""jQuery"",""jQuery Migrate""]",36426939,catchall,N/A,ba83d5ded8b25c33dbfcdcc6771dae6e,N/A,N/A,85%,Building Construction-general Contractors and Operative Builders,https://facebook.com/cowatersogema,https://linkedin.com/company/cowaterinternational,https://twitter.com/cowater_intl,https://instagram.com/cowater.sogema/,N/A
Samantha Howell,Samantha,Howell,Vice President - Human Resources,samantha@prima-tex.com,"Textiles By Design, Llc & Prima-tex Industries",prima-tex.com,+17145214657,N/A,Lenoir,NC,N/A,300,154000000,22,[],44016196,catchall,2/24/2023,aedc359f74b673bc29f3c7557a554cd4,N/A,N/A,85%,Textile Mill Products,https://facebook.com/primatexindustries,N/A,N/A,N/A,N/A
Samir Mp,Samir,Mp,Vice President (volunteer Position),samir.mp@pmiwdc.org,Pmiwdc,pmiwdc.org,+18604375700,N/A,Washington,DC,N/A,350,15000000,15,"[""Bootstrap"",""DataTables"",""Drupal"",""Google Analytics"",""Google Font API"",""Modernizr"",""Nginx"",""OWL Carousel"",""Segment"",""Underscore.js"",""jQuery""]",45842314,catchall,N/A,1092422a13d725c122351f8f4957c8b2,N/A,N/A,85%,Building Construction-general Contractors and Operative Builders,https://facebook.com/pmiwdc,N/A,https://twitter.com/pmiwdc,https://instagram.com/accounts/login/,N/A
Sam Stephens,Sam,Stephens,Exec. VP,sam@landmark-builders.com,Qualified Builder,landmark-builders.com,+19703308855,"3812 Carson Avenue Evans, Colorado 80620",Evans,CO,"=""80620""",30,4625600,15,"[""CloudFlare"",""Google Analytics"",""Modernizr"",""Nginx"",""PHP"",""Typekit"",""jQuery""]",40321650,catchall,N/A,26422a83f68aa2c017bbf1179e1112c2,N/A,N/A,85%,Building Construction-general Contractors and Operative Builders,N/A,N/A,N/A,N/A,N/A
Samuel Holstein,Samuel,Holstein,COO,samuelh@sajo.com,Sajo,sajo.com,+18478360778,N/A,Cincinnati,OH,N/A,5,934560,15,"[""Apache"",""Bootstrap"",""Font Awesome"",""Google Analytics"",""Google Maps"",""Modernizr"",""OWL Carousel"",""jQuery"",""jQuery UI""]",38497070,catchall,N/A,9ce1cf627762e35d9353e0c5491eee55,N/A,N/A,85%,Building Construction-general Contractors and Operative Builders,N/A,N/A,N/A,N/A,N/A
Sarah Londerville,Sarah,Londerville,Director of Sales and Marketing,sarah@mrtimbers.com,Manomin Resawn Timbers,mrtimbers.com,+16514641771,"15152 Freeland Avenue North Hugo, MN 55038",Hugo,MN,"=""55038""",5,1499400,15,[],42773415,valid,5/15/2024,0cb1eb213d086c6c87cd27093d5d81d0,N/A,N/A,97%,Building Construction-general Contractors and Operative Builders,https://facebook.com/manomin-resawn-timbers-140481599430342,N/A,N/A,https://instagram.com/manominresawntimber,https://youtube.com/channel/ucsslmepwtt2ppifsucqcfvw
Spencer Arnold,Spencer,Arnold,Vice President,sarnold@rgsls.com,Rgs,rgsls.com,+17146305300,"1156 North Grove Street Anaheim, California 928061156 North Grove Street Anaheim, California 92806 | 714.630.5300 |",Anaheim,CA,N/A,350,26000000,15,"[""Apache"",""Font Awesome"",""Google Analytics"",""Google Font API"",""Hotjar"",""Twitter Emoji (Twemoji)"",""WordPress"",""Yoast SEO"",""jQuery"",""jQuery Migrate""]",39931512,valid,7/2/2024,14a47089fb81135b628cc3b8c4f70a14,N/A,N/A,97%,Building Construction-general Contractors and Operative Builders,N/A,N/A,N/A,N/A,N/A
Suki Atwal,Suki,Atwal,Vice President,satwal@ajsheetmetal.com,& J Precision Sheetmetal,ajsheetmetal.com,+14088859134,N/A,San Jose,CA,N/A,N/A,0,15,"[""Apache"",""Google Font API"",""PHP"",""Twitter Emoji (Twemoji)"",""WordPress"",""jQuery"",""jQuery Migrate""]",44301551,catchall,N/A,56d0b93ebad599a26453875c7e6a980f,N/A,N/A,85%,Building Construction-general Contractors and Operative Builders,N/A,N/A,N/A,N/A,N/A
Larry Sauers,Larry,Sauers,President &amp CEO,sauers@sveneers.com,Veneers To,sveneers.com,+13369561200,N/A,High Point,NC,N/A,30,3005760,24,"[""AdRoll"",""Google Analytics"",""Google Font API"",""Google Tag Manager"",""LiteSpeed"",""NextGEN Gallery"",""WordPress"",""YouTube"",""jQuery"",""jQuery Migrate"",""jQuery UI""]",42213011,catchall,1/24/2024,fe14cde6050f58de6f0e4cb858ba85db,N/A,N/A,85%,Lumber and Wood Products: except Furniture,https://facebook.com/sauersandcompanyveneers,N/A,https://twitter.com/sauersveneers,N/A,https://youtube.com/channel/ucoged7imaxau_4kol_5m3wg
Steve Bauer,Steve,Bauer,Vice President,sbauer@frewdevelopment.com,Frew Development Group,frewdevelopment.com,+13197394040,"44 Cook Street, Suite 320 Denver, Colorado 80206",Cedar Rapids,IA,"=""80206""",30,0,15,"[""All in One SEO Pack"",""Cufon"",""PHP"",""Twitter Emoji (Twemoji)"",""WordPress"",""jQuery"",""jQuery Migrate""]",43944745,catchall,N/A,ecc055d21c02b6bbbce3d4c796c36324,N/A,N/A,85%,Building Construction-general Contractors and Operative Builders,https://facebook.com/frew-development-group-107087189405944/,https://linkedin.com/company/1031390,https://twitter.com/frewdevelopment,N/A,https://youtube.com/channel/ucavassxtiknmfe9lbdu1goq
Shawn Beinhower,Shawn,Beinhower,Vice President of Safety and Information Technolog,sbeinhower@ekserviceinc.com,Ek Service,ekserviceinc.com,+17177747917,N/A,New Cumberland,PA,N/A,125,35000000,15,[],45132491,catchall,N/A,9f8b410e80126e4f54e864e8acbca18d,N/A,N/A,85%,Building Construction-general Contractors and Operative Builders,N/A,N/A,N/A,N/A,N/A
Steve Busby,Steve,Busby,Chief Operating Officer,sbusby@panamericansilver.com,Pan American Silver Corporate,panamericansilver.com,+16181280692,N/A,unknown city,unknown state,N/A,300,0,10,"[""CloudFlare"",""Google Analytics"",""Google Font API"",""PHP"",""SilverStripe"",""jQuery""]",44610446,catchall,N/A,11b42166f6663ae8af3a8fb5d7941ddc,N/A,N/A,85%,Metal Mining,N/A,https://linkedin.com/company/pan-american-silver-corp.,N/A,N/A,N/A
Shawn Casey,Shawn,Casey,Vice President and Engineering Technical Manager,s.casey@cmtservicesgroup.com,Cmt Services Group,cmtservicesgroup.com,+16107310430,N/A,King Of Prussia,PA,N/A,30,5700128,15,"[""Immutable.js"",""Lodash"",""React""]",46207040,catchall,N/A,01689a395d1a6d113680e890daf4252f,N/A,N/A,85%,Building Construction-general Contractors and Operative Builders,N/A,N/A,N/A,N/A,N/A
Suzanne Corbett,Suzanne,Corbett,CFO / Controller,scorbett@downeyscott.com,Downey & Scott,downeyscott.com,+15403475001,"6799 Kennedy Road, Unit F Warrenton, VA 20187",Warrenton,VA,"=""20187""",30,5700128,15,"[""Google Analytics"",""IIS"",""Microsoft ASP.NET"",""Plesk"",""Prototype""]",36341985,catchall,10/6/2023,7eadbf0376b5b12bcac65d6053f34b36,N/A,N/A,85%,Building Construction-general Contractors and Operative Builders,N/A,https://linkedin.com/company/1872388,N/A,N/A,N/A
Scott Gaston,Scott,Gaston,Vice President Estimating and Engineering,scottg@willockshawaii.com,Willocks Construction,willockshawaii.com,+18089829099,N/A,Keaau,HI,N/A,5,2400000,16,[],42782150,catchall,N/A,9d50b32af47ef354fa573880b5877e26,N/A,N/A,85%,Heavy Construction Other Than Building Construction-contractors,N/A,N/A,N/A,N/A,N/A
Scott Marshall,Scott,Marshall,VP of Operations,scott.marshall@foroenergy.com,Foroenergy,foroenergy.com,+16613697074,"5506 Clara Rd. Houston, TX 770415506 Clara Rd Houston, TX 77041",Houston,TX,"=""77041""",75,7000000,13,"[""Business Catalyst"",""Microsoft ASP.NET"",""Modernizr"",""OWL Carousel"",""OpenResty"",""Typekit"",""ZURB Foundation"",""jQuery""]",36540454,catchall,N/A,064b6f2b29518c187f3f10f9a2657996,N/A,N/A,85%,Oil and Gas Extraction,N/A,N/A,N/A,N/A,N/A
Scott Nakayama,Scott,Nakayama,Director of Operations,scott@northwest-roofing.com,Roofing 2755,northwest-roofing.com,+13038040303,"2755 S. Locust St., Suite 200 Denver, CO 80222",Denver,CO,"=""80222""",30,3600000,15,"[""Font Awesome"",""Google Analytics"",""Google Font API"",""Google Tag Manager"",""Gravity Forms"",""OpenResty"",""Polyfill"",""Twitter Emoji (Twemoji)"",""WordPress"",""Yoast SEO"",""jQuery"",""jQuery Migrate""]",37638356,valid,11/6/2023,953e763a6d0c86cdd6121f6fb2b39f00,N/A,N/A,97%,Building Construction-general Contractors and Operative Builders,N/A,N/A,N/A,N/A,N/A
Scott Rousseau,Scott,Rousseau,"Cfo, Secretary and Treasurer",scott.rousseau@palmer-electric.com,Palmer Electric,palmer-electric.com,+14076478951,"875 Jackson Avenue Suite 100 Winter Park, FL 32789875 Jackson Avenue Ste 100 Winter Park, FL 32789",Winter Park,FL,"=""32789""",350,38412000,15,"[""Apache"",""Bootstrap"",""Facebook"",""Google Analytics"",""Google Font API"",""Google Tag Manager"",""PHP"",""Twitter Emoji (Twemoji)"",""WordPress"",""jQuery"",""jQuery Migrate""]",37469412,catchall,6/22/2024,b97e45b9ab7d4c7ef72d7df6c4a12b29,N/A,N/A,85%,Building Construction-general Contractors and Operative Builders,https://facebook.com/palmerelectricorlando,https://linkedin.com/company/palmerelectricorlando,N/A,N/A,https://youtube.com/channel/ucud3xvj7s6zzo7llpqyakjg
Scott Young,Scott,Young,Regional Vice President,scott.young@patcraft.com,Patcraft's,patcraft.com,+18002414014,N/A,Cartersville,GA,N/A,750,150000000,22,"[""AddThis"",""FancyBox"",""Font Awesome"",""Google Tag Manager"",""IIS"",""Kentico CMS"",""Lightbox"",""Microsoft ASP.NET"",""SWFObject"",""Twitter typeahead.js"",""jQuery""]",40912444,catchall,N/A,d0c839b932c42200ec6926d76ad97e02,N/A,N/A,85%,Textile Mill Products,https://facebook.com/patcraftfloors,https://linkedin.com/company/patcraft,https://twitter.com/patcraftfloors,N/A,https://youtube.com/user/patcraftflooring
Shaunmarie Daly,Shaunmarie,Daly,Vice President,sdaly@krlandscapeinc.com,Kr Landscaping,krlandscapeinc.com,N/A,N/A,Wharton,TX,N/A,5,15000000,15,"[""IIS"",""Microsoft ASP.NET"",""jQuery""]",38756468,valid,11/6/2023,181ca232845892a5bee6351c9dec698a,N/A,N/A,97%,Building Construction-general Contractors and Operative Builders,N/A,N/A,N/A,N/A,N/A
Sal Disanto,Sal,Disanto,VP Operations,sdisanto@Nationsroof.com,Nations Roof,Nationsroof.com,+15103065046,"1633 Blairs Bridge Road Lithia Springs, GA1633 Blairs Bridge Road Lithia Springs, GA 30122",Lithia Springs,GA,"=""30122""",750,154210747,15,"[""Bootstrap"",""Font Awesome"",""Google Analytics"",""Google Tag Manager"",""Lightbox"",""Modernizr"",""Nginx"",""OWL Carousel"",""TrackJs"",""WordPress"",""YouTube"",""jQuery"",""jQuery UI""]",42203982,catchall,11/6/2023,77ade3e69036ded690905a4dea34d9b1,N/A,N/A,85%,Building Construction-general Contractors and Operative Builders,N/A,https://linkedin.com/company/542732,N/A,N/A,https://youtube.com/channel/ucsbvp7pvfrqxtvrveeaoeyq
Steve Dodson,Steve,Dodson,COO,sdodson@dodsonlumber.com,Dodson Wholesale Lumber,dodsonlumber.com,N/A,N/A,Roswell,NM,N/A,N/A,10907700,15,"[""Google Font API"",""Nginx""]",42071933,catchall,N/A,3f83df12f2a5764f54732311133331b2,N/A,N/A,85%,Building Construction-general Contractors and Operative Builders,N/A,N/A,N/A,N/A,N/A
Sean Khan,Sean,Khan,Chief Executive Officer,sean.khan@skccompany.com,Skc,skccompany.com,+19097403120,"13617 12th Street - unit B Chino, CA 9171013617 12th Street - unit ""B"" Chino, CA 91710",Chino,CA,"=""91710""",30,5700128,15,"[""Apache"",""Bootstrap"",""Font Awesome"",""Google Font API"",""Modernizr"",""Twitter Emoji (Twemoji)"",""WordPress"",""Yoast SEO"",""ZURB Foundation"",""jQuery"",""jQuery Migrate""]",36995034,valid,6/22/2024,3fbd9bf9e9ec43000bea3ac822992a10,N/A,N/A,97%,Building Construction-general Contractors and Operative Builders,N/A,https://linkedin.com/company/skc-company,N/A,N/A,N/A
Sean Ingram,Sean,Ingram,1st Vice President,sean@lccpropertyservices.com,Lcc Property Services,lccpropertyservices.com,+16106130857,N/A,Exton,PA,N/A,N/A,0,15,"[""Apache"",""Google Analytics""]",39894678,valid,11/6/2023,481663c92a553ca10bb95a34dcf7d865,N/A,N/A,97%,Building Construction-general Contractors and Operative Builders,N/A,N/A,N/A,N/A,N/A
Sean Toohey,Sean,Toohey,Executive Vice President &amp; President Asia ...,sean@nalcochampion.com,Ecolab,nalcochampion.com,+16512504724,"the Osborn Building in St. Paul, Minnesota",unknown city,unknown state,N/A,3000,371472581,13,"[""Bootstrap"",""Google Analytics"",""Google Tag Manager"",""IIS"",""Microsoft ASP.NET"",""Modernizr"",""RequireJS"",""Sitecore"",""jQuery"",""jQuery UI"",""reCAPTCHA""]",41211113,catchall,3/2/2023,508bec2601266eb65b1a9d09183fdbb7,N/A,N/A,85%,Oil and Gas Extraction,https://facebook.com/ecolab,https://linkedin.com/company/ecolab,https://twitter.com/ecolab,https://instagram.com/ecolab_inc,https://youtube.com/user/everywhereitmatters
Selena Wong,Selena,Wong,Vice President,selena.wong@mcenergyinc.com,Mc Energy,mcenergyinc.com,N/A,N/A,Valhalla,NY,N/A,30,5700128,13,"[""Apache"",""CentOS"",""Google Analytics"",""OpenSSL"",""PHP""]",36870120,catchall,N/A,ff382b022007e42fdba9ca07afb9e0ce,N/A,N/A,85%,Oil and Gas Extraction,N/A,N/A,N/A,N/A,N/A
Stephen Goff,Stephen,Goff,Vice President Business Development,sgoff@emberclear.com,Emberclear,emberclear.com,+15707936012,"Suite 104 A Moosic, Pa 18507",unknown city,unknown state,"=""18507""",5,7000000,13,"[""Google Font API"",""OpenResty"",""Twitter Emoji (Twemoji)"",""WordPress"",""Yoast SEO"",""animate.css"",""jQuery"",""jQuery Migrate""]",45145408,catchall,3/2/2023,46cbecb57b6512cc93d31d510d4eb56f,N/A,N/A,85%,Oil and Gas Extraction,N/A,https://linkedin.com/company/gepower,https://twitter.com/ge_power,N/A,N/A
Shannan Muir,Shannan,Muir,Vice President,shannan@ogsupply.com,Og Supply,ogsupply.com,+12103142295,N/A,Corona,CA,N/A,30,5700128,13,"[""Font Awesome"",""Lightbox"",""Modernizr"",""OpenResty"",""WooCommerce"",""WordPress"",""Yoast SEO"",""jQuery"",""jQuery Migrate"",""jQuery UI""]",41736445,catchall,3/2/2023,07e5561ccbf30ccdc89e4b0e9310f44a,N/A,N/A,85%,Oil and Gas Extraction,N/A,N/A,N/A,N/A,N/A
Shaun Dentice,Shaun,Dentice,Vice President,shaun.dentice@clearesult.com,Clearesult,clearesult.com,+18507928909,"200 Portland Street Boston, Massachusetts 02114",Portland,OR,"=""02114""",3000,210700000,13,"[""Bootstrap"",""CloudFlare"",""Google Analytics"",""Typekit"",""jQuery""]",38709999,catchall,3/2/2023,0334d8cc19faeccb70581c76becc0d21,N/A,N/A,85%,Oil and Gas Extraction,https://facebook.com/clearesult,https://linkedin.com/company/clearesult,https://twitter.com/clearesult,https://instagram.com/clearesult,N/A
Shaun Kelly,Shaun,Kelly,"Vice President, Pipeline and Industrial ...",shaun.kelly@trican.us,Trican Well Service,trican.us,+17809797000,N/A,Odessa,TX,N/A,30,1444300,13,"[""Bootstrap"",""CloudFlare"",""Drupal"",""Google Tag Manager"",""Modernizr"",""PHP"",""Typekit"",""jQuery""]",46288071,catchall,3/2/2023,08f837299a5d400177a1e4f89a5d5bf4,N/A,N/A,85%,Oil and Gas Extraction,https://facebook.com/tricanwellservice,https://linkedin.com/company/126611,https://twitter.com/tricanws,N/A,N/A
Shaun Tait,Shaun,Tait,Regional Vice President,shaun.tait@patcraft.com,Patcraft's,patcraft.com,+18002414014,N/A,Cartersville,GA,N/A,750,150000000,22,"[""AddThis"",""FancyBox"",""Font Awesome"",""Google Tag Manager"",""IIS"",""Kentico CMS"",""Lightbox"",""Microsoft ASP.NET"",""SWFObject"",""Twitter typeahead.js"",""jQuery""]",40912459,valid,9/14/2023,b9e5fcd9e6d4f966b687d3c1242ef837,N/A,N/A,97%,Textile Mill Products,https://facebook.com/patcraftfloors,https://linkedin.com/company/patcraft,https://twitter.com/patcraftfloors,N/A,https://youtube.com/user/patcraftflooring
Shea Smith,Shea,Smith,Chief Financial Officer,shea.smith@chrisrsheridan.com,Sheridan Construction,chrisrsheridan.com,+14787431578,"P.O. Box 4441 Macon, GA 312081572 Schofield Street Macon, GA 31201",Macon,GA,"=""31201""",5,4625280,15,"[""CloudFlare"",""Facebook"",""Google Analytics"",""Google Font API"",""Modernizr"",""WP Engine"",""WordPress"",""Yoast SEO"",""jQuery""]",36968359,valid,11/6/2023,5b1f2420b5842a25c4f648f9dfa53cc2,N/A,N/A,97%,Building Construction-general Contractors and Operative Builders,https://facebook.com/sheridanconstructioncompany,https://linkedin.com/company/sheridanconstruction/,https://twitter.com/sheridanco1947,https://instagram.com/sheridanco1947,N/A
Suzy Henderson,Suzy,Henderson,Chief Financial Officer,shenderson@westernllc.net,Western,westernllc.net,+19728728422,N/A,Elizabeth,CO,N/A,30,15000000,15,[],36557571,valid,9/10/2024,ee77900a7f308ed209e7acfdf736cb52,N/A,N/A,97%,Building Construction-general Contractors and Operative Builders,https://facebook.com/westernllc,https://linkedin.com/company/western-llc,https://twitter.com/westernllc,https://instagram.com/western_llc,N/A
Steve Holmes,Steve,Holmes,Chief Operating Officer,sholmes@firstmajestic.com,"First Majestic Silver Corp. - One Metal, One Country",firstmajestic.com,+16046398873,N/A,unknown city,unknown state,N/A,750,219400000,10,"[""Apache"",""CloudFlare"",""Crazy Egg"",""Font Awesome"",""Google Analytics"",""Google Font API"",""PHP"",""Typekit"",""UIKit"",""YouTube"",""jQuery"",""reCAPTCHA""]",39748014,catchall,10/2/2023,71b3914d9080afebb36a1e972323eb85,N/A,N/A,85%,Metal Mining,https://facebook.com/firstmajesticsilverbullion,N/A,https://twitter.com/fmbullion,N/A,N/A
Shukui Bian,Shukui,Bian,Chief Engineer and Vice President,shukuibian@sino-gas.com,Sino Gas International Holdings,sino-gas.com,N/A,N/A,unknown city,unknown state,N/A,5,1638653,13,[],46322723,catchall,N/A,e2589e4ee9c55b167bbc9a9ac46e6aac,N/A,N/A,85%,Oil and Gas Extraction,N/A,N/A,N/A,N/A,N/A
Stephany Jackson,Stephany,Jackson,Vp-tax,sjackson@ncsmultistage.com,Ncs Multistage,ncsmultistage.com,+12814532222,"9111 East Pine, Suite 104 Tulsa, Oklahoma 74115",Houston,TX,"=""74115""",300,98500000,13,"[""Google Analytics"",""Google Font API"",""Google Tag Manager"",""Nginx"",""Twitter Emoji (Twemoji)"",""Ubuntu"",""WordPress"",""Yoast SEO"",""jQuery"",""jQuery Migrate""]",40104119,catchall,N/A,478d0f9e54719ddb101a4bd88601bf8c,N/A,N/A,85%,Oil and Gas Extraction,N/A,N/A,N/A,N/A,N/A
Scott Jones,Scott,Jones,"Vice President, Engineering",sjones@tasekomines.com,Taseko Mines,tasekomines.com,+18774414533,N/A,unknown city,unknown state,N/A,75,10000000,10,"[""AddThis"",""Google Analytics"",""Google Font API"",""Google Tag Manager"",""Matomo"",""Nginx"",""PHP"",""UIKit"",""jQuery""]",41245578,catchall,4/22/2021,c9061f7a84cc1d603ee82b879cc9f554,N/A,N/A,85%,Metal Mining,N/A,N/A,N/A,N/A,N/A
Scott Maxfield,Scott,Maxfield,Vice President,smaxfield@BrokenArrowUSA.com,Broken Arrow,BrokenArrowUSA.com,+18004913942,N/A,Lake Point,UT,N/A,125,0,15,"[""Bootstrap"",""Font Awesome"",""Nginx"",""OWL Carousel"",""animate.css"",""jQuery"",""prettyPhoto"",""reCAPTCHA""]",37689105,catchall,N/A,bfcff88aba2e79d77c14b287b56e6028,N/A,N/A,85%,Building Construction-general Contractors and Operative Builders,https://facebook.com/brokenarrowusa,N/A,N/A,N/A,N/A
Sharon Mcintyre,Sharon,Mcintyre,"Director, Customer Operations",smcintyre@407etr.com,407 Etr Concession,407etr.com,N/A,N/A,Smyrna,GA,N/A,5,300000000,15,"[""Google Analytics"",""Google Font API"",""Modernizr"",""ZURB Foundation"",""jQuery""]",44078664,catchall,N/A,44a192754a792138e86fa61d52b855b2,N/A,N/A,85%,Building Construction-general Contractors and Operative Builders,N/A,N/A,N/A,N/A,N/A
Sean Mcmenamin Vice,Sean,Vice,Vice President - Operations,smcmenamin-vice@nationwideboiler.com,Nationwide Boiler,nationwideboiler.com,+13603351443,"7211 W. Pershing Ct., Suite E Visalia, CA 93291",San Francisco,CA,"=""93291""",30,23000000,13,"[""Apache"",""Bootstrap"",""Font Awesome"",""Google Font API"",""Google Tag Manager"",""Joomla"",""MooTools"",""PHP"",""YouTube"",""animate.css"",""jQuery"",""jQuery Migrate""]",43544547,catchall,3/2/2023,e6edb8fed4ba72c9b6a080625a034578,N/A,N/A,85%,Oil and Gas Extraction,https://facebook.com/nationwideboiler,https://linkedin.com/company/2877272,https://twitter.com/steamnow,https://instagram.com/nationwideboiler,N/A
Shannon Nichols,Shannon,Nichols,Sr. Vice President – Land,snichols@jettaoperating.com,Jetta Operating,jettaoperating.com,+18173351179,N/A,Fort Worth,TX,N/A,350,75000000,13,"[""Apache"",""Bootstrap"",""CloudFlare"",""FancyBox"",""Font Awesome"",""Google Analytics"",""Google Font API"",""Modernizr"",""Select2"",""Statcounter"",""Twitter Emoji (Twemoji)"",""WordPress"",""jQuery"",""jQuery Migrate""]",40643197,catchall,9/6/2024,4d597b0956f3cc3e8098422898c35fd9,N/A,N/A,85%,Oil and Gas Extraction,N/A,N/A,N/A,N/A,N/A
Steve Oliver,Steve,Oliver,Vice President,soliver@oliverfps.com,Oliver,oliverfps.com,+19088325111,"501 Feheley Drive King of Prussia, PA 19406",King of Prussia,PA,"=""19406""",125,0,15,"[""Apache Traffic Server"",""Backbone.js"",""Bootstrap"",""Font Awesome"",""Google Analytics"",""Google Font API"",""MediaElement.js"",""Modernizr"",""Twitter Emoji (Twemoji)"",""Underscore.js"",""WordPress"",""animate.css"",""jQuery"",""jQuery Migrate"",""jQuery UI"",""prettyPhoto""]",38270615,catchall,N/A,29ef686f54aa4081e29c7ab9a92ae7a9,N/A,N/A,85%,Building Construction-general Contractors and Operative Builders,N/A,https://linkedin.com/company/2815994,N/A,N/A,N/A
Solomon Vice,Solomon,Vice,Vice President of Sales &amp Marketing,solomon.vice@atrexenergy.com,Atrex Energy,atrexenergy.com,+14421678743,"1700 E. Seward Road Guthrie, OK 73044",Boston,MA,"=""73044""",30,13000000,13,"[""Apache"",""Bootstrap"",""CloudFlare"",""DataTables"",""Google Analytics"",""Google Font API"",""PHP"",""Slick"",""jQuery""]",36262710,catchall,8/18/2023,d2562aedeef0ac931d7f870b50ba1458,N/A,N/A,85%,Oil and Gas Extraction,N/A,N/A,N/A,N/A,N/A
Steve Olsen,Steve,Olsen,VP Slurry and Micro Surfacing Operations,solsen@cpmamerica.com,California Pavement Maintenance,cpmamerica.com,+19163818033,"9390 Elder Creek Rd. Sacramento, CA 958299390 Elder Creek Rd Sacramento, CA 95829",Sacramento,CA,"=""95829""",125,11880000,16,[],38362752,catchall,N/A,71de527a32eb172c108ef032d71b77e3,N/A,N/A,85%,Heavy Construction Other Than Building Construction-contractors,https://facebook.com/capavement,N/A,N/A,N/A,N/A
Scott Prange,Scott,Prange,Vice President,sprange@sullivanandpoore.com,Sullivan & Poore,sullivanandpoore.com,+13179237060,N/A,Indianapolis,IN,N/A,30,15000000,15,"[""Apache"",""Google Analytics"",""Google Font API"",""MediaElement.js"",""Mustache"",""Weebly"",""jQuery""]",41478040,catchall,N/A,8b2e8906cb27543c39d0c190c8748976,N/A,N/A,85%,Building Construction-general Contractors and Operative Builders,N/A,N/A,N/A,N/A,N/A
Scott Rife,Scott,Rife,Vice President,srife@jadcomfg.com,Jadco Manufacturing,jadcomfg.com,+17244525252,"167 Evergreen Mill Rd, Harmony, PA 16037",Pittsburgh,PA,"=""16037""",30,10000000,10,"[""Backbone.js"",""Bootstrap"",""Facebook"",""Google Analytics"",""MediaElement.js"",""Modernizr"",""Moment Timezone"",""Moment.js"",""RequireJS"",""Supersized"",""Typekit"",""UIKit"",""Underscore.js"",""jQuery"",""jQuery UI""]",41173294,catchall,N/A,c795e079bfa78b5da67724763b95e16d,N/A,N/A,85%,Metal Mining,https://facebook.com/jadcomfg,https://linkedin.com/company/jadco-manufacturing-inc-_3,https://twitter.com/jadcomfg,N/A,https://youtube.com/user/jadcomanufacturing
Scott Sanford,Scott,Sanford,Sr. Director of Operations,sscott@fordyceconstruction.com,Bluehost.com,fordyceconstruction.com,+18447411192,N/A,Santee,CA,N/A,5,1638653,16,"[""Google Analytics"",""Nginx""]",36643290,catchall,N/A,dc3223bc7ca5a6438f96458b7f13a14d,N/A,N/A,85%,Heavy Construction Other Than Building Construction-contractors,https://facebook.com/bluehost,https://linkedin.com/company/bluehost-com,https://twitter.com/bluehost,https://instagram.com/bluehost,https://youtube.com/user/bluehost
Steve Short,Steve,Short,Executive Vice President - Hse,sshort@ccincservices.com,Services Insulation,ccincservices.com,+18175735349,"4500 Colony Rd. P.O. Box 1379 Granbury, TX 76048",unknown city,unknown state,"=""76048""",30,5700128,13,"[""Apache"",""Font Awesome"",""Google Analytics"",""Google Font API"",""Modernizr"",""PHP"",""Revslider"",""Twitter Emoji (Twemoji)"",""WordPress"",""jQuery"",""jQuery Migrate""]",38012426,catchall,3/2/2023,3bd5da8f75c482156a1a7e84eae6113e,N/A,N/A,85%,Oil and Gas Extraction,N/A,https://linkedin.com/company/culberson-construction-energy-services,N/A,N/A,N/A
Shaun Sleeth,Shaun,Sleeth,Sr. Vice President Operations,ssleeth@mccarthy.com,Mccarthy Building,mccarthy.com,+15058988689,", Missouri",Missoula,MT,N/A,N/A,0,15,"[""Acquia Cloud"",""Drupal"",""Google Analytics"",""Google Tag Manager"",""Java"",""New Relic"",""Nginx"",""Varnish"",""jQuery""]",42210443,catchall,N/A,a4bd2f9de30f54ce543944a006ac76b0,N/A,N/A,85%,Building Construction-general Contractors and Operative Builders,https://facebook.com/mccarthybuilding,https://linkedin.com/company/mccarthy-building-companies-inc,https://twitter.com/mccarthybuild,https://instagram.com/mccarthybuild,https://youtube.com/user/mccarthybuildingco
Stephen Sostak,Stephen,Sostak,VP Estimating/purchasing,ssostak@erscon.com,Er Stuebner,erscon.com,+16103766625,"227 Blair Avenue Reading, PA 19601",Reading,PA,"=""19601""",125,15000000,15,"[""Google Analytics"",""Google Font API"",""Nginx"",""SWFObject"",""jQuery""]",37352075,valid,11/6/2023,1fe93fb6d9fd2d175647e52168d63a3a,N/A,N/A,97%,Building Construction-general Contractors and Operative Builders,N/A,N/A,N/A,N/A,N/A
Stacy Magill,Stacy,Magill,VP of Finance,stacy@ghilotti.com,Ghilotti Construction,ghilotti.com,+17075569682,"246 Ghilotti Avenue Santa Rosa, CA 95407",Santa Rosa,CA,"=""95407""",125,72923000,16,"[""Backbone.js"",""Font Awesome"",""Google Font API"",""Modernizr"",""Nginx"",""Revslider"",""Select2"",""Twitter Emoji (Twemoji)"",""Underscore.js"",""WP Engine"",""WordPress"",""Yoast SEO"",""YouTube"",""jQuery"",""jQuery Migrate"",""jQuery UI""]",36658759,catchall,1/10/2022,a548c63e0126d64c14c2a7e2d6bbee4c,N/A,N/A,85%,Heavy Construction Other Than Building Construction-contractors,https://facebook.com/ghilotticonstruction,https://linkedin.com/company/ghilotti-construction-company,https://twitter.com/ghilotticc,https://instagram.com/ghilotticonstruction,https://youtube.com/channel/uc7ikofpcmklqidhukxez_-q
Stacy Harvill,Stacy,Harvill,Director of Operations,stacy@maddenrealestate.com,Madden Real Estate,steppingstonebuilders.com,+12522075545,"728 Gaffney Road Suite 100 Fairbanks AK 99705728 Gaffney Road, Suite 100 Fairbanks, AK 99701",Fairbanks,AK,"=""99701""",N/A,0,15,"[""Bootstrap"",""Facebook"",""Google Analytics"",""Google Font API"",""Google Tag Manager"",""Hammer.js"",""YUI"",""jQuery"",""jQuery UI"",""reCAPTCHA""]",46065510,catchall,N/A,9fb97d9094625fb629d409b83ada2b0b,N/A,N/A,85%,Building Construction-general Contractors and Operative Builders,N/A,N/A,N/A,N/A,N/A
Dan Stauffer,Dan,Stauffer,"Cpa, Finance Director",staufferd@deland.org,Deland,deland.org,+13867365306,"120 S. Florida Avenue DeLand, FL 32720",Deland,FL,"=""32720""",350,9494000,16,"[""Google Analytics"",""Google Font API"",""Google Tag Manager"",""OpenResty"",""Typekit"",""Varnish"",""Webflow"",""jQuery""]",36263566,valid,6/22/2024,c7b067e31115208a14e5b91458a87e72,N/A,N/A,97%,Heavy Construction Other Than Building Construction-contractors,https://facebook.com/cityofdeland,N/A,https://twitter.com/cityofdeland,N/A,N/A
Stephanie A. Phipps,Stephanie,Phipps,Vice President of Human Resources,stephanie.phipps@mustangfuel.com,Mustang Fuel,mustangfuel.com,+14057489400,"9800 N. Oklahoma Ave, Oklahoma City, OK 73114",Oklahoma City,OK,"=""73114""",75,300000000,13,"[""CloudFlare"",""Google Analytics"",""PHP"",""jQuery"",""jQuery UI""]",40703513,catchall,5/5/2024,b8d30afec1beef8731db9f5a8975b7c8,N/A,N/A,85%,Oil and Gas Extraction,N/A,N/A,N/A,N/A,N/A
Stephanie Phipps Vice,Stephanie,Vice,"Stephanie Phipps, Vice President",stephanie.phipps-vice@mustangfuel.com,Mustang Fuel,mustangfuel.com,+14057489400,"9800 N. Oklahoma Ave, Oklahoma City, OK 73114",Oklahoma City,OK,"=""73114""",75,300000000,13,"[""CloudFlare"",""Google Analytics"",""PHP"",""jQuery"",""jQuery UI""]",40703510,catchall,3/2/2023,7d330210e5e281ad010d6498f34937d3,N/A,N/A,85%,Oil and Gas Extraction,N/A,N/A,N/A,N/A,N/A
Steve Autenreith,Steve,Autenreith,Executive Vice President,steve@3phaseline.com,Phase Line Construction,3phaseline.com,N/A,N/A,Farmington,NH,N/A,125,0,15,[],39966364,catchall,N/A,6f5775b9a8c423ef7b7bca434ded3962,N/A,N/A,85%,Building Construction-general Contractors and Operative Builders,N/A,N/A,N/A,N/A,N/A
Steve Grandon,Steve,Grandon,Vice President,steve.grandon@percheronllc.com,Percheron,percheronllc.com,+18323006400,N/A,Houston,TX,N/A,750,300000000,13,"[""Apache"",""Bootstrap"",""Font Awesome"",""Google Font API"",""Joomla"",""K2"",""MooTools"",""jQuery"",""jQuery Migrate""]",39585151,catchall,9/6/2024,ab51bacc407c7978ae6bbd72280f785b,N/A,N/A,85%,Oil and Gas Extraction,https://facebook.com/percheronllc,https://linkedin.com/company/866291,https://twitter.com/percheronllc,N/A,N/A
Steven Smith,Steven,Smith,Vice President,steven@accuburninc.com,Accuburn,accuburninc.com,+17657621100,N/A,Williamsport,IN,N/A,30,5700128,10,"[""Act-On"",""All in One SEO Pack"",""Google Analytics"",""Google Font API"",""Google Tag Manager"",""Nginx"",""PHP"",""Twitter Emoji (Twemoji)"",""WordPress"",""jQuery"",""jQuery Migrate"",""jQuery UI"",""prettyPhoto""]",44166142,catchall,N/A,a79b0310e206e95202da99595e07d136,N/A,N/A,85%,Metal Mining,N/A,https://linkedin.com/company/accuburn,N/A,N/A,https://youtube.com/channel/ucku3hetwqa4olo1dhfrykqw
Steve Yurick,Steve,Yurick,Vice President of Corporate Development/hr ...,steve.yurick@pinoakep.com,Pin Oak Energy,pinoakep.com,+18887480763,"388 South Main Street, Suite 401 Akron, Ohio 44311388 South Main Street Suite 401, Akron Ohio",Akron,OH,N/A,5,1638653,13,"[""Apache"",""CentOS"",""Google Analytics"",""Modernizr"",""OpenSSL"",""PHP"",""RequireJS"",""jQuery"",""mod_dav"",""mod_ssl""]",41770033,catchall,3/2/2023,4d0f1f753ab25356e2db6d6397401013,N/A,N/A,85%,Oil and Gas Extraction,N/A,https://linkedin.com/company/pin-oak-energy-partners,N/A,N/A,N/A
Stroud Evans,Stroud,Evans,Principal / Sr. Vice President,stroud@samconstruction.com,Sam Construction,samconstruction.com,N/A,N/A,Garfield,NJ,N/A,5,0,15,"[""LiteSpeed"",""RightJS""]",38878823,catchall,N/A,799355d9a4e386b8ae45c575b30cbc9e,N/A,N/A,85%,Building Construction-general Contractors and Operative Builders,N/A,N/A,N/A,N/A,N/A
Stuart Kasiske,Stuart,Kasiske,"Vice President, Human Resources",stuart.kasiske@oneok.com,Oneok Increases,oneok.com,+19185615379,"100 West Fifth Street Tulsa, OK 74103",Waukomis,OK,"=""74103""",5,8900000000,15,"[""Bootstrap"",""Facebook"",""Google Analytics"",""Google Tag Manager"",""IIS"",""Microsoft ASP.NET"",""Sitecore"",""jQuery"",""jQuery UI""]",41342659,catchall,11/6/2023,bcdff43ff890e5b052d514d9f81a8837,N/A,N/A,85%,Building Construction-general Contractors and Operative Builders,https://facebook.com/oneokinc,https://linkedin.com/company/oneok,https://twitter.com/oneok,https://instagram.com/oneok_inc,N/A
Susan Bellan,Susan,Bellan,Vice President,susan@bellan.com,Bellan,bellan.com,+12063299867,"5319 1st Ave. S Seattle, WA 98108",Seattle,WA,"=""98108""",N/A,934560,15,"[""Sucuri"",""WordPress"",""jQuery"",""jQuery Migrate""]",46593007,catchall,9/2/2024,854203e47c1c7ebf6ce51676e21f90cc,N/A,N/A,85%,Building Construction-general Contractors and Operative Builders,N/A,N/A,N/A,N/A,N/A
Susan Connors,Susan,Connors,Director of Pension Sales &amp; Administration,susan@connerssales.com,Conners Sales Group,connerssales.com,+15409372330,N/A,Jeffersonton,VA,N/A,5,1638653,15,"[""Apache"",""CloudFlare"",""FancyBox"",""Google Analytics"",""Google Font API"",""Hammer.js"",""MediaElement.js"",""Mustache"",""VideoJS"",""Weebly"",""jQuery""]",46107620,valid,11/29/2023,8429b232b80fd09206ccecc3d72cea18,N/A,N/A,97%,Building Construction-general Contractors and Operative Builders,N/A,N/A,N/A,N/A,N/A
Suzanne O'bryant,Suzanne,O'bryant,Sales and Marketing Director,suzanne@pentondevelopment.com,Penton Development,pentondevelopment.com,+19107634566,"6105 Oleander Drive Suite 201 Wilmington, NC 28403",Wilmington,NC,"=""28403""",5,906240,15,[],39706749,valid,12/31/2023,8a9f7e9668c19264c21c406e8b04d344,N/A,N/A,97%,Building Construction-general Contractors and Operative Builders,N/A,N/A,N/A,N/A,N/A
Suzy Davies,Suzy,Davies,VP Hsse - Services,suzy.davies@akersolutions.com,Aker Solutions History And Heritage Corporate,akersolutions.com,+17136233076,"Parmelia House, Level 8, 191 St Georges Terrace, WA 6000, Perth",unknown city,unknown state,N/A,5000,3600000000,13,"[""Azure"",""CloudFlare"",""Google Analytics"",""Google Tag Manager"",""Modernizr"",""jQuery""]",43753438,catchall,3/2/2023,d4f1d5a1f4fabd1bfa4dab59821db630,N/A,N/A,85%,Oil and Gas Extraction,https://facebook.com/akersolutions,https://linkedin.com/company/aker-solutions,https://twitter.com/akersolutions,N/A,N/A
Seth Hagar Vice,Seth,Vice,"Seth Hagar, Vice President",svice@hagarenterprises.com,Hagar Enterprises,hagarenterprises.com,+12075638588,"52 Biscay Road Damariscotta, Maine 04543-4216",Damariscotta,ME,"=""04543-4216""",5,0,15,"[""Apache""]",43456244,catchall,N/A,7d3e6a083c6b7e8d9e163bdbf03958d7,N/A,N/A,85%,Building Construction-general Contractors and Operative Builders,N/A,N/A,N/A,N/A,https://youtube.com/user/hagarenterprises
Steven Yeschenko,Steven,Yeschenko,Vice President of Construction,s.yeschenko@pacsysinteriors.com,Pacific Systems Interiors,pacsysinteriors.com,+13104366820,"190 E Arrow Highway, Suite D San Dimas, CA 91773",Gardena,CA,"=""91773""",125,20600000,15,[],46417563,catchall,N/A,c80654244e8a420f921fc9c90994103a,N/A,N/A,85%,Building Construction-general Contractors and Operative Builders,N/A,https://linkedin.com/company/pacific-systems-interiors-inc.,N/A,N/A,N/A
Tanner Bell,Tanner,Bell,Vice President,tanner@inproltd.com,Inpro Fabrication,inproltd.com,N/A,N/A,Fort Worth,TX,N/A,30,5700128,15,[],37395441,catchall,N/A,71662d1f9634b923cffef862473f2993,N/A,N/A,85%,Building Construction-general Contractors and Operative Builders,N/A,N/A,N/A,N/A,N/A
Kevin Taylor,Kevin,Taylor,VP of Business Development,taylor@maddenrealestate.com,Madden Real Estate,steppingstonebuilders.com,+12522075545,"728 Gaffney Road Suite 100 Fairbanks AK 99705728 Gaffney Road, Suite 100 Fairbanks, AK 99701",Fairbanks,AK,"=""99701""",N/A,0,15,"[""Bootstrap"",""Facebook"",""Google Analytics"",""Google Font API"",""Google Tag Manager"",""Hammer.js"",""YUI"",""jQuery"",""jQuery UI"",""reCAPTCHA""]",46065497,catchall,N/A,a4226cfcb5d8ddb2a21905a1c2079ae6,N/A,N/A,85%,Building Construction-general Contractors and Operative Builders,N/A,N/A,N/A,N/A,N/A
Ted Bekele,Ted,Bekele,Vp/avp/evp/svp,tbekele@fmcassoc.com,Fmc And,fmcassoc.com,+13017717000,riverfront between First St. SE and the Navy Yard Washington,New York,NY,N/A,N/A,0,15,"[""AddThis"",""Apache"",""Font Awesome"",""Google Font API"",""Modernizr"",""OpenSSL"",""PHP"",""UNIX"",""WordPress"",""WordPress Super Cache"",""Yoast SEO"",""animate.css"",""jQuery"",""jQuery Migrate"",""jQuery UI"",""mod_ssl""]",43141733,catchall,N/A,e4916bc08dcec09760e4770cb4ef177d,N/A,N/A,85%,Building Construction-general Contractors and Operative Builders,https://facebook.com/pages/fmc-associates-llc/121366517920213,N/A,N/A,N/A,N/A
Tammy Cabrera,Tammy,Cabrera,Vice President,tcabrera@palmerasphalt.com,Palmer Asphalt Companys,palmerasphalt.com,+12013390855,"Palmer Asphalt Co. - 196 West 5th Street - Bayonne, NJ 07002",Morning View,KY,"=""07002""",5,1163250,16,"[""Apache"",""DreamWeaver""]",41804139,catchall,9/21/2023,28fd6ef155f99c4f087edf3fed678675,N/A,N/A,85%,Heavy Construction Other Than Building Construction-contractors,N/A,N/A,N/A,N/A,N/A
Ted Halladay,Ted,Halladay,President/ceo,ted@dallasglass.net,Dallas Glass,dallasglass.net,+15035894899,"111 50th Ave NW Salem, OR 97304",Salem,OR,"=""97304""",30,5700128,15,"[""Apache"",""Bootstrap"",""Font Awesome"",""Google Analytics"",""Google Font API"",""Modernizr"",""OWL Carousel"",""PHP"",""Revslider"",""Twitter Emoji (Twemoji)"",""WordPress"",""animate.css"",""jQuery"",""jQuery Migrate"",""prettyPhoto"",""reCAPTCHA""]",36290868,valid,9/29/2024,7d333a79005041c33ee4839b6dc4c699,N/A,N/A,97%,Building Construction-general Contractors and Operative Builders,https://facebook.com/dallasglassandwindow,https://linkedin.com/company/dallas-glass,N/A,https://instagram.com/dallas_glass,N/A
Ted Ramm,Ted,Ramm,Vice President,ted@rammconstruction.com,Ramm Construction,rammconstruction.com,+14024939291,"2114 North 188th Ave ELkhorn, NE 68022",Omaha,NE,"=""68022""",N/A,2945280,15,"[""Apache"",""Bootstrap"",""Font Awesome"",""Google Analytics"",""Google Font API"",""Revslider"",""Select2"",""Twitter Emoji (Twemoji)"",""Underscore.js"",""WordPress"",""jQuery"",""jQuery Migrate"",""jQuery UI"",""reCAPTCHA""]",39951179,valid,11/6/2023,b080065a60104f1946cd21325b2c6302,N/A,N/A,97%,Building Construction-general Contractors and Operative Builders,https://facebook.com/ramm-construction-243339319063967,N/A,https://twitter.com/rammconstruct,N/A,https://youtube.com/channel/ucnv2vy4etx_b3onsc6ewola
Thomas Haaland,Thomas,Haaland,VP Technology,thomas.haaland@cubility.com,Cubility,cubility.com,+18004553991,"12848 Queensbury Ln., Suite 204 Houston, TX 77024",unknown city,unknown state,"=""77024""",75,13000000,13,"[""Google Font API"",""WordPress"",""Yoast SEO"",""YouTube"",""jQuery"",""jQuery Migrate""]",38128623,catchall,3/2/2023,09deb81b5a50b90c0e3242b1e318de01,N/A,N/A,85%,Oil and Gas Extraction,https://facebook.com/cubility,https://linkedin.com/company/cubility,N/A,N/A,N/A
Tim Cortes Vice,Tim,Vice,"Vice President, Hydrogen Energy Systems",tim_cortes-vice@plugpower.com,Plug Power,plugpower.com,+15187827700,"968 Albany Shaker Road Latham, New York 12110",Latham,NY,"=""12110""",350,12000000,13,"[""Google Analytics"",""MailChimp"",""Modernizr"",""Nginx"",""PHP"",""Prism"",""Twitter Emoji (Twemoji)"",""WordPress"",""ZURB Foundation"",""jQuery"",""jQuery Migrate"",""jQuery UI""]",44639676,catchall,3/2/2023,2e634e2ec7e63789b4020f9202a3ff74,N/A,N/A,85%,Oil and Gas Extraction,https://facebook.com/plugpowerinc,https://linkedin.com/company/plug-power,https://twitter.com/plugpowerinc,N/A,https://youtube.com/channel/uciuy_patffuwemw_fdalyhw
Terri Craib,Terri,Craib,Project Manager/vice President,tlc@san-marinconstruction.com,San-marinconstruction.com Sanmarin Construction,san-marinconstruction.com,N/A,N/A,South San Francisco,CA,N/A,5,15000000,15,[],46571160,catchall,N/A,c0b3d19c8a0b81a88a5f3374a7b5c595,N/A,N/A,85%,Building Construction-general Contractors and Operative Builders,N/A,N/A,N/A,N/A,N/A
Todd Hardaway,Todd,Hardaway,Vice President - Crude Oil Marketing -,todd.hardaway@cpenergy.com,Cp Energy,cpenergy.com,+12818880328,"317 Lilac Drive, Suite 200 Edmond, OK 73034",unknown city,unknown state,"=""73034""",75,9500213,13,"[""Drupal"",""Google Analytics"",""Google Font API"",""Nginx"",""PHP"",""TweenMax"",""jQuery""]",46604287,catchall,3/2/2023,6c0ea05535f5cc3b609d284c046706e4,N/A,N/A,85%,Oil and Gas Extraction,N/A,N/A,N/A,N/A,N/A
Todd Hardaway Vice,Todd,Vice,"Todd Hardaway, Vice President – Crude Oil Marketing (permian",todd.hardaway-vice@cpenergy.com,Cp Energy,cpenergy.com,+12818880328,"317 Lilac Drive, Suite 200 Edmond, OK 73034",unknown city,unknown state,"=""73034""",75,9500213,13,"[""Drupal"",""Google Analytics"",""Google Font API"",""Nginx"",""PHP"",""TweenMax"",""jQuery""]",46604300,catchall,3/2/2023,00e7ba6b6c24f57f26c8abd1649d7d42,N/A,N/A,85%,Oil and Gas Extraction,N/A,N/A,N/A,N/A,N/A
Todd Harvey,Todd,Harvey,Vice President of Engineering,toddh@uniteltech.com,Unitel Technologies,uniteltech.com,+18472972265,N/A,Chicago,IL,N/A,30,6000000,13,[],36404949,catchall,N/A,8c0ad12bb0bfeb4a53a66be251180aaa,N/A,N/A,85%,Oil and Gas Extraction,N/A,N/A,N/A,N/A,N/A
Tom Connors,Tom,Connors,Executive Vice President - Canada/international East Operations,tom.connors@ensignenergy.com,Ensign Energy Services,ensignenergy.com,+17805390703,"410 17th Street, Suite 1200 Denver, Colorado 80202",Houston,TX,"=""80202""",3000,654600000,13,[],37546336,catchall,3/2/2023,d1521a44a6c300b979055e4fba417d21,N/A,N/A,85%,Oil and Gas Extraction,https://facebook.com/ensign-energy-45665635750,https://ca.linkedin.com/company/ensign-energy-services,https://twitter.com/ensignenergyinc,N/A,N/A
Tom Gerstenecker Jr,Tom,Jr,VP Sales and Estimating,tomg@confabinc.com,Continental Fabricators,confabinc.com,+13147816300,N/A,unknown city,unknown state,N/A,5,13000000,13,"[""Apache"",""jQuery""]",40548133,catchall,N/A,9a8309f4daf8ee6966f1c879293dbc8e,N/A,N/A,85%,Oil and Gas Extraction,N/A,N/A,N/A,N/A,N/A
Tom Merrill,Tom,Merrill,Vice President,tom@hascoinc.com,Hasco,hascoinc.com,+13177697282,N/A,Zionsville,IN,N/A,N/A,0,15,"[""Google Analytics"",""Google Font API"",""Google Tag Manager"",""Nginx"",""PHP"",""Twitter Emoji (Twemoji)"",""WordPress"",""Yoast SEO"",""jQuery"",""jQuery Migrate""]",37646006,catchall,11/6/2023,5825336f589d7e8ab672556e74be0e50,N/A,N/A,85%,Building Construction-general Contractors and Operative Builders,N/A,N/A,N/A,N/A,N/A
Tommy Chavez,Tommy,Chavez,"Vp, Refinery Manager",tommy.chavez@andeavor.com,Andeavor,andeavor.com,N/A,N/A,San Antonio,TX,N/A,3000,371472581,13,[],43580554,catchall,3/2/2023,2db06f410a7dbe8145af7fb7465ef429,N/A,N/A,85%,Oil and Gas Extraction,N/A,N/A,N/A,N/A,N/A
Tommy Pipes,Tommy,Pipes,Vice-president,tommy@platinumpiperentals.com,Platinum Pipe Rentals,platinumpiperentals.com,+18553371112,N/A,Odessa,TX,N/A,30,5700128,13,"[""Google Analytics"",""Modernizr"",""Typekit"",""jQuery""]",41336917,catchall,3/2/2023,6d2cc52e10014d0cee5d3570515e64a6,N/A,N/A,85%,Oil and Gas Extraction,N/A,N/A,N/A,N/A,N/A
Tom Swaine,Tom,Swaine,Vice President,tom@swaineasphalt.com,Swaine Equipment Rentals,swaineasphalt.com,N/A,N/A,Phoenix,AZ,N/A,30,10508660,16,[],38063632,catchall,N/A,b0c3b0b71355420fd2f705dc45638d19,N/A,N/A,85%,Heavy Construction Other Than Building Construction-contractors,N/A,N/A,N/A,N/A,N/A
Tony Townsend,Tony,Townsend,"Senior Vice President, Digital Solutions ...",tony@ecosealsolutions.com,Solutions Puts,ecosealsolutions.com,+13308937325,"4535 Township Road 367, Millersburg, OH 446544535 Township Road 367 Millersburg, OH 44654",Millersburg,OH,"=""44654""",N/A,0,15,"[""All in One SEO Pack"",""Apache"",""Bootstrap"",""Facebook"",""Font Awesome"",""Google Analytics"",""Google Font API"",""Google Tag Manager"",""Hotjar"",""Twitter Emoji (Twemoji)"",""Typekit"",""WordPress"",""Yoast SEO"",""jQuery"",""jQuery Migrate""]",38778356,valid,5/15/2024,27e81d09a2b0d06100d22e3dfa250b7c,N/A,N/A,97%,Building Construction-general Contractors and Operative Builders,https://facebook.com/pages/eco-seal-home-solutions/125582430951190,N/A,N/A,N/A,N/A
Tony Rutger,Tony,Rutger,Vice President,tony.rutger@sealmasterhillsville.com,Sealmaster,sealmasterhillsville.com,+18003647556,"6853 Ruppsville Road Allentown, PA 18106",Edinburg,PA,"=""18106""",5,1638653,15,"[""Apache"",""Backbone.js"",""Google Analytics"",""Google Font API"",""Google Tag Manager"",""MediaElement.js"",""OpenSSL"",""PHP"",""Twitter Emoji (Twemoji)"",""Underscore.js"",""Weglot"",""WordPress"",""YouTube"",""jQuery"",""jQuery UI"",""reCAPTCHA""]",37040229,catchall,11/6/2023,efa2430617a4df2adc4c5e5ae4389cdb,N/A,N/A,85%,Building Construction-general Contractors and Operative Builders,https://facebook.com/pg/sealmasternet/about,https://linkedin.com/company/sealmaster,https://twitter.com/#!/sealmasternet,https://instagram.com/sealmasterpros,https://youtube.com/user/sealmasternet
Tracey Gardiner,Tracey,Gardiner,"Vice President, Preconstruction",tracey@jwfconstruction.com,James W. Fontenot Construction,jwfconstruction.com,+12256652413,"10621 Fontenot Road, Denham Springs, LA 70726-7302",Denham Springs,LA,"=""70726-7302""",N/A,0,15,[],46035292,catchall,N/A,6f56799096f9c4b1072608b8674f2743,N/A,N/A,85%,Building Construction-general Contractors and Operative Builders,N/A,N/A,N/A,N/A,N/A
Travis Barth,Travis,Barth,Vice President of Global Business ...,travis.barth@picworld.com,Pic Group,picworld.com,+17708500100,"1000 Parkwood Circle, Suite 1000 Atlanta, GA 30339",Atlanta,GA,"=""30339""",350,42900000,13,"[""Apache"",""Google Analytics"",""Google Font API"",""Modernizr"",""Twitter Emoji (Twemoji)"",""Underscore.js"",""WordPress"",""jQuery"",""jQuery Migrate"",""prettyPhoto"",""reCAPTCHA""]",41074896,catchall,3/2/2023,7a5df8cd8d259ba75565c22c77515d40,N/A,N/A,85%,Oil and Gas Extraction,N/A,N/A,N/A,N/A,N/A
Travis Schneiderhan,Travis,Schneiderhan,Vice President,travis@cappaving.com,Cap Paving,cappaving.com,+14062278941,"805 E. Clark St. #4 East Helena, MT 59635",East Helena,MT,"=""59635""",N/A,15000000,15,"[""Apache"",""DreamWeaver""]",43876148,valid,11/6/2023,9bba8f0619b7676916ad2e1b4a885aec,N/A,N/A,97%,Building Construction-general Contractors and Operative Builders,N/A,N/A,N/A,N/A,N/A
Travis D Lachmansingh,Travis,Lachmansingh,Vice President,travis@carloelectrical.com,Electrical (carlo Lachmansingh Sales Inc718,carloelectrical.com,+16128038187,"4801 4th Ave S Minneapolis, MN 554194801 4th Avenue South, Minneapolis, MN 55419",Minneapolis,MN,"=""55419""",N/A,1993740,15,"[""Bootstrap"",""Flywheel"",""Font Awesome"",""Google Font API"",""Modernizr"",""Revslider"",""WordPress"",""animate.css"",""jQuery"",""jQuery Migrate"",""jQuery UI""]",44176791,catchall,N/A,93fa1d5ff72cb3cc0629f06787dbe433,N/A,N/A,85%,Building Construction-general Contractors and Operative Builders,N/A,https://linkedin.com/in/carlo-lachmansingh-837b8011,N/A,N/A,N/A
Trevor Barry,Trevor,Barry,Sales Director,trevor.barry@alpinegroupuk.com,Alpine Group,alpinegroupuk.com,N/A,N/A,Andover,NH,N/A,30,5700128,15,"[""Font Awesome"",""Google Analytics"",""Google Font API"",""Google Tag Manager"",""Nginx"",""WordPress"",""YouTube"",""animate.css"",""jQuery"",""jQuery Migrate"",""reCAPTCHA""]",38191922,valid,11/29/2023,00f3e5d161bfb701a3b7c1bf3b475ebf,N/A,N/A,97%,Building Construction-general Contractors and Operative Builders,N/A,https://linkedin.com/company/the-alpine-group-andover,N/A,N/A,N/A
Troy Brown,Troy,Brown,"Vp, Plm Surf",troy.brown@akersolutions.com,Aker Solutions History And Heritage Corporate,akersolutions.com,+17136233076,"Parmelia House, Level 8, 191 St Georges Terrace, WA 6000, Perth",unknown city,unknown state,N/A,5000,3600000000,13,"[""Azure"",""CloudFlare"",""Google Analytics"",""Google Tag Manager"",""Modernizr"",""jQuery""]",43753483,catchall,3/2/2023,ccaa41bf9aeb1cc64c5b457c49ad82e4,N/A,N/A,85%,Oil and Gas Extraction,https://facebook.com/akersolutions,https://linkedin.com/company/aker-solutions,https://twitter.com/akersolutions,N/A,N/A
Tracy Waldron,Tracy,Waldron,Asst. Finance Director,twaldron@cityofbastrop.org,City Of Bastrop,cityofbastrop.org,+15123328880,N/A,Bastrop,TX,N/A,125,2326500,16,"[""Google Analytics"",""Google Tag Manager"",""IIS"",""Ionicons"",""Microsoft ASP.NET"",""Modernizr"",""Twitter""]",46395072,valid,10/3/2023,6ce68147fc288424cdbfb620586373c2,N/A,N/A,97%,Heavy Construction Other Than Building Construction-contractors,https://facebook.com/bastroptx,N/A,https://twitter.com/cityofbastroptx,https://instagram.com/cityofbastroptx,N/A
Eric Culp Vice,Eric,Vice,Vice President,veric@culpbrothers.com,Culp Brothers,culpbrothers.com,+17042794020,"3300 Bethlehem Church Road Gold Hill, NC 28071",Gold Hill,NC,"=""28071""",5,0,16,[],44780275,catchall,N/A,93b866ab71bd4e679818fa33887039c4,N/A,N/A,85%,Heavy Construction Other Than Building Construction-contractors,N/A,N/A,N/A,N/A,N/A
Vladimir Markoski,Vladimir,Markoski,Vice President,vladimir@markoski.com,Markoski Group,markoski.com,N/A,N/A,unknown city,unknown state,N/A,5,1638653,15,[],43551580,catchall,N/A,9a9bca938416080106bbb0538d6ddf6a,N/A,N/A,85%,Building Construction-general Contractors and Operative Builders,N/A,N/A,N/A,N/A,N/A
Vincent Paul,Vincent,Paul,Director of Sales,vpaul@jmwestonhomes.com,Jm Weston Homes,jmwestonhomes.com,+17193308650,N/A,Colorado Springs,CO,N/A,5,1638653,15,"[""AppNexus"",""Font Awesome"",""Google Font API"",""Google Tag Manager"",""Gravity Forms"",""Nginx"",""OWL Carousel"",""TrackJs"",""Twitter Emoji (Twemoji)"",""WordPress"",""YUI"",""Yoast SEO"",""animate.css"",""jQuery"",""jQuery Migrate""]",40133486,valid,11/10/2023,40aac73ecb991e4d516fb3dfc487d330,N/A,N/A,97%,Building Construction-general Contractors and Operative Builders,https://facebook.com/jm-weston-homes-155148291183131,N/A,N/A,https://instagram.com/jmwestonhomes,N/A
Wade Lyall,Wade,Lyall,Executive Vice President Business Development ...,wade@langleyhomesinc.com,Home Builders In,langleyhomesinc.com,+15127343171,"717 N Water Street Burnet, Texas 78611",Lampasas,TX,"=""78611""",N/A,462560,15,"[""All in One SEO Pack"",""Font Awesome"",""Google Font API"",""Gravatar"",""Lightbox"",""OpenResty"",""PHP"",""Twitter Emoji (Twemoji)"",""WP Rocket"",""WordPress"",""jQuery"",""jQuery Migrate""]",38078426,valid,5/15/2024,a14e5d96100e86129c5cc3448ea23c64,N/A,N/A,97%,Building Construction-general Contractors and Operative Builders,https://facebook.com/pages/langley-homes-inc/351069821704777,N/A,N/A,N/A,N/A
Wade Hunt,Wade,Hunt,VP Operations,wade@unitedbuilders.com,United Builders,unitedbuilders.com,+13034667200,"11025 Dover Street Unit 100 Westminster, CO 80021",Yakima,WA,"=""80021""",125,15000000,15,"[""All in One SEO Pack"",""Apache"",""Google Analytics"",""Google Font API"",""Modernizr"",""PHP"",""Twitter Emoji (Twemoji)"",""Underscore.js"",""WordPress"",""jQuery"",""jQuery Migrate""]",38362313,catchall,N/A,bb85e51b9ec85272e98547b4acd310f2,N/A,N/A,85%,Building Construction-general Contractors and Operative Builders,https://facebook.com/unitedbuildersservice,https://linkedin.com/company/united-builders,https://twitter.com/drywaller_ubs,https://instagram.com/drywaller_ubs,N/A
Wayne Kipp,Wayne,Kipp,Sr VP Eng,wayne.kipp@ensignenergy.com,Ensign Energy Services,ensignenergy.com,+17805390703,"410 17th Street, Suite 1200 Denver, Colorado 80202",Houston,TX,"=""80202""",3000,654600000,13,[],37546408,catchall,N/A,60e35e94ed03e2f7e35ee91f239081cb,N/A,N/A,85%,Oil and Gas Extraction,https://facebook.com/ensign-energy-45665635750,https://ca.linkedin.com/company/ensign-energy-services,https://twitter.com/ensignenergyinc,N/A,N/A
Wayne Millice,Wayne,Millice,Vice President,wayne@tgspec.com,Tgs,tgspec.com,N/A,N/A,Houston,TX,N/A,125,13000000,13,"[""DreamWeaver"",""IIS"",""Microsoft ASP.NET""]",42127840,catchall,N/A,336cbdd8b2e8bc85cf96c9b634c3f6e1,N/A,N/A,85%,Oil and Gas Extraction,N/A,N/A,N/A,N/A,N/A
Wayne Brinkman,Wayne,Brinkman,Vice President,wbrinkman@dcifurn.com,Dci Group,dcifurn.com,+18005528286,"2500 South Roberts Ave. Lumberton, NC 28358",Lumberton,NC,"=""28358""",350,10670400,25,[],46648889,catchall,1/24/2024,219190cd007b045d0aa3116e44645a11,N/A,N/A,85%,Furniture and Fixtures,https://facebook.com/dcigreenfurniture,https://linkedin.com/company/dci-inc.,https://twitter.com/dci_furniture,https://instagram.com/dcigreen,N/A
Wesley Valverde,Wesley,Valverde,VP Business Development,wesley@lightningboltandsupply.com,Holdcube,lightningboltandsupply.com,+12252726200,N/A,Baton Rouge,LA,N/A,30,0,13,[],40865021,catchall,N/A,ad87bfb31b3e2c3322a0fec22d6952ec,N/A,N/A,85%,Oil and Gas Extraction,N/A,N/A,N/A,N/A,N/A
William Spann,William,Spann,Operations VP,william@larsenlumber.com,Larsen Lumber,larsenlumber.com,+15103575020,"14200 Washington Avenue San Leandro, CA 94578",Brooklyn,NY,"=""94578""",5,1638653,15,"[""Google Analytics"",""Google Font API"",""Modernizr"",""Nginx"",""ZURB Foundation"",""jQuery""]",38423283,catchall,N/A,9425723fe2eab5c32dbcc8dde59f5c77,N/A,N/A,85%,Building Construction-general Contractors and Operative Builders,https://facebook.com/larsenlumber,N/A,N/A,N/A,N/A
William Sutherland,William,Sutherland,Vice President,williamsutherland@kilmergroup.com,Kilmer Van Nostrand,kilmergroup.com,+14166356100,N/A,Albuquerque,NM,N/A,5,1638653,15,"[""Bootstrap"",""Font Awesome"",""Google Font API"",""WordPress"",""Yoast SEO"",""jQuery"",""jQuery Migrate"",""prettyPhoto""]",42928525,catchall,N/A,91b97e487a68b64f93f0676849be4886,N/A,N/A,85%,Building Construction-general Contractors and Operative Builders,N/A,N/A,N/A,N/A,N/A
Willy Denereaz,Willy,Denereaz,VP Tax,willy.denereaz@ContourGlobal.com,Contourglobal Plc,ContourGlobal.com,N/A,N/A,New York,NY,N/A,3000,371472581,15,[],39243721,catchall,N/A,98e88e818f95efd21b1c117dbf319bfe,N/A,N/A,85%,Building Construction-general Contractors and Operative Builders,N/A,N/A,N/A,N/A,N/A
Wayne Wiesen,Wayne,Wiesen,Senior Vice President – General Counsel & Secretary,wwiesen@cogc.com,Citation Oil & Gas,cogc.com,+14054750371,"2609 S County Rd 1242 Midland, TX 79706",Dickinson,ND,"=""79706""",5,27760320,13,"[""Font Awesome"",""Google Font API"",""Sucuri"",""Twitter Emoji (Twemoji)"",""WordPress"",""jQuery"",""jQuery Migrate"",""jQuery UI""]",37115690,catchall,3/2/2023,3ece9d404842123007d3533185b87761,N/A,N/A,85%,Oil and Gas Extraction,N/A,N/A,N/A,N/A,N/A
Zach Fusilier,Zach,Fusilier,Vice President,zfusilier@ntexcon.com,North Texas Contracting,ntexcon.com,N/A,N/A,Keller,TX,N/A,350,90396180,15,"[""Microsoft ASP.NET""]",36450928,catchall,N/A,090b8ea6c93088f4a01fd981481cda0c,N/A,N/A,85%,Building Construction-general Contractors and Operative Builders,N/A,N/A,N/A,N/A,N/A
Zack Ross,Zack,Ross,COO,zross@cape-construction.com,Cape Group Cape Group,cape-construction.com,+16042780912,N/A,San Diego,CA,N/A,5,4292400,15,"[""Bootstrap"",""Font Awesome"",""Google Analytics"",""Google Font API"",""Google Maps"",""Nginx"",""Slick"",""Twitter Emoji (Twemoji)"",""VideoJS"",""WordPress"",""animate.css"",""jQuery"",""jQuery Migrate"",""reCAPTCHA""]",37339626,valid,11/6/2023,cc157ee32e9aa1070fd005a90f308d9b,N/A,N/A,97%,Building Construction-general Contractors and Operative Builders,https://facebook.com/thecapegroup,https://linkedin.com/company/the-cape-group,https://twitter.com/the_capegroup,https://instagram.com/thecapegroup,N/A
