Full_Name,First_Name,Last_Name,Employee_Title,Email,Company,Website,Company_Number,Address,City,State,Zip_Code,Employee_Size,Annual_Revenue,SIC_Code,Tech_Stack,Contact_ID,Email_Validation,Date_Email_Verified,Email_MD5,Personal_linkedin,Direct_Dial,Estimated_Email_Deliverability,Industry,Facebook,LinkedIn,Twitter,Instagram,Youtube
Brent Monroe,Brent,Monroe,Chief Operating Officer,bmonroe@ims-tpa.com,Interactive Medical Systems,ims-tpa.com,+19198779933,N/A,Wake Forest,NC,N/A,30,11000000,6411,"[""Apache""]",44937003,catchall,4/9/2021,bac1659776b9c37fbd190ac2b92c7107,N/A,N/A,85%,Insurance Agents: Brokers: and Service,N/A,N/A,N/A,N/A,N/A
Nikki Toon,Nikki,Toon,Chief Operating Officer,nikki@combinedagents.com,Combined Agents Of America,combinedagents.com,+13034293561,"303 W. Austin Street Marshall, Texas 75670172 W. Austin Street Giddings, Texas 7849211200 Jollyville Road Austin, Texas 78759",Austin,TX,"=""78759""",5,3000000,6411,"[""Bootstrap"",""Google Analytics"",""Google Font API"",""Modernizr"",""Nginx"",""SiteCatalyst"",""jQuery"",""jQuery Migrate""]",43918434,catchall,7/23/2021,72df1b8f192d144dd39fa991072a1e8b,N/A,N/A,85%,Insurance Agents: Brokers: and Service,N/A,https://linkedin.com/company/combined-agents-of-america,N/A,N/A,N/A
Nikki Toon,Nikki,Toon,Chief Operating Officer,nikki@iaatx.com,Iaat,iaatx.com,+15139477268,"700 Horizon Drive Hamilton, NJ 08691",Austin,TX,"=""08691""",5,1638653,64,"[""Font Awesome"",""Google Font API"",""Nginx"",""Twitter Emoji (Twemoji)"",""WP Engine"",""WordPress"",""ZURB Foundation"",""jQuery"",""jQuery Migrate""]",45840479,catchall,9/14/2021,565650cbf5cf553253139d5c5d858c80,N/A,N/A,85%,Insurance Agents: Brokers: and Service,N/A,N/A,N/A,N/A,N/A
Sydney Kyler,Sydney,Kyler,Chief Operating Officer,skyler@endersinsurance.com,Enders,endersinsurance.com,+17179791109,"5912 Linglestown Road Harrisburg, PA 171125912 Linglestown Road, Harrisburg, PA 17112",Harrisburg,PA,"=""17112""",30,5000000,6411,"[""Google Analytics"",""Google Font API"",""Google Tag Manager"",""MailChimp"",""Modernizr"",""Nginx"",""PHP"",""Twitter Emoji (Twemoji)"",""WordPress"",""Yoast SEO"",""jQuery"",""jQuery Migrate""]",45705619,catchall,3/7/2022,bd476c4ee8ecd53d21c70383ac538733,N/A,N/A,85%,Insurance Agents: Brokers: and Service,https://facebook.com/endersharrisburg,N/A,https://twitter.com/endersinsurance,https://instagram.com/zooeythedood,N/A
Andrew Bartels,Andrew,Bartels,Director of Operations,abartels@whiteboxrealestate.com,Whitebox Real Estate,whiteboxrealestate.com,+12143804540,"400 S. Record Street Suite 1100 Dallas, TX 75202",Dallas,TX,"=""75202""",30,65000000,65,"[""Font Awesome"",""Google Font API"",""MediaElement.js"",""Nginx"",""Twitter Emoji (Twemoji)"",""WP Engine"",""WordPress"",""Yoast SEO"",""Zendesk Chat"",""jQuery"",""jQuery Migrate""]",43015272,catchall,4/9/2021,54491a4b779deed0ad0364cea0b8f7cc,N/A,N/A,85%,Real Estate,https://facebook.com/whiteboxrealestate,https://linkedin.com/company/whitebox-real-estate-llc,https://twitter.com/whiteboxre,https://instagram.com/whiteboxre,https://youtube.com/channel/ucu1rprjwgevrvan5_o9ngxa
Andrew Brock,Andrew,Brock,Executive Vice President & Chief Information Officer,abrock@amiusa.net,Associa Tions,amiusa.net,+18008084882,"Suite 300 Dallas, TX 75205",Incline Village,NV,"=""75205""",N/A,0,65,"[""Bootstrap"",""Font Awesome"",""Google Analytics"",""Google Font API"",""Google Tag Manager"",""Modernizr"",""Pardot"",""SumoMe"",""Twitter"",""jQuery""]",43916583,catchall,8/5/2024,d432168862477de0a2441e7e254ddb20,N/A,N/A,85%,Real Estate,https://facebook.com/associa,https://linkedin.com/company/associa,https://twitter.com/associa,N/A,https://youtube.com/user/associamarketing
Andrew Brock,Andrew,Brock,Executive Vice President & Chief Information Officer,abrock@associaonline.com,Associa Tions,associaonline.com,+18008084882,"Suite 300 Dallas, TX 75205",Dallas,TX,"=""75205""",3000,2000000000,65,"[""Bootstrap"",""Font Awesome"",""Google Analytics"",""Google Font API"",""Google Tag Manager"",""Modernizr"",""Pardot"",""SumoMe"",""Twitter"",""jQuery""]",36616022,catchall,7/30/2024,6017e80215c70d5c94dfa0f78fc45ac8,N/A,N/A,85%,Real Estate,https://facebook.com/associa,https://linkedin.com/company/associa,https://twitter.com/associa,N/A,https://youtube.com/user/associamarketing
Andrew Brock,Andrew,Brock,Executive Vice President & Chief Information Officer,abrock@legumnorman.com,Associa Tions Insurance Agency,legumnorman.com,+18008084882,"Suite 300 Dallas, TX 75205",Washington,DC,"=""75205""",300,600000000,65,"[""Bootstrap"",""Font Awesome"",""Google Analytics"",""Google Font API"",""Google Tag Manager"",""Modernizr"",""Pardot"",""SumoMe"",""Twitter"",""jQuery""]",37535592,catchall,8/5/2024,b622ebac1d8dfc29b967a530362a1abd,N/A,N/A,85%,Real Estate,https://facebook.com/associa,https://linkedin.com/company/associa,https://twitter.com/associa,N/A,https://youtube.com/user/associamarketing
Adam D. Bren,Adam,Bren,Director of Operations,adam@ga-re.com,Goldschmidt,ga-re.com,+19147231616,"1075 Central Park Avenue, Scarsdale NY",Mamaroneck,NY,N/A,30,65000000,65,"[""Apache"",""Google Analytics"",""Google Font API"",""WooCommerce"",""WordPress"",""jQuery"",""jQuery Migrate""]",38084301,catchall,4/9/2021,74216e43921bfead8bf2ffd1285c2060,N/A,N/A,85%,Real Estate,N/A,N/A,N/A,N/A,N/A
Angela Felten,Angela,Felten,– Finance Director,afelten@austinhra.org,Austin,austinhra.org,+15074376680,"300 First Avenue N.E. Austin, MN 55912200 First Avenue N.E. Austin, MN 55912808 First Drive N.W. Austin, MN 55912308 Second Avenue N.E. Austin, MN 55912310 Second Avenue N.E. Austin, MN 55912",Austin,MN,"=""55912""",30,1819720,65,"[""Apache"",""Font Awesome"",""Google Font API"",""Lightbox"",""NextGEN Gallery"",""PHP"",""WordPress"",""jQuery"",""jQuery Migrate""]",36751979,catchall,1/10/2022,3d280eab297f2a350040badd090d0544,N/A,N/A,85%,Real Estate,N/A,N/A,N/A,N/A,N/A
Sandy Givens,Sandy,Givens,Director of Finance,agivens@paducahhousing.com,Paducah Property Management,paducahhousing.com,+12704504205,"800 N. 8th St Paducah, Kentucky 420012330 Ohio St., Paducah, KY 270-443-3634 TTY 1-800-648-60562330 Ohio Street Paducah, Kentucky 420032010 Hendricks St Paducah, Kentucky 42003",Paducah,KY,"=""42003""",5,1638653,65,"[""Apache"",""Drupal"",""Google Analytics"",""jQuery""]",46030710,catchall,1/10/2022,ad53df9502edfd1ba779e0b48f3a2216,N/A,N/A,85%,Real Estate,https://m.facebook.com/paducahhousing,N/A,N/A,N/A,N/A
Amiko Glasford,Amiko,Glasford,Chief Operating Officer,aglasford@bullsbridgecapital.com,Bullsbridge Capital,bullsbridgecapital.com,(646) 525-4170,N/A,New York,NY,N/A,5,2400000,65,[],38998868,catchall,N/A,daa0b7675c3911e14cc006c9d2382b35,N/A,N/A,85%,Real Estate,N/A,N/A,N/A,N/A,N/A
Alison Griggs,Alison,Griggs,Chief Operating Officer,agriggs@thelemakgroup.com,Lemak Group1286,thelemakgroup.com,+12053297526,N/A,Birmingham,AL,N/A,30,65000000,65,"[""Immutable.js"",""Lodash"",""Polyfill"",""React""]",36358176,catchall,12/15/2021,749ab839d4ebe2ac4506d7423b7e1f38,N/A,N/A,85%,Real Estate,N/A,N/A,N/A,N/A,N/A
Adam Hewitt,Adam,Hewitt,COO,ahewitt@insuretrust.com,Insuretrust,insuretrust.com,+17702008000,"Suite 230 Norcross, GA 30092",Norcross,GA,"=""30092""",5,2000000,6411,"[""Google Font API"",""Nginx"",""WordPress"",""jQuery"",""jQuery Migrate"",""reCAPTCHA""]",39729047,catchall,N/A,08048a317d5592c8cfa70f43465db464,N/A,N/A,85%,Insurance Agents: Brokers: and Service,https://facebook.com/insuretrust,https://linkedin.com/company/insuretrust,https://twitter.com/insuretrust,https://instagram.com/insuretrust,N/A
Anthony Hopwood,Anthony,Hopwood,Executive Director of Operations,ahopwood@kinetrexenergy.com,Kinetrex Energy,kinetrexenergy.com,+13178868179,"Suite 100 Indianapolis, IN 46204-32393565 Big 4 Road Indianapolis, IN 46203-62894536 West 86th Street Indianapolis, IN 46268-1783",Indianapolis,IN,"=""46268-1783""",30,7000000,13,"[""AdRoll"",""Bootstrap"",""Chart.js"",""Flywheel"",""Font Awesome"",""Google Analytics"",""Google Font API"",""Google Tag Manager"",""PHP"",""Twitter Emoji (Twemoji)"",""WordPress"",""Yoast SEO"",""YouTube"",""jQuery"",""jQuery Migrate"",""jQuery UI""]",45063713,catchall,3/2/2023,e970893e619a8c0ca8ff6c03c36879f5,N/A,N/A,85%,Oil and Gas Extraction,N/A,https://linkedin.com/company/kinetrex-energy,N/A,N/A,https://youtube.com/channel/uccq13ac7-uj--wga4rwjuua
Ahuva Friedman,Ahuva,Friedman,CFO,ahuva@jimpropertyservices.com,Jim Property Services,jimpropertyservices.com,+18882226013,"Suite 7 Memphis, TN 38134",Monsey,NY,"=""38134""",125,25000000,65,"[""Apache"",""Google Analytics"",""PHP"",""jQuery""]",37642950,catchall,11/12/2021,d4e6a9f9dbeadfed9461f1078893a98c,N/A,N/A,85%,Real Estate,https://facebook.com/jimpropertyservices,https://linkedin.com/company/5246112,https://twitter.com/jimpropservices,N/A,N/A
Andrea Kemble,Andrea,Kemble,Chief Financial Officer,akemble@brokersifs.com,Brokers International Financial Services,brokersifs.com,+18778861939,"4135 NW Urbandale Drive | Urbandale, Iowa 50322",Panora,IA,"=""50322""",30,1000000,6411,"[""Apache"",""Backbone.js"",""Google Analytics"",""Google Font API"",""MediaElement.js"",""PHP"",""Revslider"",""Select2"",""Twitter Emoji (Twemoji)"",""Ubuntu"",""Underscore.js"",""WordPress"",""jQuery"",""jQuery Migrate""]",37492895,catchall,11/10/2021,3d5a6321169be30909bbb41de60e3dd6,N/A,N/A,85%,Insurance Agents: Brokers: and Service,N/A,N/A,N/A,N/A,N/A
Akira Kaji,Akira,Kaji,CEO,akira@investechinc.com,Investech,investechinc.com,+18002344357,"5293 Colony Drive North Saginaw, MI 486385293 Colony Drive North, Saginaw, MI 48638",Saginaw,MI,"=""48638""",30,2000000,6411,"[""Apache"",""Bootstrap"",""Google Font API"",""Google Maps"",""Modernizr"",""Revslider"",""Twitter Emoji (Twemoji)"",""WordPress"",""jQuery"",""jQuery Migrate"",""jQuery UI""]",41483673,catchall,N/A,a9c05921f5d3dc05279e025ce13cf76a,N/A,N/A,85%,Insurance Agents: Brokers: and Service,https://facebook.com/investechinc,https://linkedin.com/company/investechincorporated,N/A,N/A,N/A
Alan Smith,Alan,Smith,President and CEO,alan.smith@rockcliffenergy.com,Rockcliff Energy,rockcliffenergy.com,+17133510505,"1301 McKinney St. Suite 1300 Houston, Texas 77010",Houston,TX,"=""77010""",75,61800000,13,"[""RequireJS"",""Sentry"",""Wix""]",41694438,catchall,12/28/2023,d89d23586ab1dd384050c5ee4f2e5cd3,N/A,N/A,85%,Oil and Gas Extraction,N/A,N/A,N/A,N/A,N/A
Alan Robison,Alan,Robison,President / CEO,alan@truckerinsurance.com,Truck Insurance Services,truckerinsurance.com,+18002668789,"120 Main St Roseville, CA 95678",Roseville,CA,"=""95678""",30,2000000,6411,"[""Google Analytics"",""Google Font API"",""Google Tag Manager"",""Liquid Web"",""MediaElement.js"",""Nginx"",""Twitter Emoji (Twemoji)"",""WordPress"",""Yoast SEO"",""jQuery"",""jQuery Migrate""]",38391557,catchall,9/4/2024,bf4b3d1cce2521cb9e42e97cb473fc84,N/A,N/A,85%,Insurance Agents: Brokers: and Service,https://facebook.com/networktruckinsuranceservicesinc,https://linkedin.com/company/2535969,https://twitter.com/ntisinc,N/A,N/A
Alberto Lovigne,Alberto,Lovigne,COO,alberto@Properati.com,Properati,Properati.com,N/A,N/A,Buenos Aires,AL,N/A,N/A,0,65,"[""Bootstrap"",""Google Analytics"",""Google Font API"",""Nginx"",""jQuery""]",37292304,catchall,N/A,a093ffc537b282f4283e049ab0307317,N/A,N/A,85%,Real Estate,https://facebook.com/business/success/properati,https://ar.linkedin.com/in/msarsale,N/A,N/A,N/A
Alfredo Vaamonde,Alfredo,Vaamonde,CEO and Founder,alfredo@prxcontrolsolutions.com,Prx Control Solutions,prxcontrolsolutions.com,N/A,"1010 NE, 2nd Ave, Miami, FL, 33132",Miami,FL,"=""33132""",N/A,0,64,[],45973651,catchall,N/A,5787b6738b0d324350466c53b99a18ce,N/A,N/A,85%,Insurance Agents: Brokers: and Service,N/A,N/A,N/A,N/A,N/A
Alison Renner,Alison,Renner,CEO,alison.renner@ajrenner.com,A.j. Renner,ajrenner.com,+18775784000,N/A,Chicago,IL,N/A,30,6411000000,6411,"[""Nginx"",""Plesk""]",43395120,catchall,N/A,369d96e9dffeac72ea60ae595119db5a,N/A,N/A,85%,Insurance Agents: Brokers: and Service,N/A,N/A,https://twitter.com/mediatemple,N/A,N/A
Angela Little,Angela,Little,Chief Financial Officer,alittle@albertellilaw.com,Alaw,albertellilaw.com,+16152650835,"208 N. Laura St. Suite #900 Jacksonville, FL 32202",Jacksonville,FL,"=""32202""",5,960300,65,"[""All in One SEO Pack"",""Apache"",""CloudFlare"",""Google Analytics"",""Google Font API"",""Google Tag Manager"",""HubSpot"",""Linkedin"",""Matomo"",""PHP"",""Revslider"",""Twitter Emoji (Twemoji)"",""WP Rocket"",""WordPress"",""jQuery"",""jQuery Migrate"",""reCAPTCHA""]",37186521,catchall,10/6/2023,53fdcf2e7a4147e62f4166e6f58d0f7e,N/A,N/A,85%,Real Estate,N/A,https://linkedin.com/company/221373,https://twitter.com/alawinsights,N/A,N/A
Arnold Little,Arnold,Little,Chief Financial Officer,alittle@invincia.net,Invincia,invincia.net,N/A,N/A,Chesterfield,VA,N/A,30,6411000000,6411,[],37508699,catchall,12/2/2021,04fa9f0ff0e96cd5d1014243d597048b,N/A,N/A,85%,Insurance Agents: Brokers: and Service,N/A,N/A,N/A,N/A,N/A
Allan Dalton,Allan,Dalton,Chief Executive Officer - Real Living Real Estate,allan@kathysteve.com,Real Living Real Estate,kathysteve.com,+19497947986,N/A,Longview,WA,N/A,N/A,0,65,"[""Bootstrap"",""Font Awesome"",""Inspectlet"",""Slick"",""jQuery"",""reCAPTCHA""]",36882759,catchall,8/5/2024,18b174c205fb18ada28022907caca522,N/A,N/A,85%,Real Estate,https://facebook.com/realliving,https://linkedin.com/company/real-living-real-estate,https://twitter.com/realliving_re,https://instagram.com/reallivingre,N/A
Anna Llewellyn,Anna,Llewellyn,"Senior Vice President, Director of Operations",allewellyn@auroralending.com,Aurora Financial Group,auroralending.com,+18556905900,N/A,Marlton,NJ,N/A,125,6411000000,6411,"[""IIS"",""Microsoft ASP.NET""]",40704343,catchall,N/A,2ef5a15c3bc2dc556f758f4e91c8c6a6,N/A,N/A,85%,Insurance Agents: Brokers: and Service,N/A,N/A,N/A,N/A,N/A
Al Morgenstern,Al,Morgenstern,Director of Operations,al@primeins.com,Prime,PrimeIns.com,+18003752075,"960 East County Line Rd Lakewood, NJ 08701",Lakewood,NJ,"=""08701""",30,5700128,64,"[""Bootstrap"",""Google Analytics"",""Modernizr"",""Nginx"",""SiteCatalyst"",""jQuery""]",40810457,catchall,4/23/2022,9e54564e9f307d225a9e2b48d637da3e,N/A,N/A,85%,Insurance Agents: Brokers: and Service,https://facebook.com/primeinsurancenj,https://linkedin.com/company/prime-insurance-agency,https://twitter.com/primeinsgroup,N/A,N/A
Ali Mackenzie,Ali,Mackenzie,Operations Director,a.mackenzie@rae.com,Rae,rae.com,+17804845558,N/A,Houston,TX,N/A,300,47800000,13,[],36688742,catchall,N/A,6dd805c7e434114e36e3f489b77a81bf,N/A,N/A,85%,Oil and Gas Extraction,N/A,N/A,N/A,N/A,N/A
Amanda York,Amanda,York,Director of Operations,amanda@texasally.com,Texas Ally Real Estate Group,texasally.com,+12817728368,N/A,Austin,TX,N/A,30,65000000,65,"[""CloudFlare"",""Elementor"",""Facebook"",""Font Awesome"",""Google Analytics"",""Google Font API"",""Google Tag Manager"",""Modernizr"",""Slick"",""WordPress"",""jQuery"",""jQuery Migrate"",""jQuery UI"",""reCAPTCHA""]",43787032,catchall,4/9/2021,c34dfddf75e14f082d0233d1f1cc31d1,N/A,N/A,85%,Real Estate,https://facebook.com/texasally,https://linkedin.com/company/texas-ally-real-estate-group-llc,https://twitter.com/texasallyrealty,N/A,N/A
Amanda Cross,Amanda,Cross,Chief Operating Officer &amp; Chief Financial,amanda@triangleinsurance.com,Friendreport,triangleinsurance.com,+19194962239,"222 N Bickett Blvd Louisburg, NC 27549222 N Bickett Blvd, Louisburg, NC 27549",Louisburg,NC,"=""27549""",N/A,0,64,"[""Flywheel"",""Google Analytics"",""Google Font API"",""Google Tag Manager"",""Gravity Forms"",""Modernizr"",""WordPress"",""jQuery"",""jQuery Migrate""]",36982955,catchall,12/2/2021,d1a2f62dc935266e6af05b1226fb35a0,N/A,N/A,85%,Insurance Agents: Brokers: and Service,https://facebook.com/triangleriskadvisors,N/A,N/A,N/A,N/A
Alan Mandel,Alan,Mandel,"Managing Director, Finance",amandel@thermg.com,Rmg,thermg.com,+12123005676,230 Park Ave. 10th Floor New York City NY. 10169,New York,NY,"=""10169""",N/A,0,65,"[""Apache"",""Google Analytics""]",39693751,catchall,1/10/2022,1cbf8c1307f05cb5b146fc39b3871329,N/A,N/A,85%,Real Estate,N/A,N/A,N/A,N/A,N/A
Andrew Martin,Andrew,Martin,CFO,amartin@thenggroup.com,Nightingale Properties,TheNGgroup.com,+14079602699,"1430 Broadway, Suite 1605 New York, NY 10018",New York,NY,"=""10018""",5,1638653,65,"[""Apache"",""Google Font API"",""PHP"",""Twitter Emoji (Twemoji)"",""WordPress"",""jQuery""]",40926067,catchall,11/12/2021,7758de4f1b80325693b01b0250bd1973,N/A,N/A,85%,Real Estate,N/A,N/A,N/A,N/A,N/A
Andrew Mcnerney,Andrew,Mcnerney,CFO,amcnerney@rcg-llc.com,Rcg Corporate,RCG-LLC.com,N/A,N/A,Somerville,MA,N/A,125,0,65,"[""Bootstrap"",""Font Awesome"",""Google Analytics"",""Google Font API"",""Handlebars"",""Nginx"",""Slick"",""Twitter Emoji (Twemoji)"",""WordPress"",""animate.css"",""jQuery"",""jQuery Migrate""]",46045514,catchall,11/10/2021,dbba7c0b290dd3ea43b4dd8d708f241a,N/A,N/A,85%,Real Estate,N/A,N/A,N/A,N/A,N/A
Amie Hunter,Amie,Hunter,Director of Operations,amiehunter@fortuneintltech.com,Fortune,fortuneintltech.com,+14403761642,"5883 Chatham Drive Hoffman Estates, Illinois5883 Chatham Drive Hoffman Estates, IL 60192",Hoffman Estates,IL,"=""60192""",N/A,0,3999,"[""Apache"",""DreamWeaver"",""jQuery""]",37095461,catchall,8/16/2021,6b17149f9bb4c976265831aae116baa3,N/A,N/A,85%,Manufacturing Industries: Not Elsewhere Classified,N/A,N/A,N/A,N/A,N/A
Amy Ng,Amy,Ng,"Regional Chief Executive Officer, Group Retail and Singapore Commercial",amy.ng@mapletree.com.sg,Mapletree Investments Pte,mapletree.com.sg,+16469086300,N/A,unknown city,unknown state,N/A,750,1500000000,65,"[""Google Analytics"",""Lightbox"",""Microsoft ASP.NET"",""Modernizr"",""jQuery"",""jQuery Migrate""]",43119986,catchall,N/A,627246c13ed9048de7e06a62e3914c54,N/A,N/A,85%,Real Estate,N/A,N/A,N/A,N/A,N/A
Amy Crain,Amy,Crain,CEO,amy@rkturbines.com,Rk Turbines,rkturbines.com,+18505290915,"2595 Dog Track Rd. Pensacola, Florida 32502",Pensacola,FL,"=""32502""",5,1638653,13,"[""Bootstrap"",""Font Awesome"",""Google Analytics"",""Google Font API"",""PHP"",""WooCommerce"",""WordPress"",""jQuery"",""jQuery Migrate"",""jQuery UI""]",40718342,catchall,N/A,7cfdd7fba8eaeef634925ce6672e66d4,N/A,N/A,85%,Oil and Gas Extraction,https://facebook.com/rkturbines,https://linkedin.com/company/2653735,https://twitter.com/rkturbines,N/A,N/A
Anderson Libert,Anderson,Libert,Chief Operating Officer,anderson@ranchlakeapartments.com,Forest Properties Management,ranchlakeapartments.com,+19549560411,"8110 Misty Wood Ave Bradenton, FL",Bradenton,FL,N/A,N/A,0,65,"[""AddThis"",""Google Analytics"",""Google Maps"",""Google Tag Manager"",""Lodash"",""Modernizr"",""Nginx"",""jQuery""]",41669457,catchall,10/2/2023,a4f50cb04f1d1941c0d94e887b2c7c60,N/A,N/A,85%,Real Estate,https://facebook.com/forestproperties/,https://linkedin.com/company/forest-properties-management,https://twitter.com/forestprop,N/A,N/A
Andrea Park,Andrea,Park,– Finance Director,andreapark@cbhrealty.com,Realty,cbhrealty.com,+13193312737,"1104 7th Ave Marion, IA 52302",Cedar Rapids,IA,"=""52302""",300,25000000,65,"[""CloudFlare"",""Font Awesome"",""Google Font API"",""Google Maps"",""Google Tag Manager"",""Modernizr"",""New Relic"",""WordPress"",""Yoast SEO"",""jQuery"",""jQuery Migrate"",""jQuery UI"",""parcel""]",40224402,catchall,1/10/2022,e468cac43d63496cfc4a92851f58dc3b,N/A,N/A,85%,Real Estate,https://facebook.com/cbhedges,https://linkedin.com/company/910326,https://twitter.com/#!/cbhrealty,https://instagram.com/cbhrealty,https://youtube.com/user/coldwellbankerhedges
Andrew Lynch,Andrew,Lynch,Co-founder &amp; COO,andrew@huckletree.com,Huckletree Huckletree,huckletree.com,N/A,N/A,London,HI,N/A,N/A,0,65,"[""Amazon Cloudfront"",""Bootstrap"",""Dojo"",""Express"",""Facebook"",""Google Analytics"",""Google Maps"",""Google Tag Manager"",""Lodash"",""Nginx"",""React"",""Sentry"",""Stripe""]",44838423,catchall,N/A,76bc41f08bf606cacfba26862f450cd1,N/A,N/A,85%,Real Estate,https://facebook.com/huckletree,https://linkedin.com/company/huckletree,https://twitter.com/huckletree,https://instagram.com/huckletree,https://youtube.com/channel/ucmyhjijlwap92zhxpulq2oa
Andrew Susman,Andrew,Susman,Group CFO,andrew.susman@pinnacleart.com,Pinnacleart,pinnacleart.com,+12815981345,N/A,Pasadena,TX,N/A,350,78200000,13,"[""CloudFlare"",""Crazy Egg"",""Google Analytics"",""Google Font API"",""Google Maps"",""Google Tag Manager"",""MediaElement.js"",""Nginx"",""Revslider"",""TweenMax"",""Twitter Emoji (Twemoji)"",""Underscore.js"",""WP Engine"",""WordPress"",""jQuery"",""jQuery Migrate""]",40869835,catchall,12/1/2023,c786aac794e4cf6e3fe5600e558ef857,N/A,N/A,85%,Oil and Gas Extraction,N/A,https://linkedin.com/company/299386/admin,N/A,N/A,N/A
Andrew Smeltz,Andrew,Smeltz,Managing Director & Chief Operating Officer,andrew@treviancap.com,Treviancap,treviancap.com,+17163102318,"757 Third Avenue Suite 2030 New York, NY 10017",New York,NY,"=""10017""",5,1638653,65,"[""Apache"",""Google Analytics"",""Google Font API"",""Modernizr"",""PHP"",""WordPress"",""jQuery"",""jQuery Migrate""]",40477520,catchall,11/13/2020,a1f5c30ba44df5a1298bf437e8aec874,N/A,N/A,85%,Real Estate,N/A,https://linkedin.com/in/charliezabriskie,N/A,N/A,N/A
Andy Davis,Andy,Davis,COO,andydavis@bouchardinsurance.com,Bouchard,bouchardinsurance.com,+17274476481,"101 N. Starcrest Drive Clearwater, FL 33765",Clearwater,FL,"=""33765""",350,6411000000,6411,"[""Facebook"",""Google Analytics"",""Google Font API"",""Google Tag Manager"",""Squarespace"",""Typekit"",""YUI"",""webpack""]",46592277,catchall,8/25/2022,bf221e86d119f6169c46c3ac5cc734de,N/A,N/A,85%,Insurance Agents: Brokers: and Service,https://facebook.com/bouchardinsurance,https://linkedin.com/company/bouchard-insurance,https://twitter.com/bouchardinsur,https://instagram.com/bouchardinsurance,N/A
Andy Alloway,Andy,Alloway,President/ceo,andy@godeeb.com,Nebraska,godeeb.com,+14022814628,"4127 S 24th Street, Omaha NE, 681076521 Girard Street, Omaha NE, 6815220962 Polk Street, Omaha NE, 6802217117 Burt Street Omaha, NE 681182312 N 141 Street, Omaha NE, 68164",Omaha,NE,"=""68164""",N/A,0,65,"[""Google Analytics"",""Google Font API"",""Google Tag Manager"",""Lodash"",""Modernizr"",""Moment.js"",""Nginx"",""Slick"",""Vue.js"",""jQuery""]",36525895,catchall,8/5/2024,02c8fbbf27fefe147b9551ea81db5fd6,N/A,N/A,85%,Real Estate,https://facebook.com/nebraskarealty,https://linkedin.com/company/nebraska-realty,https://twitter.com/nebraskarealty,https://instagram.com/nebraskarealty,N/A
Angela Clontz,Angela,Clontz,— Director of Operations / Commercial Specialist,angela@lewis-clarkinsurance.com,Lewis & Clark Insurance Agency,lewis-clarkinsurance.com,+18003314929,"309 South Maple St. Brighton, IL 62012309 South Maple St.Brighton, IL 62012",Brighton,IL,"=""62012""",5,6411000000,6411,"[""Apache"",""Bootstrap"",""Facebook"",""Font Awesome"",""Google Font API"",""PHP"",""jQuery""]",36432662,catchall,8/16/2021,f98f6ae453ef1f14caf5315658bd7aa9,N/A,N/A,85%,Insurance Agents: Brokers: and Service,N/A,N/A,N/A,N/A,N/A
Angie Hanna,Angie,Hanna,Director of Operations,angie@papasanproperties.com,Papasan Properties Group,papasanproperties.com,+14698504018,"Houston, Dallas and St. Louis, Missouri.",Austin,TX,N/A,30,5700128,65,"[""Facebook"",""Font Awesome"",""Google Analytics"",""Google Font API"",""OpenResty"",""Twitter Emoji (Twemoji)"",""WordPress"",""jQuery"",""jQuery Migrate""]",36810425,catchall,4/9/2021,aa8ca07ab64093d8e79020ee3ad7eade,N/A,N/A,85%,Real Estate,https://facebook.com/papasanteam,https://linkedin.com/company/papasan-team-realty,N/A,https://instagram.com/fortunatefoundations,N/A
Anthony Cerra,Anthony,Cerra,COO,anthonycerra@rentapplication.net,Rent Application,rentapplication.net,N/A,N/A,Chicago,IL,N/A,5,1638653,65,"[""Amazon Cloudfront"",""Amazon S3"",""AngularJS"",""Backbone.js"",""Bootstrap"",""Lodash"",""Moment.js"",""Visual Website Optimizer"",""jQuery"",""webpack""]",39696684,catchall,8/16/2021,1ef93587b112f61749cc92fa878d9985,N/A,N/A,85%,Real Estate,N/A,N/A,N/A,N/A,N/A
April Mitchell,April,Mitchell,Director or Operations,april@papasanproperties.com,Papasan Properties Group,papasanproperties.com,+14698504018,"Houston, Dallas and St. Louis, Missouri.",Austin,TX,N/A,30,5700128,65,"[""Facebook"",""Font Awesome"",""Google Analytics"",""Google Font API"",""OpenResty"",""Twitter Emoji (Twemoji)"",""WordPress"",""jQuery"",""jQuery Migrate""]",36810432,catchall,4/9/2021,f01402def8085d6a7272c68d1dd56e89,N/A,N/A,85%,Real Estate,https://facebook.com/papasanteam,https://linkedin.com/company/papasan-team-realty,N/A,https://instagram.com/fortunatefoundations,N/A
Ashley Thornburg,Ashley,Thornburg,Director of Retail Operations,ashley@lheartcapital.com,Capital In,lheartcapital.com,+13055733900,4218 NE 2nd Avenue,Fort Lauderdale,FL,N/A,30,6000000,65,"[""All in One SEO Pack"",""Apache"",""Font Awesome"",""Google Analytics"",""Google Font API"",""Google Maps"",""Google Tag Manager"",""Ionicons"",""MediaElement.js"",""Modernizr"",""OWL Carousel"",""PHP"",""Revslider"",""WordPress"",""jQuery"",""jQuery Migrate""]",36771666,catchall,8/7/2023,3cb3cf2418d4c12ac0be7f4adf459474,N/A,N/A,85%,Real Estate,N/A,N/A,N/A,N/A,N/A
Ashley P,Ashley,P,Director of Operations,ashleyp@ovdinsurance.com,Insurance,ovdinsurance.com,+18002344433,"A: 2780 44th Street SW, Wyoming, MI 495192780 44th St SW Wyoming, Michigan 49519",Wyoming,MI,"=""49519""",30,5700128,64,"[""Apache"",""Font Awesome"",""Google Analytics"",""Google Font API"",""PHP"",""Twitter Emoji (Twemoji)"",""WordPress"",""Yoast SEO"",""YouTube"",""jQuery"",""jQuery Migrate"",""reCAPTCHA""]",38624156,catchall,4/9/2021,9010eb38ac87b29eaea6a4b6db8d140c,N/A,N/A,85%,Insurance Agents: Brokers: and Service,https://facebook.com/ovdinsurance,https://linkedin.com/company/olivier-vandyk-insurance-agency,https://twitter.com/ovdinsurance,N/A,N/A
Amber Smith,Amber,Smith,President &amp; CEO,asmith@tucsonchamber.org,Tucson Metro Chamber Is,tucsonchamber.org,+15204623181,"212 E Broadway Blvd. Tucson, AZ 85701",Tucson,AZ,"=""85701""",5,1000000,6411,"[""AngularJS"",""Bootstrap"",""Font Awesome"",""Google Analytics"",""Google Font API"",""Google Tag Manager"",""Liquid Web"",""MediaElement.js"",""Modernizr"",""Nginx"",""Twitter Emoji (Twemoji)"",""WordPress"",""YouTube"",""animate.css"",""jQuery"",""jQuery Migrate"",""jQuery UI""]",36851908,catchall,10/7/2024,9f01b64758ee33291eb5490075f3124a,N/A,N/A,85%,Insurance Agents: Brokers: and Service,https://facebook.com/thetucsonchamber,https://linkedin.com/company/tucson-metropolitan-chamber-of-commerce,https://twitter.com/tucsonchamber,https://instagram.com/tucson_metro_chamber,https://youtube.com/user/thetucsonchamber
Andrew Till,Andrew,Till,Chief Operating Officer,atill@simonbaron.com,Simon Baron,simonbaron.com,+12129537777,"757 3rd Ave - 17th Floor New York, NY, 10017757 Third Avenue - 17th Floor New York, NY 10017757 Third Avenue - 17th Floor, New York, NY 10017",New York,NY,"=""10017""",30,5700128,65,"[""Google Font API"",""Sentry"",""Squarespace"",""Typekit"",""YUI"",""webpack""]",44726208,catchall,4/8/2022,fbe324ea18a84b9857fa10fdbf9f8b8b,N/A,N/A,85%,Real Estate,N/A,N/A,N/A,N/A,N/A
Annette Washington,Annette,Washington,Director of Finance,awashington@cnigroup.org,Cni Group,cnigroup.org,+17733412072,"1000 E 111th St, Chicago, IL 606281000 East 111th Street, 10th Floor, Chicago, IL 60628",Chicago,IL,"=""60628""",5,1638653,65,"[""Backbone.js"",""Font Awesome"",""Google Analytics"",""Google Font API"",""Gravatar"",""Nginx"",""Twitter Emoji (Twemoji)"",""Underscore.js"",""WP Engine"",""WordPress"",""Yoast SEO"",""jQuery"",""jQuery Migrate""]",41924693,catchall,1/10/2022,d20c0c2370e67920804d08da69743194,N/A,N/A,85%,Real Estate,N/A,N/A,N/A,N/A,N/A
Annie H. Weinstein,Annie,Weinstein,Coo/svp,aweinstein@herefordinsurance.com,Hereford,herefordinsurance.com,+17189375918,"36-01 43rd Avenue, Long Island City, New York 11101",Long Island City,NY,"=""11101""",5,1638653,6411,"[""Bootstrap"",""Font Awesome"",""IIS"",""Microsoft ASP.NET"",""OWL Carousel"",""jQuery"",""jQuery UI""]",38458588,catchall,N/A,5c330cad4e5d823dd6b70842104f0bec,N/A,N/A,85%,Insurance Agents: Brokers: and Service,N/A,N/A,N/A,N/A,N/A
Ashley Western,Ashley,Western,Chief Operating Officer,awestern@cravenswarren.com,Cravens Warren,cravenswarren.com,+18003323226,N/A,unknown city,unknown state,N/A,30,6411000000,6411,"[""Google Analytics"",""MediaElement.js"",""Nginx"",""jQuery"",""jQuery UI"",""reCAPTCHA""]",42989622,catchall,N/A,3f667d15941d389c713d2849f50b146d,N/A,N/A,85%,Insurance Agents: Brokers: and Service,https://facebook.com/pages/cravens-warren-commercial-insurance/357478067672201,https://linkedin.com/company/280439,https://twitter.com/cravenswarren,N/A,N/A
Andy Wright,Andy,Wright,Director of Operations,awright@capital-ins.com,Capital Insurance Financial Services,capital-ins.com,+19195710685,"3701 Lake Boone Trail, Suite 200 Raleigh, NC 27607",Raleigh,NC,"=""27607""",5,1000000,6411,"[""Flywheel"",""Google Analytics"",""Google Font API"",""Google Maps"",""Google Tag Manager"",""Gravity Forms"",""Modernizr"",""OWL Carousel"",""WordPress"",""jQuery"",""jQuery Migrate""]",36223296,catchall,5/8/2024,672a7e2fa6e6bc7933a235f1455e7091,N/A,N/A,85%,Insurance Agents: Brokers: and Service,https://facebook.com/capitalinsurancenc,N/A,N/A,N/A,N/A
Bailey Knudtson,Bailey,Knudtson,CFO,bailey.knudtson@jetter.com,Jetter,jetter.com,+18002280008,N/A,Omaha,NE,N/A,30,4000000,6411,"[""RequireJS"",""Sentry"",""Wix""]",39884760,catchall,10/6/2021,13d1a07597dacf43bd43b1d2540599c2,N/A,N/A,85%,Insurance Agents: Brokers: and Service,https://facebook.com/artjetterandcompany,N/A,https://twitter.com/artjetterco,N/A,https://youtube.com/user/artjetterandcompany
Bara Tyrrell,Bara,Tyrrell,Chief Operating Officer,barbara@universalmgt.com,Universal Properties,universalmgt.com,+15083764050,"181 Wells Avenue Newton, MA 02459154 Wells Avenue Newton, MA 02459154 Wells Avenue, Newton, MA 02459",Newton,MA,"=""02459""",5,65000000,65,"[""Apache"",""Google Font API"",""PHP"",""WordPress"",""jQuery"",""jQuery Migrate""]",41160525,catchall,12/15/2021,f4e357db87f1ec5f08fe435615979f0b,N/A,N/A,85%,Real Estate,https://facebook.com/universalmgt/,N/A,N/A,N/A,N/A
Barry Zhang,Barry,Zhang,Chief Executive Officer,barry@quanticoenergy.com,Quantico Energy Solutions,quanticoenergy.com,+17132340105,N/A,unknown city,unknown state,N/A,30,1400000,13,[],37372439,catchall,N/A,3a62a50678a51f153ee7091513b82035,N/A,N/A,85%,Oil and Gas Extraction,N/A,N/A,N/A,N/A,N/A
Bruce Balchunas,Bruce,Balchunas,Director of Operations,bbalchunas@holyokemall.com,Holyoke Mall,holyokemall.com,+14134095090,"50 Holyoke Street Holyoke, MA 01040",Holyoke,MA,"=""01040""",125,65000000,65,"[""Bootstrap"",""CloudFlare"",""Google Analytics"",""Google Tag Manager"",""Gravity Forms"",""Modernizr"",""OWL Carousel"",""WordPress"",""jQuery"",""jQuery Migrate""]",43755208,catchall,N/A,a72b228fa29e8e4e5bfcce7eeb9be765,N/A,N/A,85%,Real Estate,https://facebook.com/holyokemall,N/A,https://twitter.com/holyokemall,https://instagram.com/holyokemall,N/A
Bill Bigley,Bill,Bigley,CFO,bbigley@southwestre.com,Southwestre,southwestre.com,+15058805951,N/A,Albuquerque,NM,N/A,30,3000000,6411,"[""CloudFlare"",""Cufon"",""Google Font API"",""Microsoft ASP.NET"",""Sitefinity"",""jQuery"",""jQuery UI""]",36745201,catchall,11/12/2021,ebb62daca1be77ff4d78dcfcbdcb78d0,N/A,N/A,85%,Insurance Agents: Brokers: and Service,https://facebook.com/southwestreinc,https://linkedin.com/company/95873,https://twitter.com/southwestreinc,N/A,https://youtube.com/user/southwestre
Brett Blanchard,Brett,Blanchard,Chief Operating Officer,bblanchard@fritscheanderson.com,And,fritscheanderson.com,+17137759385,"3411 Richmond Ave., Ste. 700 Houston, TX 77046 /3411 Richmond Ave, Suite 700 Houston, Texas 77046",Houston,TX,"=""77046""",5,1638653,65,"[""Azure"",""Google Analytics"",""Google Tag Manager"",""IIS"",""Microsoft ASP.NET"",""Pardot""]",41718608,catchall,10/2/2023,644c15b2d2e4059245614b7719e9d3a5,N/A,N/A,85%,Real Estate,N/A,https://linkedin.com/company/490975,N/A,https://instagram.com/fritscheanderson/,N/A
Brian Bodkin,Brian,Bodkin,CEO,bbodkin@tabb.net,Tabb,tabb.net,N/A,N/A,unknown city,unknown state,N/A,30,6411000000,6411,"[""Google Font API"",""jQuery""]",46003235,catchall,N/A,348225a39d3a1b3e938bbdaf9cfb2855,N/A,N/A,85%,Insurance Agents: Brokers: and Service,N/A,N/A,N/A,N/A,N/A
Bill Bullock,Bill,Bullock,President & CEO,b.bullock@deckerbullocksir.com,Golden Gate,deckerbullocksir.com,+14155285088,N/A,Mill Valley,CA,N/A,125,0,65,"[""Google Analytics"",""Google Font API"",""IIS"",""Microsoft ASP.NET"",""Prototype"",""VideoJS"",""jQuery"",""jQuery Migrate"",""jQuery UI""]",38196274,catchall,8/5/2024,748175cb45de9d289490242b89bfab84,N/A,N/A,85%,Real Estate,https://facebook.com/279007502197015,https://linkedin.com/company/goldengatesir,https://twitter.com/goldengatesir,https://instagram.com/goldengatesir,https://youtube.com/channel/uckqtchzwjppwkdqyyod_xba
Bernard Bunning,Bernard,Bunning,Chief Financial Officer,bbunning@chaseinternational.com,Chase,chaseinternational.com,+17025233336,"PO Box 19596 Reno, NV 89511",Little Rock,AR,"=""89511""",750,35000000,65,"[""Bootstrap"",""CloudFlare"",""Dojo"",""Facebook"",""FancyBox"",""Font Awesome"",""Google Analytics"",""Google Font API"",""Google Maps"",""New Relic"",""Twitter Emoji (Twemoji)"",""WordPress"",""jQuery"",""jQuery UI""]",37370085,catchall,10/6/2023,466cdd6d3457f9ade7b3d245e3e2fbd7,N/A,N/A,85%,Real Estate,https://facebook.com/chaseinternational,https://linkedin.com/company/chase-international,https://twitter.com/chaserealestate,https://instagram.com/chaseluxe,https://youtube.com/user/chaseinternationalre
Brooks Burton,Brooks,Burton,Chief Operating Officer,bburton@windemere.com,Windermere Services,windemere.com,+15094689410,"400 East Horsetooth Road Fort Collins, CO 80525",Moses Lake,WA,"=""80525""",30,65000000,65,"[""Bootstrap"",""Facebook"",""FancyBox"",""Font Awesome"",""Google Analytics"",""Google Font API"",""Google Maps"",""New Relic"",""Nginx"",""Riot"",""Slick"",""Ubuntu"",""YUI"",""jQuery"",""jQuery Migrate""]",45352892,catchall,12/15/2021,97868a040a6b9bd6199e855b55d784c6,N/A,N/A,85%,Real Estate,https://facebook.com/windermererealestate,https://linkedin.com/company/windermere-real-estate,https://twitter.com/windermere,https://instagram.com/windermere,N/A
Beth Sylvia Caldwell,Beth,Caldwell,Chief Operating Officer,bcaldwell@sylviainsurance.com,Sylvia & Company Insurance Agency,sylviainsurance.com,N/A,N/A,Dartmouth,MA,N/A,30,6411000000,6411,"[""CloudFlare"",""Google Analytics"",""Hotjar"",""HubSpot"",""Matomo"",""OWL Carousel"",""jQuery"",""jQuery Migrate""]",44218561,catchall,N/A,81b64bcb510cd7eff29876f62f5e0f39,N/A,N/A,85%,Insurance Agents: Brokers: and Service,N/A,N/A,N/A,N/A,N/A
Brian Catalde,Brian,Catalde,"President and Chief Operating Officer, Principal",bc@paragoncommunities.com,Paragon Communities,paragoncommunities.com,+13103021910,"203 Richmond Street El Segundo, CA 90245",El Segundo,CA,"=""90245""",N/A,0,65,"[""Apache""]",36376677,catchall,N/A,1ef2f61647d8e05ff8864186aacf293a,N/A,N/A,85%,Real Estate,N/A,N/A,N/A,N/A,N/A
Brad Davis,Brad,Davis,President & Co-ceo,bdavis@guaranteedweather.com,Requested,guaranteedweather.com,N/A,N/A,unknown city,unknown state,N/A,5,1638653,6411,[],41033564,catchall,N/A,a0b1f8a9989a8995440068176528bd9d,N/A,N/A,85%,Insurance Agents: Brokers: and Service,N/A,N/A,N/A,N/A,N/A
Lea Beasley,Lea,Beasley,Director of Operations,beasley@sageaptmgt.com,Sage,sageaptmgt.com,+18338644321,"18006 Sky Park Circle, Suite 200, Irvine, California 92614",unknown city,CA,"=""92614""",30,5700128,65,"[""Apache"",""Google Analytics"",""MooTools"",""PHP"",""Ubuntu""]",44791316,catchall,4/9/2021,e36fb5d9336af0015e096a7049e2ab10,N/A,N/A,85%,Real Estate,N/A,N/A,N/A,N/A,N/A
Brad Engler,Brad,Engler,Chief Operating Officer,bengler@sriservices.com,Services Include,sriservices.com,+18008009588,"8082 Bash Street Indianapolis, IN 46250",Indianapolis,IN,"=""46250""",30,6000000,65,"[""Apache"",""Google Analytics"",""Gravatar"",""Twitter Emoji (Twemoji)"",""Typekit"",""Ubuntu"",""WordPress"",""Yoast SEO"",""jQuery"",""jQuery Migrate"",""reCAPTCHA""]",43072052,catchall,2/16/2024,324647385ba3a114bcdee127c75efcd4,N/A,N/A,85%,Real Estate,https://facebook.com/sri.incorporated,https://linkedin.com/company/sri-incorporated,https://twitter.com/sritaxsale,N/A,N/A
Ben Kelley,Ben,Kelley,"Director, Baseball Operations",ben@kelleyinsure.com,Kelley,kelleyinsure.com,+18003752075,"103 W Main St / P.O. Box 367 Everson, WA 98247103 W Main St Everson, WA 98247",Everson,WA,"=""98247""",5,1000000,6411,"[""Bootstrap"",""Google Analytics"",""Google Font API"",""Modernizr"",""Nginx"",""SiteCatalyst"",""YouTube"",""jQuery"",""jQuery Migrate""]",41605236,catchall,5/18/2021,6fc928b9b3d8dd037166cbd480a8ea3a,N/A,N/A,85%,Insurance Agents: Brokers: and Service,https://facebook.com/kelleyinsure,N/A,N/A,https://instagram.com/kelley_insure,N/A
Ben Newman,Ben,Newman,Chief Financial Officer,ben.newman@mma-bpg.com,Marsh Mclennan Agency,mma-bpg.com,+18588755406,"1340 Treat Blvd, Walnut Creek, CA, 94597",Durham,NC,"=""94597""",3000,371472581,64,"[""Cowboy"",""Express"",""Google Analytics"",""Google Tag Manager"",""Incapsula"",""TweenMax"",""Vue.js""]",36773734,catchall,4/12/2022,e1f8108470aede0daa1b9aa7097aec42,N/A,N/A,85%,Insurance Agents: Brokers: and Service,N/A,https://linkedin.com/company/mmasouthwest,https://twitter.com/mmauppermidwest,N/A,N/A
Ben Newman,Ben,Newman,Chief Financial Officer,ben.newman@rutherfoord.com,Marsh Mclennan Agency,rutherfoord.com,+18588755406,"1340 Treat Blvd, Walnut Creek, CA, 94597",Alexandria,VA,"=""94597""",30,128780,6411,"[""Cowboy"",""Express"",""Google Analytics"",""Google Tag Manager"",""Incapsula"",""TweenMax"",""Vue.js""]",37737323,catchall,10/6/2021,b10e5f3bde2e901f20ba5c4c791d200c,N/A,N/A,85%,Insurance Agents: Brokers: and Service,N/A,https://linkedin.com/company/mmasouthwest,https://twitter.com/mmauppermidwest,N/A,N/A
Beth Bombara,Beth,Bombara,CFO,beth.bombara@thehartford.com,Hartford,thehartford.com,+18003227789,"P.O. Box 55359 Boston, MA 02205",Ct,CT,"=""02205""",55000,0,6411,"[""Akamai"",""Apache"",""Bootstrap"",""Moment.js"",""Tealium"",""jQuery""]",46004016,catchall,11/10/2021,366298c6709db74bf43c93f6fc3bddc0,N/A,N/A,85%,Insurance Agents: Brokers: and Service,https://facebook.com/thehartford,https://linkedin.com/company/the-hartford,https://twitter.com/thehartford,N/A,N/A
Bill D Webster Pmp,Bill,Pmp,Co-chief Operating Officer -,bill@herzer.com,Herzer Financial Services,herzer.com,+16503638003,N/A,Redwood City,CA,N/A,N/A,0,65,"[""Google Analytics"",""Google Font API"",""Google Tag Manager"",""Modernizr"",""Twitter Emoji (Twemoji)"",""WordPress"",""Yoast SEO"",""jQuery"",""jQuery Migrate""]",40724665,catchall,10/2/2023,091a9c69dcb4aca4cb5d8c183af98872,N/A,N/A,85%,Real Estate,N/A,N/A,N/A,N/A,N/A
Bill Robinson,Bill,Robinson,Chief Executive Officer,bill@sanibelrealtors.com,Sanibel & Captiva Islands Assn,sanibelrealtors.com,+12394729353,N/A,Sanibel,FL,N/A,5,406020,65,"[""Apache"",""Debian"",""Facebook"",""Google Analytics"",""PHP"",""SWFObject"",""ShareThis"",""YouTube"",""jQuery""]",38146733,catchall,8/5/2024,8d6ce600ae9b03d48ca2256d6d6d273e,N/A,N/A,85%,Real Estate,https://facebook.com/sanibelrealtors,N/A,https://twitter.com/sanibelrealtors,N/A,N/A
Bill Goldberg,Bill,Goldberg,Operations Director,bill@stagestep.com,Stagestep,stagestep.com,+16104951712,"4701 Bath Street #46 B Philadelphia, PA 191374701 Bath Street #46 Philadelphia, PA 19137",Philadelphia,PA,"=""19137""",30,2000000,3999,"[""Apache"",""Bootstrap"",""Facebook"",""Font Awesome"",""Google Analytics"",""Google Font API"",""Java"",""Lightbox"",""MailChimp"",""Modernizr"",""PHP"",""Revslider"",""Twitter Emoji (Twemoji)"",""WooCommerce"",""WordPress"",""Yoast SEO"",""jQuery"",""jQuery Migrate"",""jQuery UI""]",36602853,catchall,10/27/2022,737b80b2bf4f3d8f41834aa0702d43a5,N/A,N/A,85%,Manufacturing Industries: Not Elsewhere Classified,https://facebook.com/stagestep,https://linkedin.com/company/stagestep-inc,https://twitter.com/stagestep,https://instagram.com/stagestep,N/A
Bob Katz,Bob,Katz,Chairman &amp CEO (x910,bkatz@statewide-insurance.com,Statewide,statewide-insurance.com,+16024946935,"P.O. Box 30527 Phoenix, AZ 85046",Arlington,TX,"=""85046""",5,1000000,6411,"[""Apache"",""DreamWeaver"",""Google Analytics"",""Modernizr"",""jQuery""]",38680890,catchall,3/8/2024,3f8ed8ca251c541fe396b913fc0edeac,N/A,N/A,85%,Insurance Agents: Brokers: and Service,N/A,N/A,N/A,N/A,N/A
Bob Krier,Bob,Krier,CFO & COO,bkrier@tri-ad.com,Tri-ad,tri-ad.com,+17607437555,"221 West Crest Street, Suite 300 Escondido, CA 92025",Escondido,CA,"=""92025""",300,41000000,6411,"[""Google Analytics"",""Google Font API"",""Nginx"",""Twitter Emoji (Twemoji)"",""WP Engine"",""WooCommerce"",""WordPress"",""Yoast SEO"",""jQuery"",""jQuery Migrate"",""jQuery UI"",""reCAPTCHA""]",36696278,catchall,10/6/2021,8ecc1786e7be14474ead9770dd23d406,N/A,N/A,85%,Insurance Agents: Brokers: and Service,N/A,N/A,N/A,N/A,N/A
"Bryan Locke, Cpa",Bryan,Cpa,CFO,blocke@miains.com,Midwestern Insurance Alliance,miains.com,+18037321646,"PO Box 436909 Louisville, KY 40253",Louisville,KY,"=""40253""",125,6411000000,6411,"[""Apache"",""Google Font API"",""WordPress"",""jQuery"",""jQuery Migrate""]",38888874,catchall,12/2/2021,640e89a21db7839655d13aead2923499,N/A,N/A,85%,Insurance Agents: Brokers: and Service,https://facebook.com/pg/midwesterninsurancealliancellc,https://linkedin.com/company/midwestern-insurance-alliance,N/A,N/A,https://youtube.com/channel/ucxsqqpkcbdsi9-ymvakqgna
Ben Newman,Ben,Newman,Chief Financial Officer,bnewman@benefitsadvisorygroup.biz,Marsh Mclennan Agency,benefitsadvisorygroup.biz,+18588755406,"1340 Treat Blvd, Walnut Creek, CA, 94597",Atlanta,GA,"=""94597""",5,1638653,64,"[""Cowboy"",""Express"",""Google Analytics"",""Google Tag Manager"",""Incapsula"",""TweenMax"",""Vue.js""]",36782601,catchall,11/10/2021,f88157a17b4e92aff8a521fe6e318f44,N/A,N/A,85%,Insurance Agents: Brokers: and Service,N/A,https://linkedin.com/company/mmasouthwest,https://twitter.com/mmauppermidwest,N/A,N/A
Ben Newman,Ben,Newman,Chief Financial Officer,bnewman@hrbonding.com,Marsh Mclennan Agency,hrbonding.com,+18588755406,"1340 Treat Blvd, Walnut Creek, CA, 94597",Virginia Beach,VA,"=""94597""",5,128780,6411,"[""Cowboy"",""Express"",""Google Analytics"",""Google Tag Manager"",""Incapsula"",""TweenMax"",""Vue.js""]",39183736,catchall,10/6/2021,0dc5d3e31b61ef3f9d2c066c9d1db6d2,N/A,N/A,85%,Insurance Agents: Brokers: and Service,N/A,https://linkedin.com/company/mmasouthwest,https://twitter.com/mmauppermidwest,N/A,N/A
Bill Nye,Bill,Nye,Chief Operating Officer,bnye@rentberger.com,Berger Rental,rentberger.com,+18142087921,N/A,Southeastern,PA,N/A,125,35000000,65,"[""Flywheel"",""Font Awesome"",""Google Analytics"",""Google Font API"",""Google Tag Manager"",""Handlebars"",""MediaElement.js"",""Revslider"",""Twitter Emoji (Twemoji)"",""WordPress"",""Yoast SEO"",""animate.css"",""jQuery"",""jQuery Migrate"",""jQuery Mobile"",""jQuery UI""]",42471306,catchall,10/2/2023,5439b0ccabb0ce4bdcbd84fa5573c6fd,N/A,N/A,85%,Real Estate,https://facebook.com/bergerrentalcommunities,https://linkedin.com/company/berger-rental-communities,N/A,N/A,https://youtube.com/user/bergerrental
Bob Baldwin,Bob,Baldwin,President and CEO,bob.baldwin@cng4america.com,Cng 4 America,cng4america.com,+18886585554,N/A,Bryan,TX,N/A,30,5700128,13,"[""Apache"",""Google Analytics"",""MediaElement.js"",""Mustache"",""PHP"",""Select2"",""VideoJS"",""Weebly"",""jQuery""]",38765922,catchall,3/2/2023,45cbfe816715f9097007581d970b486f,N/A,N/A,85%,Oil and Gas Extraction,N/A,N/A,N/A,N/A,N/A
Robert Butzke,Robert,Butzke,President / CEO,bobb@northbrook-ins.com,Northbrook,northbrook-ins.com,+18009488570,"N48 W 14610 Hampton Ave Menomonee Falls, WI 53051",Menomonee Falls,WI,"=""53051""",5,1638653,6411,"[""Facebook"",""Font Awesome"",""Google Analytics"",""Google Font API"",""Nginx"",""Twitter Emoji (Twemoji)"",""WordPress"",""Yoast SEO"",""jQuery"",""jQuery Migrate""]",43685532,catchall,N/A,3d962253a9d5efd7497d0ff98d2958ca,N/A,N/A,85%,Insurance Agents: Brokers: and Service,https://facebook.com/northbrookinsurance,https://linkedin.com/company/northbrook-insurance-associates-inc-,https://twitter.com/northbrookins,N/A,https://youtube.com/channel/uck_b-8e0kigsjuyp2rdrd3q/videos
Bobby Rios,Bobby,Rios,Vice President &amp; CFO,bobbyr@galoproperties.com,Galo Properties,galoproperties.com,N/A,N/A,San Antonio,TX,N/A,30,2000000,65,"[""IIS"",""Microsoft ASP.NET"",""jQuery""]",43478784,catchall,N/A,578410a131031ace7e6864131652338a,N/A,N/A,85%,Real Estate,N/A,N/A,N/A,N/A,N/A
Bob Brock,Bob,Brock,CEO,bob@jackforkland.com,Jackfork Land.,jackforkland.com,+14058405999,"925 Cedar Lake Blvd Oklahoma City, OK 73114",Oklahoma City,OK,"=""73114""",125,0,13,"[""Apache"",""Backbone.js"",""DataTables"",""Font Awesome"",""Google Font API"",""Lightbox"",""Modernizr"",""OWL Carousel"",""PHP"",""Underscore.js"",""WordPress"",""Yoast SEO"",""jQuery"",""jQuery Migrate"",""reCAPTCHA""]",37597755,catchall,3/2/2023,5ded7b2022eddb9e6707509ba48c511d,N/A,N/A,85%,Oil and Gas Extraction,https://facebook.com/jackfork-land-inc-158767354276681,https://linkedin.com/company/jackfork-land-inc,https://twitter.com/@jackforkland,N/A,N/A
Bob Milne,Bob,Milne,COO,bob@porchlightpm.com,Vacasa,porchlightpm.com,+18884330068,"850 NW 13th Ave., Portland, OR 97209",North Hero,VT,"=""97209""",N/A,0,65,"[""Amazon Cloudfront"",""Bootstrap"",""Django"",""Font Awesome"",""Google Font API"",""Google Tag Manager"",""Nginx"",""Optimizely"",""Sentry"",""Segment"",""Slick"",""jQuery"",""jQuery UI"",""webpack""]",42654476,catchall,N/A,08db5dff031ae473eef9b2c90645dfe6,N/A,N/A,85%,Real Estate,N/A,N/A,N/A,N/A,N/A
Bob Milne,Bob,Milne,COO,bob@rangeprop.com,Vacasa,rangeprop.com,+18884330068,"850 NW 13th Ave., Portland, OR 97209",Lorain,OH,"=""97209""",5,1638653,65,"[""Amazon Cloudfront"",""Bootstrap"",""Django"",""Font Awesome"",""Google Font API"",""Google Tag Manager"",""Nginx"",""Optimizely"",""Sentry"",""Slick"",""jQuery"",""jQuery UI"",""webpack""]",36573714,catchall,N/A,f47c7c7a8aa843798e8581c006c8d4ef,N/A,N/A,85%,Real Estate,N/A,N/A,N/A,N/A,N/A
Bob Milne,Bob,Milne,COO,bob@sandpointvacationrentals.com,Vacasa,sandpointvacationrentals.com,+18884330068,"850 NW 13th Ave., Portland, OR 97209",Sandpoint,ID,"=""97209""",N/A,234000,65,"[""Amazon Cloudfront"",""Bootstrap"",""Django"",""Font Awesome"",""Google Font API"",""Google Tag Manager"",""Nginx"",""Optimizely"",""Sentry"",""Slick"",""jQuery"",""jQuery UI"",""webpack""]",45851777,catchall,N/A,9b8b6b5d3c552e1d05364857d5ec9768,N/A,N/A,85%,Real Estate,N/A,N/A,N/A,N/A,N/A
Bob Milne,Bob,Milne,COO,bob@shorelinevacations.com,Vacasa,shorelinevacations.com,+18884330068,"850 NW 13th Ave., Portland, OR 97209",New Smyrna Beach,FL,"=""97209""",5,1286400,65,"[""Amazon Cloudfront"",""Bootstrap"",""Django"",""Font Awesome"",""Google Font API"",""Google Tag Manager"",""Nginx"",""Optimizely"",""Sentry"",""Slick"",""jQuery"",""jQuery UI"",""webpack""]",46466715,catchall,8/7/2023,9720957ed43c59950143ae09ca4a8683,N/A,N/A,85%,Real Estate,N/A,N/A,N/A,N/A,N/A
Bruce Plummer,Bruce,Plummer,Broker &amp; COO,bplummer@cbanker.com,Banker Resort,cbanker.com,+13025426833,"38148 Terrace Rd., Rehoboth Beach, DE 19971",Rehoboth Beach,DE,"=""19971""",N/A,0,65,"[""Apache"",""Bootstrap"",""Facebook"",""Glyphicons"",""Google Analytics"",""Google Font API"",""Google Tag Manager"",""Slick"",""jQuery"",""jQuery Migrate"",""jQuery UI""]",37456580,catchall,N/A,b246d1f79af6973a7ee0be23dce50be4,N/A,N/A,85%,Real Estate,N/A,N/A,N/A,N/A,N/A
William J Quinn,William,Quinn,Vice President/director of Operations,bquinn@vannerinsurance.com,Vanner,vannerinsurance.com,+18887609195,"11 Pinchot Court Suite 100 Amherst, NY 14228",Amherst,NY,"=""14228""",30,6411000000,6411,"[""CloudFlare"",""Google Analytics"",""Google Font API"",""Google Tag Manager"",""Gravity Forms"",""Modernizr"",""WordPress"",""jQuery"",""jQuery Migrate""]",37898362,catchall,N/A,8e290279512d1dc71c5e087ffee5e825,N/A,N/A,85%,Insurance Agents: Brokers: and Service,https://facebook.com/vannerinsurance,https://linkedin.com/company/vanner-insurance-agency,https://twitter.com/vannerinsurance,N/A,N/A
Brad Mayne,Brad,Mayne,"— Brad Mayne, President & CEO At Metlife Stadium",brad@janrichey.com,Jan Richey,janrichey.com,+19727420177,"4783 Preston Road, Suite 100 Frisco, TX 75034",Frisco,TX,"=""75034""",5,1638653,65,"[""Apache"",""Bootstrap"",""Google Font API"",""Google Tag Manager"",""Gravity Forms"",""Modernizr"",""Ubuntu"",""WordPress"",""jQuery""]",37024156,catchall,8/5/2024,f1058010966e20c5a6a85170f7073c27,N/A,N/A,85%,Real Estate,https://facebook.com/thejanricheyteam,https://linkedin.com/company/the-jan-richey-team,https://twitter.com/janricheyteam,https://instagram.com/janricheyteam,https://youtube.com/user/thejanricheyteam
Bethany Record,Bethany,Record,Director of Finance & Accounting,brecord@preservationmanagement.com,Preservation Management,preservationmanagement.com,+18885532020,"261 Gorham Road South Portland, ME 04106",South Portland,ME,"=""04106""",300,75000000,65,"[""Apache"",""Google Analytics"",""jQuery"",""jQuery UI""]",46730547,catchall,1/10/2022,e3ff6ea60e3fb1c7a89be11f1b558c46,N/A,N/A,85%,Real Estate,N/A,N/A,N/A,N/A,N/A
Brenda Peak,Brenda,Peak,Director of Operations,brenda@boldnc.com,Bold Nc,boldnc.com,+19199296288,"50051 Governors Drive Chapel Hill, NC 27517",Chapel Hill,NC,"=""27517""",30,5700128,65,"[""Chart.js"",""Facebook"",""Font Awesome"",""Google Analytics"",""Google Font API"",""Google Tag Manager"",""Ionicons"",""MediaElement.js"",""Modernizr"",""Nginx"",""Revslider"",""Select2"",""Slick"",""TrackJs"",""Twitter Emoji (Twemoji)"",""WP Engine"",""WordPress"",""Yoast SEO"",""jQuery"",""jQuery Migrate"",""jQuery UI""]",37172522,catchall,4/9/2021,adf2ec4cb1eba75b2deff97cad4283b6,N/A,N/A,85%,Real Estate,https://facebook.com/buildboldnc,https://linkedin.com/company/bold-construction-inc,https://twitter.com/buildboldnc,https://instagram.com/boldconstruction,N/A
Brian Bullock,Brian,Bullock,"Chief Operating Officer, Restaurants",brian@legacyproperty.com,Legacy Ventures,legacyproperty.com,+14042229090,"300 Marietta Street, Suite 304 Atlanta, GA 30313",Atlanta,GA,"=""30313""",30,2000000,65,"[""Bootstrap"",""CloudFlare"",""Font Awesome"",""Google Analytics"",""Google Font API"",""Google Tag Manager"",""Lightbox"",""Modernizr"",""WordPress"",""Yoast SEO"",""animate.css"",""jQuery"",""jQuery Migrate""]",41314411,catchall,10/2/2023,86cc78c31d931cddb8e0592aef5b9e55,N/A,N/A,85%,Real Estate,N/A,https://linkedin.com/company/legacy-ventures-hospitality,N/A,N/A,N/A
Brian Leclair,Brian,Leclair,President and COO,brianl@leclairinsurance.com,Leclair Group,leclairinsurance.com,+18775325247,"St. Paul, MN 55125",St Paul,MN,"=""55125""",30,5017680,6411,"[""Apache"",""CloudFlare"",""Google Analytics"",""Google Tag Manager"",""Gravity Forms"",""HubSpot"",""Matomo"",""Slick"",""Twitter Emoji (Twemoji)"",""WooCommerce"",""WordPress"",""YouTube"",""animate.css"",""jQuery"",""jQuery Migrate""]",36261459,catchall,11/10/2021,29ac9ad6ce05c38299f6b128f979011d,N/A,N/A,85%,Insurance Agents: Brokers: and Service,https://facebook.com/leclairgroup,https://linkedin.com/company/1593791/,https://twitter.com/leclairgroup,N/A,N/A
Brian Robinson,Brian,Robinson,Chief Financial Officer,brian.robinson@reladyne.com,Reladyne,reladyne.com,+14356783311,"1010 South Access Road Tye, TX 79563",Madisonville,LA,"=""79563""",300,200000000,13,"[""Apache"",""CloudFlare"",""CodeIgniter"",""DataTables"",""ExpressionEngine"",""FancyBox"",""Google Analytics"",""Google Font API"",""Google Tag Manager"",""HubSpot"",""Lightbox"",""Matomo"",""Microsoft ASP.NET"",""React"",""jQuery"",""reCAPTCHA""]",39434056,catchall,10/6/2023,5e9fbb0c6ae482eb837d37d73c1b1aab,N/A,N/A,85%,Oil and Gas Extraction,https://facebook.com/reladyne,https://linkedin.com/company/reladyne-llc,https://twitter.com/reladyne,N/A,https://youtube.com/user/reladyne
Brittany Culver,Brittany,Culver,COO,brittany@fsgmichigan.com,Michigan,financialstrategiescorp.com,+18008040420,"2270 Jolly Oak Rd Suite 2 Okemos, MI 48864",Okemos,MI,"=""48864""",N/A,0,64,[],39307508,catchall,4/9/2021,2b62ddbff3c309291b779e7a28ada858,N/A,N/A,85%,Insurance Agents: Brokers: and Service,https://facebook.com/financialstrategiesgroup,https://linkedin.com/company/financial-strategies-group-inc-,N/A,https://instagram.com/financialstrategiesgroup,https://youtube.com/channel/ucbbqanhapcehoru7qw2ut4a/videos
Brent Rivard,Brent,Rivard,"Managing Director, CFO and COO",brivard@pathfinderfunds.com,Pathfinder,pathfinderfunds.com,+18588754400,N/A,San Diego,CA,N/A,30,5700128,65,"[""Font Awesome"",""Google Analytics"",""Google Font API"",""Nginx"",""Revslider"",""SoundManager"",""TweenMax"",""Twitter Emoji (Twemoji)"",""WP Engine"",""WordPress"",""Yoast SEO"",""jQuery"",""jQuery Migrate"",""jQuery UI""]",36462241,catchall,8/9/2023,5462f6a4893d5b889cec21ecc5d9657e,N/A,N/A,85%,Real Estate,N/A,https://linkedin.com/company/271172,https://twitter.com/pathfinderfunds,N/A,N/A
Bryan Wexler,Bryan,Wexler,Director of Operations,bryan@marquisrentals.com,Marquis New York,marquisrentals.com,N/A,"224 W 30th St, Suite 808 New York, NY 10001",Tampa,FL,"=""10001""",5,1638653,65,"[""Facebook"",""FancyBox"",""Font Awesome"",""Google Analytics"",""Google Font API"",""Google Maps"",""Google Tag Manager"",""Laravel"",""Lazy.js"",""Moment.js"",""Nginx"",""PHP"",""Stripe"",""TweenMax"",""Twitter"",""Vue.js"",""jQuery"",""jQuery UI""]",36486133,catchall,8/7/2023,a2ea60951ac8e9e067e843ccda902278,N/A,N/A,85%,Real Estate,https://facebook.com/staymarquis,N/A,https://twitter.com/staymarquis,https://instagram.com/staymarquis,N/A
Bryan Reis,Bryan,Reis,Director of Operations,bryanreis@pumpworks.com,Pumpworks,pumpworks.com,+12256732140,"8885 Monroe Road, Houston, TX 770618885 Monroe Rd. Houston, Texas, USA",Houston,TX,N/A,30,5700128,13,"[""Apache"",""Font Awesome"",""Google Analytics"",""Google Font API"",""Google Maps"",""Google Tag Manager"",""Gravity Forms"",""Modernizr"",""PHP"",""Slick"",""WordPress"",""Yoast SEO"",""ZURB Foundation"",""jQuery"",""jQuery Migrate"",""reCAPTCHA""]",39784976,catchall,N/A,bb6f7a827939be6781cacfffc671024a,N/A,N/A,85%,Oil and Gas Extraction,https://facebook.com/pumpworks610,https://linkedin.com/company/pumpworks-610,https://twitter.com/pumpworks610,N/A,N/A
Joshua Bryant,Joshua,Bryant,Chief Operating Officer,bryant@barealtyllc.com,Birtcher Anderson,barealtyllc.com,+17148501703,"Suite 260 San Juan Capistrano, CA 92675",San Juan Capistrano,CA,"=""92675""",N/A,0,65,"[""Google Font API"",""Nginx"",""Twitter Emoji (Twemoji)"",""WordPress"",""jQuery"",""jQuery Migrate""]",42907314,catchall,N/A,460c9b8d147fd990bf687623fc78ab40,N/A,N/A,85%,Real Estate,N/A,N/A,N/A,N/A,N/A
"Brandt H. Shapiro, Cic",Brandt,Cic,CEO,bshapiro@legacyinsurancesolutions.com,Legacyinsllc,legacyinsurancesolutions.com,+18502265750,N/A,unknown city,unknown state,N/A,5,1638653,6411,"[""Apache"",""Font Awesome"",""Google Analytics"",""Google Font API"",""Google Maps"",""MediaElement.js"",""Modernizr"",""PHP"",""Revslider"",""TweenMax"",""Twitter Emoji (Twemoji)"",""WordPress"",""Yoast SEO"",""jQuery"",""jQuery Migrate"",""jQuery UI"",""reCAPTCHA""]",46345837,catchall,N/A,2138b7a3c55e9281492af79fd005113f,N/A,N/A,85%,Insurance Agents: Brokers: and Service,https://facebook.com/legacyinsllc,https://linkedin.com/company/1752055,N/A,N/A,N/A
Bruce Stubbs,Bruce,Stubbs,Executive Vice President & Chief Operating Officer,bstubbs@compone.net,Compone Administrators,compone.net,+18882989043,"39500 High Pointe Blvd. Suite 400 Novi, MI 48375",Novi,MI,"=""48375""",125,0,64,"[""Google Analytics"",""Google Font API"",""Gravatar"",""Sucuri"",""Twitter Emoji (Twemoji)"",""WordPress"",""Yoast SEO"",""jQuery"",""jQuery Migrate""]",40913644,catchall,10/2/2023,58c25fabdea1d0ba988937b46228891e,N/A,N/A,85%,Insurance Agents: Brokers: and Service,https://facebook.com/compone-administrators-inc-177245312388484,https://linkedin.com/company/compone-administrators-inc-,N/A,N/A,N/A
Bob Svendsen,Bob,Svendsen,Chief Executive Officer,bsvendsen@chmbinc.com,Chmb,chmbinc.com,+16303901240,"700 La Terraza Blvd. Suite 200 Escondido, CA 92025",Escondido,CA,"=""92025""",300,52000000,6411,"[""Apache"",""Bootstrap"",""Chart.js"",""Font Awesome"",""Google Analytics"",""Google Font API"",""Modernizr"",""TweenMax"",""Twitter Emoji (Twemoji)"",""WordPress"",""jQuery"",""jQuery Migrate""]",39445129,catchall,12/11/2023,8590f2d2bcb94de26a77e8eed61da03b,N/A,N/A,85%,Insurance Agents: Brokers: and Service,https://facebook.com/chmbinc,https://linkedin.com/company/chmb---california-healthcare-medical-billing,https://twitter.com/chmbinc,N/A,N/A
Buddy Petersen,Buddy,Petersen,COO,buddy.petersen@ftsi.com,Fts,ftsi.com,+18778149688,N/A,Pittsburgh,PA,N/A,3000,3500000000,13,"[""FancyBox"",""Google Analytics"",""Google Font API"",""Java"",""Microsoft ASP.NET"",""Mustache"",""New Relic"",""Nginx"",""jQuery"",""jQuery UI""]",38663316,catchall,N/A,51f77282c1dfa1dccb9302ca1e7664dd,N/A,N/A,85%,Oil and Gas Extraction,https://facebook.com/pages/fts-international/126429144084725,https://linkedin.com/company/1046059,N/A,N/A,N/A
Bryan Whitlock,Bryan,Whitlock,Director of Operations,bwhitlock@oracleinsurancegroup.com,Insurance,oracleinsurancegroup.com,+16237779728,N/A,unknown city,unknown state,N/A,5,1638653,6411,"[""IIS"",""Microsoft ASP.NET""]",41955494,catchall,N/A,fb33718443c49eb007512d544de2d476,N/A,N/A,85%,Insurance Agents: Brokers: and Service,https://facebook.com/oracleinsurancegroup,https://linkedin.com/in/oracle-insurance-group-inc-43349923,https://twitter.com/oracle1396,N/A,N/A
Cameron Cremeens,Cameron,Cremeens,"Director, Operational Planning and Con",cameron.cremeens@boleyfeatherston.com,Boley Featherston,boleyfeatherston.com,+19403972726,"701 Lamar Street, Wichita Falls, Texas 76301",Wichita Falls,TX,"=""76301""",30,14000000,6411,"[""Google Analytics"",""Google Font API"",""Google Tag Manager"",""OpenResty"",""Varnish"",""Webflow"",""jQuery""]",46352856,catchall,9/13/2021,fc5917fcf96a5559d355839c9bf6510a,N/A,N/A,85%,Insurance Agents: Brokers: and Service,N/A,N/A,N/A,N/A,N/A
Cameron Murray,Cameron,Murray,Director of Operations - West,cameron@friasproperties.com,Frias Properties,friasproperties.com,+19709202000,N/A,Aspen,CO,N/A,125,25000000,65,"[""Drupal"",""Facebook"",""Google Analytics"",""Google Font API"",""Google Tag Manager"",""Modernizr"",""OpenResty"",""PHP"",""Select2"",""ZURB Foundation"",""jQuery"",""jQuery UI""]",44921740,catchall,9/10/2024,05d508ea69159923b7be79e3ba67cb9d,N/A,N/A,85%,Real Estate,https://facebook.com/friasproperties/,https://linkedin.com/company/frias-properties-of-aspen,https://twitter.com/aspenlodging,https://instagram.com/friasaspen,https://youtube.com/user/friasproperties
Carlos Alvarenga,Carlos,Alvarenga,CEO,carlos@spacecoastinsurance.com,As An,spacecoastinsurance.com,+18003314929,N/A,Cocoa Beach,FL,N/A,30,5700128,64,"[""AddThis"",""Awesomplete"",""Bootstrap"",""CloudFlare"",""FancyBox"",""Font Awesome"",""Google Font API"",""Google Tag Manager"",""Microsoft ASP.NET"",""Modernizr"",""jQuery"",""jQuery Migrate""]",42773302,catchall,8/9/2023,a490b1a94532fb59c8fa4fa99b437807,N/A,N/A,85%,Insurance Agents: Brokers: and Service,https://facebook.com/spacecoastinsurance,https://linkedin.com/company/space-coast-insurance-agency-llc,N/A,N/A,N/A
Carl Speck,Carl,Speck,Group CFO / Executive Vice President,carl.speck@aleagroup.com,Alea Group Holdings Bermuda,aleagroup.com,+14414946390,"5 Batterson Park Road Farmington, CT",unknown city,unknown state,N/A,125,6411000000,6411,"[""DreamWeaver"",""IIS"",""Microsoft ASP.NET"",""jQuery""]",36639819,catchall,10/6/2021,b5f461c4c7fd47062d7a25b388010054,N/A,N/A,85%,Insurance Agents: Brokers: and Service,N/A,N/A,N/A,N/A,N/A
Casey L. Cooper,Casey,Cooper,CFO,casey@homestart.us,Homestart,homestart.us,+15122602277,N/A,Rollingwood,TX,N/A,N/A,65000000,65,"[""Apache"",""DreamWeaver""]",46287770,catchall,N/A,9e4eaf52758caf16179417ba41a5b983,N/A,N/A,85%,Real Estate,N/A,N/A,N/A,N/A,N/A
Craig Barry,Craig,Barry,Chief Financial Officer,cbarry@bricklanedc.com,Brick Lane Dc,bricklanedc.com,+12023795868,"Brick Lane, 1900 M Street NW Washington DC, Washington, DC, 20036, United StatesBrick Lane is a Real Estate Development, Investment and Management Company based in Washington,",Washington,DC,N/A,5,1638653,65,"[""Google Font API"",""Squarespace"",""Typekit"",""YUI"",""webpack""]",37681209,catchall,10/6/2023,dcb96266dadfb723a93835dca728d086,N/A,N/A,85%,Real Estate,https://facebook.com/bricklanedevelopment/timeline,N/A,N/A,https://instagram.com/bricklane_dc,N/A
Cindy Belcher,Cindy,Belcher,Chief Operating Officer,cbelcher@cap-mpt.com,Physicians For,cap-mpt.com,+18588421187,"333 City Blvd. W., Suite 720 | Orange, CA 92868",Orange,CA,"=""92868""",125,3381000,6411,"[""Acquia Cloud"",""AdRoll"",""Drupal"",""Google Analytics"",""Google Tag Manager"",""Nginx"",""Pardot"",""Varnish"",""Visual Website Optimizer"",""YouTube"",""jQuery""]",37279028,catchall,5/8/2024,ceb28ebd5aa7a3e6fe9fbc0a90b53d61,N/A,N/A,85%,Insurance Agents: Brokers: and Service,https://facebook.com/capphysicians,https://linkedin.com/company/cooperative-of-american-physicians-inc-,https://twitter.com/capphysicians,N/A,N/A
Chris Bolt,Chris,Bolt,Director of Operations,cbolt@PuebloPlex.com,Puebloplexp.o,PuebloPlex.com,+17199473775,"P.O. Box 11467,Pueblo, CO 81001P.O. Box 11467 Pueblo, CO 81001",Pueblo,CO,"=""81001""",5,1638653,65,"[""Apache"",""Bootstrap"",""Google Analytics"",""Google Tag Manager"",""Joomla"",""PHP"",""UIKit"",""Ubuntu"",""jQuery"",""jQuery Migrate""]",45215301,catchall,N/A,73440cd8e55df780f505d0ad498c1bc3,N/A,N/A,85%,Real Estate,https://facebook.com/puebloplex/,https://linkedin.com/company/puebloplex,https://twitter.com/puebloplex,N/A,https://youtube.com/user/puebloplex
Cristy Boucher,Cristy,Boucher,Chief Operating Officer,cboucher@realtycompartners.com,Realtycom,realtycompartners.com,+14153121117,"999 Fifth Avenue, Suite 420 San Rafael, CA 94901",San Rafael,CA,"=""94901""",30,6000000,65,"[""Bootstrap"",""Chart.js"",""Google Analytics"",""Modernizr"",""Nginx"",""PHP"",""Twitter Emoji (Twemoji)"",""WordPress"",""Yoast SEO"",""jQuery"",""jQuery Migrate"",""reCAPTCHA""]",41204332,catchall,10/2/2023,ce042e7c335c58058472befd559de686,N/A,N/A,85%,Real Estate,N/A,https://linkedin.com/company/realtycom-partners,N/A,N/A,N/A
Chris Brassard,Chris,Brassard,President &amp; CEO,cbrassard@teneyckgroup.com,Ten Eyck Group,teneyckgroup.com,+18008773925,N/A,Albany,NY,N/A,30,6411000000,6411,"[""CloudFlare"",""Crazy Egg"",""Google Analytics"",""Google Font API"",""Microsoft ASP.NET"",""YouTube"",""jQuery""]",45350364,catchall,N/A,d0884173d2030604e2a9f9924cd9a43a,N/A,N/A,85%,Insurance Agents: Brokers: and Service,https://facebook.com/teneyckgroup,https://linkedin.com/company/ten-eyck-group,https://twitter.com/teneyckgroup,N/A,N/A
Colleen Driscoll,Colleen,Driscoll,COO,cdriscoll@yurconic.com,Yurconic,yurconic.com,+16106701508,"5910 Hamilton Blvd. Allentown, PA 181065910 Hamilton Blvd Allentown, PA 18106101 N Cedar Crest Blvd Allentown, PA 18104",Allentown,PA,"=""18104""",30,6411000000,6411,"[""Google Analytics"",""Google Font API"",""Google Tag Manager"",""Gravity Forms"",""Modernizr"",""WordPress"",""jQuery"",""jQuery Migrate""]",43100883,catchall,3/7/2022,47c1904826d67bf8d84793180ff35c6e,N/A,N/A,85%,Insurance Agents: Brokers: and Service,https://facebook.com/johnyurconicagency,https://linkedin.com/company/1284538,https://twitter.com/johnyurconicagy,https://instagram.com/johnyurconicagency,https://youtube.com/user/johnyurconicagency
Caleb Elledge,Caleb,Elledge,General Manager/chief Operating Officer,celledge@seabrookislandrealestate.com,Discover Seabrook,seabrookislandrealestate.com,+18437687777,N/A,Charleston,SC,N/A,30,5700128,65,"[""Apache"",""Bootstrap"",""CloudFlare"",""Font Awesome"",""Google Font API"",""Google Tag Manager"",""Ionicons"",""MailChimp"",""Slick"",""WP Rocket"",""WordPress"",""jQuery"",""jQuery Migrate"",""jQuery UI""]",45783495,catchall,12/9/2021,5c4bd0b50cb69fa411ceabf9b18c4495,N/A,N/A,85%,Real Estate,https://facebook.com/discoverseabrookisland,N/A,https://twitter.com/seabrook_sc,https://instagram.com/seabrook_sc,N/A
Carson Faris,Carson,Faris,Chief Executive Officer,cfaris@phoenixif.com,Phoenixif,phoenixif.com,+19493817600,"4000 MacArthur Blvd., Suite 550, Newport Beach, CA 92660",unknown city,unknown state,"=""92660""",30,7000000,65,[],40443506,catchall,8/5/2024,3f6a644abbf2687fc4388f4592fb97e5,N/A,N/A,85%,Real Estate,N/A,https://linkedin.com/company/phoenix-investment-funds,N/A,N/A,N/A
Christy Freeland,Christy,Freeland,CEO,cfreeland@greystar.com,Greystar,greystar.com,+17192431002,"750 Bering Drive, Suite 300 Houston, TX 77075",Charlotte,NC,"=""77075""",7500,110000000,65,"[""Google Maps"",""Google Tag Manager""]",39772246,catchall,12/11/2023,a7c478fad416c97add0e13d0dfa5eef8,N/A,N/A,85%,Real Estate,https://facebook.com/greystarapts,https://linkedin.com/company/greystar,https://twitter.com/greystarapts,N/A,https://youtube.com/user/greystarapartments
Charles Levine,Charles,Levine,"Managing Director, Operations",charles.levine@northbridgecre.com,Northbridgecre,northbridgecre.com,+16177021604,"401 Edgewater Place, Suite 265 Wakefield, MA 01880",Boston,MA,"=""01880""",5,2000000,65,"[""Google Font API"",""Squarespace"",""Typekit"",""YUI"",""jQuery"",""webpack""]",40157797,catchall,7/22/2022,025e7d0af683020019464bd77d20792f,N/A,N/A,85%,Real Estate,N/A,https://linkedin.com/company/northbridge-cre-advisors,N/A,N/A,N/A
Charlie Nelson,Charlie,Nelson,Ceo- Retirement,charlie.nelson@voya.com,Voya,voya.com,+18888545950,"230 Park Avenue New York, NY 10169",unknown city,unknown state,"=""10169""",7500,6411000000,6411,"[""Acquia Cloud"",""CloudFlare"",""Drupal"",""Google Analytics"",""Google Tag Manager"",""Modernizr"",""RequireJS"",""Varnish"",""Visual Website Optimizer"",""jQuery"",""jQuery Migrate""]",44029741,catchall,N/A,65bfe49c0446fc5b5f5cdfa0e96fcc52,N/A,N/A,85%,Insurance Agents: Brokers: and Service,https://facebook.com/pages/voya/215714485107840,https://linkedin.com/company/voya,https://twitter.com/voya,https://instagram.com/voya,https://youtube.com/channel/ucbwnajd8kl_rqoztp0mvxtw
Charlie Lewis,Charlie,Lewis,CEO,charlie@thekingdomgroup.co,Kingdom Group,thekingdomgroup.co,N/A,N/A,unknown city,unknown state,N/A,30,6411000000,6411,"[""IIS"",""Microsoft ASP.NET"",""jQuery""]",41454754,catchall,N/A,cdf0ac730aeed79f749ecbdb1628528b,N/A,N/A,85%,Insurance Agents: Brokers: and Service,N/A,N/A,N/A,N/A,N/A
Chad Hennings,Chad,Hennings,Coo/partner,chennings@rubiconrep.com,Rubicon Representation,rubiconrep.com,+12147484579,"Suite 400 Dallas, TX 75219",Dallas,TX,"=""75219""",30,5700128,65,"[""Google Analytics"",""Google Font API"",""Modernizr"",""Nginx"",""Revslider"",""TweenMax"",""Twitter Emoji (Twemoji)"",""WordPress"",""jQuery"",""jQuery Migrate""]",40940815,catchall,5/17/2022,d03aad2727810b66480880b09b50167c,N/A,N/A,85%,Real Estate,https://facebook.com/rubiconrep,https://linkedin.com/company/rubicon-representation,https://twitter.com/dallasnews,https://instagram.com/rubiconrep,https://youtube.com/user/tdmnvid
Colleen Herlihy,Colleen,Herlihy,CFO,cherlihy@herlihygroup.com,Herlihy Insurance Group,herlihygroup.com,+15084719687,"51 Pullman St Worcester, MA 01606",Worcester,MA,"=""01606""",30,8000000,6411,"[""Flywheel"",""Font Awesome"",""Google Analytics"",""Google Font API"",""Google Tag Manager"",""Gravity Forms"",""Hotjar"",""Modernizr"",""OWL Carousel"",""Slick"",""WordPress"",""Yoast SEO"",""jQuery"",""jQuery Migrate"",""jQuery UI""]",36384366,catchall,8/9/2023,374e6d7b8842983625d1c4af5bd40f4b,N/A,N/A,85%,Insurance Agents: Brokers: and Service,https://facebook.com/herlihyinsurancegroup,https://linkedin.com/company/herlihy-insurance-group,N/A,N/A,N/A
Cheryl Koch,Cheryl,Koch,President/ceo,cheryl@agencymanagement.com,Agencymanagement,agencymanagement.com,+19166686034,N/A,unknown city,unknown state,N/A,30,6411000000,6411,"[""Nginx""]",44493679,catchall,N/A,fc5476218d6635d708bd33fbb5799661,N/A,N/A,85%,Insurance Agents: Brokers: and Service,N/A,N/A,N/A,N/A,N/A
Christopher Hill,Christopher,Hill,Chief Operating Officer,chill@maib.tas.gov.au,Maib,maib.tas.gov.au,N/A,N/A,Calabasas,CA,N/A,N/A,563040,6411,"[""Bootstrap"",""Google Analytics"",""Google Font API"",""Modernizr"",""Nginx"",""Twitter Emoji (Twemoji)"",""WordPress"",""Yoast SEO"",""jQuery""]",45362133,catchall,N/A,faa45c3e40d5c4734811c6c008a8db15,N/A,N/A,85%,Insurance Agents: Brokers: and Service,N/A,N/A,N/A,N/A,N/A
Ching Kevin,Ching,Kevin,CEO,ching.kevin@sothebysrealty.com,Sothebys,sothebysrealty.com,+18668994747,N/A,Bellevue,WA,N/A,30,1000000,6411,"[""Google Analytics"",""Google Font API"",""Google Tag Manager"",""IIS"",""Microsoft ASP.NET"",""Prototype"",""VideoJS"",""jQuery"",""jQuery Migrate"",""jQuery UI""]",41503813,catchall,N/A,ce0b9aa978c9e8379d9c63b2fb70c1f8,N/A,N/A,85%,Insurance Agents: Brokers: and Service,https://facebook.com/sothebysrealty,https://linkedin.com/company/sothebys-international-realty,https://twitter.com/sothebysrealty,https://instagram.com/sothebysrealty,https://youtube.com/user/sothebysrealty
Chip Holland,Chip,Holland,CEO &amp; President,chip@lhui.com,Lhui,lhui.com,+12063978012,"601 Union Street, Suite 2723 Seattle, WA 98101",Seattle,WA,"=""98101""",N/A,0,64,"[""Apache"",""Font Awesome"",""Google Analytics"",""Google Font API"",""Google Tag Manager"",""Twitter Emoji (Twemoji)"",""WordPress"",""Yoast SEO"",""jQuery"",""jQuery Migrate""]",36626269,catchall,7/12/2022,7950cb25e16c623cd7beffa9a8dca5ce,N/A,N/A,85%,Insurance Agents: Brokers: and Service,N/A,N/A,N/A,N/A,N/A
Cory Holland,Cory,Holland,President / CEO,cholland@thedanaco.com,Dana,thedanaco.com,+18004453030,"12345 University Ave, Ste 300 Des Moines, IA 5032512345 University Ave Ste 300 Des Moines , IA 50325",Des Moines,IA,"=""50325""",30,6411000000,6411,"[""Google Analytics"",""Google Tag Manager"",""LiteSpeed"",""Modernizr"",""SiteCatalyst"",""ZURB Foundation"",""animate.css"",""jQuery""]",44439829,catchall,N/A,3c4454e768615136809300ec20499144,N/A,N/A,85%,Insurance Agents: Brokers: and Service,https://facebook.com/thedanaco,https://linkedin.com/company/the-dana-company,https://twitter.com/thedanaco,N/A,N/A
Chris Chandler,Chris,Chandler,Director of Operations,chris.chandler@floridapeninsula.com,Florida Peninsula,floridapeninsula.com,+17279430407,N/A,Boca Raton,FL,N/A,125,6411000000,6411,"[""Bootstrap"",""DNN"",""Font Awesome"",""Google Tag Manager"",""IIS"",""Microsoft ASP.NET"",""jQuery"",""jQuery Migrate"",""jQuery UI""]",43845437,catchall,N/A,c40bd74a9b9f961a858ada9c742dc444,N/A,N/A,85%,Insurance Agents: Brokers: and Service,https://facebook.com/florida-peninsula-insurance-company-235113879839066,https://linkedin.com/company/florida-peninsula-insurance,https://twitter.com/flpeninsco,N/A,https://youtube.com/user/floridapeninsulains
Chris Trueblood,Chris,Trueblood,CFO,chris@faring.com,Faring,faring.com,N/A,N/A,Los Angeles,CA,N/A,5,1638653,65,"[""Bootstrap"",""Java"",""New Relic"",""Nginx"",""Segment"",""TweenMax"",""jQuery""]",45699256,catchall,11/10/2021,c08e3eba85b31ec9b57a4355f85da2a0,N/A,N/A,85%,Real Estate,N/A,N/A,N/A,N/A,N/A
Chris Nassetta,Chris,Nassetta,President and CEO,chris@finnandstone.com,And,finnandstone.com,+18772422544,"377 Center Hill Road Manchester Center, VT 05255",Springfield,VT,"=""05255""",5,4000000,6411,"[""Apache"",""Font Awesome"",""Google Font API"",""WordPress"",""jQuery"",""jQuery Migrate""]",39327014,catchall,8/19/2023,b7de7656e4821a17e6271f8f01b36e55,N/A,N/A,85%,Insurance Agents: Brokers: and Service,https://facebook.com/finnandstone,N/A,N/A,N/A,N/A
Chris Haines,Chris,Haines,Director of Business Operations,chris.haines@avatarholdings.com,Avatar Holdings,avatarholdings.com,N/A,N/A,Coral Gables,FL,N/A,350,330651020,65,[],37989256,catchall,N/A,5fbfc43301d261f28dd4bfd43b50e6fd,N/A,N/A,85%,Real Estate,N/A,N/A,N/A,N/A,N/A
Chris Johnson,Chris,Johnson,"Partner, Chairman, CEO",chris.johnson@jabenefits.com,Ja Benefits,jabenefits.com,+18006635960,"1630 H Street Bedford, Indiana 474211630 H Street Bedford, IN 47421",Bedford,IN,"=""47421""",5,6411000000,6411,"[""Backbone.js"",""CloudFlare"",""DataTables"",""Facebook"",""Fingerprintjs"",""Font Awesome"",""Google Analytics"",""Google Font API"",""Google Tag Manager"",""Mautic"",""MediaElement.js"",""Nginx"",""Revslider"",""TweenMax"",""Twitter Emoji (Twemoji)"",""Underscore.js"",""WP Engine"",""WordPress"",""jQuery"",""jQuery Migrate""]",37190465,catchall,6/14/2023,8e0565c08f86944e3e0c0adb669a493f,N/A,N/A,85%,Insurance Agents: Brokers: and Service,https://facebook.com/jabenefits,https://linkedin.com/company/jabenefits,https://twitter.com/jabenefits,N/A,N/A
Chris Kent,Chris,Kent,Chief Operating Officer,chris.kent@selectaccount.com,Further Learning,selectaccount.com,+13128861807,"1750 Yankee Doodle Road Eagan, MN 55121",Eagan,MN,"=""55121""",300,20000000,6411,"[""AddToAny"",""Apache"",""Bootstrap"",""CloudFlare"",""Google Analytics"",""Google Font API"",""Google Tag Manager"",""Incapsula"",""Java"",""Marketo"",""New Relic"",""Twitter Emoji (Twemoji)"",""WordPress"",""Yoast SEO"",""jQuery"",""jQuery Migrate""]",44621151,catchall,2/13/2021,01bb3b5cab74d82c2675f4bd25e33b7a,N/A,N/A,85%,Insurance Agents: Brokers: and Service,https://facebook.com/hellofurther,https://linkedin.com/company/hellofurther,https://twitter.com/hellofurther,N/A,N/A
Chris Randall,Chris,Randall,CEO,chris.randall@ultrariskadvisors.com,Ultra Risk Advisors,ultrariskadvisors.com,+14252135171,N/A,Bellevue,WA,N/A,30,6411000000,6411,"[""AddThis"",""Adobe DTM"",""Apache"",""FancyBox"",""Google Analytics"",""NextGEN Gallery"",""PHP"",""Select2"",""WordPress"",""jQuery"",""jQuery Migrate""]",36778577,catchall,3/8/2024,1f18df3653852ed3cef264568aaede50,N/A,N/A,85%,Insurance Agents: Brokers: and Service,N/A,https://linkedin.com/company/2891429,https://twitter.com/ultrariskinc,N/A,N/A
Chris Reno,Chris,Reno,COO,chris.reno@prowritersins.com,Prowriters Insurance Services,prowritersins.com,+14843212339,"41 Leopard Road, Suite 301 Paoli, PA 19301",Paoli,PA,"=""19301""",30,5700128,64,"[""CloudFlare"",""Facebook"",""Font Awesome"",""Google Analytics"",""Google Font API"",""Google Tag Manager"",""Hogan.js"",""Moment.js"",""Nginx"",""WordPress"",""Yoast SEO"",""jQuery"",""particles.js""]",40088733,catchall,3/7/2022,0e70b9c7dc8f9914e6d8f2db5dd8a7d7,N/A,N/A,85%,Insurance Agents: Brokers: and Service,https://facebook.com/prowritersins,https://linkedin.com/company/prowriters,https://twitter.com/prowritersins,N/A,N/A
Chris Schaan,Chris,Schaan,Operations Director,chris.schaan@irisndt.com,Irisndt,irisndt.com,+12253845588,"905 Georgia Avenue Deer Park, TX 77536",Houston,TX,"=""77536""",750,150000000,13,"[""DreamWeaver"",""Google Analytics"",""IIS"",""PHP""]",41414875,catchall,N/A,a12165e75dc13b2e729d45ef969026db,N/A,N/A,85%,Oil and Gas Extraction,N/A,N/A,N/A,N/A,N/A
Christian Ulbrich,Christian,Ulbrich,Global CEO,christian.ulbrich@jll.com,Jll,jll.com,+13122282795,St. Louis Virginia,Chicago,IL,N/A,5000,6800000000,65,"[""AddThis"",""Adobe DTM"",""Adobe Experience Manager"",""Akamai"",""Apache"",""Bootstrap"",""Ensighten"",""Google Font API"",""jQuery"",""reCAPTCHA""]",40665030,catchall,N/A,bb1b01f825a71705318f473a71a2a039,N/A,N/A,85%,Real Estate,https://facebook.com/jll,https://linkedin.com/company/jll,https://twitter.com/jll,N/A,https://youtube.com/user/joneslanglasalle
Christina Baker,Christina,Baker,Director of National Retail Operations,christina.baker@firstcal.net,First,firstcal.net,N/A,N/A,Long Beach,CA,N/A,N/A,0,65,"[""Nginx""]",39779569,catchall,N/A,37f4019173adfa4dfbfc291cd7f715f4,N/A,N/A,85%,Real Estate,N/A,N/A,N/A,N/A,N/A
Christina Mott,Christina,Mott,Chief Operating Officer,christina.mott@haakeins.com,Marsh Mclennan Agency,haakeins.com,+16175872321,"1340 Treat Blvd, Walnut Creek, CA, 94597",Overland Park,KS,"=""94597""",125,64000000,64,"[""Cowboy"",""Express"",""Google Analytics"",""Google Tag Manager"",""Incapsula"",""TweenMax"",""Vue.js""]",43602211,catchall,10/2/2023,2311d24cc24bcec85dcc7341f620cc2f,N/A,N/A,85%,Insurance Agents: Brokers: and Service,https://facebook.com/marshglobal,https://linkedin.com/company/marsh-&-mclennan-agency-llc-midwest-region,https://twitter.com/mmauppermidwest,N/A,https://youtube.com/user/themarshchannel
Christina Mott,Christina,Mott,Chief Operating Officer,christina.mott@mma-bpg.com,Marsh Mclennan Agency,mma-bpg.com,+18588755406,"1340 Treat Blvd, Walnut Creek, CA, 94597",Durham,NC,"=""94597""",3000,371472581,64,"[""Cowboy"",""Express"",""Google Analytics"",""Google Tag Manager"",""Incapsula"",""TweenMax"",""Vue.js""]",36773735,catchall,10/2/2023,5afb315860808da20e8891929689366f,N/A,N/A,85%,Insurance Agents: Brokers: and Service,N/A,https://linkedin.com/company/mmasouthwest,https://twitter.com/mmauppermidwest,N/A,N/A
Christina Mott,Christina,Mott,Chief Operating Officer,christina.mott@rutherfoord.com,Marsh Mclennan Agency,rutherfoord.com,+18588755406,"1340 Treat Blvd, Walnut Creek, CA, 94597",Alexandria,VA,"=""94597""",30,128780,6411,"[""Cowboy"",""Express"",""Google Analytics"",""Google Tag Manager"",""Incapsula"",""TweenMax"",""Vue.js""]",37737324,catchall,10/2/2023,adfc52fe352b2bbadf52d3d76d0f5dcc,N/A,N/A,85%,Insurance Agents: Brokers: and Service,N/A,https://linkedin.com/company/mmasouthwest,https://twitter.com/mmauppermidwest,N/A,N/A
Christine Hurtsellers,Christine,Hurtsellers,Chief Executive Officer,christine.hurtsellers@voya.com,Voya,voya.com,+18888545950,"230 Park Avenue New York, NY 10169",unknown city,unknown state,"=""10169""",7500,6411000000,6411,"[""Acquia Cloud"",""CloudFlare"",""Drupal"",""Google Analytics"",""Google Tag Manager"",""Modernizr"",""RequireJS"",""Varnish"",""Visual Website Optimizer"",""jQuery"",""jQuery Migrate""]",44029761,catchall,N/A,902163568dbcae104490b4987171b5b5,N/A,N/A,85%,Insurance Agents: Brokers: and Service,https://facebook.com/pages/voya/215714485107840,https://linkedin.com/company/voya,https://twitter.com/voya,https://instagram.com/voya,https://youtube.com/channel/ucbwnajd8kl_rqoztp0mvxtw
Christine Schumacher,Christine,Schumacher,Director of Operations,christine@jsovaluationgroup.com,Jso Valuation Group,jsovaluationgroup.com,+18478666660,N/A,Chicago,IL,N/A,5,1638653,65,"[""RequireJS"",""Sentry"",""Wix""]",40374335,catchall,8/16/2021,b89bb777cc430c62fd3d9640c7f206f9,N/A,N/A,85%,Real Estate,https://facebook.com/jsovaluationgroup,https://linkedin.com/in/john-o-dwyer-mai-ai-grs-mrics-b19507a,N/A,https://instagram.com/jsovaluationgroup,N/A
Christopher Ahearn,Christopher,Ahearn,"Chief Executive Officer, Oakwood",christopher.ahearn@mapletree.com.sg,Mapletree Investments Pte,mapletree.com.sg,+16469086300,N/A,unknown city,unknown state,N/A,750,1500000000,65,"[""Google Analytics"",""Lightbox"",""Microsoft ASP.NET"",""Modernizr"",""jQuery"",""jQuery Migrate""]",43119992,catchall,N/A,6db9000a99f8347ee8ea57aa32060287,N/A,N/A,85%,Real Estate,N/A,N/A,N/A,N/A,N/A
Charles Huang,Charles,Huang,"Chief Operating Officer, Chief Compliance Officer - Gcs",chuang@griffincapital.com,Griffin Capital Corporate,griffincapital.com,+19492709303,"1520 E. Grand Avenue El Segundo, CA 90245",El Segundo,CA,"=""90245""",125,40000000,65,"[""Facebook"",""Google Analytics"",""Hotjar"",""Pardot"",""ShareThis"",""jQuery""]",40244154,catchall,10/2/2023,19b25825b18c208f5d7c4d767717874c,N/A,N/A,85%,Real Estate,N/A,https://linkedin.com/company/griffin-capital,N/A,N/A,N/A
Chuck Trogdon,Chuck,Trogdon,CEO - Renberg-,chuck@rtisca.com,Renberg - Trogdon & Cavale,rtisca.com,+15592611314,N/A,Fresno,CA,N/A,N/A,0,64,"[""Font Awesome"",""Google Font API"",""Modernizr"",""Revslider"",""Twitter Emoji (Twemoji)"",""WordPress"",""jQuery"",""jQuery Migrate"",""prettyPhoto""]",36390685,catchall,5/14/2024,d83a0421ad8dea0578a3ff9b2f77305b,N/A,N/A,85%,Insurance Agents: Brokers: and Service,N/A,N/A,N/A,N/A,N/A
Cindy Brandtjen,Cindy,Brandtjen,Director of Operations,cindy@primedconsulting.com,Primed Consulting,primedconsulting.com,+17328981925,"406 Potter Blvd, Brightwaters, NY 11718",Ocean,NJ,"=""11718""",30,9200000,64,[],42998619,catchall,4/9/2021,36385e069468bc1d0cdbfde63c7ca329,N/A,N/A,85%,Insurance Agents: Brokers: and Service,https://facebook.com/primed-consulting-322578941183678,N/A,https://twitter.com/primedconsult,N/A,https://youtube.com/channel/ucbt0nixsufqab5bseftgzlq
Cindy Nolan,Cindy,Nolan,Director of Human Resources and Finance ...,cindy@thenolancompany.com,Nolan,thenolancompany.com,+19138883500,"Suite 200 Overland Park, KS662108900 Indian Creek Parkway, Suite 200 Overland Park, Kansas 66210",Overland Park,KS,"=""66210""",30,3000000,6411,"[""RequireJS"",""Sentry"",""Wix""]",45832511,catchall,1/10/2022,79dc0a310d1639bbd1040dcbefe6a3bc,N/A,N/A,85%,Insurance Agents: Brokers: and Service,N/A,N/A,N/A,N/A,N/A
Craig Justice,Craig,Justice,President & CEO,cjustice@tricoastinsurance.com,Clj Insurance Services,tricoastinsurance.com,+18054656910,"79 E Daily Drive, Suite 197 Camarillo, CA 93010",unknown city,unknown state,"=""93010""",5,1638653,6411,"[""Google Font API"",""Polyfill"",""RequireJS"",""Sentry"",""Wix""]",42667776,catchall,N/A,d2af2eda1c849a6f26548df2f1b55a52,N/A,N/A,85%,Insurance Agents: Brokers: and Service,https://facebook.com/cljins,https://linkedin.com/company/cljins,N/A,N/A,N/A
Christopher Kyhl,Christopher,Kyhl,COO,ckyhl@qci.com,Qci,qci.com,+15154404960,"4300 Westown Pkwy Suite 150 West Des Moines, IA 50266",Des Moines,IA,"=""50266""",350,6411000000,6411,"[""Bootstrap"",""Google Analytics"",""Google Tag Manager"",""IIS"",""Microsoft ASP.NET"",""jQuery""]",37082528,catchall,N/A,471b065afc970f369316ec4b5cb0efcd,N/A,N/A,85%,Insurance Agents: Brokers: and Service,https://facebook.com/teamqci,https://linkedin.com/company/qci,N/A,N/A,N/A
Clint Strauch,Clint,Strauch,COO,clint.strauch@floridapeninsula.com,Florida Peninsula,floridapeninsula.com,+17279430407,N/A,Boca Raton,FL,N/A,125,6411000000,6411,"[""Bootstrap"",""DNN"",""Font Awesome"",""Google Tag Manager"",""IIS"",""Microsoft ASP.NET"",""jQuery"",""jQuery Migrate"",""jQuery UI""]",43845438,catchall,N/A,83880a8d90a446b4bbaf6a3150f45ebf,N/A,N/A,85%,Insurance Agents: Brokers: and Service,https://facebook.com/florida-peninsula-insurance-company-235113879839066,https://linkedin.com/company/florida-peninsula-insurance,https://twitter.com/flpeninsco,N/A,https://youtube.com/user/floridapeninsulains
Charles Midkiff,Charles,Midkiff,Chairman and CEO,cmidkiff@orionpartnersinc.com,Orion Partners At Intero Real Estate,orionpartnersinc.com,+12105259079,"Suite 100 San Antonio, TX 78258",Los Altos,CA,"=""78258""",5,4000000,65,"[""Google Font API"",""Liquid Web"",""Nginx"",""Revslider"",""Twitter Emoji (Twemoji)"",""WordPress"",""jQuery"",""jQuery Migrate"",""jQuery UI""]",37237541,catchall,8/5/2024,687523b6c9c48fe924cffdb6b3e7abc4,N/A,N/A,85%,Real Estate,N/A,N/A,N/A,N/A,N/A
Christina Mott,Christina,Mott,Chief Operating Officer,cmott@howaltmcdowell.com,Marsh Mclennan Agency,howaltmcdowell.com,+18588755406,"1340 Treat Blvd, Walnut Creek, CA, 94597",Sioux Falls,SD,"=""94597""",125,9756600,6411,"[""Cowboy"",""Express"",""Google Analytics"",""Google Tag Manager"",""Incapsula"",""TweenMax"",""Vue.js""]",45018821,catchall,4/9/2021,a871fa18108ead2bd3023bb523ea97cd,N/A,N/A,85%,Insurance Agents: Brokers: and Service,N/A,https://linkedin.com/company/mmasouthwest,https://twitter.com/mmauppermidwest,N/A,N/A
Christina Mott,Christina,Mott,Chief Operating Officer,cmott@mma-ne.com,Marsh Mclennan Agency,mma-ne.com,+18588755406,"1340 Treat Blvd, Walnut Creek, CA, 94597",Cape May,NJ,"=""94597""",30,128780,6411,"[""Cowboy"",""Express"",""Google Analytics"",""Google Tag Manager"",""Incapsula"",""TweenMax"",""Vue.js""]",42602024,catchall,10/2/2023,3efb9601e0b64f2f78da3b4047d2fd84,N/A,N/A,85%,Insurance Agents: Brokers: and Service,N/A,https://linkedin.com/company/mmasouthwest,https://twitter.com/mmauppermidwest,N/A,N/A
Collin Wedel,Collin,Wedel,Vice President| Director of Operations,collinw@chivaroli.com,Chivaroli,chivaroli.com,+18053713680,"Suite 101 Westlake Village, CA 91362",Westlake Village,CA,"=""91362""",30,6411000000,6411,"[""Font Awesome"",""Google Analytics"",""Google Font API"",""Nginx"",""Revslider"",""Twitter Emoji (Twemoji)"",""WP Engine"",""WordPress"",""Yoast SEO"",""jQuery"",""jQuery Migrate"",""jQuery UI""]",38385568,catchall,N/A,5e36a76735947200cbd79087a6bfc5da,N/A,N/A,85%,Insurance Agents: Brokers: and Service,https://facebook.com/chivaroli-associates-insurance-services-456678127769843,https://linkedin.com/company/chivaroli-&-associates-insurance-services,https://twitter.com/chivaroli_ins,N/A,https://youtube.com/user/chivaroliinsurance
Connie Morrow,Connie,Morrow,COO,conniem@conoverinsurance.com,Conover Life,conoverinsurance.com,+18009673555,"3911 Castlevale Rd., Ste.201 Yakima, WA 98902",Yakima,WA,"=""98902""",30,24000000,6411,"[""CloudFlare"",""Font Awesome"",""Google Analytics"",""HubSpot"",""Matomo"",""React"",""jQuery"",""jQuery Migrate""]",42932999,catchall,N/A,d049cbb5986b6d7f3f6f17123ef2ee42,N/A,N/A,85%,Insurance Agents: Brokers: and Service,N/A,N/A,N/A,N/A,N/A
David Cornell,David,Cornell,Chief Operating Officer,cornell@ipgmhc.com,"Investment Property Group, Mhc",ipgmhc.com,+19494402300,N/A,unknown city,CA,N/A,30,5700128,65,"[""Apache"",""MooTools"",""PHP"",""Ubuntu""]",40948179,catchall,10/2/2023,9ca647d0483abd08fcd74b1e8d2cab6d,N/A,N/A,85%,Real Estate,N/A,N/A,N/A,N/A,N/A
Claudia Perfors,Claudia,Perfors,"Director, Field Services Ohio Hearing Operations",cperfors@avizentrisk.com,York Risk,avizentrisk.com,+18663919675,"101 Hudson Street, Suite 3500, Jersey City, NJ 07302",Dublin,OH,"=""07302""",7500,6411000000,6411,"[""CloudFlare"",""Crazy Egg"",""Facebook"",""Font Awesome"",""Google Analytics"",""Google Tag Manager"",""Nginx"",""Pardot"",""Twitter Emoji (Twemoji)"",""WP Engine"",""WordPress"",""Yoast SEO"",""jQuery"",""jQuery Migrate"",""jQuery UI""]",39369563,catchall,10/19/2021,0491f3cdeafb687b55b23222663b11c3,N/A,N/A,85%,Insurance Agents: Brokers: and Service,N/A,https://linkedin.com/company/york-risk-services-group,N/A,https://instagram.com/yorkrisk,https://youtube.com/channel/ucg7qgrn0awyokjephcb2tpg
Christopher A. Phelps,Christopher,Phelps,Senior Vice President – Chief of Staff & CFO,cphelps@cogc.com,Citation Oil & Gas,cogc.com,+14054750371,"2609 S County Rd 1242 Midland, TX 79706",Dickinson,ND,"=""79706""",5,27760320,13,"[""Font Awesome"",""Google Font API"",""Sucuri"",""Twitter Emoji (Twemoji)"",""WordPress"",""jQuery"",""jQuery Migrate"",""jQuery UI""]",37115686,catchall,6/23/2023,cf1cdc34df24507d8b0a53fa9c64c283,N/A,N/A,85%,Oil and Gas Extraction,N/A,N/A,N/A,N/A,N/A
Craig Mense,Craig,Mense,CFO,craig.mense@cna.com,C N A Insurance Pa,cna.com,N/A,N/A,Reading,PA,N/A,75,13105000000,6411,"[""Bootstrap"",""Font Awesome"",""Google Analytics"",""Google Maps"",""Google Tag Manager"",""IBM WebSphere Portal"",""Java"",""Marketo"",""jQuery"",""jQuery UI""]",36240557,catchall,3/7/2022,b1c2328a760766bb339ff4f18a9f8abb,N/A,N/A,85%,Insurance Agents: Brokers: and Service,N/A,N/A,N/A,N/A,N/A
Craig Robinson,Craig,Robinson,"Managing General Agent, CEO",craig@missiontripinsurance.com,Trip Cancellation Insurance Global Health Plans Group,missiontripinsurance.com,+16038436662,"1840 Deer Creek Rd. # 201 Monument, CO 801321840 Deer Creek Rd #201 Monument, CO USA",Monument,CO,N/A,N/A,0,64,"[""CloudFlare"",""Google Font API"",""LiteSpeed"",""Twitter Emoji (Twemoji)"",""WordPress"",""jQuery"",""jQuery Migrate""]",36476261,catchall,7/19/2024,72deaae1010d9a5b9ea7ab65c485a972,N/A,N/A,85%,Insurance Agents: Brokers: and Service,https://facebook.com/missiontripinsurance,https://linkedin.com/company/insurance-consultants-international,https://twitter.com/insuremissions,N/A,N/A
Craig Wasilchak,Craig,Wasilchak,President/ceo,craig@mysbgllc.com,Website,mysbgllc.com,+16783151083,N/A,Acworth,GA,N/A,5,1638653,64,"[""RequireJS"",""Sentry"",""Wix""]",37325966,catchall,8/19/2023,49e888643264788863a48e991a505178,N/A,N/A,85%,Insurance Agents: Brokers: and Service,https://facebook.com/southernbenefitgroupllc,https://linkedin.com/in/craigschilling1,https://twitter.com/tcraigschilling,N/A,N/A
Craig Reed,Craig,Reed,COO,craig.reed@medlytix.com,Medlytix,medlytix.com,+16785072301,"Suite 100 Roswell, Ga 30076",Roswell,GA,"=""30076""",30,6411000000,6411,"[""Apache"",""Google Analytics"",""PHP"",""Twitter Emoji (Twemoji)"",""Ubuntu"",""WordPress"",""Yoast SEO"",""jQuery"",""jQuery Migrate""]",39107005,catchall,N/A,891feba856407e2a229416e29250167d,N/A,N/A,85%,Insurance Agents: Brokers: and Service,N/A,N/A,N/A,N/A,N/A
Christi Reynolds,Christi,Reynolds,Director of Operations,creynolds@acumenadv.com,Acumen Advisors,acumenadv.com,+15633594935,N/A,Cedar Rapids,IA,N/A,30,2000000,6411,"[""CloudFlare"",""Google Analytics"",""Google Font API"",""Google Tag Manager"",""Matomo"",""MediaElement.js"",""Revslider"",""WP Engine"",""WordPress"",""jQuery""]",43288226,catchall,5/8/2024,534f7b180ca15654e7e5e7a9a3ee81b0,N/A,N/A,85%,Insurance Agents: Brokers: and Service,https://facebook.com/acumenbenefitadvisors,https://linkedin.com/company/acumen---benefit-advisors,https://twitter.com/the_wise_choice,https://instagram.com/acumenthewisechoice,N/A
Charlotte Shafer,Charlotte,Shafer,Managing Director of Operations,cshafer@equitypointe.com,Equity Pointe Asset Services,equitypointe.com,(949) 861-4280,N/A,unknown city,CA,N/A,30,5700128,65,"[""Drupal"",""Microsoft ASP.NET"",""jQuery""]",46029286,catchall,N/A,1f801782247e9b27619114b73220c152,N/A,N/A,85%,Real Estate,N/A,N/A,N/A,N/A,N/A
"Christopher Snyder, Clu, Chfc",Christopher,Chfc,CEO,csnyder@spectrumdirect.com,Spectrum Direct Insurance Services,spectrumdirect.com,N/A,N/A,unknown city,unknown state,N/A,30,6411000000,6411,[],38706012,catchall,N/A,d45f9e50b0476e11e9d31119f0c40dba,N/A,N/A,85%,Insurance Agents: Brokers: and Service,N/A,N/A,N/A,N/A,N/A
Calvin Trout,Calvin,Trout,Owner / Director of Operations,ctrout@mcroilandgas.com,Mcr Oil And Gas,mcroilandgas.com,+14325528720,"2034 McAulty Rd Houston, TX 70342",North Port,FL,"=""70342""",30,13000000,13,"[""Polyfill"",""RequireJS"",""Sentry"",""Wix""]",42679586,catchall,N/A,f55cfc1cc6360c27f94695d212bc9b3c,N/A,N/A,85%,Oil and Gas Extraction,https://facebook.com/mcr-oil-and-gas-1819370848133100,https://linkedin.com/company/mcroilandgas,N/A,N/A,https://youtube.com/channel/uclcmt5piev9kzpp9uzddspq
Curtis James,Curtis,James,Chief Executive Officer,curtis@suncommercialre.com,Suncommercial,suncommercialre.com,+17026831801,"810-850 S. Durango Drive, Las Vegas, NV 89145, USA5021 E. Craig Road, Las Vegas, NV 89115, USASuite 140 Las Vegas, NV 891486960 Westcliff Drive, Las Vegas, NV 89145, USA",Las Vegas,NV,N/A,N/A,1400000,65,"[""AddThis"",""Apache"",""Bootstrap"",""Font Awesome"",""Google Font API"",""Ionicons"",""PHP"",""Revslider"",""Slick"",""WordPress"",""Yoast SEO"",""jQuery"",""jQuery Migrate"",""jQuery UI""]",42625980,catchall,8/5/2024,46299208f81309c8dea5dcb8ad6baac8,N/A,N/A,85%,Real Estate,https://facebook.com/suncommercialre,https://linkedin.com/company/sun-commercial-real-estate,https://twitter.com/suncommercialre,https://instagram.com/suncommercialre,N/A
Chet Warner,Chet,Warner,Chief Operating Officer,cwarner@paretoenergy.com,Pareto Energy,paretoenergy.com,+12029030758,"2101 L Street NW, Suite 800 Washington, DC 20037",Washington,DC,"=""20037""",30,5700128,39,"[""Apache"",""Facebook"",""Font Awesome"",""Google Analytics"",""Google Font API"",""Modernizr"",""OWL Carousel"",""PHP"",""Raphael"",""Revslider"",""Twitter Emoji (Twemoji)"",""WordPress"",""animate.css"",""jQuery"",""jQuery Migrate"",""jQuery UI""]",42534849,catchall,10/2/2023,1d97192e55ee580785e5e4322b0d9279,N/A,N/A,85%,Miscellaneous Manufacturing Industries,https://facebook.com/pages/pareto-energy-ltd/169780086424790,https://linkedin.com/company/pareto-energy,https://twitter.com/paretomicrogrid,N/A,N/A
Cynthia J. Wachs,Cynthia,Wachs,Chief Operating Officer/vice President,cynthia.wachs@dlsaunders.com,Dl Saunders Real Estate,dlsaunders.com,+16177282757,N/A,Boston,MA,N/A,5,5200000,65,"[""Gentoo"",""Google Font API"",""OpenResty"",""PHP""]",38915404,catchall,N/A,e0fde51ead20c0de351e463ca9366818,N/A,N/A,85%,Real Estate,N/A,N/A,N/A,N/A,N/A
Dana Blickensderfer,Dana,Blickensderfer,Director of Marketing and Online Operations,dana@infinityabstracttitle.com,Infinity Abstract & Title,infinityabstracttitle.com,+18139310840,N/A,Tampa,FL,N/A,30,0,65,[],44991180,catchall,8/7/2023,86d73949466f466d8ea35f790c07313a,N/A,N/A,85%,Real Estate,https://facebook.com/infinityabstracttitle,N/A,https://twitter.com/abstracttitle,N/A,N/A
D Ang,D,Ang,CEO,dang@lgamerica.com,America,lgamerica.com,+13018104889,N/A,Frederick,MD,N/A,75,68292000000,6411,"[""Bootstrap"",""Facebook"",""Google Analytics"",""Google Font API"",""Google Tag Manager"",""IIS"",""Microsoft ASP.NET"",""Modernizr"",""Underscore.js"",""jQuery""]",45813846,catchall,N/A,77cde996ded7a1902a0744cdb2416790,N/A,N/A,85%,Insurance Agents: Brokers: and Service,https://facebook.com/policies/cookies,N/A,https://twitter.com/en/privacy,https://help.instagram.com/519522125107875,N/A
Dan Sparks,Dan,Sparks,Chief Operating Officer,dan@hanesproperties.com,Hanes Properties,hanesproperties.com,+18188658305,"14220 Francisquito Avenue, Baldwin Park, CA 91706",Westlake Village,CA,"=""91706""",30,519920,65,[],36507947,catchall,N/A,a7bf91c4d1d9cccedf252ad9903274b3,N/A,N/A,85%,Real Estate,N/A,N/A,N/A,N/A,N/A
Daniel Rivera,Daniel,Rivera,Chief Operating Officer,daniel@arkadgroup.co,Arkad Group Real Estate,arkadgroup.co,+17325109792,"107 Park Ave 2nd fl. Plainfield, NJ 07060",Plainfield,NJ,"=""07060""",5,1638653,65,"[""Apache"",""Hammer.js"",""Jimdo"",""Modernizr"",""RequireJS"",""jQuery"",""jQuery UI""]",42234520,catchall,N/A,0b806b126d3b408a6d03b0c69a181242,N/A,N/A,85%,Real Estate,https://facebook.com/arkadgroup,https://linkedin.com/in/arkadceo,N/A,N/A,N/A
Daniel Barnard,Daniel,Barnard,Chief Operating Officer,daniel@centrusenergy.com,Centrus Energy,centrusenergy.com,+18652417443,"Suite 800 Bethesda, Maryland 20817",Bethesda,MD,"=""20817""",750,1300000000,13,"[""Flickity"",""Google Analytics"",""Google Tag Manager"",""Modernizr"",""Nginx"",""Pantheon"",""Select2"",""Twitter Emoji (Twemoji)"",""Varnish"",""WordPress"",""Yoast SEO"",""jQuery"",""jQuery Migrate""]",37354459,catchall,N/A,62e0a047746579b1b76d8e92f7674a2b,N/A,N/A,85%,Oil and Gas Extraction,https://facebook.com/centrusenergycorp,https://linkedin.com/company/centrusenergy,https://twitter.com/centrus_energy,N/A,N/A
"Danielle Wade, Cpcu, Cic",Danielle,Cic,Chief Operating Officer,danielle@jsausa.com,Jackson Sumner,jsausa.com,N/A,N/A,Boone,NC,N/A,125,6411000000,6411,"[""Font Awesome"",""Google Font API"",""Lightbox"",""Modernizr"",""Nginx"",""Varnish"",""WordPress"",""jQuery"",""jQuery Migrate""]",46087284,catchall,N/A,6fddb9a6b00b8a72096d75dd0561d7bd,N/A,N/A,85%,Insurance Agents: Brokers: and Service,N/A,N/A,N/A,N/A,N/A
Danielle Graves,Danielle,Graves,COO,danielle@milnergroup.com,Milner Group,milnergroup.com,+16782521704,"P.O. Box 491090 Lawrenceville, GA 30049922-A Hurricane Shoals Rd Lawrenceville, GA 30043",Lawrenceville,GA,"=""30043""",30,8000000,6411,"[""CloudFlare"",""Contentful"",""Google Analytics"",""Google Font API"",""Google Maps"",""Hotjar"",""Intercom"",""Netlify"",""Segment""]",45365903,catchall,1/20/2022,c320659ee0806b5e6b87c4a338283a26,N/A,N/A,85%,Insurance Agents: Brokers: and Service,https://facebook.com/milnergroup,https://linkedin.com/company/850793,https://twitter.com/themilnergroup,N/A,https://youtube.com/channel/uckgtj5tiqlcl3n5vdz0yema
Daniel Holt,Daniel,Holt,"Coo, Property Manager, Realtor",daniel@portfolioproperties.com,Portfolio Properties,portfolioproperties.com,+16614311414,"4420 Easton Drive Suite #101 Bakersfield, CA 93309",Bakersfield,CA,"=""93309""",5,1299800,65,"[""Apache"",""CloudFlare"",""Facebook"",""Google Analytics"",""Google Font API"",""HubSpot"",""Twitter Emoji (Twemoji)"",""WordPress"",""Yoast SEO"",""animate.css"",""jQuery"",""jQuery Migrate"",""prettyPhoto""]",40514581,catchall,10/2/2023,bd0413bf206c9cba884edb661d495e6d,N/A,N/A,85%,Real Estate,https://facebook.com/pages/portfolio-properties/150267218346465,https://linkedin.com/in/marysawyer,N/A,N/A,N/A
Dan Miller,Dan,Miller,Chief Financial Officer,dan@planwithmillerfinancial.com,Miller Financial Group,planwithmillerfinancial.com,+17126234642,"505 North 3rd Street Red Oak, Iowa 51566",Red Oak,IA,"=""51566""",N/A,0,64,"[""Bootstrap"",""CloudFlare"",""Drupal"",""Glyphicons"",""Google Analytics"",""Google Tag Manager"",""Leaflet"",""Lightbox"",""Nginx"",""jQuery""]",37202018,catchall,12/2/2021,4094c606abc226862b8d6dba92d239ba,N/A,N/A,85%,Insurance Agents: Brokers: and Service,https://facebook.com/miller-financial-group-1529527917322897,https://linkedin.com/in/daniel-s-miller-cfp®-870b7859,https://twitter.com/planwithmfg,N/A,N/A
Dante Parrini,Dante,Parrini,COO,dante.parrini@glatfelter.com,Glatfelter's,glatfelter.com,+17705362400,"96 South George Street York, PASuite 520, York, PA 17401-1434.96 South George Street York, PA 17401",York,PA,"=""17401""",30,2000000,6411,"[""Bootstrap"",""CloudFlare"",""DreamWeaver"",""Google Analytics"",""IIS"",""Microsoft ASP.NET"",""Microsoft SharePoint"",""jQuery""]",46466221,catchall,3/7/2022,50b1d11d177fdb26f19aef1cf886793f,N/A,N/A,85%,Insurance Agents: Brokers: and Service,https://facebook.com/glatfelterbeyondpaper,https://linkedin.com/company/glatfelter,https://twitter.com/glatfelter,N/A,N/A
Daryll Howard,Daryll,Howard,Chief Operating Officer,daryll.howard@hawkwoodenergy.com,Hawkwood Energy,hawkwoodenergy.com,+12128789207,"2700 Earl Rudder Freeway, Suite 1800  | College Station, TX 77845",unknown city,unknown state,"=""77845""",30,2000000,13,"[""Google Font API"",""Squarespace"",""Typekit"",""YUI"",""webpack""]",46111836,catchall,3/2/2023,fe97cb1a8ba85b1fdb32e2e9b5e501de,N/A,N/A,85%,Oil and Gas Extraction,N/A,N/A,N/A,N/A,N/A
Dave,Dave,Dave,Director of Operations,dave@bronsonamerica.com,Bronson America,bronsonamerica.com,+16077230012,N/A,Binghamton,NY,N/A,N/A,0,65,"[""Apache""]",42738990,catchall,N/A,afd93cec53a4f49cc2a3793efc361d66,N/A,N/A,85%,Real Estate,N/A,N/A,N/A,N/A,N/A
Dave Hector,Dave,Hector,CEO,dave@crestinc.com,Crestinc,crestinc.com,N/A,N/A,New York,NY,N/A,30,1366800,65,"[""Apache"",""jQuery"",""jQuery Migrate""]",40731333,catchall,8/5/2024,26acf1873d3d885e21ee2003e14cc327,N/A,N/A,85%,Real Estate,N/A,N/A,N/A,N/A,N/A
Dave Dekker,Dave,Dekker,CFO,dave@denalicommercial.com,Denali Commercial,denalicommercial.com,+19075642451,N/A,unknown city,unknown state,N/A,5,1638653,65,"[""Nginx"",""Select2"",""WP Engine"",""WordPress"",""jQuery"",""jQuery Migrate"",""jQuery UI"",""reCAPTCHA""]",40461935,catchall,6/13/2023,c9a663a2d957ee019be4458480aa7cac,N/A,N/A,85%,Real Estate,N/A,N/A,N/A,N/A,N/A
Dave Davis,Dave,Davis,Owner/cfo,dave@txheritage.com,Txheritage,txheritage.com,+12143409700,"10610 Metric Drive, Suite 124 Dallas, Texas 75243",West Point,TX,"=""75243""",5,65000000,65,"[""Font Awesome"",""Google Font API"",""Hammer.js"",""Modernizr"",""Twitter Emoji (Twemoji)"",""WordPress"",""animate.css"",""jQuery"",""jQuery Migrate""]",40739837,catchall,8/19/2023,df084700fa9ec481c709b522c887eb96,N/A,N/A,85%,Real Estate,https://facebook.com/texas-heritage-surveying-140456439321575,https://linkedin.com/company/texas-heritage-surveying-llc,N/A,N/A,N/A
David Anidjar,David,Anidjar,CEO,david.anidjar@bhomes.com,Homes,bhomes.com,N/A,N/A,Sacramento,CA,N/A,750,75000000,65,"[""Bootstrap"",""CloudFlare"",""Criteo"",""DNN"",""Facebook"",""FancyBox"",""Google Analytics"",""Google Font API"",""Google Tag Manager"",""LiveChat"",""PHP"",""Twitter typeahead.js"",""YouTube"",""jQuery"",""jQuery Migrate"",""reCAPTCHA""]",38581819,catchall,8/5/2024,00d1413c91ddd750e5b96f84709d9f6e,N/A,N/A,85%,Real Estate,https://facebook.com/betterhomesuae,https://linkedin.com/company/better-homes-llc,https://twitter.com/betterhomesuae,https://instagram.com/betterhomesuae,N/A
David Dunlap,David,Dunlap,President and Chief Executive Officer,david.dunlap@fastorqllc.com,Superior Energy Services,fastorqllc.com,+17136542200,"1215 Peters Road Harvey, LA 70058",Broussard,LA,"=""70058""",5,3396250,13,"[""Font Awesome"",""Google Analytics"",""IIS"",""Microsoft ASP.NET"",""SWFObject"",""Slick"",""jQuery""]",38767279,catchall,3/2/2023,663fb58826e1cafe9e862454c0c22af8,N/A,N/A,85%,Oil and Gas Extraction,https://facebook.com/superiorenergy,https://linkedin.com/company/superior-energy-services,N/A,N/A,N/A
David Eslick,David,Eslick,Chairman and CEO,david.eslick@mma-mw.com,Marsh Mclennan Agency,mma-mw.com,+18588755406,"1340 Treat Blvd, Walnut Creek, CA, 94597",Dayton,OH,"=""94597""",125,0,64,"[""Cowboy"",""Express"",""Google Analytics"",""Google Tag Manager"",""Incapsula"",""TweenMax"",""Vue.js""]",41476676,catchall,11/9/2021,eaf35158d85f3e5f859465ebc6741c87,N/A,N/A,85%,Insurance Agents: Brokers: and Service,N/A,https://linkedin.com/company/mmasouthwest,https://twitter.com/mmauppermidwest,N/A,N/A
David Horowitz,David,Horowitz,Chief Operating Officer,david@quadfund.com,Quad Group,quadfund.com,+12122012121,N/A,Lynbrook,NY,N/A,N/A,9370200,65,"[""RequireJS"",""Sentry"",""Wix""]",43661016,catchall,10/2/2023,f555a116e6902699dc8f2b3977c996a9,N/A,N/A,85%,Real Estate,N/A,N/A,N/A,N/A,N/A
David Jd,David,Jd,COO,david@sarenne.com,Sarenne Capital,sarenne.com,+18052323330,"Suite 200 Westlake Village, CA 91361",unknown city,CA,"=""91361""",5,7000000,65,[],44657285,catchall,N/A,891854d12317391c3b7fb46c88c3e96c,N/A,N/A,85%,Real Estate,N/A,https://linkedin.com/in/fredbin,N/A,N/A,N/A
David Smith,David,Smith,"Ceo, Europe",david.smith@mwfinc.com,Mwf,mwfinc.com,+18772765550,"1209 Nevada St. #200 Redlands, CA 92374",Los Angeles,CA,"=""92374""",300,75000000,65,"[""Bootstrap"",""CloudFlare"",""CodeIgniter"",""Font Awesome"",""Google Analytics"",""PHP"",""jQuery""]",37753310,catchall,8/5/2024,0f61ae14c2943154e605ce56bd6f90b2,N/A,N/A,85%,Real Estate,https://facebook.com/mwfinc,https://linkedin.com/company/mountain-west-financial-inc-,https://twitter.com/mwfinancial,https://instagram.com/mountainwestfinancial,https://youtube.com/user/mwfinctraining
Dylan Bates,Dylan,Bates,Chief Executive Officer,dbates@ati.com,Ati Title,ati.com,N/A,N/A,Cincinnati,OH,N/A,5,1045660,65,"[""Acquia Cloud"",""AddThis"",""Bootstrap"",""Drupal"",""New Relic"",""Nginx"",""Varnish"",""jQuery""]",36984549,catchall,8/5/2024,3e58925eb848d69c3095e77996560814,N/A,N/A,85%,Real Estate,N/A,N/A,N/A,N/A,N/A
Donny Bearden,Donny,Bearden,Chief Operating Officer,dbearden@americlearrx.com,Americlear Rx,americlearrx.com,+18882619710,"P.O. Box 605 Union City, TN 38281",Union City,TN,"=""38281""",350,6411000000,6411,"[""Font Awesome"",""Google Analytics"",""Google Font API"",""Modernizr"",""Nginx"",""Twitter Emoji (Twemoji)"",""WordPress"",""jQuery"",""jQuery Migrate"",""jQuery UI""]",46454105,catchall,N/A,a9a37e36e2a4132018a10eac169a874d,N/A,N/A,85%,Insurance Agents: Brokers: and Service,https://facebook.com/americlearrx,https://linkedin.com/company/americlear-rx,https://twitter.com/americlearrx,N/A,N/A
Diane Chaidez,Diane,Chaidez,Director of Operations,dchaidez@fiestainsurance.com,Fiesta Auto,fiestainsurance.com,+18668846015,N/A,Dallas,TX,N/A,N/A,0,6411,"[""Facebook"",""Font Awesome"",""Google Analytics"",""Google Tag Manager"",""Gravity Forms"",""Nginx"",""Twitter Emoji (Twemoji)"",""WP Engine"",""WordPress"",""ZURB Foundation"",""jQuery"",""jQuery Migrate""]",38297484,catchall,N/A,4172f6ef6c4e7b4df84427b0e61bd1f8,N/A,N/A,85%,Insurance Agents: Brokers: and Service,N/A,N/A,N/A,N/A,N/A
Daniel Cho,Daniel,Cho,"Director of Operations, Leed Green Associate, Certified Investment Professional",dcho@exitrealtylandmark.com,Real,exitrealtylandmark.com,+12126169888,"22 East 21st Street 5th Fl New York, NY 10010",New York,NY,"=""10010""",300,65000000,65,"[""Bootstrap"",""Contentful"",""Cowboy"",""Express"",""Google Analytics"",""Google Maps"",""Mixpanel"",""jQuery""]",40177369,catchall,N/A,c2ca70f5ec9155e905ef4c098c476a1d,N/A,N/A,85%,Real Estate,https://facebook.com/exitrealtylandmark,N/A,N/A,https://instagram.com/exitrealtylandmark,https://youtube.com/user/exitrealtyvideos
Darren Cohen,Darren,Cohen,CEO,dcohen@hiramcohen.com,Hiram Cohen,hiramcohen.com,+15167427209,N/A,Williston Park,NY,N/A,30,4000000,6411,"[""Facebook"",""Google Analytics"",""Google Font API"",""Google Tag Manager"",""Modernizr"",""Nginx"",""Twitter Emoji (Twemoji)"",""WP Engine"",""WordPress"",""jQuery""]",37564877,catchall,11/9/2021,86a2fb751c23bc8a5244340f050eb4be,N/A,N/A,85%,Insurance Agents: Brokers: and Service,N/A,N/A,N/A,N/A,N/A
Drew Cunningham,Drew,Cunningham,Partner & Chief Operating Officer (industry Experience: +25 Years,dcunningham@dilweg.com,Dilweg,dilweg.com,+19193132758,"5310 South Alston Avenue, Ste 210 Durham, NC 27713",Durham,NC,"=""27713""",30,2090400,65,"[""All in One SEO Pack"",""Google Analytics"",""Google Font API"",""Modernizr"",""Nginx"",""PHP"",""Twitter Emoji (Twemoji)"",""WordPress"",""ZURB Foundation"",""jQuery""]",41552724,catchall,10/2/2023,f49a95d15490fce668621d4a7423ae56,N/A,N/A,85%,Real Estate,N/A,N/A,https://twitter.com/hff,N/A,N/A
Ddi Bits,Ddi,Bits,Chief Executive Officer,ddi@ddibits.com,Diamond Drilling Industries,ddibits.com,+18175615040,N/A,Fort Worth,TX,N/A,30,0,13,"[""All in One SEO Pack"",""Apache"",""Font Awesome"",""Google Font API"",""Google Maps"",""Lightbox"",""MediaElement.js"",""OWL Carousel"",""Revslider"",""Select2"",""Twitter Emoji (Twemoji)"",""Ubuntu"",""WooCommerce"",""WordPress"",""YouTube"",""ZURB Foundation"",""jQuery"",""jQuery Migrate"",""prettyPhoto""]",38675808,catchall,3/2/2023,42d74a2cf237fe83253372f01eaedd0e,N/A,N/A,85%,Oil and Gas Extraction,https://facebook.com/sonny.beauchamp,N/A,N/A,N/A,N/A
Dave Durgin,Dave,Durgin,Director of Commercial Operations,ddurgin@kicboston.com,Boston Real Estate Investment,kicboston.com,+16177903900,"347 Congress Street Boston, MA 02210347 Congress Street Boston, Massachusetts 02210",Boston,MA,"=""02210""",30,13200000,65,"[""Google Analytics"",""Google Font API"",""Nginx"",""TweenMax"",""Twitter Emoji (Twemoji)"",""WP Engine"",""WordPress"",""Yoast SEO"",""jQuery"",""jQuery Migrate""]",38732867,catchall,4/9/2021,a9988a58222463ff044e2ae10676338e,N/A,N/A,85%,Real Estate,N/A,N/A,N/A,N/A,N/A
Dean Austin,Dean,Austin,Chief Executive Officer,dean@austinfg.com,Austin Benefits Group,austinfg.com,+12485945533,"38500 Woodward Ave. Suite 360, Bloomfield Hills, MI 48304",Bloomfield Hills,MI,"=""48304""",N/A,0,64,"[""AdRoll"",""Apache"",""Bootstrap"",""Chart.js"",""Facebook"",""Font Awesome"",""Google Analytics"",""Google Font API"",""Google PageSpeed"",""Lightbox"",""Modernizr"",""OpenSSL"",""PHP"",""Revslider"",""TweenMax"",""Twitter Emoji (Twemoji)"",""WordPress"",""jQuery"",""jQuery Migrate""]",37504727,catchall,1/10/2022,d297060bf80ff06bb4663eca1db403af,N/A,N/A,85%,Insurance Agents: Brokers: and Service,https://facebook.com/austinbenefitsgroup,https://linkedin.com/company/austin-benefits-group,https://twitter.com/austinbenefits,https://instagram.com/austinbenefits,https://youtube.com/channel/ucjez1nmfamcb50yocmrfegw
Dean Watson,Dean,Watson,"Chief Operating Officer and Executive Vice President, Subsea Lifecycle Services",dean.watson@akersolutions.com,Aker Solutions History And Heritage Corporate,akersolutions.com,+17136233076,"Parmelia House, Level 8, 191 St Georges Terrace, WA 6000, Perth",unknown city,unknown state,N/A,5000,3600000000,13,"[""Azure"",""CloudFlare"",""Google Analytics"",""Google Tag Manager"",""Modernizr"",""jQuery""]",43753430,catchall,4/18/2023,3743325462dede7c085bb4f79bc8014e,N/A,N/A,85%,Oil and Gas Extraction,https://facebook.com/akersolutions,https://linkedin.com/company/aker-solutions,https://twitter.com/akersolutions,N/A,N/A
Debra Delaney,Debra,Delaney,President & CEO,debra.delaney@channelmanagement.com,Cci: Channel Management Solutions,channelmanagement.com,N/A,N/A,Novato,CA,N/A,125,6411000000,6411,"[""Apache""]",39850434,catchall,5/14/2024,e5f3f4852d36f1447c41d6abe63cfdca,N/A,N/A,85%,Insurance Agents: Brokers: and Service,N/A,N/A,N/A,N/A,N/A
Dee Cardillo,Dee,Cardillo,"– Coo, Haan, Inc",dee@mintsinsurance.com,Mints,mintsinsurance.com,+18568250417,"10 E Main Street, Suite E Millville, NJ 08332",Millville,NJ,"=""08332""",30,2000000,6411,"[""Apache"",""Font Awesome"",""Google Analytics"",""Google Font API"",""Modernizr"",""Revslider"",""Twitter Emoji (Twemoji)"",""WordPress"",""YouTube"",""jQuery"",""jQuery Migrate"",""jQuery UI""]",43305170,catchall,3/7/2022,61e9322de672f97f936b9d5d963feab6,N/A,N/A,85%,Insurance Agents: Brokers: and Service,https://facebook.com/mintsinsurance,https://linkedin.com/company/mints-insurance-agency,https://twitter.com/mintsinsurance,https://instagram.com/mintsinsurance,https://youtube.com/channel/uct3jlwxwjxahovkey8wgsoa
Denise Sim,Denise,Sim,Director of Operations,denise@ehrenfeldinsurance.com,Ehrenfeld Michael Company Insurance Agents And Brokers,ehrenfeldinsurance.com,+16198143065,N/A,San Diego,CA,N/A,30,9000000,6411,"[""Apache"",""Font Awesome"",""Google Analytics"",""Google Font API"",""MediaElement.js"",""Modernizr"",""TweenMax"",""Twitter Emoji (Twemoji)"",""WordPress"",""jQuery"",""jQuery Migrate"",""jQuery UI""]",42593653,catchall,4/9/2021,bd21f1a2bed2c6bcb04899fc0cd9ca94,N/A,N/A,85%,Insurance Agents: Brokers: and Service,N/A,N/A,N/A,N/A,N/A
Dennis Davis,Dennis,Davis,CEO - Ksci,dennis.davis@tvland.com,"And Drama, While Shows Including",tvland.com,+12014226630,N/A,New York,NY,N/A,N/A,7000000,65,"[""Google Tag Manager"",""New Relic"",""Nginx"",""React"",""webpack""]",41694558,catchall,8/5/2024,c11a465e9e70f08a8cb35cd7054fcfbf,N/A,N/A,85%,Real Estate,https://facebook.com/tvland,N/A,https://twitter.com/tvland,https://instagram.com/tvland,N/A
Dennis Palmer,Dennis,Palmer,Executive Director of Operations & H.r.,dennispalmer@madamealexander.com,Kll Dolls,madamealexander.com,(800) 229-5192,N/A,New York,NY,N/A,125,82944000,39,"[""Google Analytics"",""Google Font API"",""Modernizr"",""Squarespace"",""Typekit"",""YUI"",""webpack""]",37861608,catchall,6/4/2021,bf235434ffbeb8e49c05d80d90bb0db2,N/A,N/A,85%,Miscellaneous Manufacturing Industries,N/A,N/A,N/A,N/A,N/A
Denyce Curtis,Denyce,Curtis,COO - Usi New England Region,denyce.curtis@usi.biz,Usi,usi.biz,+18666570861,"100 Summit Lake Drive, Suite 400, Valhalla, NY 10595",East Greenwich,RI,"=""10595""",3000,6411000000,6411,"[""Bootstrap"",""Font Awesome"",""Google Analytics"",""Microsoft ASP.NET"",""Modernizr"",""jQuery"",""jQuery Migrate""]",43930912,catchall,N/A,2acf7bfcab8637fb3e86c4758af7bdc7,N/A,N/A,85%,Insurance Agents: Brokers: and Service,https://facebook.com/usiins,https://linkedin.com/company/usi-insurance-services,https://twitter.com/usiins,N/A,N/A
Derek Jones,Derek,Jones,President/ceo,derek@4gr8r8s.com,Jones And Company Insurance Agency,4gr8r8s.com,N/A,N/A,Santa Ana,CA,N/A,30,6411000000,6411,"[""Apache Traffic Server""]",40615051,catchall,8/19/2023,3b1828f42c4d4d7b2e7f3341b7f06d14,N/A,N/A,85%,Insurance Agents: Brokers: and Service,N/A,N/A,N/A,N/A,N/A
Derek Young,Derek,Young,Chief Operating Officer,derekyoung@chcsonline.com,California Hoa Collection Services,chcsonline.com,+18188868603,N/A,Woodland Hills,CA,N/A,5,1638653,65,[],38206555,catchall,N/A,d4e28d3ca452c326aae4f2137b529078,N/A,N/A,85%,Real Estate,https://facebook.com/californiahoacollectionservices,https://linkedin.com/company/california-h-o-a-collection-services,N/A,N/A,N/A
David Eslick,David,Eslick,Chairman and CEO,deslick@benefitsadvisorygroup.biz,Marsh Mclennan Agency,benefitsadvisorygroup.biz,+18588755406,"1340 Treat Blvd, Walnut Creek, CA, 94597",Atlanta,GA,"=""94597""",5,1638653,64,"[""Cowboy"",""Express"",""Google Analytics"",""Google Tag Manager"",""Incapsula"",""TweenMax"",""Vue.js""]",36782603,catchall,6/14/2023,3e5fe9d4e05a7901585d716a56b5ab55,N/A,N/A,85%,Insurance Agents: Brokers: and Service,N/A,https://linkedin.com/company/mmasouthwest,https://twitter.com/mmauppermidwest,N/A,N/A
David Fisch,David,Fisch,Coo/managing Partner,dfisch@vanderbiltappraisal.com,Vanderbilt Appraisal,vanderbiltappraisal.com,+12123813338,"770 Lexington Avenue, 3rd Floor New York, NY 10065",New York,NY,"=""10065""",30,65000000,65,"[""Google Font API"",""Polyfill"",""RequireJS"",""Sentry"",""Wix""]",45112354,catchall,4/8/2022,d020530e5e80d4c2e87cc5f86198ae95,N/A,N/A,85%,Real Estate,N/A,N/A,N/A,N/A,N/A
David French,David,French,COO,dfrench@planethomeliving.com,Planet Home Living,planethomeliving.com,+19493878990,1451 Quail St. Suite No. 204 Newport Beach CA 92660,Newport Beach,CA,"=""92660""",5,65000000,65,"[""Google Analytics"",""Modernizr"",""Nginx"",""PHP"",""jQuery""]",39764920,catchall,12/15/2021,9381dd87616c096f0543d93fed74269e,N/A,N/A,85%,Real Estate,https://facebook.com/planethomelivingca,https://linkedin.com/company/planet-home-living,N/A,N/A,N/A
David M. Gatti,David,Gatti,CEO,dgatti@riskparadigmgroup.com,Risk Paradigm Group,riskparadigmgroup.com,+15123276000,"Suite 307 Burlington, MA 01803",Burlington,MA,"=""01803""",30,6411000000,6411,"[""RackCache"",""Ruby"",""jQuery""]",39745602,catchall,7/12/2022,5818fc9ee9ad66b402b7c0018df93b5b,N/A,N/A,85%,Insurance Agents: Brokers: and Service,N/A,N/A,N/A,N/A,N/A
Daniel Hennig,Daniel,Hennig,Director of Finance,dhennig@housingalexandria.org,Alexandria Housing Development,housingalexandria.org,+17035195204,N/A,Alexandria,VA,N/A,5,1638653,65,"[""Google Analytics"",""Google Font API"",""Squarespace"",""Typekit"",""YUI"",""webpack""]",42091475,catchall,1/10/2022,e337d3c59f8e7016f9ff32ed6988b06c,N/A,N/A,85%,Real Estate,https://facebook.com/alexandriahdc,N/A,https://twitter.com/ahdchousing,https://instagram.com/ahdc_life,N/A
Don Howard,Don,Howard,"Director, Technical Operations",dhoward@chmbinc.com,Chmb,chmbinc.com,+16303901240,"700 La Terraza Blvd. Suite 200 Escondido, CA 92025",Escondido,CA,"=""92025""",300,52000000,6411,"[""Apache"",""Bootstrap"",""Chart.js"",""Font Awesome"",""Google Analytics"",""Google Font API"",""Modernizr"",""TweenMax"",""Twitter Emoji (Twemoji)"",""WordPress"",""jQuery"",""jQuery Migrate""]",39445139,catchall,5/8/2024,3f0acaa671eaba97d8b9ee37b07da2b4,N/A,N/A,85%,Insurance Agents: Brokers: and Service,https://facebook.com/chmbinc,https://linkedin.com/company/chmb---california-healthcare-medical-billing,https://twitter.com/chmbinc,N/A,N/A
Dick Gross,Dick,Gross,Chief Operating Officer,dickg@boydinsurance.com,Boyd,boydinsurance.com,+19417452571,N/A,Bradenton,FL,N/A,30,6411000000,6411,"[""Bootstrap"",""Chart.js"",""Font Awesome"",""Google Analytics"",""Google Tag Manager"",""Lightbox"",""Modernizr"",""Revslider"",""Twitter Emoji (Twemoji)"",""WordPress"",""Yoast SEO"",""jQuery"",""jQuery Migrate""]",37169989,catchall,10/2/2023,e2a78937ede9982539d22c9141f9d3c5,N/A,N/A,85%,Insurance Agents: Brokers: and Service,https://facebook.com/boyd-insurance-investment-services-146266078764960,https://linkedin.com/company/boyd-insurance-&-investment-services,https://twitter.com/boyd_insurance,N/A,N/A
Dina Tango,Dina,Tango,Director of Operations,dina@SpireGroupNY.com,Spire Group,SpireGroupNY.com,+13147136835,"105 Madison Avenue, 4th Floor New York, NY 10016",New York,NY,"=""10016""",125,0,65,"[""Bootstrap"",""Font Awesome"",""Google Font API"",""Google Maps"",""Microsoft ASP.NET"",""Modernizr"",""jQuery"",""jQuery UI"",""prettyPhoto""]",38291316,catchall,N/A,dae44b1984239708d39b5d08102a627e,N/A,N/A,85%,Real Estate,https://facebook.com/spiregroupny,https://linkedin.com/company/spire-group,https://twitter.com/spiregroupny,https://instagram.com/spiregroupny,https://youtube.com/channel/uciggfdb7y7t61xkqe0ypc1g
Dave Corsini,Dave,Corsini,CEO,dl_corsini@farmersmutual.com,Farmers Mutual,farmersmutual.com,+13048693332,N/A,Galax,VA,N/A,5,1638653,6411,"[""CloudFlare"",""Cufon"",""IIS"",""Microsoft ASP.NET"",""jQuery""]",46506925,catchall,N/A,6b62ada6a21a224588b218b7039fe3e0,N/A,N/A,85%,Insurance Agents: Brokers: and Service,N/A,N/A,N/A,N/A,N/A
Demetrios Louziotis,Demetrios,Louziotis,"Partner, COO & Head of Strategy",dlouziotis@pavonisgroup.com,Pavonis Group,pavonisgroup.com,+12813695670,N/A,Stafford,TX,N/A,125,25000000,65,"[""Apache"",""Bootstrap"",""Drupal"",""Google PageSpeed"",""HeadJS"",""PHP""]",37770642,catchall,N/A,53b5a7a63624d9c1783738ceb4aea19e,N/A,N/A,85%,Real Estate,https://facebook.com/pavonisgroup,https://linkedin.com/company/the-pavonis-group-llc,https://twitter.com/pavonisgroup,N/A,N/A
Denise Marrah,Denise,Marrah,Director HR Operations,dmarrah@express.com,Express,express.com,(800) 695-1788,N/A,Sitka,AK,N/A,5,576180,39,[],36637636,catchall,N/A,688ea155a896fccdd830f41a5a46a6ce,N/A,N/A,85%,Miscellaneous Manufacturing Industries,N/A,N/A,N/A,N/A,N/A
Dennis Nelson,Dennis,Nelson,CFO,dnelson@ethanchristopher.com,Ethan Christopher,ethanchristopher.com,+16239799433,"5363 Balboa Blvd., Suite 227 Encino, CA 91316",Los Angeles,CA,"=""91316""",5,2000000,65,"[""Bootstrap"",""Font Awesome"",""Google Font API"",""Joomla"",""Modernizr"",""MooTools"",""Nginx"",""jQuery"",""jQuery Migrate"",""jQuery UI""]",43681232,catchall,11/10/2021,fefa2f0f7faf1974c1a21d9d13a51708,N/A,N/A,85%,Real Estate,N/A,N/A,N/A,N/A,N/A
Dan Nigro,Dan,Nigro,President/ceo,dnigro@badgermutual.com,Badger Mutual,badgermutual.com,+18008377833,"1635 West National Avenue Milwaukee, WI 53204",Milwaukee,WI,"=""53204""",125,14724600,6411,"[""Bootstrap"",""Font Awesome"",""Google Font API"",""Google Tag Manager"",""Material Design Lite"",""Modernizr"",""Nginx"",""Select2"",""Twitter Emoji (Twemoji)"",""WP Engine"",""WordPress"",""Yoast SEO"",""jQuery"",""jQuery Migrate""]",37102403,catchall,3/8/2024,7ab0b48abd618c468a17e85441001ccf,N/A,N/A,85%,Insurance Agents: Brokers: and Service,https://facebook.com/badgermutual,https://linkedin.com/company/badger-mutual-insurance-company,https://twitter.com/badgermutual,https://instagram.com/badgermutual,N/A
Donald Ezzell,Donald,Ezzell,Chief Executive Officer,donald@dallasenergygroup.com,Dallas Energy Group,dallasenergygroup.com,+12142926638,"One Energy Tower, 4925 Greenville Avenue, Suite 200, Dallas, TX 75206",unknown city,unknown state,"=""75206""",N/A,0,13,"[""OpenResty""]",40551830,catchall,N/A,ac6a07d1298cffab08daeeaa1b11c823,N/A,N/A,85%,Oil and Gas Extraction,N/A,N/A,N/A,N/A,N/A
Donald Obrien,Donald,Obrien,Co-owner/cfo,donald@haywardbrownflagler.com,Hayward Brown Flaglerhayward Brown Flagler Hayward Brownflagler,haywardbrownflagler.com,+18882563378,N/A,Bunnell,FL,N/A,30,2000000,6411,"[""Apache"",""Bootstrap"",""Font Awesome"",""Google Analytics"",""Google Font API"",""Google Plus"",""Google Tag Manager"",""OpenSSL"",""PHP"",""WordPress"",""Yoast SEO"",""jQuery"",""reCAPTCHA""]",41844492,catchall,8/7/2023,3998fc8668366802d9488383837e481c,N/A,N/A,85%,Insurance Agents: Brokers: and Service,https://facebook.com/haywardbrownflaglerinc/,https://linkedin.com/company/haywardbrownflagler,https://twitter.com/hbf3200,N/A,N/A
Doug Sexton,Doug,Sexton,"CEO & Doug Sexton Insurance Agency, Inc",doug@sexton-insurance.com,Insurance Faq,sexton-insurance.com,+15152657558,N/A,Des Moines,IA,N/A,N/A,0,64,"[""Apache"",""Google Analytics"",""jQuery""]",37806693,catchall,11/8/2021,129c93cba5cfc4d83e1c1c8185c8d06c,N/A,N/A,85%,Insurance Agents: Brokers: and Service,https://facebook.com/dougsextonagency,https://linkedin.com/company/doug-sexton-insurance-agency,N/A,N/A,N/A
Doug Thompson,Doug,Thompson,COO Insureitforless.com,doug@sillect.com,Sillect Insurance Services,sillect.com,+16612466068,N/A,Bakersfield,CA,N/A,5,6411000000,6411,[],41931273,catchall,N/A,bdeb4823bfe14e22a438755dd1106bba,N/A,N/A,85%,Insurance Agents: Brokers: and Service,N/A,N/A,N/A,N/A,N/A
Doug Steinriede,Doug,Steinriede,CEO Atdovermanagementcorportation,doug-steinriede@dovermgt.com,Dovermgt,dovermgt.com,N/A,N/A,Burbank,CA,N/A,5,541360,65,"[""Apache Traffic Server""]",41786941,catchall,8/5/2024,f834a72b754b1a0bed0f5fafd9d17400,N/A,N/A,85%,Real Estate,N/A,N/A,N/A,N/A,N/A
David Perlstein,David,Perlstein,President – Chief Executive Officer,dperlstein@sbhny.org,Sbh,sbhny.org,+12126507878,"4422 Third Avenue, 4th Floor Bronx, New York 104572016 Bronxdale Avenue Bronx, NY 104624487 Third Avenue Bronx, NY 104574451 Third Avenue, 2nd Floor Bronx, NY 10457260 East 188th Street Bronx, NY 1045",Bronx,NY,"=""10457""",30,45000000,6411,"[""Amazon ELB"",""Apache"",""CloudFlare"",""Font Awesome"",""Google Analytics"",""Google Font API"",""Lightbox"",""PHP"",""Ubuntu"",""WordPress"",""Yoast SEO"",""YouTube"",""jQuery"",""jQuery Migrate"",""prettyPhoto""]",36453136,catchall,11/21/2023,958ec075bc4c94f7df45829233323715,N/A,N/A,85%,Insurance Agents: Brokers: and Service,https://facebook.com/sbhbronx,N/A,https://twitter.com/sbhbronx,N/A,https://youtube.com/user/stbarnabashospital/videos
Dave Petersen,Dave,Petersen,CEO,dpetersen@hiffman.com,Nai Hiffman,hiffman.com,+16306910600,"Suite 400 Oakbrook Terrace, IL",Chicago,IL,N/A,300,35000000,65,"[""Backbone.js"",""Bootstrap"",""Font Awesome"",""Google Analytics"",""Marionette.js"",""Modernizr"",""Nginx"",""Underscore.js"",""WP Engine"",""WordPress"",""Yoast SEO"",""jQuery"",""jQuery Migrate""]",37882683,catchall,8/5/2024,c3239f7c56ec1b5eaee30adeac8c3b3f,N/A,N/A,85%,Real Estate,N/A,https://linkedin.com/company/nai-hiffman,https://twitter.com/naihiffman,N/A,https://youtube.com/user/naihiffman
Diane Prettyman,Diane,Prettyman,"Director, Rcm Operations",dprettyman@chmbinc.com,Chmb,chmbinc.com,+16303901240,"700 La Terraza Blvd. Suite 200 Escondido, CA 92025",Escondido,CA,"=""92025""",300,52000000,6411,"[""Apache"",""Bootstrap"",""Chart.js"",""Font Awesome"",""Google Analytics"",""Google Font API"",""Modernizr"",""TweenMax"",""Twitter Emoji (Twemoji)"",""WordPress"",""jQuery"",""jQuery Migrate""]",39445134,catchall,5/8/2024,fc39a2738e440b7f1e0eefd00ebcd556,N/A,N/A,85%,Insurance Agents: Brokers: and Service,https://facebook.com/chmbinc,https://linkedin.com/company/chmb---california-healthcare-medical-billing,https://twitter.com/chmbinc,N/A,N/A
Dale Quayle,Dale,Quayle,President and CEO,dquayle@rfcode.com,Rf Code,rfcode.com,+18774630756,"9229 Waterford Centre Suite 500 Austin, TX 78758",Mesa,AZ,"=""78758""",125,6925800,39,"[""CloudFlare"",""Facebook"",""Font Awesome"",""HubSpot"",""animate.css"",""jQuery""]",37661427,catchall,10/7/2024,96682b5c7a1aac91e10c1782e4606a18,https://www.linkedin.com/in/dale-quayle-27a8566,N/A,85%,Miscellaneous Manufacturing Industries,https://facebook.com/rfcode,https://linkedin.com/company/rfcode,https://twitter.com/rf_code,N/A,N/A
Dana Ramundt,Dana,Ramundt,President/ceo,dramundt@thedanaco.com,Dana,thedanaco.com,+18004453030,"12345 University Ave, Ste 300 Des Moines, IA 5032512345 University Ave Ste 300 Des Moines , IA 50325",Des Moines,IA,"=""50325""",30,6411000000,6411,"[""Google Analytics"",""Google Tag Manager"",""LiteSpeed"",""Modernizr"",""SiteCatalyst"",""ZURB Foundation"",""animate.css"",""jQuery""]",44439828,catchall,N/A,eb240efce1b8401596e530bd8bf758b3,N/A,N/A,85%,Insurance Agents: Brokers: and Service,https://facebook.com/thedanaco,https://linkedin.com/company/the-dana-company,https://twitter.com/thedanaco,N/A,N/A
Drew Albrecht,Drew,Albrecht,Director of Consulting & Operations,drew@camlife.com,Camlife.com212-695-7495,camlife.com,+19734201661,"875 Avenue of the Americas (@31st Street) Suite 801 New York, NY 10001",New York,NY,"=""10001""",30,5700128,64,"[""Google Analytics"",""Google Code Prettify"",""Google Font API"",""Google Maps"",""Gravity Forms"",""MediaElement.js"",""OpenResty"",""Revslider"",""Segment"",""Twitter Emoji (Twemoji)"",""WordPress"",""Yoast SEO"",""animate.css"",""jQuery"",""jQuery Migrate"",""jQuery UI""]",37737723,catchall,4/9/2021,6227b8f95c0306c59c0ad8ec32fb3bad,N/A,N/A,85%,Insurance Agents: Brokers: and Service,https://facebook.com/cambridgeinsurance,https://linkedin.com/company/cambridge-insurance-advisors,N/A,N/A,N/A
Drew Chambers,Drew,Chambers,Co-ceo &amp; Managing Partner,drew@discoverymidstream.com,Discovery Midstream,discoverymidstream.com,+18179801324,"Suite 335 Dallas, TX 75230",Dallas,TX,"=""75230""",30,7000000,13,"[""Google Analytics"",""Google Maps"",""Nginx"",""Twitter Emoji (Twemoji)"",""WP Engine"",""WordPress"",""jQuery"",""jQuery Migrate""]",36892631,catchall,4/15/2023,1ef4cef0d39b912f6840ae3db6dcd496,N/A,N/A,85%,Oil and Gas Extraction,N/A,N/A,N/A,N/A,N/A
Drew Hawkins,Drew,Hawkins,COO,drew@ryoak.com,Ryoak Real Estate Group,ryoak.com,+12106705666,"1717 Yale Street, Suite 108 Houston, Texas 77008",Houston,TX,"=""77008""",5,1638653,65,"[""RequireJS"",""Sentry"",""Wix""]",37306003,catchall,7/23/2021,87766c14c499fb4bf69ea98b5edfcc39,N/A,N/A,85%,Real Estate,N/A,N/A,N/A,N/A,N/A
David Riddle,David,Riddle,CFO,driddle@gordonmarketing.com,Gordon Marketing,gordonmarketing.com,+13174084234,"20236 Hague Rd, Noblesville, IN 46062",Nobleville,IN,"=""46062""",350,75000000,64,"[""CloudFlare"",""Facebook"",""Font Awesome"",""Google Analytics"",""Google Font API"",""Google Tag Manager"",""Gravity Forms"",""IIS"",""Lazy.js"",""MediaElement.js"",""Modernizr"",""PHP"",""Pinterest"",""Revslider"",""Twitter"",""Twitter Emoji (Twemoji)"",""Underscore.js"",""WordPress"",""Yoast SEO"",""jQuery"",""jQuery Migrate"",""jQuery UI"",""reCAPTCHA""]",36478978,catchall,4/12/2022,7d0306a6308810883f39f2a79255f571,N/A,N/A,85%,Insurance Agents: Brokers: and Service,https://facebook.com/gordonmarketing,https://linkedin.com/company/gordon-marketing,https://twitter.com/gordonmarketing,https://instagram.com/_gordonmarketing,https://youtube.com/user/gordonmarketing
Deborah Saldivar,Deborah,Saldivar,Sr. Director of Operations,dsaldivar@camelotservices.com,Services Overview,camelotservices.com,+12144738999,N/A,Plano,TX,N/A,125,25000000,65,[],43621985,catchall,5/17/2022,0bd795e874295c3890158bd405502478,N/A,N/A,85%,Real Estate,N/A,N/A,N/A,N/A,N/A
Dave Sedgwick,Dave,Sedgwick,Chief Operating Officer,dsedgwick@caretrustreit.com,Caretrust Reit,caretrustreit.com,N/A,N/A,San Clemente,CA,N/A,30,5700128,65,"[""Bootstrap"",""CloudFlare"",""Font Awesome"",""Google Font API"",""Google Tag Manager"",""Modernizr"",""PHP"",""WordPress"",""Yoast SEO"",""jQuery"",""jQuery Migrate""]",45199592,catchall,4/9/2021,ee1bc3d56e82a0e1dabc2f4f71db6dc3,N/A,N/A,85%,Real Estate,N/A,N/A,N/A,N/A,N/A
"Darlene Scla, Cic",Darlene,Cic,Director of Quality Assurance & Claims Operations,dstevens@narisk.com,Risk Services,narisk.com,+18447005376,"P.O. Box 166002 Altamonte Springs, Florida",Altamonte Springs,FL,N/A,125,6411000000,6411,"[""Bootstrap"",""Font Awesome"",""Google Font API"",""Modernizr"",""Mouse Flow"",""Nginx"",""Pantheon"",""Revslider"",""Select2"",""Twitter Emoji (Twemoji)"",""Varnish"",""WordPress"",""jQuery"",""jQuery Migrate"",""jQuery UI""]",43080868,catchall,N/A,fd4b914f7c80c4da421fc3c6b75d2b37,N/A,N/A,85%,Insurance Agents: Brokers: and Service,N/A,https://linkedin.com/company/north-american-risk-services,https://twitter.com/narisk_services,N/A,N/A
Dana Taylor,Dana,Taylor,Director of Claims / Operations,dtaylor@claimconsultantgroup.com,Claim Consultant Group,claimconsultantgroup.com,+15126501033,"308 S. Meadowlark St. Lakeway, Texas 78734",Austin,TX,"=""78734""",30,64000000,64,"[""Google Analytics"",""Google Font API"",""Nginx"",""Revslider"",""Twitter Emoji (Twemoji)"",""WP Engine"",""WordPress"",""Yoast SEO"",""jQuery"",""jQuery Migrate""]",41968373,catchall,N/A,18ab915100bf76570d6a1d9a5c6935d7,N/A,N/A,85%,Insurance Agents: Brokers: and Service,https://facebook.com/claimconsultantgroup,https://linkedin.com/company/3186196,N/A,N/A,N/A
Daniel Torsak,Daniel,Torsak,COO,dtorsak@ParadigmLife.net,Paradigm Life,ParadigmLife.net,+18013036892,"132 Pierpont Ave, Suite 250",Salt Lake City,UT,"=""00250""",125,0,64,[],42894884,catchall,N/A,f839aced6593b95ee4c5e7333f1e299c,N/A,N/A,85%,Insurance Agents: Brokers: and Service,https://facebook.com/paradigmlife,https://linkedin.com/company/paradigm-life,https://twitter.com/paradigmlife,N/A,https://youtube.com/user/paradigmlife
Dave Weisenburger,Dave,Weisenburger,President &amp COO,dweisenburger@ga-ins.com,General Agency,ga-ins.com,+19898174255,"525 E Broadway St Mt. Pleasant, Michigan 48858",Mt. Pleasant,MI,"=""48858""",30,6411000000,6411,"[""Facebook"",""Font Awesome"",""Google Analytics"",""Google Font API"",""Nginx"",""WordPress"",""Yoast SEO"",""YouTube"",""jQuery"",""jQuery Migrate""]",36405101,catchall,11/10/2021,979332df7fd4aff59308bd958fa3be0d,N/A,N/A,85%,Insurance Agents: Brokers: and Service,https://facebook.com/generalagencycompany,N/A,https://twitter.com/generalagencyco,N/A,N/A
Dan Wolfgram,Dan,Wolfgram,Chief Operating Officer,dwolfgram@badgermutual.com,Badger Mutual,badgermutual.com,+18008377833,"1635 West National Avenue Milwaukee, WI 53204",Milwaukee,WI,"=""53204""",125,14724600,6411,"[""Bootstrap"",""Font Awesome"",""Google Font API"",""Google Tag Manager"",""Material Design Lite"",""Modernizr"",""Nginx"",""Select2"",""Twitter Emoji (Twemoji)"",""WP Engine"",""WordPress"",""Yoast SEO"",""jQuery"",""jQuery Migrate""]",37102398,catchall,10/2/2023,63e1078f223043be4df97ce6a0fad713,N/A,N/A,85%,Insurance Agents: Brokers: and Service,https://facebook.com/badgermutual,https://linkedin.com/company/badger-mutual-insurance-company,https://twitter.com/badgermutual,https://instagram.com/badgermutual,N/A
Efrem G Abdouche,Efrem,Abdouche,Director of Operations,eabdouche@lexcorellc.com,Lexcore,lexcorellc.com,N/A,N/A,Allentown,PA,N/A,30,65000000,65,[],39733759,catchall,N/A,9e7a6a5454f0ddd2d45a5b1e18c0fed1,N/A,N/A,85%,Real Estate,N/A,N/A,N/A,N/A,N/A
Earl Williams,Earl,Williams,CFO,earl@fogelman.com,Fogelman,fogelman.com,+18335828004,"6060 Poplar Ave #200 Memphis, Tennessee 38119",Memphis,TN,"=""38119""",300,150000000,65,"[""Font Awesome"",""Google Analytics"",""Google Font API"",""Google Tag Manager"",""Gravatar"",""Nginx"",""Twitter Emoji (Twemoji)"",""WP Engine"",""WordPress"",""Yoast SEO"",""jQuery"",""jQuery Migrate""]",41203326,catchall,4/12/2022,170559794c52de18c9c5f2df64d1b2e3,N/A,N/A,85%,Real Estate,https://facebook.com/fogelmanproperties,https://linkedin.com/company/455285,https://twitter.com/fogelmanprop,https://instagram.com/fogelmanproperties,N/A
Eric Bossuk,Eric,Bossuk,CEO,ebossuk@tcinsurance.com,B & B Premier,tcinsurance.com,+18182953738,N/A,Calabasas,CA,N/A,30,6411000000,6411,"[""AddThis"",""Awesomplete"",""Bootstrap"",""CloudFlare"",""FancyBox"",""Font Awesome"",""Google Font API"",""Google Tag Manager"",""Microsoft ASP.NET"",""Modernizr"",""jQuery"",""jQuery Migrate""]",38787228,catchall,7/12/2022,18efe9dc876c34c40cec113bd84ff9f5,N/A,N/A,85%,Insurance Agents: Brokers: and Service,https://facebook.com/bandbpremierinsurance,N/A,https://twitter.com/bandbpremierins,N/A,N/A
Eric P. Comley,Eric,Comley,CEO and President,ecomley@energynetwork.net,Energy Solutions Network,energynetwork.net,+18816003310,"1309 S. 204th St., Suite 325 Elkhorn, NE 68022",Woodbridge,VA,"=""68022""",300,70000000,13,"[""Elementor"",""Google Font API"",""Gravity Forms"",""Nginx"",""Twitter Emoji (Twemoji)"",""WP Engine"",""WordPress"",""Yoast SEO"",""jQuery"",""jQuery Migrate""]",40511191,catchall,9/6/2024,7552c5a1d1d406d11460560a5d68f8ad,N/A,N/A,85%,Oil and Gas Extraction,https://facebook.com/korileeofficial,https://linkedin.com/in/arvinvohra,N/A,N/A,N/A
Ed Pistilli,Ed,Pistilli,Director of Terminal Operations,ed.pistilli@axeonsp.com,Axeon,axeonsp.com,+17176299708,N/A,San Antonio,TX,N/A,300,300000000,13,"[""Apache"",""Bootstrap"",""CoinHive"",""Google Analytics"",""PHP"",""Twitter Emoji (Twemoji)"",""WordPress"",""Yoast SEO"",""jQuery"",""jQuery Migrate""]",38319844,catchall,3/2/2023,5395201a978fa157d52a315b8ba4f0e4,N/A,N/A,85%,Oil and Gas Extraction,https://facebook.com/pages/axeon-specialty-products/595446633875201,https://linkedin.com/company/axeon-specialty-products,https://twitter.com/axeonsp,N/A,https://youtube.com/channel/ucuf41hrhgvrpfte-bsyfveq/feed
Ed Smith,Ed,Smith,Chief Financial Officer,ed@roswellrealty.net,Georgia Properties,roswellrealty.net,+17704878300,"4651 Sandy Plains Road Suite 100 Roswell, GA 30075100 Mansell Court East Suite 600 Roswell, GA 300763775 Roswell Road Marietta, GA 30062",Roswell,GA,"=""30062""",5,1638653,65,"[""AppNexus"",""Facebook"",""IIS"",""Microsoft ASP.NET"",""Slick"",""jQuery"",""jQuery UI"",""reCAPTCHA""]",36480482,catchall,10/6/2023,d96bf0ccd728eace61df53297c57d02c,N/A,N/A,85%,Real Estate,https://facebook.com/bhhsgeorgiaproperties,https://linkedin.com/company/bhhsgeorgia,https://twitter.com/bhhsgeorgia,https://instagram.com/bhhsgaluxury,https://youtube.com/user/bhhsgeorgia
"Eric P. Ferraris, Cic, Crm, Cltc",Eric,Cltc,Chief Operating Officer,eferraris@toofer.com,Toofer,toofer.com,+18008990093,"43 Danbury Road Wilton, CT 06897",Wilton,CT,"=""06897""",30,6411000000,6411,"[""Apache"",""Facebook"",""Font Awesome"",""Google Analytics"",""Google Font API"",""Java"",""Lightbox"",""Material Design Lite"",""Modernizr"",""Revslider"",""Twitter Emoji (Twemoji)"",""Ubuntu"",""WordPress"",""Yoast SEO"",""jQuery"",""jQuery Migrate"",""reCAPTCHA""]",42129634,catchall,N/A,f77c572b7b29db26bdc47d0ff96258cd,N/A,N/A,85%,Insurance Agents: Brokers: and Service,https://facebook.com/tfiginsure,https://linkedin.com/company/tooher-ferraris-insurance-group,https://twitter.com/tooherferraris,https://instagram.com/tooher_ferraris_insurance,N/A
Eddie Floyd,Eddie,Floyd,Chief Operating Officer,efloyd@rueinsurance.com,Rue,rueinsurance.com,+16095863991,"3812 Quakerbridge Rd Hamilton Township, NJ 08619",Trenton,NJ,"=""08619""",30,9000000,6411,"[""Elementor"",""Font Awesome"",""Google Font API"",""Google Tag Manager"",""Modernizr"",""Nginx"",""Twitter Emoji (Twemoji)"",""Underscore.js"",""WordPress"",""Yoast SEO"",""jQuery"",""jQuery Migrate"",""jQuery UI""]",43497595,catchall,10/2/2023,6ab40f0f47665d11ce045a6bf05a0626,N/A,N/A,85%,Insurance Agents: Brokers: and Service,https://facebook.com/rueinsurance,https://linkedin.com/company/rue-insurance,https://twitter.com/rueinsurance,N/A,N/A
Ed Kash,Ed,Kash,Owner & CEO,ekash@ghdiv.com,G&h Diversified Manufacturing,ghdiv.com,+12817854274,"11919-A Tanner Rd. Houston, TX 77041",Houston,TX,"=""77041""",350,75000000,13,"[""CloudFlare"",""Express"",""Font Awesome"",""Google Analytics"",""Google Tag Manager"",""Webflow"",""jQuery""]",40820586,catchall,12/28/2023,fdac42663890a739b464c6688aee31df,N/A,N/A,85%,Oil and Gas Extraction,N/A,N/A,N/A,N/A,https://youtube.com/channel/ucmszbxswxa8lyn0kb-i-gkq
Elaine Higginbotham,Elaine,Higginbotham,Director of Operations,elaine@thetribaldomicile.com,Delaware,thetribaldomicile.com,+16208792112,"601 High St, Caney Kansas 67333",Caney,KS,"=""67333""",30,0,64,"[""Apache"",""Hammer.js"",""Jimdo"",""Modernizr"",""jQuery"",""jQuery UI""]",40684431,catchall,N/A,2170c4aa81c31648a0477f85687af9f1,N/A,N/A,85%,Insurance Agents: Brokers: and Service,N/A,N/A,N/A,N/A,N/A
Elliot Lawrence,Elliot,Lawrence,Director of Resort Operations,elawrence@onesteamboatplace.com,One Steamboat Placeplease,onesteamboatplace.com,+19708705115,"201 Main Street, Suite 202 Carbondale, CO 81623",Fort Collins,CO,"=""81623""",30,5700128,65,"[""Bootstrap"",""Drupal"",""Google Font API"",""Modernizr"",""New Relic"",""Nginx"",""Pantheon"",""Slick"",""Varnish"",""jQuery"",""jQuery UI"",""reCAPTCHA""]",37673788,catchall,9/10/2024,fb06a54173c1d359d2bf1dd90778977b,N/A,N/A,85%,Real Estate,https://facebook.com/onesteamboatplace,N/A,N/A,https://instagram.com/ospsteamboat,N/A
Beth Elliott,Beth,Elliott,"Director, Finance &amp; Student/academic ...",elizabeth@mgncompany.com,And,mgncompany.com,+19106929251,N/A,Southern Pines,NC,N/A,30,1000000,6411,"[""RequireJS"",""Sentry"",""Wix""]",39613637,catchall,1/10/2022,a5c4fad20211ea1934b2689a86bf2e51,N/A,N/A,85%,Insurance Agents: Brokers: and Service,https://facebook.com/sandhillsins,N/A,N/A,N/A,N/A
Elliot Hicks,Elliot,Hicks,COO,elliot@oberonfuels.com,Oberon Fuels,oberonfuels.com,+16197566470,"2159 India Street, Suite 200 San Diego, CA 92101",San Diego,CA,"=""92101""",5,7000000,13,"[""Apache"",""Font Awesome"",""Google Font API"",""Gravatar"",""Moment.js"",""Twitter"",""Twitter Emoji (Twemoji)"",""WordPress"",""ZURB Foundation"",""jQuery"",""jQuery Migrate""]",45339828,catchall,N/A,f0f3482a587859505b9ffccb954b59f3,N/A,N/A,85%,Oil and Gas Extraction,N/A,N/A,https://twitter.com/oberonfuels,N/A,N/A
Elyse Weise,Elyse,Weise,Chief Operating Officer,elyse@senexgroup.com,Senex Group,senexgroup.com,+18185933535,"Suite 310 Woodland Hills, CA 91364",Woodland Hills,CA,"=""91364""",30,6000000,6411,"[""Flywheel"",""Font Awesome"",""Google Analytics"",""Google Font API"",""Modernizr"",""Revslider"",""Twitter Emoji (Twemoji)"",""WordPress"",""Yoast SEO"",""jQuery"",""jQuery Migrate"",""jQuery UI"",""prettyPhoto""]",36835895,catchall,4/9/2021,6486644cbce65cae4cf4d23aae0a810f,N/A,N/A,85%,Insurance Agents: Brokers: and Service,https://facebook.com/pages/the-senex-group/110529085676866,https://linkedin.com/company/the-senex-group,N/A,N/A,N/A
Ed Mckenna,Ed,Mckenna,President &amp; CEO,emckenna@appliedlng.com,Applied Lng,appliedlng.com,+18184503650,"Inc., 5716 Corsa Ave. Ste. 200, Westlake Village, CA, 91362,",unknown city,unknown state,N/A,30,5700128,13,"[""Google Font API"",""Squarespace"",""Typekit"",""YUI"",""webpack""]",42711215,catchall,8/9/2023,a9c50f8dc4a06889af2b9cbc7647a065,N/A,N/A,85%,Oil and Gas Extraction,N/A,N/A,N/A,N/A,N/A
Emily Most,Emily,Most,COO | Controller,emily.most@valvets.com,Valvets (valued Veterans Llc),valvets.com,+17602086400,"3115 Melrose Drive Suite 130 Carlsbad, CA 92010",Overland Park,KS,"=""92010""",5,4200000,65,[],38793758,catchall,1/10/2022,cc38f21a104174cd2ced7165dd31dbfc,N/A,N/A,85%,Real Estate,N/A,N/A,N/A,N/A,N/A
Erica Martin,Erica,Martin,Agent/ceo,erica@stpeteinsurance.com,Insurance,stpeteinsurance.com,+17278677029,"State Farm Insurance Agent Luis Macias in St. Petersburg FLcustomers in the St. Petersburg, FL1909 34th St North St. Petersburg, FL 33713-3605St. Petersburg, FL 33713-3605",St. Petersburg,FL,"=""33713-3605""",N/A,0,64,"[""Sentry"",""Vue.js"",""webpack""]",42509968,catchall,N/A,7eac6005f4b49845362b9b9133ee5a0d,N/A,N/A,85%,Insurance Agents: Brokers: and Service,https://facebook.com/luis.macias.5011,N/A,N/A,N/A,N/A
Eric Davidson,Eric,Davidson,Chief Operating Officer,eric.davidson@merituscorp.com,Meritus Communities,merituscorp.com,+18138737300,"Am Circle Dr. Suite 120, Tampa FL 33607.2005 Pan Am Circle Dr, Suite 120 Tampa, FL 33607",Tampa,FL,"=""33607""",30,5700128,65,"[""Apache"",""CloudFlare"",""Google Analytics"",""Google Font API"",""PHP"",""Statcounter"",""jQuery"",""prettyPhoto""]",39581109,catchall,10/2/2023,118d22657143754843da3823738b9a75,N/A,N/A,85%,Real Estate,https://facebook.com/merituscorp,https://linkedin.com/company/meritus-corp,https://twitter.com/merituscorp,N/A,N/A
Eric Johnson,Eric,Johnson,COO,eric@gljinsurance.com,Glj Insurance Groupapply,gljinsurance.com,+18008928826,"3850 E. Baseline Road, Suite 121, Mesa, AZ 852063850 E. Baseline Road, Suite 121 Mesa, AZ 85206",Mesa,AZ,"=""85206""",30,6411000000,6411,"[""Google Analytics"",""Google Font API""]",37848836,catchall,10/7/2024,e63b1e0b411a08b21ee88e25c09c2c98,N/A,N/A,85%,Insurance Agents: Brokers: and Service,N/A,https://linkedin.com/company/1210666,https://twitter.com/gljinsurance,N/A,N/A
Eric Kasimov,Eric,Kasimov,Founder &amp; CEO,eric@kazsource.com,Kazsource,kazsource.com,+17047746160,"10815 Sikes Place, Suite 320 Charlotte, NC 28277Suite 320 Charlotte, NC 28277",Charlotte,NC,"=""28277""",5,1638653,64,"[""Facebook"",""Font Awesome"",""Google Analytics"",""Google Font API"",""Nginx"",""PHP"",""WordPress"",""jQuery""]",44315661,catchall,N/A,33cd01eb0c730b0277aacd9500464e38,N/A,N/A,85%,Insurance Agents: Brokers: and Service,https://facebook.com/kazsource,https://linkedin.com/company/kazsource,https://twitter.com/kazsource,https://instagram.com/kazsource,N/A
Eric Bengtson,Eric,Bengtson,Director of Operations and Engineering,eric@liberty-energy.com,Liberty Energy,liberty-energy.com,N/A,N/A,Kings Beach,CA,N/A,N/A,0,5983,"[""Apache""]",44523558,catchall,N/A,81640d3bc807ae181b7856ee08edce8e,N/A,N/A,85%,Fuel Oil Dealers,N/A,N/A,N/A,N/A,N/A
Eric Breon,Eric,Breon,CEO,eric@porchlightpm.com,Vacasa,porchlightpm.com,+18884330068,"850 NW 13th Ave., Portland, OR 97209",North Hero,VT,"=""97209""",N/A,0,65,"[""Amazon Cloudfront"",""Bootstrap"",""Django"",""Font Awesome"",""Google Font API"",""Google Tag Manager"",""Nginx"",""Optimizely"",""Sentry"",""Segment"",""Slick"",""jQuery"",""jQuery UI"",""webpack""]",42654470,catchall,8/5/2024,5a82ba589007e7133487e8522567de0e,N/A,N/A,85%,Real Estate,N/A,N/A,N/A,N/A,N/A
Eric Breon,Eric,Breon,CEO,eric@rangeprop.com,Vacasa,rangeprop.com,+18884330068,"850 NW 13th Ave., Portland, OR 97209",Lorain,OH,"=""97209""",5,1638653,65,"[""Amazon Cloudfront"",""Bootstrap"",""Django"",""Font Awesome"",""Google Font API"",""Google Tag Manager"",""Nginx"",""Optimizely"",""Sentry"",""Slick"",""jQuery"",""jQuery UI"",""webpack""]",36573706,catchall,8/5/2024,fa61338a754e6b4d6633e575c405f539,N/A,N/A,85%,Real Estate,N/A,N/A,N/A,N/A,N/A
Erika Yamaguchi,Erika,Yamaguchi,Finance Director,erika.yamaguchi@g2xenergy.com,G2x Energy,g2xenergy.com,+17132525414,"2366 Sulphur Plant Rd Beaumont, TX 77705",unknown city,unknown state,"=""77705""",300,13000000,13,"[""Apache"",""Bootstrap"",""Font Awesome"",""Google Font API"",""animate.css"",""jQuery"",""jQuery Migrate"",""jQuery UI""]",39736518,catchall,3/2/2023,6f89ae6b5771e8f0fbf7bd8494a8ee6e,N/A,N/A,85%,Oil and Gas Extraction,N/A,https://linkedin.com/company/3214227,N/A,N/A,N/A
Elizabeth Schenk,Elizabeth,Schenk,"Aai, Cpiw, Chief Executive Officer",eschenk@ane-agents.com,Ane,ane-agents.com,+18007009643,N/A,Monmouth Junction,NJ,N/A,125,25000000,64,"[""All in One SEO Pack"",""Apache"",""Font Awesome"",""Google Analytics"",""Google Font API"",""Google Tag Manager"",""Handlebars"",""MailChimp"",""MediaElement.js"",""PHP"",""Revslider"",""TweenMax"",""Twitter Emoji (Twemoji)"",""WordPress"",""jQuery"",""jQuery Migrate"",""jQuery Mobile""]",36234640,catchall,5/16/2024,3ece71ba8e912c41757b8348364edfaa,N/A,N/A,85%,Insurance Agents: Brokers: and Service,https://facebook.com/agencynetworkexchange,https://linkedin.com/company/consolidated-insurance-agents-llc,https://twitter.com/ane_agents,N/A,https://youtube.com/channel/ucdtk5e_05igvmvfy7j-mnjg
Ed Stevens,Ed,Stevens,"Director, Medical Claims Operation",estevens@highpointins.com,Plymouth Rock Group,highpointins.com,+18665915545,"PO Box 920 Lincroft, NJ 07738-0920",Red Bank,NJ,"=""07738-0920""",750,6411000000,6411,"[""Apache Tomcat"",""Bootstrap"",""Java"",""Polyfill"",""Tealium"",""Visual Website Optimizer"",""jQuery"",""jQuery UI""]",44533223,catchall,N/A,fdd2970c197b58751eb9bc7213a03e31,N/A,N/A,85%,Insurance Agents: Brokers: and Service,https://facebook.com/plymouthrockassurance,N/A,https://twitter.com/plymouthrock,N/A,N/A
Eric Stuber,Eric,Stuber,Chief Operating Officer,estuber@peelholland.com,Peel & Holland,peelholland.com,+12705821622,"1120 Main St. Benton, KY 42025",Benton,KY,"=""42025""",30,5086680,6411,"[""AddToAny"",""CloudFlare"",""Font Awesome"",""Google Analytics"",""Google Font API"",""Gravity Forms"",""Lightbox"",""OpenResty"",""Slick"",""Underscore.js"",""WordPress"",""Yoast SEO"",""animate.css"",""jQuery"",""jQuery Migrate"",""reCAPTCHA""]",37785856,catchall,10/2/2023,b892bfdb4b22a6fa64e870eeb52e7af6,N/A,N/A,85%,Insurance Agents: Brokers: and Service,https://facebook.com/peelandholland,N/A,https://twitter.com/risk_advice,N/A,N/A
Ellen Tressler,Ellen,Tressler,Director of Project Management and Operational Strategy,etressler@coastalstatesbank.com,Coastal States Bank,coastalstatesbank.com,+17702034586,N/A,Bluffton,SC,N/A,30,31200000,65,"[""Envoy"",""Google Analytics"",""Google Tag Manager"",""Nginx"",""Play"",""Varnish"",""jQuery""]",37495490,catchall,10/27/2022,0124dc6e7ffb7714f115c30bf13494a4,N/A,N/A,85%,Real Estate,https://facebook.com/coastalstatesbank,N/A,N/A,N/A,N/A
Eugene Lee,Eugene,Lee,Chief Operating Officer,eugene@knotel.com,Knotel,knotel.com,+16469790898,N/A,New York,NY,N/A,300,4200000,65,"[""Amazon Cloudfront"",""Google Analytics"",""Google Font API"",""Google Tag Manager"",""Heap"",""Lodash"",""New Relic"",""Next.js"",""Nginx"",""Sentry"",""webpack""]",39744136,catchall,N/A,4830211321467674616d670c07873726,N/A,N/A,85%,Real Estate,https://facebook.com/knotelhq,N/A,https://twitter.com/knotel,https://instagram.com/knotel,N/A
Evan Greenberg,Evan,Greenberg,— Chairman & CEO,evan.greenberg@chubb.com,Chubb Corporate,chubb.com,+12128274444,St. Louis New Hampshire,Tucson,AZ,N/A,30,4098600,65,"[""AddThis"",""Amazon ELB"",""Bootstrap"",""Google Tag Manager"",""IIS"",""Lodash"",""Microsoft ASP.NET"",""New Relic"",""OWL Carousel"",""TweenMax"",""animate.css"",""jQuery"",""reCAPTCHA""]",36760574,catchall,10/7/2024,9a6021fa9bb7bbe44149b704bb6b80bd,N/A,N/A,85%,Real Estate,https://facebook.com/chubbinsurance/,https://linkedin.com/company/1269,https://twitter.com/chubbna,N/A,N/A
Ed Walker,Ed,Walker,CEO,ewalker@armadaglobal.com,Armadaglobal,armadaglobal.com,+18009704133,N/A,Hunt Valley,MD,N/A,30,4448000000,6411,"[""Bootstrap"",""Chart.js"",""Flywheel"",""Google Analytics"",""Modernizr"",""Pardot"",""Revslider"",""Twitter Emoji (Twemoji)"",""WordPress"",""Yoast SEO"",""animate.css"",""jQuery"",""jQuery Migrate""]",43212474,catchall,N/A,b48731fded6deb9932f8bfed08e5f52b,N/A,N/A,85%,Insurance Agents: Brokers: and Service,https://facebook.com/pages/armadasolutions/174736359258488,https://linkedin.com/company/armadaglobal,https://twitter.com/armadasolutions,N/A,N/A
Francis Decoste,Francis,Decoste,Chief Operating Officer,fdecoste@tradvisors.com,Tra | Todnews,tradvisors.com,+16174822525,"77 Franklin Street, 4th Floor Boston, MA 02110Avenir, 101 Canal St., Boston, MA",Boston,MA,N/A,30,7000000,65,"[""Google Analytics"",""Microsoft ASP.NET"",""jQuery""]",44641759,catchall,N/A,0aaf8b5b523fbb2553f506320fd14a8c,N/A,N/A,85%,Real Estate,N/A,N/A,https://twitter.com/todnews,N/A,N/A
Frank Gibbs,Frank,Gibbs,"Director, Actinide Operations",fgibbs@tri-ad.com,Tri-ad,tri-ad.com,+17607437555,"221 West Crest Street, Suite 300 Escondido, CA 92025",Escondido,CA,"=""92025""",300,41000000,6411,"[""Google Analytics"",""Google Font API"",""Nginx"",""Twitter Emoji (Twemoji)"",""WP Engine"",""WooCommerce"",""WordPress"",""Yoast SEO"",""jQuery"",""jQuery Migrate"",""jQuery UI"",""reCAPTCHA""]",36696287,catchall,N/A,64eff6e1381496f784295eb72d5e456a,N/A,N/A,85%,Insurance Agents: Brokers: and Service,N/A,N/A,N/A,N/A,N/A
Farrukh Omar,Farrukh,Omar,COO,fomar@valuelinksoftware.com,Valuelink,valuelinksoftware.com,+18885870805,"Suite 220 Houston, TX 77064",Houston,TX,"=""77064""",5,65000000,65,"[""Clicky"",""Font Awesome"",""Google Font API"",""Java"",""New Relic"",""Nginx"",""PHP"",""Twitter Emoji (Twemoji)"",""Ubuntu"",""WordPress"",""Yoast SEO"",""jQuery"",""jQuery Migrate""]",38293359,catchall,12/15/2021,6a38cd79ee7bd7f09e95de7e6532cb8e,N/A,N/A,85%,Real Estate,https://facebook.com/valuelinkappraisalmanagement,https://linkedin.com/company/valuelink-software,https://twitter.com/valuelinkams,N/A,N/A
Frank Plessmann,Frank,Plessmann,CEO,f.plessmann@agri-world.com,Agriworld,agri-world.com,N/A,N/A,N Little Rock,AR,N/A,5,87360000000,65,"[""Apache"",""CentOS"",""FrontPage"",""OpenSSL"",""PHP""]",36804335,catchall,8/5/2024,93ac6d61475c19c40b6ed79973cb790e,N/A,N/A,85%,Real Estate,N/A,N/A,N/A,N/A,N/A
Frank R. Thompson,Frank,Thompson,Chief Operating Officer,frank@bbadmin.com,Bbadmin,bbadmin.com,+15123295463,"P.O. Box 162110 Austin, Texas 78716P.O. Box 161690 Austin, Texas 78716Building E, Suite 200 Austin, Texas 78746",Austin,TX,"=""78746""",125,6411000000,6411,"[""Apache"",""Google Analytics"",""PHP"",""Ubuntu"",""jQuery"",""jQuery UI""]",37946919,catchall,10/2/2023,8df76ea966202ae2523e6260938394b0,N/A,N/A,85%,Insurance Agents: Brokers: and Service,N/A,N/A,N/A,N/A,N/A
Frank Harrison,Frank,Harrison,Chairman of the Board & CEO,frankh@holborn.com,Holborn Corporationall,holborn.com,+19133277999,"180 Maiden Lane Suite 701 New York, NY 10038",New York,NY,"=""10038""",75,18000000,6411,"[""Font Awesome"",""Google Analytics"",""Google Font API"",""Google Maps"",""Modernizr"",""Nginx"",""PHP"",""Revslider"",""TweenMax"",""Twitter Emoji (Twemoji)"",""WP Engine"",""WordPress"",""Yoast SEO"",""animate.css"",""jQuery"",""jQuery Migrate""]",36391142,catchall,12/11/2023,07edc1ef1aba91d35cdcf614a5361fb9,N/A,N/A,85%,Insurance Agents: Brokers: and Service,N/A,https://linkedin.com/company/81870,N/A,N/A,N/A
Francis Serrano,Francis,Serrano,Director of Operations,fserrano@citiscapesf.com,Citiscape Property Management Group,citiscapesf.com,+14158850799,"150 Lombard Street San Francisco, CA 94111",Charleston,SC,"=""94111""",75,25000000,65,"[""AddThis"",""Gentoo"",""Google Analytics"",""MooTools"",""OpenResty"",""PHP"",""Twitter Emoji (Twemoji)"",""WordPress"",""Yoast SEO"",""jQuery"",""jQuery Migrate""]",40026411,catchall,9/23/2021,0dac4fa39497474edbe8fabee104e252,N/A,N/A,85%,Real Estate,https://facebook.com/citiscapesf,N/A,https://twitter.com/@citiscapesf,N/A,https://youtube.com/user/theviewfromcitiscape
Frederic Sewell,Frederic,Sewell,Chief Executive Officer and President,fsewell@sovres.net,Sovereign Resources,sovres.net,+12146474200,"5949 Sherry Lane, Suite 1610 Dallas, Texas 75225",Dallas,TX,"=""75225""",5,1638653,13,[],36777539,catchall,3/2/2023,b5f8710f7977e936f06eeabd95e2b112,N/A,N/A,85%,Oil and Gas Extraction,N/A,N/A,N/A,N/A,N/A
Felipe Suarez,Felipe,Suarez,Finance Director,fsuarez@radialdrilling.com,Radial Drilling Services,radialdrilling.com,+12813747507,4921 Spring Cypress Road Spring TX 77379,Spring,TX,"=""77379""",125,23100000,13,"[""Apache"",""Font Awesome"",""Google Analytics"",""Google Font API"",""Google Maps"",""MediaElement.js"",""Modernizr"",""Revslider"",""TweenMax"",""WordPress"",""jQuery"",""jQuery Migrate"",""jQuery UI"",""prettyPhoto""]",36548394,catchall,4/18/2023,7b7091dd1b82c1b4686eea8d4cd0863f,N/A,N/A,85%,Oil and Gas Extraction,https://facebook.com/pages/radial-drilling-services-inc/113529625331138,https://linkedin.com/company/radial-drilling-services-inc.,https://twitter.com/radialdrilling,N/A,N/A
Sir S,Sir,S,CEO,gabrielv@guyviti.com,Guy Viti,guyviti.com,+18474336856,N/A,Highwood,IL,N/A,30,6411000000,6411,"[""DNN"",""Google Analytics"",""IIS"",""Microsoft ASP.NET"",""Plesk"",""jQuery"",""jQuery Migrate"",""jQuery UI""]",45436024,catchall,N/A,715830eb02f918962b0666711f362346,N/A,N/A,85%,Insurance Agents: Brokers: and Service,N/A,N/A,N/A,N/A,N/A
Gary Anderson,Gary,Anderson,Chief Operating Officer,ganderson@prologis.com,Prologis,prologis.com,+13035675700,N/A,San Francisco,CA,N/A,3000,2500000000,65,"[""Acquia Cloud"",""AddToAny"",""CloudFlare"",""Drupal"",""Google Font API"",""Google Tag Manager"",""Modernizr"",""New Relic"",""Varnish"",""jQuery"",""jQuery UI""]",37287898,catchall,N/A,0a4840849247ab448e92494b32dccdec,N/A,N/A,85%,Real Estate,https://facebook.com/prologis,https://linkedin.com/company/prologis,https://twitter.com/prologis,N/A,N/A
Gary E Conway,Gary,Conway,"Principal, President &amp; CEO",gary.conway@vaqueromidstream.com,Vaquero Midstream,vaqueromidstream.com,+14328971143,"Suite 475 The Woodlands, TX 77380",The Woodlands,TX,"=""77380""",30,13000000,13,"[""Apache"",""Font Awesome"",""Google Analytics"",""Google Font API"",""Leaflet"",""PHP"",""WordPress"",""Yoast SEO"",""jQuery""]",40808019,catchall,12/28/2023,dace2128756b479fd94d82864f50aaf7,N/A,N/A,85%,Oil and Gas Extraction,https://facebook.com/vaqueromidstream,https://linkedin.com/company/vaquero-midstream,https://twitter.com/vaqueromid,N/A,N/A
Gary Sobeck,Gary,Sobeck,Chief Financial Officer,gary.sobeck@pmcommunities.com,Patrick Malloy Communities,pmcommunities.com,+17702897070,"4987 Kyle Drive Powder Springs, GA 30127",Carrollton,GA,"=""30127""",5,0,65,"[""Apache"",""Bootstrap"",""Facebook"",""Font Awesome"",""Google Analytics"",""Google Font API"",""Google Tag Manager"",""OpenSSL"",""PHP"",""animate.css"",""jQuery""]",36643650,catchall,10/6/2023,de4ae984150e7ef56c235e984f5f7527,N/A,N/A,85%,Real Estate,https://facebook.com/gloverparkconcertseries,N/A,https://twitter.com/kylefarmnewhome,N/A,N/A
Greg Bacon,Greg,Bacon,Chief Operating Officer,gbacon@tagins.net,Tag,tagins.net,+13033804450,N/A,Commerce City,CO,N/A,125,6411000000,6411,"[""Google Analytics"",""Google Font API"",""Google Maps"",""Gravatar"",""Lightbox"",""MediaElement.js"",""Nginx"",""PHP"",""Twitter Emoji (Twemoji)"",""WordPress"",""Yoast SEO"",""jQuery"",""reCAPTCHA""]",37149520,catchall,9/10/2024,06b1ebf5028bde4d350dc803876425ce,N/A,N/A,85%,Insurance Agents: Brokers: and Service,https://facebook.com/theahbegroup,https://linkedin.com/company/1381492,https://twitter.com/theahbegroup1,N/A,https://youtube.com/user/gunderwood123
Guillaume Cayard,Guillaume,Cayard,CEO,gcayard@mvphealthcare.com,Mvp Health Care,mvphealthcare.com,+13157367002,"Suite 407 Fishkill, NY 12524",Fishkill,NY,"=""12524""",30,3000000,6411,[],41568877,catchall,N/A,f7c472410cec183ba57fa8d8a57cf2a5,N/A,N/A,85%,Insurance Agents: Brokers: and Service,https://facebook.com/mvphealthcare,https://linkedin.com/company/22434,https://twitter.com/mvphealthcare,https://instagram.com/mvphealthcare,https://youtube.com/user/mvphealthcare
Geoff Lucas,Geoff,Lucas,Chief Executive Officer,geofflucas@mcgrath.com.au,Mcgrath,mcgrath.com.au,N/A,N/A,unknown city,unknown state,N/A,3000,83500000,65,"[""Google Tag Manager"",""Microsoft ASP.NET"",""Sitecore""]",40840163,catchall,12/11/2023,efc3e8ff250f34a3d226310db3228d6b,N/A,N/A,85%,Real Estate,https://facebook.com/mcgrathestateagents,https://au.linkedin.com/company/mcgrath-estate-agents,https://twitter.com/mcgrathestate,https://instagram.com/mcgrathestateagents,https://youtube.com/channel/ucpmqkor3cgvg7kusqusfsew
Gerald Frye,Gerald,Frye,CEO,gerald.frye@bsg.com,Bsg?resourcescareerscontactprivacy,bsg.com,+12625215700,"N25 W23050 Paul Rd. Pewaukee, WI 53072N25 W23050 Paul Road, Pewaukee, WI 53072",Pewaukee,WI,"=""53072""",125,6411000000,6411,"[""CloudFlare"",""Google Analytics"",""Google Font API"",""OpenResty"",""Varnish"",""jQuery""]",37163844,catchall,3/8/2024,bb91e03372215c839a680dccd8472cd2,N/A,N/A,85%,Insurance Agents: Brokers: and Service,https://facebook.com/thebenefitservicesgroup/,https://linkedin.com/company/the-benefit-services-group-inc.,N/A,N/A,N/A
Greg Garrison,Greg,Garrison,"Chief Operating Officer, Special Risk",ggarrison@berkleyah.com,Berkley Ah,berkleyah.com,+15085736122,N/A,Trenton,NJ,N/A,30,7654000000,6411,"[""AddToAny"",""Bootstrap"",""CloudFlare"",""Font Awesome"",""Google Analytics"",""Google Tag Manager"",""WordPress"",""jQuery"",""jQuery Migrate"",""reCAPTCHA""]",36723249,catchall,10/2/2023,782bbadbd3198788e7474b15d3dc2197,N/A,N/A,85%,Insurance Agents: Brokers: and Service,N/A,https://linkedin.com/company/891267,N/A,N/A,N/A
Gary Gutierrez,Gary,Gutierrez,"Chief Operating Officer, Hri Properties, and President, Hri Lodging",ggutierrez@hriproperties.com,Hri Properties,hriproperties.com,+15045660204,"812 Gravier Street Suite 200 New Orleans, LA 70112",New Orleans,LA,"=""70112""",300,600000000,65,"[""Font Awesome"",""Google Analytics"",""Nginx"",""Polyfill"",""Slick"",""TweenMax"",""Twitter Emoji (Twemoji)"",""WP Engine"",""WordPress"",""Yoast SEO"",""jQuery""]",36247607,catchall,10/2/2023,7514207f521db8407ac117bf0405f3ac,N/A,N/A,85%,Real Estate,https://facebook.com/hripropertiesllc,https://linkedin.com/company/hri-properties,N/A,N/A,N/A
Gina Hargis,Gina,Hargis,CFO,ghargis@eddyfederalcu.com,Eddy,eddyfederalcu.com,+15758870020,"909 W Pierce Street, Carlsbad, NM 882201711 S Canal Street, Carlsbad, NM 882201711 South Canal Street, Carlsbad, NM, 88220,",Carlsbad,NM,N/A,5,1638653,65,"[""Font Awesome"",""Google Font API"",""Materialize CSS"",""Squarespace"",""Typekit"",""YUI"",""jQuery"",""webpack""]",39631064,catchall,12/2/2021,633bb2c5bdb4475645a2f62ee31db3ec,N/A,N/A,85%,Real Estate,https://facebook.com/eddy-federal-credit-union-281177955398882,N/A,https://twitter.com/eddyfederalcu,N/A,N/A
Gianna Hylton,Gianna,Hylton,Chief Operating Officer,gianna.hylton@warrentongroup.com,Warrenton Group,warrentongroup.com,N/A,N/A,Washington,DC,N/A,N/A,0,65,"[""Apache"",""Bootstrap"",""Google Font API"",""Google Maps"",""Lightbox"",""OWL Carousel"",""Revslider"",""Twitter Emoji (Twemoji)"",""WordPress"",""Yoast SEO"",""jQuery"",""jQuery Migrate""]",39665675,catchall,N/A,1d0e127d2c014a207402b301b45c7502,N/A,N/A,85%,Real Estate,N/A,N/A,N/A,N/A,N/A
Gigi Fernandez,Gigi,Fernandez,Vice President & Chief Operating Officer,gigi@exitny.com,Exit,exitny.com,+18886683948,N/A,New York,NY,N/A,5,65000000,65,[],45477210,catchall,12/15/2021,433b1dcd54e916989bd75a413532e7c2,N/A,N/A,85%,Real Estate,https://facebook.com/exitrealtycorpinternational,https://linkedin.com/company/exit-realty-corp.-international,https://twitter.com/exitrealtycorp,https://instagram.com/exitrealtycorp,N/A
Gil Dennis,Gil,Dennis,Chief Operating Officer,gil@indigokeys.com,Indigo,indigokeys.com,+18665708213,"PO Box 240512 Charlotte, NC 282242000 West Morehead Street Charlotte, NC 28208",Charlotte,NC,"=""28208""",N/A,0,65,"[""Apache"",""Google Analytics"",""OpenSSL"",""UNIX""]",41492043,catchall,N/A,01218dc7cbfa391f6a2f917c58046b44,N/A,N/A,85%,Real Estate,N/A,N/A,N/A,N/A,N/A
Gina Tirelli,Gina,Tirelli,Director of Operations,gina.tirelli@vandewater.com,Vandewater Capital Holdings,vandewater.com,+12127926096,"14700 Downey Avenue Paramount, CA 90723",New York,NY,"=""90723""",30,6000000,65,"[""Bootstrap"",""Google Analytics"",""Modernizr"",""Nginx"",""PHP"",""Twitter Emoji (Twemoji)"",""Typekit"",""Varnish"",""WordPress"",""Yoast SEO"",""jQuery""]",42473446,catchall,N/A,dbfd72f2695532771460d6cb600b17aa,N/A,N/A,85%,Real Estate,N/A,https://linkedin.com/company/vandewater-captial-holdings,N/A,N/A,N/A
Glenn Leman,Glenn,Leman,CEO,gleman@healthenterprises.com,Aculife,healthenterprises.com,+18003282742,N/A,unknown city,unknown state,N/A,N/A,0,6411,"[""Apache Traffic Server"",""Font Awesome"",""Google Analytics"",""Google Font API"",""Modernizr"",""WooCommerce"",""WordPress"",""YouTube"",""jQuery"",""jQuery Migrate""]",41649469,catchall,N/A,7579129f8eb3fdcf536e778b9dd258d4,N/A,N/A,85%,Insurance Agents: Brokers: and Service,https://facebook.com/apothecaryaculife,N/A,N/A,N/A,N/A
Glenn Frederick,Glenn,Frederick,Interim CFO,glenn.frederick@tz-m.com,Tzadik Management,tz-m.com,+19414210505,"11098 Biscayne Blvd Miami, FL 33161",Miami,FL,"=""33161""",125,0,65,"[""Apache"",""Google Analytics"",""Google Font API"",""PHP"",""WordPress"",""jQuery"",""jQuery Migrate"",""jQuery UI""]",44730692,catchall,N/A,cbf61b075f706f4513fcce2f8020c02f,N/A,N/A,85%,Real Estate,https://facebook.com/tzadikmanagement,N/A,https://twitter.com/tzadikmgmt,N/A,N/A
"Glenn Rolader, Ph.d",Glenn,Ph.d,President/ceo,glenn.rolader@is4s.com,Is4smunition,is4s.com,N/A,"2564 Lee Road 151 Opelika, Alabama 36804",unknown city,unknown state,"=""36804""",30,6411000000,6411,"[""Immutable.js"",""Lodash"",""Polyfill"",""React""]",42796299,catchall,N/A,e3a01d97fa041bf1b14c305c39045339,N/A,N/A,85%,Insurance Agents: Brokers: and Service,N/A,N/A,N/A,N/A,N/A
George Lista,George,Lista,Chief Executive Officer,glista@tsia.net,Tri-state Insurance Agency,tsia.net,N/A,N/A,unknown city,unknown state,N/A,30,6411000000,6411,"[""Nginx""]",41988421,catchall,N/A,ffb7ea23eb7cb75054561f2cc51b037a,N/A,N/A,85%,Insurance Agents: Brokers: and Service,N/A,N/A,N/A,N/A,N/A
Gord Hicks,Gord,Hicks,CEO,gord.hicks@bgis.com,Bgis,bgis.com,+15146224294,N/A,Seattle,WA,N/A,3000,600000000,65,"[""AddThis"",""Bootstrap"",""CloudFlare"",""Google Analytics"",""Google Font API"",""jQuery""]",37165372,catchall,12/11/2023,77d02ac295de5c94251a0a5127dc1364,N/A,N/A,85%,Real Estate,https://facebook.com/bgis.northamerica,https://ca.linkedin.com/company/bgis,https://twitter.com/bgis_na,https://instagram.com/bgis_na,N/A
Kathy Gregory,Kathy,Gregory,President/ceo,gregory@anco.com,Anco Insurance Managers,anco.com,+18775093968,"1111 Briarcrest Drive Bryan, TX 77802P.O. Box 3889 Bryan, TX 77802",Bryan,TX,"=""77802""",300,138000000,6411,"[""Google Analytics"",""Google Font API"",""Google Tag Manager"",""OpenResty"",""Twitter Emoji (Twemoji)"",""WordPress"",""Yoast SEO"",""jQuery"",""jQuery UI""]",37881501,catchall,3/8/2024,a1511c2ff8ad69cbbc37c0cbebd47de8,N/A,N/A,85%,Insurance Agents: Brokers: and Service,https://facebook.com/ancoinsurance,https://linkedin.com/company/anco-insurance,N/A,N/A,N/A
Gregory Mclemore,Gregory,Mclemore,Chief Operating Officer,gregory.mclemore@amfed.com,Amfed,amfed.com,+16018534949,"576 Highland Colony Parkway,Suite 300 |Ridgeland, MS 39157P.O. Box 1380 |Ridgeland, MS 39158-1380",Ridgeland,MS,"=""39158-1380""",30,860000000,6411,"[""Apache"",""Font Awesome"",""Google Analytics"",""PHP"",""Ubuntu"",""jQuery""]",46213613,catchall,4/12/2022,25506daeec8fc851ee1f017bf5a79bf7,N/A,N/A,85%,Insurance Agents: Brokers: and Service,N/A,N/A,N/A,N/A,N/A
George Van,George,Van,"Chief Operating Officer, Minto Properties and Minto Apartment Reit",gvan@mintofla.com,Minto Group,mintofla.com,+15145006756,N/A,Fort Lauderdale,FL,N/A,300,0,65,"[""Bootstrap"",""CloudFlare"",""Google Tag Manager"",""PHP"",""Select2"",""jQuery""]",39929666,catchall,10/2/2023,59a8d5144ffa47b9bf10cabadc8bd069,N/A,N/A,85%,Real Estate,https://facebook.com/mintogroup,N/A,https://twitter.com/mintogroup,https://instagram.com/mintocommunitiesottawa,N/A
Gordon Whitehead,Gordon,Whitehead,Chairman and CEO,gwhitehead@ascendgroup.net,Ascend Groups,ascendgroup.net,+12483855622,"Suite 360 Auburn Hills, MI 48326",Oakland Charter Township,MI,"=""48326""",N/A,0,64,[],41683199,catchall,N/A,cb8c4849c9dd839fd7b10c8b84266c9d,N/A,N/A,85%,Insurance Agents: Brokers: and Service,https://facebook.com/ascendgrouppllc,N/A,N/A,N/A,N/A
Greg Hammond,Greg,Hammond,COO,hammond@mvsvc.com,Market Valuation Services,mvsvc.com,N/A,N/A,Cumming,GA,N/A,30,5700128,65,"[""Google Analytics"",""Microsoft ASP.NET"",""jQuery""]",43852453,catchall,N/A,9571085a7f97d0c3d31762c8852365e7,N/A,N/A,85%,Real Estate,N/A,N/A,N/A,N/A,N/A
Hannah Hoffman,Hannah,Hoffman,Marketing and Operations Director,hannah@isbellrealestate.com,Isbell Real Estate,isbellrealestate.com,+12544347199,"312 E Ave B Killeen, TX 76541",Temple,TX,"=""76541""",30,1400000,65,[],45525960,catchall,N/A,08e9df9c3cbb5dd89cb2b11a323c6c74,N/A,N/A,85%,Real Estate,https://facebook.com/isbellrealtors,N/A,https://twitter.com/isbellrealtors,N/A,N/A
Meade Harris Goodwin,Meade,Goodwin,CEO,harris-goodwin.meade@thehawthornclub.com,Hawthorn Club,thehawthornclub.com,N/A,N/A,Boston,MA,N/A,5,13000000,13,"[""Apache"",""Google Font API"",""Modernizr"",""WordPress"",""Yoast SEO"",""jQuery"",""jQuery Migrate""]",39633212,catchall,8/9/2023,2691138228a0beb54e64913212d12820,N/A,N/A,85%,Oil and Gas Extraction,N/A,N/A,https://twitter.com/thehawthornclub,N/A,N/A
Heather Knight,Heather,Knight,CEO,heather@tricountyagency.biz,Agency 989-362-3261,tricountyagency.biz,+19893627173,"306 State St., Suite 2 Grayling Michigan 49738",Tawas City,MI,"=""49738""",N/A,0,64,"[""Google Analytics"",""Google Font API"",""Modernizr"",""Nginx"",""Revslider"",""WP Engine"",""WordPress"",""Yoast SEO"",""animate.css"",""jQuery"",""jQuery Migrate"",""particles.js""]",36852410,catchall,11/8/2021,402584e5c1d6e9329d863e032174c29e,N/A,N/A,85%,Insurance Agents: Brokers: and Service,https://facebook.com/tricountyagencyinc,N/A,N/A,N/A,N/A
Helen Eden,Helen,Eden,"Executive Vice President & Chief Corporate Officer, Director",heden@associaonline.com,Associa Tions,associaonline.com,+18008084882,"Suite 300 Dallas, TX 75205",Dallas,TX,"=""75205""",3000,2000000000,65,"[""Bootstrap"",""Font Awesome"",""Google Analytics"",""Google Font API"",""Google Tag Manager"",""Modernizr"",""Pardot"",""SumoMe"",""Twitter"",""jQuery""]",36616023,catchall,1/10/2022,dc56fa5cd1ce9b55ab27e0620cb3f984,N/A,N/A,85%,Real Estate,https://facebook.com/associa,https://linkedin.com/company/associa,https://twitter.com/associa,N/A,https://youtube.com/user/associamarketing
Helen Eden,Helen,Eden,"Executive Vice President & Chief Corporate Officer, Director",heden@legumnorman.com,Associa Tions Insurance Agency,legumnorman.com,+18008084882,"Suite 300 Dallas, TX 75205",Washington,DC,"=""75205""",300,600000000,65,"[""Bootstrap"",""Font Awesome"",""Google Analytics"",""Google Font API"",""Google Tag Manager"",""Modernizr"",""Pardot"",""SumoMe"",""Twitter"",""jQuery""]",37535594,catchall,12/11/2023,dda118106a37d9cffde30cc706a3d146,N/A,N/A,85%,Real Estate,https://facebook.com/associa,https://linkedin.com/company/associa,https://twitter.com/associa,N/A,https://youtube.com/user/associamarketing
Heidi Pay,Heidi,Pay,Chief Operating Officer,heidi@todaysir.com,Golden Gate,todaysir.com,+14155285088,N/A,San Carlos,CA,N/A,125,25000000,65,"[""Google Analytics"",""Google Font API"",""IIS"",""Microsoft ASP.NET"",""Prototype"",""VideoJS"",""jQuery"",""jQuery Migrate"",""jQuery UI""]",38614717,catchall,4/9/2021,b3626857e4b0da20993232a32e1d1afe,N/A,N/A,85%,Real Estate,https://facebook.com/279007502197015,https://linkedin.com/company/goldengatesir,https://twitter.com/goldengatesir,https://instagram.com/goldengatesir,https://youtube.com/channel/uckqtchzwjppwkdqyyod_xba
Helen Eden,Helen,Eden,"Executive Vice President & Chief Corporate Officer, Director",helene@allianceonline.net,Associa Tions,allianceonline.net,+18008084882,"Suite 300 Dallas, TX 75205",Austin,TX,"=""75205""",5,3979800,65,"[""Bootstrap"",""Font Awesome"",""Google Analytics"",""Google Font API"",""Google Tag Manager"",""Modernizr"",""Pardot"",""SumoMe"",""Twitter"",""jQuery""]",38051030,catchall,8/5/2024,173ec7dd928e80cdb4c445c94bd34a92,N/A,N/A,85%,Real Estate,https://facebook.com/associa,https://linkedin.com/company/associa,https://twitter.com/associa,N/A,https://youtube.com/user/associamarketing
Henry Manoucheri,Henry,Manoucheri,Chairman/ceo,henry@universeholdings.com,Universe Holdings,universeholdings.com,+13107850077,1875 Century Park East,Los Angeles,CA,N/A,125,65000000,65,"[""Apache"",""WordPress"",""jQuery""]",38331750,catchall,8/5/2024,7f79d1520327a11516f9e501ae38662b,N/A,N/A,85%,Real Estate,N/A,N/A,N/A,N/A,N/A
Herb Gibson,Herb,Gibson,Founder &amp; CEO,hgibson@Gaprosystem.com,Gapro Systems,Gaprosystem.com,+18636762621,N/A,Southfield,MI,N/A,5,1638653,64,"[""Apache"",""Bootstrap"",""Flickity"",""Font Awesome"",""Google Analytics"",""Google Font API"",""Lightbox"",""MediaElement.js"",""PHP"",""Revslider"",""Twitter Emoji (Twemoji)"",""Ubuntu"",""WordPress"",""animate.css"",""jQuery"",""jQuery Migrate"",""prettyPhoto""]",45164698,catchall,N/A,e493852ab6ce22450149ec9389491b2a,N/A,N/A,85%,Insurance Agents: Brokers: and Service,https://facebook.com/gapro-system-220124478128390,https://linkedin.com/company/2964806,https://twitter.com/gaprosystem,N/A,https://youtube.com/user/gaprosystem
Heidi Hutchins,Heidi,Hutchins,Chief Operating Officer,hhutchins@ciafg.com,Ciafg,ciafg.com,+18002954519,N/A,Shelby Twp.,MI,N/A,30,6411000000,6411,"[""LiteSpeed""]",37081881,catchall,N/A,c0b9582022c584abbcf12ecc7bfec550,N/A,N/A,85%,Insurance Agents: Brokers: and Service,N/A,N/A,N/A,N/A,N/A
John Horn,John,Horn,COO,horn@silverlinerealty.com,Silver Line,silverlinerealty.com,N/A,N/A,Los Angeles,CA,N/A,N/A,557440,65,"[""AngularJS"",""Apache"",""Bootstrap"",""Facebook"",""Google Analytics"",""Moment.js"",""PHP"",""RequireJS"",""Ubuntu"",""Underscore.js"",""jQuery""]",39386229,catchall,5/10/2023,e1f94e4dd2f06d3ed56af333ad0f5a0e,N/A,N/A,85%,Real Estate,https://facebook.com/onlinesilverline,https://in.linkedin.com/in/silverlinerealtyindia,https://twitter.com/silverlinerlty,N/A,https://youtube.com/channel/ucs-nhlrofpirw3o9sn_oz6q
Heidi Pay,Heidi,Pay,Chief Operating Officer,h.pay@deckerbullocksir.com,Golden Gate,deckerbullocksir.com,+14155285088,N/A,Mill Valley,CA,N/A,125,0,65,"[""Google Analytics"",""Google Font API"",""IIS"",""Microsoft ASP.NET"",""Prototype"",""VideoJS"",""jQuery"",""jQuery Migrate"",""jQuery UI""]",38196271,catchall,10/2/2023,b34e8bbf175ea2a78312b2ef1c7e35a9,N/A,N/A,85%,Real Estate,https://facebook.com/279007502197015,https://linkedin.com/company/goldengatesir,https://twitter.com/goldengatesir,https://instagram.com/goldengatesir,https://youtube.com/channel/uckqtchzwjppwkdqyyod_xba
Hugo Lopes,Hugo,Lopes,Operations Director,hugo.lopes@goss-foss.com,Foss Differencecareersnewscontact,goss-foss.com,+19856559022,N/A,unknown city,unknown state,N/A,300,150000000,13,"[""Apache"",""Google Font API"",""PHP""]",44699326,catchall,3/2/2023,53abd3342c475b9cc1da8ae95d019cab,N/A,N/A,85%,Oil and Gas Extraction,https://facebook.com/fossesg,https://linkedin.com/company/foss-&-esg-catering,N/A,https://instagram.com/foss.esg.offshore.catering,N/A
Ian Griffin,Ian,Griffin,CEO,ian@griffin-residential.com,Griffin Residential,griffin-residential.com,(951) 547-3500,N/A,Corona,CA,N/A,125,25000000,65,[],36819642,catchall,8/5/2024,b451873f8161ccb026306b5acf22a160,N/A,N/A,85%,Real Estate,N/A,N/A,N/A,N/A,N/A
Ignacio Izquierdo Saugar,Ignacio,Saugar,CEO,ignacio.izquierdo-saugar@aviva.com,Aviva Corporate,aviva.com,+12076626700,N/A,Des Moines,IA,N/A,5,1638653,6411,"[""AddThis"",""Adobe Experience Manager"",""Amazon ELB"",""Modernizr"",""RequireJS"",""SiteCatalyst""]",37164655,catchall,6/14/2023,224153853402c8c8a5620fd60d22a91c,N/A,N/A,85%,Insurance Agents: Brokers: and Service,N/A,https://linkedin.com/company/aviva-plc/careers,https://twitter.com/avivaplc,https://instagram.com/avivaplc,https://youtube.com/user/aviva
Ileana Toro,Ileana,Toro,Director of Property Operations,ileana@alterraproperty.com,Alterra Property Group,alterraproperty.com,+12674144954,"414 S. 16th St, Suite 100 Philadelphia, PA 19146",Philadelphia,PA,"=""19146""",30,7000000,65,"[""Apache"",""Flickity"",""Google Analytics"",""Google Tag Manager"",""MediaElement.js"",""Modernizr"",""Twitter Emoji (Twemoji)"",""WordPress"",""jQuery"",""jQuery Migrate"",""jQuery UI""]",41534580,catchall,4/9/2021,c943e2895ff3aa3d603adfc3a17e5540,N/A,N/A,85%,Real Estate,N/A,N/A,N/A,N/A,N/A
Jack Banafsheha,Jack,Banafsheha,Chief Executive Officer,jackb@zanetti.com,Zanetti,zanetti.com,+17875655540,N/A,Los Angeles,CA,N/A,30,3415500,6411,[],38296562,catchall,6/14/2023,1600ff62459d7e82885047e1aa08e418,N/A,N/A,85%,Insurance Agents: Brokers: and Service,https://facebook.com/zanettimens/,N/A,N/A,https://instagram.com/zanettimens,N/A
John Adoga,John,Adoga,COO,jadoga@express.com,Express,express.com,(800) 695-1788,N/A,Sitka,AK,N/A,5,576180,39,[],36638270,catchall,11/16/2020,188e144cabfcb1c1ce3cf9e653da28be,N/A,N/A,85%,Miscellaneous Manufacturing Industries,N/A,N/A,N/A,N/A,N/A
Jake Jarman,Jake,Jarman,Chief Operating Officer,jake@redstoneresidential.com,Redstone Residential,redstoneresidential.com,+18019488000,"2483 North Canyon Road Provo, UT 84604",Provo,UT,"=""84604""",75,35000000,65,"[""Bootstrap"",""Google Analytics"",""Google Font API"",""Google Tag Manager"",""OpenResty"",""TrackJs"",""Twitter Emoji (Twemoji)"",""WordPress"",""jQuery"",""jQuery Migrate""]",44108322,catchall,4/9/2021,39b188582753d6ca93f28428ba6e4cad,N/A,N/A,85%,Real Estate,https://facebook.com/redstoneresidential,N/A,https://twitter.com/redstoneprops,https://instagram.com/redstoneresidential,N/A
James Flood,James,Flood,Chief Operating Officer,james.flood@greenwichgrp.com,Greenwich Group,greenwichgrp.com,+12127540100,"805 Third Avenue 8th Floor New York, NY 10022",New York,NY,"=""10022""",30,10000000,65,"[""AddThis"",""All in One SEO Pack"",""Apache"",""Font Awesome"",""Google Analytics"",""OpenSSL"",""UNIX"",""WordPress"",""jQuery"",""jQuery Migrate"",""mod_ssl""]",41196005,catchall,10/2/2023,97d19f419c60420eaea4e4a72e73098a,N/A,N/A,85%,Real Estate,https://facebook.com/thegreenwichgroup,https://linkedin.com/company/the-greenwich-group-international,https://twitter.com/thegreenwichgrp,N/A,N/A
Jamie Wilson,Jamie,Wilson,Chief Operating Officer,jamie.wilson@thehubhaus.com,Hubhaus Privacy,thehubhaus.com,N/A,N/A,unknown city,unknown state,N/A,30,7000000,65,"[""CloudFlare"",""Element UI"",""Google Maps"",""Lodash"",""Vue.js"",""Nuxt.js"",""webpack""]",42164402,catchall,4/9/2021,59adf6cb61260b8dfaa9a24473922029,N/A,N/A,85%,Real Estate,https://facebook.com/hubhaus,N/A,N/A,https://instagram.com/hubhaus,N/A
Jamshid Gohari,Jamshid,Gohari,Chief Operating Officer,jamshid@thexerxesgroup.com,Xerxes Group,thexerxesgroup.com,+16467207122,N/A,New York,NY,N/A,5,1400000,65,"[""Lodash"",""Polyfill"",""React"",""RequireJS"",""Wix"",""Zepto""]",44568001,catchall,N/A,df873b09cb8a571d7c13da25d442365a,N/A,N/A,85%,Real Estate,N/A,N/A,N/A,N/A,N/A
Jay Anderson,Jay,Anderson,COO,janderson@rcglongview.com,Rcg Longview,rcglongview.com,+12123569200,"7 Penn Plaza, Suite 1400 New York, NY10001",New York,NY,"=""NY10001""",30,7000000,65,"[""RequireJS"",""Sentry"",""Wix""]",41850072,catchall,4/8/2022,808d69f957ed24b4f5f94ff7553cc535,N/A,N/A,85%,Real Estate,N/A,N/A,N/A,N/A,N/A
Jack Andrellos,Jack,Andrellos,Chief Operating Officer,jandrellos@roostwise.com,Roostwise,roostwise.com,(844) 218-0020,N/A,unknown city,unknown state,N/A,5,2400000,65,"[""Microsoft ASP.NET"",""jQuery""]",39001107,catchall,N/A,42dce5db9d4eba4e7957db892ec42c47,N/A,N/A,85%,Real Estate,N/A,N/A,N/A,N/A,N/A
Janell Perez,Janell,Perez,CFO,janell@bigblockrealty.com,Big Block,bigblockrealty.com,+18054582566,N/A,San Diego,CA,N/A,750,28900000,65,"[""CloudFlare"",""Google Analytics"",""Google Font API"",""Liquid Web"",""MediaElement.js"",""Microsoft ASP.NET"",""Select2"",""Twitter Emoji (Twemoji)"",""WordPress"",""YouTube"",""jQuery"",""jQuery Migrate"",""jQuery UI""]",41123805,catchall,10/6/2021,90f9763a9954b5043d691a3bd47018ba,N/A,N/A,85%,Real Estate,https://facebook.com/bigblockrealty,N/A,https://twitter.com/bigblockrealty,https://instagram.com/bigblockrealty_,N/A
Janice Morse,Janice,Morse,President &amp; CEO,janice@unionsavings-bank.com,Savings Bank,unionsavings-bank.com,+15132329000,N/A,Indianapolis,IN,N/A,N/A,0,65,[],38517504,catchall,8/5/2024,328d7464ff6cb5e50dc9e5de59deefe8,N/A,N/A,85%,Real Estate,N/A,N/A,N/A,N/A,N/A
Jared Shamblin,Jared,Shamblin,CEO,jared@shamblinins.com,Shamblinins,shamblinins.com,+18003752075,N/A,Bourbonnais,IL,N/A,5,1000000,6411,"[""Apache"",""Bootstrap"",""Font Awesome"",""Google Analytics"",""Google Font API"",""Google Plus"",""OpenSSL"",""PHP"",""WordPress"",""Yoast SEO"",""YouTube"",""jQuery""]",36337500,catchall,3/1/2024,15b70f4b411a95588cf9973ee95cbe7d,N/A,N/A,85%,Insurance Agents: Brokers: and Service,https://facebook.com/shamblin-insurance-and-financial-services-190778744290079,https://linkedin.com/in/jared-shamblin-6668b36,N/A,N/A,N/A
Jason Bell,Jason,Bell,Director of Underwriting Operations - Construction,jason.bell@thehartford.com,Hartford,thehartford.com,+18003227789,"P.O. Box 55359 Boston, MA 02205",Ct,CT,"=""02205""",55000,0,6411,"[""Akamai"",""Apache"",""Bootstrap"",""Moment.js"",""Tealium"",""jQuery""]",46004001,catchall,N/A,8415f90743d01ff27315818d3a9f5a61,N/A,N/A,85%,Insurance Agents: Brokers: and Service,https://facebook.com/thehartford,https://linkedin.com/company/the-hartford,https://twitter.com/thehartford,N/A,N/A
Jason Dewitt,Jason,Dewitt,Co-founder and COO,jason@coloradonewhomes.com,Social Life Network,coloradonewhomes.com,N/A,N/A,unknown city,unknown state,N/A,5,1638653,65,[],39465951,catchall,N/A,cf991212ce77c0b4296c604c81f34afb,N/A,N/A,85%,Real Estate,N/A,N/A,N/A,N/A,N/A
Jason Easley,Jason,Easley,Finance Director,jason@easleyhedrick.com,Easley Hedrick,hedrickinsurancegroup.com,+18004453030,N/A,Kannapolis,NC,N/A,5,582120,6411,"[""Bootstrap"",""CloudFlare"",""Font Awesome"",""Google Analytics"",""Google Font API"",""Google Tag Manager"",""Nginx"",""Plesk"",""jQuery""]",40212121,catchall,1/10/2022,aef5b4997ace773d07d21157ccb566d4,N/A,N/A,85%,Insurance Agents: Brokers: and Service,https://facebook.com/easleyhedrick,N/A,N/A,N/A,N/A
Jason Griswold,Jason,Griswold,Co Founder &amp; COO,jason@reintn.org,Rein,reintn.org,+18889989688,"4525 Harding Road, Suite 200 Nashville, TN 37205500 Interstate Blvd S Suite 210, Nashville, TN 37210",Nashville,TN,"=""37210""",N/A,0,65,"[""Apache"",""Google Analytics"",""Twitter Emoji (Twemoji)"",""WordPress"",""jQuery"",""jQuery Migrate""]",44646166,catchall,N/A,a0fd5a16bc6009a751aac21c4b6f4fc3,N/A,N/A,85%,Real Estate,https://facebook.com/networthrealty,https://linkedin.com/company/networthrealty,https://twitter.com/reintn,https://instagram.com/rein_tn,https://youtube.com/channel/uc7ekjszwkrcwb85airioaqq
Jason Windsor,Jason,Windsor,Chief Financial Officer,jason.windsor@aviva.com,Aviva Corporate,aviva.com,+12076626700,N/A,Des Moines,IA,N/A,5,1638653,6411,"[""AddThis"",""Adobe Experience Manager"",""Amazon ELB"",""Modernizr"",""RequireJS"",""SiteCatalyst""]",37164609,catchall,11/10/2021,297dbe1d7ddb8cb37a51fd43782059d4,N/A,N/A,85%,Insurance Agents: Brokers: and Service,N/A,https://linkedin.com/company/aviva-plc/careers,https://twitter.com/avivaplc,https://instagram.com/avivaplc,https://youtube.com/user/aviva
Jay Raman,Jay,Raman,Ceo/managing Director,jay.raman@ashokalion.com,Ashoka Lion Consulting,ashokalion.com,+18664660319,"12333 Sowden Rd Ste B #93424, Houston, TX 77080-2059",Houston,TX,"=""77080-2059""",5,1400000,65,"[""Font Awesome"",""Google Analytics"",""Google Font API"",""Modernizr"",""Nginx"",""ZURB Foundation"",""jQuery"",""parcel""]",36647717,catchall,8/5/2024,0b60fcc7206c1e88f3d9a3c2e3e4281a,N/A,N/A,85%,Real Estate,https://facebook.com/ashokalion,https://linkedin.com/company/ashoka-lion,https://twitter.com/ashokalion,N/A,N/A
Jay Raman,Jay,Raman,Ceo/managing Director,jay.raman@AshokaLion.com,Ashoka Lion,AshokaLion.com,+18664660319,N/A,Houston,TX,N/A,5,1638653,65,"[""Google Analytics"",""Google Font API"",""Google Maps"",""New Relic"",""Nginx"",""Twitter Emoji (Twemoji)"",""WordPress"",""Yoast SEO"",""jQuery"",""jQuery Migrate""]",46564625,catchall,8/5/2024,27d59a51766c631e735222abdd922afd,N/A,N/A,85%,Real Estate,https://facebook.com/ashokalion,https://linkedin.com/company/ashoka-lion,https://twitter.com/ashokalion,N/A,N/A
Jeremy Beer,Jeremy,Beer,Director of Finance,jbeer@crockerpartners.com,Crocker,crockerpartners.com,+15614471810,"5355 Town Center Rd Suite 350 Boca Raton, FL 33486",Fort Lauderdale,FL,"=""33486""",300,0,65,"[""Bootstrap"",""Flickity"",""Modernizr"",""Nginx"",""Polyfill"",""Twitter Emoji (Twemoji)"",""WordPress"",""jQuery""]",39534104,catchall,1/10/2022,55cb47e532542f44747c87e2e292effc,N/A,N/A,85%,Real Estate,N/A,https://linkedin.com/company/crocker-partners-llc,N/A,N/A,N/A
Jay Fischoff,Jay,Fischoff,Principal and Chief Operating Officer,jbf@pyneco.com,Pyne,pyneco.com,N/A,N/A,New York,NY,N/A,5,7000000,65,"[""Microsoft ASP.NET""]",37170002,catchall,N/A,7c245d7cb7afcb080026dfa674ef7824,N/A,N/A,85%,Real Estate,N/A,N/A,N/A,N/A,N/A
Jim Bohn,Jim,Bohn,Executive Vice President & COO,jbohn@kielyhines.com,"Kiely, Hines & Associates Insurance Agency",kielyhines.com,+18007661853,N/A,Louisville,KY,N/A,30,5700128,64,"[""Font Awesome"",""Google Analytics"",""Nginx"",""PHP"",""Twitter Emoji (Twemoji)"",""WordPress"",""Yoast SEO"",""YouTube"",""jQuery"",""jQuery Migrate""]",44739507,catchall,4/9/2021,9854866fcf3e9426a2bad749314aadc0,N/A,N/A,85%,Insurance Agents: Brokers: and Service,https://facebook.com/kielyhines,https://linkedin.com/company/1381357,https://twitter.com/khainsurance,N/A,https://youtube.com/user/kielyhines
Jose Bosco Maldonado,Jose,Maldonado,Executive Vice President & Chief Financial Officer,jbosco-maldonado@associaonline.com,Associa Tions,associaonline.com,+18008084882,"Suite 300 Dallas, TX 75205",Dallas,TX,"=""75205""",3000,2000000000,65,"[""Bootstrap"",""Font Awesome"",""Google Analytics"",""Google Font API"",""Google Tag Manager"",""Modernizr"",""Pardot"",""SumoMe"",""Twitter"",""jQuery""]",36616025,catchall,8/5/2024,69e00d1367b125ccc287851d3cb0de91,N/A,N/A,85%,Real Estate,https://facebook.com/associa,https://linkedin.com/company/associa,https://twitter.com/associa,N/A,https://youtube.com/user/associamarketing
Jose Bosco Maldonado,Jose,Maldonado,Executive Vice President & Chief Financial Officer,jbosco-maldonado@legumnorman.com,Associa Tions Insurance Agency,legumnorman.com,+18008084882,"Suite 300 Dallas, TX 75205",Washington,DC,"=""75205""",300,600000000,65,"[""Bootstrap"",""Font Awesome"",""Google Analytics"",""Google Font API"",""Google Tag Manager"",""Modernizr"",""Pardot"",""SumoMe"",""Twitter"",""jQuery""]",37535595,catchall,12/11/2023,c076058595b17c68efe71d0fffe29114,N/A,N/A,85%,Real Estate,https://facebook.com/associa,https://linkedin.com/company/associa,https://twitter.com/associa,N/A,https://youtube.com/user/associamarketing
James Brown,James,Brown,Director of Operations,jbrown@pecofacet.com,Pecofacet,pecofacet.com,N/A,N/A,Fort Worth,TX,N/A,300,600000000,13,[],40702229,catchall,N/A,0721d98c7e6b880906479ee724f52be9,N/A,N/A,85%,Oil and Gas Extraction,N/A,N/A,N/A,N/A,N/A
Jonathan Brundige,Jonathan,Brundige,Chief Operating Officer & General Counsel,jbrundige@candlebrookproperties.com,Candlebrook Properties,candlebrookproperties.com,+12124130850,"[Candlebrook Properties, LLC.,745 Fifth Avenue,29th Floor,New York, NY 10151]745 Fifth Avenue, fl 29, New York, NY 10151745 Fifth Avenue 29th Floor New York, NY 10151",New York,NY,"=""10151""",75,35000000,65,[],41838021,catchall,N/A,6b79a3a729086a9768058ecf1b40fd9d,N/A,N/A,85%,Real Estate,N/A,N/A,N/A,N/A,N/A
Josh Carper,Josh,Carper,"Executive Director, Finance",jcarper@greystar.com,Greystar,greystar.com,+17192431002,"750 Bering Drive, Suite 300 Houston, TX 77075",Charlotte,NC,"=""77075""",7500,110000000,65,"[""Google Maps"",""Google Tag Manager""]",39772094,catchall,1/11/2022,528a5912da310cc89ac5d77781dd5d8e,N/A,N/A,85%,Real Estate,https://facebook.com/greystarapts,https://linkedin.com/company/greystar,https://twitter.com/greystarapts,N/A,https://youtube.com/user/greystarapartments
John Carter,John,Carter,"Managing Director, Residential Property Management Operations",jcarter@castoinfo.com,Casto Realty Group,castoinfo.com,+16147442078,"250 Civic Center Dr.,Suite 500 Columbus, OH 43215",Columbus,OH,"=""43215""",300,70000000,65,"[""Bootstrap"",""CloudFlare"",""Facebook"",""Font Awesome"",""Google Analytics"",""Google Font API"",""WordPress"",""jQuery"",""jQuery Migrate""]",37581623,catchall,7/25/2021,6077890793e5547e7d8c3a858cdfc005,N/A,N/A,85%,Real Estate,https://facebook.com/castoinfo,https://linkedin.com/company/casto,https://twitter.com/castoinfo,https://instagram.com/castoinfo,N/A
John Cramer,John,Cramer,Chief Executive Officer/managing Partner,jcramer@trisure.com,Trisure,trisure.com,+18664527425,"4325 Lake Boone Trail, Suite 200, Raleigh, NC 27607Suite 200 Raleigh, NC 27607",Raleigh,NC,"=""27607""",30,1368000000,6411,"[""Apache"",""Google Analytics"",""Google Font API"",""Revslider"",""WordPress"",""Yoast SEO"",""jQuery"",""jQuery Migrate""]",38766603,catchall,7/12/2022,43ac94ceb007e2ac0f88d83e0d642773,N/A,N/A,85%,Insurance Agents: Brokers: and Service,https://facebook.com/pages/trisure/138483812880064,https://linkedin.com/company/126604,https://twitter.com/trisurecorp,N/A,N/A
John Donaldson,John,Donaldson,Chief Financial Officer,jdonaldson@cap-mpt.com,Physicians For,cap-mpt.com,+18588421187,"333 City Blvd. W., Suite 720 | Orange, CA 92868",Orange,CA,"=""92868""",125,3381000,6411,"[""Acquia Cloud"",""AdRoll"",""Drupal"",""Google Analytics"",""Google Tag Manager"",""Nginx"",""Pardot"",""Varnish"",""Visual Website Optimizer"",""YouTube"",""jQuery""]",37279021,catchall,11/10/2021,784f11f01ae25d76e92ae40e0545d1c5,N/A,N/A,85%,Insurance Agents: Brokers: and Service,https://facebook.com/capphysicians,https://linkedin.com/company/cooperative-of-american-physicians-inc-,https://twitter.com/capphysicians,N/A,N/A
Jeff Barbee,Jeff,Barbee,Director of Operations,jeff.barbee@redledges.com,Red Ledges Land Development,redledges.com,+18777335334,"205 N. Red Ledges Blvd Heber City, Utah 84032",unknown city,unknown state,"=""84032""",30,6000000,65,"[""AddToAny"",""Apache"",""Bootstrap"",""CloudFlare"",""Google Analytics"",""Google Font API"",""Google Tag Manager"",""LiveChat"",""OWL Carousel"",""Revslider"",""Slick"",""Typekit"",""WP Rocket"",""WordPress"",""jQuery"",""jQuery Migrate"",""scrollreveal""]",39398470,catchall,N/A,33714b8e3d664880e30724afc0f91c35,N/A,N/A,85%,Real Estate,https://facebook.com/redledges,N/A,N/A,https://instagram.com/redledgesrealestate,https://youtube.com/channel/ucjia67flxzhb3-1_ie5sa5g
Jeff Vossen,Jeff,Vossen,COO - Guardian Companies,jeff@guardiancompanies.com,Guardian Companies Is,guardiancompanies.com,+16124554000,"6636 Cedar Ave S #300 Minneapolis, MN, 55423",unknown city,unknown state,"=""55423""",30,16000000,65,"[""Apache"",""PHP""]",43584163,catchall,7/25/2022,fbc7b259a00b938ef7aedba7adab7069,N/A,N/A,85%,Real Estate,https://facebook.com/guardiancompanies,N/A,https://twitter.com/guardiancompani,N/A,N/A
Jeff Kobs,Jeff,Kobs,Director – Engineering and Pipeline Operations,jeff.kobs@cpenergy.com,Cp Energy,cpenergy.com,+12818880328,"317 Lilac Drive, Suite 200 Edmond, OK 73034",unknown city,unknown state,"=""73034""",75,9500213,13,"[""Drupal"",""Google Analytics"",""Google Font API"",""Nginx"",""PHP"",""TweenMax"",""jQuery""]",46604291,catchall,3/2/2023,97d7066672472e1d09bcfc1028309853,N/A,N/A,85%,Oil and Gas Extraction,N/A,N/A,N/A,N/A,N/A
Jeffrey K Brown,Jeffrey,Brown,CFO,jeffrey@squarefoot.com,Squarefoot,squarefoot.com,+19179092953,N/A,New York,NY,N/A,75,9500213,65,"[""AdRoll"",""Express"",""Google Analytics"",""HubSpot"",""New Relic"",""React"",""Segment""]",36607444,catchall,8/9/2023,5a4a07306af213915025e2e4f92a4f2d,N/A,N/A,85%,Real Estate,https://facebook.com/thesquarefoot,https://linkedin.com/company/squarefoot-,https://twitter.com/thesqft,https://instagram.com/squarefoot_,N/A
Jeff Arakelian,Jeff,Arakelian,Chief Executive Officer,jeff@sarasotarealtors.com,Myrasm,sarasotarealtors.com,+19419523412,"2320 Cattlemen Road Sarasota, FL 34232South Office, 2320 Cattlemen Road, Sarasota, FL",Sarasota,FL,N/A,30,1794260,65,"[""Facebook"",""Font Awesome"",""Google Analytics"",""Google Font API"",""Modernizr"",""OpenResty"",""Twitter Emoji (Twemoji)"",""Varnish"",""WordPress"",""animate.css"",""jQuery"",""jQuery Migrate"",""jQuery UI""]",36619738,catchall,8/5/2024,7c4f6dc3a2b893dd14282095c0e6eee4,N/A,N/A,85%,Real Estate,https://facebook.com/sarasotarealtors,https://linkedin.com/in/jessesunday,https://twitter.com/rasm_realtors,N/A,https://youtube.com/channel/ucxshtpo9s5xjbsq1nhqlpla
Jeff Engel,Jeff,Engel,Chief Operating Officer,jeff@trustisg.com,Ici,trustisg.com,+13163215600,"8521 E 21st St N, Wichita, KS 67206, USA",Wichita,KS,N/A,30,5700128,64,"[""Apache"",""FancyBox"",""Google Analytics"",""Google Font API"",""Twitter Emoji (Twemoji)"",""WordPress"",""Yoast SEO"",""jQuery""]",36922219,catchall,4/9/2021,362d40c1bc50425419484de8ee9849c7,N/A,N/A,85%,Insurance Agents: Brokers: and Service,https://facebook.com/ici.insurance,N/A,N/A,N/A,https://youtube.com/channel/uc88kvu-mxubbe9bvvtmojmq
Jeff Weiner,Jeff,Weiner,Chief Executive Officer,jeff.weiner@symphonic-inv.com,Linkedin Logo Linkedin,symphonic-inv.com,N/A,N/A,Decorah,IA,N/A,30,5700128,65,"[""Google Analytics"",""Java"",""YouTube""]",36576246,catchall,8/5/2024,ed1248626c4ac45366b9f572d08ef1e6,N/A,N/A,85%,Real Estate,https://facebook.com/linkedin,https://linkedin.com/company/linkedin,https://twitter.com/linkedin/lists/official-linkedin,N/A,https://youtube.com/user/linkedin
Jeff Engel,Jeff,Engel,Chief Operating Officer,jengel@icblueskies.com,Ici,icblueskies.com,+13163215600,"120 W Central Ave, El Dorado, KS 67042",El Dorado,KS,"=""67042""",30,6000000,6411,"[""Apache"",""FancyBox"",""Google Analytics"",""Google Font API"",""Twitter Emoji (Twemoji)"",""WordPress"",""Yoast SEO"",""jQuery""]",40067409,catchall,10/2/2023,6fa37d86e5b86572b96d2a0b9e3127c6,N/A,N/A,85%,Insurance Agents: Brokers: and Service,https://facebook.com/ici.insurance,N/A,N/A,N/A,https://youtube.com/channel/uc88kvu-mxubbe9bvvtmojmq
Jeff Engel,Jeff,Engel,Chief Operating Officer,jengel@madrigalinsurance.com,Ici,madrigalinsurance.com,+13163215600,"8521 E 21st St N, Wichita, KS 67206, USA",Wichita,KS,N/A,30,10000000,6411,"[""Apache"",""FancyBox"",""Google Analytics"",""Google Font API"",""Twitter Emoji (Twemoji)"",""WordPress"",""Yoast SEO"",""jQuery""]",43484866,catchall,10/2/2023,e39976c6afaeaf7f211540329014a27f,N/A,N/A,85%,Insurance Agents: Brokers: and Service,https://facebook.com/ici.insurance,N/A,N/A,N/A,https://youtube.com/channel/uc88kvu-mxubbe9bvvtmojmq
Jennifer Correa,Jennifer,Correa,Director of Operations,jennifer.correa@investmentpropertygroup.com,Triqor,investmentpropertygroup.com,+19497563232,"4440 Von Karman Ave., Suite 175 Newport Beach, CA 92660",Irvine,CA,"=""92660""",30,5700128,65,"[""Font Awesome"",""Google Font API"",""OWL Carousel"",""Sucuri"",""Underscore.js"",""WordPress"",""Yoast SEO"",""animate.css"",""jQuery"",""jQuery Migrate"",""jQuery UI"",""prettyPhoto""]",41979037,catchall,4/9/2021,0564ceb672ea84463f845ee3113bf117,N/A,N/A,85%,Real Estate,https://facebook.com/triqor,https://linkedin.com/company/triqor-group,N/A,N/A,N/A
Jennifer Rock,Jennifer,Rock,Chief Operating Officer,jenniferrock@flfholdings.com,Flf Holdings,flfholdings.com,+15615756455,"601 Heritage Drive, #227 Jupiter, FL",Jupiter,FL,N/A,5,1638653,65,"[""Apache"",""Bootstrap"",""Font Awesome"",""Google Font API"",""PHP"",""jQuery""]",37510670,catchall,10/2/2023,5a75709c06fa09ecfa475fdf0ad8e63d,N/A,N/A,85%,Real Estate,N/A,N/A,N/A,N/A,N/A
Jenny Harris,Jenny,Harris,Director of Operations,jennylharris@uplandchase.com,Uplandchase,uplandchase.com,N/A,N/A,Corinne,UT,N/A,30,65000000,65,[],39678572,catchall,N/A,e5a14abe0144131c88114c0230e1de44,N/A,N/A,85%,Real Estate,N/A,N/A,N/A,N/A,N/A
Jeremy Pool,Jeremy,Pool,CEO,jeremy.pool@connectmyinsurance.com,Connect,connectmyinsurance.com,+12143409393,N/A,Vancouver,WA,N/A,30,6411000000,6411,"[""Apache"",""CentOS"",""Font Awesome"",""Google Analytics"",""Google Font API"",""PHP"",""React"",""WordPress"",""Yoast SEO"",""animate.css"",""jQuery"",""jQuery Migrate""]",36437037,catchall,3/8/2024,a325b9b92d2f1101576b71004e45846c,N/A,N/A,85%,Insurance Agents: Brokers: and Service,https://facebook.com/connectinsurance,https://linkedin.com/in/jeremypool,N/A,N/A,N/A
Jeremy Sposato,Jeremy,Sposato,Chief Executive Officer,jeremy.sposato@jroberts.com,J. Roberts & Company Real Estate Services,jroberts.com,N/A,N/A,Cape Coral,FL,N/A,30,5700128,65,[],38470791,catchall,8/5/2024,86e248d32d672ce7d22785890fa40bd7,N/A,N/A,85%,Real Estate,N/A,N/A,N/A,N/A,N/A
Gerald Scullin,Gerald,Scullin,Chief Operating Officer,jerry@go2delphi.com,Delphi Business Properties,go2delphi.com,+18187807878,"Suite 211 Van Nuys, California",Van Nuys,CA,N/A,30,7000000,65,"[""Apache"",""CodeIgniter"",""ExpressionEngine"",""Google Font API"",""PHP"",""jQuery""]",38569884,catchall,N/A,985784678202f5aa00c1787cf06b68df,N/A,N/A,85%,Real Estate,N/A,N/A,N/A,N/A,N/A
Jerry Wilson,Jerry,Wilson,President/ceo,jerry@premieradjusters.com,Premier Adjusters,premieradjusters.com,+18002317102,"1229 Buschong Street Houston, TX",Houston,TX,N/A,125,6411000000,6411,"[""FrontPage"",""IIS"",""Unbounce""]",41075867,catchall,3/8/2024,9beb21a0a743d88113f0984fcbde13c5,N/A,N/A,85%,Insurance Agents: Brokers: and Service,N/A,N/A,N/A,N/A,N/A
Jerry Tomlinson,Jerry,Tomlinson,President/ceo,jerry@twentyfirstservices.com,Twenty First Services,twentyfirstservices.com,N/A,N/A,Baton Rouge,LA,N/A,30,6411000000,6411,[],39107951,catchall,3/8/2024,48abbe0e8ec762500a72e7726da52ec3,N/A,N/A,85%,Insurance Agents: Brokers: and Service,N/A,N/A,N/A,N/A,N/A
Jessica Smith,Jessica,Smith,Chief Operating Officer,jessica.smith@westlakeurban.com,Westlake Urban,westlakeurban.com,+15104335889,"1301 Shoreway Road, Suite 150 Belmont, CA",San Mateo,CA,N/A,30,65000000,65,"[""All in One SEO Pack"",""Apache"",""Bootstrap"",""Facebook"",""Font Awesome"",""Google Analytics"",""Twitter Emoji (Twemoji)"",""WordPress"",""animate.css"",""jQuery""]",41527713,catchall,12/15/2021,fcc56ea05ea768a94f8498fa6c1ed201,N/A,N/A,85%,Real Estate,N/A,N/A,https://twitter.com/westlakeurban,N/A,N/A
John Fallon,John,Fallon,CEO,jfallon@embanetcompass.com,Pearson,embanetcompass.com,+13713842255,N/A,Elk Grove Village,IL,N/A,30,5604000000,6411,"[""Adobe Experience Manager"",""Akamai"",""Apache"",""Backbone.js"",""Bootstrap"",""Google Tag Manager"",""Hybris"",""Lodash"",""Swiftype"",""jQuery"",""jQuery UI""]",37076796,catchall,6/14/2023,33d3f053715655fd06df90230b06567c,N/A,N/A,85%,Insurance Agents: Brokers: and Service,https://facebook.com/pearsonplc,https://linkedin.com/company/pearson,https://twitter.com/pearson,N/A,https://youtube.com/user/pearsonplc
Jo Francis,Jo,Francis,Director of Operations,jfrancis@conradeinsurance.com,Conrade Insurance Group,conradeinsurance.com,+18882830096,N/A,Newton,KS,N/A,5,1000000,6411,"[""Apache"",""Bootstrap"",""Font Awesome"",""Google Font API"",""Joomla"",""K2"",""Modernizr"",""MooTools"",""jQuery"",""jQuery Migrate"",""reCAPTCHA"",""scrollreveal""]",44221468,catchall,5/11/2021,3b4324d98772c8d5c76fedb9c269715b,N/A,N/A,85%,Insurance Agents: Brokers: and Service,https://facebook.com/conradeinsurance,https://linkedin.com/company/conrade-insurance-group-inc,N/A,N/A,N/A
Julie Garland,Julie,Garland,Director of Operations,jgarland@kmaccess.com,Kma,kmaccess.com,+16176412802,"1 Bridge Street, Suite A102, Newton, MA 02458",Calhoun,GA,"=""02458""",5,1000000,6411,"[""CloudFlare"",""Font Awesome"",""Google Font API"",""Modernizr"",""Revslider"",""WordPress"",""Yoast SEO"",""jQuery"",""jQuery Migrate"",""Kinsta""]",44906054,catchall,5/8/2024,d09b6b5aa54394125778c3f18fbbe043,N/A,N/A,85%,Insurance Agents: Brokers: and Service,N/A,https://linkedin.com/company/kessler-mcguinness-&-associates-llc,https://twitter.com/kma_access,N/A,N/A
Jackie Gould,Jackie,Gould,Chief Operating Officer,jgould@assuranceagency.com,Assurance,assuranceagency.com,+18884290999,"1750 East Golf Road Schaumburg, IL 60173",Schaumburg,IL,"=""60173""",350,6411000000,6411,"[""Bootstrap"",""Google Analytics"",""Hotjar"",""IIS"",""Microsoft ASP.NET"",""Orchard CMS"",""Sentry"",""Twitter"",""jQuery"",""jQuery Migrate""]",45904948,catchall,8/16/2021,811be7e4544c9aa9af049cc2d9343f9d,N/A,N/A,85%,Insurance Agents: Brokers: and Service,https://facebook.com/assuranceateam,https://linkedin.com/company/assurance,https://twitter.com/assuranceateam,https://instagram.com/assuranceateam,https://youtube.com/user/assurancetube
James Grierson,James,Grierson,CEO,jgrierson@boyntoninsurance.com,Bluehost.com,boyntoninsurance.com,+18447411192,N/A,Needham,MA,N/A,5,994980,6411,"[""Google Analytics"",""Nginx""]",36427067,catchall,11/8/2021,2c882f3e527d4fd391f4dde55f4d48b3,N/A,N/A,85%,Insurance Agents: Brokers: and Service,https://facebook.com/bluehost,https://linkedin.com/company/bluehost-com,https://twitter.com/bluehost,https://instagram.com/bluehost,https://youtube.com/user/bluehost
John Griffin,John,Griffin,COO,jgriffin@differencecard.com,Difference Card,differencecard.com,+18883432110,"Suite 605 White Plains, NY 10601",White Plains,NY,"=""10601""",30,36000000,6411,"[""Azure"",""Bootstrap"",""Font Awesome"",""Google Font API"",""IIS"",""Microsoft ASP.NET"",""Modernizr"",""jQuery""]",42809648,catchall,5/16/2024,2806109a99c17c52c7601da2e2d1b228,N/A,N/A,85%,Insurance Agents: Brokers: and Service,N/A,N/A,N/A,N/A,N/A
Jonathan Hageman,Jonathan,Hageman,Director of Operations,jhageman@dubraski.com,Dubraski,dubraski.com,N/A,N/A,San Diego,CA,N/A,30,6411000000,6411,"[""Apache"",""Bootstrap"",""Google Font API"",""PHP"",""jQuery""]",39450471,catchall,N/A,a22f0c88c79af8a556b86a1a24f560e3,N/A,N/A,85%,Insurance Agents: Brokers: and Service,N/A,N/A,N/A,N/A,N/A
Jon Henderson,Jon,Henderson,Finance Director,jhenderson@francis.edu,Francis,francis.edu,+18144723119,"117 Evergreen Drive P.O. Box 600 Loretto, PA 15940",Loretto,PA,"=""15940""",750,154210747,65,"[""AdRoll"",""Google Analytics"",""Google Tag Manager"",""IIS"",""Microsoft ASP.NET"",""Modernizr"",""Typekit""]",45852873,catchall,6/6/2023,9370824bd39424d3ea65785f7e093f73,N/A,N/A,85%,Real Estate,https://facebook.com/saintfrancisuniversity,https://linkedin.com/in/sfucareer,https://twitter.com/saintfrancispa,https://instagram.com/saintfrancispa,https://youtube.com/user/saintfrancisu
Jerry Hensley,Jerry,Hensley,Chief Financial Officer,jhensley@bankregent.com,Regent,bankregent.com,+14058413210,"Board Certified Neurosurgeon, St John Health Systems, Tulsa, OK",S Coffeyville,OK,N/A,N/A,0,65,"[""Envoy"",""Facebook"",""Google Analytics"",""Google Tag Manager"",""Nginx"",""Play"",""Varnish"",""jQuery""]",36701871,catchall,10/6/2023,6f6b0d7daa52a8fb8502fdce43b8288f,N/A,N/A,85%,Real Estate,https://facebook.com/regentbank,https://linkedin.com/company/regent-bank-oklahoma,https://twitter.com/regentbank,https://instagram.com/regent.bank,https://youtube.com/channel/uc7dswndbwqqnrdo7xgrisig
Joe Henson,Joe,Henson,Director of Funeral Operations,jhenson@mt-sinai.com,Mount Sinai Memorial Parks,mt-sinai.com,+13237330322,"5950 Forest Lawn Drive Los Angeles, CA 90068",Los Angeles,CA,"=""90068""",125,6760000,65,"[""Bootstrap"",""CloudFlare"",""Font Awesome"",""Google Font API"",""Lightbox"",""PHP"",""Revslider"",""Statcounter"",""Sucuri"",""Underscore.js"",""WordPress"",""jQuery"",""jQuery Migrate""]",40487154,catchall,4/9/2021,c53c3e7741e651b84a6e1c6ad6c95ea7,N/A,N/A,85%,Real Estate,https://facebook.com/mountsinaiparks,https://linkedin.com/company/mount-sinai-memorial-parks-and-mortuaries,N/A,N/A,https://youtube.com/channel/ucuvdt-b4su-3lojaj-5sgxq/feed
James Hilt,James,Hilt,"Executive Vice President, Chief Marketing Officer & Ecommerce",jhilt@express.com,Express,express.com,(800) 695-1788,N/A,Sitka,AK,N/A,5,576180,39,[],36637649,catchall,1/24/2024,1620557e688e366d95657ac3744e6291,N/A,N/A,85%,Miscellaneous Manufacturing Industries,N/A,N/A,N/A,N/A,N/A
Jon Hunter,Jon,Hunter,Chief Operating Officer,jhunter@associacolorado.com,Associa Tions,associacolorado.com,+18008084882,"Suite 300 Dallas, TX 75205",unknown city,unknown state,"=""75205""",30,5700128,65,"[""Bootstrap"",""Font Awesome"",""Google Analytics"",""Google Font API"",""Google Tag Manager"",""Modernizr"",""Pardot"",""SumoMe"",""Twitter"",""jQuery""]",38022391,catchall,10/2/2023,91754c244ebadc3a8fa0bb8f076790e7,N/A,N/A,85%,Real Estate,https://facebook.com/associa,https://linkedin.com/company/associa,https://twitter.com/associa,N/A,https://youtube.com/user/associamarketing
Jon Hunter,Jon,Hunter,Chief Operating Officer,jhunter@drminternet.com,Associa Tions,drminternet.com,+18008084882,"Suite 300 Dallas, TX 75205",Los Angeles,CA,"=""75205""",30,5700128,65,"[""Bootstrap"",""Font Awesome"",""Google Analytics"",""Google Font API"",""Google Tag Manager"",""Modernizr"",""Pardot"",""SumoMe"",""Twitter"",""jQuery""]",44933462,catchall,5/10/2023,ab351491348ad91f9bf9eeb01f2b3122,N/A,N/A,85%,Real Estate,https://facebook.com/associa,https://linkedin.com/company/associa,https://twitter.com/associa,N/A,https://youtube.com/user/associamarketing
Jon Hunter,Jon,Hunter,Chief Operating Officer,jhunter@legumnorman.com,Associa Tions Insurance Agency,legumnorman.com,+18008084882,"Suite 300 Dallas, TX 75205",Washington,DC,"=""75205""",300,600000000,65,"[""Bootstrap"",""Font Awesome"",""Google Analytics"",""Google Font API"",""Google Tag Manager"",""Modernizr"",""Pardot"",""SumoMe"",""Twitter"",""jQuery""]",37535593,catchall,10/2/2023,c23b47723c4318645aca82db8b1442f4,N/A,N/A,85%,Real Estate,https://facebook.com/associa,https://linkedin.com/company/associa,https://twitter.com/associa,N/A,https://youtube.com/user/associamarketing
Jon Hunter,Jon,Hunter,Chief Operating Officer,jhunter@pcminternet.com,Associa Tions,pcminternet.com,+18008084882,"Suite 300 Dallas, TX 75205",Foothill Ranch,CA,"=""75205""",30,10033920,65,"[""Bootstrap"",""Font Awesome"",""Google Analytics"",""Google Font API"",""Google Tag Manager"",""Modernizr"",""Pardot"",""SumoMe"",""Twitter"",""jQuery""]",45416611,catchall,4/9/2021,95a1a33a193951b2c4a1d26f54f80110,N/A,N/A,85%,Real Estate,https://facebook.com/associa,https://linkedin.com/company/associa,https://twitter.com/associa,N/A,https://youtube.com/user/associamarketing
Jon Hunter,Jon,Hunter,Chief Operating Officer,jhunter@prescottmgt.com,Associa Tions,prescottmgt.com,+18008084882,"Suite 300 Dallas, TX 75205",Carlsbad,CA,"=""75205""",125,13000000,65,"[""Bootstrap"",""Font Awesome"",""Google Analytics"",""Google Font API"",""Google Tag Manager"",""Modernizr"",""Pardot"",""SumoMe"",""Twitter"",""jQuery""]",43022238,catchall,10/2/2023,fc0509fdf5a7dfd1ae3be58616736945,N/A,N/A,85%,Real Estate,https://facebook.com/associa,https://linkedin.com/company/associa,https://twitter.com/associa,N/A,https://youtube.com/user/associamarketing
Jill Dorr,Jill,Dorr,Director of Operations,jilldorr@slifersummit.com,Summit County,summitcountyliving.com,+19704539090,"PO Box 959 Breckenridge, CO 80424",Breckenridge,CO,"=""80424""",N/A,0,65,"[""Amazon ELB"",""Apache"",""Bootstrap"",""CentOS"",""FancyBox"",""Font Awesome"",""Google Analytics"",""Microsoft ASP.NET"",""Modernizr"",""OpenSSL"",""PHP"",""Slick"",""jQuery"",""reCAPTCHA""]",37344279,catchall,9/10/2024,71770a20952d997ccfa27f0ff66234b5,N/A,N/A,85%,Real Estate,https://facebook.com/summitcountyre,N/A,N/A,https://instagram.com/ssfsummitcounty,N/A
Jill Paris,Jill,Paris,Director of Agency Operations/independent ...,jill@insuranceagencyaccountants.com,Insurance Agency,insuranceagencyaccountants.com,+18606147268,"182 Birge Park Rd, Harwinton, CT 06791",Harwinton,CT,"=""06791""",5,1638653,6411,"[""Google Analytics"",""Modernizr"",""Nginx"",""Plesk"",""Twitter Emoji (Twemoji)"",""WordPress"",""Yoast SEO"",""jQuery"",""jQuery Migrate""]",46291528,catchall,5/8/2024,ea6dd94a2ba3e58d2e279d7e19fb0e34,N/A,N/A,85%,Insurance Agents: Brokers: and Service,https://facebook.com/insuranceagencyaccounting,https://linkedin.com/company/insurance-agency-accounting-&-bookkeeping,https://twitter.com/insacct,N/A,N/A
Jim Vaughn,Jim,Vaughn,Director Agency Operations &amp; Marketing,jim@hoodhargett.com,Hood Hargett,hoodhargett.com,+18002344433,"P.O. Box 30127 Charlotte, NC 28230-0127Suite 325 Charlotte, NC 28202",Charlotte,NC,"=""28202""",30,1589760,6411,"[""Google Analytics"",""Google Tag Manager"",""Nginx"",""WP Engine"",""WordPress"",""Yoast SEO"",""ZURB Foundation"",""jQuery""]",37992061,catchall,12/17/2020,d528ac82f38ed9006d6dbe63a761e6ee,N/A,N/A,85%,Insurance Agents: Brokers: and Service,N/A,N/A,N/A,N/A,N/A
Jim Vaughn,Jim,Vaughn,Director Agency Operations &amp; Marketing,jim@hoodhargett.com,Hood Hargett,hoodhargett.com,+18002344433,"P.O. Box 30127 Charlotte, NC 28230-0127Suite 325 Charlotte, NC 28202",Charlotte,NC,"=""28202""",30,1589760,6411,"[""Google Analytics"",""Google Tag Manager"",""Nginx"",""WP Engine"",""WordPress"",""Yoast SEO"",""ZURB Foundation"",""jQuery""]",37992099,catchall,12/17/2020,0c2dbafd3321ef8f5857c18dbefb4ae3,N/A,N/A,85%,Insurance Agents: Brokers: and Service,N/A,N/A,N/A,N/A,N/A
Jim Knight,Jim,Knight,CFO &amp; COO,jim.knight@american-ins.com,American Insurance Investment,american-ins.com,+18013643434,N/A,Las Vegas,NV,N/A,5,1000000,6411,"[""Facebook"",""Font Awesome"",""Google Analytics"",""Google Font API"",""Google Maps"",""Google Plus"",""Google Tag Manager"",""Java"",""LiteSpeed"",""animate.css"",""jQuery"",""jQuery Migrate"",""jQuery UI"",""Litespeed Cache""]",37144579,catchall,10/6/2021,a76c87de8a7eff8d387e29e12408e45a,N/A,N/A,85%,Insurance Agents: Brokers: and Service,N/A,N/A,N/A,N/A,N/A
Jim Pieri,Jim,Pieri,President & CEO,jim.pieri@mountainwest.com,Mountainwest,mountainwest.com,N/A,N/A,Chula Vista,CA,N/A,5,65000000,65,"[""Squarespace"",""Typekit"",""YUI"",""webpack""]",39974825,catchall,8/5/2024,7c92dcbcf038c51b098446f39d011469,N/A,N/A,85%,Real Estate,N/A,N/A,N/A,N/A,N/A
Jim Grube,Jim,Grube,Chief Financial Officer,jim@rangeprop.com,Vacasa,rangeprop.com,+18884330068,"850 NW 13th Ave., Portland, OR 97209",Lorain,OH,"=""97209""",5,1638653,65,"[""Amazon Cloudfront"",""Bootstrap"",""Django"",""Font Awesome"",""Google Font API"",""Google Tag Manager"",""Nginx"",""Optimizely"",""Sentry"",""Slick"",""jQuery"",""jQuery UI"",""webpack""]",36573713,catchall,10/6/2023,42ca48a3c69c561892cf50fadf78967c,N/A,N/A,85%,Real Estate,N/A,N/A,N/A,N/A,N/A
Jr Jim,Jr,Jim,CEO,jjim@loomisco.com,Loomis,loomisco.com,+18668157696,"Christmas Tree Lane The Loomis Company participated in the Christmas Tree Lane decorating contest held in Lancaster, PA.",Wyomissing,PA,N/A,300,265000000,6411,"[""Apache"",""Cufon"",""Google Analytics"",""Google Font API"",""Twitter"",""Twitter Emoji (Twemoji)"",""Ubuntu"",""WordPress"",""Yoast SEO"",""jQuery"",""jQuery Migrate"",""prettyPhoto""]",37835302,catchall,12/11/2023,b3e93455f09771e7ef4fd0878e48b90c,N/A,N/A,85%,Insurance Agents: Brokers: and Service,https://facebook.com/loomisco,https://linkedin.com/company/the-loomis-company,https://twitter.com/theloomisco,N/A,N/A
Jeff Johnson,Jeff,Johnson,"Coo, Partner",jjohnson@cypresswestpartners.com,Cypress West,cypresswestpartners.com,+19496293799,ed,Ladera Ranch,CA,N/A,5,1000000,65,"[""Apache"",""Font Awesome"",""Google Analytics"",""Google Font API"",""PHP"",""Twitter Emoji (Twemoji)"",""WordPress"",""jQuery"",""jQuery UI""]",43342337,catchall,N/A,e368fd1a91bc839139add9d1511d1f63,N/A,N/A,85%,Real Estate,https://facebook.com/cypresswestrealty,https://linkedin.com/company/cypress-west-realty-partners-llc,https://twitter.com/cypresswest,N/A,N/A
Joshua Katz,Joshua,Katz,"Managing Director, Strategy & Operations",jkatz@katzproperties.com,Katz Properties,katzproperties.com,+12674624955,"254 West 31st Street 4th Floor New York, NY 10001",New York,NY,"=""10001""",75,9500213,65,"[""Apache"",""Modernizr"",""PHP"",""Twitter Emoji (Twemoji)"",""WordPress"",""jQuery"",""jQuery Migrate""]",37160851,catchall,4/9/2021,047da3d16c9ce5a500f9fae7a28a9119,N/A,N/A,85%,Real Estate,https://facebook.com/kprcenters,https://linkedin.com/company/kprcenters,https://twitter.com/kprcenters,N/A,N/A
Joshua Kristowski,Joshua,Kristowski,CFO,jkristowski@nationalland.com,Land For,nationalland.com,+14056682001,"St. Cloud, FL Office",Columbia,SC,N/A,300,0,65,"[""AddThis"",""Apache"",""D3"",""Facebook"",""FancyBox"",""Font Awesome"",""Modernizr"",""PHP"",""ZURB Foundation"",""jQuery""]",37220012,catchall,11/11/2021,03588a2e078d78ec1be56900a00dfdb2,N/A,N/A,85%,Real Estate,https://facebook.com/nationallandrealty,https://linkedin.com/company/2448696,https://twitter.com/nationallandrlt,N/A,https://youtube.com/user/nationallandrealty
John Longino,John,Longino,Chief Financial Officer,jlongino@jporleans.com,Jporleans,jporleans.com,+19803435700,"1911 Associates Lane, Suite E Charlotte, NC 28217",Las Vegas,NV,"=""28217""",N/A,0,65,"[""Apache"",""Facebook"",""FancyBox"",""Font Awesome"",""Google Analytics"",""Google Font API"",""Google Tag Manager"",""Slick"",""WordPress"",""Yoast SEO"",""jQuery"",""jQuery Migrate"",""jQuery UI""]",38493314,catchall,10/6/2023,61ccfc4a69e518059c34b6b7a3f0ee78,N/A,N/A,85%,Real Estate,https://facebook.com/jporleans1918,N/A,https://twitter.com/jporleans,https://instagram.com/jporleans,N/A
Jean Manning,Jean,Manning,Director of Operations,jmanning@rmfriedland.com,Rm Friedland,rmfriedland.com,+19149803777,"12 fitch St Norwalk, CT",New York,NY,N/A,30,7000000,65,"[""Font Awesome"",""Google Font API"",""Google Maps"",""Gravity Forms"",""MediaElement.js"",""WordPress"",""Yoast SEO"",""jQuery"",""jQuery Migrate""]",38839342,catchall,5/17/2022,f540b7861f27b21f5222fd09d81b665b,N/A,N/A,85%,Real Estate,https://facebook.com/rmfriedland,https://linkedin.com/company/rmfriedland,https://twitter.com/rmfriedlandcre,https://instagram.com/rmfriedland,N/A
Jan Mansel,Jan,Mansel,COO,jmansel@ppmrealty.com,Ppm Realty Is,ppmrealty.com,+14124432942,"1308 Peermont Ave. Pittsburgh, PA 15216",Pittsburgh,PA,"=""15216""",30,5700128,65,"[""Backbone.js"",""Bootstrap"",""CloudFlare"",""Facebook"",""Google Analytics"",""Google Maps"",""MediaElement.js"",""Modernizr"",""Moment Timezone"",""Moment.js"",""OWL Carousel"",""RequireJS"",""Supersized"",""Typekit"",""UIKit"",""Underscore.js"",""jQuery"",""jQuery UI"",""reCAPTCHA""]",45632116,catchall,3/7/2022,cdd64aef989f3b1a563188c1f2235d44,N/A,N/A,85%,Real Estate,https://facebook.com/ppmrealty,N/A,https://twitter.com/ppmrealty,N/A,N/A
Jean Marie Manning,Jean,Manning,Director of Operations,jmariemanning@rmfriedland.com,Rm Friedland,rmfriedland.com,+19149803777,"12 fitch St Norwalk, CT",New York,NY,N/A,30,7000000,65,"[""Font Awesome"",""Google Font API"",""Google Maps"",""Gravity Forms"",""MediaElement.js"",""WordPress"",""Yoast SEO"",""jQuery"",""jQuery Migrate""]",38839346,catchall,4/9/2021,40e1c8ff8b2bb6667a571153ce2cbef1,N/A,N/A,85%,Real Estate,https://facebook.com/rmfriedland,https://linkedin.com/company/rmfriedland,https://twitter.com/rmfriedlandcre,https://instagram.com/rmfriedland,N/A
Jessica Miller,Jessica,Miller,"Director, Fp&amp;a Finance",jmiller@express.com,Express,express.com,(800) 695-1788,N/A,Sitka,AK,N/A,5,576180,39,[],36637672,catchall,1/11/2022,b06fe7a8a2da7e49e98d1a64bf8062a6,N/A,N/A,85%,Miscellaneous Manufacturing Industries,N/A,N/A,N/A,N/A,N/A
Jeff Muir,Jeff,Muir,Chief Operating Officer,jmuir@wardservices.com,Ward Services,wardservices.com,+18006736472,N/A,Columbia,SC,N/A,125,6411000000,6411,"[""Apache"",""Elementor"",""Font Awesome"",""Slick"",""Twitter Emoji (Twemoji)"",""WordPress"",""Yoast SEO"",""jQuery"",""jQuery Migrate""]",37032685,catchall,N/A,110c0b8af0c8f7a22a827eced385a35a,N/A,N/A,85%,Insurance Agents: Brokers: and Service,N/A,N/A,N/A,N/A,N/A
Jim Neal,Jim,Neal,CFO,jneal@clark-mortenson.com,Clark Mortenson,clark-mortenson.com,+16033522121,"102 Main Street PO Box 606 Keene, NH 03431102 Main Street, Keene, NH 03431",Keene,NH,"=""03431""",125,6411000000,6411,"[""Apache"",""Bootstrap"",""CloudFlare"",""Facebook"",""Font Awesome"",""Google Analytics"",""Google Font API"",""Google Maps"",""Google Tag Manager"",""HubSpot"",""Modernizr"",""OWL Carousel"",""SWFObject"",""Twitter"",""Twitter Emoji (Twemoji)"",""WordPress"",""Yoast SEO"",""jQuery"",""jQuery Migrate"",""jQuery UI"",""reCAPTCHA""]",46179215,catchall,12/2/2021,54853406911efc2d9424d813a784ab1b,N/A,N/A,85%,Insurance Agents: Brokers: and Service,https://facebook.com/clarkmortenson,https://linkedin.com/company/804120,https://twitter.com/clarkmortenson,N/A,https://youtube.com/user/clarkmortenson1
Joe Gutierrez,Joe,Gutierrez,CEO,joe@joegutierrez.org,Joe Gutierrez - State Farm Insurance Agent,joegutierrez.org,+17852722700,N/A,Topeka,KS,N/A,N/A,0,64,[],36924629,catchall,11/8/2021,c1b9fefde8bf8552272cf489af5b1692,N/A,N/A,85%,Insurance Agents: Brokers: and Service,https://facebook.com/statefarm,https://linkedin.com/company/state_farm,https://twitter.com/statefarm,N/A,N/A
Joe Ollis,Joe,Ollis,Founder/coo,joeollis@smartcapgroup.com,Smartcap Group,smartcapgroup.com,+14258968561,"8201 164th Ave NE, Suite 110, Redmond, WA 98052",Redmond,WA,"=""98052""",5,1000000,65,"[""Bootstrap"",""Font Awesome"",""Glyphicons"",""Google Analytics"",""jQuery""]",38599012,catchall,N/A,22e20486a523434d0f2933cb0a91b1f4,N/A,N/A,85%,Real Estate,https://facebook.com/smartcapgroup,https://linkedin.com/company/the-smartcap-group,https://twitter.com/smartcap_group,N/A,N/A
Joe Ollis,Joe,Ollis,Cofounder and COO,joe.ollis@thesmartcapgroup.com,Smartcap Group,thesmartcapgroup.com,+14258968561,"8201 164th Ave NE, Suite 110",Sammamish,WA,"=""00110""",5,1638653,65,"[""Bootstrap"",""Font Awesome"",""Glyphicons"",""Google Analytics"",""jQuery""]",46732613,catchall,N/A,e72ebc5321cc4afedda9e7a3d2f4179c,N/A,N/A,85%,Real Estate,https://facebook.com/smartcapgroup,https://linkedin.com/company/the-smartcap-group,https://twitter.com/smartcap_group,N/A,N/A
Joe Salemi,Joe,Salemi,Regional Director of Operations,joe.salemi@eastern-estates.com,Eastern Estates Property Management,eastern-estates.com,+17033768831,N/A,Dulles,VA,N/A,30,6000000,65,"[""Gentoo"",""Linkedin"",""OpenResty"",""PHP""]",41677307,catchall,N/A,7680b0332b3b588e56007c6823a04224,N/A,N/A,85%,Real Estate,N/A,N/A,N/A,N/A,N/A
John Dawson,John,Dawson,Operations Director,john.dawson@irisndt.com,Irisndt,irisndt.com,+12253845588,"905 Georgia Avenue Deer Park, TX 77536",Houston,TX,"=""77536""",750,150000000,13,"[""DreamWeaver"",""Google Analytics"",""IIS"",""PHP""]",41414856,catchall,N/A,723fd669d7ffcd8c90f29013306c79e9,N/A,N/A,85%,Oil and Gas Extraction,N/A,N/A,N/A,N/A,N/A
"John Moraites, Cfp",John,Cfp,Ceo/managing Partner,john@firmconsultinggrp.com,Firm Consulting Group,firmconsultinggrp.com,+18776369525,"2107 W. Cass Street Ste. B Tampa, Florida 33606",unknown city,unknown state,"=""33606""",5,1638653,6411,"[""Apache"",""Google Font API"",""PHP"",""Revslider"",""UNIX"",""WordPress"",""jQuery"",""jQuery Migrate"",""mod_fastcgi"",""mod_perl"",""prettyPhoto""]",37868391,catchall,N/A,5ad3c23f2f4b5b78bffd5a2bc8e22103,N/A,N/A,85%,Insurance Agents: Brokers: and Service,N/A,N/A,N/A,N/A,N/A
John Gates,John,Gates,"Ceo, Markets",john.gates@jll.com,Jll,jll.com,+13122282795,St. Louis Virginia,Chicago,IL,N/A,5000,6800000000,65,"[""AddThis"",""Adobe DTM"",""Adobe Experience Manager"",""Akamai"",""Apache"",""Bootstrap"",""Ensighten"",""Google Font API"",""jQuery"",""reCAPTCHA""]",40662943,catchall,N/A,9f897cb6a5bc1432037e7f822a38ae66,N/A,N/A,85%,Real Estate,https://facebook.com/jll,https://linkedin.com/company/jll,https://twitter.com/jll,N/A,https://youtube.com/user/joneslanglasalle
John Gizzio,John,Gizzio,CEO,johngizzio@ace-it.com,Ace-it,ace-it.com,+16104293131,"Suite 109 West Chester, PA 19380",unknown city,unknown state,"=""19380""",125,6411000000,6411,"[""Bootstrap"",""Google Analytics"",""IIS"",""Microsoft ASP.NET"",""jQuery""]",46582525,catchall,N/A,744ad9a3feba6fa19f197d0fea6e1c6a,N/A,N/A,85%,Insurance Agents: Brokers: and Service,N/A,N/A,N/A,N/A,N/A
John Lacava,John,Lacava,President & CEO - Principal,john.lacava@aranins.com,Aran Insurance Services Group,aranins.com,N/A,N/A,unknown city,unknown state,N/A,125,6411000000,6411,"[""Amazon EC2"",""Apache"",""Bootstrap"",""FlexSlider"",""Font Awesome"",""Google Font API"",""OWL Carousel"",""animate.css"",""jQuery"",""prettyPhoto""]",45319786,catchall,N/A,d2fdf593d8643c7a14250f011bbae4a1,N/A,N/A,85%,Insurance Agents: Brokers: and Service,https://facebook.com/araninsuranceservicesgroup,N/A,N/A,N/A,N/A
John Bosman,John,Bosman,COO,john@midtown-national.com,Midtown National Group,midtown-national.com,+18585460033,N/A,San Diego,CA,N/A,5,1638653,65,"[""Apache"",""Bootstrap"",""Font Awesome"",""Google Analytics"",""Google Font API"",""Google Maps"",""Google Tag Manager"",""Modernizr"",""OWL Carousel"",""Twitter Emoji (Twemoji)"",""WordPress"",""Yoast SEO"",""animate.css"",""jQuery"",""jQuery Migrate"",""jQuery Mobile""]",38992077,catchall,N/A,0a0f975412a220371df8142e49f2823e,N/A,N/A,85%,Real Estate,N/A,https://linkedin.com/in/brian-malk-6a910035,N/A,N/A,N/A
John L Nichols,John,Nichols,Chairman & CEO,johnn@howeinsgrp.com,Howe Insurance Group,howeinsgrp.com,N/A,N/A,unknown city,unknown state,N/A,30,6411000000,6411,"[""IIS"",""Microsoft ASP.NET""]",46434400,catchall,N/A,b1d3ecf161a2439367905e88b7407169,N/A,N/A,85%,Insurance Agents: Brokers: and Service,N/A,N/A,N/A,N/A,N/A
John Watson,John,Watson,Director of Operations,john@pgsouth.com,Specialized,pgsouth.com,+14076823355,N/A,Altamonte Springs,FL,N/A,30,5700128,65,"[""All in One SEO Pack"",""Gravity Forms"",""Lightbox"",""MediaElement.js"",""Nginx"",""Twitter Emoji (Twemoji)"",""WP Engine"",""WordPress"",""jQuery"",""jQuery Migrate""]",41712204,catchall,8/7/2023,dcbaa6460130c110a3539d18379e9a47,N/A,N/A,85%,Real Estate,https://facebook.com/spmorlando,https://linkedin.com/company/specialized247,https://twitter.com/spmorlando,N/A,N/A
John Glaub,John,Glaub,COO,john@pie-ins.com,Professional Insurance Enrollers,pie-ins.com,+15749527737,"54369 30th Street South Bend, IN 46635",South Bend,IN,"=""46635""",30,5700128,64,"[""CodeIgniter"",""ExpressionEngine"",""Google Analytics"",""Google Font API"",""Nginx"",""jQuery"",""reCAPTCHA""]",42655121,catchall,11/6/2020,5fead98b3dddfc4d6049b3291deb5edc,N/A,N/A,85%,Insurance Agents: Brokers: and Service,https://facebook.com/professional.insurance.enrollers,https://linkedin.com/company/professional-insurance-enrollers/about,https://twitter.com/pie_ins,N/A,N/A
John Sender,John,Sender,COO,john.senderjr@js-resources.com,Jsresources,js-resources.com,N/A,N/A,Dallas,TX,N/A,30,65000000,65,[],40622145,catchall,12/15/2021,07719e611f910fbfb3853d75332c0d88,N/A,N/A,85%,Real Estate,N/A,N/A,N/A,N/A,N/A
John Salzwedel,John,Salzwedel,CEO,johns@thehelpfulpeople.com,Grand General Insurance Agency,thehelpfulpeople.com,+18888755230,N/A,Grandville,MI,N/A,30,6411000000,6411,"[""Apache"",""Google Analytics"",""Google Font API"",""Joomla"",""MediaElement.js"",""UIKit"",""jQuery"",""jQuery Migrate""]",36285545,catchall,6/14/2023,726380c86a8d48bc4be12e043881e5a3,N/A,N/A,85%,Insurance Agents: Brokers: and Service,N/A,N/A,N/A,N/A,N/A
John James Dudek,John,Dudek,Chief Operating Officer,john@tenpod.org,Tenpod,tenpod.org,N/A,N/A,Portland,OR,N/A,N/A,0,65,"[""Google Font API"",""Modernizr"",""Squarespace"",""Typekit"",""YUI"",""jQuery""]",42559647,catchall,N/A,4b2558476fafeaa26d6c16d8dc7076b6,N/A,N/A,85%,Real Estate,N/A,N/A,https://twitter.com/tenpodpdx,https://instagram.com/tenpod,N/A
Jonathan Denmark,Jonathan,Denmark,President &amp Chief Operating Officer,jonathan.denmark@mountainone.com,Mountainone,mountainone.com,+18776635399,"PO Box 997 North Adams, MA 01247-9924",North Adams,MA,"=""01247-9924""",30,6000000,6411,"[""Apache"",""Bootstrap"",""Drupal"",""Google Analytics"",""Google Font API"",""Google Tag Manager"",""Hammer.js"",""Java"",""jQuery""]",36832349,catchall,10/2/2023,4e2dde33682915cae7467e75ff15eb5f,N/A,N/A,85%,Insurance Agents: Brokers: and Service,https://facebook.com/mountainone,https://linkedin.com/company/mountainone,https://twitter.com/mountainonebank,N/A,N/A
Jon Gillett,Jon,Gillett,Vice President/coo,jon@gillettproperties.com,Gillett Properties,gillettproperties.com,+12815603550,N/A,Nashville,TN,N/A,5,1638653,65,[],45647644,catchall,N/A,39cd74b06c49e8c98c59d13541aff008,N/A,N/A,85%,Real Estate,N/A,N/A,N/A,N/A,N/A
Jon Miller,Jon,Miller,"President, CEO &amp; Owner",jon@verazitystorage.com,Verazity Storage,verazitystorage.com,+17015264604,N/A,Fargo,ND,N/A,5,65000000,65,"[""Apache"",""YouTube"",""jQuery""]",36769877,catchall,8/5/2024,f0df43927c3b7f7baf46c6026667ac43,N/A,N/A,85%,Real Estate,https://facebook.com/pages/verazity-storage/299908803515157,https://linkedin.com/company/verazity-storage,https://twitter.com/verazitystorage,N/A,N/A
Jordan Dean,Jordan,Dean,"Market Center Administrator, Cfo, COO ...",jordan@jcrealtygroup.net,Jc Realty Group,jcrealtygroup.net,+19542080484,"5401 S. Kirkman Road, Orlando, FL 32819",Coral Springs,FL,"=""32819""",30,5700128,65,"[""Apache"",""Bootstrap"",""Font Awesome"",""Google Analytics"",""Google Font API"",""Google Maps"",""Revslider"",""Twitter Emoji (Twemoji)"",""WordPress"",""jQuery"",""jQuery Migrate""]",36499886,catchall,8/9/2023,12008e2e2aa5830924eba85efd7dd9c9,N/A,N/A,85%,Real Estate,https://facebook.com/jcrealtygroup,https://linkedin.com/in/javiercubas,https://twitter.com/jcrealtygroupco,N/A,N/A
Jose Colunga,Jose,Colunga,COO,jose@primetxsurveys.com,Prime Texas Survey,primetxsurveys.com,+17138691008,"P.O. Box 478 Mission, TX 78573",unknown city,unknown state,"=""78573""",5,1638653,65,[],41211238,catchall,N/A,870caf36079a3adffce6717e6e660648,N/A,N/A,85%,Real Estate,N/A,N/A,N/A,N/A,N/A
Josh Lecker,Josh,Lecker,Director of Operations/ Acting General,josh@blockbuster-inc.com,Blockbuster,blockbuster-inc.com,+18887754883,"2756 Kentucky Avenue Mount Pleasant, Iowa 52641",Mt Pleasant,IA,"=""52641""",5,1296900,39,"[""All in One SEO Pack"",""Apache"",""Bootstrap"",""Font Awesome"",""Google AdSense"",""Google Analytics"",""Google Font API"",""Revslider"",""Select2"",""Slick"",""Twitter Emoji (Twemoji)"",""WordPress"",""YouTube"",""animate.css"",""jQuery"",""jQuery Migrate"",""prettyPhoto""]",38938258,catchall,12/29/2020,15a18c63854bf06afaf980c81f673629,N/A,N/A,85%,Miscellaneous Manufacturing Industries,N/A,N/A,N/A,N/A,N/A
Josh E. Fidler,Josh,Fidler,Co-chairman and COO,josh@chesapeakerealtypartners.com,Chesapeake,chesapeakerealtypartners.com,+17033725799,"4750 Owings Mills Blvd. Owings Mills, Maryland 21117",New York,NY,"=""21117""",30,7000000,65,"[""Google Font API"",""Modernizr"",""Nginx"",""Revslider"",""TweenMax"",""Twitter Emoji (Twemoji)"",""WordPress"",""Yoast SEO"",""jQuery"",""jQuery Migrate""]",37731855,catchall,4/8/2022,998e77abf6edd1d1f8dee12bde9ff01f,N/A,N/A,85%,Real Estate,N/A,N/A,N/A,N/A,N/A
Josh Flegel,Josh,Flegel,Operations Director,josh@reaganinsurance.com,Insurance Carriers.join,reaganinsurance.com,+18007820154,"8 E. Main St. Marcellus, NY 13108",Albany,NY,"=""13108""",5,791840,6411,"[""Flywheel"",""Google Analytics"",""Google Font API"",""Google Tag Manager"",""Gravity Forms"",""Modernizr"",""WordPress"",""jQuery"",""jQuery Migrate""]",41031760,catchall,5/8/2024,e8efa198eef0c619dabcc48059d22c93,N/A,N/A,85%,Insurance Agents: Brokers: and Service,N/A,https://linkedin.com/company/reagan-companies,N/A,N/A,N/A
Jorge Perez,Jorge,Perez,CEO,jperez@soperperez.com,Soper Perez,soperperez.com,+18009834448,"506 E State Rd 434, Winter Springs, FL 32708",Winter Springs,FL,"=""32708""",5,1000000,6411,"[""Bootstrap"",""Font Awesome"",""Google Font API"",""Twitter Emoji (Twemoji)"",""WordPress"",""jQuery"",""jQuery Migrate"",""jQuery UI""]",43338148,catchall,8/7/2023,92e6663de1944d3771da1fbaf3823900,N/A,N/A,85%,Insurance Agents: Brokers: and Service,N/A,N/A,N/A,N/A,N/A
Jack Piatt,Jack,Piatt,CEO,jpiatt@millcraftideas.com,Millcraft,millcraftideas.com,+17242298800,260 Forbes Avenue Suite 1550 Pittsburgh PA 15222,Pittsburgh,PA,"=""15222""",75,70000000,65,"[""Backbone.js"",""Bootstrap"",""Google Analytics"",""Google Font API"",""Nginx"",""Twitter Emoji (Twemoji)"",""Underscore.js"",""WordPress"",""Yoast SEO"",""jQuery""]",37063919,catchall,8/5/2024,eb7e651b0a07ea8d5bb27d659f8bac77,N/A,N/A,85%,Real Estate,https://facebook.com/millcraftinvestments,https://linkedin.com/company/328521,https://twitter.com/millcraftinv,https://instagram.com/millcraft,N/A
Joe Platt,Joe,Platt,Finance Director,jplatt@grandbridge.com,Grandbridge Real Estate Capital,qfclp.com,+17043796905,N/A,Dallas,TX,N/A,5,1205940,65,"[""Adobe DTM"",""Adobe Experience Manager"",""jQuery""]",38675981,catchall,1/10/2022,01f518bf8a809eed96b4b9fd62fe04d0,N/A,N/A,85%,Real Estate,N/A,N/A,N/A,N/A,N/A
Jesseman Pryor,Jesseman,Pryor,CEO,jpryor@ambridgepartners.com,Ambridge,ambridgepartners.com,+12129471838,"520 Eighth Avenue, 25th Floor New York, NY 10018",New York,NY,"=""10018""",30,6411000000,6411,"[""Google Analytics"",""Google Font API"",""Google Tag Manager"",""Nginx"",""WP Engine"",""WordPress"",""jQuery""]",43300168,catchall,N/A,0dd8f54c1767033da7a38479d8c94dfe,N/A,N/A,85%,Insurance Agents: Brokers: and Service,N/A,https://linkedin.com/company/ambridge-partners-llc,N/A,N/A,N/A
Johannes Rittershausen,Johannes,Rittershausen,CEO,jrittershausen@convergentep.com,Convergent Energy + Power,convergentep.com,+17739835283,"Times Square Tower, Suite 3504 New York, NY 10036",New York,NY,"=""10036""",30,7000000,13,"[""Apache"",""Bootstrap"",""Font Awesome"",""Google Analytics"",""Google Font API"",""PHP"",""Twitter Emoji (Twemoji)"",""WordPress"",""jQuery"",""jQuery Migrate""]",40410623,catchall,3/2/2023,6623d9c15f169887ca0a35f206b3148c,N/A,N/A,85%,Oil and Gas Extraction,N/A,https://linkedin.com/company/convergent-energy-power,https://twitter.com/convergentep,N/A,N/A
Jan Robertson,Jan,Robertson,Chief Operating Officer,jrobertson@nbsrealtors.com,Nbs,nbsrealtors.com,+15039520745,N/A,Portland,OR,N/A,125,20703000,65,"[""Font Awesome"",""Google Font API"",""Nginx"",""OWL Carousel"",""Twitter Emoji (Twemoji)"",""WP Engine"",""WordPress"",""jQuery"",""jQuery Migrate""]",41410279,catchall,10/2/2023,04d43a63f19970036ba08fee04f8ec02,N/A,N/A,85%,Real Estate,N/A,N/A,N/A,N/A,N/A
John Roby,John,Roby,CEO,jroby@tealnr.com,Teal,tealnr.com,+12144897158,"8235 Douglas Ave. Suite 1100 Dallas, Texas 75225",Fort Worth,TX,"=""75225""",30,13000000,13,"[""Apache"",""Drupal"",""Google Analytics"",""Google Font API"",""Hammer.js"",""PHP"",""jQuery""]",38753993,catchall,11/21/2023,23fe969b029fd6c8d4fcaa424ae57afa,N/A,N/A,85%,Oil and Gas Extraction,N/A,N/A,N/A,N/A,N/A
Julie Rodriguez,Julie,Rodriguez,Chief Operating Officer,jrodriguez@sageaptmgt.com,Sage,sageaptmgt.com,+18338644321,"18006 Sky Park Circle, Suite 200, Irvine, California 92614",unknown city,CA,"=""92614""",30,5700128,65,"[""Apache"",""Google Analytics"",""MooTools"",""PHP"",""Ubuntu""]",44791319,catchall,5/17/2022,4d97314268d844493b0216e5a0c2ff67,N/A,N/A,85%,Real Estate,N/A,N/A,N/A,N/A,N/A
John Althans,John,Althans,CFO,jsalthans@althans.com,Althans,althans.com,+14405281250,N/A,Chagrin Falls,OH,N/A,125,6411000000,6411,"[""Apache"",""Google Font API"",""OpenSSL"",""PHP"",""YouTube"",""jQuery""]",41165509,catchall,12/2/2021,0ab5bab6a6fb0168ad64e2bbddaf3ffd,N/A,N/A,85%,Insurance Agents: Brokers: and Service,https://facebook.com/althansinsurance,N/A,https://twitter.com/althansins,N/A,https://youtube.com/channel/uc7jja1mlunxpblnyhljc1sa
Jacqueline Schaendorf,Jacqueline,Schaendorf,COO,jschaendorf@insurancehousecall.com,Insurancehousecall,insurancehousecall.com,N/A,N/A,Allentown,PA,N/A,5,0,64,"[""Microsoft ASP.NET"",""jQuery""]",39715851,catchall,N/A,4b1513361422977848f53ff6d07c5c16,N/A,N/A,85%,Insurance Agents: Brokers: and Service,N/A,N/A,N/A,N/A,N/A
Jason Schreier,Jason,Schreier,CEO,jschreier@apriltravelprotection.com,April,AprilTravelProtection.com,+18442172509,"11900 Biscayne Blvd, Suite 610 Miami, FL 33181",Miami,FL,"=""33181""",30,5700128,64,"[""AppNexus"",""Drupal"",""Google Tag Manager"",""New Relic"",""jQuery"",""jQuery UI""]",41505732,catchall,2/12/2024,ecf6cd8f2b793c134fa5935f77cdc448,N/A,N/A,85%,Insurance Agents: Brokers: and Service,N/A,N/A,N/A,N/A,N/A
John Strong,John,Strong,Chairman & CEO,jstrong@bankersfinancialcorp.com,Bankers Financial,bankersfinancialcorp.com,+18006270000,"St. Petersburg, FL 33733-570711101 Roosevelt Blvd N, St. Petersburg, Florida 33716PO Box 15707 St. Petersburg, FL 33733-5707",St. Petersburg,FL,"=""33733-5707""",750,6411000000,6411,"[""Azure"",""Bootstrap"",""Font Awesome"",""Google Analytics"",""Google Font API"",""IIS"",""Lazy.js"",""PHP"",""Twitter Emoji (Twemoji)"",""WordPress"",""Yoast SEO"",""jQuery""]",37308463,catchall,N/A,13bb58b41e74757ecae04aaa5c005b46,N/A,N/A,85%,Insurance Agents: Brokers: and Service,https://facebook.com/bankersfinancialcorporation,https://linkedin.com/company/bankers-financial-corporation,N/A,N/A,https://youtube.com/channel/ucfve-wkulhfrg2ukcxxdbna
James A. Taylor,James,Taylor,Managing Director & CEO,jtaylor@mna-advisor.com,Mna Advisor,mna-advisor.com,+12812963106,N/A,The Woodlands,TX,N/A,5,1638653,65,"[""Apache"",""Google Analytics"",""Google Font API"",""Modernizr"",""PHP"",""Twitter Emoji (Twemoji)"",""WordPress"",""jQuery"",""jQuery Migrate""]",37736747,catchall,8/5/2024,c4aabe3462066e938dc9f910ae564721,N/A,N/A,85%,Real Estate,N/A,https://linkedin.com/company/3840860,N/A,N/A,N/A
Julie Rupenski,Julie,Rupenski,CEO,julie@asglife.com,Asglife.com Home Our,asglife.com,+16469981536,"NYC Office: 420 Lexington Avenue, Suite 2001, New York, NY 10170Address: 420 Lexington Ave, Suite 2001, New York, NY 10170",New York,NY,"=""10170""",5,2000000,6411,"[""Bootstrap"",""Facebook"",""Font Awesome"",""Google Font API"",""Google Maps"",""Modernizr"",""Nginx"",""Revslider"",""Select2"",""Twitter Emoji (Twemoji)"",""WP Engine"",""Woopra"",""WordPress"",""jQuery"",""jQuery Migrate"",""jQuery UI"",""prettyPhoto""]",39296688,catchall,3/1/2024,554896baa7d35bce66148c091c1f5070,N/A,N/A,85%,Insurance Agents: Brokers: and Service,https://facebook.com/pages/agent-support-group/165064696976437,https://linkedin.com/company/agent-support-group,https://twitter.com/asglife,N/A,N/A
Julie Isacks,Julie,Isacks,CFO,julie@blackbayenergy.com,Black Bay Energy,blackbayenergy.com,+15042273020,N/A,New Orleans,LA,N/A,30,7000000,13,"[""Apache"",""FancyBox"",""Google Analytics"",""Google Font API"",""Google Tag Manager"",""Hammer.js"",""MediaElement.js"",""Mustache"",""VideoJS"",""Weebly"",""jQuery""]",37534829,catchall,6/14/2023,c340c7574d7a09592e53e7a01f0c8dee,N/A,N/A,85%,Oil and Gas Extraction,N/A,https://linkedin.com/in/michael-lebourgeois-73a17b5,N/A,N/A,N/A
Julie Holt,Julie,Holt,Broker/ceo,julieholt@unitedinsurancebrokerage.com,United Insurance Brokerage Firm,unitedinsurancebrokerage.com,+16182107610,N/A,unknown city,unknown state,N/A,30,6411000000,6411,"[""Font Awesome"",""Google Analytics"",""Google Font API"",""Microsoft ASP.NET"",""SWFObject""]",37967492,catchall,N/A,43754543eb8cad60ca3e78375e9ef535,N/A,N/A,85%,Insurance Agents: Brokers: and Service,N/A,N/A,N/A,N/A,N/A
Julie Knode,Julie,Knode,Executive Assistant to the Chief Marketing Officer,julie.knode@express.com,Express,express.com,(800) 695-1788,N/A,Sitka,AK,N/A,5,576180,39,[],36637659,catchall,1/24/2024,f3df0fdce109268c09a743a1fb33beb8,N/A,N/A,85%,Miscellaneous Manufacturing Industries,N/A,N/A,N/A,N/A,N/A
Justin Marshall,Justin,Marshall,Chief Operating Officer,justin@fogelman.com,Fogelman,fogelman.com,+18335828004,"6060 Poplar Ave #200 Memphis, Tennessee 38119",Memphis,TN,"=""38119""",300,150000000,65,"[""Font Awesome"",""Google Analytics"",""Google Font API"",""Google Tag Manager"",""Gravatar"",""Nginx"",""Twitter Emoji (Twemoji)"",""WP Engine"",""WordPress"",""Yoast SEO"",""jQuery"",""jQuery Migrate""]",41203319,catchall,10/2/2023,c02722ff3c4126b56753321c05f26628,N/A,N/A,85%,Real Estate,https://facebook.com/fogelmanproperties,https://linkedin.com/company/455285,https://twitter.com/fogelmanprop,https://instagram.com/fogelmanproperties,N/A
Justin Aina,Justin,Aina,President &amp; Chief Operating Officer,justin@koraminsurance.com,Koram,koraminsurance.com,+18183831111,"9636 Garden Grove Blvd STE 24, Garden Grove, CA 92844",Los Angeles,CA,"=""92844""",30,5000000,6411,"[""Google Font API"",""Squarespace"",""Typekit"",""YUI"",""webpack""]",39763578,catchall,10/2/2023,dd1aa87d08b8a70ae66401883d60c821,N/A,N/A,85%,Insurance Agents: Brokers: and Service,https://facebook.com/pages/koram-insurance-center/173147506046675,N/A,N/A,N/A,N/A
Jennifer Viers,Jennifer,Viers,Director of Finance & Administration,jviers@nrvaoa.org,Nrvaoa@nrvaoa,nrvaoa.org,+18662607724,N/A,Blacksburg,VA,N/A,5,188180,65,"[""Facebook"",""Google Analytics"",""Google Tag Manager"",""IIS"",""jQuery""]",41364387,catchall,1/10/2022,4b2b164a4157d33a93042ba871cfd020,N/A,N/A,85%,Real Estate,https://facebook.com/nrvaoa,N/A,https://twitter.com/nrvaoa,https://instagram.com/nrvaoa,N/A
Jerry Vollmer,Jerry,Vollmer,CEO,jvollmer@voldico.com,Voldico,voldico.com,+13178845055,"420 South Buckeye, Suite 100 Osgood, Indiana 47037",unknown city,unknown state,"=""47037""",125,6411000000,6411,"[""Apache"",""Google Analytics"",""LiveChat"",""Modernizr"",""Plesk"",""jQuery""]",39967725,catchall,N/A,cca586e5b9cd762d492b73c8fe3c528b,N/A,N/A,85%,Insurance Agents: Brokers: and Service,https://facebook.com/voldico,https://linkedin.com/company/3212271,https://twitter.com/voldico,N/A,N/A
John Vrabel,John,Vrabel,COO and Partner,jvrabel@energyedgeus.com,Energy Edge,energyedgeus.com,N/A,N/A,Boston,MA,N/A,5,1638653,13,"[""CloudFlare"",""Google Analytics"",""Plesk""]",44556934,catchall,3/2/2023,8e23efe8b6307ed830754f895e7d713e,N/A,N/A,85%,Oil and Gas Extraction,N/A,N/A,N/A,N/A,N/A
John Vrabel,John,Vrabel,President and CEO,jvrabel@energyengineus.com,Energy Engine,energyengineus.com,+15702137492,"222 Twin Hills Road Stroudsburg, PA 18360",New York,NY,"=""18360""",5,2400000,13,"[""All in One SEO Pack"",""Bootstrap"",""CloudFlare"",""Google Analytics"",""Google Font API"",""PHP"",""Plesk"",""WordPress"",""jQuery"",""jQuery Migrate"",""jQuery UI""]",37467914,catchall,3/2/2023,cb65bb9210282115d917ee70ac8ac5b5,N/A,N/A,85%,Oil and Gas Extraction,https://facebook.com/energyengineus,https://linkedin.com/company/energy-engine-llc,https://twitter.com/theenergyengine,N/A,https://youtube.com/channel/uc2qxjzeb9uq-lmiu9egbeew
Jason Walter,Jason,Walter,CEO,jwalter@nationalland.com,Land For,nationalland.com,+14056682001,"St. Cloud, FL Office",Columbia,SC,N/A,300,0,65,"[""AddThis"",""Apache"",""D3"",""Facebook"",""FancyBox"",""Font Awesome"",""Modernizr"",""PHP"",""ZURB Foundation"",""jQuery""]",37220007,catchall,8/5/2024,5e782621abf9dab35d276ba39cfd06ab,N/A,N/A,85%,Real Estate,https://facebook.com/nationallandrealty,https://linkedin.com/company/2448696,https://twitter.com/nationallandrlt,N/A,https://youtube.com/user/nationallandrealty
Jim Ward,Jim,Ward,CEO,jward@wardservices.com,Ward Services,wardservices.com,+18006736472,N/A,Columbia,SC,N/A,125,6411000000,6411,"[""Apache"",""Elementor"",""Font Awesome"",""Slick"",""Twitter Emoji (Twemoji)"",""WordPress"",""Yoast SEO"",""jQuery"",""jQuery Migrate""]",37032684,catchall,11/9/2021,85156f3013bc8846aaa251f214186294,N/A,N/A,85%,Insurance Agents: Brokers: and Service,N/A,N/A,N/A,N/A,N/A
James Waring,James,Waring,Finance Director,jwaring@cenergistic.com,Cenergistic The Sustainability,cenergistic.com,+18557987779,"5950 Sherry Lane, Dallas, TX 75225",Fort Worth,TX,"=""75225""",300,35000000,13,"[""Bootstrap"",""CloudFlare"",""Elementor"",""Google Analytics"",""Google Font API"",""Google Tag Manager"",""HubSpot"",""Nginx"",""Slick"",""WP Engine"",""WordPress"",""jQuery"",""jQuery Migrate""]",36252671,catchall,4/18/2023,86e2f70eceb8bd5832ce1e5590d7920a,N/A,N/A,85%,Oil and Gas Extraction,https://facebook.com/cenergistic,https://linkedin.com/company/cenergistic,https://twitter.com/cenergistic,https://instagram.com/cenergistic,https://youtube.com/user/cenergistic
John Webb Iii,John,Iii,President & Chief Operating Officer,jwebb@emerywebb.com,Emery & Webb,emerywebb.com,+18884137159,"989 Main Street Fishkill, NY 12524",Fishkill,NY,"=""12524""",125,6411000000,6411,[],40890924,catchall,10/2/2023,44b4c5dc59262535a38c22003e7b0f21,N/A,N/A,85%,Insurance Agents: Brokers: and Service,https://facebook.com/emerywebbinsurance,https://linkedin.com/company/142697,https://twitter.com/emeryandwebb,N/A,N/A
Joel Wood,Joel,Wood,President & CEO,jwood@bpipackaging.net,Packaging,bpipackaging.net,+19015658260,"4050 New Getwell Road Memphis, TN 381183976 New Getwell Road Memphis, TN 38118",Memphis,TN,"=""38118""",125,3999000000,3999,"[""All in One SEO Pack"",""Gentoo"",""Google Analytics"",""Google Font API"",""OWL Carousel"",""OpenResty"",""PHP"",""Twitter Emoji (Twemoji)"",""WordPress"",""jQuery"",""jQuery Migrate"",""jQuery UI""]",37499465,catchall,5/14/2024,f8b62c09d04d3677626583fe9a0dc393,N/A,N/A,85%,Manufacturing Industries: Not Elsewhere Classified,https://facebook.com/bpipackaging,https://linkedin.com/company/bpi-packaging-llc,N/A,N/A,N/A
Karen Pugh,Karen,Pugh,EVP & Chief Operating Officer,karen@peoplessouthern.com,River Bank & Trust,peoplessouthern.com,+13342901013,"620 Second Avenue North Clanton, AL2040 7th Street South Clanton, AL",Clanton,AL,N/A,125,65000000,65,"[""Apache"",""Facebook"",""Google Analytics"",""Modernizr"",""Twitter Emoji (Twemoji)"",""WordPress"",""Yoast SEO"",""jQuery""]",46275024,catchall,12/15/2021,a982abc64e737de80e119d8393298560,N/A,N/A,85%,Real Estate,https://facebook.com/pages/river-bank-trust/125611337226,N/A,https://twitter.com/myriverbank,https://instagram.com/myriverbank,N/A
Karen Schoenrock,Karen,Schoenrock,"Director of Demand Management, IT Finance",karen.schoenrock@thehartford.com,Hartford,thehartford.com,+18003227789,"P.O. Box 55359 Boston, MA 02205",Ct,CT,"=""02205""",55000,0,6411,"[""Akamai"",""Apache"",""Bootstrap"",""Moment.js"",""Tealium"",""jQuery""]",46004011,catchall,1/10/2022,328e031a55005bb24fa841dab07997ed,N/A,N/A,85%,Insurance Agents: Brokers: and Service,https://facebook.com/thehartford,https://linkedin.com/company/the-hartford,https://twitter.com/thehartford,N/A,N/A
Karen Stewart,Karen,Stewart,Finance Director,karen-stewart@melaver.com,Melaver,melaver.com,+19127210752,N/A,Savannah,GA,N/A,30,1656240,65,"[""Apache"",""Google Font API"",""PHP"",""Revslider"",""SWFObject"",""Twitter Emoji (Twemoji)"",""WordPress"",""jQuery"",""jQuery Migrate"",""prettyPhoto""]",40805086,catchall,1/10/2022,dbff0b9a763b0c28d4079cd988612a99,N/A,N/A,85%,Real Estate,N/A,https://linkedin.com/in/martinmelaver,N/A,N/A,N/A
Karl Zimmerman,Karl,Zimmerman,Founder and CEO,karl@steadfast.com.au,Steadfast,steadfast.com.au,N/A,N/A,Casselberry,FL,N/A,N/A,0,64,"[""Bootstrap"",""CloudFlare"",""Crazy Egg"",""Facebook"",""Google Analytics"",""Google Maps"",""Google Tag Manager"",""IIS"",""Microsoft ASP.NET"",""Pardot"",""TweenMax"",""jQuery""]",37778071,catchall,N/A,d3405249394b315a112dcc80a92016a4,N/A,N/A,85%,Insurance Agents: Brokers: and Service,https://facebook.com/steadfastgroupofficial,https://linkedin.com/company/steadfast-group-limited,N/A,N/A,N/A
Muhammad Kashif,Muhammad,Kashif,CEO,kashif@nemspk.com,Nouveau Energy Management Services,nemspk.com,N/A,N/A,unknown city,unknown state,N/A,5,1638653,13,"[""Microsoft ASP.NET"",""Plesk""]",46232749,catchall,N/A,fa693b628a6d138a1ef8e9276917287a,N/A,N/A,85%,Oil and Gas Extraction,N/A,N/A,N/A,N/A,N/A
Kasie Cousino,Kasie,Cousino,Chief Operating Officer,kasie.cousino@chelsearhone.com,Chelsea Rhone,chelsearhone.com,+17349961261,N/A,Ann Arbor,MI,N/A,30,7000000,64,"[""Azure"",""Bootstrap"",""Google Font API"",""IIS"",""Microsoft ASP.NET"",""jQuery""]",45420415,catchall,4/9/2021,e7734a5721c37ba608596f3b3e217487,N/A,N/A,85%,Insurance Agents: Brokers: and Service,https://facebook.com/chelsearhone,https://linkedin.com/company/chelsea-rhone-llc,https://twitter.com/chelsearhone,N/A,N/A
Kate Soderholm,Kate,Soderholm,CFO,kate@soderholminsurance.com,Soderholm Insurance Home,soderholminsurance.com,+13207636734,"623 Hawthorne St Alexandria, MN 56308",Alexandria,MN,"=""56308""",5,1638653,65,"[""All in One SEO Pack"",""Apache"",""Backbone.js"",""Facebook"",""Font Awesome"",""Google Analytics"",""Google Font API"",""Marionette.js"",""MediaElement.js"",""Modernizr"",""Moment.js"",""TweenMax"",""Twitter Emoji (Twemoji)"",""Underscore.js"",""WordPress"",""jQuery"",""jQuery Migrate"",""jQuery UI"",""reCAPTCHA""]",43353437,catchall,11/10/2021,016597a467fbc1580eea0e83f881b50c,N/A,N/A,85%,Real Estate,https://facebook.com/soderholmins,https://linkedin.com/company/4029791,https://twitter.com/soderholmins,N/A,N/A
Kathy Schaefer,Kathy,Schaefer,Chief Operating Officer,kathy@bhca.com,Bhca,bhca.com,+18777225246,"P.O. Box 3529 Fort Smith, AR 729135500 Euper Lane Fort Smith, AR 72903",Fort Smith,AR,"=""72903""",30,14000000,6411,"[""Apache"",""Elementor"",""Google Font API"",""PHP"",""TweenMax"",""WordPress"",""YouTube"",""jQuery"",""jQuery Migrate"",""jQuery UI""]",44463554,catchall,4/9/2021,ba488231087103a9b377bf8f2f91a520,N/A,N/A,85%,Insurance Agents: Brokers: and Service,N/A,N/A,N/A,N/A,N/A
Kevin Bernier,Kevin,Bernier,Chief Operating Officer,kbernier@forthillcos.com,Fort Hill,forthillcos.com,+16172636430,"Pret a Manger, 101 Arch Street, Boston, MA",Boston,MA,N/A,5,7000000,65,[],38009747,catchall,N/A,29fe461c00f216202de4ee42d689aed4,N/A,N/A,85%,Real Estate,https://facebook.com/fothillco,N/A,https://twitter.com/wflyons,N/A,N/A
Kevin Boje,Kevin,Boje,Director of Operations,kboje@greystar.com,Greystar,greystar.com,+17192431002,"750 Bering Drive, Suite 300 Houston, TX 77075",Charlotte,NC,"=""77075""",7500,110000000,65,"[""Google Maps"",""Google Tag Manager""]",39772965,catchall,10/19/2021,2ad00be6923825825b8203182b69a2f2,N/A,N/A,85%,Real Estate,https://facebook.com/greystarapts,https://linkedin.com/company/greystar,https://twitter.com/greystarapts,N/A,https://youtube.com/user/greystarapartments
Karen Bolinder,Karen,Bolinder,Chief Operating Officer,kbolinder@sunzinsurance.com,Sunz,sunzinsurance.com,+19413555490,"13016th Avenue West Bradenton, FL 34205",Saint Petersburg,FL,"=""34205""",30,3000000,6411,"[""RequireJS"",""Sentry"",""Wix""]",45649129,catchall,8/7/2023,028f771387699328f1e2bc24162f0573,N/A,N/A,85%,Insurance Agents: Brokers: and Service,https://facebook.com/sunzinsurance,https://linkedin.com/company/362669,https://twitter.com/sunzinsurance,https://instagram.com/sunzinsurance/,https://youtube.com/channel/uccnzhtiqlnusqpfazsr88lg
Kate Budd,Kate,Budd,Coo/cmo,kbudd@mosscorps.com,Moss,mosscorps.com,N/A,"5895 Harper Road Solon, OH 44139",Beachwood,OH,"=""44139""",125,7000000,64,"[""Bootstrap"",""Ghost"",""Typekit"",""jQuery""]",38574072,catchall,N/A,2f29b59f20f0b8e770666e9f04d42230,N/A,N/A,85%,Insurance Agents: Brokers: and Service,N/A,N/A,N/A,N/A,N/A
Kimberley Byrd,Kimberley,Byrd,Chief Operating Officer,kbyrd@tennant.com,Tennant,tennant.com,+18605191301,"124 LaSalle Road West Hartford, CT 06107",West Hartford,CT,"=""06107""",5,6411000000,6411,"[""Apache"",""Google Analytics"",""Modernizr"",""jQuery""]",44801524,catchall,N/A,ae43f1010b86c9cee90ce39b57baeec6,N/A,N/A,85%,Insurance Agents: Brokers: and Service,N/A,N/A,https://twitter.com/tennantins,N/A,N/A
Keith Murray,Keith,Murray,CEO,keith@murraygrp.com,Murray Group,murraygrp.com,+15184566688,"1807 Western Avenue Albany, NY 12203",Albany,NY,"=""12203""",5,1000000,6411,"[""Flywheel"",""Google Analytics"",""Google Font API"",""Google Tag Manager"",""Gravity Forms"",""Modernizr"",""WordPress"",""jQuery"",""jQuery Migrate""]",40024555,catchall,N/A,85134e0b05afbf7848d27e47020896f6,N/A,N/A,85%,Insurance Agents: Brokers: and Service,https://facebook.com/themurraygrp,N/A,N/A,https://instagram.com/murray_group,N/A
Keith Schmid,Keith,Schmid,Chief Operating Officer,keith_schmid@plugpower.com,Plug Power,plugpower.com,+15187827700,"968 Albany Shaker Road Latham, New York 12110",Latham,NY,"=""12110""",350,12000000,13,"[""Google Analytics"",""MailChimp"",""Modernizr"",""Nginx"",""PHP"",""Prism"",""Twitter Emoji (Twemoji)"",""WordPress"",""ZURB Foundation"",""jQuery"",""jQuery Migrate"",""jQuery UI""]",44639683,catchall,3/2/2023,fc832fcd4d1a253b47c9dfa8784cc826,N/A,N/A,85%,Oil and Gas Extraction,https://facebook.com/plugpowerinc,https://linkedin.com/company/plug-power,https://twitter.com/plugpowerinc,N/A,https://youtube.com/channel/uciuy_patffuwemw_fdalyhw
Kell Holland,Kell,Holland,President/ceo,kell.holland@willis.com,Willis,willis.com,N/A,N/A,New York,NY,N/A,55000,0,6411,"[""AddThis"",""Bootstrap"",""CloudFlare"",""Google Font API"",""Google Tag Manager"",""Incapsula"",""Lazy.js"",""Microsoft ASP.NET"",""Sitecore"",""jQuery"",""scrollreveal""]",37679832,catchall,N/A,87707f2117c582d0180655486fefcf1a,N/A,N/A,85%,Insurance Agents: Brokers: and Service,N/A,N/A,N/A,N/A,N/A
Kelly Glass,Kelly,Glass,CEO,kelly.glass@ke.com.pk,K-electric,ke.com.pk,N/A,N/A,Los Angeles,CA,N/A,7500,25000000,13,"[""Apache"",""Bootstrap"",""FancyBox"",""Font Awesome"",""Google Analytics"",""Google Font API"",""Lightbox"",""OWL Carousel"",""Revslider"",""WordPress"",""Yoast SEO"",""animate.css"",""jQuery"",""jQuery Migrate"",""jQuery UI""]",37758066,catchall,12/11/2023,04885cb760a909316aeda90b9d05637b,N/A,N/A,85%,Oil and Gas Extraction,https://facebook.com/kelectricpk,https://linkedin.com/company/103568,https://twitter.com/kelectricpk,https://instagram.com/kelectricpk,N/A
Kelly K. Rush,Kelly,Rush,Director of Operations,kelly@zubergroup.com,Zuber Group,zubergroup.com,+12089499038,N/A,Albuquerque,NM,N/A,5,128640,65,[],42737390,catchall,N/A,8c1ad19f025d1f8f5bc77c8be14199f9,N/A,N/A,85%,Real Estate,https://facebook.com/zubergroup,N/A,https://twitter.com/zubergroup,https://instagram.com/zubergroup,N/A
Ken Etete,Ken,Etete,Group CEO,kenetete@ceslintlgroup.com,Century Group,ceslintlgroup.com,N/A,N/A,unknown city,unknown state,N/A,300,0,13,[],41940561,catchall,N/A,ce4838722ef6891d36885b3d04c98090,N/A,N/A,85%,Oil and Gas Extraction,https://facebook.com/centurygroupnigeria,https://linkedin.com/company/century-energy-services/about,N/A,https://instagram.com/centurygroupng,N/A
Ken Hartman,Ken,Hartman,Founder & CEO,ken@wellsite.com,Wellsite.comwhere,wellsite.com,N/A,N/A,Spring,TX,N/A,30,13000000,13,"[""Apache"",""Google Analytics"",""Google Font API"",""Google Maps"",""Google PageSpeed"",""Google Tag Manager"",""MediaElement.js"",""jQuery""]",36462586,catchall,11/21/2023,17f975fb8c6814a6717d59342852738b,N/A,N/A,85%,Oil and Gas Extraction,https://facebook.com/wellsitesoftware,https://linkedin.com/company/wellsitesoftware,https://twitter.com/wellsiteos,N/A,N/A
Kevin Clayton,Kevin,Clayton,CEO,kevin.clayton@claytonhomes.com,Clayton Homes,claytonhomes.com,+18773536053,"5000 Clayton Road, Maryville, TN",Salt Lake City,UT,N/A,3000,3500000000,65,"[""Amazon Cloudfront"",""Facebook"",""Google Analytics"",""Google Tag Manager"",""Kestrel"",""OWL Carousel"",""React"",""jQuery"",""webpack""]",36628307,catchall,N/A,45bc34ca875f574e57d9828725c8cad6,N/A,N/A,85%,Real Estate,https://facebook.com/claytonhomes,N/A,https://twitter.com/claytonhomes,https://instagram.com/claytonhomes,https://youtube.com/user/claytonhomes
Kevin Mccoy,Kevin,Mccoy,President / CEO,kevin@kmccoyinsurance.com,K Mccoy,kmccoyinsurance.com,+16095871717,"1878 Arena Drive Hamilton, NJ 08610",unknown city,unknown state,"=""08610""",N/A,0,6411,"[""Google Font API"",""Squarespace"",""Typekit"",""YUI"",""webpack""]",43053173,catchall,N/A,dd5eaa6d677b4c1e7b76c54be1027b9a,N/A,N/A,85%,Insurance Agents: Brokers: and Service,N/A,N/A,N/A,N/A,N/A
Kevin Richards,Kevin,Richards,"Chief Operating Officer, Hotels",kevin@legacyproperty.com,Legacy Ventures,legacyproperty.com,+14042229090,"300 Marietta Street, Suite 304 Atlanta, GA 30313",Atlanta,GA,"=""30313""",30,2000000,65,"[""Bootstrap"",""CloudFlare"",""Font Awesome"",""Google Analytics"",""Google Font API"",""Google Tag Manager"",""Lightbox"",""Modernizr"",""WordPress"",""Yoast SEO"",""animate.css"",""jQuery"",""jQuery Migrate""]",41314414,catchall,7/23/2021,88ab7f876335be9f5dc2a887c21e82c8,N/A,N/A,85%,Real Estate,N/A,https://linkedin.com/company/legacy-ventures-hospitality,N/A,N/A,N/A
Kevin Murphy,Kevin,Murphy,Chief Executive Officer,kevin.murphy@oceaninstaller.com,Ocean Installer,oceaninstaller.com,+18323990111,"PO Box 7586, Cloisters Square, Perth WA 6850",unknown city,unknown state,"=""06850""",300,0,13,"[""Google Font API"",""LiteSpeed"",""OWL Carousel"",""PHP"",""WordPress"",""Yoast SEO"",""YouTube"",""jQuery"",""jQuery Migrate""]",41329292,catchall,3/2/2023,fe14d5e9254a8507fdc6e3c9e6166157,N/A,N/A,85%,Oil and Gas Extraction,N/A,https://linkedin.com/company/ocean-installer-as/,N/A,N/A,N/A
Kevin Welch,Kevin,Welch,CEO,kevin@mytlcteam.com,Payroll & Hr Services Solutions Included,mytlcteam.com,N/A,N/A,Fort Collins,CO,N/A,5,1638653,64,"[""Apache"",""Google Analytics"",""Google Font API"",""Google Tag Manager"",""MailChimp"",""Twitter Emoji (Twemoji)"",""WordPress"",""jQuery"",""jQuery Migrate""]",37088990,catchall,9/10/2024,b95ae3fd718f41b4653dfbec7a3ea990,N/A,N/A,85%,Insurance Agents: Brokers: and Service,N/A,N/A,N/A,https://instagram.com/the_greenhouse_salon,N/A
Karen Fulton,Karen,Fulton,President & CEO,kfulton@ari-ins.com,Ari,ari-ins.com,N/A,N/A,unknown city,unknown state,N/A,30,6411000000,6411,"[""Apache""]",45903790,catchall,N/A,67f46f34ad482c2bfda047e56450d75d,N/A,N/A,85%,Insurance Agents: Brokers: and Service,N/A,N/A,N/A,N/A,N/A
Kat Galuppo,Kat,Galuppo,Director of Operations,kgaluppo@relinsgroup.com,Reliance Insurance Group - Acrisure,relinsgroup.com,+17326020010,"1460 Route 9 North, Suite 310 Woodbridge, NJ 07095",Woodbridge,NJ,"=""07095""",350,6411000000,6411,"[""Apache"",""Bootstrap"",""Facebook"",""Joomla"",""jQuery"",""jQuery Migrate""]",41095578,catchall,N/A,416c0a883c0a41028a92e7c7b509082e,N/A,N/A,85%,Insurance Agents: Brokers: and Service,N/A,N/A,N/A,N/A,N/A
Kathy Hurst,Kathy,Hurst,Chief Financial Officer,khurst@rmk.com,Rmk,rmk.com,+16139476850,"2003 S Meyers Rd Oakbrook Terrace, IL 60181",Albuquerque,NM,"=""60181""",5,138020,65,"[""Bootstrap"",""CloudFlare"",""DataTables"",""Google Maps"",""Modernizr"",""Raphael"",""jQuery"",""jQuery UI""]",39552135,catchall,10/6/2023,c9e4c718f60409bcc48e828bcee8cb41,N/A,N/A,85%,Real Estate,https://facebook.com/rmk-management-872112839633813,N/A,https://twitter.com/rmk_management,N/A,N/A
Kim Piper,Kim,Piper,COO,kim@northwestrealtors.com,Northwest,northwestrealtors.com,+12069302521,"300 N.E. 97th Street Seattle, Washington 98115",Seattle,WA,"=""98115""",750,7000000,65,"[""Squarespace"",""Typekit"",""YUI"",""webpack""]",44144331,catchall,N/A,90599b050614a18590e9df4ff973c3e9,N/A,N/A,85%,Real Estate,https://facebook.com/161800894755653,https://linkedin.com/company/remaxnorthwest,https://twitter.com/remaxnw,N/A,N/A
Kj) Singh,Kj),Singh,Vice-president/coo,kjsingh@mayaassurance.com,Maya Assurance,mayaassurance.com,N/A,N/A,Long Island City,NY,N/A,30,6411000000,6411,"[""IIS"",""Microsoft ASP.NET"",""jQuery""]",43595230,catchall,4/8/2022,23e079b84b1fb456e03fbaa9deee2700,N/A,N/A,85%,Insurance Agents: Brokers: and Service,N/A,N/A,N/A,N/A,N/A
Kenneth Moraski,Kenneth,Moraski,Director Operations,kjsm@kemper.com,Kemper,kemper.com,+18886953359,N/A,Chicago,IL,N/A,75,2522000000,6411,"[""Facebook"",""Google Analytics"",""Google Tag Manager"",""IBM WebSphere Portal"",""Java"",""Modernizr"",""jQuery"",""jQuery UI""]",43551981,catchall,8/16/2021,62d5773fb46740a6e13119d14524686c,N/A,N/A,85%,Insurance Agents: Brokers: and Service,https://facebook.com/kemperinsurance,https://linkedin.com/company/kemper,https://twitter.com/kemperinsurance,N/A,N/A
Kimberly Millikan,Kimberly,Millikan,Director of Finance,kmillikan@enduris.us,Enduris,enduris.us,+15098380910,"at1610 S TechnologyBlvd, Suite 100, Spokane, WA 992241610 S Technology Blvd, Suite 100, Spokane WA 99224",Spokane,WA,"=""99224""",30,2000000,6411,"[""Apache"",""Google Analytics"",""SilverStripe"",""jQuery""]",45606152,catchall,1/10/2022,d10c3928829676b2459336a139dba39f,N/A,N/A,85%,Insurance Agents: Brokers: and Service,N/A,N/A,N/A,N/A,N/A
Ken Oswald,Ken,Oswald,Director of Material Damage Claim Operations,koswald@accessgeneral.com,Access Insurance Holdings,accessgeneral.com,N/A,N/A,Atlanta,GA,N/A,350,6411000000,6411,[],36733192,catchall,N/A,8c9aa6895af7a4190d9d4bf2d7a6fb85,N/A,N/A,85%,Insurance Agents: Brokers: and Service,N/A,N/A,N/A,N/A,N/A
Kattya Quezada,Kattya,Quezada,Director of Operations,kquezada@mcguire.com,Mcguire,mcguire.com,+18004737858,"250 Laurel Street # 302 San Francisco, CA 94118719 Clementina Street # 1 San Francisco, CA 94103650 38th Avenue San Francisco, CA 941212553 Clay Street San Francisco, CA 941152001 Lombard Street San F",San Francisco,CA,"=""94133""",300,70000000,65,"[""AdRoll"",""Apache"",""Bootstrap"",""CentOS"",""Facebook"",""FancyBox"",""Google Analytics"",""Google Tag Manager"",""Modernizr"",""OpenSSL"",""PHP"",""YouTube"",""jQuery""]",46403204,catchall,N/A,6f9bf9cf87898958fc9d553abf991ea6,N/A,N/A,85%,Real Estate,N/A,N/A,N/A,N/A,N/A
Kris Bonner,Kris,Bonner,"Operations Director, Professional & Surety",kris.bonner@willis.com,Willis,willis.com,N/A,N/A,New York,NY,N/A,55000,0,6411,"[""AddThis"",""Bootstrap"",""CloudFlare"",""Google Font API"",""Google Tag Manager"",""Incapsula"",""Lazy.js"",""Microsoft ASP.NET"",""Sitecore"",""jQuery"",""scrollreveal""]",37679852,catchall,N/A,80cf9ececebd9259de585008e3c3e0ed,N/A,N/A,85%,Insurance Agents: Brokers: and Service,N/A,N/A,N/A,N/A,N/A
Kristin Buechelmaier,Kristin,Buechelmaier,COO Office,kristin.buechelmaier@sothebysrealty.com,Sothebys,sothebysrealty.com,+18668994747,N/A,Bellevue,WA,N/A,30,1000000,6411,"[""Google Analytics"",""Google Font API"",""Google Tag Manager"",""IIS"",""Microsoft ASP.NET"",""Prototype"",""VideoJS"",""jQuery"",""jQuery Migrate"",""jQuery UI""]",41503748,catchall,N/A,305696be41210a06645c2d3242964569,N/A,N/A,85%,Insurance Agents: Brokers: and Service,https://facebook.com/sothebysrealty,https://linkedin.com/company/sothebys-international-realty,https://twitter.com/sothebysrealty,https://instagram.com/sothebysrealty,https://youtube.com/user/sothebysrealty
Kristin Burton,Kristin,Burton,Senior Director Finance,kristin.burton@greystar.com,Greystar,greystar.com,+17192431002,"750 Bering Drive, Suite 300 Houston, TX 77075",Charlotte,NC,"=""77075""",7500,110000000,65,"[""Google Maps"",""Google Tag Manager""]",39771991,catchall,1/11/2022,ebf176ba748e29adcac1fce516c71a07,N/A,N/A,85%,Real Estate,https://facebook.com/greystarapts,https://linkedin.com/company/greystar,https://twitter.com/greystarapts,N/A,https://youtube.com/user/greystarapartments
Sener Korkusuz,Sener,Korkusuz,Chief Executive Officer,ks@aflac.com,Aflac,aflac.com,+18668492970,"1932 Wynnton Road Columbus, GA",Midland,TX,N/A,30,1000000,6411,"[""Backbone.js"",""Facebook"",""Google Analytics"",""Google Tag Manager"",""Hotjar"",""IIS"",""Incapsula"",""Java"",""MediaElement.js"",""Microsoft ASP.NET"",""Modernizr"",""New Relic"",""RequireJS"",""Tealium"",""TweenMax"",""VideoJS"",""Visual Website Optimizer"",""jQuery"",""jQuery UI""]",36720081,catchall,1/10/2022,c61d2acb5f31788f0e6a3d2ced7e7c16,N/A,N/A,85%,Insurance Agents: Brokers: and Service,https://facebook.com/aflacduck,https://linkedin.com/company/aflac,https://twitter.com/aflac,https://instagram.com/aflacduck,https://youtube.com/user/aflac
Kent Shepard,Kent,Shepard,Chief Operating Officer,kshepard@shepardinsgrp.com,Shepard Insurance Group,shepardinsgrp.com,+12033440035,"1700 East Putnam Avenue Old Greenwich, CT. 068701700 East Putnam Avenue, Old Greenwich, CT 06870",Old Greenwich,CT,"=""06870""",5,1000000,6411,"[""Bootstrap"",""Facebook"",""Google Analytics"",""Google Font API"",""Google Tag Manager"",""IIS"",""PHP"",""Revslider"",""Twitter Emoji (Twemoji)"",""WordPress"",""jQuery"",""jQuery Migrate"",""reCAPTCHA""]",37867164,catchall,N/A,d1f08cf92bf248ea8abc19672d28e91a,N/A,N/A,85%,Insurance Agents: Brokers: and Service,https://facebook.com/shepardinsurancegroup,https://linkedin.com/company/shepard-insurance-group,https://twitter.com/shepardinsgrp,https://instagram.com/shepardinsurancegroup,https://youtube.com/user/shepardinsurancegrp
Ken Smith,Ken,Smith,Director of Operations,ksmith@ekinker.com,Mma,ekinker.com,+12163931842,"1730 N. Limestone St. Springfield, OH 45503",Cincinnati,OH,"=""45503""",30,5700128,64,"[""Apache"",""Joomla"",""MooTools"",""Ubuntu"",""jQuery"",""jQuery Migrate""]",42885607,catchall,4/9/2021,8e0a46718d2faab226c6f9fd328f346c,N/A,N/A,85%,Insurance Agents: Brokers: and Service,https://facebook.com/mmamidwest,https://linkedin.com/company/marsh-&-mclennan-agency-llc-midwest-region,https://twitter.com/mmamidwest1,N/A,https://youtube.com/channel/uci30un_jxji4nj8cpuufvog
Kurt Bock,Kurt,Bock,Country Financial CEO Announces Retirement,kurt.bock@countrycompanies.com,Country Financial,countrycompanies.com,+18559762317,"Habitat for Humanity, St. Louis, MO",Moses Lake,WA,N/A,5,1000000,6411,"[""Adobe DTM"",""Adobe Experience Manager"",""Apache"",""Facebook"",""Google Analytics"",""Google Font API"",""jQuery""]",37695909,catchall,3/8/2024,33aa46a0bbde155e3473ec16dacbbca4,N/A,N/A,85%,Insurance Agents: Brokers: and Service,https://facebook.com/countryfinancial,https://linkedin.com/company/8454,https://twitter.com/hellocountry,https://instagram.com/countryfinancial,https://youtube.com/user/countryfinancial
Kim Wade,Kim,Wade,Vice President and Director of Finance,kwade@celedinas.com,Celedinas Insurance Group,celedinas.com,+18888755231,N/A,Palm Beach Gardens,FL,N/A,125,25000000,64,"[""Bootstrap"",""DNN"",""Google Analytics"",""Microsoft ASP.NET"",""jQuery"",""jQuery Migrate"",""jQuery UI""]",38874800,catchall,1/10/2022,d873dfe090a3b16a86b037f99c4b2907,N/A,N/A,85%,Insurance Agents: Brokers: and Service,N/A,https://linkedin.com/company/marsh-&-mclennan-agency---mid-atlantic-region,N/A,N/A,https://youtube.com/channel/uc73ydbrgmnbz6uhcyxqvmuw
Kyle Bach,Kyle,Bach,Chief Executive Officer and President,kyle@annexstudentliving.com,Annex Group,annexstudentliving.com,+13175848442,"19350 Harlem Ave, Suite 201 Frankfort, IL 60423",Indianapolis,IN,"=""60423""",5,1638653,65,"[""Google Analytics"",""Google Font API"",""Google Tag Manager"",""Lightbox"",""Modernizr"",""Nginx"",""Twitter Emoji (Twemoji)"",""WordPress"",""jQuery"",""jQuery Migrate"",""jQuery UI"",""prettyPhoto""]",39547811,catchall,8/5/2024,e051c40cbea4c16301b494842e7cf8eb,N/A,N/A,85%,Real Estate,https://facebook.com/theannexgrp,https://linkedin.com/company/annex-student-living-llc,https://twitter.com/theannexgrp,https://instagram.com/theannexgrp,N/A
Kylee Boyle,Kylee,Boyle,Chief Operating Officer,kylee@jmzmanagement.com,Jmz Management,jmzmanagement.com,+12482846990,"40020 Twelve Mile Rd, Novi, MI 48377, USA",Jupiter,FL,N/A,5,1638653,65,"[""AdRoll"",""CloudFlare"",""Font Awesome"",""Google Analytics"",""Google Font API"",""Google Tag Manager"",""HubSpot"",""Slick"",""jQuery""]",45932587,catchall,8/7/2023,e3ef7559e70b47681fcee3af3a764cb7,N/A,N/A,85%,Real Estate,https://facebook.com/jmzpropertymanagement,https://linkedin.com/company/jmz-management,https://twitter.com/jmzmanagement,N/A,N/A
Laura Andrews Clemens,Laura,Clemens,CEO,landrews-clemens@avlinsurance.com,Avlinsurance,avlinsurance.com,+18883603443,"10734 White Oak Avenue Granada Hills, CA 91344",Granada Hills,CA,"=""91344""",30,6411000000,6411,"[""Google Analytics"",""Nginx"",""Typekit"",""jQuery""]",37716407,catchall,11/10/2021,1051bc936957df4cf71c6c6c2d858988,N/A,N/A,85%,Insurance Agents: Brokers: and Service,https://facebook.com/insuranceavl,https://linkedin.com/company/2224987,https://twitter.com/avlinsurance,N/A,https://youtube.com/user/avlinsurance
Larry Crooks,Larry,Crooks,Vp/coo,larryc@kasparnet.com,Kasparnet,kasparnet.com,(330) 722-6109,N/A,Akron,OH,N/A,5,1638653,65,"[""Apache"",""CentOS"",""Eloqua"",""Google Analytics"",""Pardot"",""Prototype""]",44357656,catchall,N/A,8e0cfb3cfb7a02989511dc2d8b2ee161,N/A,N/A,85%,Real Estate,N/A,N/A,N/A,N/A,N/A
Larry Stoddard,Larry,Stoddard,President &amp; CEO,larry.stoddard@reladyne.com,Reladyne,reladyne.com,+14356783311,"1010 South Access Road Tye, TX 79563",Madisonville,LA,"=""79563""",300,200000000,13,"[""Apache"",""CloudFlare"",""CodeIgniter"",""DataTables"",""ExpressionEngine"",""FancyBox"",""Google Analytics"",""Google Font API"",""Google Tag Manager"",""HubSpot"",""Lightbox"",""Matomo"",""Microsoft ASP.NET"",""React"",""jQuery"",""reCAPTCHA""]",39434057,catchall,9/6/2024,37c5e41bf6adc89d7948298350b0286e,N/A,N/A,85%,Oil and Gas Extraction,https://facebook.com/reladyne,https://linkedin.com/company/reladyne-llc,https://twitter.com/reladyne,N/A,https://youtube.com/user/reladyne
Lyle Ashley,Lyle,Ashley,CEO,lashley@ashleyga.com,Ashley,ashleyga.com,+19364415940,"Suite 200 Conroe, TX",Conroe,TX,N/A,5,1638653,6411,"[""FancyBox"",""Google Analytics"",""Google Font API"",""Google Tag Manager"",""IIS"",""Microsoft ASP.NET"",""Slick"",""Twitter"",""jQuery"",""jQuery UI"",""reCAPTCHA""]",40056929,catchall,N/A,7ebe0608217f16f7e337b5568ebfb87c,N/A,N/A,85%,Insurance Agents: Brokers: and Service,https://facebook.com/ashleygeneralagency,https://linkedin.com/company/ashleyga,https://twitter.com/ashleygeneraltx,N/A,N/A
Laura Ontiveros,Laura,Ontiveros,Director of Operations,laura@qmgonline.com,Qmgonline,qmgonline.com,+18004551159,"3105 E. Guasti Road, Suite 100 | Ontario, CA 917613105 E. Guasti Road, Suite 100 Ontario, CA 91761",Ontario,CA,"=""91761""",30,5700128,65,"[""Google Analytics"",""Google Font API"",""Modernizr"",""Nginx"",""Twitter Emoji (Twemoji)"",""WP Engine"",""WordPress"",""Yoast SEO"",""jQuery"",""jQuery Mobile""]",44194227,catchall,4/9/2021,3b7558691e4e0dc1c8de11abcf929deb,N/A,N/A,85%,Real Estate,N/A,N/A,N/A,N/A,N/A
Laura Strong,Laura,Strong,"Broker, Director of Operations",laurastrong@johngreenerealtor.com,John Greene Realtor,johngreeneRealtor.com,+16309454962,"220S. Main Street Naperville, IL 60540",Naperville,IL,"=""60540""",125,65000000,65,[],42434531,catchall,8/16/2021,dba32f5ac8edd178f7bbc2c3e3be6ac9,N/A,N/A,85%,Real Estate,https://facebook.com/johngreenerealtor,https://linkedin.com/company/john-greene-realtor,https://twitter.com/jgrnaperville,N/A,N/A
Laurie Klein,Laurie,Klein,Director of Operations,laurie.klein@thrivent.com,Thrivent,thrivent.com,+19206283379,"4321 N. Ballard Rd. Appleton, WI",Searcy,AR,N/A,5,1000000,6411,"[""CloudFlare"",""Hammer.js"",""Incapsula"",""Java"",""Modernizr"",""SiteCatalyst"",""Typekit"",""jQuery""]",42323511,catchall,N/A,f69fe150696370fd8e9bb0518b18e7eb,N/A,N/A,85%,Insurance Agents: Brokers: and Service,https://facebook.com/thrivent,https://linkedin.com/company/6233,https://twitter.com/thrivent,N/A,N/A
Lawrence Ng Tzu Ann,Lawrence,Ann,"Director, Finance, Mgcctm",lawrencen@mapletree.com.sg,Mapletree Investments Pte,mapletree.com.sg,+16469086300,N/A,unknown city,unknown state,N/A,750,1500000000,65,"[""Google Analytics"",""Lightbox"",""Microsoft ASP.NET"",""Modernizr"",""jQuery"",""jQuery Migrate""]",43119991,catchall,12/28/2020,adce120bf04593194a1809f5cf3a7268,N/A,N/A,85%,Real Estate,N/A,N/A,N/A,N/A,N/A
Lauren Bean,Lauren,Bean,Director of Finance,lbean@dilweg.com,Dilweg,dilweg.com,+19193132758,"5310 South Alston Avenue, Ste 210 Durham, NC 27713",Durham,NC,"=""27713""",30,2090400,65,"[""All in One SEO Pack"",""Google Analytics"",""Google Font API"",""Modernizr"",""Nginx"",""PHP"",""Twitter Emoji (Twemoji)"",""WordPress"",""ZURB Foundation"",""jQuery""]",41552729,catchall,1/10/2022,7dc5281979c3062af489c73d6df08ca0,N/A,N/A,85%,Real Estate,N/A,N/A,https://twitter.com/hff,N/A,N/A
Linda Bilderback,Linda,Bilderback,CEO,lbilderback@relocationrealtyinc.com,Relocation,relocationrealtyinc.com,+17706418393,N/A,Roswell,GA,N/A,125,0,65,"[""Bootstrap"",""Google Font API"",""Joomla"",""MooTools"",""Nginx"",""jQuery"",""jQuery Migrate"",""jQuery UI""]",37526952,catchall,8/5/2024,c28e8c3b2af82185cfd69c8be4a90789,N/A,N/A,85%,Real Estate,https://facebook.com/relocationrealtyinc,https://linkedin.com/company/relocation-realty,https://twitter.com/relorealtyinc,https://instagram.com/relocationrealtyinc,N/A
Lindsey Black,Lindsey,Black,CEO,lblack@mbm-inc.com,Bok Financial,mbm-inc.com,+18009696264,"440 Louisiana St, Suite 2500 Houston, TX 77002",Houston,TX,"=""77002""",30,6411000000,6411,"[""Apache"",""Bootstrap"",""CentOS"",""Google Analytics"",""Tealium"",""jQuery""]",42380517,catchall,3/8/2024,d1c08dc491550ec0befbfff96ec01f11,N/A,N/A,85%,Insurance Agents: Brokers: and Service,N/A,N/A,N/A,N/A,N/A
Lionel Byron,Lionel,Byron,CFO,lbyron@radialdrilling.com,Radial Drilling Services,radialdrilling.com,+12813747507,4921 Spring Cypress Road Spring TX 77379,Spring,TX,"=""77379""",125,23100000,13,"[""Apache"",""Font Awesome"",""Google Analytics"",""Google Font API"",""Google Maps"",""MediaElement.js"",""Modernizr"",""Revslider"",""TweenMax"",""WordPress"",""jQuery"",""jQuery Migrate"",""jQuery UI"",""prettyPhoto""]",36548397,catchall,5/15/2023,b827b54aeffe05170055f3d58e507115,N/A,N/A,85%,Oil and Gas Extraction,https://facebook.com/pages/radial-drilling-services-inc/113529625331138,https://linkedin.com/company/radial-drilling-services-inc.,https://twitter.com/radialdrilling,N/A,N/A
Lori Davis,Lori,Davis,Director of Operations,ldavis@emschroeder.com,Autumn,emschroeder.com,+12484781177,"27333 Meadowbrook Road Suite 230 Novi, Michigan",Troy,MI,N/A,5,4000000,6411,"[""Apache"",""CentOS"",""PHP"",""RequireJS"",""Typekit"",""jQuery""]",44884594,catchall,1/29/2024,ea3ef79fbc40cdf49a28e6a97a70a12f,N/A,N/A,85%,Insurance Agents: Brokers: and Service,N/A,https://linkedin.com/in/curt-rager-cpcu-946a962,N/A,N/A,N/A
Ark Boon Lee,Ark,Lee,"Chief Executive Officer, Logistics Development, China",lee.arkboon@mapletree.com.sg,Mapletree Investments Pte,mapletree.com.sg,+16469086300,N/A,unknown city,unknown state,N/A,750,1500000000,65,"[""Google Analytics"",""Lightbox"",""Microsoft ASP.NET"",""Modernizr"",""jQuery"",""jQuery Migrate""]",43119994,catchall,N/A,3c205ec2f28a61afa1a53f462869e654,N/A,N/A,85%,Real Estate,N/A,N/A,N/A,N/A,N/A
Laurie Emde,Laurie,Emde,"Director of Operations, D&r Greenway Land Trust",lemde@bordenperlman.com,Borden Perlman,bordenperlman.com,+18142754999,"Tower II, Suite 405 New Brunswick, NJ 08901",Trenton,NJ,"=""08901""",30,16000000,6411,"[""Google Analytics"",""Hotjar"",""Modernizr"",""Nginx"",""ZURB Foundation"",""jQuery"",""reCAPTCHA""]",45323055,catchall,4/9/2021,bbe18e28b4d2037ef34c35edf90547a6,N/A,N/A,85%,Insurance Agents: Brokers: and Service,https://facebook.com/borden-perlman-salisbury-kelly-1398358160486132,https://linkedin.com/company/borden-perlman-salisbury-&-kelly-insurance,https://twitter.com/bordenperlman,N/A,https://youtube.com/channel/uczaleqpsdt-yy-nk-hvkvnq
Laura Galloway,Laura,Galloway,Operations Director,lgalloway@iscf.biz,Iscf.biz,iscf.biz,+18002296742,"1301 10th St E Suite F Palmetto, FL 34221",unknown city,unknown state,"=""34221""",30,64000000,64,[],46681644,catchall,N/A,eccec5c583e90a99262e5bc4f24403b0,N/A,N/A,85%,Insurance Agents: Brokers: and Service,https://facebook.com/insuranceservicesofcentralflorida,N/A,N/A,N/A,N/A
Louis Iacovelli,Louis,Iacovelli,CEO / President,liacovelli@firstchoiceii.com,First Choice,firstchoiceii.com,+19045434500,N/A,unknown city,unknown state,N/A,750,6411000000,6411,"[""Adobe DTM"",""Google Analytics"",""IIS"",""Microsoft ASP.NET"",""ZURB Foundation"",""jQuery""]",38361118,catchall,N/A,6d3e552ab0656fc194e03e588f99d189,N/A,N/A,85%,Insurance Agents: Brokers: and Service,N/A,https://linkedin.com/company/first-choice-insurance-intermediaries-inc,N/A,N/A,N/A
Liam Pool,Liam,Pool,"Director of Operations, Marketing and Business ...",liam@homevest.com,Homevest,homevest.com,+14078975400,"1300 E. Michigan St, Orlando, FL 32806",Orlando,FL,"=""32806""",125,17221680,65,"[""Bootstrap"",""Google Analytics"",""Google Font API"",""Modernizr"",""OWL Carousel"",""OpenResty"",""Revslider"",""Select2"",""Twitter Emoji (Twemoji)"",""WordPress"",""Yoast SEO"",""animate.css"",""jQuery"",""jQuery Migrate"",""jQuery UI""]",46003778,catchall,4/9/2021,d9c45b193d39539a3da8027ca3078ac3,N/A,N/A,85%,Real Estate,https://facebook.com/homevestrealty,N/A,N/A,N/A,N/A
Lillian Bin,Lillian,Bin,Chief Operating Officer,lillian@sarenne.com,Sarenne Capital,sarenne.com,+18052323330,"Suite 200 Westlake Village, CA 91361",unknown city,CA,"=""91361""",5,7000000,65,[],44657283,catchall,N/A,50215ab1438659b71fdac2d7c87bc1ea,N/A,N/A,85%,Real Estate,N/A,https://linkedin.com/in/fredbin,N/A,N/A,N/A
Linda Szymanski,Linda,Szymanski,COO / HR / Life Insurance Manager,lindas@slcinsure.com,Schechner Lifson,slcinsure.com,+16048943366,"4 Chatham Road Summit, NJ 07901",Summit,NJ,"=""07901""",30,13000000,6411,"[""Apache"",""Bootstrap"",""CloudFlare"",""Crazy Egg"",""Facebook"",""Font Awesome"",""Google Analytics"",""Google Font API"",""Google Tag Manager"",""Ionicons"",""LiveChat"",""Modernizr"",""OWL Carousel"",""Revslider"",""TweenMax"",""Twitter Emoji (Twemoji)"",""WordPress"",""Yoast SEO"",""animate.css"",""jQuery"",""jQuery Migrate"",""reCAPTCHA""]",43259012,catchall,3/7/2022,330b411893fd71d9e73f6328169cea35,N/A,N/A,85%,Insurance Agents: Brokers: and Service,N/A,N/A,N/A,N/A,N/A
Linnea Geiss,Linnea,Geiss,Chief Operating Officer,linnea@firestream.com,Software For,firestream.com,+13125216767,"11675 Rainwater Dr., Suite 350, Alpharetta, GA 30009,",Saint Louis,MO,N/A,125,8600000,13,"[""Font Awesome"",""Google Analytics"",""Google Font API"",""Google Tag Manager"",""MediaElement.js"",""Pardot"",""Revslider"",""TweenMax"",""WordPress"",""Yoast SEO"",""jQuery"",""jQuery Migrate"",""jQuery UI"",""reCAPTCHA""]",46367255,catchall,3/2/2023,3dcee73ca4f451341c763f3f78cb5ad4,N/A,N/A,85%,Oil and Gas Extraction,https://facebook.com/pdisoftware,https://linkedin.com/company/pdi-software,https://twitter.com/pdisoftware,N/A,https://youtube.com/user/profdatatv
Lisabeth Patch,Lisabeth,Patch,Director of Operations,lisabeth@caititle.com,Commonwealth Agency,caititle.com,+12156437744,"Land Title Building, 100 S Broad St, Suite 2100, Philadelphia, PA 19110",Ambler,PA,"=""19110""",30,5700128,65,"[""PHP"",""Twitter Emoji (Twemoji)"",""WordPress"",""jQuery""]",43772468,catchall,N/A,c7a1a0673b8b0c230ab87b3b4b24b372,N/A,N/A,85%,Real Estate,N/A,N/A,N/A,N/A,N/A
Lisa Weartz,Lisa,Weartz,CEO,lisa@sterlinginsgrp.com,Sterlinginsgrp.comnavigationhome,sterlinginsgrp.com,+13178859105,"402 West Main Street, Greenwood, IN 46142",Greenwood,IN,"=""46142""",350,6411000000,6411,"[""Google Font API"",""Nginx"",""Slick"",""Twitter Emoji (Twemoji)"",""WordPress"",""jQuery"",""jQuery Migrate""]",38102821,catchall,7/12/2022,d8bd01252a4684a654190a9c179b30e9,N/A,N/A,85%,Insurance Agents: Brokers: and Service,N/A,N/A,N/A,N/A,N/A
Liz Gehringer,Liz,Gehringer,Chief Operating Officer,liz@paganoproperties.com,Coldwell Banker,paganoproperties.com,+18003525267,N/A,Huntington,WV,N/A,75,9500213,65,[],37606702,catchall,10/2/2023,aa78f4f0de29cf152e591ef3a5b613fe,N/A,N/A,85%,Real Estate,https://facebook.com/coldwellbanker,N/A,https://twitter.com/coldwellbanker,N/A,https://youtube.com/user/coldwellbanker
Lane Kagey,Lane,Kagey,COO - Cleanmark Labels,lkagey@lgihomes.com,Lgi Homes,lgihomes.com,+18668005178,"1450 Lake Robbins Drive, Suite 430 | The Woodlands, TX 77380",Seattle,WA,"=""77380""",750,838300000,65,"[""CloudFlare"",""Facebook"",""Font Awesome"",""Google Analytics"",""Google Font API"",""Google Tag Manager"",""IIS"",""Inspectlet"",""Java"",""Microsoft ASP.NET"",""jQuery"",""jQuery Migrate""]",37478865,catchall,4/12/2022,6aee71db3f4abacdf8dfc3cde1cadb33,N/A,N/A,85%,Real Estate,https://facebook.com/lgihomes,N/A,https://twitter.com/#!/lgihomes,https://instagram.com/lgihomes,https://youtube.com/user/lgihomes
"Linda Nichols Cic, Aai",Linda,Aai,Director of Operations,lnichols@priceramey.com,Price & Ramey,priceramey.com,+14236262700,"1524 Bridgewater Lane Kingsport, TN 37660",Kingsport,TN,"=""37660""",125,6411000000,6411,"[""Google Analytics"",""Google Font API"",""Google Maps"",""Google Tag Manager"",""Nginx"",""Twitter Emoji (Twemoji)"",""WordPress"",""Yoast SEO"",""jQuery"",""jQuery Migrate""]",46160114,catchall,N/A,44d19c5b23e9e8a26b96079ed5f45dfd,N/A,N/A,85%,Insurance Agents: Brokers: and Service,https://facebook.com/priceramey,https://linkedin.com/company/price-&-ramey-insurance-inc.,https://twitter.com/priceramey,N/A,N/A
Lora Gebhardt,Lora,Gebhardt,COO,lora@gebhardtinsurancegroup.com,Gebhardt Insurance Group,gebhardtinsurancegroup.com,+15208363244,"719 E Cottonwood Lane St# 1, Casa Grande, AZ 85122",Casa Grande,AZ,"=""85122""",5,0,64,[],44331266,catchall,N/A,2207c5eb301a0060237143706b863fbc,N/A,N/A,85%,Insurance Agents: Brokers: and Service,https://facebook.com/gebhardtinsurance,N/A,https://twitter.com/geb_insurance,N/A,N/A
Lori Means,Lori,Means,Egp Quality Assurance Coodinator,lori@qualitytitlend.com,Quality Title,qualitytitlend.com,+17015957716,"2211 E Main Ave Bismarck ND 585012211 E Main Ave Bismarck, ND 58501",Bismarck,ND,"=""58501""",30,5700128,65,"[""Apache"",""Bootstrap"",""Font Awesome"",""Google Font API"",""PHP"",""Twitter Emoji (Twemoji)"",""WordPress"",""Yoast SEO"",""animate.css"",""jQuery"",""jQuery Migrate"",""jQuery UI""]",37959918,catchall,4/9/2021,0338361ee030e49f909f6c8fe7db94ff,N/A,N/A,85%,Real Estate,https://facebook.com/qualitytitleinc,N/A,N/A,N/A,N/A
Lori Spinato,Lori,Spinato,CEO,lori@truenorthtitle.com,True North Title,truenorthtitle.com,+15409510324,"6477 College Park Square, Suite 204, Virginia Beach, VA 23464",Virginia Beach,VA,"=""23464""",5,1638653,65,"[""Font Awesome"",""Google Font API"",""Nginx"",""Twitter Emoji (Twemoji)"",""WordPress"",""jQuery"",""jQuery Migrate"",""jQuery UI""]",38560987,catchall,8/5/2024,077a3bcb02d75723203d08e2931f9eb3,N/A,N/A,85%,Real Estate,https://facebook.com/truenorthtitle,N/A,https://twitter.com/truenorthva,N/A,N/A
Lori Real,Lori,Real,Chief Operating Officer - Bi-,lori@vistarealtynb.com,Real,vistarealtynb.com,+15128095727,"1825 Katy Street New Braunfels, TX 78130",New Braunfels,TX,"=""78130""",5,65000000,65,"[""PHP""]",39529506,catchall,12/15/2021,d3b8015e29bf255e3037bd443ecd0f12,N/A,N/A,85%,Real Estate,https://facebook.com/vistarealtynb,https://linkedin.com/in/lori-mckernan-2214321b,https://twitter.com/vistarealtynb,https://instagram.com/vista_realty,https://youtube.com/channel/ucvusun8sj-xvt44jd2pybkq
Lisa Pahl,Lisa,Pahl,Director of Operations,lpahl@jkrug.com,J Krug And Asscociates,jkrug.com,+18478187520,"524 W. Stephenson Street Suite 200 Freeport, IL",Mount Prospect,IL,N/A,30,3000000,6411,"[""Bootstrap"",""Font Awesome"",""Google Font API"",""Lightbox"",""Modernizr"",""Nginx"",""PHP"",""Twitter Emoji (Twemoji)"",""WordPress"",""animate.css"",""jQuery"",""jQuery Migrate""]",40030122,catchall,8/16/2021,ec6bfe9943f2de4ac073ae71efc48477,N/A,N/A,85%,Insurance Agents: Brokers: and Service,https://facebook.com/pg/jkrugassoc/about/,https://linkedin.com/company/j.-krug-&-associates,https://twitter.com/jkrugandassoc,https://instagram.com/jkrugins,https://youtube.com/channel/uciaqdgclry4sfx9hsm9qhjw
Lauri Reishus,Lauri,Reishus,EVP &amp; COO,lreishus@arcc4life.com,Arc,arcc4life.com,N/A,N/A,Greensboro,NC,N/A,N/A,64000000,64,[],38233938,catchall,12/15/2021,bafe3291e6559a40e0d1a9a678b9083e,N/A,N/A,85%,Insurance Agents: Brokers: and Service,N/A,N/A,N/A,N/A,N/A
Lori Stratton,Lori,Stratton,Director of Agency Operations,lstratton@jpperry.com,J P Perry,jpperry.com,+18003724822,"3342 Kori Road Jacksonville, Florida 32257",Jacksonville,FL,"=""32257""",30,8000000,6411,"[""Bootstrap"",""Facebook"",""Font Awesome"",""Google Analytics"",""Google Font API"",""Google Maps"",""Google Tag Manager"",""Nginx"",""PHP"",""jQuery"",""jQuery UI""]",39985858,catchall,8/7/2023,3e9876587e3943cca5ca0e0fad3d55bc,N/A,N/A,85%,Insurance Agents: Brokers: and Service,https://facebook.com/home.php#!/pages/jp-perry-insurance/122769112384,N/A,N/A,N/A,N/A
Linda Swenson,Linda,Swenson,Chief Financial Officer,lswenson@equitasinvestments.com,Equitas Investments,equitasinvestments.com,+13105759760,"Suite 305 Hermosa Beach, CA 90254",Los Angeles,CA,"=""90254""",5,1638653,65,"[""Backbone.js"",""Bootstrap"",""Facebook"",""Google Analytics"",""Google Maps"",""Modernizr"",""Moment Timezone"",""Moment.js"",""OWL Carousel"",""RequireJS"",""Supersized"",""Typekit"",""UIKit"",""Underscore.js"",""jQuery"",""jQuery UI"",""reCAPTCHA""]",37519287,catchall,10/6/2023,53a1ddae267f73a5756b2acad695d208,N/A,N/A,85%,Real Estate,N/A,https://linkedin.com/in/aaron-swerdlow-a550572b,N/A,N/A,N/A
Lloyd Taylor,Lloyd,Taylor,"Former Director of Global Operations, Google",ltaylor@maip.com,Mid America Industries,maip.com,+19188253500,"725 Webb St Chouteau, OK 74337",East Saint Louis,IL,"=""74337""",30,3309800,65,[],38795581,catchall,8/16/2021,588dd034b57909cd3859e143017ddbf2,N/A,N/A,85%,Real Estate,N/A,N/A,N/A,N/A,N/A
Luis Araujo,Luis,Araujo,Chief Executive Officer,luis.araujo@akersolutions.com,Aker Solutions History And Heritage Corporate,akersolutions.com,+17136233076,"Parmelia House, Level 8, 191 St Georges Terrace, WA 6000, Perth",unknown city,unknown state,N/A,5000,3600000000,13,"[""Azure"",""CloudFlare"",""Google Analytics"",""Google Tag Manager"",""Modernizr"",""jQuery""]",43753427,catchall,3/2/2023,0cf4529208d06a8f5105f03c8502e3ab,N/A,N/A,85%,Oil and Gas Extraction,https://facebook.com/akersolutions,https://linkedin.com/company/aker-solutions,https://twitter.com/akersolutions,N/A,N/A
Lamar Vice,Lamar,Vice,President/ceo,lvice@sunbeltworksite.com,Sunbelt Worksite Marketing,sunbeltworksite.com,+18008228045,"1062 Hwy 92 W, Auburndale, FL",Auburndale,FL,N/A,5,1638653,6411,"[""Apache"",""Elementor"",""Font Awesome"",""Google Analytics"",""Google Font API"",""Google Tag Manager"",""Lightbox"",""WordPress"",""jQuery"",""jQuery Migrate"",""jQuery UI"",""reCAPTCHA""]",36463936,catchall,8/7/2023,e236549f8712a235fe7db0d0355dd1c8,N/A,N/A,85%,Insurance Agents: Brokers: and Service,https://facebook.com/sunbeltworksitemarketing,https://linkedin.com/company/sunbelt-worksite-marketing,https://twitter.com/sunbeltm,N/A,N/A
Leonard Walsh,Leonard,Walsh,Executive Vice President – Chief Operating Officer,lwalsh@sbhny.org,Sbh,sbhny.org,+12126507878,"4422 Third Avenue, 4th Floor Bronx, New York 104572016 Bronxdale Avenue Bronx, NY 104624487 Third Avenue Bronx, NY 104574451 Third Avenue, 2nd Floor Bronx, NY 10457260 East 188th Street Bronx, NY 1045",Bronx,NY,"=""10457""",30,45000000,6411,"[""Amazon ELB"",""Apache"",""CloudFlare"",""Font Awesome"",""Google Analytics"",""Google Font API"",""Lightbox"",""PHP"",""Ubuntu"",""WordPress"",""Yoast SEO"",""YouTube"",""jQuery"",""jQuery Migrate"",""prettyPhoto""]",36453131,catchall,11/21/2023,094fbacae119a171863a00a639d11100,N/A,N/A,85%,Insurance Agents: Brokers: and Service,https://facebook.com/sbhbronx,N/A,https://twitter.com/sbhbronx,N/A,https://youtube.com/user/stbarnabashospital/videos
Lynn Klinedinst,Lynn,Klinedinst,Director of Accounting and Operations,lynn.klinedinst@masettlement.com,Settlement Services,masettlement.com,+13038764551,N/A,Baltimore,MD,N/A,75,600000000,65,"[""Bootstrap"",""Google Analytics"",""Google Font API"",""Microsoft ASP.NET"",""jQuery""]",37358654,catchall,6/14/2023,10879277acc71decf5a39dea199153cf,N/A,N/A,85%,Real Estate,N/A,N/A,N/A,N/A,N/A
Michael Johnson,Michael,Johnson,CEO,maj@waterstoneinsurance.com,Waterstone Insurance Agency,waterstoneinsurance.com,+18002344433,"PO Box 975 Muskegon, MI 49443565B West Western Avenue Muskegon, MI 49440565B West Western Ave Muskegon, MI 49440",Muskegon,MI,"=""49440""",30,6411000000,6411,"[""Apache"",""Bootstrap"",""Google Font API"",""Joomla"",""jQuery"",""jQuery Migrate"",""jQuery UI""]",41934919,catchall,N/A,626718649961919f932b61ed0fb1f139,N/A,N/A,85%,Insurance Agents: Brokers: and Service,N/A,N/A,N/A,N/A,N/A
Melissa Anderson,Melissa,Anderson,Chief Operating Officer and Chief ...,manderson@pioneertitleco.com,Pioneer Holding,pioneertitleco.com,+12082340621,"1211 W Myrtle Street, Suite 100 Boise, ID 837028151 West Rifleman Street Boise, ID 837048151 W. Rifleman Street Boise, ID 83704",Boise,ID,"=""83704""",300,35000000,65,"[""Apache"",""Bootstrap"",""Google Analytics"",""Typekit"",""jQuery""]",37420084,catchall,10/2/2023,1f759f88ddb789b1798f91896fb51c84,N/A,N/A,85%,Real Estate,https://facebook.com/pioneertitleco,N/A,https://twitter.com/pioneertitleco,N/A,N/A
Mandy Beaulieu,Mandy,Beaulieu,Operations Director,mandy@apicc.org,Alaska Safety Alliance,apicc.org,+19077705250,"2600 Cordova Street, Suite 105 Anchorage, AK 995032600 Cordova Suite 105 Anchorage AK 99503",Anchorage,AK,"=""99503""",5,1638653,13,"[""Bootstrap"",""FancyBox"",""Google Tag Manager"",""Moment.js"",""WooCommerce"",""WordPress"",""jQuery"",""jQuery Migrate"",""reCAPTCHA"",""Litespeed Cache""]",38653158,catchall,3/2/2023,6e2ebaa6c75cf8cfdf4ff636d8dcd8ce,N/A,N/A,85%,Oil and Gas Extraction,https://facebook.com/alaskasafetyalliance,https://linkedin.com/company/apicc---alaska-process-industry-careers-consortium,https://twitter.com/aksafetya,https://instagram.com/alaskasafetyalliance,https://youtube.com/channel/ucgdpkgxovpjg-svpdo1r1wg
Maqsood Ebrahim Farid,Maqsood,Farid,President & CFO,maqsood@royalgroupkenya.com,Royal Group,royalgroupkenya.com,N/A,N/A,unknown city,unknown state,N/A,300,65000000,65,"[""Apache"",""Bootstrap"",""Slick"",""YouTube"",""animate.css"",""jQuery""]",40281172,catchall,N/A,f1505d1c1c5628678b57f0eb4ce907ff,N/A,N/A,85%,Real Estate,N/A,N/A,N/A,N/A,N/A
Marc Gnesin,Marc,Gnesin,Director of Operations,marc.gnesin@gcgriskmanagement.com,Gcg Risk Management,gcgriskmanagement.com,+15183773491,"1004 Princetown Road Schenectady, New York 12306",New York,NY,"=""12306""",30,5000000,6411,"[""Apache"",""Google Analytics"",""Google Font API"",""Google Tag Manager"",""Modernizr"",""PHP"",""Twitter Emoji (Twemoji)"",""WordPress"",""Yoast SEO"",""jQuery"",""jQuery Migrate"",""reCAPTCHA""]",44348453,catchall,4/9/2021,d7219f484ecc8097885fd5788e39e425,N/A,N/A,85%,Insurance Agents: Brokers: and Service,N/A,https://linkedin.com/company/gcg-risk-management,https://twitter.com/gcgworkerscomp,N/A,N/A
Marcus Marino,Marcus,Marino,President and CEO,marcusm@designmgroup.com,Design M Group,designmgroup.com,+18777656836,N/A,New York,NY,N/A,5,1638653,65,[],37155675,catchall,8/5/2024,04e0fecf607fb6fa02004b1dc0acd495,N/A,N/A,85%,Real Estate,N/A,N/A,N/A,N/A,N/A
Marcus Niemeyer,Marcus,Niemeyer,Co-founder &amp; CEO,marcus.niemeyer@voya.com,Voya,voya.com,+18888545950,"230 Park Avenue New York, NY 10169",unknown city,unknown state,"=""10169""",7500,6411000000,6411,"[""Acquia Cloud"",""CloudFlare"",""Drupal"",""Google Analytics"",""Google Tag Manager"",""Modernizr"",""RequireJS"",""Varnish"",""Visual Website Optimizer"",""jQuery"",""jQuery Migrate""]",44029874,catchall,7/30/2024,1a20322f00897e96620a7ba690195734,N/A,N/A,85%,Insurance Agents: Brokers: and Service,https://facebook.com/pages/voya/215714485107840,https://linkedin.com/company/voya,https://twitter.com/voya,https://instagram.com/voya,https://youtube.com/channel/ucbwnajd8kl_rqoztp0mvxtw
Marina Capobianco,Marina,Capobianco,Director of Finance,marina.capobianco@firstservicefinancial.com,Firstservice Financial,firstservicefinancial.com,N/A,N/A,Riverside,CA,N/A,N/A,0,65,"[""Apache"",""CentOS"",""Font Awesome"",""Google Analytics"",""Modernizr"",""OpenSSL"",""PHP"",""Revslider"",""Twitter Emoji (Twemoji)"",""WordPress"",""jQuery"",""jQuery Migrate""]",43363314,catchall,1/10/2022,276688a38b25915a9a771279a0f9622e,N/A,N/A,85%,Real Estate,N/A,N/A,N/A,N/A,N/A
Mark Winiker,Mark,Winiker,Ceo/president,mark@a-affordableinsurance.com,Insurance Agency,a-affordableinsurance.com,+15085882958,"480 Forest Avenue Brockton, MA 02301480 Forest Avenue, Brockton, MA 02301",Brockton,MA,"=""02301""",5,6411000000,6411,"[""Google Analytics"",""Google Tag Manager"",""Nginx"",""jQuery""]",40082295,catchall,8/19/2023,d764811fd39ae60789b7408c5bc2874b,N/A,N/A,85%,Insurance Agents: Brokers: and Service,https://facebook.com/aaffordableinsurance,N/A,https://twitter.com/aaffordable,https://instagram.com/a_affordable,N/A
Mark Brandon,Mark,Brandon,Operations Director,mark.brandon@pes-companies.com,Pes,pes-companies.com,+12157297441,"3144 West Passyunk Avenue Philadelphia, PA 19145",Philadelphia,PA,"=""19145""",300,13000000,13,[],41166076,catchall,3/2/2023,74d287c6094ce21e54629e19d1f4cd90,N/A,N/A,85%,Oil and Gas Extraction,https://facebook.com/southphiladelphiabusinessassociation,N/A,N/A,N/A,N/A
Mark Jolley,Mark,Jolley,COO,mark@InsureMonkey.com,Insure Monkey,InsureMonkey.com,+18552959333,N/A,Las Vegas,NV,N/A,N/A,0,64,"[""Apache"",""Google Analytics"",""Google Font API"",""Modernizr"",""OpenSSL"",""PHP"",""UNIX"",""jQuery"",""mod_ssl""]",37175566,catchall,N/A,f22c111edc298daf1f2826c06a8fc97b,N/A,N/A,85%,Insurance Agents: Brokers: and Service,N/A,N/A,N/A,N/A,N/A
Mark Maurer,Mark,Maurer,President & CEO,markmaurer@llis.com,Llis,llis.com,+18772544429,"2907 W. Bay to Bay Blvd., Ste. 102 Tampa, FL 33629",Tampa,FL,"=""33629""",30,2000000,6411,"[""Bootstrap"",""Google Font API"",""Nginx"",""PHP"",""Twitter"",""Ubuntu"",""jQuery"",""jQuery UI""]",37133900,catchall,8/7/2023,0b7bb96def91eab0276ecafa60e4cd60,N/A,N/A,85%,Insurance Agents: Brokers: and Service,N/A,N/A,https://twitter.com/teamllis,N/A,N/A
Mark Mixon,Mark,Mixon,Chief Operating Officer,mark.mixon@gracosvcs.com,Graco Oilfield Services,gracosvcs.com,+14053822269,"Suite 220 Frisco, TX 75034",Frisco,TX,"=""75034""",300,70000000,13,"[""Azure"",""Font Awesome"",""Google Analytics"",""Google Font API"",""IIS"",""Linkedin"",""Microsoft ASP.NET"",""Modernizr"",""jQuery"",""prettyPhoto""]",39630854,catchall,10/2/2023,98676b26b838c4d42db4f353388c3f84,N/A,N/A,85%,Oil and Gas Extraction,N/A,N/A,N/A,N/A,N/A
Mark Heavey,Mark,Heavey,COO,mark@VentureCorporation.com,Venture,VentureCorporation.com,N/A,N/A,Larkspur,CA,N/A,5,1638653,65,"[""Apache"",""PHP""]",43143475,catchall,N/A,98610a3744e233a588470d3ce6e35b59,N/A,N/A,85%,Real Estate,N/A,N/A,N/A,N/A,N/A
Mark Willis,Mark,Willis,President/ceo,mark@willisgroupus.com,Willis Group,willisgroupus.com,+17135474500,"1400 Post Oak Blvd Suite 200, Houston, TX 77056",unknown city,unknown state,"=""77056""",55000,0,6411,"[""Font Awesome"",""Google Font API"",""Google Maps"",""MediaElement.js"",""Modernizr"",""Nginx"",""Revslider"",""TweenMax"",""Twitter Emoji (Twemoji)"",""WP Engine"",""WordPress"",""jQuery"",""jQuery Migrate"",""jQuery UI""]",42486268,catchall,N/A,f085b92940ee78a9e4d151ce76114bd2,N/A,N/A,85%,Insurance Agents: Brokers: and Service,N/A,N/A,N/A,N/A,N/A
Martin Mucha,Martin,Mucha,Chief Executive Officer,martin@igluu.com,Igluu,igluu.com,N/A,N/A,unknown city,unknown state,N/A,5,1638653,65,"[""Lodash"",""Next.js"",""Nginx"",""Polyfill"",""Ubuntu"",""webpack""]",43269896,catchall,8/5/2024,d316e351548f020ef3c2a47777186c66,N/A,N/A,85%,Real Estate,https://facebook.com/igluunyc,https://linkedin.com/company/igluu-llc,https://twitter.com/igluunyc,https://instagram.com/igluunyc,N/A
Matthew Spaulding,Matthew,Spaulding,COO,matthew@spauldingprop.com,Sycamore Business Park,spauldingprop.com,+19494967829,"Suite B San Juan Capistrano, Ca 92675",San Juan Capistrano,CA,"=""92675""",5,1638653,65,"[""Apache""]",40102991,catchall,N/A,1c502cd44af43bdf905072fd04b9ef16,N/A,N/A,85%,Real Estate,N/A,N/A,N/A,N/A,N/A
Matt Fritz,Matt,Fritz,CEO,matt@infinityig.net,Infinityig,infinityig.net,N/A,N/A,unknown city,unknown state,N/A,3000,6411000000,6411,"[""Apache""]",44949745,catchall,N/A,4742db95bc5af9a42b0e8db06b681a19,N/A,N/A,85%,Insurance Agents: Brokers: and Service,N/A,N/A,N/A,N/A,N/A
Matthew Mueller,Matthew,Mueller,Co-founder & COO,matt@mainstreamre.com,Mainstream Real Estate Group,mainstreamre.com,+18008265123,N/A,Campbell,CA,N/A,30,5700128,65,"[""Bootstrap"",""Facebook"",""Google Analytics"",""Microsoft ASP.NET"",""jQuery""]",42235944,catchall,N/A,4fd391238f8c308e7919de92d57e430e,N/A,N/A,85%,Real Estate,https://facebook.com/pages/e-agents-real-estate-solutions/37378079486,N/A,https://twitter.com/baynet,N/A,N/A
Matt Chacko,Matt,Chacko,CEO,matt@themillspace.com,Mill Space,themillspace.com,+13027516455,N/A,Philadelphia,PA,N/A,5,1638653,65,"[""Backbone.js"",""Bootstrap"",""CloudFlare"",""Crazy Egg"",""Font Awesome"",""Google Analytics"",""Marionette.js"",""Modernizr"",""Select2"",""Slick"",""Underscore.js"",""WordPress"",""jQuery""]",37046771,catchall,8/5/2024,9de26894a8e3b1e71a72c83640f55938,N/A,N/A,85%,Real Estate,https://facebook.com/themillspace,https://linkedin.com/company/the-mill-space,https://twitter.com/themillde,https://instagram.com/themillde,N/A
Maureen Campbell,Maureen,Campbell,"Sr. Vice President, Director of Operations",maureen.campbell@premiertransitions.com,Premier Transitions Relocation,premiertransitions.com,+18882540005,N/A,unknown city,unknown state,N/A,5,1638653,65,[],44333739,catchall,3/28/2022,9616890710494f9026c223fd75022a7c,N/A,N/A,85%,Real Estate,https://facebook.com/premier-transitions-a-senior-relocation-company-1621805961404319,https://linkedin.com/company/premier-transitions,N/A,N/A,N/A
Maurice Tulloch,Maurice,Tulloch,Aviva Appoints As Chief Executive Officer,maurice.tulloch@aviva.com,Aviva Corporate,aviva.com,+12076626700,N/A,Des Moines,IA,N/A,5,1638653,6411,"[""AddThis"",""Adobe Experience Manager"",""Amazon ELB"",""Modernizr"",""RequireJS"",""SiteCatalyst""]",37164629,catchall,6/14/2023,63e826aef6d9a3185ea0916a07478c1b,N/A,N/A,85%,Insurance Agents: Brokers: and Service,N/A,https://linkedin.com/company/aviva-plc/careers,https://twitter.com/avivaplc,https://instagram.com/avivaplc,https://youtube.com/user/aviva
Mike Davis,Mike,Davis,COO,mdavis@craneplastics.com,Engineered Profiles Llc2141,craneplastics.com,+16147543700,N/A,Columbus,OH,N/A,N/A,64000000,64,"[""Apache"",""Google Analytics"",""Google Font API"",""Google Tag Manager"",""MediaElement.js"",""PHP"",""Twitter Emoji (Twemoji)"",""WordPress"",""Yoast SEO"",""jQuery"",""jQuery Migrate""]",42029918,catchall,12/15/2021,8e369ef12956c19a8264c68f409bfc5d,N/A,N/A,85%,Insurance Agents: Brokers: and Service,N/A,N/A,N/A,N/A,N/A
Matt Davis,Matt,Davis,Founding Shareholder and CEO,mdavis@oakmontgroup.com,Oakmont Group,oakmontgroup.com,+19797641970,"3026 Barron Road #100 College Station, Texas 77845",unknown city,unknown state,"=""77845""",5,1638653,6411,"[""Apache"",""Bootstrap"",""Google Analytics"",""WordPress"",""jQuery"",""jQuery Migrate""]",40628684,catchall,7/12/2022,774982ef2ff091b48d44b4f2f66ebe1e,N/A,N/A,85%,Insurance Agents: Brokers: and Service,N/A,N/A,N/A,N/A,N/A
Marcie Dehart,Marcie,Dehart,Director of Operations,mdehart@pacificwest.cc,Pacificwest,pacificwest.cc,+14804661003,N/A,Costa Mesa,CA,N/A,30,65000000,65,"[""Google Font API"",""Ionicons"",""LiteSpeed"",""PHP"",""Twitter Emoji (Twemoji)"",""WordPress"",""jQuery"",""jQuery Migrate""]",41266520,catchall,4/9/2021,1b604323247f6709f7bae2e12e843b18,N/A,N/A,85%,Real Estate,N/A,N/A,N/A,N/A,N/A
Matt Deines,Matt,Deines,President/ceo,mdeines@onlinefirstfed.com,First Federal,onlinefirstfed.com,+17409222444,"321 N. Wooster Ave. PO Box 38 Dover, OH 44622321 North Wooster Avenue Dover, Ohio 44622321 N Wooster Ave Dover Ohio, 44622",Dover,OH,"=""44622""",N/A,0,65,"[""Bootstrap"",""CloudFlare"",""Facebook"",""Google Tag Manager"",""MooTools"",""jQuery""]",39504267,catchall,8/19/2023,7197a88f0129bbe96f1ea131c9e33472,N/A,N/A,85%,Real Estate,https://facebook.com/pages/first-federal-community-bank/200501423301535,https://linkedin.com/company/28924,https://twitter.com/gptw_us,https://instagram.com/gptw_us,N/A
Meredith Walters,Meredith,Walters,Director of Operations,meredith@tfpbrokerage.com,Tfp Brokerage,tfpbrokerage.com,+16783384380,"3160 Main Street, Suite 101B Duluth, GA 30096",Johns Creek,GA,"=""30096""",30,64000000,64,"[""Apache Traffic Server"",""Bootstrap"",""Google Font API"",""Twitter Emoji (Twemoji)"",""WordPress"",""jQuery"",""jQuery Migrate""]",37215170,catchall,4/9/2021,609dd6adca96b4f1cb0bce9633842ace,N/A,N/A,85%,Insurance Agents: Brokers: and Service,https://facebook.com/tfpbrokerage,https://linkedin.com/company/the-financial-partners-brokerage,https://twitter.com/tfpbrokerage,N/A,https://youtube.com/channel/uc3vk9tjhi5k_png5-o98rtg
Matthew J Gillis,Matthew,Gillis,Director of Operations,mgillis@publicstorage.com,Public Storage Click To Openyour Account Log Increate,publicstorage.com,+18664548454,"P.O. Box 25050 Glendale, CA 91221-5050",Houston,TX,"=""91221-5050""",3000,2600000000,65,"[""Google Analytics"",""Google Tag Manager"",""IIS"",""Microsoft ASP.NET"",""Polyfill"",""React""]",39373302,catchall,10/19/2021,eecd267db913d358003012eff8fa373f,N/A,N/A,85%,Real Estate,https://facebook.com/publicstorage,N/A,https://twitter.com/publicstorage,N/A,https://youtube.com/user/publicstorage
Mary Grochowski Senior,Mary,Senior,Senior Vice President – Chief Financial Officer,mgrochowski-senior@sbhny.org,Sbh,sbhny.org,+12126507878,"4422 Third Avenue, 4th Floor Bronx, New York 104572016 Bronxdale Avenue Bronx, NY 104624487 Third Avenue Bronx, NY 104574451 Third Avenue, 2nd Floor Bronx, NY 10457260 East 188th Street Bronx, NY 1045",Bronx,NY,"=""10457""",30,45000000,6411,"[""Amazon ELB"",""Apache"",""CloudFlare"",""Font Awesome"",""Google Analytics"",""Google Font API"",""Lightbox"",""PHP"",""Ubuntu"",""WordPress"",""Yoast SEO"",""YouTube"",""jQuery"",""jQuery Migrate"",""prettyPhoto""]",36453140,catchall,8/9/2023,5044e2c26918de7baf371b3ce09b1913,N/A,N/A,85%,Insurance Agents: Brokers: and Service,https://facebook.com/sbhbronx,N/A,https://twitter.com/sbhbronx,N/A,https://youtube.com/user/stbarnabashospital/videos
Megan Gunter,Megan,Gunter,"Operations Director, Citadel Football Association",mgunter@greystar.com,Greystar,greystar.com,+17192431002,"750 Bering Drive, Suite 300 Houston, TX 77075",Charlotte,NC,"=""77075""",7500,110000000,65,"[""Google Maps"",""Google Tag Manager""]",39772482,catchall,10/19/2021,123a51e341db8a2fdb23354e796862ef,N/A,N/A,85%,Real Estate,https://facebook.com/greystarapts,https://linkedin.com/company/greystar,https://twitter.com/greystarapts,N/A,https://youtube.com/user/greystarapartments
Miller Heiman,Miller,Heiman,Frost and Sullivan – Selling to the CFO,mheiman@cmi-tax.com,Tax Consultants Cantrell Mcculloch,cmi-tax.com,+19726306689,N/A,Houston,TX,N/A,5,1638653,65,"[""Apache"",""Font Awesome"",""Google Analytics"",""Google Font API"",""Modernizr"",""OpenSSL"",""Twitter Emoji (Twemoji)"",""WordPress"",""Yoast SEO"",""jQuery"",""jQuery Migrate"",""reCAPTCHA""]",37333648,catchall,10/6/2023,8ab1cf9e8e34d61f2c50b1e95e9517da,N/A,N/A,85%,Real Estate,https://facebook.com/cantrell-mcculloch-inc-258636954486433,https://linkedin.com/company/10644411,https://twitter.com/goodlayers,N/A,N/A
Michael Evangelo,Michael,Evangelo,CEO,michael.evangelo@nmfs.com,Nmfs,nmfs.com,+19032671767,N/A,unknown city,unknown state,N/A,125,6411000000,6411,"[""Apache"",""Bootstrap"",""Font Awesome"",""Google Font API"",""Gravatar"",""Modernizr"",""OWL Carousel"",""Slick"",""Twitter Emoji (Twemoji)"",""WordPress"",""animate.css"",""jQuery"",""jQuery Migrate"",""jQuery UI""]",36272106,catchall,N/A,fcf08b2e5d09104b2f2229b67fd8c942,N/A,N/A,85%,Insurance Agents: Brokers: and Service,https://facebook.com/nationalmortgagefieldservice,https://linkedin.com/in/nationalmortgagefieldservices,https://twitter.com/nmfsllc,N/A,N/A
Ken Michaelis,Ken,Michaelis,CEO,michaelisk@northlandlutheran.org,Northland Lutheran Retirement Community,northlandlutheran.org,+17157325870,"831 Pine Beach Road Marinette, WI 54143",Menominee,MI,"=""54143""",30,5700128,65,[],41769318,catchall,8/5/2024,2904725ef2fd11334be0b2047b2e4661,N/A,N/A,85%,Real Estate,N/A,N/A,N/A,N/A,N/A
Michael Kaplan,Michael,Kaplan,Ceo/president,michaelk@pensioncon.com,Pension Consultants,pensioncon.com,+16123496464,"Street Suite 1911 Minneapolis, MN 55402",Minneapolis,MN,"=""55402""",30,6411000000,6411,"[""IIS"",""Microsoft ASP.NET"",""Plesk"",""jQuery""]",37279327,catchall,8/19/2023,7ae32de95cb7256665afeae32792404f,N/A,N/A,85%,Insurance Agents: Brokers: and Service,N/A,N/A,N/A,N/A,N/A
Michael Nudi,Michael,Nudi,President and CEO,michael.nudi@custdata.com,Us Custom Data Solutions,custdata.com,+18004419595,N/A,Sterling Heights,MI,N/A,30,6411000000,6411,"[""Bootstrap"",""Modernizr"",""Nginx"",""jQuery"",""jQuery Migrate""]",36693794,catchall,6/14/2023,09c8209ba8a49cbd5eeaf32ed06d3e46,N/A,N/A,85%,Insurance Agents: Brokers: and Service,https://facebook.com/customdatasolutions,https://linkedin.com/company/99816,N/A,N/A,N/A
Michael Henry,Michael,Henry,Director of Operations,michael@opendoor.com,Opendoor Labs,opendoor.com,+16822078259,"1 Post Street, Floor 11 San Francisco, CA 94104",San Francisco,CA,"=""94104""",750,154210747,65,"[""CloudFlare"",""Criteo"",""Facebook"",""Google Analytics"",""Google Tag Manager"",""Next.js"",""Sentry"",""Segment"",""webpack""]",36299417,catchall,N/A,ae2c0a12d99281b869bd17ec253a1b39,N/A,N/A,85%,Real Estate,https://facebook.com/opendoorhq,https://linkedin.com/company/opendoor-com,https://twitter.com/opendoor,https://instagram.com/opendoor/,N/A
Michael Murphy,Michael,Murphy,President & CEO,michael@platinum-exchange.com,Platinum Group,platinum-exchange.com,+18284170002,"200 Swannanoa River Road, Asheville, NC 28805200 Swannanoa River Road Asheville, NC 28805",Asheville,NC,"=""28805""",N/A,0,64,"[""CloudFlare"",""Facebook"",""FancyBox"",""HubSpot"",""Slick"",""animate.css"",""jQuery""]",37390407,catchall,8/19/2023,5da3c5b8e087dc1f973ad254d3876535,N/A,N/A,85%,Insurance Agents: Brokers: and Service,https://facebook.com/platinumgroupavl,https://linkedin.com/company/platinum-exchange-com,https://twitter.com/platinumgrpavl,N/A,N/A
Michael Weitzman,Michael,Weitzman,CEO,michael@storm-living.com,Storm Living,storm-living.com,+15165393545,"76-28 Parsons Blvd. 2nd floor Fresh Meadows, NY 11366",Jamaica,NY,"=""11366""",N/A,0,65,"[""All in One SEO Pack"",""Google Maps"",""Nginx"",""PHP"",""Twitter Emoji (Twemoji)"",""WordPress"",""jQuery"",""jQuery Migrate""]",41746761,catchall,8/5/2024,7062854eba384259d9a379a4c8596a20,N/A,N/A,85%,Real Estate,https://facebook.com/stormliving,N/A,https://twitter.com/stormliving,N/A,N/A
Michael Wagner,Michael,Wagner,Chief Operating Officer,michael.wagner@gbg.com,Global Benefits Group,gbg.com,N/A,N/A,Orange County,CA,N/A,125,6411000000,6411,"[""AngularJS"",""Bootstrap"",""Google Analytics"",""Google Font API"",""IIS"",""Microsoft ASP.NET"",""TinyMCE"",""jQuery"",""jQuery UI""]",45320068,catchall,N/A,a65f474db9fb68d12fcef7a6e7dfb5bd,N/A,N/A,85%,Insurance Agents: Brokers: and Service,N/A,N/A,N/A,N/A,N/A
Mickey Kramer,Mickey,Kramer,CFO,mickey@kramerinsuranceagency.com,Kramer Insurance Agencyp.o. Box 8345 Corpus,kramerinsuranceagency.com,+13618501857,"P.O. Box 8345 Corpus Christi, TX 78468",Corpus Christi,TX,"=""78468""",N/A,0,6411,"[""IIS"",""Microsoft ASP.NET""]",42239437,catchall,12/2/2021,8ee83dbe5a6926a99cc6016455af2f2e,N/A,N/A,85%,Insurance Agents: Brokers: and Service,https://facebook.com/pages/kramer-insurance-agency/103391896413053,N/A,N/A,N/A,N/A
Mike Burgelin,Mike,Burgelin,CEO,mike@EmployeeLeasingQuotes.com,Employee Leasing Quotes,EmployeeLeasingQuotes.com,+18885828388,N/A,Gainesville,FL,N/A,N/A,0,64,"[""Google Analytics"",""Hotjar"",""LiveChat"",""Nginx"",""YouTube"",""jQuery""]",37974146,catchall,N/A,a9d5c0cdec39e10bb1a1d9d2ea2de868,N/A,N/A,85%,Insurance Agents: Brokers: and Service,https://facebook.com/pages/employee-leasing-quotes/137209939672840,N/A,https://twitter.com/mikeburgelin,N/A,https://youtube.com/user/employeeleasing/feed
Mike Bearden,Mike,Bearden,President and CEO,mike@househunt.com,Househunt,househunt.com,+13147266618,N/A,unknown city,CA,N/A,30,2000000,65,"[""Apache"",""Bootstrap"",""Facebook"",""Font Awesome"",""Google Analytics"",""Hogan.js"",""OpenSSL"",""PHP"",""Red Hat"",""jQuery"",""jQuery Migrate""]",42761177,catchall,8/5/2024,fb3e0ad354529c241e7b6dd6c08ee178,N/A,N/A,85%,Real Estate,https://facebook.com/househunt,N/A,https://twitter.com/househunt,N/A,N/A
Mike Shuherk,Mike,Shuherk,CEO and Managing Partner,mike@insurancetrustees.com,Insurance Trustees,insurancetrustees.com,+18005596580,"120 S Randolph St Garrett, IN 46738",Garrett,IN,"=""46738""",30,1000000,6411,"[""Apache"",""FancyBox"",""Google Analytics"",""Google Font API"",""MediaElement.js"",""Mustache"",""OWL Carousel"",""VideoJS"",""Weebly"",""jQuery""]",38763145,catchall,11/8/2021,31cfec9a3ab136ad9415dbe40340630f,N/A,N/A,85%,Insurance Agents: Brokers: and Service,https://facebook.com/insurancetrustees,https://linkedin.com/company/insurance-trustees,N/A,N/A,N/A
Mike Hendricksen,Mike,Hendricksen,COO | Associate Broker,mike@matchboxrealty.com,Matchbox,matchboxrealty.com,N/A,"202 North Liberty Street Suite 101, Harrisonburg, VA 22802",Charlottesville,VA,"=""22802""",30,6000000,65,"[""Google Analytics"",""Google Tag Manager"",""Nginx"",""WordPress"",""jQuery"",""jQuery Migrate"",""reCAPTCHA""]",45281623,catchall,4/8/2022,1989a5a3638db7a08c0358eb69a918b5,N/A,N/A,85%,Real Estate,https://facebook.com/matchboxrealty,N/A,https://twitter.com/matchboxrealty,https://instagram.com/matchboxrealty,N/A
Mike Nichols,Mike,Nichols,Finance Director,mikenichols@MadisonCountyREIA.com,Madison County,MadisonCountyREIA.com,+18665922429,N/A,Huntsville,AL,N/A,5,1638653,65,"[""Apache"",""OpenSSL"",""PHP"",""Twitter Emoji (Twemoji)"",""UNIX"",""WordPress"",""jQuery"",""mod_ssl""]",44630417,catchall,3/9/2022,54e8666af0559508bf31988a853dc2a6,N/A,N/A,85%,Real Estate,N/A,N/A,N/A,N/A,N/A
Mike Regan,Mike,Regan,Executive Vice President & CFO,miker@servcopacific.com,Servco,servcopacific.com,+18085642356,"corner of South Street and Kapiolani Boulevard, becomes",Seattle,WA,N/A,5,3000000,6411,"[""AddThis"",""Backbone.js"",""Google Font API"",""Google Tag Manager"",""Moment.js"",""Nginx"",""Slick"",""Underscore.js"",""WP Engine"",""WordPress"",""Yoast SEO"",""jQuery""]",37209661,catchall,12/2/2021,fd4f09ad8f758cf79ff6cab5f7ab45a3,N/A,N/A,85%,Insurance Agents: Brokers: and Service,https://facebook.com/servcopacific,https://linkedin.com/company/servco-pacific-inc-,N/A,N/A,N/A
Mike Snider,Mike,Snider,COO and President,mike.snider@lgihomes.com,Lgi Homes,lgihomes.com,+18668005178,"1450 Lake Robbins Drive, Suite 430 | The Woodlands, TX 77380",Seattle,WA,"=""77380""",750,838300000,65,"[""CloudFlare"",""Facebook"",""Font Awesome"",""Google Analytics"",""Google Font API"",""Google Tag Manager"",""IIS"",""Inspectlet"",""Java"",""Microsoft ASP.NET"",""jQuery"",""jQuery Migrate""]",37478814,catchall,4/12/2022,2f34432143f2319f748f21938a9f1a85,N/A,N/A,85%,Real Estate,https://facebook.com/lgihomes,N/A,https://twitter.com/#!/lgihomes,https://instagram.com/lgihomes,https://youtube.com/user/lgihomes
Mindi Fynke,Mindi,Fynke,President and CEO,mindi@fritchins.com,Fritch,fritchins.com,+14022233312,N/A,Beatrice,NE,N/A,N/A,0,64,"[""Google Analytics"",""Google Font API"",""Matomo"",""Modernizr"",""Nginx"",""YouTube"",""ZURB Foundation"",""jQuery""]",36442806,catchall,8/19/2023,42b31a72867cd71fee833be01378c714,N/A,N/A,85%,Insurance Agents: Brokers: and Service,https://facebook.com/fritchinsurance,N/A,N/A,N/A,N/A
Miranda Parker,Miranda,Parker,CFO,miranda@sheallyinsurance.com,Sheally Insurance Group,sheallyinsurance.com,+19103986561,"34 Covil Avenue Wilmington, NC 28403",Wilmington,NC,"=""28403""",5,1000000,6411,"[""Bootstrap"",""Font Awesome"",""Google Font API"",""Google Maps"",""Modernizr"",""Nginx"",""Twitter Emoji (Twemoji)"",""WP Engine"",""WordPress"",""Yoast SEO"",""jQuery""]",36305983,catchall,11/11/2021,bc27a98e4bf4e9f067671cfefd309cac,N/A,N/A,85%,Insurance Agents: Brokers: and Service,https://facebook.com/sheallyinsurance,https://linkedin.com/in/bennie-sheally-1240b340,https://twitter.com/sheallw2,N/A,N/A
Mitchel Burns,Mitchel,Burns,COO,mitchel.burns@RedLedges.com,Red Ledges,RedLedges.com,+18777335334,"205 N. Red Ledges Blvd Heber City, Utah 84032",Heber City,UT,"=""84032""",30,5700128,65,"[""Apache"",""Bootstrap"",""Font Awesome"",""Google Font API"",""Google Tag Manager"",""OWL Carousel"",""Slick"",""Typekit"",""WordPress"",""Yoast SEO"",""animate.css"",""jQuery"",""jQuery Migrate""]",37671661,catchall,4/9/2021,25dfbe2418fc6c36a26368cdee773626,N/A,N/A,85%,Real Estate,https://facebook.com/redledges,N/A,https://twitter.com/redledges,N/A,N/A
Mike Kajita,Mike,Kajita,President & COO,mkajita@grigroup.com,Gentium,grigroup.com,N/A,N/A,San Francisco,CA,N/A,5,1638653,65,[],42945352,catchall,N/A,7edd3a88e5bf6c113753c7993e16b477,N/A,N/A,85%,Real Estate,N/A,N/A,N/A,N/A,N/A
Michael Kaluza,Michael,Kaluza,Executive Vice President & Chief Operating Officer,mkaluza@vermilionenergy.com,Vermilion Energy,vermilionenergy.com,+14037821024,N/A,unknown city,unknown state,N/A,750,13000000,13,"[""Apache"",""FancyBox"",""Google Analytics"",""Google Tag Manager"",""Prefix-Free"",""jQuery"",""jQuery UI""]",40720052,catchall,12/11/2023,e42a0dd1af4eefe8c5fe3f02ae9232ed,N/A,N/A,85%,Oil and Gas Extraction,N/A,https://linkedin.com/company/vermilion-energy,N/A,N/A,N/A
Margaret King,Margaret,King,Chief Operating Officer,mking@wakerad.com,Wake Radiology,wakerad.com,+19197878221,"300 Ashville Avenue, Ste 100 Cary, NC 27518300 Ashville Avenue, Ste. 260, Cary, NC 27518300 Ashville Avenue, Ste 260 Cary, NC 27518300 Ashville Avenue, Ste. 180, Cary, NC 27518300 Ashville Avenue, Ste",Cary,NC,"=""27518""",350,6411000000,6411,"[""Facebook"",""Font Awesome"",""Google Analytics"",""Google Font API"",""MediaElement.js"",""Nginx"",""Revslider"",""Select2"",""Ubuntu"",""WordPress"",""Yoast SEO"",""jQuery"",""jQuery Migrate""]",44501273,catchall,N/A,72e9b8c05baac986628b6fb0a719b025,N/A,N/A,85%,Insurance Agents: Brokers: and Service,https://facebook.com/wakeradiology,https://linkedin.com/company/wake-radiology,N/A,N/A,N/A
Michelle Maher,Michelle,Maher,"Partner, COO",mmaher@sevenhillsservice.com,Sevenhills Cleveland,sevenhillsservice.com,+19525629406,N/A,Saint Paul,MN,N/A,30,5700128,64,"[""Apache"",""WordPress"",""jQuery"",""jQuery Migrate"",""reCAPTCHA""]",45330362,catchall,4/9/2021,3a6f338c75d669bda27636b68cce99bd,N/A,N/A,85%,Insurance Agents: Brokers: and Service,https://facebook.com/sevenhillscleveland,https://linkedin.com/company/sevenhills-cleveland-benefit-partners,https://twitter.com/shcbenefits,N/A,https://youtube.com/channel/uccsmmay4c6hfxbxxdjwmjjq
Marie Manning,Marie,Manning,Director of Operations,mmanning@rmfriedland.com,Rm Friedland,rmfriedland.com,+19149803777,"12 fitch St Norwalk, CT",New York,NY,N/A,30,7000000,65,"[""Font Awesome"",""Google Font API"",""Google Maps"",""Gravity Forms"",""MediaElement.js"",""WordPress"",""Yoast SEO"",""jQuery"",""jQuery Migrate""]",38839339,catchall,4/9/2021,648760d5903bd7eb15578de121f56637,N/A,N/A,85%,Real Estate,https://facebook.com/rmfriedland,https://linkedin.com/company/rmfriedland,https://twitter.com/rmfriedlandcre,https://instagram.com/rmfriedland,N/A
Mickey Martin,Mickey,Martin,"Agency Principal, President/ceo",mmartin@martinzerfoss.com,Martin & Zerfoss,martinzerfoss.com,+16152697390,N/A,Nashville,TN,N/A,30,4000000,6411,"[""CloudFlare"",""Flywheel"",""Google Analytics"",""Google Font API"",""Google Tag Manager"",""Modernizr"",""WordPress"",""jQuery"",""jQuery Migrate""]",41068831,catchall,8/19/2023,72a05e5cc288b0dbfc7d34359959028c,N/A,N/A,85%,Insurance Agents: Brokers: and Service,https://facebook.com/martinzerfoss,https://linkedin.com/company/martin-&-zerfoss-insurance-agency%20,N/A,https://instagram.com/martinzerfossinsurance,N/A
Mark Mcgehee,Mark,Mcgehee,"Chief Executive Officer, President, Chief Operating Officer and Director (principal Executive Office",mmcgehee@greystar.com,Greystar,greystar.com,+17192431002,"750 Bering Drive, Suite 300 Houston, TX 77075",Charlotte,NC,"=""77075""",7500,110000000,65,"[""Google Maps"",""Google Tag Manager""]",39772484,catchall,8/5/2024,835b5f98d1eaa274ae8f55ec30b170c2,N/A,N/A,85%,Real Estate,https://facebook.com/greystarapts,https://linkedin.com/company/greystar,https://twitter.com/greystarapts,N/A,https://youtube.com/user/greystarapartments
Mark Menicucci,Mark,Menicucci,Owner/ceo,mmenicucci@mianm.com,Mianm,mianm.com,+15058832827,N/A,Albuquerque,NM,N/A,N/A,0,6411,"[""Google Font API"",""Polyfill"",""RequireJS"",""Sentry"",""Wix""]",45903901,catchall,N/A,140c0f09dc4b263027c5d75a27432de1,N/A,N/A,85%,Insurance Agents: Brokers: and Service,N/A,N/A,N/A,N/A,N/A
Michael Merola,Michael,Merola,General Counsel and Chief Operating Officer,mmerola@iyoungwoo.com,Youngwoo,iyoungwoo.com,+12124778008,"545 West 25th Street / New York, NY 10001",New York,NY,"=""10001""",5,1638653,65,"[""AngularJS"",""Bootstrap"",""OpenResty"",""jQuery""]",39161447,catchall,N/A,a9968c012da62867e42b458be0600cb8,N/A,N/A,85%,Real Estate,N/A,N/A,N/A,N/A,N/A
Mike Morey,Mike,Morey,Chief Operating Officer,mmorey@boltonco.com,Bolton,boltonco.com,+14086601063,"3475 E Foothill Blvd, Suite 100 Pasadena, CA 91107",Pasadena,CA,"=""91107""",300,52000000,6411,"[""Facebook"",""Font Awesome"",""Google Analytics"",""Google Tag Manager"",""Gravatar"",""Gravity Forms"",""Modernizr"",""OWL Carousel"",""OpenResty"",""PHP"",""Typekit"",""WordPress"",""Yoast SEO"",""ZURB Foundation"",""jQuery"",""jQuery UI""]",39738152,catchall,10/2/2023,7985b2a7312b88414341c30f58094e38,N/A,N/A,85%,Insurance Agents: Brokers: and Service,https://facebook.com/boltonco,https://linkedin.com/company/bolton-&-company,https://twitter.com/boltoncompany,https://instagram.com/boltoncompany,https://youtube.com/user/boltonandcompany
Matt Morrissette,Matt,Morrissette,Director of Finance,mmorrissette@appliedlng.com,Applied Lng,appliedlng.com,+18184503650,"Inc., 5716 Corsa Ave. Ste. 200, Westlake Village, CA, 91362,",unknown city,unknown state,N/A,30,5700128,13,"[""Google Font API"",""Squarespace"",""Typekit"",""YUI"",""webpack""]",42711213,catchall,3/2/2023,80237144545ca16ecb1b653c3a9eb8fe,N/A,N/A,85%,Oil and Gas Extraction,N/A,N/A,N/A,N/A,N/A
Mohammed Al,Mohammed,Al,Ahbabi (chief Financial Officer,mohammed.al@taqaglobal.com,Taqa,taqaglobal.com,+14037245045,N/A,Detroit,MI,N/A,3000,13000000,13,"[""Apache"",""Bootstrap"",""Drupal"",""Google Analytics"",""Google Tag Manager"",""Modernizr"",""OWL Carousel"",""PHP"",""jQuery""]",38546437,catchall,10/6/2023,4cb32ad8f919b95d5d7547c7219817ff,N/A,N/A,85%,Oil and Gas Extraction,N/A,https://linkedin.com/company/taqa,https://twitter.com/taqaglobal,https://instagram.com/taqauae,N/A
Monika Schaede Linssen,Monika,Linssen,Chief Operating Officer,monika@smlcapitaladvisors.com,Sml Capital Advisors,smlcapitaladvisors.com,+18445031500,"24 Woodbine Ave Northport, NY 11768",Centerport,NY,"=""11768""",30,5700128,64,"[""CloudFlare"",""Font Awesome"",""Google Font API"",""HubSpot"",""Matomo"",""MediaElement.js"",""Modernizr"",""Nginx"",""Revslider"",""Twitter"",""WP Engine"",""WordPress"",""jQuery"",""jQuery Migrate"",""jQuery UI""]",36421269,catchall,4/8/2022,7bb66051cb9eb1b3234ca414b0b20ae4,N/A,N/A,85%,Insurance Agents: Brokers: and Service,https://facebook.com/sml-capital-advisors-211333872549091,https://linkedin.com/company/sml-capital-advisors,https://twitter.com/sml_capital_1,N/A,N/A
Matthew Patterson,Matthew,Patterson,Chairman and Chief Executive Officer,mpatterson@tulipcity.com,Tulip City,tulipcity.com,+16416281270,"700 Washington Street Pella, Iowa 50219700 Washington Street - Pella, IA 50219",Pella,IA,"=""50219""",5,1000000,6411,"[""RequireJS"",""Sentry"",""Wix""]",37442141,catchall,6/14/2023,a88a99ec29994212e2660d5569a93f36,N/A,N/A,85%,Insurance Agents: Brokers: and Service,N/A,N/A,N/A,N/A,N/A
Mark Payne,Mark,Payne,President & COO,mpayne@reliamax.com,Reliamax Surety,reliamax.com,+14809484351,N/A,Sioux Falls,SD,N/A,125,6411000000,6411,"[""Apache""]",40450331,catchall,N/A,a7eb80ee99ccd76acff15202f068b192,N/A,N/A,85%,Insurance Agents: Brokers: and Service,N/A,N/A,N/A,N/A,N/A
Michael Pedone,Michael,Pedone,Director of Operations,mpedone@flexiben.com,Flexible Benefits Plans,flexiben.com,+18008921120,N/A,Valley Forge,PA,N/A,30,6411000000,6411,"[""Apache"",""Drupal"",""Google Analytics"",""PHP"",""Ubuntu"",""jQuery""]",43045958,catchall,N/A,86d55506233a76b49e9ef1273ccffb55,N/A,N/A,85%,Insurance Agents: Brokers: and Service,N/A,N/A,N/A,N/A,N/A
Michael Peters,Michael,Peters,Director of Material Damage Operations,mpeters@proclaims.com,Proclaims,proclaims.com,+18586797894,"P.O. Box 502234 San Diego,CA 92150",San Diego,CA,"=""92150""",30,6411000000,6411,"[""Google Font API"",""Polyfill"",""RequireJS"",""Sentry"",""Wix""]",43338363,catchall,N/A,702a9b903742581a7571002ece86eba6,N/A,N/A,85%,Insurance Agents: Brokers: and Service,https://facebook.com/wix,https://linkedin.com/company/wix-com,https://twitter.com/wix,N/A,N/A
Morgan Rand,Morgan,Rand,Director of Operations,mrand@ib-tx.com,Ib-tx,ib-tx.com,+18008806689,"10101 Reunion Place, Suite 100, San Antonio, Texas 78216",San Antonio,TX,"=""78216""",75,30000000,6411,"[""Font Awesome"",""Google Analytics"",""Google Font API"",""Google Tag Manager"",""Nginx"",""Twitter Emoji (Twemoji)"",""WP Engine"",""WordPress"",""jQuery"",""jQuery Migrate""]",45068029,catchall,N/A,84abe1742e9e8109272f2392dc17f43f,N/A,N/A,85%,Insurance Agents: Brokers: and Service,https://facebook.com/ibtxriskservices,https://linkedin.com/company/ibtx-risk-services,https://twitter.com/ib_tx,N/A,N/A
Mary Resch,Mary,Resch,Chief Operating Officer,mresch@prescottgroup.com,Prescott Realty Group,prescottgroup.com,+12147500031,"Suite 600 Dallas, Texas 75205",Fort Worth,TX,"=""75205""",75,9500213,65,"[""Font Awesome"",""Google Analytics"",""Google Font API"",""Google Maps"",""Modernizr"",""Nginx"",""Slick"",""Twitter Emoji (Twemoji)"",""WordPress"",""Yoast SEO"",""ZURB Foundation"",""jQuery"",""jQuery UI""]",38823770,catchall,10/2/2023,7aa372283dcbb3f1d3da4702b27125b9,N/A,N/A,85%,Real Estate,N/A,N/A,N/A,N/A,N/A
Michael Salvato,Michael,Salvato,Director of Operations,msalvato@stedfast.com,Meadowland Apartments,stedfast.com,+18886738441,"800 Mountain View Drive Piney Flats, TN 37686",Rialto,CA,"=""37686""",30,65000000,65,"[""Apache"",""CloudFlare"",""Facebook"",""Font Awesome"",""Google Analytics"",""Google Font API"",""Google Tag Manager"",""PHP"",""jQuery""]",43628656,catchall,N/A,ef23d7a67f493ab88d426bf6d1dd314b,N/A,N/A,85%,Real Estate,https://facebook.com/stedair,https://linkedin.com/company/stedfast-stedair,N/A,https://instagram.com/stedfast_inc,https://youtube.com/channel/uc9df1niynzmw6f1k18fadnw
Max Sanchez,Max,Sanchez,Director of Operations,msanchez@trion-properties.com,Trion Properties,trion-properties.com,+13233306150,"Bel Aire Court Beaverton, OR",Los Angeles,CA,N/A,30,5700128,65,"[""Apache"",""CloudFlare"",""Google Font API"",""Modernizr"",""OpenSSL"",""PHP"",""WordPress"",""jQuery"",""jQuery Migrate"",""jQuery UI""]",36496980,catchall,4/9/2021,39c73e4a500d3982aaa65661450cabb6,N/A,N/A,85%,Real Estate,https://facebook.com/trionproperties,https://linkedin.com/company/trion-properties,https://twitter.com/trionproperties,https://instagram.com/trionproperties,N/A
Michael Schmitz,Michael,Schmitz,Director of Operations,mschmitz@hamiltontitle.com,Near North Title Group,hamiltontitle.com,+18126691951,"(1331 Iroquois Drive, Madison, Indiana 47250)",Carmel,IN,N/A,30,65000000,65,"[""Google Maps"",""Modernizr"",""Nginx"",""Twitter Emoji (Twemoji)"",""WordPress"",""jQuery"",""jQuery Migrate"",""jQuery UI""]",37703481,catchall,N/A,f719b444507e85321d9502935f121f03,N/A,N/A,85%,Real Estate,https://facebook.com/nearnorthtitle,https://linkedin.com/company/near-north-title-llc,N/A,N/A,N/A
Max Siler,Max,Siler,Chief Operating Officer,msiler@grandpeaks.com,Grand Peaks,grandpeaks.com,+13039913143,"7500 E. Quincy Avenue Denver, CO4582 S. Ulster Street Suite 1200 Denver, CO 802371755 South Beeler St., Denver, CO 80247",Denver,CO,"=""80247""",75,17500000,65,"[""Google Font API"",""Google Maps"",""Google Tag Manager"",""Nginx"",""Plesk"",""Slick"",""W3 Total Cache"",""WordPress"",""Yoast SEO"",""jQuery"",""jQuery Migrate""]",45240937,catchall,N/A,ece473fc5ca6a2ae00c5b7fd11c7e89c,N/A,N/A,85%,Real Estate,https://facebook.com/grandpeaksproperties,N/A,https://twitter.com/grandpeaks,https://instagram.com/grandpeaksproperties,N/A
Murray Sim,Murray,Sim,CEO,murray.sim@cenallc.com,Clean Energy North America,cenallc.com,N/A,N/A,Milwaukee,WI,N/A,30,5700128,65,[],39568982,catchall,8/5/2024,633a462d7ac69f2b7ce70df210cc05c2,N/A,N/A,85%,Real Estate,N/A,N/A,N/A,N/A,N/A
Michael Walsh,Michael,Walsh,President and Chief Executive Officer,mwalsh@canyonmidstream.com,Canyon Midstream,canyonmidstream.com,+18882580808,"6005 Eastridge Rd. Suite 110 Odessa, TX 79762",Houston,TX,"=""79762""",75,6000000,13,"[""Apache"",""Font Awesome"",""Google Analytics"",""Google Font API"",""Twitter Emoji (Twemoji)"",""WordPress"",""Yoast SEO"",""jQuery"",""jQuery UI""]",40927738,catchall,12/28/2023,58fa14529fa5e1a6557835e384bc01cc,N/A,N/A,85%,Oil and Gas Extraction,N/A,N/A,N/A,N/A,N/A
Michael Wiggington,Michael,Wiggington,CFO,mwiggington@firstfreedombank.com,First Freedom Bank With,firstfreedombank.com,+16157581280,N/A,Lebanon,TN,N/A,5,4671520,65,"[""Apache"",""Font Awesome"",""jQuery"",""jQuery UI""]",42627763,catchall,N/A,cab57f6d1e8335e142bcba4e45947f4c,N/A,N/A,85%,Real Estate,https://facebook.com/pages/first-freedom-bank/154279754655062,https://linkedin.com/company/first-freedom-bank,https://twitter.com/#!/firstfreedombnk,N/A,N/A
Morten Windelev,Morten,Windelev,CEO and Founder - Re,mwindelev@publicstorage.com,Public Storage Click To Openyour Account Log Increate,publicstorage.com,+18664548454,"P.O. Box 25050 Glendale, CA 91221-5050",Houston,TX,"=""91221-5050""",3000,2600000000,65,"[""Google Analytics"",""Google Tag Manager"",""IIS"",""Microsoft ASP.NET"",""Polyfill"",""React""]",39373223,catchall,8/5/2024,2c5185b59b7fbaf27b8a9f97c97e386e,N/A,N/A,85%,Real Estate,https://facebook.com/publicstorage,N/A,https://twitter.com/publicstorage,N/A,https://youtube.com/user/publicstorage
Nancy Ochsenreiter,Nancy,Ochsenreiter,Vice President and CFO of Berkely Brokerage Corp.,nancy@berkelybrokerage.com,Berkely Brokerage,berkelybrokerage.com,+16314240222,N/A,Melville,NY,N/A,30,6411000000,6411,"[""Google Analytics"",""Google Font API"",""Nginx"",""Twitter Emoji (Twemoji)"",""WP Engine"",""WordPress"",""Yoast SEO"",""jQuery"",""jQuery Migrate"",""jQuery UI"",""prettyPhoto""]",38299375,catchall,10/6/2021,1d8d558b8147f7b772edd3dc570d398a,N/A,N/A,85%,Insurance Agents: Brokers: and Service,https://facebook.com/pages/berkely-brokerage-corp/147858068592157,https://linkedin.com/company/berkely-brokerage-corp-,N/A,N/A,N/A
Nancy Bond O'neal,Nancy,O'neal,"President, CEO",nancy@nancybondinsurance.com,Nancy Bond Insurance Services,nancybondinsurance.com,+18006854519,N/A,Fort Collins,CO,N/A,30,1400000,64,[],39266174,catchall,9/10/2024,828c3efe9e8963edb55528484119bc88,N/A,N/A,85%,Insurance Agents: Brokers: and Service,N/A,N/A,N/A,N/A,N/A
Nancy Stepanski,Nancy,Stepanski,Executive Vice President & Chief Operating Officer,nancy@westmontlaw.com,Westmont Law,westmontlaw.com,+18562160220,N/A,unknown city,unknown state,N/A,30,6411000000,6411,"[""Apache"",""Font Awesome"",""Google Analytics"",""Google Font API"",""Revslider"",""Twitter Emoji (Twemoji)"",""WordPress"",""jQuery"",""jQuery Migrate"",""prettyPhoto""]",40113135,catchall,N/A,42236c7ddaec4aec17c7dfb5d6998894,N/A,N/A,85%,Insurance Agents: Brokers: and Service,https://facebook.com/westmontassociatesinc,https://linkedin.com/company/westmont-associates-inc-,https://twitter.com/westmont_law,N/A,N/A
Nash Subotic,Nash,Subotic,President/ceo,nash_subotic@thewsp.com,Westpac Wealth,thewsp.com,+16196846400,"32605 Temecula PkySuite 218 Temecula, CA 92592",unknown city,unknown state,"=""92592""",125,6411000000,6411,"[""AddThis"",""Awesomplete"",""Bootstrap"",""CloudFlare"",""Facebook"",""FancyBox"",""Font Awesome"",""Google Analytics"",""Google Font API"",""Google Tag Manager"",""Microsoft ASP.NET"",""Modernizr"",""jQuery"",""jQuery Migrate""]",36994636,catchall,N/A,5c62e6c5fbb3d196be2a2c301f94a14b,N/A,N/A,85%,Insurance Agents: Brokers: and Service,https://facebook.com/westpacwealthpartners,https://linkedin.com/company/westpac-wealth-partners,N/A,N/A,N/A
Natalie Di,Natalie,Di,Director of Operations,natalie@agordon.com,Gordon Atlantic,agordon.com,+17816597790,"Insurance306 Washington Street (Rt 53), Norwell, MA, 02061",Norwell,MA,"=""02061""",30,2000000,6411,"[""CloudFlare"",""Google Analytics"",""HubSpot"",""jQuery""]",41803167,catchall,5/8/2024,a56979d58c46559416f9929d19951cc6,N/A,N/A,85%,Insurance Agents: Brokers: and Service,N/A,N/A,https://twitter.com/agordonins,N/A,https://youtube.com/user/agordonins
Natsuo Imai,Natsuo,Imai,"Director, Finance, Japan",natsuo.imai@mapletree.com.sg,Mapletree Investments Pte,mapletree.com.sg,+16469086300,N/A,unknown city,unknown state,N/A,750,1500000000,65,"[""Google Analytics"",""Lightbox"",""Microsoft ASP.NET"",""Modernizr"",""jQuery"",""jQuery Migrate""]",43119988,catchall,12/28/2020,05eb9d9142780e79996c0543a2e7a281,N/A,N/A,85%,Real Estate,N/A,N/A,N/A,N/A,N/A
Navid Lavi,Navid,Lavi,Chief Operating Officer,navid@sunsetequitygroup.com,Serena@sunsetequitygroup,sunsetequitygroup.com,N/A,"6125 Washington Blvd Culver City, CA 90232",Beverly Hills,CA,"=""90232""",5,1638653,65,"[""Apache Traffic Server"",""Google Analytics"",""Google Font API"",""Google Tag Manager"",""LiveChat"",""Twitter Emoji (Twemoji)"",""WordPress"",""Yoast SEO"",""jQuery"",""jQuery Migrate""]",38790758,catchall,N/A,af32367e4cdd4562d116486ebb3ca192,N/A,N/A,85%,Real Estate,https://facebook.com/sunset-equity-funding-606923529513418,N/A,N/A,N/A,N/A
Neil Murray,Neil,Murray,"CEO Corporate Solutions, Emea",neil.murray@jll.com,Jll,jll.com,+13122282795,St. Louis Virginia,Chicago,IL,N/A,5000,6800000000,65,"[""AddThis"",""Adobe DTM"",""Adobe Experience Manager"",""Akamai"",""Apache"",""Bootstrap"",""Ensighten"",""Google Font API"",""jQuery"",""reCAPTCHA""]",40662948,catchall,N/A,024c7e80c6ebf9a4d35de54f9b6ebfb2,N/A,N/A,85%,Real Estate,https://facebook.com/jll,https://linkedin.com/company/jll,https://twitter.com/jll,N/A,https://youtube.com/user/joneslanglasalle
Renee Nelson,Renee,Nelson,Director of Operations,nelson@industrypartners.com,Industry,industrypartners.com,+13103955151,"2341 Michigan Ave Santa Monica, CA 90404",Santa Monica,CA,"=""90404""",30,1000000,65,"[""Modernizr"",""Nginx"",""OWL Carousel"",""WordPress"",""jQuery"",""jQuery Migrate""]",36684278,catchall,9/30/2022,4cc640d10b15e219e30c248d7d8ffd1d,N/A,N/A,85%,Real Estate,https://facebook.com/pages/industry-partners/188669737837943,https://linkedin.com/company/industry-partners_2,N/A,https://instagram.com/industrypartners,N/A
Newell Franks,Newell,Franks,"Chairman, CEO",nfranks@burroak.com,Burr Oak's,burroak.com,+12696519393,"239 E Bogen Rd, Sturgis, MI 49091405 W. South Street, Sturgis, MI 49091",Sturgis,MI,"=""49091""",300,5000000,3999,"[""Azure"",""Adobe DTM"",""Bootstrap"",""Font Awesome"",""Google Analytics"",""Google Tag Manager"",""IIS"",""Joomla"",""Matomo"",""PHP"",""jQuery"",""jQuery Migrate""]",37395036,catchall,10/2/2024,ff4b68d01330c496877802105c3b69d2,N/A,N/A,85%,Manufacturing Industries: Not Elsewhere Classified,https://facebook.com/burroaktool,https://linkedin.com/company/burr-oak-tool,https://twitter.com/burroaktool,N/A,https://youtube.com/user/burroaktoolvideos
Nichole Creamer,Nichole,Creamer,Director of Operations,nichole@rhcreamer.com,Downtown,rhcreamer.com,+13127724194,N/A,Chicago,IL,N/A,30,5700128,65,"[""Font Awesome"",""Google Analytics"",""Google Maps"",""Google Tag Manager"",""Gravity Forms"",""Twitter Emoji (Twemoji)"",""WordPress"",""Yoast SEO"",""YouTube"",""jQuery"",""jQuery Migrate"",""jQuery Mobile""]",44360308,catchall,8/16/2021,c0232df37b36f969afe172e91bd2fc01,N/A,N/A,85%,Real Estate,N/A,N/A,N/A,N/A,N/A
Nick Colonese,Nick,Colonese,CFO,nick_colonese@panolam.com,Panolam,panolam.com,+18777266526,"1 Corporate Drive, Suite 725 Shelton, CT 06484",Shelton,CT,"=""06484""",125,5397200,39,"[""AddToAny"",""Font Awesome"",""Google Analytics"",""Google Font API"",""Lightbox"",""Modernizr"",""OWL Carousel"",""PHP"",""Revslider"",""Sucuri"",""WooCommerce"",""WordPress"",""Yoast SEO"",""animate.css"",""jQuery"",""jQuery Migrate"",""jQuery UI""]",36584087,catchall,5/15/2023,b038891fc859fd5c81fef9d9d4a925a7,N/A,N/A,85%,Miscellaneous Manufacturing Industries,https://facebook.com/panolamsurfacesystems,https://linkedin.com/company/panolam-industries,https://twitter.com/panolam,N/A,N/A
Nigel Brock,Nigel,Brock,Chief Executive Officer,nigel.brock@xsystems.ae,X Systems,xsystems.ae,N/A,N/A,unknown city,unknown state,N/A,5,1638653,13,"[""Font Awesome"",""Google Font API"",""Microsoft ASP.NET"",""Modernizr"",""ZURB Foundation"",""jQuery""]",44054640,catchall,N/A,06886e8fd34e633e34cbe61653a89033,N/A,N/A,85%,Oil and Gas Extraction,N/A,https://linkedin.com/company/x-systems-llc,N/A,N/A,N/A
Noel Khalil,Noel,Khalil,CEO,nkhalil@columbiares.com,Columbiares.com,columbiares.com,+14048745000,N/A,Atlanta,GA,N/A,300,600000000,65,"[""AddThis"",""Bootstrap"",""Flywheel"",""Font Awesome"",""Google Analytics"",""Google Font API"",""Google Tag Manager"",""Modernizr"",""WordPress"",""Yoast SEO"",""jQuery"",""jQuery Migrate"",""parcel""]",37247174,catchall,8/5/2024,de8f5be52023b337d1703b40bc5ab472,N/A,N/A,85%,Real Estate,https://facebook.com/columbiaresidential,https://linkedin.com/company/columbia-residential,N/A,https://instagram.com/columbiaresidential,N/A
Nicholas Matus,Nicholas,Matus,Chief Operating Officer,nmatus@bceproperties.com,Bce,bceproperties.com,+13107381555,"Ms. Lane earned a Bachelor of Science degree in Policy, Planning, and Development from the University of Southern California,",Los Angeles,CA,N/A,30,7000000,65,"[""Bootstrap"",""CloudFlare"",""Font Awesome"",""Google Analytics"",""Google Font API"",""Modernizr"",""PHP"",""Twitter Emoji (Twemoji)"",""WordPress"",""animate.css"",""jQuery"",""jQuery Migrate""]",38952685,catchall,10/2/2023,a769b3fbd1e9e6df94fdcc9e552a6bf8,N/A,N/A,85%,Real Estate,N/A,N/A,N/A,N/A,N/A
Neil Mazzella,Neil,Mazzella,CEO,nmazzella@hudsonscenic.com,Hudson Scenic,hudsonscenic.com,+19143750900,"130 Fernbrook St. Yonkers, NY 10705",Yonkers,NY,"=""10705""",300,19000000,3999,"[""RequireJS"",""Sentry"",""Wix""]",36728554,catchall,10/2/2024,8f21f8059ae5909f3885b20e8b53de3a,N/A,N/A,85%,Manufacturing Industries: Not Elsewhere Classified,https://facebook.com/hudsonscenicstudio,https://linkedin.com/company/hudson-scenic-studio-inc-,N/A,https://instagram.com/hudsonscenic,N/A
Nick Menear,Nick,Menear,Chief Operating Officer,nmenear@qbeeurope.com,Qbe European Operations Plc,qbeeurope.com,+12071055598,N/A,Pittsburgh,PA,N/A,3000,6411000000,6411,"[""Bootstrap"",""Font Awesome"",""Google Tag Manager"",""Modernizr"",""animate.css"",""jQuery"",""jQuery Migrate""]",44220089,catchall,N/A,a0a2c30986dad539d1e3142fe774be53,N/A,N/A,85%,Insurance Agents: Brokers: and Service,N/A,https://linkedin.com/company/qbe-european-operations,https://twitter.com/qbeeo,N/A,https://youtube.com/user/qbeeo
Nancy Newmister,Nancy,Newmister,President and CEO Atfrederickmutualinsurancecompany,nnewmister@fredmut.com,Frederick Mutual,fredmut.com,+18662125246,57 Thomas Johnson Drive,Raleigh,NC,N/A,5,960400,6411,"[""CloudFlare"",""Google Analytics"",""Microsoft Word"",""Modernizr"",""Squarespace"",""Typekit"",""YUI"",""webpack""]",45405284,catchall,N/A,4bdfed86869ff2ceb38902ad5e6bdfa3,N/A,N/A,85%,Insurance Agents: Brokers: and Service,https://facebook.com/frederickmutual1843,N/A,https://twitter.com/frederickmutual,N/A,N/A
Nancy Reynolds,Nancy,Reynolds,Chief Financial Officer,nreynolds@nealcommunities.com,Neal Communities,nealcommunities.com,+18552464370,"5800 Lakewood Ranch Blvd Sarasota, Florida 34240",Parrish,FL,"=""34240""",N/A,0,65,"[""AddThis"",""Google Font API"",""Google Maps"",""Google Tag Manager"",""Gravity Forms"",""Nginx"",""Slick"",""WP Engine"",""Webflow"",""WordPress"",""YouTube"",""jQuery"",""jQuery Migrate""]",36847829,catchall,10/6/2023,ea36c171071831bd04e9717399311be2,N/A,N/A,85%,Real Estate,https://facebook.com/nealcommunities,https://linkedin.com/company/neal-communities-of-southwest-florida-inc-,https://twitter.com/nealcommunities,https://instagram.com/nealcommunities/,https://youtube.com/user/nealcommunitiesfla
Nayri Horvat,Nayri,Horvat,Director of Operations,ns@kelsey.com,Kelsey National Corporation3030,kelsey.com,+13104377287,"3030 South Bundy Drive Los Angeles, CA 90066: 3030 S. Bundy Drive, Los Angeles, CA 90066",Los Angeles,CA,"=""90066""",30,6411000000,6411,"[""Azure"",""DreamWeaver"",""IIS"",""Microsoft ASP.NET""]",37603881,catchall,N/A,e5a220d912fe9d8a5a4f4ae653ec15cd,N/A,N/A,85%,Insurance Agents: Brokers: and Service,N/A,N/A,N/A,N/A,N/A
Nick Smith,Nick,Smith,Director of Operations,nsmith@eltororesources.com,El Toro Resources,eltororesources.com,+14052422777,"Suite 200 Oklahoma City, OK 73134",Oklahoma City,OK,"=""73134""",30,5700128,13,"[""Apache"",""Bootstrap"",""CloudFlare"",""FancyBox"",""Google Analytics"",""Google Font API"",""Modernizr"",""jQuery""]",40847219,catchall,3/2/2023,3a3d9c4b7c959fa26c0d42fe077fc34d,N/A,N/A,85%,Oil and Gas Extraction,N/A,N/A,N/A,N/A,N/A
Nancy Stern,Nancy,Stern,"Cic, Director of Operations",nstern@dmig.com,Der Manouel Insurance And Financial Services,dmig.com,+15594474586,"548 W. Cromwell Ave., Suite 101 Fresno, CA. 93711",Fresno,CA,"=""93711""",75,22000000,6411,"[""Bootstrap"",""CloudFlare"",""Font Awesome"",""Google Analytics"",""Google Font API"",""Google Tag Manager"",""Lightbox"",""Modernizr"",""PHP"",""Revslider"",""Twitter Emoji (Twemoji)"",""WordPress"",""jQuery"",""jQuery Migrate"",""prettyPhoto"",""Litespeed Cache""]",42479969,catchall,4/9/2021,cd084a5a5ad05d93398006715b6edd51,N/A,N/A,85%,Insurance Agents: Brokers: and Service,N/A,N/A,N/A,N/A,N/A
Nick Taylor,Nick,Taylor,President CEO,ntaylor@primesouth.biz,Primesouth,primesouth.biz,N/A,N/A,Windermere,FL,N/A,125,0,13,"[""Google Analytics"",""OpenResty"",""jQuery""]",40407071,catchall,N/A,eb588686cc9e3981b0c05e2d608434d1,N/A,N/A,85%,Oil and Gas Extraction,N/A,N/A,N/A,N/A,N/A
Nicole Theus,Nicole,Theus,Director of People Operations,ntheus@rcdhousing.org,Housing Neighbors,rcdhousing.org,+15108413325,"2220 Oxford Street, Berkeley, CA 94704",San Francisco,CA,"=""94704""",30,5700128,65,"[""Apache"",""CloudFlare"",""DataTables"",""Element UI"",""UIKit"",""WordPress"",""YouTube"",""jQuery"",""jQuery Migrate""]",41667783,catchall,5/17/2022,9c024554c4c570879e029edc05d9635d,N/A,N/A,85%,Real Estate,https://facebook.com/rcdhousing,https://linkedin.com/company/resources-for-community-development,https://twitter.com/rcdhousing,N/A,N/A
Nicole Winkle,Nicole,Winkle,Chief Operating Officer,nwinkle@sentinelra.com,Sentinel,sentinelra.com,+18888755231,"4700 Six Forks Rd. Suite 200 Raleigh, NC 27609",Raleigh,NC,"=""27609""",30,5700128,64,"[""Apache"",""Backbone.js"",""CentOS"",""Google Analytics"",""Google Font API"",""Marionette.js"",""PHP"",""Polyfill"",""Underscore.js"",""WordPress"",""Yoast SEO"",""jQuery"",""jQuery Migrate""]",43633380,catchall,4/9/2021,06e3e1c2211eb2e951dea60b042d3c5a,N/A,N/A,85%,Insurance Agents: Brokers: and Service,N/A,https://linkedin.com/company/sentinel-risk-advisors-llc,https://twitter.com/sentinel_risk,N/A,N/A
Nicole Wolosoff,Nicole,Wolosoff,"Vp, Director of Operations and Underwriting Counsel At Insignia National Title Agency, Llc.",nwolosoff@insigniatitleagency.com,Insignia- Bnt,insigniatitleagency.com,+18668801232,"6 East 39th Street, Suite 700 New York, NY 10016",New York,NY,"=""10016""",30,0,65,[],42992697,catchall,N/A,fe230d9360b35128451869ff258f6e8e,N/A,N/A,85%,Real Estate,N/A,N/A,N/A,N/A,N/A
Dan Ogden,Dan,Ogden,Director of Operations,ogden@ipgmhc.com,"Investment Property Group, Mhc",ipgmhc.com,+19494402300,N/A,unknown city,CA,N/A,30,5700128,65,"[""Apache"",""MooTools"",""PHP"",""Ubuntu""]",40948178,catchall,4/9/2021,0db057c96ae7b6ca88c09d1d41ad1ff4,N/A,N/A,85%,Real Estate,N/A,N/A,N/A,N/A,N/A
Oscar Torres,Oscar,Torres,CEO,otorres@towerrockog.com,To Make An,towerrockog.com,+18885071131,"PO Box 5746 Austin, TX 78763",Austin,TX,"=""78763""",5,1638653,13,"[""RequireJS"",""Sentry"",""Wix""]",39885167,catchall,3/2/2023,90db8527e60ef18e3c6e567ee0c90927,N/A,N/A,85%,Oil and Gas Extraction,https://facebook.com/towerrockog,https://linkedin.com/company/tower-rock-oil-&-gas/about,N/A,N/A,N/A
Page Thompson,Page,Thompson,Na CEO,page@omgtahoe.com,Omg,omgtahoe.com,+18004042129,"3092 North Lake Boulevard, Suite 4, Tahoe City, CA 96145PO Box 7558 | Tahoe City, CA 96145",Tahoe City,CA,"=""96145""",N/A,0,65,[],40503772,catchall,8/5/2024,a2f396b7b7933090db6e51ee9035cefd,N/A,N/A,85%,Real Estate,https://facebook.com/odette-mortgage-group-254992317906,https://linkedin.com/company/odette-mortgage-group,N/A,N/A,N/A
Page Roberson,Page,Roberson,Chief Operating Officer,page.roberson@legacyptla.com,Ptla Real Estate Group,legacyptla.com,+19252391322,N/A,Walnut Creek,CA,N/A,30,5700128,65,"[""Elementor"",""Flywheel"",""Google Analytics"",""Google Tag Manager"",""Twitter Emoji (Twemoji)"",""WordPress"",""jQuery"",""jQuery Migrate""]",45919158,catchall,5/17/2022,c027505a2c9cf7964de2baed2262923f,N/A,N/A,85%,Real Estate,N/A,N/A,N/A,N/A,N/A
Pedro Amaral Jorge,Pedro,Jorge,Presidente | CEO - Apren,pamaral-jorge@associaonline.com,Associa Tions,associaonline.com,+18008084882,"Suite 300 Dallas, TX 75205",Dallas,TX,"=""75205""",3000,2000000000,65,"[""Bootstrap"",""Font Awesome"",""Google Analytics"",""Google Font API"",""Google Tag Manager"",""Modernizr"",""Pardot"",""SumoMe"",""Twitter"",""jQuery""]",36616029,catchall,8/19/2023,9f0562a551377c67e63f784c555a23bc,N/A,N/A,85%,Real Estate,https://facebook.com/associa,https://linkedin.com/company/associa,https://twitter.com/associa,N/A,https://youtube.com/user/associamarketing
Paolo Pizzi,Paolo,Pizzi,Senior Director - Corporate Finance,paolo.pizzi@greystar.com,Greystar,greystar.com,+17192431002,"750 Bering Drive, Suite 300 Houston, TX 77075",Charlotte,NC,"=""77075""",7500,110000000,65,"[""Google Maps"",""Google Tag Manager""]",39772214,catchall,1/11/2022,89ca90bdd3b3b04aeef5014a733c25fc,N/A,N/A,85%,Real Estate,https://facebook.com/greystarapts,https://linkedin.com/company/greystar,https://twitter.com/greystarapts,N/A,https://youtube.com/user/greystarapartments
Pat Flanagan,Pat,Flanagan,Chief Financial Officer,pat.flanagan@imortgage.com,Loandepot,iMortgage.com,+18773957381,"loanDepot, P.O. Box 5710, Chicago, IL 60680-5681",Newport Beach,CA,"=""60680-5681""",N/A,0,65,"[""AddThis"",""Adobe DTM"",""AngularJS"",""Bootstrap"",""Google Font API"",""Google Tag Manager"",""IIS"",""Microsoft ASP.NET"",""Mixpanel"",""Modernizr"",""Moment.js"",""Ruxit"",""SiteCatalyst"",""Sitecore"",""jQuery"",""jQuery UI""]",36292627,catchall,10/6/2023,01bd3dde2106fdb50ca57e104d3fe075,N/A,N/A,85%,Real Estate,https://facebook.com/loandepotdotcom,https://linkedin.com/company/loandepot,https://twitter.com/loandepot,https://instagram.com/loandepot,https://youtube.com/channel/ucyzceu_uap1z8iwavk8msmw/featured
Patricia Duncan,Patricia,Duncan,Ceo/administrator,patricia@duncanins.com,Duncan,duncanins.com,+13609436304,"2111 Harrison Ave NW Olympia, WA 98502",Olympia,WA,"=""98502""",30,2000000,6411,"[""Ahoy"",""All in One SEO Pack"",""Apache"",""Font Awesome"",""Google Analytics"",""Google Font API"",""Twitter Emoji (Twemoji)"",""WordPress"",""jQuery""]",42622279,catchall,3/8/2024,c8852a935c699b1e7e88dcf5c32a73af,N/A,N/A,85%,Insurance Agents: Brokers: and Service,https://facebook.com/duncanins,https://linkedin.com/in/duncaninsurancebrokers,https://twitter.com/duncanbrokers,N/A,N/A
Patrick Gaughan,Patrick,Gaughan,CEO,patrickgaughan@gaughancompanies.com,Gaughan Enterprise,gaughancompanies.com,+16122384400,"Suite 200 Forest Lake, MN 55025",unknown city,unknown state,"=""55025""",75,25000000,65,"[""Apache"",""Bootstrap"",""Concrete5"",""Font Awesome"",""Google Analytics"",""Google Font API"",""Google Tag Manager"",""Slick"",""YouTube"",""jQuery"",""jQuery UI""]",38771704,catchall,8/5/2024,87f5d778b275331c604845b18b50b79c,N/A,N/A,85%,Real Estate,https://facebook.com/gaughanco,https://linkedin.com/company/gaughanco,https://twitter.com/gaughanco,https://instagram.com/gaughanco,https://youtube.com/user/gaughancompanies
Patrick Hitchcock,Patrick,Hitchcock,Chief Operating Officer,pat@vossins.com,Voss Insurance Services,vossins.com,+15173476970,"2395 Jolly Rd., Suite 195 Okemos, MI 48864",Okemos,MI,"=""48864""",30,6411000000,6411,"[""Apache"",""Google Analytics"",""Google Font API"",""Twitter Emoji (Twemoji)"",""WordPress"",""Yoast SEO"",""jQuery"",""jQuery Migrate""]",46415101,catchall,N/A,0d135bb9bf9352b395e3aef54d54db1e,N/A,N/A,85%,Insurance Agents: Brokers: and Service,N/A,N/A,N/A,N/A,N/A
Paul Carroll,Paul,Carroll,Chief Operating Officer,paul@integrityhousing.org,Integrity Housing,integrityhousing.org,+16262624510,"4 Venture, Suite 295 Irvine, CA 92618",Irvine,CA,"=""92618""",30,5700128,65,"[""Apache"",""FancyBox"",""Google Analytics"",""WordPress"",""jQuery"",""jQuery Migrate""]",36616072,catchall,N/A,af1f99a67731dde958f91128da97d495,N/A,N/A,85%,Real Estate,https://facebook.com/integrityhousing,https://linkedin.com/company/integrity-housing,https://twitter.com/ihaffordable,N/A,https://youtube.com/channel/ucowdxlcq8j-41dc0u33rpgw
Paul Reilly,Paul,Reilly,Chairman and Chief Executive Officer,paul@mcneelyfs.com,Raymond James,mcneelyfs.com,+17275721111,"St. Petersburg, FL 33716",Northridge,CA,"=""33716""",N/A,64000000,64,[],43938844,catchall,4/12/2022,1895f9c96c20ed10ced199e21314a3ac,N/A,N/A,85%,Insurance Agents: Brokers: and Service,https://facebook.com/raymondjames,https://linkedin.com/company/raymond-james-financial-inc-,https://twitter.com/raymondjames,https://instagram.com/raymondjames,N/A
Protect N Care,Protect,Care,CEO - Www.protect,pcare@nca-re.com,Nca Real Estate 3 Corporate,nca-re.com,+19494740122,"795 Folsom Ave, Suite 600 San Francisco, CA 94107",Newport Beach,CA,"=""94107""",5,1638653,65,"[""Apache"",""Bootstrap"",""Font Awesome"",""Glyphicons"",""Google Analytics"",""Modernizr"",""animate.css"",""jQuery"",""prettyPhoto""]",42157027,catchall,8/5/2024,2af937293e6a09fccc9f200b1dddb2f7,N/A,N/A,85%,Real Estate,N/A,N/A,N/A,N/A,N/A
Paul Cerone,Paul,Cerone,Chief Operating Officer,pcerone@bmbinc.com,"Bowen, Miclette & Britt Insurance Agency",bmbinc.com,+17138766175,"1020 N. Orlando Ave. Suite 200 Maitland, FL 32751",Maitland,FL,"=""32751""",30,4000000,6411,"[""Apache"",""Font Awesome"",""Google Analytics"",""Google Font API"",""Google Tag Manager"",""Modernizr"",""PHP"",""Slick"",""WooCommerce"",""WordPress"",""Yoast SEO"",""YouTube"",""ZURB Foundation"",""jQuery"",""jQuery Migrate""]",39930615,catchall,10/2/2023,46b2d43d1646131970a33b659b2780fb,N/A,N/A,85%,Insurance Agents: Brokers: and Service,N/A,N/A,N/A,N/A,N/A
Palermo Soriano,Palermo,Soriano,Chief Operating Officer,pcsoriano@guevent.com,Guevent Group,guevent.com,+16325330696,N/A,unknown city,unknown state,N/A,30,7000000,65,[],40015550,catchall,N/A,9393555694cc355308514ae6dd8f6f1b,N/A,N/A,85%,Real Estate,https://facebook.com/gueventgroup,N/A,https://twitter.com/gueventgroup,N/A,N/A
Nolan Perez,Nolan,Perez,CEO,perezn@lonestarnationalbank.com,Lone Star National Bank,lonestarnationalbank.com,+19566551722,"4900 S 169 Road Edinburg, TX 78542",Mcallen,TX,"=""78542""",30,112000000,6411,"[""Algolia Realtime Search"",""Facebook"",""Google Analytics"",""Handlebars"",""Locomotive"",""Modernizr"",""Moment.js"",""Nginx"",""Typekit"",""VideoJS"",""jQuery""]",37589517,catchall,3/8/2024,c7b4e731fa11bc9009a11e6b02c1f8fd,N/A,N/A,85%,Insurance Agents: Brokers: and Service,https://facebook.com/lsnbank,N/A,https://twitter.com/lsnbank,https://instagram.com/lonestarnationalbank,https://youtube.com/user/lonestarnational
Peter Davidson,Peter,Davidson,CFO,peter.davidson@PacificSource.com,Pacificsource Health Plans,PacificSource.com,+18448774803,N/A,Springfield,OR,N/A,750,154210747,64,"[""Font Awesome"",""Google Analytics"",""Google Font API"",""Google Tag Manager"",""Microsoft ASP.NET"",""jQuery""]",43633507,catchall,4/12/2022,85620e8b1be216f4d10e0d49d93c9dae,N/A,N/A,85%,Insurance Agents: Brokers: and Service,https://facebook.com/pacificsource,https://linkedin.com/company/pacificsource-health-plans,https://twitter.com/pacificsource,N/A,https://youtube.com/user/pacificsource
Peter Markos,Peter,Markos,Chief Operating Officer,peter@petermarkosinsurance.com,Peter Markos,petermarkosinsurance.com,+17377380777,"1454 Main St Dunedin, FL 34698",Dunedin,FL,"=""34698""",N/A,64000000,64,"[""Apache"",""Bootstrap"",""Chart.js"",""Facebook"",""Google Analytics"",""Google Font API"",""Modernizr"",""PHP"",""Revslider"",""TweenMax"",""Twitter Emoji (Twemoji)"",""WordPress"",""Yoast SEO"",""jQuery"",""jQuery Migrate""]",36508899,catchall,10/2/2023,8136f6369b0bbe5d0871dcd25f1f1651,N/A,N/A,85%,Insurance Agents: Brokers: and Service,https://facebook.com/afamilyinsuranceoftampabay,N/A,https://twitter.com/markospete,N/A,N/A
Philip Farr,Philip,Farr,Svf / CFO,pfarr@lamortgageservices.com,Ps Bank,lamortgageservices.com,+12127614000,"251 E. Grove Street Clarks Green, PA 18841",Clarks Green,PA,"=""18841""",N/A,0,65,"[""Bootstrap"",""Google Analytics"",""Google Tag Manager"",""Matomo"",""Nginx"",""PHP"",""jQuery""]",45034688,catchall,N/A,c660a256ae8401bfaf7db6509b4a5132,N/A,N/A,85%,Real Estate,https://facebook.com/psbanking,https://linkedin.com/company/psbanking,https://twitter.com/ps_mortgage,N/A,https://youtube.com/channel/ucdllu77-upoo-w-spvmfqrw
Peter Griffin,Peter,Griffin,CFO,pgriffin@ngsamerican.com,Ngs American,ngsamerican.com,N/A,N/A,Saint Clair Shores,MI,N/A,350,6411000000,6411,[],37401469,catchall,12/2/2021,e5e9296b0f926b4c2aa3ccf4456be240,N/A,N/A,85%,Insurance Agents: Brokers: and Service,N/A,N/A,N/A,N/A,N/A
Philippe Lapointe,Philippe,Lapointe,Chief Operating Officer,philippe@lantowerresidential.com,Lantower Residential,lantowerresidential.com,+17049004599,"2218 Bryan St., Suite 401 Dallas, TX 75201",Dallas,TX,"=""75201""",30,7000000,65,"[""Apache"",""Google Analytics"",""PHP"",""jQuery""]",41286455,catchall,10/2/2023,c38ecd09ae878d8f83931f08542ef60b,N/A,N/A,85%,Real Estate,N/A,N/A,N/A,N/A,N/A
Phillip Ho,Phillip,Ho,Chief Operating Officer,phillip@viasyn.com,Viasyn,viasyn.com,+19259041916,N/A,San Ramon,CA,N/A,30,6000000,13,[],44973496,catchall,N/A,b7a1a12312c569c7c1796d65475139ff,N/A,N/A,85%,Oil and Gas Extraction,N/A,N/A,N/A,N/A,N/A
Paul Hughes,Paul,Hughes,CEO,phughes@risktransferinc.com,Risk Transfer,risktransferinc.com,N/A,N/A,Orlando,FL,N/A,125,6411000000,6411,"[""Google Cloud"",""OpenResty""]",38604282,catchall,N/A,668a5740146a07ef7045fabb3d5744e3,N/A,N/A,85%,Insurance Agents: Brokers: and Service,N/A,N/A,N/A,N/A,N/A
Paula Johnson,Paula,Johnson,Chief Financial Officer,pjohnson@cenergistic.com,Cenergistic The Sustainability,cenergistic.com,+18557987779,"5950 Sherry Lane, Dallas, TX 75225",Fort Worth,TX,"=""75225""",300,35000000,13,"[""Bootstrap"",""CloudFlare"",""Elementor"",""Google Analytics"",""Google Font API"",""Google Tag Manager"",""HubSpot"",""Nginx"",""Slick"",""WP Engine"",""WordPress"",""jQuery"",""jQuery Migrate""]",36252661,catchall,10/6/2023,e180ddd932dac5eb5f15c884934a97e8,N/A,N/A,85%,Oil and Gas Extraction,https://facebook.com/cenergistic,https://linkedin.com/company/cenergistic,https://twitter.com/cenergistic,https://instagram.com/cenergistic,https://youtube.com/user/cenergistic
Pamela Kleinman,Pamela,Kleinman,Sr. Director of Operations,pkleinman@mosscorps.com,Moss,mosscorps.com,N/A,"5895 Harper Road Solon, OH 44139",Beachwood,OH,"=""44139""",125,7000000,64,"[""Bootstrap"",""Ghost"",""Typekit"",""jQuery""]",38574071,catchall,N/A,8d97831fa2d441954629dbf4bf5429f2,N/A,N/A,85%,Insurance Agents: Brokers: and Service,N/A,N/A,N/A,N/A,N/A
Paul O'connor,Paul,O'connor,Vice President / Director of Operations,poconnor@qrlending.com,Qrl Financial,qrlending.com,+18887664734,N/A,Middleton,WI,N/A,30,65000000,65,"[""AngularJS"",""Bootstrap"",""Font Awesome"",""Glyphicons"",""Google Analytics"",""Google Font API"",""Google Tag Manager"",""Nginx"",""jQuery"",""jQuery UI""]",39485417,catchall,3/28/2022,598321d15d51485050c7e60cf8a08c92,N/A,N/A,85%,Real Estate,N/A,N/A,N/A,N/A,N/A
Peter Petretti,Peter,Petretti,Chief Financial Officer,ppetretti@arkercompanies.com,Arker,arkercompanies.com,+15162779310,"1044 Northern Blvd, 2nd Floor, Roslyn, NY 11576",Woodmere,NY,"=""11576""",5,3448320,65,"[""Google Font API"",""Nginx"",""Revslider"",""Twitter Emoji (Twemoji)"",""WordPress"",""jQuery"",""jQuery Migrate""]",38748661,catchall,10/6/2023,ed71460c4f69ad7845cf66b225f7dc6d,N/A,N/A,85%,Real Estate,N/A,N/A,N/A,N/A,N/A
Pms Prasad,Pms,Prasad,CEO,pprasad@ril.com,Reliance Holding Usa,ril.com,+18004258998,N/A,Houston,TX,N/A,5000,43700000000,13,"[""Bootstrap"",""FlexSlider"",""Google Analytics"",""Kentico CMS"",""Microsoft ASP.NET"",""Modernizr"",""jQuery""]",42012476,catchall,3/2/2023,4003fbe8fb75ffa84ac501f074cdb0bc,N/A,N/A,85%,Oil and Gas Extraction,https://facebook.com/relianceindustrieslimited,https://linkedin.com/company/reliance,https://twitter.com/flameoftruth,N/A,https://youtube.com/user/flameoftruth2014
Patricia Reece,Patricia,Reece,Director of Operations,preece@alterrare.com,Alterra Real Estate Advisors,alterrare.com,+18287858905,"300 Spruce Street, Suite 110 Columbus, Ohio 43215",Columbus,OH,"=""43215""",30,5700128,65,"[""Facebook"",""Flywheel"",""Font Awesome"",""Google Analytics"",""Google Font API"",""PHP"",""Twitter Emoji (Twemoji)"",""WordPress"",""Yoast SEO"",""jQuery"",""jQuery Migrate""]",43029105,catchall,5/22/2023,2f14ffde4156f0847a5086a448ee283f,N/A,N/A,85%,Real Estate,https://facebook.com/alterrare,https://linkedin.com/company/398574,https://twitter.com/alterracolumbus,https://instagram.com/alterracommercial,https://youtube.com/channel/ucn8ckipv8vg2ofdt0mbsnsg
Pedro Rivas,Pedro,Rivas,CEO,privas@movoto.com,Movoto,movoto.com,N/A,N/A,San Francisco,CA,N/A,300,25000000,65,"[""CloudFlare"",""Express"",""Facebook"",""Google Analytics"",""Google Tag Manager"",""Hotjar"",""Nginx"",""Segment"",""Select2"",""Underscore.js"",""Visual Website Optimizer"",""YouTube"",""jQuery""]",36747465,catchall,12/11/2023,cba85e778f0b83d93debb56114e6123a,N/A,N/A,85%,Real Estate,N/A,N/A,N/A,N/A,N/A
Patti Schmidt,Patti,Schmidt,Vp-cfo,pschmidt@kainsurance.com,Insurance Kraus-anderson,kainsurance.com,+19527078200,N/A,Burnsville,MN,N/A,125,6411000000,6411,"[""Bootstrap"",""Font Awesome"",""Google Analytics"",""Google Font API"",""Google Tag Manager"",""Gravity Forms"",""Ionicons"",""Modernizr"",""OWL Carousel"",""Select2"",""Sucuri"",""TweenMax"",""Twitter Emoji (Twemoji)"",""WordPress"",""Yoast SEO"",""animate.css"",""jQuery"",""jQuery Migrate"",""jQuery UI""]",43959061,catchall,11/10/2021,3479f0606a463d1a3809c055d599fa7e,N/A,N/A,85%,Insurance Agents: Brokers: and Service,https://facebook.com/kainsurance,https://linkedin.com/company/kraus-anderson-insurance,N/A,N/A,N/A
Rachel Raymond,Rachel,Raymond,COO North America,rachel@indigokeys.com,Indigo,indigokeys.com,+18665708213,"PO Box 240512 Charlotte, NC 282242000 West Morehead Street Charlotte, NC 28208",Charlotte,NC,"=""28208""",N/A,0,65,"[""Apache"",""Google Analytics"",""OpenSSL"",""UNIX""]",41492048,catchall,N/A,54539aee033d3ab783d499fd0a263f17,N/A,N/A,85%,Real Estate,N/A,N/A,N/A,N/A,N/A
Ralph Mantooth,Ralph,Mantooth,Owner & CEO,ralph@mantoothinsurance.com,Mantooth,mantoothinsurance.com,+13172721010,N/A,Avon,IN,N/A,5,1000000,6411,"[""Bootstrap"",""CloudFlare"",""Font Awesome"",""Google Analytics"",""Google Maps"",""Modernizr"",""OWL Carousel"",""PHP"",""SWFObject"",""Twitter Emoji (Twemoji)"",""WordPress"",""Yoast SEO"",""jQuery"",""jQuery Migrate""]",39639163,catchall,8/19/2023,a2a4956b096d8325b294dfbd052481ae,N/A,N/A,85%,Insurance Agents: Brokers: and Service,https://facebook.com/mantoothins,N/A,https://twitter.com/mantoothinsure,https://instagram.com/mantoothinsuranceagency,https://youtube.com/channel/ucifad8aa1jkgqmkah_t7kla
Ramzi Nassar,Ramzi,Nassar,President &amp; CEO,ramzi.nassar@repsol.com,Repsol Oil & Gas,repsol.com,N/A,N/A,unknown city,unknown state,N/A,5000,45500000000,13,[],39938268,catchall,3/2/2023,2da81a5a8b5ecef21544aa275146d3c2,N/A,N/A,85%,Oil and Gas Extraction,N/A,N/A,N/A,N/A,N/A
Randy Lepretre,Randy,Lepretre,Operations Director,randy.lepretre@go-shamrock.com,Go-shamrock,go-shamrock.com,+19852193313,N/A,Thibodaux,LA,N/A,300,13000000,13,"[""Business Catalyst"",""Google Analytics"",""Matomo"",""Microsoft ASP.NET"",""OpenResty"",""jQuery""]",37390080,catchall,N/A,a2765a10d1c88358f887306e281eca2d,N/A,N/A,85%,Oil and Gas Extraction,https://facebook.com/pages/danos/221269457943667,https://linkedin.com/company/danos,https://twitter.com/danos1947,https://instagram.com/danos1947,https://youtube.com/user/producingconfidence
Randy Diveley,Randy,Diveley,Director of Operations/manager,randy@pmpropertymgt.com,P & M Property,pmpropertymgt.com,+12395971666,N/A,Fort Myers,FL,N/A,N/A,65000000,65,"[""Google Analytics"",""Google Font API"",""Modernizr"",""Nginx"",""ZURB Foundation"",""jQuery""]",41665565,catchall,7/30/2024,924da8d9f02ff2fb2423bcdf472f87be,N/A,N/A,85%,Real Estate,https://facebook.com/p-m-property-services-155122351194375,N/A,N/A,N/A,N/A
Rob Bassett,Rob,Bassett,COO,rbassett@pedersoninc.com,Pederson Group,pedersoninc.com,+16022652889,N/A,Phoenix,AZ,N/A,30,6000000,65,"[""Apache"",""Bootstrap"",""Font Awesome"",""Google Analytics"",""Google Maps"",""Google Tag Manager"",""YouTube"",""animate.css"",""jQuery""]",36512107,catchall,10/7/2024,36c0c1acfac4f169472fc75da90964ae,N/A,N/A,85%,Real Estate,https://facebook.com/pedersoninc,N/A,N/A,https://instagram.com/thetrailheadaz,N/A
Robert Berkley,Robert,Berkley,President and Chief Executive Officer,rberkley@berkleyaviation.com,Berkley Corporations,berkleyaviation.com,+18009426906,N/A,Santa Barbara,CA,N/A,30,7654000000,6411,"[""Azure"",""Angular"",""CloudFlare"",""Google Tag Manager"",""Slick"",""jQuery""]",37322165,catchall,5/3/2024,77c04ae347186c4624ffe90140bdfacc,N/A,N/A,85%,Insurance Agents: Brokers: and Service,N/A,N/A,https://twitter.com/wrberkleycorp,N/A,N/A
Randy Bischoff,Randy,Bischoff,CFO,rbischoff@fatdaddios.com,Global Ultimates,fatdaddios.com,+15092529001,"PO Box 30175 Spokane, WA 99223",Spokane,WA,"=""99223""",N/A,0,3999,"[""Drupal"",""Google Analytics"",""Modernizr"",""Nginx"",""RequireJS"",""Ubuntu""]",39213419,catchall,12/2/2021,8051f52905f326a6992b3b360e733be3,N/A,N/A,85%,Manufacturing Industries: Not Elsewhere Classified,https://facebook.com/pages/fat-daddios/141957282586677,N/A,https://twitter.com/fatdaddios,https://instagram.com/fatdaddios,https://youtube.com/user/thefatdaddios
Robert Bobo,Robert,Bobo,"Evp, COO",rbobo@lockton.com,Lockton,lockton.com,+18338542696,N/A,Chicago,IL,N/A,300,1299000000,6411,"[""CloudFlare""]",38788632,catchall,8/16/2021,01c816fc8095023418d369f5d7098872,N/A,N/A,85%,Insurance Agents: Brokers: and Service,https://facebook.com/locktoncompanies,https://linkedin.com/company/lockton-companies,https://twitter.com/lockton,https://instagram.com/locktoncompanies,https://youtube.com/user/locktoncompanies
Robert Brody,Robert,Brody,Director of Operations,rbrody@modutek.com,Modutek,modutek.com,+14083622001,"6387 San Ignacio Avenue San Jose, CA 95119",San Jose,CA,"=""95119""",30,3999000000,3999,"[""AddToAny"",""CloudFlare"",""Google Analytics"",""Google Font API"",""Twitter Emoji (Twemoji)"",""WP Engine"",""WordPress"",""jQuery"",""jQuery Migrate"",""reCAPTCHA""]",40046074,catchall,5/28/2021,1bf7597da298cda2dfa937ac65b2e17b,N/A,N/A,85%,Manufacturing Industries: Not Elsewhere Classified,https://facebook.com/pages/modutek-corporation/562963950427243,https://linkedin.com/company/modutek-corporation,https://twitter.com/modutek,N/A,N/A
Ric Campo,Ric,Campo,Chairman of the Board & CEO,rcampo@camdenliving.com,Camdenliving,camdenliving.com,+17133542700,N/A,Fort Worth,TX,N/A,3000,876400000,65,"[""Apache"",""Drupal"",""Facebook"",""Google Analytics"",""Google Font API"",""Google Maps"",""Mixpanel"",""Select2"",""Ubuntu"",""Varnish"",""jQuery"",""jQuery UI""]",38879107,catchall,8/5/2024,c506f17af7d2214600bf14a34fee361c,N/A,N/A,85%,Real Estate,https://facebook.com/camdenliving,https://linkedin.com/company/camden-property-trust,https://twitter.com/camdenliving,https://instagram.com/camdenliving,https://youtube.com/user/camdentv
Rob Clark,Rob,Clark,Finance Director,rclark@gsrinsurance.com,Gsr,gsrinsurance.com,+12030360510,N/A,Wilkes Barre,PA,N/A,30,3000000,6411,"[""Apache"",""Google Analytics"",""jQuery""]",40192605,catchall,1/10/2022,f054e6c9fbf10118d2c8439e210a1d60,N/A,N/A,85%,Insurance Agents: Brokers: and Service,N/A,N/A,N/A,N/A,N/A
Tom Reagan,Tom,Reagan,CEO,reagant@telcomcu.com,Vibe Credit Union,telcomcu.com,+12485964670,"44300 Warren Road Canton, MI 48187",Canton,MI,"=""48187""",N/A,65000000,65,"[""Apache Tomcat"",""AppNexus"",""Font Awesome"",""Google Analytics"",""Google Font API"",""Java"",""Modernizr"",""SiteCatalyst"",""Slick"",""animate.css"",""jQuery""]",36608906,catchall,8/5/2024,58db2c1fc8e517d6cf8b408b36d908a1,N/A,N/A,85%,Real Estate,https://facebook.com/vibecreditunion,https://linkedin.com/company/vibe-credit-union,https://twitter.com/vibecreditunion,https://instagram.com/vibecreditunion,https://youtube.com/channel/uc2gmmgzfdjezbbrl1yvkmlg
Rebecca Sodek,Rebecca,Sodek,Director of Operations,rebecca.sodek@redhawkinvestmentgroup.com,Redhawk Investment Group,redhawkinvestmentgroup.com,+18449527363,N/A,Dallas,TX,N/A,5,1638653,65,"[""Apache"",""Facebook"",""FancyBox"",""Google Analytics"",""Google Font API"",""Google Tag Manager"",""Inspectlet"",""MailChimp"",""MediaElement.js"",""Mustache"",""Select2"",""Weebly"",""YouTube"",""jQuery"",""jQuery UI""]",46583294,catchall,N/A,8d195a19c1f08be4e05cd3fbcb5f55f0,N/A,N/A,85%,Real Estate,https://facebook.com/redhawkinvestmentgroup,https://linkedin.com/company/redhawk-investment-group-llc,https://twitter.com/redhawkoil,N/A,https://youtube.com/channel/ucvtioyscnx3gq7vkl8rp_sa/featured
Rex Caton,Rex,Caton,CEO,rex@catonhosey.com,Caton Hosey,catonhosey.com,+18003251088,"3731 Nova Road Port Orange, FL 32129",Port Orange,FL,"=""32129""",30,5000000,6411,"[""Bootstrap"",""Google Analytics"",""Google Font API"",""Modernizr"",""Nginx"",""OWL Carousel"",""Twitter Emoji (Twemoji)"",""WordPress"",""jQuery"",""jQuery Migrate""]",36259738,catchall,8/9/2023,a30f26ed8ecb820151e56bf2639df71a,N/A,N/A,85%,Insurance Agents: Brokers: and Service,https://facebook.com/catonhoseyinsurance,https://linkedin.com/company/caton-hosey-insurance,N/A,https://instagram.com/catonhoseyinsurance,N/A
Rex Frohlich,Rex,Frohlich,COO,rfrohlich@rwcre.net,Randolph Williamson,rwcre.net,+17706324227,N/A,Atlanta,GA,N/A,30,5700128,65,"[""Google Analytics"",""Google Font API"",""Google Tag Manager"",""Gravatar"",""Handlebars"",""Lightbox"",""Modernizr"",""Nginx"",""WP Engine"",""WordPress"",""jQuery"",""jQuery Migrate"",""jQuery UI""]",44125611,catchall,7/23/2021,113bf3ad280e3edda038b61ea5b8e6cc,N/A,N/A,85%,Real Estate,https://facebook.com/pages/jasonhunter-design-llc/91014154578,https://linkedin.com/company/10652428,https://twitter.com/jhdwebdev,N/A,N/A
Rebecca Furlow,Rebecca,Furlow,President/ceo,rfurlow@lelandmanagement.com,Leland Management,lelandmanagement.com,N/A,N/A,Orlando,FL,N/A,300,37500000,65,"[""Bootstrap"",""CKEditor"",""Chart.js"",""Google Analytics"",""Google Font API"",""Moment.js"",""Nginx"",""Phusion Passenger"",""jQuery"",""reCAPTCHA""]",37123277,catchall,8/5/2024,f77ae3c3f5d44bac335428016a3bc74f,N/A,N/A,85%,Real Estate,N/A,N/A,N/A,N/A,N/A
Rose Hawkins,Rose,Hawkins,"David Cervino, Director of Operations",rhawkins@sfandc.com,Sf&c,sfandc.com,+14105831409,"Suite 550 Owings Mills, MD 21117",Owings Mills,MD,"=""21117""",30,11000000,6411,"[""Font Awesome"",""Google Analytics"",""Google Font API"",""Google Tag Manager"",""Gravatar"",""Nginx"",""Revslider"",""Twitter Emoji (Twemoji)"",""WP Engine"",""WordPress"",""Yoast SEO"",""jQuery"",""jQuery Migrate""]",45905041,catchall,4/9/2021,f9c695e2e8d4597b85e19a20d4cba465,N/A,N/A,85%,Insurance Agents: Brokers: and Service,N/A,N/A,N/A,N/A,N/A
Roy Hunt,Roy,Hunt,Chairman/ceo,rhunt@thehuntgroup.com,Hunt Insurance Group Agency,thehuntgroup.com,+17083615316,ed not too far from downtown Chicago,Palos Heights,IL,N/A,5,1638653,64,"[""Apache"",""Google Analytics"",""Google Font API"",""Modernizr"",""PHP"",""Twitter Emoji (Twemoji)"",""WordPress"",""jQuery""]",42838476,catchall,N/A,0e3c567ddf7fddf07dafafb183523f01,N/A,N/A,85%,Insurance Agents: Brokers: and Service,https://facebook.com/pages/hunt-insurance-group/107929132721,N/A,https://twitter.com/huntinsgroup,N/A,N/A
Richard E. Anderson,Richard,Anderson,Our Chairman and Chief Executive Officer,richard.anderson@thedoctors.com,Doctors,thedoctors.com,+17072260235,"185 Greenwood Road Napa, CA 94558185 Greenwood Road PO Box 2900 Napa, CA 94558-0900Company, 185 Greenwood Road, PO Box 2900, Napa, CA 94558-0900.",Napa,CA,N/A,750,6411000000,6411,"[""Azure"",""Bootstrap"",""CloudFlare"",""FancyBox"",""Google Analytics"",""Google Tag Manager"",""Hotjar"",""HubSpot"",""Matomo"",""Microsoft ASP.NET"",""Sentry"",""Twitter"",""jQuery"",""jQuery UI""]",40770557,catchall,5/14/2024,a416b3c5143343e23f76c7174db2e282,N/A,N/A,85%,Insurance Agents: Brokers: and Service,https://facebook.com/thedoctorscompany,https://linkedin.com/company/21702,https://twitter.com/doctorscompany,N/A,https://youtube.com/user/doctorscompany
Richard Lett,Richard,Lett,Chief Executive Officer,richardl@leclairinsurance.com,Leclair Group,leclairinsurance.com,+18775325247,"St. Paul, MN 55125",St Paul,MN,"=""55125""",30,5017680,6411,"[""Apache"",""CloudFlare"",""Google Analytics"",""Google Tag Manager"",""Gravity Forms"",""HubSpot"",""Matomo"",""Slick"",""Twitter Emoji (Twemoji)"",""WooCommerce"",""WordPress"",""YouTube"",""animate.css"",""jQuery"",""jQuery Migrate""]",36261458,catchall,8/9/2023,086265e4147f868a2dd5d371db67655a,N/A,N/A,85%,Insurance Agents: Brokers: and Service,https://facebook.com/leclairgroup,https://linkedin.com/company/1593791/,https://twitter.com/leclairgroup,N/A,N/A
Rich Sherman,Rich,Sherman,Director of Operations,richs@dpsx.com,Document Processing Solutions,dpsx.com,+14124679549,"300 Mt Lebanon Blvd, Suite 207-A, Pittsburgh, PA 15234",unknown city,unknown state,"=""15234""",30,14000000,65,[],43762961,catchall,4/9/2021,cf42c3958aefdb0c87d356ee9bebf696,N/A,N/A,85%,Real Estate,N/A,N/A,N/A,N/A,N/A
Richard Savino,Richard,Savino,CEO,richs@warwickresource.com,Broadfield Group,warwickresource.com,+18778739972,"68 Main St Warwick, NY",Warwick,NY,N/A,30,6411000000,6411,"[""Nginx"",""WP Engine"",""WordPress"",""Yoast SEO"",""ZURB Foundation"",""jQuery""]",45487987,catchall,N/A,c9af3198b4550f85e86172f14b446bc5,N/A,N/A,85%,Insurance Agents: Brokers: and Service,https://facebook.com/warwickresourcegroup,https://linkedin.com/company/warwick-resource-group,https://twitter.com/insurance_wrg,N/A,N/A
Rick Bolduc,Rick,Bolduc,Chief Executive Officer,rick@redriver.team,Red River,redriver.team,+13072575332,"PO Box 2548 Gillette, WY 82717",unknown city,unknown state,"=""82717""",30,5700128,13,"[""RequireJS"",""Sentry"",""Wix""]",38822727,catchall,8/9/2023,f20fb7b45818f5a6b82f7b7f5c3af43c,N/A,N/A,85%,Oil and Gas Extraction,https://facebook.com/red.river.39750,https://linkedin.com/company/red-river-llc,N/A,N/A,https://youtube.com/channel/uckhuritiqksx8lshcqmme3w
Rishi Jindal,Rishi,Jindal,Director (operations) IT Division,rishi@ieimpact.com,Ieimpact Tech,ieimpact.com,+18886940005,"2530 Berryessa Road #230 San Jose, CA 95132",unknown city,unknown state,"=""95132""",30,35000000,65,"[""Apache"",""Bootstrap"",""Facebook"",""Google Analytics"",""Google Font API"",""Lightbox"",""Modernizr"",""Prototype"",""Ubuntu"",""YouTube"",""jQuery"",""script.aculo.us""]",45923460,catchall,N/A,6830ce4d947d759c8864e8c88e7307ec,N/A,N/A,85%,Real Estate,https://facebook.com/ieimpact.appraisal.data.entry,https://linkedin.com/company/ieimpact-technologies-inc.,https://twitter.com/ieimpact,N/A,N/A
Rosie Jasinek,Rosie,Jasinek,Director of Operations,rjasinek@sbia.com,Pivotpro,sbia.com,+15087700228,N/A,Worcester,MA,N/A,125,6411000000,6411,"[""Facebook"",""Google Analytics"",""Microsoft ASP.NET"",""YouTube"",""jQuery"",""jQuery Migrate"",""jQuery UI""]",39384753,catchall,N/A,8abcc9bfa6d25dcb2b4be40b79c6b7c9,N/A,N/A,85%,Insurance Agents: Brokers: and Service,https://facebook.com/pivotinsurance,N/A,https://twitter.com/pivotinsurance,N/A,https://youtube.com/channel/ucvohnuyrbuxx02-u7jnagkg
Rebecca Lydon,Rebecca,Lydon,Chief Operating Officer,rlydon@cdcco.com,Cdcco,cdcco.com,+13148351515,"1515 Des Peres Road, Suite 300 St. Louis, MO 63131St. Louis, MO 63131",St. Louis,MO,"=""63131""",30,8000000,65,"[""Apache"",""Bootstrap"",""Font Awesome"",""Google Analytics"",""Google Font API"",""MediaElement.js"",""Modernizr"",""Twitter Emoji (Twemoji)"",""WordPress"",""jQuery"",""jQuery Migrate"",""jQuery UI""]",39150029,catchall,10/2/2023,953224d49095676d056f4a505eae2e25,N/A,N/A,85%,Real Estate,N/A,https://linkedin.com/company/commercial-development-co-inc,https://twitter.com/comdevco,N/A,N/A
Ryan Marlowe,Ryan,Marlowe,Chief Operating Officer,rmarlowe@fleaux.com,Fleaux Services Of Louisiana,fleaux.com,+13186035440,"230 Lynbrook Blvd. Shreveport, LA 71106230 Lynbrook Blvd. Shreveport, LA 71106  Phone: (318) 603-0024 Fax: (318) 603-5440",Shreveport,LA,"=""603-5440""",75,9500213,13,[],41016077,catchall,N/A,1d86efc774d707989a1afb6e3d77fc06,N/A,N/A,85%,Oil and Gas Extraction,https://facebook.com/fleauxservices,https://linkedin.com/company/fleaux-services-of-louisiana-llc,N/A,N/A,N/A
Robin Martucci,Robin,Martucci,Director of Finance and Fund Operations,rmartucci@citymarkcapital.com,Citymark Capital,citymarkcapital.com,+12164538080,"Suite 2880 Cleveland, Ohio 44114",Cleveland,OH,"=""44114""",5,1638653,65,"[""Flywheel"",""Google Analytics"",""Google Font API"",""MediaElement.js"",""Modernizr"",""Snap.svg"",""Twitter Emoji (Twemoji)"",""WordPress"",""Yoast SEO"",""jQuery"",""jQuery Migrate""]",43512844,catchall,1/10/2022,abc7ff15f9d3f271250787bee730de68,N/A,N/A,85%,Real Estate,N/A,https://linkedin.com/in/danielpwalsh1,N/A,N/A,N/A
Robert Munise,Robert,Munise,COO,rmunise@northwestinsurance.com,Northwest,northwestinsurance.com,+17735425780,"4450 N. Western Ave Chicago, IL1658 W 47th St Chicago, IL200 E. 79th Street Chicago, IL5945 S. Pulaski Road Chicago, IL515 N State St - Suite 2100 Chicago, Illinois 606543316 W 26th St Chicago, IL3022",Chicago,IL,N/A,N/A,0,6411,"[""Apache"",""Bootstrap"",""CloudFlare"",""Facebook"",""Font Awesome"",""Google Font API"",""Java"",""LiveChat"",""Modernizr"",""Twitter Emoji (Twemoji)"",""WordPress"",""Yoast SEO"",""jQuery"",""jQuery Migrate""]",46068091,catchall,8/16/2021,10d8a73b194acd5f9b4565313e1ac35d,N/A,N/A,85%,Insurance Agents: Brokers: and Service,https://facebook.com/northwestinsurancenetwork,N/A,N/A,N/A,N/A
Russ Murphy,Russ,Murphy,Chief Operating Officer,rmurphy@ahpliving.com,Living,ahpliving.com,+15123693030,"Suite B-201 Austin, TX, 78746",Austin,TX,"=""78746""",300,48900000,65,"[""Backbone.js"",""Google Analytics"",""Google Tag Manager"",""Modernizr"",""Nginx"",""WP Engine"",""WordPress"",""jQuery"",""jQuery UI"",""reCAPTCHA""]",45163315,catchall,10/2/2023,25945b9787dd73487cead4437c183c88,N/A,N/A,85%,Real Estate,https://facebook.com/officialaspenheights,https://linkedin.com/company/aspen-heights,N/A,https://instagram.com/ahpliving,N/A
Rita Northen,Rita,Northen,Director of Operations,rnorthen@brokersinsure.com,Brokers Insurance Services,brokersinsure.com,N/A,N/A,Bala Cynwyd,PA,N/A,30,6411000000,6411,[],37673393,catchall,N/A,ad88fe6dc4f9298dcbaab77c4255fc5f,N/A,N/A,85%,Insurance Agents: Brokers: and Service,N/A,N/A,N/A,N/A,N/A
Rob Dolphin,Rob,Dolphin,Finance Director,rob.dolphin@pehp.org,Pehp,pehp.org,+18007657347,"St. George, UT 84770",Salt Lake City,UT,"=""84770""",125,0,64,"[""Bootstrap"",""Orchard CMS"",""ZURB Foundation"",""jQuery""]",36978415,catchall,1/10/2022,5cbd3834ed52b582d37912e9bc46d674,N/A,N/A,85%,Insurance Agents: Brokers: and Service,N/A,N/A,N/A,N/A,N/A
Roberta Ryan,Roberta,Ryan,Chief Operating Officer,roberta-ryan@esia.com,Esia,esia.com,+17816429000,"50 Prospect Street Waltham, Massachusetts 02453",unknown city,unknown state,"=""02453""",30,6411000000,6411,"[""Font Awesome"",""Gentoo"",""Google Font API"",""OpenResty"",""PHP"",""Revslider"",""WordPress"",""jQuery"",""jQuery Migrate"",""prettyPhoto""]",44058964,catchall,N/A,3a4877adb624d52d82c93043537a8851,N/A,N/A,85%,Insurance Agents: Brokers: and Service,https://facebook.com/easternstatesinsurance,https://linkedin.com/company/5348020,https://twitter.com/eastern_states,N/A,N/A
Robert Hankin,Robert,Hankin,Chief Operating Officer,robert.hankin@hankingroup.com,Hankin Group,hankingroup.com,+14847138802,N/A,Philadelphia,PA,N/A,75,37500000,65,"[""Apache"",""Google Analytics"",""Google Font API"",""Google Maps"",""Modernizr"",""PHP"",""Twitter Emoji (Twemoji)"",""WordPress"",""Yoast SEO"",""jQuery"",""jQuery Migrate""]",38746479,catchall,10/2/2023,46c0d970fe65223944399564875c16e4,N/A,N/A,85%,Real Estate,https://facebook.com/hankingroup,N/A,https://twitter.com/hankingroup,N/A,https://youtube.com/user/hankingroup
Robert Sinclaire,Robert,Sinclaire,Director of Operations,robert@sinclaireboston.com,Sinclaire,sinclaireboston.com,+15086688200,"140 South St., Walpole, MA 02081140 South St. Walpole, MA 02081Contact Sinclaire Home Services - 140 South St. Walpole, MA",Walpole,MA,N/A,30,5983000000,5983,"[""Apache"",""Bootstrap"",""Font Awesome"",""Google Font API"",""Gravity Forms"",""WordPress"",""Yoast SEO"",""YouTube"",""animate.css"",""jQuery""]",46583947,catchall,N/A,70e1fb37a8bfae06e00fb2019fa54b3c,N/A,N/A,85%,Fuel Oil Dealers,https://facebook.com/pages/sinclaire-enterprises/166590103353644,https://linkedin.com/company/227256,N/A,N/A,https://youtube.com/channel/ucgnqaqi4xsy594f9gz-winq
Andrew Roberts,Andrew,Roberts,CEO,roberts@tinyurl.com,Tinyurl,tinyurl.com,N/A,N/A,Independence,VA,N/A,5,1000000,6411,"[""CloudFlare"",""Facebook"",""Google Tag Manager"",""PHP"",""jQuery""]",40389447,catchall,N/A,cde8115fb90acc7024ae44e7eb40fa6f,N/A,N/A,85%,Insurance Agents: Brokers: and Service,N/A,N/A,N/A,N/A,N/A
Robert Tang,Robert,Tang,Chief Executive Officer,robert.tang@cefcoglobal.com,Cefco Global Clean Energy,cefcoglobal.com,+19728180888,"7460 Warren Parkway, Suite 211 Frisco, TX 75034",unknown city,unknown state,"=""75034""",N/A,0,13,"[""Apache"",""Google Analytics"",""Typekit"",""jQuery""]",38889742,catchall,N/A,6d5bc46c9505a9cf5e801fabcb6f8ab2,N/A,N/A,85%,Oil and Gas Extraction,N/A,N/A,N/A,N/A,N/A
Rod Martin,Rod,Martin,Chairman and CEO,rod.martin@voya.com,Voya,voya.com,+18888545950,"230 Park Avenue New York, NY 10169",unknown city,unknown state,"=""10169""",7500,6411000000,6411,"[""Acquia Cloud"",""CloudFlare"",""Drupal"",""Google Analytics"",""Google Tag Manager"",""Modernizr"",""RequireJS"",""Varnish"",""Visual Website Optimizer"",""jQuery"",""jQuery Migrate""]",44029754,catchall,N/A,f64470300c13119b23a56191b62749ae,N/A,N/A,85%,Insurance Agents: Brokers: and Service,https://facebook.com/pages/voya/215714485107840,https://linkedin.com/company/voya,https://twitter.com/voya,https://instagram.com/voya,https://youtube.com/channel/ucbwnajd8kl_rqoztp0mvxtw
Rod Medlin,Rod,Medlin,Vice President / Chief Operating Officer,rod@scarbrough-medlin.com,Scarbrough Medlin And,scarbrough-medlin.com,+18008530456,N/A,Plano,TX,N/A,30,8000000,6411,"[""Font Awesome"",""Google Analytics"",""Google Tag Manager"",""LiteSpeed"",""Modernizr"",""ZURB Foundation"",""animate.css"",""jQuery"",""Litespeed Cache""]",42122671,catchall,4/9/2021,300e6b129616ab6b9c160e51b6a9e66a,N/A,N/A,85%,Insurance Agents: Brokers: and Service,https://facebook.com/scarbroughmedlin,https://linkedin.com/company/scarbrough-medlin-&-associates-inc.,N/A,N/A,N/A
Roger Desjadon,Roger,Desjadon,CEO,roger.desjadon@floridapeninsula.com,Florida Peninsula,floridapeninsula.com,+17279430407,N/A,Boca Raton,FL,N/A,125,6411000000,6411,"[""Bootstrap"",""DNN"",""Font Awesome"",""Google Tag Manager"",""IIS"",""Microsoft ASP.NET"",""jQuery"",""jQuery Migrate"",""jQuery UI""]",43845444,catchall,N/A,36f41e8120d21830fc5af754e4cf81aa,N/A,N/A,85%,Insurance Agents: Brokers: and Service,https://facebook.com/florida-peninsula-insurance-company-235113879839066,https://linkedin.com/company/florida-peninsula-insurance,https://twitter.com/flpeninsco,N/A,https://youtube.com/user/floridapeninsulains
Roger Dittmer,Roger,Dittmer,Operations Manager/hr Director,rogerdittmer@callaffordable.com,Affordable Insurance Agency,callaffordable.com,+17065540333,"Washington Road, Augusta Washington Road, Thomson",Clearwater,SC,N/A,N/A,0,64,"[""Apache"",""Google Analytics"",""Google Font API"",""MediaElement.js"",""Mustache"",""Weebly"",""jQuery""]",45309378,catchall,N/A,5cb3fec800fa135388d6bff063a7e757,N/A,N/A,85%,Insurance Agents: Brokers: and Service,https://facebook.com/callaffordable,N/A,https://twitter.com/_callaffordable,N/A,https://youtube.com/channel/uckmnjgi7l94o9dvuafhfhsq
Roger Pangan,Roger,Pangan,Vp/coo,rogerp@paragonmfgcorp.com,Paragon Manufacturing,paragonmfgcorp.com,+14254380800,"2615 W Casino Rd, Ste 4C Everett, WA 98204",Everett,WA,"=""98204""",N/A,0,3999,"[""CloudFlare"",""DataTables"",""Google Analytics"",""Google Font API"",""Google Tag Manager"",""OpenResty"",""Varnish"",""Webflow"",""jQuery""]",39293160,catchall,11/16/2020,ba3dcdf0383e1a4c48a44f2191945c41,N/A,N/A,85%,Manufacturing Industries: Not Elsewhere Classified,N/A,N/A,N/A,N/A,N/A
Ron Alexander,Ron,Alexander,CEO,ron.alexander@willis.com,Willis,willis.com,N/A,N/A,New York,NY,N/A,55000,0,6411,"[""AddThis"",""Bootstrap"",""CloudFlare"",""Google Font API"",""Google Tag Manager"",""Incapsula"",""Lazy.js"",""Microsoft ASP.NET"",""Sitecore"",""jQuery"",""scrollreveal""]",37679859,catchall,N/A,6396fdb961572723a9bc272662cc70b6,N/A,N/A,85%,Insurance Agents: Brokers: and Service,N/A,N/A,N/A,N/A,N/A
Ronen Kaminitz,Ronen,Kaminitz,Founder/ceo,ronen@hgrgroup.com,Hgr Group,hgrgroup.com,+12126040990,"P.O. Box 1801 New York,205 Hudson Street, 7th Fl New York, NY 10013",New York,NY,"=""10013""",30,6411000000,6411,"[""Apache"",""Google Analytics"",""Modernizr"",""PHP"",""jQuery"",""reCAPTCHA""]",44329498,catchall,N/A,a09d3fe571255c188185392ec8d6d854,N/A,N/A,85%,Insurance Agents: Brokers: and Service,https://facebook.com/hgrgroup1,https://linkedin.com/company/hgr-group,https://twitter.com/hgrgroup,https://instagram.com/hgrgroup,N/A
Ronald Haley,Ronald,Haley,COO,ron@krhproperties.com,Krh Properties,krhproperties.com,+15086819596,"PO Box 535 Wolfeboro, NH 03894",Osterville,MA,"=""03894""",30,5700128,65,"[""Apache Traffic Server"",""YUI""]",39073103,catchall,4/9/2021,c3fff6803cfaaa64e846aa302dedd8f8,N/A,N/A,85%,Real Estate,N/A,N/A,N/A,N/A,N/A
Ron Russo,Ron,Russo,Chief Operating Officer | Partner,ron@liondesk.com,Liondesk,liondesk.com,+18882685944,"1530 Faraday Ave Suite 200 Carlsbad, CA",Carlsbad,CA,N/A,30,7000000,65,"[""Bootstrap"",""CloudFlare"",""Facebook"",""Google Analytics"",""Google Font API"",""Google Tag Manager"",""Handlebars"",""IIS"",""Intercom"",""Java"",""Lodash"",""Moment.js"",""PHP"",""YouTube"",""jQuery""]",40571013,catchall,10/2/2023,8e1a9a52f7161d96dc10919bdedef088,N/A,N/A,85%,Real Estate,https://facebook.com/liondeskcrm,N/A,https://twitter.com/liondesk,https://instagram.com/liondeskcrm,https://youtube.com/channel/uclldved7qfhyih9hvlyivqg
Ron Miller,Ron,Miller,CEO,ron_miller@arburyinsurance.com,Arbury,arburyinsurance.com,+19896310003,"2816 Jefferson Ave. Midland, MI 48640",Midland,MI,"=""48640""",30,6411000000,6411,"[""Google Font API"",""Polyfill"",""RequireJS"",""Sentry"",""Wix""]",41183394,catchall,N/A,6f5b5a73d97c3223b8356d97fdaa0d2f,N/A,N/A,85%,Insurance Agents: Brokers: and Service,https://facebook.com/arburyinsurance,N/A,N/A,https://instagram.com/arburyinsurance/,N/A
Ron Nielsen,Ron,Nielsen,Chairman/president/ceo,ron@utahbic.com,Ubic,utahbic.com,+18002894502,N/A,Sandy,UT,N/A,30,6411000000,6411,"[""Google Font API"",""Polyfill"",""RequireJS"",""Sentry"",""Wix""]",37672119,catchall,N/A,cf177b9968c0e4ad851887342ed3a244,N/A,N/A,85%,Insurance Agents: Brokers: and Service,https://facebook.com/ubicworkerscomp,https://linkedin.com/company/utah-business-insurance-company,https://twitter.com/ubicworkerscomp,https://instagram.com/ubicworkerscomp,N/A
Stephen Flechsig,Stephen,Flechsig,CEO and Managing Member,rottensman@mackadmin.com,Mackinaw Administrators,mackadmin.com,+18108448160,"11801 Grand River Rd. Brighton, MI 48116",Grand Rapids,MI,"=""48116""",30,6411000000,6411,"[""Bootstrap"",""IIS"",""Underscore.js"",""jQuery""]",45920920,catchall,N/A,edb47e1bd4331456eed58907ffb24cdc,N/A,N/A,85%,Insurance Agents: Brokers: and Service,N/A,N/A,N/A,N/A,N/A
Roy Gori,Roy,Gori,President & CEO,roy_gori@manulife.com,Manulife,manulife.com,+16475289601,"Political Science from St. Michaels College, University of Toronto and later earned a J.D from Ohio",Lansing,MI,N/A,75,39450000000,6411,"[""Adobe DTM"",""Adobe Experience Manager"",""Apache"",""Google Analytics"",""New Relic"",""jQuery"",""reCAPTCHA""]",36599086,catchall,N/A,e8097fff277246f7650eeb1ea9f1aa55,https://ca.linkedin.com/in/roygori,N/A,85%,Insurance Agents: Brokers: and Service,https://facebook.com/manulife,https://linkedin.com/company/manulife-financial,https://twitter.com/manulife,https://instagram.com/manulife,https://youtube.com/user/manulifefinancial
Roy Ray,Roy,Ray,CEO,roy@royrayinsurance.com,Roy Ray,royrayinsurance.com,+17145203116,N/A,Anaheim,CA,N/A,5,1000000,6411,"[""Polyfill"",""YouTube""]",38561741,catchall,11/10/2021,f174091f8e5a2af7118bb48ddc2bc270,N/A,N/A,85%,Insurance Agents: Brokers: and Service,https://facebook.com/266813446677471,N/A,https://twitter.com/royrayinsuranc1,https://instagram.com/royrayinsurance_8,https://youtube.com/channel/uc0yhx9fbs-l8j-seliw9yvw
Robert Richter,Robert,Richter,Director of Finance and Administration,rrichter@millinfo.com,Millennium Information Services - Insurance Property Inspection Services,millinfo.com,+16302858282,N/A,Itasca,IL,N/A,300,24000000,6411,"[""Apache"",""Google Analytics"",""MailChimp"",""Twitter Emoji (Twemoji)"",""WordPress"",""Yoast SEO"",""jQuery"",""jQuery Migrate""]",41676872,catchall,1/10/2022,3f799ca614fb0b8e583e7c9c1f663354,N/A,N/A,85%,Insurance Agents: Brokers: and Service,N/A,N/A,N/A,N/A,N/A
Rachel Ridley,Rachel,Ridley,Partner/ CFO,rridley@avesta.com,Avesta,avesta.com,(813) 444-1500,"Mr. Catullo oversees the St. Petersburg, FL",Tampa,FL,N/A,300,37500000,65,[],43140143,catchall,11/10/2021,a2da30eb9852953810a26884aae23ce2,N/A,N/A,85%,Real Estate,N/A,N/A,N/A,N/A,N/A
Richard Robin,Richard,Robin,CEO,rrobin@nasinsurance.com,Insurance Leadership,nasinsurance.com,N/A,N/A,Encino,CA,N/A,125,6411000000,6411,[],37331402,catchall,11/10/2021,c093a67951b46fece2ed0614aa0c9d4e,N/A,N/A,85%,Insurance Agents: Brokers: and Service,N/A,N/A,N/A,N/A,N/A
Robin Romo,Robin,Romo,Chief Operating Officer,rromo@citiscapesf.com,Citiscape Property Management Group,citiscapesf.com,+14158850799,"150 Lombard Street San Francisco, CA 94111",Charleston,SC,"=""94111""",75,25000000,65,"[""AddThis"",""Gentoo"",""Google Analytics"",""MooTools"",""OpenResty"",""PHP"",""Twitter Emoji (Twemoji)"",""WordPress"",""Yoast SEO"",""jQuery"",""jQuery Migrate""]",40026415,catchall,10/2/2023,377189382fa7b85e83943723df56eee5,N/A,N/A,85%,Real Estate,https://facebook.com/citiscapesf,N/A,https://twitter.com/@citiscapesf,N/A,https://youtube.com/user/theviewfromcitiscape
Rosie Sicre,Rosie,Sicre,Director of Claims Operations,rsicre@peoplestrustinsurance.com,People's Trust,peoplestrustinsurance.com,+18005001818,N/A,Boca Raton,FL,N/A,750,6411000000,6411,"[""Bootstrap"",""CloudFlare"",""Google Tag Manager"",""Microsoft ASP.NET"",""Modernizr"",""Optimizely"",""Sitefinity"",""jQuery"",""jQuery Migrate""]",37797707,catchall,N/A,218c8f8b24ce1b388bfb08f230ede978,N/A,N/A,85%,Insurance Agents: Brokers: and Service,https://facebook.com/peoplestrustinsurance,https://linkedin.com/company/people%27s-trust-homeowners-insurance,https://twitter.com/peoplestrust,N/A,https://youtube.com/user/peoplestrustflorida
Robert Starkey,Robert,Starkey,"Director, IT Strategy &amp; Operations ...",rstarkey@bcandi.com,And Corporate,bcandi.com,+19522242958,N/A,Burnsville,MN,N/A,N/A,0,64,[],39602795,catchall,2/3/2021,bf891404f6e255c2c6100aa329c7f501,N/A,N/A,85%,Insurance Agents: Brokers: and Service,N/A,N/A,N/A,N/A,N/A
Robert Starling,Robert,Starling,Vice President and CFO,rstarling@redneckpipe.com,Redneck Pipe,redneckpipe.com,+19367603600,"13618 Poplar Circle, Suite 302 Conroe, TX 77304",Conroe,TX,"=""77304""",125,0,13,"[""Apache"",""Font Awesome"",""Google Analytics"",""Google Font API"",""PHP"",""Revslider"",""Twitter Emoji (Twemoji)"",""WordPress"",""Yoast SEO"",""jQuery"",""jQuery Migrate""]",42340846,catchall,10/6/2023,eee210af4ffdf8aeb6242842eedc6a42,N/A,N/A,85%,Oil and Gas Extraction,N/A,N/A,N/A,N/A,N/A
Ray Strom,Ray,Strom,Chief Operating Officer/ Agent,rstrom@cressinsurance.com,Cress Insurance Group,cressinsurance.com,+15059382147,"Suite 1000 Albuquerque, NM 87111",Albuquerque,NM,"=""87111""",30,5000000,6411,"[""RequireJS"",""Sentry"",""Wix""]",39591771,catchall,10/2/2023,87099fb318b58adb2e673bb0dee1c5d2,N/A,N/A,85%,Insurance Agents: Brokers: and Service,https://facebook.com/cressinsurance/,https://linkedin.com/company/cress-insurance-consultants-inc.,N/A,N/A,N/A
Rick Tepel,Rick,Tepel,CEO,rtepel@rwoinsurance.com,Insurance Websites,rwoinsurance.com,+13018636807,"Suite B California, MD 20619",unknown city,unknown state,"=""20619""",30,6411000000,6411,"[""AddToAny"",""CloudFlare"",""Facebook"",""Google Analytics"",""Google Font API"",""Gravity Forms"",""IIS"",""PHP"",""Twitter Emoji (Twemoji)"",""WordPress"",""jQuery"",""jQuery Migrate""]",44963378,catchall,N/A,990dc979902e9780e5a3f3c4c01571a5,N/A,N/A,85%,Insurance Agents: Brokers: and Service,https://facebook.com/pages/raley-watts-and-oneill-insurance-and-financial-services/112748115451102,https://linkedin.com/company/712035,N/A,N/A,N/A
Russell Noga,Russell,Noga,CEO,russell@medisupps.com,Medisupps.comfrost,medisupps.com,+18888910229,"Frost Bank Tower, 401 Congress Ave #1540, Austin, TX 78701",Austin,TX,"=""78701""",N/A,0,64,"[""Apache"",""Clicky"",""Google Font API"",""Incapsula"",""Modernizr"",""Twitter Emoji (Twemoji)"",""W3 Total Cache"",""WordPress"",""YouTube"",""jQuery"",""jQuery Migrate"",""reCAPTCHA""]",36917351,catchall,11/9/2021,573ea33e47326d494a1bc5d96368d2e0,N/A,N/A,85%,Insurance Agents: Brokers: and Service,N/A,N/A,N/A,N/A,N/A
Russ Lowry,Russ,Lowry,President/ceo,russ@okinsurancegroup.com,Okinsurancegroup,okinsurancegroup.com,+18668037485,N/A,Norman,OK,N/A,N/A,0,64,[],41878312,catchall,8/19/2023,10199b534c29c1a47a45a694b32c6981,N/A,N/A,85%,Insurance Agents: Brokers: and Service,https://facebook.com/okinsurancegroup,https://linkedin.com/in/russ-lowry-5324787,https://twitter.com/insuranceguru,https://instagram.com/oklahoma_insurance_group,N/A
Rj Williams,Rj,Williams,"Founder, Chairman and CEO",rwilliams@pioneertitleco.com,Pioneer Holding,pioneertitleco.com,+12082340621,"1211 W Myrtle Street, Suite 100 Boise, ID 837028151 West Rifleman Street Boise, ID 837048151 W. Rifleman Street Boise, ID 83704",Boise,ID,"=""83704""",300,35000000,65,"[""Apache"",""Bootstrap"",""Google Analytics"",""Typekit"",""jQuery""]",37420060,catchall,8/5/2024,8ae55b664bddc863dd0c6cecac0122b3,N/A,N/A,85%,Real Estate,https://facebook.com/pioneertitleco,N/A,https://twitter.com/pioneertitleco,N/A,N/A
Ryan Arnoldy,Ryan,Arnoldy,Chief Operating Officer,ryan@arnoldinsuranceagency.com,Arnold Insurance Agency,arnoldinsuranceagency.com,+16148630455,"1400 Haft Drive, Reynoldsburg, Ohio 43068",Reynoldsburg,OH,"=""43068""",30,3000000,6411,"[""Google Analytics"",""Google Font API"",""Squarespace"",""Tawk.to"",""Typekit"",""YUI"",""webpack""]",40063660,catchall,5/8/2024,996072ce9c1eb7e0abfa502cd17716ea,N/A,N/A,85%,Insurance Agents: Brokers: and Service,https://facebook.com/arnoldinsuranceagencyinc,https://linkedin.com/company/arnold-insurance-agency,https://twitter.com/arnoldinsure,https://instagram.com/arnoldinsuranceagencyinc,N/A
Ryan Clarkson,Ryan,Clarkson,COO,ryan@atlas.us.com,Atlas,atlas.us.com,+18587245151,"4365 Executive Drive, Suite 400, San Diego, CA 92121",San Diego,CA,"=""92121""",30,8000000,6411,"[""Amazon ELB"",""Apache"",""Bootstrap"",""CloudFlare"",""Crazy Egg"",""Font Awesome"",""Google Analytics"",""Google Font API"",""Google Maps"",""Google PageSpeed"",""OWL Carousel"",""PHP"",""Revslider"",""Twitter Emoji (Twemoji)"",""WordPress"",""animate.css"",""jQuery"",""jQuery Migrate""]",43770930,catchall,4/9/2021,b1ab55927be63ab8792c2f8e5acd925c,N/A,N/A,85%,Insurance Agents: Brokers: and Service,N/A,https://linkedin.com/company/atlas-general-insurance-company,N/A,N/A,https://youtube.com/channel/uckwrrnjl9rzmot16ugch1zq
Ryan Beezley,Ryan,Beezley,Chief Operating Officer,ryanb@rbtoolsupply.com,R & B Tool Supply,rbtoolsupply.com,+18772477320,N/A,Apple Valley,CA,N/A,N/A,0,13,"[""Google Analytics"",""Microsoft ASP.NET"",""jQuery"",""jQuery UI""]",45225159,catchall,N/A,7b211d3057c3bca13db99abf89facaf5,N/A,N/A,85%,Oil and Gas Extraction,N/A,N/A,N/A,N/A,N/A
Ryan Elsman,Ryan,Elsman,Chief Operating Officer,ryan.elsman@liladelman.com,Lila Delmanwelcome,liladelman.com,+14017936479,"19 Narragansett Avenue Jamestown, RI 02835",Jamestown,RI,"=""02835""",300,25000000,65,"[""Google Analytics"",""Google Font API"",""Google Maps"",""Google Tag Manager"",""Gravity Forms"",""Handlebars"",""Nginx"",""WordPress"",""jQuery"",""reCAPTCHA""]",39776375,catchall,10/2/2023,b6e12e89d349353e573da8860a60d73b,N/A,N/A,85%,Real Estate,https://facebook.com/liladelmanre,https://linkedin.com/company/1620106,https://twitter.com/liladelman,https://instagram.com/liladelman,https://youtube.com/user/liladelman
Ryan Evans,Ryan,Evans,Director of Operations,ryan@thecasongroup.com,Cason Group,thecasongroup.com,+18882522823,"1612 Marion Street Columbia, SC",Columbia,SC,N/A,125,6411000000,6411,"[""Apache"",""CentOS"",""FancyBox"",""Font Awesome"",""Google Analytics"",""Google Font API"",""Google Tag Manager"",""PHP"",""Twitter Emoji (Twemoji)"",""WordPress"",""animate.css"",""jQuery"",""jQuery UI"",""reCAPTCHA""]",37587620,catchall,N/A,ce5a26900cefd051206615a4b42844ea,N/A,N/A,85%,Insurance Agents: Brokers: and Service,N/A,https://linkedin.com/company/the-cason-group-inc.,N/A,https://instagram.com/thecasongroup,N/A
Roy Yongo,Roy,Yongo,Chief Operating Officer,ryongo@atlanticlng.com,Lng Terms,atlanticlng.com,+18686242916,N/A,unknown city,unknown state,N/A,750,600000000,13,"[""Google Analytics"",""Joomla"",""Lightbox"",""MooTools"",""Nginx"",""PHP"",""jQuery"",""jQuery Migrate"",""jQuery UI""]",39645829,catchall,10/2/2023,00fce310b264c5b976d1727e258613d7,N/A,N/A,85%,Oil and Gas Extraction,https://facebook.com/atlanticlngtt,N/A,https://twitter.com/atlanticlng,https://instagram.com/atlanticlng,N/A
Sammie Smith,Sammie,Smith,"Director, Operations Accounting",sammie.smith@cpenergy.com,Cp Energy,cpenergy.com,+12818880328,"317 Lilac Drive, Suite 200 Edmond, OK 73034",unknown city,unknown state,"=""73034""",75,9500213,13,"[""Drupal"",""Google Analytics"",""Google Font API"",""Nginx"",""PHP"",""TweenMax"",""jQuery""]",46604292,catchall,3/2/2023,4a9ce709230ba040f73b789524d81f27,N/A,N/A,85%,Oil and Gas Extraction,N/A,N/A,N/A,N/A,N/A
Sanya Gurnani,Sanya,Gurnani,Co-founder &amp; COO,sanya@agentdesks.com,Radius Agent,agentdesks.com,N/A,N/A,San Francisco,CA,N/A,30,5700128,65,"[""CloudFlare"",""Font Awesome"",""Freshchat"",""Google Analytics"",""Google Font API"",""Google Maps"",""Heap"",""Inspectlet"",""Lodash"",""Next.js"",""Nginx"",""webpack""]",43418238,catchall,N/A,2b9dce13524deb3e93f18a9fc73bcae3,N/A,N/A,85%,Real Estate,https://facebook.com/radiusagent,https://linkedin.com/company/radiusagent,https://twitter.com/radiusagent,https://instagram.com/radius_agent,N/A
Sarah Johnston,Sarah,Johnston,CEO - Mortgage,sarah.johnston@express.com,Express,express.com,(800) 695-1788,N/A,Sitka,AK,N/A,5,576180,39,[],36637778,catchall,1/24/2024,f5b81e05ac9a0676c945d7b5d6978d14,N/A,N/A,85%,Miscellaneous Manufacturing Industries,N/A,N/A,N/A,N/A,N/A
Sarah Lyle,Sarah,Lyle,Director of Operations,sarah-lyle@afpm.org,Afpm,afpm.org,+12028350467,"1667 K Street NW Washington, DC 20006",Washington,DC,"=""20006""",75,9500213,13,"[""AddThis"",""Bootstrap"",""Crazy Egg"",""Font Awesome"",""Google Font API"",""Google Tag Manager"",""Microsoft ASP.NET"",""jQuery"",""jQuery UI""]",37938974,catchall,N/A,15c33fb4261122b380551b9a73d842cd,N/A,N/A,85%,Oil and Gas Extraction,https://facebook.com/afpmonline,N/A,https://twitter.com/afpmonline,https://instagram.com/afpminsta,https://youtube.com/channel/ucbxpwqngc4qwjk5ehj1b8va
Sarah Terry,Sarah,Terry,Director of Operations,sarah.terry@pearltechnology.com,Pearl Technology,pearltechnology.com,+13096790320,"1003 E Toledo Ave. Peoria Heights, IL 61616",Peoria Heights,IL,"=""61616""",5,475200,65,"[""Bootstrap"",""Font Awesome"",""Google Analytics"",""Google Font API"",""Google Tag Manager"",""jQuery""]",38080825,catchall,8/16/2021,71fae821b4504a5ef851490585968588,N/A,N/A,85%,Real Estate,https://facebook.com/pearl-technology-101921308128,https://linkedin.com/company/pearl-technology,https://twitter.com/pearltechnology,N/A,N/A
Sarah Pearson,Sarah,Pearson,COO,sarah@voyagerpacific.com,Voyager Pacific Capital,voyagerpacific.com,+19548840000,"Suite 206 Lighthouse Point, FL 33064",Vancouver,WA,"=""33064""",5,1638653,65,"[""Apache"",""Font Awesome"",""Google Font API"",""HubSpot"",""PHP"",""Revslider"",""WordPress"",""Yoast SEO"",""jQuery"",""jQuery Migrate""]",46066345,catchall,N/A,e193fa7cfe67964de60f62841ece3412,N/A,N/A,85%,Real Estate,N/A,N/A,N/A,N/A,N/A
Scott Bainbridge,Scott,Bainbridge,Director of Operations,sbainbridge@wms.com,Wms Gaming,wms.com,N/A,N/A,Chicago,IL,N/A,3000,3999000000,3999,"[""AddToAny"",""Bootstrap"",""CloudFlare"",""Font Awesome"",""Google Analytics"",""IIS"",""Incapsula"",""Microsoft ASP.NET"",""Modernizr"",""jQuery""]",41777129,catchall,10/19/2021,aa83a44bbd9b0a05d7fc5935324b688c,N/A,N/A,85%,Manufacturing Industries: Not Elsewhere Classified,N/A,N/A,N/A,N/A,N/A
Steve Berger,Steve,Berger,CEO,sberger@rentberger.com,Berger Rental,rentberger.com,+18142087921,N/A,Southeastern,PA,N/A,125,35000000,65,"[""Flywheel"",""Font Awesome"",""Google Analytics"",""Google Font API"",""Google Tag Manager"",""Handlebars"",""MediaElement.js"",""Revslider"",""Twitter Emoji (Twemoji)"",""WordPress"",""Yoast SEO"",""animate.css"",""jQuery"",""jQuery Migrate"",""jQuery Mobile"",""jQuery UI""]",42471300,catchall,8/5/2024,eff7ee33e5a12f873b17c1749f8c69d5,N/A,N/A,85%,Real Estate,https://facebook.com/bergerrentalcommunities,https://linkedin.com/company/berger-rental-communities,N/A,N/A,https://youtube.com/user/bergerrental
Stu Bernstein,Stu,Bernstein,Chief Operating Officer,sbernstein@biosignalgroup.com,Group,biosignalgroup.com,+18777356827,"3 Post Office Square, Suite K Acton, MA 01720",unknown city,unknown state,"=""01720""",30,3999000000,3999,"[""Gentoo"",""Google Analytics"",""Modernizr"",""OpenResty"",""PHP"",""Twitter Emoji (Twemoji)"",""WordPress"",""Yoast SEO"",""jQuery""]",37751109,catchall,10/2/2023,a6714e88321f117a386c92115e14e41c,N/A,N/A,85%,Manufacturing Industries: Not Elsewhere Classified,https://facebook.com/biosignalgroup,N/A,https://twitter.com/biosignalgroup,N/A,https://youtube.com/user/biosignalgroup
Stephane Bitton,Stephane,Bitton,President/ceo,sbitton@telga.net,Telga,telga.net,+19726714000,N/A,unknown city,unknown state,N/A,30,13000000,13,"[""Apache"",""Twitter Emoji (Twemoji)"",""WordPress"",""jQuery"",""jQuery Migrate""]",39012967,catchall,11/21/2023,f167203af4828b59a14b037d93183961,N/A,N/A,85%,Oil and Gas Extraction,N/A,N/A,N/A,N/A,N/A
Dr Scott Brandon Dc,Dr,Dc,CEO,sbrandon-dc@sfsadvisers.com,Sovereign Financial,sfsadvisers.com,+14105753120,N/A,Bel Air,MD,N/A,N/A,0,64,"[""Apache"",""Bootstrap"",""Google Font API"",""Modernizr"",""PHP"",""Twitter Emoji (Twemoji)"",""WordPress"",""jQuery"",""jQuery Migrate""]",36830002,catchall,11/8/2021,0fbfac70d2ed957f43a09eb86c871f40,N/A,N/A,85%,Insurance Agents: Brokers: and Service,N/A,N/A,N/A,N/A,N/A
Steve Brockmeyer,Steve,Brockmeyer,President and Chief Executive Officer,sbrockmeyer@boltonco.com,Bolton,boltonco.com,+14086601063,"3475 E Foothill Blvd, Suite 100 Pasadena, CA 91107",Pasadena,CA,"=""91107""",300,52000000,6411,"[""Facebook"",""Font Awesome"",""Google Analytics"",""Google Tag Manager"",""Gravatar"",""Gravity Forms"",""Modernizr"",""OWL Carousel"",""OpenResty"",""PHP"",""Typekit"",""WordPress"",""Yoast SEO"",""ZURB Foundation"",""jQuery"",""jQuery UI""]",39738144,catchall,12/11/2023,e2a3bcc62cc733a11581fbbaf20edba9,N/A,N/A,85%,Insurance Agents: Brokers: and Service,https://facebook.com/boltonco,https://linkedin.com/company/bolton-&-company,https://twitter.com/boltoncompany,https://instagram.com/boltoncompany,https://youtube.com/user/boltonandcompany
Sandra Browne,Sandra,Browne,Chief Operating Officer,sbrowne@clarkeandsampson.com,And,clarkeandsampson.com,+18002538029,"228 S Washington St Suite 200 Alexandria Va 22314Address: 228 South Washington Street, Suite 200, Alexandria, VA 22314",Alexandria,VA,"=""22314""",30,4000000,6411,"[""AddThis"",""Awesomplete"",""Bootstrap"",""CloudFlare"",""FancyBox"",""Font Awesome"",""Google Font API"",""Google Tag Manager"",""HubSpot"",""Microsoft ASP.NET"",""Modernizr"",""jQuery"",""jQuery Migrate"",""scrollreveal""]",36950296,catchall,10/2/2023,eea040a17155e3248a5b10901d86fc59,N/A,N/A,85%,Insurance Agents: Brokers: and Service,https://facebook.com/clarkeandsampson,https://linkedin.com/company/clarke-&-sampson-inc,https://twitter.com/clarkesampson,N/A,N/A
Siukee Chau,Siukee,Chau,"Director, Provider Relations Operations",schau@healthplus-ny.org,Health Plus,healthplus-ny.org,N/A,N/A,New York,NY,N/A,750,6411000000,6411,"[""Adobe DTM"",""Font Awesome"",""Google Analytics"",""Google Tag Manager"",""Java"",""Oracle Dynamic Monitoring Service"",""SiteCatalyst"",""jQuery"",""jQuery UI""]",44534735,catchall,N/A,6046b6d98b1ff4bf117abc6b25119c66,N/A,N/A,85%,Insurance Agents: Brokers: and Service,N/A,N/A,N/A,N/A,N/A
Cheri Sommer,Cheri,Sommer,Agency Operations Director,scheri@hwwells.com,Wells,hwwells.com,+18004224234,"5712 Oleander Drive Wilmington, NC 28403One North Third Street Wilmington, NC 28401",Wilmington,NC,"=""28401""",30,19000000,6411,"[""Apache"",""Facebook"",""Google Analytics"",""Google Font API"",""Google Tag Manager"",""Modernizr"",""OpenSSL"",""PHP"",""Raphael"",""Twitter Emoji (Twemoji)"",""WordPress"",""Yoast SEO"",""jQuery"",""jQuery Migrate"",""jQuery UI""]",40084923,catchall,9/14/2021,0affe7fd6c9c90e2ae7fad2d3eeed88f,N/A,N/A,85%,Insurance Agents: Brokers: and Service,https://facebook.com/wellsins,https://linkedin.com/company/wells-insurance,https://twitter.com/hwwellsins,N/A,N/A
Lee Chee,Lee,Chee,Chief Executive Officer Vietnam,sclee@mapletree.com.sg,Mapletree Investments Pte,mapletree.com.sg,+16469086300,N/A,unknown city,unknown state,N/A,750,1500000000,65,"[""Google Analytics"",""Lightbox"",""Microsoft ASP.NET"",""Modernizr"",""jQuery"",""jQuery Migrate""]",43119993,catchall,N/A,52c2d452dc40d5c0fb9c29290795dd95,N/A,N/A,85%,Real Estate,N/A,N/A,N/A,N/A,N/A
Scott Anderson,Scott,Anderson,Chief Operating Officer,scott4@kfsa.com,Kfsa,kfsa.com,+18008945020,"1515 East 30th Avenue Hutchinson, KS 67502",Hutchinson,KS,"=""67502""",125,6411000000,6411,"[""Apache"",""RequireJS"",""jQuery""]",45157894,catchall,N/A,23bbc1d1438147a41cb81a0b64bd37db,N/A,N/A,85%,Insurance Agents: Brokers: and Service,https://facebook.com/kfsa.ins,https://linkedin.com/company/kfsa,https://twitter.com/kfsa,N/A,N/A
Scott Adams,Scott,Adams,CEO,scott.adams@avalonriskllc.com,Avalon Risk,avalonriskllc.com,+19739935403,N/A,unknown city,unknown state,N/A,125,6411000000,6411,"[""Apache"",""Google Analytics"",""Joomla"",""MooTools"",""PHP""]",39629870,catchall,N/A,6c08db3234b14b83d57476c1852fbeb3,N/A,N/A,85%,Insurance Agents: Brokers: and Service,N/A,https://linkedin.com/in/anthony-basciano-67175a141,N/A,N/A,N/A
Scott A Bruzek,Scott,Bruzek,Director of Operations,scott.bruzek@jessieinsurance.com,Jessie,jessieinsurance.com,+12704655502,"201 W Broadway St, Campbellsville, KY 42718201 W Broadway St Campbellsville, KY 42718",Campbellsville,KY,"=""42718""",5,1000000,6411,"[""Google Analytics"",""Google Font API"",""LiteSpeed"",""MailChimp"",""OWL Carousel"",""Twitter Emoji (Twemoji)"",""WordPress"",""Yoast SEO"",""jQuery"",""jQuery Migrate""]",36727486,catchall,5/8/2024,d21e7381d79086fabac000bb9c2c3bbf,N/A,N/A,85%,Insurance Agents: Brokers: and Service,N/A,N/A,N/A,N/A,N/A
Scott Piper,Scott,Piper,COO,scott@mutualunderwriters.com,Mutual Underwriters,mutualunderwriters.com,N/A,N/A,Wailuku,HI,N/A,N/A,844560,64,"[""Google Analytics"",""Google Font API"",""Nginx""]",38537121,catchall,N/A,49f96a56a1619b192f7eaae56d08e0e4,N/A,N/A,85%,Insurance Agents: Brokers: and Service,N/A,N/A,N/A,N/A,N/A
Sam C,Sam,C,CEO,scrudo@ciafg.com,Ciafg,ciafg.com,+18002954519,N/A,Shelby Twp.,MI,N/A,30,6411000000,6411,"[""LiteSpeed""]",37081885,catchall,N/A,0a9de234e5ee9211244d64f79005458c,N/A,N/A,85%,Insurance Agents: Brokers: and Service,N/A,N/A,N/A,N/A,N/A
Salvatore Didonato,Salvatore,Didonato,"Director, IT Operations",sdidonato@qualcareinc.com,Qualcare,qualcareinc.com,+18009926613,N/A,San Diego,CA,N/A,5,34705620,6411,[],38455688,catchall,7/8/2021,48e8bc9d03b534d804302ab2d6fdf018,N/A,N/A,85%,Insurance Agents: Brokers: and Service,N/A,https://linkedin.com/company/qualcare-inc./products,N/A,N/A,N/A
Sharon Dutcher,Sharon,Dutcher,Director of Operations,sdutcher@shamrockdevelopment.com,Shamrock Development,shamrockdevelopment.com,+14024152425,"AFFILIATED PROJECT 2222 Binney Street  Omaha, NE",Omaha,NE,N/A,5,65000000,65,"[""Apache"",""Google Analytics"",""MooTools"",""Twitter Emoji (Twemoji)"",""WordPress"",""jQuery""]",44949757,catchall,N/A,5f0deeb8b4f5b2d5356fde7e7ed77c0f,N/A,N/A,85%,Real Estate,https://facebook.com/pages/shamrock-development-inc/294406140575993,N/A,https://twitter.com/shamrockdevelop,N/A,N/A
Seth Hicks,Seth,Hicks,Chief Operating Officer and General ...,seth@forars.com,Private Banking Strategies,forars.com,+18172004777,"Suite 200 B. Arlington, TX 76017",Arlington,TX,"=""76017""",5,1400000,64,"[""Google Analytics"",""Google Font API"",""Modernizr"",""Nginx"",""ZURB Foundation"",""jQuery""]",40500465,catchall,10/2/2023,dcd1d61d4393c8484a6acd80c28c22dc,N/A,N/A,85%,Insurance Agents: Brokers: and Service,https://facebook.com/privatebankingstrategies,N/A,N/A,N/A,N/A
Seth Johnson,Seth,Johnson,COO,sethj@atlanticspecial.com,Atlantic Specialty Lines,atlanticspecial.com,+18044741643,N/A,Richmond,VA,N/A,350,6411000000,6411,"[""Bootstrap"",""CloudFlare"",""Google Font API"",""IIS"",""Kendo UI"",""Microsoft ASP.NET"",""Modernizr"",""Moment.js"",""jQuery""]",39825591,catchall,N/A,63de4c2b1364c346511ad8520de8827a,N/A,N/A,85%,Insurance Agents: Brokers: and Service,N/A,https://linkedin.com/company/rt-specialty,N/A,N/A,N/A
Shaun Farr,Shaun,Farr,Chief Executive Officer,sfarr@landvoice.com,Landvoice,landvoice.com,+18886780905,N/A,unknown city,unknown state,N/A,30,35000000,65,"[""CloudFlare"",""Facebook"",""Google Tag Manager"",""HubSpot"",""Inspectlet"",""jQuery""]",38143618,catchall,8/5/2024,d022b3fbe1f9dc0092753f48b778cbba,N/A,N/A,85%,Real Estate,https://facebook.com/landvoice,https://linkedin.com/company/landvoice,https://twitter.com/landvoice,N/A,https://youtube.com/user/landvoicedata
Samuel Giordano,Samuel,Giordano,Chief Financial Officer,sgiordano@onyxequities.com,Onyx Equities Llcall,onyxequities.com,+12019335483,"Suite 400 Woodbridge,NJ",Woodbridge,NJ,N/A,125,37500000,65,"[""Clicky"",""CloudFlare"",""Google Analytics"",""Modernizr"",""Typekit"",""WP Engine"",""WordPress"",""jQuery"",""jQuery Migrate""]",39439275,catchall,10/6/2023,ca5deddd63a13da0f686d759eeabf69c,N/A,N/A,85%,Real Estate,N/A,https://linkedin.com/company/1767752,https://twitter.com/jonschultz_onyx,N/A,N/A
Scott Gramling,Scott,Gramling,CEO,sgramling@w3ins.com,W3,w3ins.com,+18004871395,"3801 Bee Ridge Road, Ste 6 Sarasota, Florida 34233",Saint Petersburg,FL,"=""34233""",125,6411000000,6411,"[""AdRoll"",""CloudFlare"",""Font Awesome"",""Google Analytics"",""Google Font API"",""Google Tag Manager"",""Gravatar"",""HubSpot"",""Matomo"",""Modernizr"",""Nginx"",""React"",""TrackJs"",""Twitter Emoji (Twemoji)"",""WP Engine"",""WordPress"",""Yoast SEO"",""jQuery""]",39056881,catchall,N/A,fc3df51a1c31a19e643d09d24b05fc3b,N/A,N/A,85%,Insurance Agents: Brokers: and Service,https://facebook.com/w3insurance,https://linkedin.com/company/wallace-welch-&-willingham,https://twitter.com/w3insurance,N/A,N/A
Stanley Gurewitsch,Stanley,Gurewitsch,CEO,sgurewitsch@starcandle.com,Starcandle,starcandle.com,N/A,N/A,Ridgefield Park,NJ,N/A,300,35000000,3999,"[""Apache"",""Google Font API""]",42006983,catchall,10/2/2024,c587703d8172bf85bfbefd18fceebe86,N/A,N/A,85%,Manufacturing Industries: Not Elsewhere Classified,N/A,N/A,N/A,N/A,N/A
Shari Beard,Shari,Beard,Director of Operations,shari@nellisgroup.com,Nellis Group,nellisgroup.com,+15714196676,"11629 Browningsville Road, Ijamsville, MD 21754",Alexandria,VA,"=""21754""",5,1638653,65,"[""CloudFlare"",""Crazy Egg"",""Facebook"",""Google Analytics"",""Google Font API"",""Nginx"",""PHP"",""jQuery""]",38350867,catchall,N/A,d6273e3f926a9c301e9d8b5c9b176a8e,N/A,N/A,85%,Real Estate,https://facebook.com/nellisgroup,https://linkedin.com/in/edward-jones-0860b286,N/A,N/A,https://youtube.com/user/nellisgroup
Sharon Willey,Sharon,Willey,"Owner, CEO - Self",sharon@lamesarealestatebroker.com,Real Estate Broker Subscribe,lamesarealestatebroker.com,+18067599811,"705 W. Hwy 180 in Lamesa, Texas510 N. 17th St in Lamesa, Texas2206 S. 6th St in Lamesa, Texas",Lamesa,TX,N/A,N/A,0,65,"[""All in One SEO Pack"",""Apache"",""Bootstrap"",""FlexSlider"",""Font Awesome"",""Google Font API"",""Gravatar"",""Modernizr"",""PHP"",""Twitter Emoji (Twemoji)"",""WordPress"",""jQuery"",""jQuery Migrate""]",37942299,catchall,8/5/2024,7e492ede2afb963fc18183dc0cf94ef9,N/A,N/A,85%,Real Estate,N/A,N/A,N/A,N/A,N/A
Shawn Altizer,Shawn,Altizer,CEO,shawn.altizer@g2-is.com,G2-is,g2-is.com,+17132604050,"10850 Richmond Avenue Suite 200 Houston, TX 77042",Houston,TX,"=""77042""",300,13000000,13,"[""AddThis"",""Apache Traffic Server"",""CloudFlare"",""Crazy Egg"",""Google Analytics"",""Twitter Emoji (Twemoji)"",""WordPress"",""Yoast SEO"",""jQuery"",""jQuery Migrate""]",41025227,catchall,12/28/2023,3b653734db6ce1fc277d007f051a5c89,N/A,N/A,85%,Oil and Gas Extraction,https://facebook.com/g2integratedsolutions,N/A,https://twitter.com/g2integrated,N/A,https://youtube.com/channel/ucfkc8b6hxktiiux_iok4t7q
Shayne Milligan,Shayne,Milligan,CEO,shayne@prairievilla.com,Prairie Villa,prairievilla.com,+15872990048,N/A,Princeville,IL,N/A,5,1638653,65,"[""Google Analytics"",""Google Font API"",""Google Tag Manager"",""OpenResty"",""Twitter Emoji (Twemoji)"",""WordPress""]",37553122,catchall,8/5/2024,3896459c7341570d204753722682181e,N/A,N/A,85%,Real Estate,https://facebook.com/pvigp,N/A,N/A,N/A,N/A
Shea Curry,Shea,Curry,Chief Operating Officer,shea@telesisrei.com,Telesis Rei,telesisrei.com,N/A,N/A,Fort Worth,TX,N/A,5,1638653,65,"[""Apache"",""jQuery""]",36771679,catchall,N/A,b3ea0a4675feaeb39747b2fcf3a4cbac,N/A,N/A,85%,Real Estate,N/A,N/A,N/A,N/A,N/A
Shelby Palmer,Shelby,Palmer,CEO - Domestic,shelby.palmer@kilgoreindustrial.com,Kilgore,kilgoreindustrial.com,+14092918528,"504 Congress St., Ste. 300 Austin, TX 78701",Beaumont,TX,"=""78701""",125,25000000,13,"[""Google Analytics"",""Google Font API"",""Google Tag Manager"",""LiteSpeed"",""PHP"",""Twitter Emoji (Twemoji)"",""WordPress"",""jQuery"",""jQuery Migrate""]",38037492,catchall,12/11/2023,99e570218cbbdb2ed5e587994ae9a7ee,N/A,N/A,85%,Oil and Gas Extraction,N/A,N/A,N/A,N/A,N/A
Shannon Herbst,Shannon,Herbst,Director of Operations,sherbst@baytekgames.com,Bay Tek Entertainment,baytekgames.com,+18477780303,"1077 East Glenbrook Drive Pulaski WI 54162, U.S.A1077 E Glenbrook Drive Pulaski, WI 54162",Pulaski,WI,"=""54162""",300,20000000,3999,"[""Bootstrap"",""Chart.js"",""Gravity Forms"",""Lightbox"",""Matomo"",""Modernizr"",""Nginx"",""Revslider"",""Twitter Emoji (Twemoji)"",""WP Engine"",""WordPress"",""Yoast SEO"",""jQuery"",""jQuery Migrate""]",42260005,catchall,5/28/2021,4e78dd719ebdb811ef65c75dafb2b7e3,N/A,N/A,85%,Manufacturing Industries: Not Elsewhere Classified,https://facebook.com/baytekent,https://linkedin.com/company/bay-tek-games,https://twitter.com/bay_tek_games,https://instagram.com/baytekent,N/A
Sherri Fried,Sherri,Fried,CEO & Founder,sherri.fried@redstonetitle.com,Red Stone Title & Abstract,redstonetitle.com,+18006893750,"15 Broad St, Ste 1101 New York, NY 100055 Broad Street, Suite 1101 New York, NY 10005",New York,NY,"=""10005""",5,0,64,"[""Google Analytics"",""Google Font API"",""Modernizr"",""Squarespace"",""Typekit"",""YUI"",""webpack""]",45855444,catchall,N/A,bd740d549b0a2a3d6fed716cf20688e8,N/A,N/A,85%,Insurance Agents: Brokers: and Service,N/A,N/A,N/A,N/A,N/A
Sheila Hill,Sheila,Hill,– Director of Operations,shill@biosignalgroup.com,Group,biosignalgroup.com,+18777356827,"3 Post Office Square, Suite K Acton, MA 01720",unknown city,unknown state,"=""01720""",30,3999000000,3999,"[""Gentoo"",""Google Analytics"",""Modernizr"",""OpenResty"",""PHP"",""Twitter Emoji (Twemoji)"",""WordPress"",""Yoast SEO"",""jQuery""]",37751107,catchall,5/28/2021,cefe0d0c89c5acb360f1135903200194,N/A,N/A,85%,Manufacturing Industries: Not Elsewhere Classified,https://facebook.com/biosignalgroup,N/A,https://twitter.com/biosignalgroup,N/A,https://youtube.com/user/biosignalgroup
Sidney Hinton,Sidney,Hinton,CEO,shinton@powersecure.com,Powersecure,powersecure.com,+14237443900,"1609 Heritage Commerce Court Wake Forest, NC 27587",Durham,NC,"=""27587""",300,443700000,13,"[""Font Awesome"",""Google Analytics"",""Google Font API"",""Pardot"",""Sucuri"",""Twitter Emoji (Twemoji)"",""WordPress"",""jQuery"",""jQuery Migrate""]",38121701,catchall,12/11/2023,a929514ed3b6df96b604699748a75ddd,N/A,N/A,85%,Oil and Gas Extraction,https://facebook.com/powersecure-491744987686779,N/A,https://twitter.com/powersecureinc,N/A,https://youtube.com/channel/uc-o9g9gqs6fsepb6dvvdp9q
Sidney Jo Francis,Sidney,Francis,Director of Operations,sjofrancis@conradeinsurance.com,Conrade Insurance Group,conradeinsurance.com,+18882830096,N/A,Newton,KS,N/A,5,1000000,6411,"[""Apache"",""Bootstrap"",""Font Awesome"",""Google Font API"",""Joomla"",""K2"",""Modernizr"",""MooTools"",""jQuery"",""jQuery Migrate"",""reCAPTCHA"",""scrollreveal""]",44221470,catchall,9/13/2021,e9928d067c828881c126de04e16e3283,N/A,N/A,85%,Insurance Agents: Brokers: and Service,https://facebook.com/conradeinsurance,https://linkedin.com/company/conrade-insurance-group-inc,N/A,N/A,N/A
Shabana Khan,Shabana,Khan,COO,skhan@lmkr.com,Lmkr,lmkr.com,+14032645685,N/A,unknown city,unknown state,N/A,750,75000000,13,"[""Bootstrap"",""Google Analytics"",""Google Font API"",""Lightbox"",""Microsoft ASP.NET"",""Modernizr"",""OWL Carousel"",""jQuery""]",39469647,catchall,12/15/2021,9af60a87b43cf5799e4c99d890767caf,N/A,N/A,85%,Oil and Gas Extraction,https://facebook.com/lmkrnews,https://linkedin.com/company/lmkr,https://twitter.com/lmkrnews,https://instagram.com/discoverlmkr,N/A
Scott Lewis,Scott,Lewis,Cfo/coo,slewis@hiramcohen.com,Hiram Cohen,hiramcohen.com,+15167427209,N/A,Williston Park,NY,N/A,30,4000000,6411,"[""Facebook"",""Google Analytics"",""Google Font API"",""Google Tag Manager"",""Modernizr"",""Nginx"",""Twitter Emoji (Twemoji)"",""WP Engine"",""WordPress"",""jQuery""]",37564885,catchall,4/8/2022,b4f6cf4bc0cb484fd4f415087b5c0c05,N/A,N/A,85%,Insurance Agents: Brokers: and Service,N/A,N/A,N/A,N/A,N/A
Steve Luquire,Steve,Luquire,CEO Founder,sluquire@lgamerica.com,America,lgamerica.com,+13018104889,N/A,Frederick,MD,N/A,75,68292000000,6411,"[""Bootstrap"",""Facebook"",""Google Analytics"",""Google Font API"",""Google Tag Manager"",""IIS"",""Microsoft ASP.NET"",""Modernizr"",""Underscore.js"",""jQuery""]",45813843,catchall,N/A,a6f1e65d412715902640364bc783ac3c,N/A,N/A,85%,Insurance Agents: Brokers: and Service,https://facebook.com/policies/cookies,N/A,https://twitter.com/en/privacy,https://help.instagram.com/519522125107875,N/A
Sue Martin,Sue,Martin,President &amp; CEO,smartin@dmartinassoc.com,Martin,dmartinassoc.com,+14082990841,"2130 The Alameda, Suite 210 San Jose, CA 95126",Raleigh,NC,"=""95126""",5,190080,65,"[""Apache"",""DreamWeaver""]",38600366,catchall,8/5/2024,0b056d39781ab218400a5ee00a6239b1,N/A,N/A,85%,Real Estate,N/A,N/A,N/A,N/A,N/A
Sean M. Mccann,Sean,Mccann,President/ceo,smccann@ashfordinsurance.com,Ashford General,ashfordinsurance.com,+13129239935,"118 W. Kinzie St., 3rd Floor Chicago, IL, 60654",unknown city,unknown state,"=""60654""",30,6411000000,6411,"[""Apache"",""Google Font API"",""Gravatar"",""PHP"",""WordPress"",""jQuery"",""jQuery Migrate"",""jQuery UI""]",40405879,catchall,N/A,d6956a263044e4ab38a3974b809e8e85,N/A,N/A,85%,Insurance Agents: Brokers: and Service,https://facebook.com/ashfordinsurance,https://linkedin.com/company/ashford-general-insurance-agency-llc,N/A,N/A,N/A
Steve Merchant,Steve,Merchant,Managing Director of Operations,smerchant@magnoliacap.com,"Magnoliacap.com/, Including",magnoliacap.com,+13128814300,"One North Wacker Drive, Suite 1905, Chicago, IL 60606",Chicago,IL,"=""60606""",30,5700128,65,"[""Apache"",""Bootstrap"",""Font Awesome"",""Google Font API"",""Google Maps"",""PHP"",""Twitter Emoji (Twemoji)"",""WordPress"",""jQuery"",""jQuery Migrate""]",45904220,catchall,8/16/2021,9977ae77be5a376b716b0c5623d5431d,N/A,N/A,85%,Real Estate,N/A,https://linkedin.com/company/magnoliacapital,N/A,N/A,N/A
Scott Nuwer,Scott,Nuwer,"Director, Operations",snuwer@novahealthcare.com,Nova Healthcare,novahealthcare.com,N/A,N/A,Williamsville,NY,N/A,125,6411000000,6411,"[""AngularJS"",""DNN"",""Google Analytics"",""IIS"",""Microsoft ASP.NET"",""jQuery"",""jQuery Migrate"",""jQuery UI""]",46607266,catchall,N/A,905c911ab94ef2b496b0b4e203ff4fee,N/A,N/A,85%,Insurance Agents: Brokers: and Service,N/A,N/A,N/A,N/A,N/A
Steven Packer,Steven,Packer,"Secretary of the Board, President and CEO of Montage Health",spacker@fdinsurancecompany.com,Norcal Group,fdinsurancecompany.com,+18558823412,"P.O. Box 2080 Mechanicsburg, PA 17055",Jacksonville,FL,"=""17055""",30,5700128,64,"[""CloudFlare"",""Google Analytics"",""Google Tag Manager"",""Hotjar"",""HubSpot"",""Matomo"",""React"",""jQuery""]",38655976,catchall,8/9/2023,c5b412cfbb0815c0216b3c5f358ed631,N/A,N/A,85%,Insurance Agents: Brokers: and Service,https://facebook.com/norcalgroup,https://linkedin.com/company/norcal-group,https://twitter.com/norcalgroup,N/A,N/A
Steve Poe,Steve,Poe,Chief Executive Officer,spoe@poecompanies.com,Poe Companies About Our,poecompanies.com,+15022926800,N/A,Louisville,KY,N/A,N/A,0,64,"[""AddThis"",""Nginx"",""WordPress"",""Yoast SEO"",""jQuery"",""jQuery Migrate""]",38756362,catchall,1/10/2022,a501733dff95529b202191aae080ab08,N/A,N/A,85%,Insurance Agents: Brokers: and Service,https://facebook.com/liveatriverpark,https://linkedin.com/company/poe-companies,https://twitter.com/poecompanies,N/A,N/A
Shelby Pruett,Shelby,Pruett,Chairman and CEO,spruett@egm-funds.com,Equity Global Management,egm-funds.com,+13128272270,N/A,unknown city,unknown state,N/A,5,7000000,65,[],36903013,catchall,8/5/2024,20da5d8067306149aaec60f6dd9321b6,N/A,N/A,85%,Real Estate,N/A,N/A,N/A,N/A,N/A
Steve Renfro,Steve,Renfro,CEO,srenfro@sanramoninsurance.com,Sanramoninsurance,sanramoninsurance.com,+19252770998,"2303 Camino Ramon Suite 210, San Ramon, CA 945832303 Camino Ramon, Suite 210, San Ramon, CA",San Ramon,CA,N/A,5,1638653,6411,"[""Apache""]",37171425,catchall,11/10/2021,37bbd896334b5a2c2af219043e44952a,N/A,N/A,85%,Insurance Agents: Brokers: and Service,https://facebook.com/search/top/,N/A,N/A,N/A,N/A
Steve Riffee Office,Steve,Office,EVP and CFO,sriffee-office@washreit.com,Washington Real Estate Investment Trust,washreit.com,+12022550719,N/A,Washington,DC,N/A,300,313300000,65,"[""Apache"",""FlexSlider"",""Google Analytics"",""Google Font API"",""Modernizr"",""Typekit"",""WordPress"",""jQuery""]",43290568,catchall,5/16/2023,cc26618e0362c2370b09292bc65ee2bd,N/A,N/A,85%,Real Estate,https://facebook.com/washingtonrealestateinvestmenttrust/timeline,https://linkedin.com/company/washington-real-estate-investment-trust,https://twitter.com/washingtonreit,N/A,N/A
Samuel Ross,Samuel,Ross,Chief Operating Officer,sross@beaconcommunitiesllc.com,Beacon Communities,beaconcommunitiesllc.com,+13042355109,"Two Center Plaza, Suite 700 Boston, MA 02108Suite 700 Boston, MA 02108",Boston,MA,"=""02108""",300,300000000,65,"[""Google Analytics"",""Modernizr"",""Sucuri"",""Twitter Emoji (Twemoji)"",""WP Engine"",""WordPress"",""jQuery""]",36489417,catchall,10/2/2023,19e44e69f3115e5096a9f7fce5014366,N/A,N/A,85%,Real Estate,https://facebook.com/beaconcommunities,https://linkedin.com/company/111267,https://twitter.com/beingbeacon,N/A,https://youtube.com/user/thebeaconchannel
Sam Rotter,Sam,Rotter,Chief Financial Officer,srotter@goldoller.com,Goldoller,goldoller.com,+12673225623,"152 W. 57th Avenue, 18th Floor New York, NY 10019",Philadelphia,PA,"=""10019""",300,75000000,65,"[""Bootstrap"",""Flywheel"",""Font Awesome"",""Google Analytics"",""Google Font API"",""MediaElement.js"",""PHP"",""Twitter Emoji (Twemoji)"",""WordPress"",""Yoast SEO"",""animate.css"",""jQuery"",""jQuery Migrate"",""jQuery UI""]",36699443,catchall,10/6/2023,7232d4ba446c05263b08390506b4a237,N/A,N/A,85%,Real Estate,https://facebook.com/goldoller,N/A,https://twitter.com/goldoller,N/A,N/A
Scott Sanford,Scott,Sanford,Sr. Director of Operations,ssanford@boyntoninsurance.com,Bluehost.com,boyntoninsurance.com,+18447411192,N/A,Needham,MA,N/A,5,994980,6411,"[""Google Analytics"",""Nginx""]",36427064,catchall,5/8/2024,91969b6a83e7a88eb1d17d6a58951719,N/A,N/A,85%,Insurance Agents: Brokers: and Service,https://facebook.com/bluehost,https://linkedin.com/company/bluehost-com,https://twitter.com/bluehost,https://instagram.com/bluehost,https://youtube.com/user/bluehost
Sarah Scher,Sarah,Scher,Chief Executive Officer,sscher@cap-mpt.com,Physicians For,cap-mpt.com,+18588421187,"333 City Blvd. W., Suite 720 | Orange, CA 92868",Orange,CA,"=""92868""",125,3381000,6411,"[""Acquia Cloud"",""AdRoll"",""Drupal"",""Google Analytics"",""Google Tag Manager"",""Nginx"",""Pardot"",""Varnish"",""Visual Website Optimizer"",""YouTube"",""jQuery""]",37279024,catchall,7/24/2023,ceedefcbe8d30967e6e008780352edbf,N/A,N/A,85%,Insurance Agents: Brokers: and Service,https://facebook.com/capphysicians,https://linkedin.com/company/cooperative-of-american-physicians-inc-,https://twitter.com/capphysicians,N/A,N/A
Sharon Seitzman,Sharon,Seitzman,COO,sseitzman@qualcareinc.com,Qualcare,qualcareinc.com,+18009926613,N/A,San Diego,CA,N/A,5,34705620,6411,[],38455676,catchall,N/A,292f42797671707c1da49c8b5f011ccb,N/A,N/A,85%,Insurance Agents: Brokers: and Service,N/A,https://linkedin.com/company/qualcare-inc./products,N/A,N/A,N/A
Sherry Smith,Sherry,Smith,Chief Executive Officer,ssmith@tri-ad.com,Tri-ad,tri-ad.com,+17607437555,"221 West Crest Street, Suite 300 Escondido, CA 92025",Escondido,CA,"=""92025""",300,41000000,6411,"[""Google Analytics"",""Google Font API"",""Nginx"",""Twitter Emoji (Twemoji)"",""WP Engine"",""WooCommerce"",""WordPress"",""Yoast SEO"",""jQuery"",""jQuery Migrate"",""jQuery UI"",""reCAPTCHA""]",36696285,catchall,12/11/2023,585145aab05c3f2db3db9d4d919ce40c,N/A,N/A,85%,Insurance Agents: Brokers: and Service,N/A,N/A,N/A,N/A,N/A
Stacey Rojo,Stacey,Rojo,Acting CFO,stacey@spauldingprop.com,Sycamore Business Park,spauldingprop.com,+19494967829,"Suite B San Juan Capistrano, Ca 92675",San Juan Capistrano,CA,"=""92675""",5,1638653,65,"[""Apache""]",40102992,catchall,N/A,f1d6ef2b58bd86f0a9834003c9c3cff5,N/A,N/A,85%,Real Estate,N/A,N/A,N/A,N/A,N/A
Daryle Stafford,Daryle,Stafford,President & CEO,stafford@veracityins.com,Veracity Insurance Solutions,veracityins.com,+18663951308,"Mail: 260 South 2500 West, Suite 303 Pleasant Grove, UT 84062",Pleasant Grove,UT,"=""84062""",30,6411000000,6411,"[""Amazon Cloudfront"",""Bootstrap"",""CloudFlare"",""Crazy Egg"",""Facebook"",""Google Analytics"",""Google Font API"",""Hotjar"",""LiveChat"",""Sentry"",""Typekit"",""jQuery"",""webpack""]",36804770,catchall,N/A,db53bf22337a86fdd8cb1623376942ee,N/A,N/A,85%,Insurance Agents: Brokers: and Service,https://facebook.com/veracityinsurance,https://linkedin.com/company/veracity-insurance-solutions-llc,N/A,N/A,https://youtube.com/user/veracityvideo
Stan Bieniek,Stan,Bieniek,Chief Financial Officer,stan@mkmanagement.com,Mk Management,mkmanagement.com,+14043556000,"1011 Collier Road NW | Atlanta, GA 30318",Atlanta,GA,"=""30318""",30,2070300,65,"[""Apache"",""RequireJS"",""jQuery""]",38697680,catchall,10/6/2023,5e413cdf63d862d6360b0920ca614375,N/A,N/A,85%,Real Estate,N/A,N/A,N/A,N/A,N/A
Stephanie Davis,Stephanie,Davis,Founder & COO,stephanie@virtual-xperience.com,Virtual Xperience,virtual-xperience.com,+12129510645,N/A,Charlotte,NC,N/A,30,7000000,65,[],45630882,catchall,N/A,06f29ebc48065ad5779eac8f317daa8e,N/A,N/A,85%,Real Estate,https://facebook.com/virtual-xperience-1612630122334042,https://linkedin.com/in/jeffreymaurer,https://twitter.com/vrxperience,https://instagram.com/virtualxperience,https://youtube.com/channel/ucj_lbq0nyrqckwuerw3fllg
Steve Weir,Steve,Weir,CEO,steve@ctaahq.org,Ctaa,ctaahq.org,+18604301966,"701 Hebron Avenue 3rd Floor Glastonbury, CT 06033",Hartford,CT,"=""06033""",N/A,0,65,"[""Azure"",""Facebook"",""Font Awesome"",""Google Analytics"",""Microsoft ASP.NET"",""Moment.js"",""jQuery""]",39554936,catchall,8/5/2024,53b46307afdd7738ca81a3a4000cb868,N/A,N/A,85%,Real Estate,https://facebook.com/ctapartmentassoc,https://linkedin.com/in/steve-weir-26613a12,N/A,https://instagram.com/ctapartmentassoc,N/A
Steven Deal,Steven,Deal,Regional CEO,steve.deal@usi.biz,Usi,usi.biz,+18666570861,"100 Summit Lake Drive, Suite 400, Valhalla, NY 10595",East Greenwich,RI,"=""10595""",3000,6411000000,6411,"[""Bootstrap"",""Font Awesome"",""Google Analytics"",""Microsoft ASP.NET"",""Modernizr"",""jQuery"",""jQuery Migrate""]",43930897,catchall,N/A,64183be19fecea13a2cdc44f166ac921,N/A,N/A,85%,Insurance Agents: Brokers: and Service,https://facebook.com/usiins,https://linkedin.com/company/usi-insurance-services,https://twitter.com/usiins,N/A,N/A
Steve Lewis,Steve,Lewis,Director of Communications and Operations ...,steve.lewis@american-club.com,American Club,american-club.com,+19172164732,N/A,New York,NY,N/A,30,17000000,6411,"[""CloudFlare"",""Google Analytics"",""Google Font API"",""Modernizr"",""PHP"",""jQuery""]",36223617,catchall,4/9/2021,14e5ee1b2dbdd61170fa2cb06991dc46,N/A,N/A,85%,Insurance Agents: Brokers: and Service,N/A,https://linkedin.com/company/the-american-p&i-club,https://twitter.com/americanpandi,https://instagram.com/americanpandi,https://youtube.com/channel/uc0firznu7ubkdmshhrf8q8a
Steven A. Carr,Steven,Carr,Treasurer and CFO,steve@naughtoninsurance.com,Naughton,naughtoninsurance.com,+18778520220,"P.O. Box 6192 Providence, RI",Riverside,RI,N/A,30,4000000,6411,"[""Apache"",""DreamWeaver"",""jQuery""]",41924928,catchall,11/11/2021,3f7b6b2dcc8b85ace97b9cf6f8ac6965,N/A,N/A,85%,Insurance Agents: Brokers: and Service,N/A,N/A,N/A,N/A,N/A
Steven Baker,Steven,Baker,Operations Director - Administrative,steven.baker@pehp.org,Pehp,pehp.org,+18007657347,"St. George, UT 84770",Salt Lake City,UT,"=""84770""",125,0,64,"[""Bootstrap"",""Orchard CMS"",""ZURB Foundation"",""jQuery""]",36978412,catchall,8/30/2021,99b2baa9d2505a373f606039f2929106,N/A,N/A,85%,Insurance Agents: Brokers: and Service,N/A,N/A,N/A,N/A,N/A
Steven Meisel,Steven,Meisel,Co-chief Executive Officer -,steven@discoverymidstream.com,Discovery Midstream,discoverymidstream.com,+18179801324,"Suite 335 Dallas, TX 75230",Dallas,TX,"=""75230""",30,7000000,13,"[""Google Analytics"",""Google Maps"",""Nginx"",""Twitter Emoji (Twemoji)"",""WP Engine"",""WordPress"",""jQuery"",""jQuery Migrate""]",36892630,catchall,4/18/2023,a574de0f3a4ae397c5d89c033d388e94,N/A,N/A,85%,Oil and Gas Extraction,N/A,N/A,N/A,N/A,N/A
Steven Gesis,Steven,Gesis,COO,steven.g@smartland.com,Smartland,smartland.com,+18557404206,"69 Alpha Drive Highland Heights, OH 4414369 Alpha Park Drive Highland Heights, OH 44143",Highland Heights,OH,"=""44143""",30,7000000,65,[],43317769,catchall,N/A,b64a08c3c848c4ee63e90ad19daa56f1,N/A,N/A,85%,Real Estate,https://facebook.com/smartlandinvest,https://linkedin.com/company/smartland-ohio,https://twitter.com/smartlandinvest,https://instagram.com/smartlandinvest,https://youtube.com/channel/ucpdarfdlepmw46gsqqakzsq
Steve Mitchell,Steve,Mitchell,Managing Partner & Chief Executive Officer,steve@visitpsionline.com,Visitpsionline,visitpsionline.com,+17172077123,"250 West Chocolate Avenue Hershey, PA, 17033",Portland,OR,"=""17033""",5,6411000000,6411,"[""Google Analytics"",""Google Font API"",""Google Tag Manager"",""MediaElement.js"",""Modernizr"",""Nginx"",""OWL Carousel"",""Revslider"",""TweenMax"",""Twitter Emoji (Twemoji)"",""WooCommerce"",""WordPress"",""jQuery"",""jQuery Migrate"",""jQuery UI""]",36231243,catchall,3/7/2024,951e646f31f874a4446afc3bef3f8e28,N/A,N/A,85%,Insurance Agents: Brokers: and Service,https://facebook.com/psicapitalmanagement,https://linkedin.com/company/psicapitalmanagement,https://twitter.com/psicapmgmt,N/A,https://youtube.com/channel/ucyyikngrmcxearfymvumg6w
Steven Thornton,Steven,Thornton,COO,sthornton@reisinsurance.com,Reis Group In,reisinsurance.com,+14056072100,"PO Box 238 Greenville, NY 12083",New Windsor,NY,"=""12083""",30,5700128,64,"[""Google Analytics"",""Nginx"",""SiteCatalyst"",""jQuery""]",45968171,catchall,4/8/2022,acb197a00ce176dd9c52c6bb6f2a7a40,N/A,N/A,85%,Insurance Agents: Brokers: and Service,https://facebook.com/reisgroupinsurance,https://linkedin.com/company/the-reis-group,https://twitter.com/the_reis_group,https://instagram.com/the_reis_group,N/A
Scott Thorp,Scott,Thorp,Partner/coo,sthorp@mvp4me.com,Mvp Financial Services,mvp4me.com,+18003902596,"8030 Excelsior Drive Suite 301 Madison, WI 53717",Madison,WI,"=""53717""",5,3000000,6411,"[""Apache"",""Font Awesome"",""Google Analytics"",""Google Font API"",""OWL Carousel"",""PHP"",""Revslider"",""Twitter Emoji (Twemoji)"",""WordPress"",""jQuery"",""jQuery Migrate""]",41816503,catchall,8/16/2021,fb84c83d0cbe76e81718726dfbbcc87e,N/A,N/A,85%,Insurance Agents: Brokers: and Service,https://facebook.com/mvp4me,https://linkedin.com/company/mvp-financial-services-inc-,https://twitter.com/mvpinfo,N/A,N/A
Stuart Mcmillan,Stuart,Mcmillan,CEO,stuart.mcmillan@altisource.com,Altisource,altisource.com,N/A,N/A,unknown city,unknown state,N/A,3000,1100000000,65,"[""Bootstrap"",""CloudFlare"",""Google Analytics"",""Google Tag Manager"",""Marketo"",""Microsoft ASP.NET"",""jQuery"",""reCAPTCHA""]",41183876,catchall,N/A,ac98c7e6a7b167c4d64f27cec4166d4e,N/A,N/A,85%,Real Estate,N/A,N/A,N/A,N/A,N/A
Stuart Oswald,Stuart,Oswald,Operations Director,stuart.oswald@petrofac.com,Petrofac,petrofac.com,+12031700235,Al-Khan Road PO Box 23467,unknown city,unknown state,"=""23467""",5000,7900000000,13,"[""Azure"",""Google Tag Manager"",""Modernizr"",""webpack""]",42310751,catchall,10/19/2021,3024749641701e1cdc91ca7377131752,N/A,N/A,85%,Oil and Gas Extraction,N/A,https://linkedin.com/company/322219,https://twitter.com/petrofacgroup,N/A,https://youtube.com/user/petrofacgroup
Sue Lockard,Sue,Lockard,Director of Operations/dealer Sales,sue@attainmentcompany.com,Attainment Company Is An,attainmentcompany.com,+18009423865,"PO Box 930160 Verona, WI 53593-0160",Verona,WI,"=""53593-0160""",30,3999000000,3999,"[""Apache"",""Backbone.js"",""Google Font API"",""Google Tag Manager"",""Gravity Forms"",""Magento"",""Modernizr"",""Prototype"",""Ubuntu"",""Underscore.js"",""WordPress"",""jQuery"",""reCAPTCHA"",""script.aculo.us""]",36249349,catchall,7/28/2023,d97e313ac4d5348636b452f75b6c9499,N/A,N/A,85%,Manufacturing Industries: Not Elsewhere Classified,https://facebook.com/attainmentcompany,N/A,https://twitter.com/attainmentco,N/A,https://youtube.com/user/attainmentcompany
Susan Porter,Susan,Porter,Chief Operating Officer,susan@insuranceservicesofamerica.com,Insurance Services Of America,insuranceservicesofamerica.com,N/A,N/A,Baton Rouge,LA,N/A,3000,6411000000,6411,[],41169125,catchall,N/A,2e8bd3dd12c8a125a377ec97dc81abb0,N/A,N/A,85%,Insurance Agents: Brokers: and Service,N/A,N/A,N/A,N/A,N/A
Suzanne Corr,Suzanne,Corr,President/ceo,suzanne@barringtonchamber.com,Barrington Area Chamber,barringtonchamber.com,+18474777825,"190 E. James Street Barrington, IL 60010",Barrington,IL,"=""60010""",5,1000000,6411,"[""Flywheel"",""Font Awesome"",""Google Analytics"",""Lightbox"",""Twitter Emoji (Twemoji)"",""WordPress"",""Yoast SEO"",""jQuery"",""jQuery Migrate""]",41359944,catchall,8/19/2023,65a7c9f3d48bd4d86579c70c894c9691,N/A,N/A,85%,Insurance Agents: Brokers: and Service,https://facebook.com/pages/barrington-area-chamber-of-commerce-bacc/369925886352262,https://linkedin.com/company/552576,https://twitter.com/bacc_tweet,N/A,https://youtube.com/channel/ucjfq1ljqivbk2ic4rjxaq6g
Sara Vita,Sara,Vita,Director of Operations and Business Development,svita@azziadvisors.com,Azzi Advisors,azziadvisors.com,+13109095424,"127 North Reno Street, Los Angeles , California1326 Maryland Street , Los Angeles , California3193 Budau Avenue , Los Angeles , California1453 Rexford Drive , Los Angeles , California5037 Navarro Stre",Los Angeles,CA,N/A,30,5700128,65,"[""AddToAny"",""Bootstrap"",""CloudFlare"",""Google Analytics"",""Google Font API"",""Google Maps"",""Nginx"",""PHP"",""Slick"",""Twitter Emoji (Twemoji)"",""WordPress"",""Yoast SEO"",""animate.css"",""jQuery"",""jQuery Migrate"",""jQuery UI""]",39476562,catchall,4/9/2021,956446452b4736ce71a07c8d374734de,N/A,N/A,85%,Real Estate,N/A,N/A,https://twitter.com/azziadvisors,https://instagram.com/azziadvisors,N/A
Stephanie Vogel,Stephanie,Vogel,Chief Operating Officer,svogel@largocapital.com,Largo Capital,largocapital.com,+19413014014,"2420 North Forest Road Getzville, NY 14068",Getzville,NY,"=""14068""",30,7000000,65,"[""Bootstrap"",""CloudFlare"",""Font Awesome"",""Google Font API"",""Google Maps"",""Gravity Forms"",""Microsoft ASP.NET"",""Moment.js"",""OWL Carousel"",""Revslider"",""Slick"",""TweenMax"",""Underscore.js"",""WordPress"",""animate.css"",""jQuery"",""jQuery Migrate"",""prettyPhoto"",""reCAPTCHA""]",42446835,catchall,10/2/2023,92d7a2ddff6f9e67b40329522c38a97d,N/A,N/A,85%,Real Estate,https://facebook.com/largocapitalinc,https://linkedin.com/company/largo-real-estate-advisors,https://twitter.com/largocapital,N/A,N/A
Shannon Wegman,Shannon,Wegman,Director of Operations,swegman@homesnap.com,Homesnap,homesnap.com,N/A,N/A,Washington,DC,N/A,75,6000000,65,[],42842773,catchall,N/A,31760b169db1a787060e607754c7b711,N/A,N/A,85%,Real Estate,N/A,N/A,N/A,N/A,N/A
Seth Feingold,Seth,Feingold,Managing Director Operations,szf@mosbacherproperties.com,Mosbacher Properties Group,mosbacherproperties.com,+12126887710,"18 East 48th Street New York, New York,",New York,NY,N/A,5,0,65,"[""Apache""]",40956470,catchall,N/A,ec7450d8920cece559c75f687f7d4176,N/A,N/A,85%,Real Estate,N/A,N/A,N/A,N/A,N/A
Todd Amara,Todd,Amara,"Cfo, Partner",tamara@crockerpartners.com,Crocker,crockerpartners.com,+15614471810,"5355 Town Center Rd Suite 350 Boca Raton, FL 33486",Fort Lauderdale,FL,"=""33486""",300,0,65,"[""Bootstrap"",""Flickity"",""Modernizr"",""Nginx"",""Polyfill"",""Twitter Emoji (Twemoji)"",""WordPress"",""jQuery""]",39534099,catchall,11/10/2021,99606aa613af198de6b4469a016082d2,N/A,N/A,85%,Real Estate,N/A,https://linkedin.com/company/crocker-partners-llc,N/A,N/A,N/A
Tammy Buffington,Tammy,Buffington,"President, CFO",tammy@aplusbrokerage.net,Aplusbrokerage,aplusbrokerage.net,+14024207883,"3112 South13th Street Lincoln, NE 68502",Lincoln,NE,"=""68502""",5,1638653,6411,"[""Google Font API"",""Polyfill"",""RequireJS"",""Sentry"",""Wix""]",38623821,catchall,8/19/2023,11f397bd47e9f9005414112be2745450,N/A,N/A,85%,Insurance Agents: Brokers: and Service,https://facebook.com/aplusbrokerage,https://linkedin.com/company/a--brokerage,https://twitter.com/aplusbrokerage,N/A,N/A
Tammy Duryea,Tammy,Duryea,CFO,tammy.duryea@mmc.com,Marsh And Mclennan,mmc.com,+12123450864,"1166 Avenue of the Americas New York, NY 10036",New York,NY,"=""10036""",300,128780,6411,"[""Adobe Experience Manager"",""Apache"",""Google Font API"",""Google Tag Manager"",""List.js"",""Lodash"",""jQuery"",""jQuery UI""]",46086289,catchall,12/2/2021,11209b8ba8d1215327b346ff66913580,N/A,N/A,85%,Insurance Agents: Brokers: and Service,N/A,https://linkedin.com/company/marsh-&-mclennan-companies-inc-,https://twitter.com/mmc_global,https://instagram.com/mmc_global,N/A
Tara Landusco,Tara,Landusco,"Chief Executive Officer, Founder ...",tara@jcrealtygroup.net,Jc Realty Group,jcrealtygroup.net,+19542080484,"5401 S. Kirkman Road, Orlando, FL 32819",Coral Springs,FL,"=""32819""",30,5700128,65,"[""Apache"",""Bootstrap"",""Font Awesome"",""Google Analytics"",""Google Font API"",""Google Maps"",""Revslider"",""Twitter Emoji (Twemoji)"",""WordPress"",""jQuery"",""jQuery Migrate""]",36499864,catchall,8/5/2024,323bf2874b488dc701a48552b20a6c01,N/A,N/A,85%,Real Estate,https://facebook.com/jcrealtygroup,https://linkedin.com/in/javiercubas,https://twitter.com/jcrealtygroupco,N/A,N/A
Tammy Bruner,Tammy,Bruner,Director of Operations,tbruner@nuviewira.com,Nuview Trust,nuviewira.com,+14073673472,N/A,Longwood,FL,N/A,30,14000000,6411,"[""CloudFlare"",""Facebook"",""Google Analytics"",""Google Tag Manager"",""HubSpot"",""IIS"",""Matomo"",""PHP"",""Typekit"",""WordPress"",""Yoast SEO"",""ZURB Foundation"",""jQuery"",""reCAPTCHA""]",46655219,catchall,8/7/2023,3d7be82407b229ad36e11fb039012506,N/A,N/A,85%,Insurance Agents: Brokers: and Service,https://facebook.com/nuviewirainc,N/A,https://twitter.com/nuviewira,N/A,https://youtube.com/user/nuviewira
Tod Buckvar,Tod,Buckvar,"Chief Operating Officer At Realty Tax Challenge |propertytaxrefund.com | Nassau, Suffolk, Orange, Pu",tbuckvar@propertytaxrefund.com,Property Tax,propertytaxrefund.com,+15163919700,"Realty Tax Challenge - 10 Hub Drive, Ste 5 Melville, New York 11747",Melville,NY,"=""11747""",5,1638653,65,"[""Google Analytics"",""Google Font API"",""Google Tag Manager"",""MailChimp"",""Nginx"",""Revslider"",""WordPress"",""Yoast SEO"",""jQuery"",""jQuery Migrate""]",45401015,catchall,N/A,ac66ceaa8d35d056ed3de2a660fbe587,N/A,N/A,85%,Real Estate,https://facebook.com/proptaxrefund,https://linkedin.com/company/realty-tax-challenge,https://twitter.com/realtytax,N/A,N/A
Teresa Burgos Laso,Teresa,Laso,Chief Financial Officer,tburgos-laso@movoto.com,Movoto,movoto.com,N/A,N/A,San Francisco,CA,N/A,300,25000000,65,"[""CloudFlare"",""Express"",""Facebook"",""Google Analytics"",""Google Tag Manager"",""Hotjar"",""Nginx"",""Segment"",""Select2"",""Underscore.js"",""Visual Website Optimizer"",""YouTube"",""jQuery""]",36747466,catchall,10/6/2023,589c3db66b07cbed77257bcb430c05ca,N/A,N/A,85%,Real Estate,N/A,N/A,N/A,N/A,N/A
Chua Chye,Chua,Chye,Deputy Group Chief Executive Officer,tcchua@mapletree.com.sg,Mapletree Investments Pte,mapletree.com.sg,+16469086300,N/A,unknown city,unknown state,N/A,750,1500000000,65,"[""Google Analytics"",""Lightbox"",""Microsoft ASP.NET"",""Modernizr"",""jQuery"",""jQuery Migrate""]",43119989,catchall,N/A,0bfaa9c02570045f99d720837c727b2b,N/A,N/A,85%,Real Estate,N/A,N/A,N/A,N/A,N/A
Thomas Chandler,Thomas,Chandler,President/coo,tchandler@orionpartnersinc.com,Orion Partners At Intero Real Estate,orionpartnersinc.com,+12105259079,"Suite 100 San Antonio, TX 78258",Los Altos,CA,"=""78258""",5,4000000,65,"[""Google Font API"",""Liquid Web"",""Nginx"",""Revslider"",""Twitter Emoji (Twemoji)"",""WordPress"",""jQuery"",""jQuery Migrate"",""jQuery UI""]",37237542,catchall,2/25/2021,4d4b7f31800b494e28ce7d87328cdced,N/A,N/A,85%,Real Estate,N/A,N/A,N/A,N/A,N/A
Tina Coleman,Tina,Coleman,Sr. VP and Director of Idaho Operations,tcoleman@moreton.com,Moreton,moreton.com,+12083212005,N/A,Boise,ID,N/A,30,117000000,6411,"[""Google Font API"",""Google Tag Manager"",""Gravity Forms"",""Nginx"",""OWL Carousel"",""PHP"",""WordPress"",""animate.css"",""jQuery"",""jQuery Migrate"",""jQuery UI"",""scrollreveal""]",38700168,catchall,4/9/2021,20a4e7492181b59adad27f6ad1b55f05,N/A,N/A,85%,Insurance Agents: Brokers: and Service,https://facebook.com/moretonbroker,https://linkedin.com/company/moreton-&-company/,https://twitter.com/moreton_slc,N/A,N/A
Tom Collins,Tom,Collins,Chief Executive Officer,t.collins@tomcollinsinsurance.com,Insurance Agency,tomcollinsinsurance.com,+17727789255,"Suite 130 Vero Beach, FLSuite 130 Vero Beach, FL 32960",Vero Beach,FL,"=""32960""",5,1000000,6411,"[""Apache"",""FlexSlider"",""Google Analytics"",""Google Font API"",""Google Tag Manager"",""jQuery""]",42467277,catchall,6/28/2023,8f6fc20fbc47fda9b147fc8a9beed5a9,N/A,N/A,85%,Insurance Agents: Brokers: and Service,https://facebook.com/tomcollinsinsuranceagency,N/A,N/A,N/A,N/A
Tom Creswell,Tom,Creswell,Coo-corporate Services,tcreswell@ipaliving.com,Liv Communities,ipaliving.com,+16168466900,"Suite 260 Grand Haven, MI 49417Suite 260 Grand Haven, Michigan 49417",Grand Haven,MI,"=""49417""",125,65000000,65,"[""Apache"",""Font Awesome"",""Google Analytics"",""Google Font API"",""Java"",""New Relic"",""OWL Carousel"",""Twitter Emoji (Twemoji)"",""WordPress"",""animate.css"",""jQuery"",""jQuery Migrate""]",39023609,catchall,12/15/2021,1f74ecc83cc337a866a34e3ff0c22afa,N/A,N/A,85%,Real Estate,https://facebook.com/livcommunitiesllc,https://linkedin.com/company/1804132,N/A,https://instagram.com/liv_communities,N/A
Tony Dunstan,Tony,Dunstan,CEO Australia &amp; New Zealand,tdunstan@aflac.com,Aflac,aflac.com,+18668492970,"1932 Wynnton Road Columbus, GA",Midland,TX,N/A,30,1000000,6411,"[""Backbone.js"",""Facebook"",""Google Analytics"",""Google Tag Manager"",""Hotjar"",""IIS"",""Incapsula"",""Java"",""MediaElement.js"",""Microsoft ASP.NET"",""Modernizr"",""New Relic"",""RequireJS"",""Tealium"",""TweenMax"",""VideoJS"",""Visual Website Optimizer"",""jQuery"",""jQuery UI""]",36720048,catchall,6/14/2023,4340bb7699d5988fd31469929f26f1fd,N/A,N/A,85%,Insurance Agents: Brokers: and Service,https://facebook.com/aflacduck,https://linkedin.com/company/aflac,https://twitter.com/aflac,https://instagram.com/aflacduck,https://youtube.com/user/aflac
Teresa Carrier,Teresa,Carrier,Executive Vice President & COO,teresa@newhousingohio.org,New Housing Ohio,newhousingohio.org,+15135544567,"4055 Executive Park Drive Suite 240, Cincinnati, OH, 45241,",Cincinnati,OH,N/A,30,5700128,65,"[""Squarespace"",""Typekit"",""YUI"",""webpack""]",37516455,catchall,4/9/2021,7e9735471f6deed61ebdb77efd8606c1,N/A,N/A,85%,Real Estate,N/A,N/A,N/A,N/A,N/A
Teri Thompson,Teri,Thompson,Director of Operations,teri@truenorthtitle.com,True North Title,truenorthtitle.com,+15409510324,"6477 College Park Square, Suite 204, Virginia Beach, VA 23464",Virginia Beach,VA,"=""23464""",5,1638653,65,"[""Font Awesome"",""Google Font API"",""Nginx"",""Twitter Emoji (Twemoji)"",""WordPress"",""jQuery"",""jQuery Migrate"",""jQuery UI""]",38560999,catchall,N/A,0076c8ddec7487a7a72a064b13845429,N/A,N/A,85%,Real Estate,https://facebook.com/truenorthtitle,N/A,https://twitter.com/truenorthva,N/A,N/A
Terri Allen,Terri,Allen,Chief Operating Officer,terria@pac-industrial.com,Pacific Industrial,pac-industrial.com,N/A,N/A,unknown city,unknown state,N/A,N/A,0,65,[],38050350,catchall,N/A,fcf08f11551c6e77e3ad4f4c8ee32275,N/A,N/A,85%,Real Estate,N/A,N/A,N/A,N/A,N/A
Tina Fisher,Tina,Fisher,Finance Director,tfisher@irb-re.com,Irb Real,irb-re.com,+16174973300,N/A,Cambridge,MA,N/A,5,1638653,65,"[""Google Font API"",""Squarespace"",""Typekit"",""YUI"",""webpack""]",46317335,catchall,1/10/2022,db3acdaad210fc772d52c902706a0baf,N/A,N/A,85%,Real Estate,N/A,N/A,N/A,N/A,N/A
Tracie Fleming,Tracie,Fleming,Chief Operating Officer,tfleming@protitletx.com,Protitletx,protitletx.com,+19725974820,"5001 US Hwy 287 S, Suite 105 Arlington, TX 76017",Arlington,TX,"=""76017""",125,35000000,65,"[""Amazon EC2"",""Apache"",""Google Analytics"",""Google Font API"",""OpenSSL"",""PHP"",""Twitter Emoji (Twemoji)"",""WordPress"",""jQuery"",""jQuery Migrate""]",38834273,catchall,10/2/2023,84258ba210ee21803857d4cab0750556,N/A,N/A,85%,Real Estate,https://facebook.com/providencetitlecorporate,https://linkedin.com/company/545569,https://twitter.com/providencetitle,N/A,N/A
Thomas Galligan,Thomas,Galligan,Chief Operating Officer,tgalligan@forthillcos.com,Fort Hill,forthillcos.com,+16172636430,"Pret a Manger, 101 Arch Street, Boston, MA",Boston,MA,N/A,5,7000000,65,[],38009746,catchall,N/A,c62cd7d7575249cd21c3fe86fb520159,N/A,N/A,85%,Real Estate,https://facebook.com/fothillco,N/A,https://twitter.com/wflyons,N/A,N/A
Tim Gassmann,Tim,Gassmann,CEO,tgassmann@acceladvantage.com,Accel Group,acceladvantage.com,+18003752075,3100 Oakland Road NE,Waverly,IA,N/A,5,3000000,6411,"[""CloudFlare"",""Flywheel"",""Font Awesome"",""Google Analytics"",""Google Font API"",""Google Tag Manager"",""Gravity Forms"",""Modernizr"",""WordPress"",""Yoast SEO"",""jQuery"",""jQuery Migrate""]",42148668,catchall,N/A,6abb18f1ba517fb7437e6dfb65bdd060,N/A,N/A,85%,Insurance Agents: Brokers: and Service,https://facebook.com/theaccelgroup,https://linkedin.com/company/the-accel-group,N/A,N/A,N/A
Tom Gihl,Tom,Gihl,EVP &amp; COO,tgihl@palmerbank.com,Illinois National Bank,palmerbank.com,N/A,N/A,Chatham,IL,N/A,5,2170210,65,"[""OpenResty""]",37439382,catchall,8/16/2021,eae21e05ac271c60f716a25293879e93,N/A,N/A,85%,Real Estate,N/A,N/A,N/A,N/A,N/A
Terry Griffin,Terry,Griffin,COO – Farmington Hills,tgriffin@gswins.com,Vtc,gswins.com,+16162582955,"Suite 150 Farmington Hills, MI 48335",Farmington Hills,MI,"=""48335""",125,8213760,6411,"[""Apache"",""Backbone.js"",""Bootstrap"",""Font Awesome"",""Google Analytics"",""Google Font API"",""Google Tag Manager"",""Lightbox"",""MooTools"",""PHP"",""Ubuntu"",""Underscore.js"",""WordPress"",""WP-Statistics"",""jQuery"",""jQuery Migrate"",""prettyPhoto"",""reCAPTCHA""]",41580914,catchall,4/9/2021,a79c6855e9c7992d608ac7e8f000efa0,N/A,N/A,85%,Insurance Agents: Brokers: and Service,https://facebook.com/vtcins,https://linkedin.com/company/1400682,N/A,N/A,N/A
Terry Griffin,Terry,Griffin,COO – Farmington Hills,tgriffin@vtcins.com,Vtc Insurance Group,vtcins.com,+16162582955,"1175 West Long Lake Road, Suite 200 Troy, MI 480981175 West Long Lake Road Suite 200 Troy, MI 48098",Troy,MI,"=""48098""",125,6411000000,6411,"[""Apache"",""Backbone.js"",""Bootstrap"",""Font Awesome"",""Google Analytics"",""Google Font API"",""Google Tag Manager"",""MooTools"",""PHP"",""Ubuntu"",""Underscore.js"",""WordPress"",""Yoast SEO"",""WP-Statistics"",""jQuery"",""jQuery Migrate"",""reCAPTCHA""]",38677678,catchall,1/29/2024,47c57aee1e4a6868bbe9d5b15333f319,N/A,N/A,85%,Insurance Agents: Brokers: and Service,https://facebook.com/vtcins,https://linkedin.com/company/1400682,N/A,N/A,N/A
Thad Hamilton,Thad,Hamilton,President & CEO,thamilton@tri-ad.com,Tri-ad,tri-ad.com,+17607437555,"221 West Crest Street, Suite 300 Escondido, CA 92025",Escondido,CA,"=""92025""",300,41000000,6411,"[""Google Analytics"",""Google Font API"",""Nginx"",""Twitter Emoji (Twemoji)"",""WP Engine"",""WooCommerce"",""WordPress"",""Yoast SEO"",""jQuery"",""jQuery Migrate"",""jQuery UI"",""reCAPTCHA""]",36696277,catchall,12/11/2023,f973c626327e73cae737e96f0dbf08bb,N/A,N/A,85%,Insurance Agents: Brokers: and Service,N/A,N/A,N/A,N/A,N/A
Tim Harkins,Tim,Harkins,President/chief Operating Officer,tharkins@millergrpva.com,Miller Group,millergrpva.com,+17576402278,"2649 Production Rd Virginia Beach, Virginia 23454",Virginia Beach,VA,"=""23454""",30,25000000,65,"[""Font Awesome"",""Google Analytics"",""Google Font API"",""IIS"",""Modernizr"",""PHP"",""Twitter Emoji (Twemoji)"",""Typekit"",""WordPress"",""Yoast SEO"",""jQuery"",""jQuery Migrate""]",39339874,catchall,10/2/2023,2677c45ac380dbca497ad7b5b59abc22,N/A,N/A,85%,Real Estate,https://facebook.com/millergrpva,https://linkedin.com/company/the-miller-group-va,https://twitter.com/themillergroup1,https://instagram.com/themillergroup,N/A
Tammy Hauck,Tammy,Hauck,"Vice President, COO",thauck@dakotareit.com,Dakota Reit Management,dakotareit.com,+17012396879,N/A,Fargo,ND,N/A,5,546720,65,"[""Apache"",""Bootstrap"",""Google Analytics"",""Google Tag Manager"",""jQuery""]",42791082,catchall,N/A,8ce692fbbbf6798e3c928a2cf6c11695,N/A,N/A,85%,Real Estate,N/A,N/A,N/A,N/A,N/A
Theo Franklin,Theo,Franklin,CEO,theo@stpeteinsurance.com,Insurance,stpeteinsurance.com,+17278677029,"State Farm Insurance Agent Luis Macias in St. Petersburg FLcustomers in the St. Petersburg, FL1909 34th St North St. Petersburg, FL 33713-3605St. Petersburg, FL 33713-3605",St. Petersburg,FL,"=""33713-3605""",N/A,0,64,"[""Sentry"",""Vue.js"",""webpack""]",42509897,catchall,N/A,f14432b2073e9c44987e662f6e1faa89,N/A,N/A,85%,Insurance Agents: Brokers: and Service,https://facebook.com/luis.macias.5011,N/A,N/A,N/A,N/A
Theresa Barrick,Theresa,Barrick,"Director, Finance",theresa.barrick@frankcowan.com,Frank Cowan,frankcowan.com,+18669415094,N/A,Madison,WI,N/A,N/A,0,64,"[""Apache"",""CodeIgniter"",""ExpressionEngine"",""Google Analytics"",""Modernizr"",""PHP"",""jQuery"",""jQuery UI""]",38694069,catchall,1/10/2022,498d1fb323a7636fef904aeddc0dcb1a,N/A,N/A,85%,Insurance Agents: Brokers: and Service,https://facebook.com/frankcowancompany,https://ca.linkedin.com/company/frank-cowan-company,https://twitter.com/frankcowanco,N/A,N/A
"Thomas Assad, Jr. Pmp",Thomas,Pmp,"Director, Field Operations",thomas.assad@aipso.com,Aipso,aipso.com,N/A,N/A,Johnston,RI,N/A,350,6411000000,6411,[],41265237,catchall,N/A,3a7778f0e26da3a499178ecb0d270aab,N/A,N/A,85%,Insurance Agents: Brokers: and Service,N/A,N/A,N/A,N/A,N/A
Thomas Larsen,Thomas,Larsen,Chief Operating Officer & Vice President of Business Development,thomas.larsen@cubility.com,Cubility,cubility.com,+18004553991,"12848 Queensbury Ln., Suite 204 Houston, TX 77024",unknown city,unknown state,"=""77024""",75,13000000,13,"[""Google Font API"",""WordPress"",""Yoast SEO"",""YouTube"",""jQuery"",""jQuery Migrate""]",38128621,catchall,10/2/2023,6d6daf7c4aece61b5b6625653411d66f,N/A,N/A,85%,Oil and Gas Extraction,https://facebook.com/cubility,https://linkedin.com/company/cubility,N/A,N/A,N/A
Thomas Heimann,Thomas,Heimann,Founder & CEO,thomas@realty-partners.com,Realty,realty-partners.com,+19412510970,N/A,Bradenton,FL,N/A,30,5700128,65,"[""Google Analytics"",""Google Tag Manager"",""LiveChat"",""MediaElement.js"",""Nginx"",""Twitter Emoji (Twemoji)"",""WordPress"",""YouTube"",""jQuery"",""jQuery Migrate""]",38473208,catchall,8/5/2024,457e49abf622c7e871ab6d1cd343ecaf,N/A,N/A,85%,Real Estate,N/A,N/A,N/A,N/A,N/A
Betina Hunt,Betina,Hunt,Executive Director of Operations ...,thu@citiscapesf.com,Citiscape Property Management Group,citiscapesf.com,+14158850799,"150 Lombard Street San Francisco, CA 94111",Charleston,SC,"=""94111""",75,25000000,65,"[""AddThis"",""Gentoo"",""Google Analytics"",""MooTools"",""OpenResty"",""PHP"",""Twitter Emoji (Twemoji)"",""WordPress"",""Yoast SEO"",""jQuery"",""jQuery Migrate""]",40026421,catchall,9/23/2021,28cf8b01fee67649d2489ccaecd6237d,N/A,N/A,85%,Real Estate,https://facebook.com/citiscapesf,N/A,https://twitter.com/@citiscapesf,N/A,https://youtube.com/user/theviewfromcitiscape
Tiffany Cobern,Tiffany,Cobern,"Director of Operations, Senior Living",tiffany@medcorepartners.com,Medcore,medcorepartners.com,+12147361913,"12377 Merit Drive, Suite 500 Dallas, TX 75251",Fort Worth,TX,"=""75251""",30,7000000,65,"[""Google Font API"",""Google Maps"",""Nginx"",""PHP"",""WordPress"",""jQuery""]",41044476,catchall,5/22/2023,8778753f799fe9c13a59aecbf475e8a9,N/A,N/A,85%,Real Estate,https://facebook.com/medcore-partners-325795737561060,https://linkedin.com/company/3493806,https://twitter.com/medcorepartners,https://instagram.com/medcorepartners,https://youtube.com/channel/ucd_yyhvl7htr_twti_h71_a
Tim Ash,Tim,Ash,CEO,tima@targetins.com,Target,targetins.com,+19133843781,N/A,unknown city,unknown state,N/A,30,6411000000,6411,"[""Azure"",""Bootstrap"",""Google Analytics"",""Google Font API"",""Google Tag Manager"",""Marketo"",""Nginx"",""WP Engine"",""WordPress"",""jQuery""]",38823243,catchall,N/A,9f5be41532bcabcdba4114c223f0c0be,N/A,N/A,85%,Insurance Agents: Brokers: and Service,https://facebook.com/ashbrokerage,https://linkedin.com/company/ash-brokerage,https://twitter.com/ashbrokerage,https://instagram.com/ashbrokerage,N/A
Tim Neuhauser,Tim,Neuhauser,Chief Financial Officer,tim@sbpinsurance.com,Insurance,sbpinsurance.com,+12604826900,N/A,unknown city,unknown state,N/A,125,6411000000,6411,"[""Apache"",""Google Analytics"",""Twitter Emoji (Twemoji)"",""WordPress"",""jQuery"",""jQuery Migrate""]",36257850,catchall,10/6/2021,f56f73a1fd250e42b5c7e2f5b5d48201,N/A,N/A,85%,Insurance Agents: Brokers: and Service,https://facebook.com/stewart-brimner-peters-co-274550152556998,https://linkedin.com/company/2713244,https://twitter.com/sbpinsurance,N/A,N/A
Tracy Kaufman,Tracy,Kaufman,Chief Operating Officer,tkaufman@nhtinc.org,On Fair Housing,nhtinc.org,+12023338931,"Suite 100 A Washington, DC 20007",Washington,DC,"=""20007""",5,530640,65,"[""Bootstrap"",""Drupal"",""Google Analytics"",""Nginx"",""Pantheon"",""Varnish"",""jQuery""]",42645519,catchall,10/2/2023,51cfd3f217bee0a5e5cd1155f704bb84,N/A,N/A,85%,Real Estate,N/A,https://linkedin.com/in/lori-glass-finance-2016,https://twitter.com/natlhsingtrust,N/A,https://youtube.com/user/housing1st
Tracee Kendall,Tracee,Kendall,"Partner, Chief Operating Officer",tkendall@akamcapital.com,Akam Capital,akamcapital.com,+18604028337,"48 Eustis St., Cambridge, MA 02140",unknown city,unknown state,"=""02140""",5,1638653,65,[],38375894,catchall,N/A,68f67ecd84ccbc09a8a948e9b6867166,N/A,N/A,85%,Real Estate,https://facebook.com/akam-capital-llc-1486576251374880/,N/A,https://twitter.com/akamcapital,N/A,N/A
Tim Noonan,Tim,Noonan,President &amp; CEO,tnoonan@lockton.com,Lockton,lockton.com,+18338542696,N/A,Chicago,IL,N/A,300,1299000000,6411,"[""CloudFlare""]",38788647,catchall,8/19/2023,d88f66c1aa22dba1479542021e956b15,N/A,N/A,85%,Insurance Agents: Brokers: and Service,https://facebook.com/locktoncompanies,https://linkedin.com/company/lockton-companies,https://twitter.com/lockton,https://instagram.com/locktoncompanies,https://youtube.com/user/locktoncompanies
Todd Muradian,Todd,Muradian,President / CEO,todd@asperorealty.com,Asperorealty,asperorealty.com,+19499223328,N/A,unknown city,CA,N/A,30,5700128,65,"[""All in One SEO Pack"",""Apache"",""Bootstrap"",""Font Awesome"",""Modernizr"",""Twitter Emoji (Twemoji)"",""WordPress"",""animate.css"",""jQuery"",""jQuery Migrate""]",41603637,catchall,8/5/2024,0d2eab001fa1e0efd9701415bd44731a,N/A,N/A,85%,Real Estate,https://facebook.com/asperorealty,https://linkedin.com/company/aspero-realty,https://twitter.com/asperorealty,https://instagram.com/asperorealty,N/A
"Todd A. Turner, Cfp´¢",Todd,Cfp´¢,Managing Director / COO,todd@hendersonfinancialgroup.com,Financial,hendersonfinancialgroup.com,+16153869141,N/A,Arlington,TX,N/A,5,6411000000,6411,"[""Font Awesome"",""Matomo"",""SWFObject"",""jQuery""]",40373611,catchall,N/A,b4f0fcd199f6995350d51d72f23e3497,N/A,N/A,85%,Insurance Agents: Brokers: and Service,https://facebook.com/pages/henderson-financial-group-inc/190990659043,N/A,https://twitter.com/hfgprez,N/A,N/A
Todd Reynolds,Todd,Reynolds,Director of Operations,todd.reynolds@propertyone.com,Property One,propertyone.com,+12252920001,"3500 N. Causeway Blvd Suite 600 Metairie, LA 70002",unknown city,unknown state,"=""70002""",75,9500213,65,"[""Bootstrap"",""Facebook"",""Google Analytics"",""Google Font API"",""Gravity Forms"",""Matomo"",""Modernizr"",""Nginx"",""Revslider"",""Slick"",""Twitter Emoji (Twemoji)"",""WP Engine"",""WordPress"",""jQuery"",""jQuery Migrate"",""jQuery UI""]",39972728,catchall,4/9/2021,1b18214b8a4aeafef8ab41470cebd403,N/A,N/A,85%,Real Estate,N/A,N/A,N/A,N/A,N/A
Tom Jurewicz,Tom,Jurewicz,Chief Financial Officer,tom@gershensonrealty.com,Gershenson Realty Investment,gershensonrealty.com,+12487852301,"Suite 100. Farmington Hills, MI 48334",Farmington Hills,MI,"=""48334""",N/A,0,65,"[""Bootstrap"",""Flywheel"",""Google Maps"",""WordPress"",""Yoast SEO"",""jQuery""]",36764694,catchall,10/6/2023,984cdd442215d74f34be8ff03efa3734,N/A,N/A,85%,Real Estate,N/A,N/A,N/A,N/A,N/A
Tom Schledwitz,Tom,Schledwitz,CEO &amp; Chairman of the Board,tom.schledwitz@ensignenergy.com,Ensign Energy Services,ensignenergy.com,+17805390703,"410 17th Street, Suite 1200 Denver, Colorado 80202",Houston,TX,"=""80202""",3000,654600000,13,[],37546366,catchall,12/11/2023,9a49b7f9bb7e97b39898b45e462750b9,N/A,N/A,85%,Oil and Gas Extraction,https://facebook.com/ensign-energy-45665635750,https://ca.linkedin.com/company/ensign-energy-services,https://twitter.com/ensignenergyinc,N/A,N/A
Thomas Pasquale,Thomas,Pasquale,President and CEO,tpasquale@oryxinsurance.com,Oryx,oryxinsurance.com,+16077240173,"2 Court St. Binghamton, NY 13901",Binghamton,NY,"=""13901""",125,6411000000,6411,"[""All in One SEO Pack"",""Apache"",""Google Analytics"",""Google Font API"",""Google Tag Manager"",""MediaElement.js"",""PHP"",""Twitter Emoji (Twemoji)"",""WordPress"",""jQuery"",""jQuery Migrate""]",38596174,catchall,N/A,4f9b96606a881f0f09527db2b3808587,N/A,N/A,85%,Insurance Agents: Brokers: and Service,https://facebook.com/pages/oryx-insurance-brokerage/124650177602905,N/A,https://twitter.com/oryxinsurance,N/A,N/A
Troy Petersen,Troy,Petersen,Pres/ceo,tpetersen@royalpetinc.com,Royal Pet,royalpetinc.com,N/A,N/A,South Saint Paul,MN,N/A,30,3000000,3999,[],38452488,catchall,5/14/2024,12571f0c023c255d4152c5f092cea664,N/A,N/A,85%,Manufacturing Industries: Not Elsewhere Classified,N/A,N/A,N/A,N/A,N/A
Tracey Barrett,Tracey,Barrett,COO,tracey@AtlasTubular.com,Atlas Tubular,AtlasTubular.com,+14325615715,"1710 S. Hwy 77 Robstown, TX 78380Atlas Tubular, LLC. P.O. Box 431 Robstown, TX 78380",Robstown,TX,"=""78380""",125,0,13,"[""Apache"",""Joomla"",""MooTools"",""PHP""]",36690828,catchall,N/A,7550e807f9fa4e458127a92c6e2f972c,N/A,N/A,85%,Oil and Gas Extraction,https://facebook.com/pages/atlas-tubular-lp/382516205139767,N/A,N/A,N/A,N/A
Tracie Downey,Tracie,Downey,Wife of CFO,tracie@downeyinsurance.com,Downey,downeyinsurance.com,+18003251088,N/A,Marlborough,MA,N/A,30,3000000,6411,"[""FancyBox"",""Font Awesome"",""Google Analytics"",""Gravatar"",""Nginx"",""SWFObject"",""Twitter Emoji (Twemoji)"",""WP Engine"",""WordPress"",""Yoast SEO"",""jQuery"",""jQuery Migrate""]",46718320,catchall,11/10/2021,d0509d3a1e8f47ad94be7e1ff6fac9d7,N/A,N/A,85%,Insurance Agents: Brokers: and Service,https://facebook.com/downeyrealtygroupllc,N/A,https://twitter.com/downeyinsurance,N/A,N/A
Trent Oglesby,Trent,Oglesby,Chief Executive Officer,trent.oglesby@percheronllc.com,Percheron,percheronllc.com,+18323006400,N/A,Houston,TX,N/A,750,300000000,13,"[""Apache"",""Bootstrap"",""Font Awesome"",""Google Font API"",""Joomla"",""K2"",""MooTools"",""jQuery"",""jQuery Migrate""]",39585137,catchall,12/11/2023,d31b33d61c68b7611dd6b8d848cd56be,N/A,N/A,85%,Oil and Gas Extraction,https://facebook.com/percheronllc,https://linkedin.com/company/866291,https://twitter.com/percheronllc,N/A,N/A
Troy Agler,Troy,Agler,President and COO,troy@castinghouse.com,Casting House,castinghouse.com,+13127827160,"5 South Wabash Suite 614 Chicago, IL 606035 South Wabash Avenue Chicago, IL 60603",Chicago,IL,"=""60603""",5,39000000,39,"[""Amazon EC2"",""Apache"",""CloudFlare"",""FlexSlider"",""Google Font API"",""Google Tag Manager"",""Magento"",""PHP"",""Prototype"",""jQuery"",""reCAPTCHA"",""script.aculo.us""]",38567965,catchall,1/24/2024,43a6132620e459af0f5800d4583dd9c6,N/A,N/A,85%,Miscellaneous Manufacturing Industries,https://facebook.com/pages/casting-house/874549012591153,https://linkedin.com/company/gm-casting-house-inc.,N/A,N/A,N/A
Timothy Salvemini,Timothy,Salvemini,Chief Financial Officer,tsalvemini@55water.com,New Water Street,55water.com,+16465683495,"South Street Seaport New York Stock Exchange55 Water Street New York,New York",New York,NY,N/A,30,0,64,[],37087061,catchall,6/14/2023,b1e10e14489ad7ba147bc2b4a60840b5,N/A,N/A,85%,Insurance Agents: Brokers: and Service,N/A,N/A,N/A,N/A,N/A
Tammy Simmons,Tammy,Simmons,COO Kohilo Wind,tsimmons@kohilowind.com,Kohilo Wind,kohilowind.com,+13152834402,"4619 Jordan Road Skaneateles Falls, NY 13153",Syracuse,NY,"=""13153""",5,1638653,13,"[""Bootstrap"",""Font Awesome"",""Google Analytics"",""Modernizr"",""Nginx"",""Twitter Emoji (Twemoji)"",""WordPress"",""jQuery"",""jQuery Migrate""]",44133816,catchall,N/A,0df7ce3998876f38326b13bddc171125,N/A,N/A,85%,Oil and Gas Extraction,https://facebook.com/pages/kohilo-wind/298421663628816,N/A,N/A,N/A,N/A
Traci Taylor,Traci,Taylor,Chief Operating Officer,ttaylor@shaferinsurance.com,Shafer Insurance Agency,shaferinsurance.com,+18655773882,"1100 Marion Street Suite 200 Knoxville, TN 37921",Knoxville,TN,"=""37921""",30,7000000,6411,"[""Apache"",""Font Awesome"",""Google Analytics"",""Google Font API"",""Google Tag Manager"",""Gravity Forms"",""NextGEN Gallery"",""OpenSSL"",""Revslider"",""TweenMax"",""Twitter Emoji (Twemoji)"",""WordPress"",""Yoast SEO"",""jQuery"",""jQuery Migrate"",""jQuery UI""]",40362052,catchall,4/9/2021,aac50f1a1a8f714de6c20638f70dca0e,N/A,N/A,85%,Insurance Agents: Brokers: and Service,https://facebook.com/shaferinsuranceagency,https://linkedin.com/company/shafer-insurance-agency,N/A,N/A,N/A
Tina Tripoli,Tina,Tripoli,Director of Operations – Commercial Lines,ttripoli@davidinsurance.com,David,davidinsurance.com,+19208549057,"3917 47th Avenue Kenosha, WI 53144.",Kenosha,WI,N/A,5,1000000,6411,"[""Google Analytics"",""Google Font API"",""Google Tag Manager"",""Nginx"",""Twitter Emoji (Twemoji)"",""WordPress"",""Yoast SEO"",""jQuery""]",36484852,catchall,8/16/2021,38f4ee71ba211d832ead33702cb957ed,N/A,N/A,85%,Insurance Agents: Brokers: and Service,https://facebook.com/davidinsurance,N/A,N/A,N/A,N/A
Thomas Wagoner,Thomas,Wagoner,Chief Financial Officer / Partner,twagoner@middlestreetpartners.com,Middle,middlestreetpartners.com,+18434945545,"146 Williman Street Suite 100 Charleston, SC 29403",Charleston,SC,"=""29403""",30,1400000,65,"[""Bootstrap"",""Google Font API"",""OWL Carousel"",""Revslider"",""Sucuri"",""Twitter Emoji (Twemoji)"",""WordPress"",""animate.css"",""jQuery"",""jQuery Migrate"",""jQuery UI""]",40028519,catchall,10/6/2023,f5562d071b037c3bf961363eb48d52eb,N/A,N/A,85%,Real Estate,N/A,N/A,N/A,N/A,N/A
Teresa Yount,Teresa,Yount,Chief Operating Officer,tyount@correllinsurance.com,Correll Insurance Group,correllinsurance.com,+18645150805,"1066 Asheville Hwy Spartanburg, SC 29303",Spartanburg,SC,"=""29303""",30,9000000,6411,"[""Apache"",""CloudFlare"",""Google Analytics"",""Google Font API"",""Google PageSpeed"",""Google Tag Manager"",""Moment.js"",""PHP"",""ZURB Foundation"",""jQuery""]",39525738,catchall,10/2/2023,5fdd44141cc668c4c0f1feff1103a0dc,N/A,N/A,85%,Insurance Agents: Brokers: and Service,https://facebook.com/correllinsurancegroup,https://linkedin.com/company/correll-insurance-group,N/A,N/A,N/A
Ury Gan,Ury,Gan,"Cfo, Hong Kong",ury.gan@qbe.com,Qbe Insurance Group,qbe.com,+18003625448,"offices on Fenchurch Street London. In 1924, QI opened offices in New York.",Bellevue,WA,N/A,55000,0,6411,"[""Google Maps"",""Google Tag Manager"",""Microsoft ASP.NET"",""Ruxit"",""Sitecore"",""YouTube"",""reCAPTCHA""]",46016598,catchall,12/2/2021,9f27b48db18e58fba917b29ee5503e40,N/A,N/A,85%,Insurance Agents: Brokers: and Service,https://facebook.com/qbeinsuranceaustralia,https://linkedin.com/company/qbe,https://twitter.com/qbe,N/A,https://youtube.com/channel/ucdxn3knttz5eq2ux76xk0mg
Lead,Lead,Lead,Dave Knight-president/ceo,us.lead@usrealestateleadmasters.com,U.s. Real Estate Lead Masters,usrealestateleadmasters.com,+18886424470,N/A,Burbank,CA,N/A,5,1638653,65,"[""Google Font API"",""jQuery""]",43956917,catchall,8/5/2024,262cf0a5eb112a0f54e06b388a335ab3,N/A,N/A,85%,Real Estate,https://facebook.com/pages/us-real-estate-lead-masters/1429675920620184,N/A,https://twitter.com/davek54077204,N/A,N/A
Val Caetano,Val,Caetano,CEO - Ucs Limo,val.caetano@express.com,Express,express.com,(800) 695-1788,N/A,Sitka,AK,N/A,5,576180,39,[],36637739,catchall,5/14/2024,afe02452b48d8bd352d0c8399f307864,N/A,N/A,85%,Miscellaneous Manufacturing Industries,N/A,N/A,N/A,N/A,N/A
Valerie Williams,Valerie,Williams,Cfo/partner,valerie@awhis.com,Access West Insurance Services Incproudly,awhis.com,+18004482542,N/A,Murrieta,CA,N/A,N/A,0,64,"[""CloudFlare"",""FancyBox"",""Google Analytics"",""Google Font API"",""Google Tag Manager"",""Microsoft ASP.NET"",""Modernizr"",""jQuery"",""jQuery Migrate"",""scrollreveal""]",42600465,catchall,11/10/2021,c57f8787fb33491ca12ccfab491dc8aa,N/A,N/A,85%,Insurance Agents: Brokers: and Service,https://facebook.com/accesswestins,https://linkedin.com/company/access-west-insurance-services-inc.,https://twitter.com/accesswest,N/A,https://youtube.com/user/accesswestinsurance
Veronica Edwards,Veronica,Edwards,Chief Operating Officer,veronica@hughmillerinsurance.com,Insurance Agency,hughmillerinsurance.com,+18156261300,"801 1st Avenue Rock Falls, IL, 61071801 1st Avenue, Rock Falls, IL, 61071,801 1st Avenue, Rock Falls, IL 61071",Rock Falls,IL,"=""61071""",5,2000000,6411,"[""Google Analytics"",""Google Font API"",""Squarespace"",""Typekit"",""YUI"",""webpack""]",37232557,catchall,10/2/2023,185979c10eb571eab02f3dfb1c4c6039,N/A,N/A,85%,Insurance Agents: Brokers: and Service,https://facebook.com/hughmillerinsurance,https://linkedin.com/in/hughmillerinsurance,https://twitter.com/hughmillerins,https://instagram.com/hughmillerinsurance,N/A
Virginia Fontana,Virginia,Fontana,Chief Operating Officer,vfontana@bpia.net,Bpia.netcall,bpia.net,+16503414465,"1519 South B Street San Mateo, CA 94402",San Mateo,CA,"=""94402""",5,1000000,6411,"[""CloudFlare"",""Flywheel"",""Google Analytics"",""Google Font API"",""Google Tag Manager"",""Modernizr"",""WordPress"",""jQuery"",""jQuery Migrate""]",41848288,catchall,3/1/2024,5ac28854bf369bdfaeb1aa3ba461e440,N/A,N/A,85%,Insurance Agents: Brokers: and Service,https://facebook.com/bpiasanmateo,https://linkedin.com/company/business-professional-insurance-associates-bpia,N/A,N/A,N/A
Victor Fuesrt,Victor,Fuesrt,Director of Finance,vfuesrt@metromanagementdev.com,Metro Management Development,metromanagementdev.com,+17187067755,"42-25 21st Street, Long Island City, NY 11101",Long Island City,NY,"=""11101""",30,3000000,65,[],39106982,catchall,1/10/2022,2fbf8e28db653ea0c8e22ad5298b2bb3,N/A,N/A,85%,Real Estate,N/A,N/A,N/A,N/A,N/A
Vicky Xu,Vicky,Xu,Founder and CEO of Areteos Family Office,vicky@riseart.com,Rise Art,riseart.com,N/A,N/A,London,HI,N/A,N/A,0,65,"[""Ant Design"",""Lodash"",""Sentry""]",37161674,catchall,8/5/2024,7a95007d78993084ad407709c9d0830b,N/A,N/A,85%,Real Estate,https://facebook.com/risearts,N/A,https://twitter.com/riseart,https://instagram.com/riseart,N/A
William Ashley,William,Ashley,CEO,washley@alliednational.com,Allied National,alliednational.com,+18446307500,"P.O. Box 29189 Shawnee Mission, KS",Arlington,TX,N/A,5,557520,6411,"[""Apache"",""CloudFlare"",""FancyBox"",""Google Analytics"",""Google Font API"",""MediaElement.js"",""Mustache"",""Twitter"",""VideoJS"",""Weebly"",""jQuery"",""jQuery UI""]",37066365,catchall,3/8/2024,781c7e01635363a0d3e3a6afd15818bd,N/A,N/A,85%,Insurance Agents: Brokers: and Service,N/A,https://linkedin.com/company/allied-national-inc-,https://twitter.com/alliednational,N/A,N/A
Wesley Allen,Wesley,Allen,CEO,wesley.allen@redwolfenergytrading.com,Red Wolf Energy Trading,redwolfenergytrading.com,N/A,N/A,Raleigh,NC,N/A,5,1638653,13,"[""Apache""]",43198283,catchall,N/A,75e67d726e19b98da0f6a589397c8175,N/A,N/A,85%,Oil and Gas Extraction,N/A,N/A,N/A,N/A,N/A
William Goodman,William,Goodman,CFO,wgoodman@insightpropertygroupllc.com,Insight Property Group,insightpropertygroupllc.com,+15714833700,at 1300 H Street NE,Everett,WA,N/A,5,1638653,65,"[""AddThis"",""Backbone.js"",""Bootstrap"",""Google Analytics"",""Google Font API"",""Google Tag Manager"",""Nginx"",""Underscore.js"",""WP Engine"",""WordPress"",""Yoast SEO"",""jQuery"",""jQuery Migrate"",""jQuery UI""]",38369162,catchall,10/7/2021,c242543afc256f6d0552bb3d9b29b680,N/A,N/A,85%,Real Estate,N/A,https://linkedin.com/company/insight-property-group-llc,N/A,N/A,N/A
Will Sadlowski,Will,Sadlowski,CFO,will.sadlowski@franklinst.com,Franklin Street,franklinst.com,+14072648160,N/A,Tampa,FL,N/A,125,25000000,65,"[""Google Analytics"",""IIS"",""Microsoft ASP.NET"",""Modernizr"",""Sitefinity"",""jQuery""]",37174442,catchall,12/2/2021,22cda39f634fde24e57ef7c32e5f2841,N/A,N/A,85%,Real Estate,https://facebook.com/franklinstllc,https://linkedin.com/company/franklin-street,https://twitter.com/franklinst_llc,N/A,https://youtube.com/channel/uclmecxtwwr658khwtid33jw
"Wm. Rupnow, Cpia, Cbc",Wm.,Cbc,Chief Operating Officer,wrupnow@waltonagency.com,Walton Agency,waltonagency.com,N/A,N/A,Jackson,MI,N/A,125,6411000000,6411,"[""Apache""]",42730641,catchall,N/A,a8eafc721a40cc568bf617aed0418bf9,N/A,N/A,85%,Insurance Agents: Brokers: and Service,N/A,N/A,N/A,N/A,N/A
Paul E Yoo,Paul,Yoo,CFO,yoo@paulyoo.com,Paul Yoo,paulyoo.com,+18003983454,N/A,Northridge,CA,N/A,N/A,0,65,"[""Apache"",""Google Font API"",""Modernizr"",""Twitter Emoji (Twemoji)"",""WordPress"",""jQuery"",""jQuery Migrate"",""jQuery UI"",""prettyPhoto""]",40717432,catchall,11/10/2021,4d2fd5c0405477ed389e215359722f8c,N/A,N/A,85%,Real Estate,N/A,N/A,N/A,N/A,N/A
Zach Moss,Zach,Moss,Director of Operations For Rental Locating,zach@charlesworthrealty.com,Charlesworth Realty Group,charlesworthrealty.com,+17704757777,N/A,Atlanta,GA,N/A,30,5700128,65,"[""Google Analytics"",""Google Font API"",""Nginx"",""Twitter Emoji (Twemoji)"",""WordPress"",""Yoast SEO"",""jQuery"",""jQuery Migrate""]",40784893,catchall,4/9/2021,abe51c0709d3c88f5d2f16c0be990e33,N/A,N/A,85%,Real Estate,https://facebook.com/pages/charlesworth-realty/75409671337,https://linkedin.com/company/charlesworth-realty-group,https://twitter.com/charlesworthr,N/A,N/A
Zach Fenton,Zach,Fenton,COO,zach@upcurveenergy.com,Upcurve Energy,upcurveenergy.com,+18329744560,"9811 Katy Fwy, Suite 975, Houston, TX 77024",Houston,TX,"=""77024""",5,13000000,13,"[""Chart.js"",""Font Awesome"",""Google Analytics"",""Google Font API"",""Google Maps"",""Google Tag Manager"",""Ionicons"",""MediaElement.js"",""Modernizr"",""Nginx"",""Revslider"",""Twitter Emoji (Twemoji)"",""WP Engine"",""WordPress"",""jQuery"",""jQuery Migrate"",""jQuery UI""]",44806207,catchall,3/2/2023,09b199115dac9fc3d0f24d4677129223,N/A,N/A,85%,Oil and Gas Extraction,N/A,N/A,N/A,N/A,N/A
Zane Mason,Zane,Mason,Chief Operating Officer,zmason@masonclaims.com,Mason Claims Services Inc121,masonclaims.com,+18009746654,"121 Pecan St. Boerne, TX 78006121 Pecan St., Boerne, TX 78006",Boerne,TX,"=""78006""",30,5000000,6411,"[""Apache"",""FancyBox"",""Google Analytics"",""Google Font API"",""Hammer.js"",""MediaElement.js"",""Mustache"",""VideoJS"",""Weebly"",""jQuery""]",37487333,catchall,10/2/2023,c461d9852c0d6091b3051376344ddafe,N/A,N/A,85%,Insurance Agents: Brokers: and Service,https://facebook.com/masonclaimservices,https://linkedin.com/company/mason-catastrophe-claims-services,https://twitter.com/masonclaims,N/A,N/A
Zuben Mathews,Zuben,Mathews,CEO and Co-founder,zuben@brigithouk.com,Brigit,brigithouk.com,+18505775601,"215 S Monroe St Ste 801 , Tallahassee, FL 32301-1858",Tallahassee,FL,"=""32301-1858""",N/A,0,64,[],39407581,catchall,N/A,3bc7c06b6af274d7a5bf11be69626044,N/A,N/A,85%,Insurance Agents: Brokers: and Service,https://facebook.com/statefarm,https://linkedin.com/company/state_farm,https://twitter.com/statefarm,https://instagram.com/statefarm,N/A
