Profile ID,Name,First Name,Last Name,Email Lookup Status,Lookup Time,Recommended Email,Recommended Work Email,Recommended Personal Email,A Emails,A- Emails,B Emails,Phone,Mobile Phone,Other Phones,Office Phone,LinkedIn,Facebook,Twitter,Github,CrunchBase,AngelList,Quora,Title,Employer,Employer Address,Employer Domain,Employer Website,Employer LinkedIn,Location,City,Postal Code,Region,Country,Job1 Employer,Job1 Title,Job1 Start,Job1 End,Job2 Employer,Job2 Title,Job2 Start,Job2 End,Job3 Employer,Job3 Title,Job3 Start,Job3 End,Job4 Employer,Job4 Title,Job4 Start,Job4 End,Job5 Employer,Job5 Title,Job5 Start,Job5 End,Education1 Institution,Education1 Degree,Education1 Start,Education1 End,Education2 Institution,Education2 Degree,Education2 Start,Education2 End,Skills & Endorsements,Organizations,Volunteer,Groups,Honors & Awards,Years of Experience,Birth Year,Seniority,Department,Tags,Notes,NPI Number,NPI Credentials,NPI License Numbers,NPI License Specializations
724072839,McGuire Brannon,McGuire,Brannon,Verified emails found,2025-10-15 11:18:24.052177,mcguirebrannon@gmail.com,,mcguirebrannon@gmail.com,,mcguirebrannon@gmail.com,,,,,,https://www.linkedin.com/in/mcguirebrannon,,,,,,,Founder,Company,"335 Madison Ave, New York, New York, US",company.co,https://company.co/,https://www.linkedin.com/company/companyventures,"New York, NY, US",New York,,NY ,US,Company,Founder,2023-09-01,Present,Webflow,VP of Education and Community,2022-03-01,2023-09-01,Webflow,VP of Education,2021-03-01,2022-03-01,Webflow,Director of Education,2020-03-01,2021-03-01,Webflow,Head of Education,2017-11-01,2020-03-01,,,,,,,,,,,,,,21,,owner,C_suite,po,,,,,
51235464,Bhushan Pyakurel,Bhushan,Pyakurel,Verified emails found,2025-10-15 11:18:24.226835,bhushan4104@gmail.com,,bhushan4104@gmail.com,"bhushan4104@gmail.com,bhushan4104@yahoo.com,durgazinfotech@gmail.com,dsguptas@gmail.com",me_bhushan@hotmail.com,,469-826-4104,469-826-4104,"469-358-3573
1.4698264104",,https://www.linkedin.com/in/bhushan-pyakurel-88b72493,https://facebook.com/bhushan.pyakurel,https://twitter.com/i/user/113858470,,,,,Founder,Private company,"London, England, GB",,,https://www.linkedin.com/company/private-company-uk,"Irving, TX, US",Irving,,TX ,US,Private company,Founder,2023-03-01,Present,StaffMonk.com,Chief Executive Officer,2022-12-01,2023-03-01,Prime Axis Technologies Inc,CEO,2014-01-01,2023-01-01,,,,,,,,,Amberton University,Master of Business Administration (MBA),,,North Lake College,,,,"Applicant Tracking Systems,Benefits Negotiation,Internet Recruiting,Screening,Technical Recruiting,Staffing Services,Staff Augmentation,IT Recruitment,Screening Resumes,College Recruiting,SDLC,Sourcing,Talent Acquisition,Contract Recruitment,Oracle,SQL,Software Development Life Cycle (SDLC),Recruiting,Information Technology,Technology,Microsoft Excel,Marketing,Training,Management",,,"SQL Server Developers, ASP.NET Developers, NDF: Investment & Business, SQL Jobs, Contract Careers USA, Mobile Apps Testing (Mobile QA Zone), TALENT RECRUITERS NETWORK",,11,1941,owner,C_suite,po,,,,,
134329253,Caren Lettiere,Caren,Lettiere,Verified emails found,2025-10-15 11:18:24.414344,caren_lettiere@kellwood.com,caren_lettiere@kellwood.com,,"caren_lettiere@kellwood.com,caren.lettiere@kellwood.com",,carenlettiere@kellwood.com,3103150514,3106857452,"3106857452
7318550013",,https://www.linkedin.com/in/carenlettiere,,,,,,,Founder and President Democracy and Wit and Wisdom Division,Kellwood Company,"13071 E Temple Ave, City of Industry, California 91746, US",kellwood.com,http://www.kellwood.com,https://www.linkedin.com/company/kellwood-company,"Santa Monica, CA, US",Santa Monica,,CA ,US,Kellwood Company,Founder and President Democracy and Wit and Wisdom Division,2010-01-01,Present,Kellwood Company,President Jolt and Rewind-Democracy Division of Kellwood,2004-04-01,2016-04-01,Kellwood Company,Division Head Jolt and Rewind Juniors Division,2004-04-01,2009-08-01,Kellwood Company,President XOXO Division,2003-04-01,2004-04-01,Rampage Clothing Company,President Trilogy Division,2001-04-01,2003-04-01,"University of California, Los Angeles",BA,,,,,,,,,,,,37,1961,owner,,po,,,,,
12856189,Ian Weber,Ian,Weber,Verified emails found,2025-10-15 11:18:24.604034,ian.weber@bain.com,ian.weber@bain.com,ianweber@gmail.com,"ian.weber@bain.com,ianweber@gmail.com,jcashdan@gmail.com",ian@pantas.com,,203-820-5570,203-820-5570,"970-690-4562
1.2038205570
970-691-8016
970-691-2410
212-931-6978
646-861-2695
203-327-6252
59827080808
212-206-3835",,https://www.linkedin.com/in/ian-weber-8206ab18,https://facebook.com/weber.ian,,,,,,Founder and General Manager of Pyxis by Bain and Company,Bain & Company,"131 Dartmouth Street, Boston, Massachusetts 02116, US",bain.com,http://www.bain.com,https://www.linkedin.com/company/bain-and-company,"New York, NY, US",New York,,NY ,US,Bain & Company,Founder and General Manager of Pyxis by Bain and Company,2017-01-01,Present,Pantas,Seed Investor,2021-03-01,Present,Pyxis,Co-Founder and CEO of Pyxis,2017-01-01,2019-12-01,"Fore Research & Management, LP",Analyst,2014-08-01,2016-12-01,AB Bernstein,Vice President | Senior Associate,2010-05-01,2014-08-01,University of Pennsylvania,Bachelor of Science (B.S.),,,University of Pennsylvania,Bachelor of Arts (B.A.),,,"Business Strategy,Financial Modeling,Strategy,Marketing Strategy,Competitive Analysis,Strategic Planning,Business Development,Market Research,Investment Management,Valuation",,,,,19,1948,owner,,po,,,,,
8638219,Dene Rogers,Dene,Rogers,Verified emails found,2025-10-15 11:18:24.775736,denelrogers@icloud.com,drogers@presidio.com,denelrogers@icloud.com,"denelrogers@icloud.com,denemac53@hotmail.com",drogers@presidio.com,denerogers@presidio.com,920-968-1477,647-203-0120,"647-203-0120
416-941-4220
416-941-2122
847-286-2500
416-362-1711
416-362-1711 x3800",,https://www.linkedin.com/in/denerogers,https://facebook.com/100008383840538,,,,,,Co-founder and Principal,Presidio & Company,"1 Pennsylvania Plaza Suite 2832, New York, New York 10119, US",presidio.com,http://www.presidio.com,https://www.linkedin.com/company/presidio-,"California, United States",,,CA ,US,Presidio & Company,Co-founder and Principal,2013-06-01,Present,Target Australia,Chief Executive Officer,2011-01-01,2013-01-01,ESL Investments,"President and Chief Executive Officer, Sears Canada Inc.",2003-01-01,2011-01-01,"Starwood Hotels & Resorts Worldwide, Inc.","Senior Vice President, Development, Planning and New Products",2001-01-01,2003-01-01,GE Capital,"Senior Vice President, Global Business Development",1998-01-01,2001-01-01,Yale University,,,,University of Oxford,,,,"Microsoft Word,Customer Service,PowerPoint,Outlook,Public Speaking,Multi-channel Retail,Retail Marketing,Retail Sales,Online Retail,Strategic Planning,Business Strategy,Global Sourcing,Marketing Strategy,People Development,Operations Management,Financial Risk,Inventory Management,Retail,Sales,Start-ups,Business Planning,Management,Strategy,Entrepreneurship,Leadership,Social Media,Multi Channel Retail,Training,Start Ups",,,,,29,1977,owner,C_suite,po,,,,,
70352311,Jason Barro,Jason,Barro,Verified emails found,2025-10-15 11:18:24.965506,jason.barro@bain.com,jason.barro@bain.com,,jason.barro@bain.com,,,6465628157,6173048304,"6172674139
6173048304",,https://www.linkedin.com/in/jason-barro-b25a8a,,,,,,,Founder and Lead Partner of NPS Prism,Bain & Company,"131 Dartmouth Street, Boston, Massachusetts 02116, US",bain.com,http://www.bain.com,https://www.linkedin.com/company/bain-and-company,"New York, NY, US",New York,,NY ,US,Bain & Company,Founder and Lead Partner of NPS Prism,2018-10-01,Present,Harvard Business School,Assistant Professor,1999-07-01,2004-07-01,,,,,,,,,,,,,Harvard University,Doctor Of Philosophy,,,,,,,,,,,,12,1971,owner,,po,,,,,
17546732,Keke Lyles,Keke,Lyles,Verified emails found,2025-10-15 11:18:25.133311,keke5233@gmail.com,keke.lyles@sportlight.ai,keke5233@gmail.com,"keke5233@gmail.com,keke5233@yahoo.com,keke5233@aol.com","keke.lyles@sportlight.ai,keke.lyles@bellsouth.net,chavdar_a@yahoo.com,keke5233@socal.rr.com,aka14423@aol.com",klyles@sportlight.ai,510-590-0602,510-590-0602,"510-986-5405
909-389-7280
617-302-4049
909-792-2690
470-891-8963
612-673-1626
909-215-8991
612-875-3070",,https://www.linkedin.com/in/keke-lyles-06807aa6,http://www.facebook.com/people/_/55803479,,,,,,Founder of sport and health tech and human performance consultant,Private company,"London, England, GB",,,https://www.linkedin.com/company/private-company-uk,"San Diego, CA, US",San Diego,,CA ,US,Private company,Founder of sport and health tech and human performance consultant,2019-12-01,Present,Sportlight Technology,Strategic Advisor,2025-05-01,Present,Alumni Ventures,Venture Scout,2023-10-01,Present,Springbok Analytics,Product Consultant,2022-03-01,Present,Callaway Golf,Consultant,2021-10-01,Present,Northeastern University,,,,,,,,"Strength & Conditioning,Strength Training,Sports Science,Sports Medicine,Orthopedic Rehabilitation,Sports Injuries,Sports Performance Enhancement,Injury Prevention,Corrective Exercise,Rehabilitation,Athletics,Personal Training,Fitness,Exercise Physiology,Sports Management,Sports Coaching,Sports,Sports Marketing,Public Speaking,Strength And Conditioning,Training,Coaching",,,,,13,1984,owner,,po,,,,,
242386593,Julian Conzade,Julian,Conzade,Verified emails found,2025-10-15 11:18:25.311597,julian_conzade@mckinsey.com,julian_conzade@mckinsey.com,,,julian_conzade@mckinsey.com,julian.conzade@mckinsey.com,,,,,https://www.linkedin.com/in/julian-conzade,,,,,,,Co-Founder,McKinsey & Company,"711 3rd Ave, New York City, New York 10017, US",mckinsey.com,http://www.mckinsey.com,https://www.linkedin.com/company/mckinsey,,,,,US,McKinsey & Company,Co-Founder,2021-04-30,Present,Techstyle Solutions,Co-Founder,2018-08-01,Present,McKinsey & Company,Engagement Manager,2015-10-01,Present,Eth Zurich,Graduate Teaching Assistant,2013-09-01,2014-05-01,McKinsey & Company,Intern,2013-06-01,2013-07-01,Insead,Master of Business Administration,,,"University of California, Berkeley",Masters,,,,,,,,13,1987,owner,C_suite,po,,,,,
5634223,Devin Duszynski,Devin,Duszynski,Verified emails found,2025-10-15 11:18:25.550356,dwduszynski@gmail.com,,dwduszynski@gmail.com,dwduszynski@gmail.com,,,5053852217,5053852217,"3256172432
3256172808
9706868919
5052981491
8175418143",,https://www.linkedin.com/in/devin-duszynski-cpa-a2197b9,https://facebook.com/devin.duszynski,,,,,,Co-Founder and Chief Financial Officer,Private Company,UK,psypr.com,http://psypr.com,https://www.linkedin.com/company/the-raised-bed-company,"Albuquerque, NM, US",Albuquerque,,NM ,US,Private Company,Co-Founder and Chief Financial Officer,2019-03-01,Present,Solo Stove,VP of Finance,2021-01-01,2022-12-01,Solo Brands,VP of Finance,2021-01-01,2022-12-01,Solo Stove,Controller,2020-07-01,2021-01-01,Clarus,Chief Financial Officer,2018-08-01,2019-02-01,Texas Christian University,Master of Accounting (MAc),,,Texas Christian University,Bachelor of Business Administration (BBA),,,"Auditing,Due Diligence,General Ledger,Talent Acquisition,Sarbanes Oxley Act,Contract Negotiation,Accounting,Sarbanes Oxley,GAAP,Financial Modeling,Assurance,Financial Accounting,Internal Controls,Variance Analysis,Internal Audit,Customer Service,Financial Statements,Recruiting,External Audit,Financial Reporting,US GAAP,Financial Analysis,SEC filings,CPA,Tax,PowerPoint,Svs,Soccer,Defense,Winter,Christian,Daily Operations,Softball,Casing,Laser,Customer Satisfaction,System,Weight Training,Mechanical,Oil And Gas Industry,Finance,Sage Act,Active,Lenses,Energy,Engineering,Compliance,Inventory,Boeing,Microsoft Office,Microsoft Word,Acquisitions,Electricians,Microsoft Excel,Nutrition,Pizza,Community Leadership,Billiards,Fire Management,Boys,SAT,Travel,Project,Flag Football,Texas,Financial Transactions,House,Culture,Design,Revenue,Table Tennis,Funding,Basketball,Directing,Mergers and Acquisitions,Paper,Store Opening,New Mexico,Analysis,Recording,Divestitures,Resolve,Responsibility,Oil and Gas",,,,,19,1985,owner,C_suite,po,,,,,
27624057,Rahul Sethi,Rahul,Sethi,Verified emails found,2025-10-15 11:18:25.723476,rahul.sethi@bain.com,rahul.sethi@bain.com,rahulrksethi@gmail.com,"rahul.sethi@bain.com,rahulrksethi@gmail.com",,,5088637107,5088637107,"7819329233
6502047976",,https://www.linkedin.com/in/rahulsethi1,,,,,,,President and Co-founder NPS Prism by Bain and Company,Bain & Company,"131 Dartmouth Street, Boston, Massachusetts 02116, US",bain.com,http://www.bain.com,https://www.linkedin.com/company/bain-and-company,"Boston, MA, US",Boston,,MA ,US,Bain & Company,President and Co-founder NPS Prism by Bain and Company,2019-08-01,Present,Bain & Company,Partner and EVP,2019-07-31,Present,SharkNinja,Vice President Global Sales Planning and Analytics,2017-12-01,2019-08-01,Motista,Managing Director,2016-01-01,2017-11-01,Grail Research,"Senior Vice President and Business Unit Head, Americas and Africa",2012-01-01,2016-01-01,Syracuse University,Master of Arts,,,Newhouse School,Master of Arts,,,"Strategy,Market Research,Business Strategy,Management Consulting,Analytics,Marketing Strategy,Segmentation,Customer Insight,Business Intelligence,Competitive Analysis,Management,Competitive Intelligence,Brand Development,Business Development,Market entry in Africa,Information Management,Travel and Tourism,Southern Africa,Strategic Consulting,Emerging Markets,Account Management,Consumer Buying Process Insights,Foreign Investment,Private Equity,Consumer Buying Process,Predictive Analytics,Emotional Intelligence,Big Data Analytics",,,,,22,1977,cxo,,po,,,,,
10270645,Kathleen Craig,Kathleen,Craig,Verified emails found,2025-10-15 11:18:25.891715,kcraig@plinqit.com,kcraig@plinqit.com,kathleencraig9@icloud.com,"kcraig@plinqit.com,kathleencraig9@icloud.com",,kathleen@aftweb.com,7346492362,7346492362,7342143700,,https://www.linkedin.com/in/kathleenecraig,,https://twitter.com/kcraig115,,,,,Founder and CEO,Plinqit Company,"Dexter, Michigan 48130, US",plinqit.com,http://plinqit.com,https://www.linkedin.com/company/plinqit,"Ann Arbor, MI, US",Ann Arbor,,MI ,US,Plinqit Company,Founder and CEO,2018-01-01,Present,Association for Financial Technology (AFT),"Member, Board of Directors",2019-09-01,Present,WalletFi,Advisor,2017-08-01,2022-08-01,United Way of Washtenaw,"Committee Member, Power of the Purse",2010-10-01,2015-12-01,United Bank & Trust,"Vice President, Consumer eServices",2010-11-01,2013-10-01,Eastern Michigan University,,,,,,,,"Customer Experience,Voice of the Customer,Internet Banking,Bill Payment,Mobile Banking,Visioning,Project Planning,Project Implementation,Project Coordination,Strategic Planning,Strategy Development,Leadership,Customer Service,Strategy,Banking,Marketing Communications,Leadership Development,Project Management,Sales,Change Management,Public Speaking,Time Management,Team Building,Budgets,Credit,Management,Training,Marketing Strategy,Risk Management,Marketing,Executive Management,Business Development,Budgeting",,,"The Enlightened Business Summit, Biometrics For eCommerce, Lean In Community, Women Entrepreneurs Worldwide, Digital Marketing for Financial Services Community, Retail Banking Network, Michigan Economic Developers Association, Credit Union Network for Financial Literacy, Bank Innovation, Center for Positive Organizations, ICMI ACCE - The Global Gathering for the Contact Center Community, Credit Union Insight - CUInsight.com, Product Management 2.0 - Realism, Ideas, Experience, LA2M - Marketing Education",,20,1981,owner,C_suite,po,,,,,
6853740,Traci Bild,Traci,Bild,Verified emails found,2025-10-15 11:18:26.115067,tbild@bildandco.com,tbild@bildandco.com,,"tbild@bildandco.com,tracib@bildandco.com",,,8133903349,8133903349,"8006400688
813.390.3348
809.640.0688
813-884-4077
8133345300
8138849368
813-884-4074
6157130887
813-886-7069",(813) 390-3349,https://www.linkedin.com/in/tracibild,https://facebook.com/tracibild,https://twitter.com/bildandco,,,,,Founder and CEO,Bild & Company,"10801 Starkey Rd. Suite 104, Seminole, Florida 33777, US",bildandco.com,http://bildandco.com,https://www.linkedin.com/company/bild-&-company,"Florida, United States",,,FL ,US,Bild & Company,Founder and CEO,1999-11-01,Present,Bridge The Gap The Senior Living Podcast,BTG Contributor,2020-05-01,Present,Author of Get Your Girl Back: Revisit What's Possible for Your Life,Book Author,2013-07-01,2015-11-01,,,,,,,,,Embry-Riddle Aeronautical University,Bachelor of Science (BS),,,,,,,"Marketing,Business Development,Coaching,Team Building,Public Speaking,Marketing Strategy,Sales Management,Executive Coaching,Public Relations,Healthcare Industry,Community Outreach,Women's Issues,Work Life Balance,Entrepreneurship,Leadership,Recruiting,Event Planning,Training,Sales,Healthcare,Management,Social Media,Published Author,Strategic Partnerships,Elder Care,Strategy,Social Networking,Customer Service,Seniors,Online Marketing,Long-term Care,Lead Generation,Event Management,Home Care,Leadership Development,Management Consulting,Social Media Marketing,Marketing Communications,Executive Management,New Business Development,Nonprofits,Organizational Development,Start-ups,Fundraising,Small Business,Strategic Planning,Staff Development,Advertising,Assisted Living,Market Planning,Organizational,Microsoft Excel,Startups,Start Ups,Long Term Care,Editing,Business Strategy,Microsoft Office",,,"Global Accelerator 2014 - United Nations Foundation, Powerful Women Leaders Pay Attention, Licensed Nursing Home Administrators of America, CCRC's - Continuing Care Retirement Communities, Ladies Who Launch, Business Solutions Exchange, MPI - South Florida Chapter (Meeting Professionals International)",,25,1972,owner,C_suite,po,,,,,
1092375,Jeff Lewis,Jeff,Lewis,Verified emails found,2025-10-15 11:18:26.306132,brettskiw@gmail.com,jeff.lewis@guidebook.com,brettskiw@gmail.com,"brettskiw@gmail.com,jeff.lewis@guidebook.com",,"jeff.lewis@newcompany.com,jefflewis@newcompany.com",6504502377,6504502377,"6508531220
6503197233
6503277967
6503226260
6504852956",,https://www.linkedin.com/in/jllewis,https://facebook.com/jeffreyleelewis,https://twitter.com/guidebookapp,,https://crunchbase.com/person/jeff-lewis,https://angel.co/jeff-lewis,,Founder and CEO,New Company,DK,newcompany.com,https://newcompany.com,https://www.linkedin.com/company/new-company,"Palo Alto, CA, US",Palo Alto,,CA ,US,New Company,Founder and CEO,2024-05-31,Present,Guidebook Inc.,Chairman,2021-03-31,Present,Guidebook Inc.,Founder and CEO,2011-03-31,2021-03-31,Eco,Senior Leadership,2021-03-31,2023-10-31,Criteo,Head of US,2009-03-31,2011-03-31,"University of California, Santa Cruz",BS,,,Palo Alto High School,,,,"Social Media,Marketing,Strategy,Team Building,Leadership,Sales,Affiliate Marketing,Entrepreneurship,Advertising,Conversion Optimization,Strategic Planning,Social Media Marketing,Digital Strategy,Business Development,Business Analysis,Microsoft Excel,Startups,Public Speaking,Data Analysis,Program Management,Management,Project Management",,,World Green Business Association,,18,1985,owner,C_suite,po,,,,,
6128494,Howard Katzenberg,Howard,Katzenberg,Verified emails found,2025-10-15 11:18:26.500382,hkatzenberg@gmail.com,howard@glean.ai,hkatzenberg@gmail.com,"hkatzenberg@gmail.com,hkatzenberg@glean.ai,hsk10@yahoo.com,scottuws@aol.com",howard@glean.ai,,9178730222,9178730222,"201-222-8679
+63 917 873 0222
212-876-8600
1.9178730222
646-478-7709
888-269-4246",,https://www.linkedin.com/in/howardkatzenberg,https://facebook.com/howard.katzenberg,https://twitter.com/katzenberg,,,,,Founder and CEO,Glean Company,"New York, New York 10010, US",glean.ai,http://www.glean.ai,https://www.linkedin.com/company/glean-ai,"New York, NY, US",New York,,NY ,US,Glean Company,Founder and CEO,2020-01-01,Present,Better,CFO,2018-05-01,2019-07-01,Better Mortgage,CFO,2018-04-30,2019-07-01,OnDeck,CFO,2008-03-01,2018-04-01,OnDeck,CFO,2008-02-29,2018-03-31,The Wharton School,Master of Business Administration,,,,Bachelor of Science,,,"Venture Capital,Credit,Strategic Planning,Loans,Contract Negotiation,Financial Analysis,Problem Solving,Excel,Negotiation,Forecasting,Portfolio Management,Business Strategy,Business Planning,Analysis,Corporate Finance,Analytics,Process Improvement,Strategy Development,New Business Development,Start-ups,Cross-functional Team Leadership,Corporate Development,Strategy,Financial Modeling,Finance,Valuation,Business Development,Cross Functional Team Leadership,Start Ups,Microsoft Excel,Customer Service,Management,Research,Social Media,Sales,Training",,,,,20,1978,owner,C_suite,po,,,,,
2331167,Brian Phifer,Brian,Phifer,Verified emails found,2025-10-15 11:18:26.689060,brian@phifercompany.com,brian@phifercompany.com,brianphifer@gmail.com,brian@phifercompany.com,brianphifer@gmail.com,,6464154405,6464154405,"6468289227
212-363-6541
1.2122429009
6463805132
2076920883
2122429009",(212) 242-9009,https://www.linkedin.com/in/brianphifer,http://www.facebook.com/people/_/533912523,https://twitter.com/phifercompany,,,,,Founder and CEO,Phifer & Company,"116 West 23rd Street, New York, New York 10011, US",phifercompany.com,https://www.phifercompany.com,https://www.linkedin.com/company/phifer-&-company,"New York, NY, US",New York,,NY ,US,Phifer & Company,Founder and CEO,1997-02-01,Present,Phifer & Company,Talent Acquisition Specialist,1997-02-01,1999-02-01,Porter Novelli,Talent Acquisition Director,2004-01-01,2006-01-01,MullenLowe U.S.,"Vice President, Staffing",1999-01-01,2001-01-01,Grey West,Senior Account Executive,1995-01-01,1997-01-01,Northeastern University,,,,Hingham High School,,,,"Talent Acquisition,Recruiting,Advertising,Human Resources,Digital Marketing,Strategic Communications,Social Networking,Talent Management,Strategy,Marketing Communications,Staffing Services,Executive Search,Public Relations,Permanent Staffing,Coaching,Interviews,Market Research,Organizational Development,Strategic Partnerships,Content Strategy,Negotiation,Lead Generation,New Business Development,Thought Leadership,Email Marketing,Management,Start-ups,Marketing Strategy,Corporate Branding,Time Management,Entrepreneurship,E-commerce,Business Development,Social Marketing,Business Integrity,Brand Awareness,Temporary Placement,Viral Marketing,Retained Search,Marketing,Interviewing,Search Engine Optimization (SEO),Social Media,SEO,Social Media Marketing,Redactie,Seo Schrijven,Start Ups,Training,E Commerce,Tekst Schrijven,Search Engine Optimization Seo,Organizational,Websites Ontwikkelen,Search Engine Optimization",,,"Marketing Communication, PR Daily, The Project Manager Network - #1 Group for Project Managers, The Recruiter.com Network, Brand Planning Global Network, eMarketing Association Network, Inbound Marketers - For Marketing Professionals",,34,1968,owner,C_suite,po,,,,,
28717051,Christy Owenby,Christy,Owenby,Verified emails found,2025-10-15 11:18:26.888470,christy@moxycompany.com,christy@moxycompany.com,,christy@moxycompany.com,,,9858753072,,,,https://www.linkedin.com/in/christyowenby,https://facebook.com/christyowenby,https://twitter.com/christyowenby,,,,,Founder and CEO,MOXY Company,"1404 Greengate Dr Suite 202, Covington, Louisiana 70433, US",moxycompany.com,https://www.moxycompany.com,https://www.linkedin.com/company/moxycompany,United States,,,,US,MOXY Company,Founder and CEO,2012-07-01,Present,MedEd Combine,Co-Founder and Chief Marketing Officer,2020-09-01,Present,,,,,,,,,,,,,Louisiana State University,Bachelor of Science (B.S.),,,Ursuline Academy of New Orleans,High School,,,"Photoshop,Brand Awareness,Blogging,Digital Media,Public Relations,PowerPoint,Social Media,Marketing,Social Networking,Marketing Strategy,Brand Management,WordPress,Digital Marketing,Brand Development,Digital Photography,InDesign,Social Media Marketing,Press Releases,Media Relations",,,,,13,1969,owner,C_suite,po,,,,,
19090158,Stephann Cotton,Stephann,Cotton,Verified emails found,2025-10-15 11:18:27.096297,stephanncotton@gmail.com,,stephanncotton@gmail.com,,stephanncotton@gmail.com,,7722876612,7722850542,"7723240659
7722850542
4072293450
772-600-3519
7727818719
5612876612
5617403400
5617357412
5617818719",(800) 266-9076,https://www.linkedin.com/in/stephann-cotton-242a7b9,https://facebook.com/stephann.cotton.9,https://twitter.com/cottonsolution,,,,,Founder and CEO at Cotton and Company,Cotton & Company,"633 SE 5th Street, Stuart, Florida 34994, US",cottonco.com,https://cottonco.com,https://www.linkedin.com/company/cotton-&-company,"Stuart, FL, US",Stuart,,FL ,US,Cotton & Company,Founder and CEO at Cotton and Company,2021-06-01,Present,Cotton & Company,President and Founder,1983-01-01,Present,,,,,,,,,,,,,University of Florida,bs  adv/mkt,,,,,,,"Luxury,Advertising,Resorts,Real Estate Development,Marketing Strategy,Residential,Online Marketing,Real Estate,Residential Homes,Public Relations,Marketing,Interactive Marketing,Online Advertising,Leadership,Investors,Management,Strategic Planning,Integrated Marketing,Direct Mail,Social Media Marketing,Email Marketing,Selling,Brand Development,Creative Strategy,Lead Generation,Direct Marketing,SEO,Digital Strategy,Digital Marketing,Web Marketing,Marketing Communications,Copywriting,Sales,Advertising Sales,Social Networking,SEM,PPC,Strategy,Creative Direction,Working with Investors,Social Media,Startups,Public Speaking,Research,Program Management",,,"CrowdSourcing & CrowdFunding for Entrepreneurs & Investors, Gold Coast Venture Capital Association, REAL ESTATE CrowdFunding & CrowdInvesting, Florida & Caribbean Real Estate Network, Residential Resorts International, GatorNation, Real Estate Professionals and Vendor Network, The Real Estate Networking Group (Investor Strategies), HOTEL & RESORT INVESTOR, New Home Sales, Overseas Property Investment Network for International Real Estate & Referral, Marketing, Sales & Social Media Jobs, Job Postings & Job Recruiters, Software & Technology (#1 in Jobs, HR, Managers, Cloud, Mobile, Voice, CRM & Big Data), Caribbean & Latin America Real Estate: Luxury, Vacation, Retirement, Investment, Deals",,42,1951,owner,,po,,,,,
2476759,Judy Smith,Judy,Smith,Verified emails found,2025-10-15 11:18:27.269426,jsmith@smithandcompany.com,jsmith@smithandcompany.com,rcvercautren@hotmail.com,"jsmith@smithandcompany.com,rcvercautren@hotmail.com",,,6103043427,6103043427,7037269770,,https://www.linkedin.com/in/judyasmith,,https://twitter.com/judysmith_,,,,,Founder and CEO,Smith & Company,US,smithandcompany.com,https://www.smithandcompany.com/,https://www.linkedin.com/company/smithandcompany,"Washington, DC, US",Washington,20005,DC ,US,Smith & Company,Founder and CEO,2003-01-01,Present,ABC,"Co-Executive Producer, ""Scandal""",2012-04-01,2018-04-01,,,,,,,,,,,,,American University,Juris Doctor (J.D.),,,Boston University,Bachelor's Degree,,,"Microsoft Office,Facilities Management,Business Development,Public Speaking,Healthcare,Healthcare Management,Healthcare Information Technology,Process Improvement,Leadership Development,Marketing Strategy,Strategic Planning,Project Planning,Healthcare Consulting,Management Consulting,Hospitals,Strategic Planning Women And Children'S Health,Project Management,Management,Editing,Strategy,Consulting,Executive Producing,Issues Managment,Corporate Communications,Competitive Analysis,EHR,Crisis Management,Business Process Improvement,Public Relations,Strategic Communications,Healthcare Industry",,,,,22,1961,owner,C_suite,po,,,,,
3154845,Julius Tang,Julius,Tang,Verified emails found,2025-10-15 11:18:27.470128,tang.julius@gmail.com,,tang.julius@gmail.com,tang.julius@gmail.com,,"julius.tang@buzz2bucks.com,jtang@buzz2bucks.com,juliustang@buzz2bucks.com,juliust@buzz2bucks.com,julius@buzz2bucks.com,tang@buzz2bucks.com",9498856572,9498856572,,,https://www.linkedin.com/in/juliustang,https://facebook.com/juliusjtang,https://twitter.com/juliustang,,,,,Founder,Private Company,"New York, New York, New York 10005, US",buzz2bucks.com,http://buzz2bucks.com,https://www.linkedin.com/company/buzz2bucks-word-of-mouth-marketing-firm,United States,,,,US,Private Company,Founder,2018-01-01,Present,MarvelPal,Co-Founder,2018-04-01,2018-08-01,Prestomind,Co-Founder,2016-08-01,2017-11-01,Private Company,Marketing Analyst,2016-01-01,2016-07-01,Primaris Management Inc.,Investment Analyst,2014-01-01,2015-01-01,Ryerson University,Master of Business Administration - MBA,,,University of Waterloo,Bachelor's degree,,,"Strategic Planning,Urban Planning,Real Estate Economics,Valuation,Real Estate Development,Land Development,Marketing,Investments,Appraisals,Management,Leadership,Teamwork,Land Use,Urban,Creative Writing",,,,,16,1985,owner,C_suite,po,,,,,
713735,Alm Lee Mulkey,Alm,Mulkey,Verified emails found,2025-10-15 11:18:27.653061,mulkeyjl@yahoo.com,,mulkeyjl@yahoo.com,mulkeyjl@yahoo.com,,,817-291-4323,817-291-4323,"817-291-0452
1.817.291.4323
817-498-5881
817-514-8645",(559) 884-2147,https://www.linkedin.com/in/leemulkey,http://www.facebook.com/lee.mulkey2,,,,,,Founder and CEO - Strategy Sales Operations Sourcing SCM Logistics Commercialization,ALM Company,"26060 Colusa Road, Coalinga, California 93210, US",harriswoolfalmonds.com,http://www.harriswoolfalmonds.com/,https://www.linkedin.com/company/harriswoolfalmonds,"Colleyville, TX, US",Colleyville,76034,TX ,US,ALM Company,Founder and CEO - Strategy Sales Operations Sourcing SCM Logistics Commercialization,2009-01-01,Present,"Wenaas USA, Inc.",President CEO - Strategy Sales Operations Global Sourcing Global Supply Chain Global Logistics PPE,2007-01-01,2009-01-01,ALM Company,President CEO - Strategy Marketing Channels Sales Operations Sourcing Supply Chain,2005-01-01,2007-01-01,"Purchased Parts Group, Inc.",President CEO - Strategy Sales Operations Global Supply Chain Global Sourcing Global Logistics,1999-01-01,2005-01-01,Indian River Consulting Group,Senior Associate - Strategy Logistics Sales Operations Supply Chain Sourcing Marketing Channels,1998-01-01,1999-01-01,The University of Dallas,MBA,,,The University of Texas at Arlington - College of Business,BBA,,,"Strategy,Business Strategy,Executive Management,Supply Chain Management,Management Consulting,Supply Chain,International Business,Strategic Planning,Sales Operations,Mergers & Acquisitions,Turn Around Management,Global Business Development,Restructuring,Leadership,Acquisition Integration,International Sales,Global Sourcing,Strategic Sourcing,Sales,Logistics,Global Operations,Strategic Consulting,Sales Growth,Operational Excellence,Supply Chain Optimization,Competitive Analysis,Channel Partners,Value Creation,Cash Flow,Income Statement,Wholesale,Global Strategy,International Management,Board of Directors,International Operations,Operations,Global Sales,Global Business,Commercialization,Global Business Strategy,Global Supply Chain Management,Global Logistics,Global Business Planning,Marketing Channels,Foreign Culture,Foreign Relations,China Business Development,Global Marketing Channels,Global Commercialization,P,Mergers and Acquisitions",,,,,53,1950,owner,Sales,po,,,,,
85744007,Jennifer Curley,Jennifer,Curley,Verified emails found,2025-10-15 11:18:27.843701,jennifer@curleycompany.com,jennifer@curleycompany.com,jennifercurley@gmail.com,jennifer@curleycompany.com,jennifercurley@gmail.com,,2024226244,,"3019830409
2022632574
1.4102715725
2162251403",,https://www.linkedin.com/in/curleyjennifer,,https://twitter.com/jennifer_curley,,,,,Founder and CEO,Curley Company,"919 18th St NW, Washington, District of Columbia 20005, US",curleycompany.com,http://www.curleycompany.com,https://www.linkedin.com/company/curley-company,"Washington, DC, US",Washington,20005,DC ,US,Curley Company,Founder and CEO,2002-08-01,Present,St. Lawrence University,Chair of the Board of Trustees,2023-06-01,Present,Global Women's Innovation Network (GlobalWIN),Board Member,2021-03-01,Present,Junior Achievement of Greater Washington,Board Member,2023-02-01,Present,Citrine Angels,Angel Investor,2023-09-01,2024-09-01,St. Lawrence University,,,,American University,,,,"Strategic Communications,Board of Directors,Crisis Communications,Reputation Management,Entrepreneurship,Risk Management,Public Relations,Event Planning,Social Media,Media Relations,Public Policy,Spokesperson,Message Development,Crisis Management",,,,,35,1968,owner,C_suite,po,,,,,
6251172,JP Brice,JP,Brice,Verified emails found,2025-10-15 11:18:28.041055,jp@ironcompany.com,jp@ironcompany.com,jpbrice@gmail.com,jp@ironcompany.com,jpbrice@gmail.com,,760-403-8734,760-403-8734,"7609481161
888-758-7527
626-305-0099
800-288-3047",(888) 758-7527,https://www.linkedin.com/in/jp-brice-50856733,http://www.facebook.com/jp.crosscore,,,,,,Founder and CEO,IRON COMPANY,"7349 Milliken Ave, Rancho Cucamonga, California 91730, US",ironcompany.com,http://www.ironcompany.com,https://www.linkedin.com/company/ironcompany.com,"Flower Mound, TX, US",Flower Mound,,TX ,US,IRON COMPANY,Founder and CEO,1996-03-31,Present,,,,,,,,,,,,,,,,,Arcadia High School,,,,,,,,"fitness,Gym,exercise,gym equipment,fitness equipment,Fitness Training,Sports,Athletics,Personal Training,Strength Training,Kettlebells,Nutrition,Weight Training,Lifestyle,Sports Nutrition,Nutritional Counseling,Coaching,Sales Management,Team Building,Wellness,Supplements,Cardio,Functional Training,Lifestyle Coaching,Corporations,Training,Project Management,Customer Service,Entrepreneurship,Social Media",,,"Exercise Jobs, Health and Wellness Product Information Group, Fitness Trainers and Coaches, Fitness Executives, Fitness and Wellness Stakeholders and Professionals, Headstrong Performance",,29,1975,owner,C_suite,po,,,,,
2148267,Amani Olu,Amani,Olu,Verified emails found,2025-10-15 11:18:28.327646,amani@olucompany.com,amani@olucompany.com,amaniolu@gmail.com,amani@olucompany.com,amaniolu@gmail.com,,6463301039,6463301039,"215-840-1470
1.6463301039",(212) 203-5570,https://www.linkedin.com/in/amaniolu,https://facebook.com/amaniolu,http://www.twitter.com/amaniolu,,,,,Founder and Chief Executive Officer,Olu & Company,"3011 Grand Blvd W, Detroit, Michigan 48226, US",olucompany.com,https://olucompany.com,https://www.linkedin.com/company/olu-company,"Detroit, MI, US",Detroit,48226,MI ,US,Olu & Company,Founder and Chief Executive Officer,2012-06-01,Present,Whitewall Magazine,Managing Editor,2012-10-01,2013-05-01,Nadine Johnson & Associates,Senior Account Executive,2011-03-01,2012-05-01,IMG SRVR,Founder,2012-07-01,Present,DETROIT ART WEEK,Co-Founder,2018-07-01,Present,Temple University,,,,,,,,"Writing,Social Media,Publications,Art,Fine Art,Magazines,Books,Digital Photography,ACT,Graphic Design,Press Releases,Media Relations,Galleries,Blogging,Web Design,Adobe Cs5.5,Contemporary Art,Publishing,Photography,Advertising,Fundraising,Editorial,Cision,HTML,Microsoft Office,WordPress,Art Exhibitions,Curating,Email Marketing,CSS,Art Direction,Public Relations,Museums,Portrait Photography,Curatorial Projects,Fine Art Photography",,,,,20,1980,owner,C_suite,po,,,,,
7834316,Scott Crossman,Scott,Crossman,Verified emails found,2025-10-15 11:18:28.502338,scrossman@crossmanco.com,scrossman@crossmanco.com,scottcrossman@hotmail.com,"scrossman@crossmanco.com,scottcrossman@hotmail.com",,,4078560686,4074927778,"4074238700
4074927778
4074222556
2514337644
7705410881",(407) 423-5400,https://www.linkedin.com/in/scott-crossman-10ba411b,https://facebook.com/scott.crossman.5,,,,,,Founder,Crossman & Company,"3333 South Orange Avenue Suite 201, Orlando, Florida 32806, US",crossmanco.com,http://www.crossmanco.com,https://www.linkedin.com/company/crossman-&-company,"Orlando, FL, US",Orlando,,FL ,US,Crossman & Company,Founder,1990-01-01,Present,Crossman & Company,CEO,1990-01-01,Present,,,,,,,,,,,,,Florida Southern College,Bachelor of Science,,,Florida Southern College,Bachelor of Science (B.S.),,,"Business Development,Program Management,Project Management,Training,Microsoft Office,Leadership,Team Building,Research,Start Ups,Entrepreneurship",,,"NAIOP Central Florida, International Council of Shopping Centers - ICSC, UMiami Master of Real Estate Development and Urbanism",,35,1961,owner,C_suite,po,,,,,
265737,Shelly Kramer,Shelly,Kramer,Verified emails found,2025-10-15 11:18:28.670831,shelly@kramerandcompany.com,shelly@kramerandcompany.com,domenico.simonetti@hotmail.com,"shelly@kramerandcompany.com,domenico.simonetti@hotmail.com",,skramer@kramerandcompany.com,8162002520,8166657500,"8166657500
816-444-2229
1.8166657500
1.8162002520
5414829504
8162002558
8164449555",,https://www.linkedin.com/in/shellydemottekramer,https://facebook.com/shellykramer,https://twitter.com/shellykramer,,,,https://quora.com/shelly-kramer,Founder + Principal Analyst,Kramer & Company,US,kramerandcompany.com,http://www.kramerandcompany.com,https://www.linkedin.com/company/kramer-&-company,"Kansas City, MO, US",Kansas City,,MO ,US,Kramer & Company,Founder + Principal Analyst,1994-09-01,Present,SiliconANGLE & theCUBE (theCUBE Research),Principal Analyst,2023-11-01,2025-02-01,V3B,CEO,2009-06-01,2023-11-01,Futurum Research + Analysis,Founding Partner + Principal Analyst,2016-08-01,2023-06-01,The Futurum Group,"President + Chief Evangelist, The Futurum Group | Principal Analyst, Futurum Research",2016-07-01,2023-06-01,Emporia State University,,,,,,,,"Artificial Intelligence (AI),Sustainability,Customer Experience/Enterprise Apps,Workplace Collaboration/Future of Work,Research Skills,B2B Marketing Strategy,Strategic Communications,Brand Development Strategy,Business Strategy,Go-to-Market Strategy,Customer Experience,Communications Strategy,Strategist,Market Research,Digital Transformation,IT Enabled Business Transformation,Technology Solutions,Future Trends,Tech Analyst,DEI,Mobile Marketing,Digital Strategy,Content Development,Social Media Marketing,LinkedIn Training and Development,Training & Development,SEO,Brand Development,Website Development,Social Media Monitoring,Marketing Strategy,Web Strategy,Social Media Audit,Competitive Analysis,Blog Development, Content Management and Training,Social Media,Social Media Measurement,Training,LinkedIn,Auditing,Public Relations,Integrated Marketing,Marketing,Employee Training,Digital Marketing,SEM,Copywriting,Facebook,Online Marketing,Social Networking,Content Strategy,Social Marketing,Blogging,Web Design,Public Speaking,Marketing Management,Google Analytics,Brand Management,SEO copywriting,WordPress,Content Marketing,Advertising,Web Analytics,Keyword Research,Online Advertising,Web Marketing,Analytics,Entrepreneurship,Newsletters,Social,Blog Development,Media Audit,Project Management,Content Management and Training,Business Development,Training and Development",,,"Social Media Marketing Mavens, Marketing Communication, A/E/C Industry Networking Group, Online Marketing Institute, Inbound Marketers - For Marketing Professionals, Women Grow Business, eTail Conference: For eCommerce and Marketing Executives in the Retail Industry, Digital Marketing, Sales / Marketing Executives (CSO/CMO/VP), Network of Web Professionals, Social Media Marketing and Measurement, Search Engine Land, Social Media Marketing, DemandCon",,31,1959,owner,,po,,,,,
64367780,Alexander Veach,Alexander,Veach,Verified emails found,2025-10-15 11:18:28.870819,alexander@veach.co,alexander@veach.co,ariaveach@gmail.com,"alexander@veach.co,ariaveach@gmail.com,veachaj@gmail.com,rearanged96@aol.com","arlen_jack@aol.com,rearanged@bellsouth.net","alexanderveach@gmail.com,alexander@nano.market,aveach@nano.market,alexander.veach@nano.market,alexanderveach@nano.market,alexanderv@nano.market",9149805216,9149805216,9142734934,,https://www.linkedin.com/in/alexveach,https://facebook.com/alexander.veach,https://twitter.com/ariaveach,,,,,Founder and CEO,Veach & Company,,veach.co,https://veach.co,https://www.linkedin.com/company/veach-company,"New York, NY, US",New York,,NY ,US,Veach & Company,Founder and CEO,2024-12-01,Present,Nano Market,Founder and CEO,2021-01-01,Present,Strategy&,Senior Associate,2022-01-01,2024-07-01,Xcell Biosciences,Consultant,2021-06-01,2021-08-01,Amgen,Senior Engineer,2019-09-01,2021-01-01,Insead,Master of Business Administration,,,UCLA Extension,,,,"Biomedical Engineering,Biotechnology,Cell Culture,Entrepreneurship,Research,Project Management,Management,Nanobiotechnology,Data Analysis,Mass Spectrometry,Nanotechnology,Business Development,Peptide Mapping,Cell,Life Sciences,Medical Devices,Molecular Biology,Tissue Engineering,Fluorescence Microscopy,Method Development,GMP,Statistics,Pharmaceutical process development,Marketing,Pharmaceutical Industry,R&D,Matlab,Risk Management,Nanoparticles,Biochemistry,Drug Delivery,Virtualization,Social Networking,Communication,User interface design,Flow Cytometry,Negotiation,Web architecture and development framework,Pharmacology,Marketing campaign management,PCR,Data Mining,Business intelligence,Software Development,SEO/SEM marketing,WordPress development,Social media management,Resource management,Cloud Computing",,,,,13,1987,owner,C_suite,po,,,,,
27875096,Lauren Kucerak,Lauren,Kucerak,Verified emails found,2025-10-15 11:18:29.040751,lauren@kucerakandco.com,lauren@kucerakandco.com,laurenkucerak@yahoo.com,"lauren@kucerakandco.com,laurenkucerak@yahoo.com",,,917-863-3708,917-863-3708,"212-253-1004
2125108590",(212) 510-8590,https://www.linkedin.com/in/laurenkucerak,https://facebook.com/lauren.kucerak,,,,,,Founder,Kucerak + Company,"20 West 20th St. Suite 302, New York, New York 10011, US",kucerakandco.com,http://www.kucerakandco.com,https://www.linkedin.com/company/kucerak-&-co,"New York, NY, US",New York,,NY ,US,Kucerak + Company,Founder,2013-01-01,Present,Juicy Couture,Vice President Global Communications,2010-07-01,2012-12-01,PMK*BNC,Vice President Entertainment and Lifestyle,2004-01-01,2010-01-01,Rogers & Cowan,"Senior Director, Director, AE, AAE",1996-01-01,2004-01-01,,,,,University at Albany,Bachelor's degree,,,,,,,"Social Media Marketing,Media Relations,Press Releases,Entertainment,Marketing Communications,Event Management,Public Relations,Social Media,Fashion,Event Planning,Publicity,Advertising,Blogging,Brand Development,Digital Media,Marketing Strategy,Marketing,Facebook,Cision,Social Networking,Leadership,Sales,Management,Entrepreneurship,Strategic Planning",,,,,29,1973,owner,C_suite,po,,,,,
135965933,Jim Booth,Jim,Booth,Verified emails found,2025-10-15 11:18:29.234161,jimbooth@gmail.com,,jimbooth@gmail.com,,jimbooth@gmail.com,,7202728106,,"7037313001
1.7037313001",,https://www.linkedin.com/in/jimmiebooth,,,,,,,CEO and Co-Founder,Company Six,AE,co6.ae,https://www.co6.ae,https://www.linkedin.com/company/companysix,"Boulder, CO, US",Boulder,,CO ,US,Company Six,CEO and Co-Founder,2020-04-30,Present,Company Six,Chief Executive Officer and Co-Founder,2020-05-01,Present,Sphero,Chief Operating Officer,2010-12-01,2020-05-01,Ca Technologies,Corporate Development,2010-08-01,2010-12-01,Zettasun,Vice President of Corporate Development,2009-09-01,2010-08-01,University of Memphis,Master of Business Administration,,,United States Military Academy,,,,"Engineering,Cost Management,Go-to-Market Strategy,Leadership,Start-ups Management,Venture Capital,Operations Management,Executive Team,New Business Development,Operational Planning,Funding,Software Development,Due Diligence,Strategic Alliances,Start-ups,Entrepreneurship,Corporate Development,Business Development,Business Strategy,Project Planning,Management,Corporate Finance,Product Marketing,Strategic Partnerships,Product Management,Competitive Analysis,Product Development,Strategic Planning,Team Leadership,Marketing Strategy,Strategy,Cross-functional Team Leadership,Executive Management,SaaS,Mobile Devices,Consulting,Outsourcing,P&L Management,Cloud Computing,Business Planning,E-commerce,Vendor Management,Mergers & Acquisitions,Mobile Applications,B2B,Market Research,Consumer Electronics,Account Management,International Business,CRM,Telecommunications,International Sales",,,,,29,1968,owner,C_suite,po,,,,,
18534375,Remco Bergsma,Remco,Bergsma,Verified emails found,2025-10-15 11:18:29.400796,rbergsma@miencompany.com,rbergsma@miencompany.com,remcobergsma@hotmail.com,"rbergsma@miencompany.com,remcobergsma@hotmail.com,rbergsma@ecolution.nl",,,6169150550,6169150550,"1.6169150550
6168181970
6162815559",(616) 818-1970,https://www.linkedin.com/in/remco-bergsma-0448b87,,,,,,,Founder    President and CEO,MiEN Company,"2547 3 Mile Rd NW Suite F, Grand Rapids, Michigan 49534, US",miencompany.com,http://www.miencompany.com,https://www.linkedin.com/company/mien-environments,"Grand Rapids, MI, US",Grand Rapids,,MI ,US,MiEN Company,Founder    President and CEO,2012-01-01,Present,Ecolution-Design,Owner,2021-12-01,Present,Markant Office Furniture,usa,1998-01-01,2010-01-01,Remco Realty llc,Company Owner,2021-04-01,Present,Markant USA Inc,President and CEO,2010-02-01,Present,Hogeschool Utrecht International Marketing,,,,HU University of Applied Sciences Utrecht (Hogeschool Utrecht),Bachelor,,,"Account Management,B2B,Furniture,Interior Design,Key Account Management,Marketing Strategy,New Business Development,Product Development,Sales,Sales Management,Space Planning,Strategic Planning,Team Building,Management,Business Development,Contract Negotiation,Business-to-Business (B2B),Microsoft Office,Microsoft Excel,Customer Service,Business Strategy,Business To Business B2B,Leadership,Business to Business",,,"Business of Furniture/Workplaces Reader's Forum, LinkedUp Grand Rapids, Contract Furniture Group, Social Media for Office Furniture Dealerships, Building Products Industry Group, Markant Educational, The Workplace Community, TED: Ideas Worth Spreading - Unofficial, Contract Office Furniture Professionals, MARKANT, Office Furniture Group International, BIFMA, EDUCAUSE",,27,1976,owner,,po,,,,,
370279924,Ahmed Owiess,Ahmed,Owiess,Verified emails found,2025-10-15 11:18:29.588754,ahmedowiess@gmail.com,ahmed@energycompany.com,ahmedowiess@gmail.com,,"ahmedowiess@gmail.com,ahmed@energycompany.com",aowiess@energycompany.com,,,,,https://www.linkedin.com/in/ahmed-owiess-8347b8205,,,,,,,Founder,Energy Company,"6121 W Sunset Blvd, Los Angeles, California 90028, US",energycompany.com,https://energycompany.com,https://www.linkedin.com/company/energycompanyllc,"San Diego, CA, US",San Diego,,CA ,US,Energy Company,Founder,2020-09-01,Present,,,,,,,,,,,,,,,,,Iowa State University,Bachelor's degree,,,Rochester Institute of Technology,,,,,,,,,5,2000,owner,C_suite,po,,,,,
714975122,Brandon Stallings,Brandon,Stallings,Verified emails found,2025-10-15 11:18:29.771937,brandon@smartboxcompany.com,brandon@smartboxcompany.com,bstallings09@aol.com,"brandon@smartboxcompany.com,bstallings09@aol.com",,,7709541735,,9047399100,,https://www.linkedin.com/in/brandon-stallings-smartbox,,,,,,,Founder and Head of Ecommerce,SmartBox Company,"10752 Deerwood Park Blvd Suite 100, Jacksonville, Florida 32256, US",smartboxcompany.com,http://www.smartboxcompany.com,https://www.linkedin.com/company/smartboxcompany,"Jacksonville Beach, FL, US",Jacksonville Beach,,FL ,US,SmartBox Company,Founder and Head of Ecommerce,2022-11-01,Present,SmartBox Vending,Owner and CEO,2012-02-01,2022-08-01,"Fresh Healthy Vending, Tallahassee Franchise",Owner and Operator,2010-07-01,2011-12-01,,,,,,,,,Florida State University,Bachelor's degree,,,University of Alabama,,,,"Food Service,Client Relations,Klaviyo,Content Management Systems (CMS),Customer Service,Customer Experience,New Business Development,Google Analytics,Operations Management,Retail,Project Management,Sales,Organizational Culture,Start-ups,Warehouse Optimization,Marketing,Account Management,Change Management,Team Building,Leadership,Program Management,Strategic Planning,Negotiation,Training,Forecasting,Marketing Strategy,Direct Sales,Management,Process Improvement,Recruiting,Warehousing,Business Planning,Entrepreneurship,Coaching,Business Development,Microsoft Office,Microsoft Excel,Start Ups,Social Media",,,,,14,,owner,,po,,,,,
857883,Mannie Gill,Mannie,Gill,Verified emails found,2025-10-15 11:18:29.946364,mannie.gill@renovata.com,mannie.gill@renovata.com,mannie_gill@hotmail.com,"mannie.gill@renovata.com,mannie_gill@hotmail.com",,,6464545351,,"44.7956144046
442074404001
6469304205
9179931671
447764576472
442074404000",(415) 263-9168,https://www.linkedin.com/in/manniegill,,https://twitter.com/mgillrp,,,,,Founder and Partner,Renovata & Company,UK,renovata.com,http://www.renovata.com,https://www.linkedin.com/company/renovata-executive-search,"New York, NY, US",New York,,NY ,US,Renovata & Company,Founder and Partner,2005-01-01,Present,ZEREN,Founder and Non-Exec Director,2018-01-01,Present,,,,,,,,,,,,,,,,,,,,,"Recruiting,Start-ups,Entrepreneurship,Executive Search,Telecommunications,Venture Capital,Management Consulting,Internet Recruiting,Private Equity,Business Development,Marketing,Marketing Strategy,Human Resources,Project Management,Start Ups,Change Management,Management,Business Strategy,Sales,Strategy,New Business Development,Strategic Partnerships,Mobile Devices,Team Management",,,,,20,1983,owner,C_suite,po,,,,,
15512404,Sarah Williams,Sarah,Williams,No emails found,2025-10-15 11:18:30.150448,,,,,,,1.2129327990,,,,https://www.linkedin.com/in/milesandco,,https://twitter.com/milesandco,,,,,Founder and President,Miles & Company,"6751 Professional Parkway Suite 200, Sarasota, Florida 34236, US",milespartnership.com,http://www.milespartnership.com,https://www.linkedin.com/company/miles-partnership,"New York, NY, US",New York,,NY ,US,Miles & Company,Founder and President,2000-01-01,Present,,,,,,,,,,,,,,,,,The Wharton School,Master of Business Administration,,,Harvard University,Bachelor of Arts,,,"Marketing Strategy,Customer Relations,Chinese,Market Analysis,Marketing Communications,Fundraising,Marketing Execution,Digital Marketing,China Business Development,Higher Education,Public Relations,Relationship Development,Relationship Marketing,Global Marketing,Copy Development,Website Development,Collateral Material Development,Business Strategy,New Business Development,Wealth Management,Philanthropy,Non-profits,Introducing New Products,Start-ups,Strategic Partnerships,Strategic Brand Positioning,Strategic Consulting,Consultative Selling Style,High Net Worth Individuals,Institutional Accounts,Customer Insight,Team Leadership,Marketing,Nonprofits,Integrated Marketing,Business Planning,Stakeholder Management,Management Consulting,Leadership,Strategic Planning,Advertising,Management,Entrepreneurship,Event Management,Product Development,Customer Relationship Management (CRM),International Marketing,Business Development,Team Building,Microsoft Office,Customer Service,Strategy,E Commerce,Public Speaking,Online Marketing,SEO",,,,,25,1956,owner,C_suite,po,,,,,
299891091,Rayhan Ahmed,Rayhan,Ahmed,Verified emails found,2025-10-15 11:18:30.341141,rayhan@mindcompany.ai,rayhan@mindcompany.ai,,rayhan@mindcompany.ai,,,,,,,https://www.linkedin.com/in/rayhan-ahmed-5559131b2,,,,,,,Founder and CEO,Mind Company,US,mindcompany.ai,https://www.mindcompany.ai/,https://www.linkedin.com/company/mind-company-ai,"Burlingame, CA, US",Burlingame,,CA ,US,Mind Company,Founder and CEO,2024-01-01,Present,Mach Industries,Head of Software,2023-10-01,2024-01-01,Bridgewater Associates,Investment Engineering Intern,2023-06-01,2023-08-01,Google,SWE Intern - Google Ads,2022-05-01,2022-08-01,Amazon,SDE Intern - AWS Timestream,2021-05-01,2021-08-01,New York University,Bachelor's degree,,,,,,,,,,,,2,2002,owner,C_suite,po,,,,,
6102035,Billy Robbins,Billy,Robbins,Verified emails found,2025-10-15 11:18:30.503950,billy.robbins@intentcompany.com,billy.robbins@intentcompany.com,billyrobbins@gmail.com,"billy.robbins@intentcompany.com,billyrobbins@gmail.com,billy@intentcompany.com,robbinswj@gmail.com",,,5103642549,5103642549,"8178138222
1.8052705507
8588699775
8054390233
8052028468
8584125138
6179475291
5089475291
5109529853",,https://www.linkedin.com/in/williamrobbins,https://facebook.com/william.robbins,https://twitter.com/williamrobbins,,,,,Founder,Intent Company,"Tampa, Florida 33607, US",intentcompany.com,https://www.intentcompany.com/,https://www.linkedin.com/company/intent-company,"Tampa, FL, US",Tampa,,FL ,US,Intent Company,Founder,2016-10-01,Present,Intent Man,Founder,2013-08-01,Present,Shopatron,Digital Marketing Director,2012-10-01,2017-01-01,Shopatron,Online Marketing Specialist,2010-06-01,2012-10-01,Clear Channel Radio,Marketing Consultant,2005-11-01,2006-10-01,Massasoit College,,,,,,,,"Coaching,Life Coaching,Executive Coaching,SEO,E-commerce,Online Marketing,SEM,PPC,Digital Marketing,Marketing,Lead Generation,Online Advertising,Social Media,Web Marketing,Social Media Marketing,Web Analytics,Email Marketing,Web Design,WordPress,Search Engine Optimization (SEO),Google Analytics,Business Development,Affiliate Marketing,Blogging,Pay Per Click (PPC),Google Adwords,Search Engine Marketing (SEM),Online Lead Generation,Conversion Optimization,Web Project Management,Marketing Strategy,Advertising,Presentation Coaching,Public Speaking,Business Strategy,Business Coaching,Entrepreneurship,Leadership,Organizational Development,Organizational Design,Group Presentations,Personal Development,Personal Development Plans,E Commerce,Pay Per Click Ppc,Search Engine Marketing Sem,Strategy,HTML,Search Engine Optimization Seo,PHP,CSS,Management,Search Engine Optimization,Search Engine Marketing,Pay Per Click",,,,,18,1979,owner,C_suite,po,,,,,
2628389,Paul Parreira,Paul,Parreira,Verified emails found,2025-10-15 11:18:30.703670,paul@companycue.com,paul@companycue.com,paulparreira@gmail.com,"paul@companycue.com,paulparreira@gmail.com,paulparreira@me.com",,,9178414223,,"9148620991
9144945274
7183990994
6466494505",,https://www.linkedin.com/in/paulparreira,https://facebook.com/paul.parreira,,,,,,Founder,Company Cue,"154 Grand Street, New York, New York 10013, US",companycue.com,http://companycue.com,https://www.linkedin.com/company/company-cue,"New York, NY, US",New York,,NY ,US,Company Cue,Founder,2013-04-01,Present,Critical Mob,Music and Culture Editor,2010-01-01,2013-03-01,Tactic Company,Co-Founder,2007-11-01,2013-03-01,Muze Inc.,Editor-in-Chief,1998-08-01,2007-11-01,Muze Inc.,Managing Editor,2000-01-01,2005-05-01,New York University,,,,Emerson College,,,,"Content Strategy,Project Management,Content Development,Editorial,Digital Media,Social Media,New Media,Social Networking,Copy Editing,Mobile Devices,Online Advertising,Creative Direction,Digital Strategy,Books,E-commerce,Content Management,Journalism,Creative Writing,Entertainment,Video,Film,Music,Editing,Blogging,Magazines,CMS,Copywriting,Publishing,Storytelling,E Commerce,Public Speaking,Entrepreneurship,Business Strategy",,,"Music & Entertainment Professionals, Digital Marketing Professionals: Search, Social Media, Content, Mobile, Video, Display & Advertising, Product Marketing Professionals, Content Marketing Academy (by Kapost), Content Marketing Institute, Brand + Marketing Strategy, The Content Wrangler Community, Content Marketing Group, Early Stage Tech Advisors, Content Strategy, Branded Content Strategy, MusicBiz, Sweden Unlimited",,33,1972,owner,C_suite,po,,,,,
264148457,Renee Semerar,Renee,Semerar,Verified emails found,2025-10-15 11:18:30.877324,rsemerar@smartcitylocating.com,rsemerar@smartcitylocating.com,,rsemerar@smartcitylocating.com,,,8309818382,,,,https://www.linkedin.com/in/reneesemerar,,,,,,,Founder,Posey Company,"5635 Peck Rd, Arcadia, California 91006, US",posey.com,http://www.posey.com,https://www.linkedin.com/company/posey-company,"Austin, TX, US",Austin,,TX ,US,Posey Company,Founder,2018-12-01,Present,Smart City Locating,Independent Sales Representative,2021-01-01,Present,Kataphora,Retail Manager,2017-11-01,2020-01-01,w.a.y Entertainment,"Day-to-Day Artist Manager, Digital Marketing and Social Media Manager",2016-02-01,2017-07-01,Relay Productions,Tour Manager,2016-02-01,2017-07-01,Baylor University,Bachelor of Business Administration,,,Boerne High School,,,,,,,,,13,1993,owner,C_suite,po,,,,,
687314815,Steven Taylor M.B.A.,Steven,Taylor,Verified emails found,2025-10-15 11:18:31.074263,steven_taylor@wendys.com,steven_taylor@wendys.com,anushataylor@gmail.com,"steven_taylor@wendys.com,anushataylor@gmail.com,steven.taylor@wendys.com,tayven@aol.com,gosponote2@aol.com","gosponote2@comcast.net,arclightb52@aol.com",,248-613-3980,248-613-3980,"248-357-2441
248-890-8062
248-357-2450
931-459-4965
313-278-6545
856-468-3747",,https://www.linkedin.com/in/steven-taylor-m-b-a-4b3a0316,http://www.facebook.com/people/_/741615940,,,,,,Founder and CEO - Tayven Food Corp. Franchise,The Wendy's Company,"1 Dave Thomas Blvd, Dublin, Ohio 43017, US",wendys.com,http://www.wendys.com,https://www.linkedin.com/company/wendys-international,"Southfield, MI, US",Southfield,,MI ,US,The Wendy's Company,Founder and CEO - Tayven Food Corp. Franchise,1995-01-01,Present,STAKS LLC,CEO,1994-01-01,Present,General Motors,New Car GM Dealer Candidate Graduate,2004-01-01,2005-10-01,Motorola,Senior Engineer,1991-03-01,1995-06-01,General Motors,Manufacturing Engineer,1985-06-01,1991-03-01,Lawrence Technological University,BSEE,,,University of Detroit Mercy,MBA,,,,,,,,40,1962,owner,C_suite,po,,,,,
792872334,J.p. Brice,J.p.,Brice,Verified emails found,2025-10-15 11:18:31.259226,contacts@ironcompany.com,contacts@ironcompany.com,nancymiller7700@gmail.com,"contacts@ironcompany.com,nancymiller7700@gmail.com",,,,,,(888) 758-7527,https://www.linkedin.com/in/j-p-brice-50856733,,,,,,,Founder and CEO,IRON COMPANY,"7349 Milliken Ave, Rancho Cucamonga, California 91730, US",ironcompany.com,http://www.ironcompany.com,https://www.linkedin.com/company/ironcompany.com,"Flower Mound, TX, US",Flower Mound,,TX ,US,IRON COMPANY,Founder and CEO,1996-04-01,Present,,,,,,,,,,,,,,,,,Arcadia High School,,,,,,,,,,,,,29,,owner,C_suite,po,,,,,
9353245,Mateen Ali,Mateen,Ali,Verified emails found,2025-10-15 11:18:31.411365,max19964.ma@gmail.com,mali@tmwf.org,max19964.ma@gmail.com,"max19964.ma@gmail.com,mali@tmwf.org,mateenali015@gmail.com",,,4692581470,4692581470,9728293630,,https://www.linkedin.com/in/mateenali,https://facebook.com/mateen.ali,,,,,,Co-Founder,Stealth Company,"Surabaya, East Java, ID",,,https://www.linkedin.com/company/stealth-aiops,United States,,,,US,Stealth Company,Co-Founder,2024-09-01,Present,Texas Muslim Women's Foundation,Board Member,2025-01-01,Present,KayN,Advisor,2024-04-01,Present,Honest Medical Group,Director of Growth,2023-01-01,2024-07-01,Hera Health,Corporate Development Associate,2021-11-01,2023-01-01,The University of Texas at Dallas,,,,International Baccalaureate,,,,"Leadership,Microsoft Excel,Teamwork,Finance,Microsoft Office,Financial Modeling,PowerPoint,Microsoft Word,Communication,Marketing,Management,Time Management,Microsoft PowerPoint,Social Media,Customer Service,Sales,Event Planning,Data Entry,Problem Solving",,,,,12,1994,owner,C_suite,po,,,,,
6173917,Matt Wall,Matt,Wall,Verified emails found,2025-10-15 11:18:31.582085,mattw@enocompany.com,mattw@enocompany.com,mattwall67@gmail.com,"mattw@enocompany.com,mattwall67@gmail.com",,"matt.wall@dukemedicine.org,mwall@dukemedicine.org",919-730-9163,919-730-9163,"3362264711
9193573201",,https://www.linkedin.com/in/matt-wall-31802168,,,,,,,Founder,Eno Company,"600 Park Offices Dr Suite LL-85, Durham, North Carolina 27709, US",enocompany.com,http://www.enocompany.com,https://www.linkedin.com/company/eno-company,"Hillsborough, NC, US",Hillsborough,27278,NC ,US,Eno Company,Founder,2022-01-01,Present,Duke University Health System,Parent of Patient,2012-08-01,Present,DPR Construction,Special Services Group Leader,2014-08-01,2022-01-01,Duke Realty Corporation,"Superintendent, Tenant Finish",2013-04-01,2014-08-01,Duke Realty Corporation,Assistant Project Manager,2008-07-01,2013-04-01,Western Carolina University,Bachelor of Science (BS),,,,,,,"Microsoft Project,Contract Management,Manage Client Relationships,Project Management,Organizational Effectiveness,Construction Management,MS Project,Change Orders,Construction,Renovation,Value Engineering,Budgets,Subcontracting,CPM Scheduling,Pre-construction,Submittals,Project Estimation,Public Speaking,Pre Construction,Budgeting,Project Planning,Contract Negotiation",,,"Western Carolina University Alumni, Primavera, Western Carolina University - Construction Management",,21,1984,owner,C_suite,po,,,,,
94883174,Laura Turner,Laura,Turner,Verified emails found,2025-10-15 11:18:31.744047,laura_nailsea@btinternet.com,,laura_nailsea@btinternet.com,laura_nailsea@btinternet.com,,,5102772464,447791566469,447791566469,,https://www.linkedin.com/in/laura-turner-20982786,https://facebook.com/814798811,,,,,,Founder,Stealth Company,,,,https://www.linkedin.com/company/stealth-company-cfoh,"New York, NY, US",New York,,NY ,US,Stealth Company,Founder,2025-05-01,Present,The Council,Member,2025-09-01,Present,Agronomics Limited,Principal,2022-12-01,2025-02-01,Agronomics Limited,Associate,2019-07-01,2022-12-01,Onego Bio,Board Observer,2022-02-01,2025-02-01,University of Oxford,,,,"University of California, Berkeley",,,,"Chemistry,Leadership,Customer Service,Microsoft Excel,Research,Microsoft Office,Microsoft Word,PowerPoint,Research and Development (R&D),Analytical Chemistry,Data Analysis,Public Speaking,HTML,Teamwork,Management,Business Strategy",,,,,6,1990,owner,C_suite,po,,,,,
6544280,Jimmy Yun,Jimmy,Yun,Verified emails found,2025-10-15 11:18:31.907813,jimmy@8vc.com,jimmy@8vc.com,jimmy.s.yun@gmail.com,"jimmy@8vc.com,jimmy.s.yun@gmail.com",,,201-334-8311,201-334-8311,"310-978-5810
310.978.5810
818-889-7300
805-373-5886
213-389-8800
714-523-1200",,https://www.linkedin.com/in/jimmy-s-yun-6560aa77,http://www.facebook.com/jimmy.s.yun,,,,,,Co-Founder,Stealth Company,,,,https://www.linkedin.com/company/stealth-company-cfoh,"San Francisco, CA, US",San Francisco,,CA ,US,Stealth Company,Co-Founder,2025-01-01,Present,8VC,Principal,2024-01-01,Present,Harpoon,Investor,2021-01-01,2024-01-01,Bank of America Merrill Lynch,Capital Markets,2019-01-01,2021-01-01,Citi,Capital Markets,2017-01-01,2019-01-01,Union College,,,,Phillips Exeter Academy,,,,"Event Planning,Leadership,Teamwork,Korean,Microsoft Word,Data Analysis,Financial Modeling,PowerPoint,Bloomberg Terminal,Microsoft Excel,Market Research,Market,Public Speaking,Team Leadership,Editing,Financial Analysis,Capital IQ,Sales,Financial Accounting",,,,,8,1962,owner,C_suite,po,,,,,
18848737,Scott Lumby,Scott,Lumby,Verified emails found,2025-10-15 11:18:32.076174,scott@wellbuiltco.com,scott@wellbuiltco.com,scott.lumby@gmail.com,"scott@wellbuiltco.com,scott.lumby@gmail.com",,,2032497717,61437506917,61437506917,(203) 900-7868,https://www.linkedin.com/in/scott-lumby-489a3a2b,https://facebook.com/scott.lumby,,,,,,Co-Founder,Wellbuilt Company,"2 Armonk St, Greenwich, Connecticut 06830, US",wellbuiltco.com,http://www.wellbuiltco.com/,https://www.linkedin.com/company/wellbuilt-company,"Stamford, CT, US",Stamford,,CT ,US,Wellbuilt Company,Co-Founder,2011-06-01,Present,Kiddlum,Managing Director,2001-01-01,2013-07-01,Oakstand Property Group,Development Manager,2011-01-01,2013-01-01,Bob Bowden Properties,Development Manager,2006-11-01,2010-12-01,,,,,University of New South Wales,Bachelor of Building Construction Management,,,"St Josephs College, Huntershill",High School Certificate,,,"Contract Negotiation,Negotiation,Project Management,Customer Service,Construction,New Business Development,Real Estate Development,Real Estate,Management,Construction Management,Business Strategy,Architecture,LinkedIn,Open Networker,Operations Management,Procurement,Team Management,Sales,Leadership,Value Engineering,Design Management,Business Development,Renovation,Strategy,Change Management,Residential Homes",,,,,24,1980,owner,C_suite,po,,,,,
21479235,Rick Dunham,Rick,Dunham,Verified emails found,2025-10-15 11:18:32.245268,eupdates@dunhamandcompany.com,eupdates@dunhamandcompany.com,rickdunham@gmail.com,"eupdates@dunhamandcompany.com,rdunham@dunhamandcompany.com",rickdunham@gmail.com,,4694540100,,"4082609600
4693843732",(469) 454-0100,https://www.linkedin.com/in/rick-dunham-77318b7,,https://twitter.com/rjdunham,,,,,Founder+Chairman,Dunham+Company,"6111 W Plano Parkway Suite 2700, Plano, Texas 75093, US",dunhamandcompany.com,http://www.dunhamandcompany.com,https://www.linkedin.com/company/dunham---company,"Plano, TX, US",Plano,,TX ,US,Dunham+Company,Founder+Chairman,2022-04-01,Present,Dunham+Company,Chief Executive Officer,2002-11-01,2022-04-01,,,,,,,,,,,,,Dallas Theological Seminary,,,,Biola University,,,,"Fundraising,Non-profits,Strategic Planning,New Business Development,Marketing Strategy,Strategy,Nonprofits,Entrepreneurship,Public Speaking,Social Media,Creative Direction,Project Management,Social Media Marketing,Volunteer Management,Public Relations,Media Relations,Advertising,Marketing,Marketing Communications,Radio,Direct Marketing,Online Marketing,Online Advertising,Direct Mail,Copywriting,SEO,Email Marketing,Event Planning,Integrated Marketing,Direct Mail Fundraising,Newsletter Production,Branding & Identity,Major Donor Cultivation,Non Profits,Branding and Identity",,,,,22,1953,owner,C_suite,po,,,,,
42553,Carter Reum,Carter,Reum,Verified emails found,2025-10-15 11:18:32.431336,carter@m13.co,carter@m13.co,,"carter@m13.co,carter.reum@m13.co",,,646-338-7386,646-338-7386,"310-666-4628
3102478785
+53 5 5353957
1.646.338.7386
310-362-8489
404-493-4257
212-902-5567
323-937-0345
630-497-0938
630-497-6738
6306420215
4242794361
3104672060
212-902-3000
818-710-0319
310-497-6738",,https://www.linkedin.com/in/carterreum,http://www.facebook.com/carterreum,,,https://www.crunchbase.com/person/carter-reum-la,,,Co-Founder,M13 Company,"1920 Olympic Blvd, Santa Monica, California 90404, US",m13.co,http://m13.co,https://www.linkedin.com/company/m13-company,"Los Angeles, CA, US",Los Angeles,,CA ,US,M13 Company,Co-Founder,2016-06-01,Present,Shortcut Your Startup,Co Author,2018-01-01,Present,Los Angeles County Museum of Art (LACMA),Member of the Board of Trustees,2017-01-01,Present,Inc. Magazine,Contributing Writer,2015-01-01,Present,Angel Investor,"Consumer, Tech and Innovative Content",2006-01-01,Present,Columbia University,Bachelor's of Economics,,,Elgin Academy,,,,"New Business Development,Marketing,Social Media,Marketing Strategy,Private Equity,Social Networking,Social Media Marketing,Brand Management,Brand Development,Business Development,Microsoft Office,Market Planning,Management,Product Development,Entrepreneurship,Event Management,Sales,Financial Analysis,Business Strategy",,,,,21,1981,owner,C_suite,po,,,,,
241540503,Joshua Cruz,Joshua,Cruz,Verified emails found,2025-10-15 11:18:32.615447,kamilla.osharova@mail.ru,,kamilla.osharova@mail.ru,kamilla.osharova@mail.ru,,,,,,,https://www.linkedin.com/in/joshua-cruz-b331a0200,,,,,,,Founder,Ford Motor Company,"1 American Rd, Dearborn, Michigan 48126, US",ford.com,http://www.ford.com,https://www.linkedin.com/company/ford-motor-company,"New York, NY, US",New York,,NY ,US,Ford Motor Company,Founder,,Present,Gulftex Energy,Recruiter,2004-09-01,Present,,,,,,,,,,,,,,,,,,,,,,,,,,21,1982,owner,C_suite,po,,,,,
57594278,Jed Millburn,Jed,Millburn,Verified emails found,2025-10-15 11:18:32.778201,jed@millburncompany.com,jed@millburncompany.com,,jed@millburncompany.com,,,801-809-0521,801-809-0521,8012944688,(801) 531-1221,https://www.linkedin.com/in/jed-millburn-051696140,,,,,,,"Founder, Chairman, and CEO",Millburn & Company,"15 W South Temple Ste # 640, Salt Lake City, Utah 84101, US",millburncompany.com,https://millburncompany.com/,https://www.linkedin.com/company/millburn-&-company,"Salt Lake City, UT, US",Salt Lake City,,UT ,US,Millburn & Company,"Founder, Chairman, and CEO",2010-03-01,Present,"ARA, A Newmark Company",Managing Principal,2007-01-01,2013-01-01,Equimark Properties,Vice President,2004-01-01,2007-01-01,,,,,,,,,Brigham Young University - Idaho,Business,,,,,,,,,,,,21,1981,owner,C_suite,po,,,,,
374134060,Harish P.,Harish,P.,Verified emails found,2025-10-15 11:18:32.964405,harish_p@mastercard.com,harish_p@mastercard.com,,,harish_p@mastercard.com,harish.p@mastercard.com,,,,,https://www.linkedin.com/in/adg-0a1599149,,,,,,,Founder,Stealth Company,,,,https://www.linkedin.com/company/stealth-company-cfoh,"New York, NY, US",New York,,NY ,US,Stealth Company,Founder,2024-05-01,Present,The Learning Experience,Franchise Owner,2024-08-01,Present,Mastercard,Director of Product and Engineering,2023-01-01,Present,Comcast,Sr. Engineering Leader,2015-07-01,2022-12-01,Global Clients,Software Engineering Manager,2006-06-01,2013-12-01,SUNY Polytechnic Institute,Master of Science - MS,,,IBS Hyderabad,Master of Business Administration - MBA,,,,,,,,17,,owner,C_suite,po,,,,,
18492359,Tim Wilson,Tim,Wilson,Verified emails found,2025-10-15 11:18:33.113325,twilson@parkingmgt.com,twilson@parkingmgt.com,tj.wilson67@gmail.com,"twilson@parkingmgt.com,tj.wilson67@gmail.com",,,6153005128,6153005128,"6153520415
8123523586
6153832282",,https://www.linkedin.com/in/tim-wilson-324b4910,https://facebook.com/tim.wilson.33483903,,,,,,"Founder, Executive Chairman",Parking Management Company,"Nashville, Tennessee 37209, US",parkingmgt.com,http://www.parkingmgt.com,https://www.linkedin.com/company/parking-management-company,"Nashville, TN, US",Nashville,,TN ,US,Parking Management Company,"Founder, Executive Chairman",2017-05-01,Present,,,,,,,,,,,,,,,,,Belmont University,Mkt/can,,,,,,,"Event Planning,Sales,Strategic Planning,Marketing,Team Building,Event Management,Budgets,Corporate Events",,,Healthcare Network - marcus evans Summits,,8,1976,owner,C_suite,po,,,,,
116088904,Dante Andrade,Dante,Andrade,Verified emails found,2025-10-15 11:18:33.423051,dante@tourocompany.com,dante@tourocompany.com,,dante@tourocompany.com,,,214-704-2441,214-704-2441,+55 75 3623-4561,,https://www.linkedin.com/in/danteandrade,http://www.facebook.com/people/_/100004038304891,,,,,,Founder and CEO,Touro Company,"Dallas, Texas, US",tourocompany.com,http://www.tourocompany.com,https://www.linkedin.com/company/touroco,"Dallas, TX, US",Dallas,,TX ,US,Touro Company,Founder and CEO,2015-01-01,Present,Sumrok Multifamily Investing,Director of Acquisitions,2014-07-01,Present,DMUSIC LLC,Independent Business Owner,2005-03-01,2017-05-01,Expeditors,IT Manager,2002-03-01,2005-03-01,,,,,University of North Texas,Bachelor’s Degree,,,,,,,,,,,,23,1981,owner,C_suite,po,,,,,
876545,Scott Thompson,Scott,Thompson,Verified emails found,2025-10-15 11:18:33.629866,scott@astoriacompany.com,scott@astoriacompany.com,affiliatescott@gmail.com,"scott@astoriacompany.com,affiliatescott@gmail.com,lschubert@astoriacompany.com,scott@bellame.com",,,5104102003,5104102003,"201-819-5923
5106637016
5152165455
845-709-6130
5102512003
5108322860
5104280900
5105621896
5106355081
+91 510 663 7016
888-841-5170
8312276580",(510) 663-7016,https://www.linkedin.com/in/astoria,https://facebook.com/scott.thompson.9440234,https://twitter.com/astoriacompany,,,,,CEO and Founder,Astoria Company,"6387 Camp Bowie Blvd Ste B # 631, Fort Worth, Texas 76116, US",astoriacompany.com,http://www.astoriacompany.com,https://www.linkedin.com/company/astoria-company,"Fort Worth, TX, US",Fort Worth,,TX ,US,Astoria Company,CEO and Founder,2010-01-01,Present,REACH: Responsible Enterprises Against Consumer Harassment (R.E.A.C.H),Founding Board Member,2023-02-01,Present,BELLAME Beauty,Chairman and President and Founder,2017-03-01,Present,,,,,,,,,Saint Mary's College of California,,,,Bishop O'Dowd High School,,,,"Affiliate Marketing,Public Speaking,Strategic Planning,Mobile Devices,Project Management,Customer Acquisition,Social Media,Affiliate Networks,Marketing,Advertising,Lead Generation,Pay Per Call,Mobile Marketing,PPC,Marketing Strategy,CPL,Display Advertising,Online Lead Generation,SEO,Business Development,B2b Marketing,Conversion Optimization,Affiliate Management,Email Marketing",,,,,15,1968,cxo,C_suite,po,,,,,
2126667,Lori Turner-Wilson,Lori,Turner-Wilson,Verified emails found,2025-10-15 11:18:33.807599,lori@redrovercompany.com,lori@redrovercompany.com,loriturnerwilson@gmail.com,lori@redrovercompany.com,loriturnerwilson@gmail.com,,9012662662,,"888.695.4065
901.810.3174
9014832103",(901) 266-2662,https://www.linkedin.com/in/redrover,https://facebook.com/loriturnermemphis,https://twitter.com/loriturner,,,,,CEO and Founder,RedRover Company,"22 N. Front St. Ste. 300, Memphis, Tennessee 38103, US",marketingresultsguaranteed.com,http://www.marketingresultsguaranteed.com,https://www.linkedin.com/company/redrover-company,"Memphis, TN, US",Memphis,38103,TN ,US,RedRover Company,CEO and Founder,2006-01-01,Present,CEOWORLD magazine,Executive Council Member,2025-02-01,2025-04-01,First Tennessee Bank,VP Employee Communications,2003-01-01,2005-01-01,Hilton Hotels Corporation,Director of Target Marketing,2000-01-01,2003-01-01,FNBC Bank,Vice President Marketing,1998-01-01,2000-01-01,University of Nebraska-Lincoln,B.S.,,,University of Colorado Boulder,Advanced Degree in Bank Marketing and Management,,,"Marketing Strategy,Brand Development,Sales Management,Market Research,Online Marketing,Public Relations,Sales Skills Training,Sales Trainings,Sales Coach,Market Planning,Market Analysis,Marketing Communications,Direct Marketing,Product Marketing,Email Marketing,Sales Process,Social Media,Promotions,Internal Communications,Strategic Planning,New Business Development,Advertising,Social Media Marketing,Public Speaking,Customer Relations,Account Management,Business Planning,Event Management,Budgeting,Team Building,Small Business,Event Planning,Competitive Analysis,Problem Solving,Negotiation,Contract Negotiation,Coaching,B2B,Customer Service,Business Strategy,Writing,Social Networking,Product Development,Non-profits,Copywriting,Digital Marketing,Fundraising,Budgets,Sales,Sales Operations,Marketing,Management,Non Profits,Strategy,Sales and Marketing",,,"The Official University of Nebraska-Lincoln Alumni Association, Export Forum, eMarketing Association Network, University of Arkansas Alumni, Employee Recognition Community, MemphisLinks, Memphis College Prep Elementary School",,26,1970,owner,C_suite,po,,,,,
81150863,Robert Brinberg,Robert,Brinberg,Verified emails found,2025-10-15 11:18:33.994410,robert@roseandco.com,robert@roseandco.com,robertbrinberg@gmail.com,"robert@roseandco.com,robertbrinberg@gmail.com,rbrinberg@gmail.com",,,2129202955,,"2122575932
6464150276",(646) 495-9785,https://www.linkedin.com/in/robert-brinberg-7b7b2713,,,,,,,Co-founder and President,Rose & Company,"445 Park Ave Suite 700, New York, New York 10022, US",roseandco.com,http://roseandco.com/,https://www.linkedin.com/company/rose-&-company,"New York, NY, US",New York,,NY ,US,Rose & Company,Co-founder and President,2015-01-01,Present,Dahlman Rose & Co.,Chief Operating Officer,2005-02-01,2013-04-01,,,,,,,,,,,,,Trinity College-Hartford,BA,,,,,,,,,,,,18,1955,owner,C_suite,po,,,,,
2076455,Adrienne Prentice,Adrienne,Prentice,Verified emails found,2025-10-15 11:18:34.173028,adrienne@keep-company.com,adrienne@keep-company.com,adrienne.prentice@gmail.com,"adrienne@keep-company.com,adrienne.prentice@gmail.com,adrienneprentice@gmail.com,adrienne.belyea@gmail.com",,,2022137248,,202.213.7248,,https://www.linkedin.com/in/adrienneprentice,http://www.facebook.com/adrienne.belyea.9,,,,,,Co-founder and CEO,Keep Company,"Bethesda, Maryland, US",keep-company.com,https://keep-company.com/,https://www.linkedin.com/company/joinkeepcompany,"Bethesda, MD, US",Bethesda,,MD ,US,Keep Company,Co-founder and CEO,2022-05-01,Present,MotherNation,Founder and CEO,2018-07-01,2022-05-01,Parachute Coaching,Leadership Coach,2018-07-01,2019-12-01,Hogan Lovells,Manager of Attorney Talent,2017-09-01,2018-07-01,Hewlett Packard Enterprise,Vice President and Associate General Counsel,2016-05-01,2017-03-01,Cornell University,,,,American University Washington College of Law,,,,"Coaching,HR Consulting,Diversity & Inclusion,Workshops,Community Building,Microsoft Office,Research,Microsoft Excel,Business Development,Public Speaking,Legal Research,Sales,Support,Legal,Strategy",,,,,17,1982,owner,C_suite,po,,,,,
8910037,Russ Phillips,Russ,Phillips,Verified emails found,2025-10-15 11:18:34.348324,russ@pathcompany.com,russ@pathcompany.com,russ.phillips@gmail.com,"russ@pathcompany.com,russ.phillips@gmail.com,russ.phillips@yahoo.com,rjpea4@yahoo.com,rlphilpa07@aol.com",rphillips@pathcompany.com,,724-493-3598,724-493-3598,"901-230-0468
901-896-5130
9012487971
9012502474
724-925-2278
724-837-6641
724-832-8284
724-836-8005
724-836-1434
812-343-1714
817-683-7131
724-622-2336
901-348-2853",,https://www.linkedin.com/in/russphillips,http://www.facebook.com/russ.phillips.583,,,,,,Co-Founder and Principal,Path Company,"1635 Lelia Dr 102, Jackson, Mississippi 39216, US",pathcompany.com,http://www.pathcompany.com,https://www.linkedin.com/company/path-company,"Memphis, TN, US",Memphis,38103,TN ,US,Path Company,Co-Founder and Principal,2017-08-01,Present,Trane,System Sales Engineer,2002-07-01,2017-08-01,,,,,,,,,,,,,University of Missouri-Columbia,BS,,,,,,,"HVAC,Building Automation,Energy Audits,Energy Management,Energy Efficiency,Engineering,LEED,Steam,Piping,Energy,Green Building,Mechanical Engineering,Energy Conservation,Construction,Air Conditioning,HVAC Controls,Cooling Water,Contractors,MEP,LEED AP,CAD,Refrigeration,Facilities Management,Heating,Building Management Systems,Ventilation,Auditing,Sales,Business Analysis,Modeling,Microsoft Excel,Business Strategy,Integration",,,,,23,1983,owner,C_suite,po,,,,,
18462362,Matt Edlen,Matt,Edlen,Verified emails found,2025-10-15 11:18:34.528297,matt.edlen@edlenandco.com,matt.edlen@edlenandco.com,mattedlen@gmail.com,"matt.edlen@edlenandco.com,mattedlen@gmail.com,matt.edlen@gmail.com",,matt@edlenandco.com,5039296129,5039296129,"5035395463
5034677530
5032975897
5032996000
5032012820",,https://www.linkedin.com/in/matt-edlen-9792a411,https://facebook.com/matt.edlen,https://twitter.com/medlen,,,http://www.angel.co/251806,https://quora.com/matt-edlen,Co-Founder and Partner,Edlen & Company,"Portland, Oregon 97209, US",edlenandco.com,http://www.edlenandco.com,https://www.linkedin.com/company/edlenandco,"Portland, OR, US",Portland,,OR ,US,Edlen & Company,Co-Founder and Partner,2021-01-01,Present,Gerding Edlen,Developer,2020-01-01,2021-01-01,Gerding Edlen,Developer,2011-06-01,2020-08-01,Gerding Edlen,Director of Marketing and Sales,2009-06-01,2011-06-01,Realty Trust Group,Intern,2004-01-01,2006-01-01,Loyola University of Chicago,Bachelor of Science,,,,,,,"Real Estate,Real Estate Development,Marketing Strategy,Customer Service,Market Research,Business Development,Public Speaking,Marketing,Social Media Marketing,Contract Negotiation,Sales,Social Media,Sales Management,Project Management,Investment Properties,Brand Development,Budgets,Negotiation,Microsoft Excel,Event Management,Marketing Communications,Property Management,Financial Analysis,Residential Homes,Property,Real Estate Transactions,Retail,Public Relations,Business Strategy,Entrepreneurship,Selling,Start-ups,Fundraising,Advertising,Social Networking,Strategic Planning,New Business Development,Leadership,Email Marketing,Management,Event Planning,Team Building,Microsoft Office,Commercial Real Estate,Budgeting,Networking,Start Ups",,,"Emerging Professionals of Portland, The Real Estate Networking Group (Investor Strategies), Loyola University Chicago Alumni, Oregon Entrepreneurs Network",,18,1986,owner,C_suite,po,,,,,
19422455,Adam Katz,Adam,Katz,Verified emails found,2025-10-15 11:18:34.721932,adam@companypolicy.studio,adam@companypolicy.studio,adamkatz.xyz@gmail.com,"adam@companypolicy.studio,adamkatz.xyz@gmail.com,katzmandu22@gmail.com",,,4126574042,4126574042,"412.657.4042
3102893001",,https://www.linkedin.com/in/adkatz,https://facebook.com/katzmandu22,https://twitter.com/laugh_track,,,,,Founder and CCO,Company Policy,"New York, US",companypolicy.studio,http://www.companypolicy.studio,https://www.linkedin.com/company/company-policy-studio,"New York, NY, US",New York,,NY ,US,Company Policy,Founder and CCO,2021-03-01,Present,Go Fractional,Fractional CMO and ECD,2023-10-01,Present,School of Visual Arts - MFA Design,Professor,2014-01-01,2021-06-01,MediaMonks,Design Director,2020-07-01,2021-03-01,Hello Alfred,Design Director,2020-02-01,2020-07-01,School of Visual Arts,MFA,,,Syracuse University,BFA,,,"GUI,Corporate Identity,Packaging,Print Design,Information Graphics,Writing,Facets,Video Production,Observer,Publications,Adobe,Fine Art,Books,Concept Development,Magazines,Sketching,Screen Printing,Marketing Materials,Letterpress,Visual Communication,Wireframing,User Experience,Graphic Design,Networking,Endeavor,Web Design,Brand Identity,New York,Interaction Design,Lounge,Communication,Bloomberg,Experience Design,Publishing,Music Education,Visual Arts,Product Design,Media,Mac,Google,Branding,HTML,Communication Design,Mobile Application Design,Marketing,Scholarships,Final Cut Pro,Skin,CSS,SystemVerilog,Art Direction,User Interface Design,Design,PC,Marketing Communications,Product Development,Logo Design,Buck,Seer,Adobe Creative Suite,AES,Chicago,User Experience Design,Typography,Campaigns,Nature,Print,InDesign,Websites,Responsibility,Branding And Identity",,,,,17,1986,owner,C_suite,po,,,,,
5623592,Bob Robotti,Bob,Robotti,Verified emails found,2025-10-15 11:18:34.897449,robotti@robotti.com,robotti@robotti.com,bobrobotti@gmail.com,"robotti@robotti.com,robottib@robotti.com","bobrobotti@gmail.com,brobotti@tdw.com,bob.robotti@pulseseismic.com","brobotti@pulseseismic.com,bobrobotti@pulseseismic.com",2123621257,,"2132701411
8663153372
6464426717",(212) 986-4800,https://www.linkedin.com/in/bob-robotti-3b128414,,,,,,,Founder and Chief Investment Officer,Robotti & Company,"60 East 42nd Street Suite 3100, New York, New York 10165-0057, US",robotti.com,http://www.robotti.com,https://www.linkedin.com/company/robotti-&-co-,"New York, NY, US",New York,,NY ,US,Robotti & Company,Founder and Chief Investment Officer,1983-07-01,Present,Tidewater ,Board Member,2021-06-01,Present,Pulse Seismic Inc.,Chair Board of Directors,2007-12-01,Present,"AMREP Southwest, Inc.",Board Member,2016-09-01,Present,PrairieSky Royalty Ltd.,Member Board Of Directors,2019-10-01,2023-04-01,Pace University - Lubin School of Business,MBA,,,Bucknell University,BSBA,,,"Financial Reporting,Marketing,Business Development,Public Speaking,Strategic Planning,Investments,Strategy,Leadership Development",,,"The Family Office Club - #1 Largest Family Office Association | Ultra-Wealthy Wealth Management, Family Office, VALUEx, NYSSA (The Official Group), Xavier High School Alumni, Linked:Energy (Energy industry expertise), Value Investing Congress",,49,1953,owner,C_suite,po,,,,,
7943784,Kamil Kowalkowski,Kamil,Kowalkowski,Verified emails found,2025-10-15 11:18:35.109050,kamil7350@gmail.com,,kamil7350@gmail.com,kamil7350@gmail.com,,,3128047064,3128047064,7734359055,,https://www.linkedin.com/in/kamil-kowalkowski-88642bab,,,,,,,Co-Founder,Real Estate company,LT,rebank.lt,http://www.rebank.lt/broker/indre,https://www.linkedin.com/company/real-estate-company,"Chicago, IL, US",Chicago,,IL ,US,Real Estate company,Co-Founder,2022-04-01,Present,,,,,,,,,,,,,,,,,,,,,,,,,"Real Estate,SEO,Search Engine Ranking,Online Lead Generation,Online Marketing,Strategic Planning,Marketing Strategy,Digital Marketing,SEO Audits,Marketing,Sales,SEM,New Business Development,Management,Business Development,Leadership,Customer Service,Social Media,Search Engine Optimization (SEO),Social Media Marketing,Search Engine Marketing (SEM),Keyword Research,Web Services,Search Engine Marketing Sem,Search Engine Optimization Seo,Search Engine Optimization,Search Engine Marketing",,,,,3,1994,owner,C_suite,po,,,,,
82481975,Carrie Van Winkle Greener,Carrie,Van Winkle Greener,Verified emails found,2025-10-15 11:18:35.289226,carrie@pappyco.com,carrie@pappyco.com,,carrie@pappyco.com,,,2084509464,2084509464,,(888) 834-9831,https://www.linkedin.com/in/carrie-van-winkle-greener-0a41279a,https://facebook.com/carrie.greener,,,,,,Co-Founder,Pappy & Company,"843 E Market St, Louisville, Kentucky 40206, US",pappyco.com,https://pappyco.com/,https://www.linkedin.com/company/pappy-company,"Louisville, KY, US",Louisville,,KY ,US,Pappy & Company,Co-Founder,2013-09-01,Present,,,,,,,,,,,,,,,,,College of Charleston,Bachelor's degree,,,,,,,,,,,,12,1979,owner,C_suite,po,,,,,
74271163,Case Anderson,Case,Anderson,Verified emails found,2025-10-15 11:18:35.461441,case@seagerco.com,case@seagerco.com,case.anderson@yahoo.com,"case@seagerco.com,case.anderson@yahoo.com",,caseanderson@yahoo.com,949-292-3681,949-292-3681,"949-292-8946
949-454-1624",,https://www.linkedin.com/in/case-anderson,https://facebook.com/case.anderson,http://www.twitter.com/case_andersonn,,,,,"Co-Founder, Chief Marketing Officer",Seager Company,"27432 Calle Arroyo, San Juan Capistrano, California 92675, US",seagerco.com,https://seagerco.com,https://www.linkedin.com/company/seager-co,"San Juan Capistrano, CA, US",San Juan Capistrano,,CA ,US,Seager Company,"Co-Founder, Chief Marketing Officer",2014-04-01,Present,Uscape Apparel,Consultant,2019-02-01,2019-06-01,"House Brewing, Inc.",Sales and Marketing Representative,2017-09-01,2018-04-01,"House Brewing, Inc.",Brand Ambassador,2017-07-01,2018-04-01,Uncle Bill Hat Company,Co-Founder,2023-01-01,Present,"California State University, Fullerton",Bachelor Degree in Business,,,,,,,"Customer Service,Project Management,sales,Social Media Marketing,Microsoft Office,Management,Microsoft Excel,Public Speaking,Leadership,Research,Social Media Optimization (SMO),Marketing Strategy,Entrepreneurship,Retail,Product Development,Brand Development,Brand Management,Sales Operations,Business Strategy,Operational Managemnet",,,,,11,1994,owner,C_suite,po,,,,,
244169130,Drew Willson,Drew,Willson,Verified emails found,2025-10-15 11:18:35.680650,dwillson@hanoverco.com,dwillson@hanoverco.com,drewwillson@yahoo.com,"dwillson@hanoverco.com,drewwillson@yahoo.com,lynnereese2@gmail.com,bigmyke901@yahoo.com",df1974@gmail.com,,901-598-8438,901-598-8438,"901-248-4895
901-685-6951
901-517-4051",,https://www.linkedin.com/in/drew-willson-htx,,,,,,,"Co-Founder, Hanover Opportunities Fund",Hanover Company,"1780 S Post Oak Ln, Houston, Texas 77030, US",hanoverco.com,http://www.hanoverco.com,https://www.linkedin.com/company/the-hanover-company,"Houston, TX, US",Houston,77030,TX ,US,Hanover Company,"Co-Founder, Hanover Opportunities Fund",2024-01-01,Present,The Hanover Company,"Managing Director, Alternative Investments",2021-01-01,Present,SouthernSun Asset Management,Principal,2013-01-01,2020-01-01,Wellspring Management,Principal,2004-01-01,2012-01-01,,,,,Vanderbilt University,Master of Business Administration - MBA,,,Auburn University,Bachelor of Arts - BA,,,,,,,,19,1986,owner,,po,,,,,
235465702,Steven Gu,Steven,Gu,Verified emails found,2025-10-15 11:18:35.865240,wagef104@gmail.com,,wagef104@gmail.com,"wagef104@gmail.com,mpasteven@gmail.com,sguidry88@gmail.com",,,225-405-0265,225-405-0265,"404-536-3196
225-405-0502
404-979-2052",,https://www.linkedin.com/in/steven-gu-esq-cpa-ll-m-tax-bb51b7168,http://www.facebook.com/steven.guidry.73,,,,,,Founder | CEO,GU & COMPANY,"Medellin, Antioquia, CO",guiabiomedica.com,http://www.guiabiomedica.com/,https://www.linkedin.com/company/gu-a-biom-dica,"Alpharetta, GA, US",Alpharetta,,GA ,US,GU & COMPANY,Founder | CEO,2019-01-01,Present,qMenu Inc,Chief Financial Officer,2020-01-01,Present,"Cyber Crucible, Inc.",Chief Financial Officer,2021-01-01,Present,WaterStar Capital,Managing Director,2018-07-01,2018-12-01,PYA,Tax Director,2016-01-01,2018-06-01,University of Florida - Fredric G. Levin College of Law,,,,West Texas A&M University College of Business,,,,"Helping Clients,Consulting,Tax Compliance,Tax Planning,CFO,Tax Law,Tax Advisory,Due Diligence,Venture Capital,Taxations,Private Equity,Part-Time CFO Services",,,,,17,1988,owner,C_suite,po,,,,,
5967606,Nicolas Mindel,Nicolas,Mindel,Verified emails found,2025-10-15 11:18:36.085812,ndmindel@trailpostventures.com,ndmindel@trailpostventures.com,nmindel@gmail.com,"ndmindel@trailpostventures.com,nmindel@gmail.com,nmindel@trailpostventures.com",,nicolas.mindel@rumpl.com,4157064064,4157064064,"415-332-5505
415-332-4473",,https://www.linkedin.com/in/nmindel,https://facebook.com/nmindel,https://twitter.com/nmindel,,,https://angel.co/nick-mindel,,Co-Founder,Stealth Company,,,,https://www.linkedin.com/company/stealth-company-cfoh,"San Marcos, CA, US",San Marcos,,CA ,US,Stealth Company,Co-Founder,2024-06-01,Present,Naadam,Investor,2018-04-01,Present,Sweetfin,Investor,2015-11-01,Present,Rumpl,Investor,2018-08-01,Present,Trail Post Ventures,Co-Founder and Partner,2017-05-01,Present,USC Marshall School of Business,Master of Business Administration (M.B.A.),,,University of Southern California,Bachelor of Arts; Bachelor of Arts,,,"Financial Modeling,Investment Banking,Valuation,LBO,Financial Analysis,Private Equity,Mergers & Acquisitions,Bloomberg,Consumer Goods,Credit Analysis,Excel,Word,PowerPoint,DCF,Venture Capital,Microsoft Excel,Due Diligence,Investments,Finance,Management,Business Strategy,Customer Service,Mergers &Amp,Leadership,Debt Finance,Public Speaking,Research,Business Consulting,Microsoft Office,Mergers and Acquisitions,Analytics,Acquisitions,Interpersonal Skills",,,"Wall Street Oasis, Mergers & Acquisitions - themiddlemarket.com | Discussion Group, Financial Analyst Club Worldwide, Finance Resume Book, DealFlow Source Network | Food and Beverage, Alternative Financing and Fund Raising, Mezzanine & Junior Capital Deal Flow, USC Marshall Alumni - Orange County, Claremont McKenna College Alumni Association, DealFlow Source Network | Private Equity, Venture Capital, M&A Deal Flow, VC / PE Investing in Consumer-Driven Businesses, University of Southern California, Marshall School of Business, Restaurant Lab, Wall Street Jobs",,9,1986,owner,C_suite,po,,,,,
227576993,Evan Pierce,Evan,Pierce,Verified emails found,2025-10-15 11:18:36.247157,evan.pierce@googlemail.com,evan.pierce@googlemail.com,,evan.pierce@googlemail.com,,"evan.pierce@newcompany.com,evanpierce@newcompany.com",,,,,https://www.linkedin.com/in/evan-pierce-a40513166,https://facebook.com/mrthinger,,,,,,Founder,new company,DK,newcompany.com,https://newcompany.com,https://www.linkedin.com/company/new-company,"San Francisco, CA, US",San Francisco,,CA ,US,new company,Founder,2024-06-01,Present,Google,Software Engineer L4,2022-08-01,2024-06-01,"Clover Network, Inc.",Software Engineer II,2021-05-01,2022-06-01,Lockheed Martin,Software Engineer Intern,2020-06-01,2021-02-01,"Rex Direct Net, Inc.",Software Engineer,2018-12-01,2020-09-01,Rowan University,,,,Camden County College,,,,,,,,,6,1984,owner,C_suite,po,,,,,
937592,Jennifer Beck,Jennifer,Beck,Verified emails found,2025-10-15 11:18:36.445019,jagargotto@gmail.com,jen@jihi.com,jagargotto@gmail.com,"jagargotto@gmail.com,jagbella@gmail.com",jen@jihi.com,jennifer.beck@jihi.com,3038956092,3038956092,"1.7205602010
1.7204869673
7205606265",,https://www.linkedin.com/in/jennifergargotto,https://facebook.com/jennifergargotto,,,,,,Co-Founder,Jihi Company,US,jihi.com,https://www.jihi.com,https://www.linkedin.com/company/jihi-company,"Denver, CO, US",Denver,80219,CO ,US,Jihi Company,Co-Founder,2019-08-01,Present,Morphosis Studios,Partner,2019-09-01,2023-08-01,Helix TCS,Chief Marketing Officer,2016-04-01,2017-04-01,Cannabase,"Co-Founder, Chief Executive Officer",2013-08-01,2017-04-01,MsMorphosis.com - Owner,MsMorphosis.com,2010-12-01,2014-12-01,University of Colorado Boulder,BA,,,New York University,,,,"Lead Generation,Social Media Marketing,Email Marketing,Integrated Marketing,Relationship Marketing,Marketing Communications,Social Networking,Event Management,Marketing Strategy,Wordpress,Blogging,Corporate Branding,Personal Branding,Video Blogging,Interviews,Copywriting,Copy Editing,SEO copywriting,Affiliate Marketing,Affiliate Networks,Freelance Writing,Social Media Consulting,Blog Consulting,Online Advertising,SEO,Advertising,Analytics,Online Marketing,PPC,Facebook,Content Strategy,Web Analytics,SEM,Digital Marketing,B2B Marketing,Google Analytics,Google Adwords,Start-ups,Web Development,Marketing,Mobile Marketing,Web Marketing,Digital Strategy,Content Marketing,Salesforce.com,Website Development,Software Development,Disruptive Technologies,Medical Marijuana,Start Ups","Colorado Cannabis Chamber of Commerce,The Women of Weed Council (WOW)",,"CRM Experts, Cherry Creek High School Alumni, Small Business Network: Startups & Entrepreneurs talk Social Media Marketing Startup Jobs Sales PR, New Tech (BDNT) Colorado, Motivation Nation, Online Marketing Best Practices, Quotivate",,12,1986,owner,C_suite,po,,,,,
69530761,Nancy Trent,Nancy,Trent,Verified emails found,2025-10-15 11:18:36.641451,nancy@trentandcompany.com,nancy@trentandcompany.com,nancytrent@gmail.com,"nancy@trentandcompany.com,trentpr@trentandcompany.com",nancytrent@gmail.com,,2129660024,2129660024,"4246440678
1.2129660024
2122191158
2129251127",(301) 298-1001,https://www.linkedin.com/in/nancy-trent-755aaa1,,,,,,,Founder and President,Trent & Company,"5471 Wisconsin Ave 300, Chevy Chase, Maryland 20815, US",trentandcompany.com,http://www.trentandcompany.com/,https://www.linkedin.com/company/trent-&-company,"New York, NY, US",New York,,NY ,US,Trent & Company,Founder and President,2018-08-11,Present,Trent and Company,Greater New York City Area,1987-01-01,Present,Trent and Company,Greater New York City Area,1987-01-01,Present,,,,,,,,,,,,,,,,,"Public Relations,Marketing Communications,Marketing,Management,Corporate Communications,Fashion,Public Speaking,Magazines,Social Media Marketing,Marketing Strategy,Trade Shows,Social Media,Business Development,Editorial,Entrepreneurship",,,,,38,1965,owner,C_suite,po,,,,,
98119634,Alex Wang,Alex,Wang,Verified emails found,2025-10-15 11:18:36.827344,alex@getwilson.ai,alex@getwilson.ai,,alex@getwilson.ai,,,4407738493312,4407738493312,,,https://www.linkedin.com/in/alex-wang-53462a134,,,,,,,Co-Founder,WilsonAI Company,"San Francisco, California 19904, US",getwilson.ai,https://www.getwilson.ai,https://www.linkedin.com/company/wilsonai-company,United States,,,,US,WilsonAI Company,Co-Founder,2024-09-01,Present,Entrepreneur First,Founder in Residence,2024-04-01,2024-09-01,Portofino Technologies,Quantitative Researcher,2023-02-01,2023-12-01,Amber Group,Quantitative Blockchain Trader,2022-04-01,2022-12-01,The D. E. Shaw Group,Quant Systems Developer,2020-09-01,2022-03-01,University of Cambridge,,,,Eton College,,,,,,,,,5,1994,owner,C_suite,po,,,,,
44102681,Aaron Harris,Aaron,Harris,Verified emails found,2025-10-15 11:18:37.053631,aaron@magidandco.com,aaron@magidandco.com,akharris@gmail.com,"aaron@magidandco.com,akharris@gmail.com,aaronharris@magidandco.com,aaronkharris@gmail.com",,,212-877-4224,,"2405952929
6175760695
2094300368",,https://www.linkedin.com/in/aaronkharris,https://facebook.com/aaronkharris,https://twitter.com/harris,,https://crunchbase.com/person/aaron-harris,https://angel.co/akh-ycombinator-com,https://quora.com/aaron-harris,Co-Founder,Magid & Company,US,magidandco.com,https://www.magidandco.com,https://www.linkedin.com/company/magidandco,"New York, NY, US",New York,,NY ,US,Magid & Company,Co-Founder,2021-07-01,Present,Y Combinator,Partner,2013-08-01,2021-02-01,tutorspree,Co-Founder and CEO,2010-09-01,2013-08-01,Bridgewater Associates,Management Associate,2007-07-01,2010-03-01,Compass Advisers,Analyst,2006-07-01,2007-06-01,Harvard University,,,,,,,,"Entrepreneurship,Management,Start-ups,Product Management,Microsoft Office,Microsoft Excel,Startups,Business Strategy,PowerPoint,Start Ups,Project Management",,,,,18,1984,owner,C_suite,po,,,,,
18527009,Judith King,Judith,King,Verified emails found,2025-10-15 11:18:37.233376,judith.king@kingcompr.com,judith.king@kingcompr.com,judithr.king@gmail.com,judith.king@kingcompr.com,judithr.king@gmail.com,,212-561-7450,9175398974,"2125617460
9175398974
2128797680
2125617469
2125617458
2126282167",(212) 269-5550,https://www.linkedin.com/in/judith-r-king-1065194,https://facebook.com/judith.r.king.35,,,,,,Founder and Owner,King + Company,"48 Wall St, Fl 22, New York City, New York 10005, US",kingcompr.com,http://www.kingcompr.com,https://www.linkedin.com/company/kingcompr,"New York, NY, US",New York,,NY ,US,King + Company,Founder and Owner,2013-05-01,Present,King + Company,Founder and Owner,2013-01-01,Present,King + Company,Founder and Owner,2013-01-01,2013-01-01,The Morris + King Company,"Lead Partner, Owner and Co-Principal",2001-09-01,2013-04-01,Dan Klores Communications (DKC),Senior Editorial Consultant,1993-01-01,2000-01-01,Princeton University,BA Cum Laude,,,Spence,,,,"Social Media,Media Relations,Integrated Marketing,Public Relations,Digital Media,Digital Marketing,Copywriting,New Media,Event Management,Editorial,Marketing Communications,Crisis Management,Entertainment,Social Networking,Social Media Marketing,Blogging,Marketing Strategy,Crisis Communications,Media Skills Training,Thought Leadership,Social Media ROI,Internal Communications,Event Planning,Press Releases,Brand Development,Public Speaking,Strategic Communications,Mobile Application,Smart Navigation Application,Marketing,Software Enginerring",,,"Public Relations and Communications Professionals, 6-Figures | For Highly Accomplished Women, Public Relations Specialists, PR Professionals, New York eHealth Collaborative, IvyLife-Princeton, Media & Marketing Professionals Worldwide, IvyLife-Pursuits [Brown Columbia Barnard Cornell Dartmouth Harvard Princeton Penn Wharton Yale], Wholehearted Leadership, Nonprofit Governance, Public Relations Professionals, 💡Innovative Marketing, PR, Sales & Social Media Innovators Innovation Network by Gerald Haman💡, Ed Tech Start Ups, Grammar Geeks",,31,1961,owner,C_suite,po,,,,,
142030383,Sonny Hobbs,Sonny,Hobbs,Verified emails found,2025-10-15 11:18:37.422667,sonnyhobbs@culleokacompany.com,sonnyhobbs@culleokacompany.com,,sonnyhobbs@culleokacompany.com,,,6153914046,,"6159415013
6157949070
6152946971
6153910018",,https://www.linkedin.com/in/sonnyh,,,,,,,Founder,Culleoka Company,"Culleoka, Tennessee 38451, US",culleokacompany.com,http://www.culleokacompany.com,https://www.linkedin.com/company/culleoka-company,"Culleoka, TN, US",Culleoka,38451,TN ,US,Culleoka Company,Founder,2019-05-01,Present,"Cannon Industrial Products, LLC",Executive Officer,2018-03-01,2019-06-01,"Cannon Industrial Products, LLC",Founder . Chief Executive Officer,1997-03-01,2018-03-01,State Industrial Products,Business Development Manager,1991-06-01,1997-02-01,,,,,,,,,,,,,"Team Building,Public Speaking,Strategic Planning,Marketing Strategy,Operations Management,New Business Development,Coaching,Business Strategy,Customer Service,Marketing,Negotiation,Management,Budgets,Process Improvement,Selling,Business Planning,Inventory Management,Cross-functional Team Leadership,Key Account Management,Customer Satisfaction,Social Media Marketing,Microsoft Office,Sales,Sales Operations,Program Management,Organizational Development,Forecasting,Contract Negotiation,Team Leadership,Management Consulting,Product Development,Market Research,B2B,Strategy,Event Management,Direct Sales,Recruiting,Small Business,Entrepreneurship,Leadership Development,Event Planning,Project Management,Business Development,Leadership,Account Management,Start-ups,Public Relations,Training,Sales Management,Start Ups,Cross Functional Team Leadership",,,"Industrial Outside Sales Network, National High School Athletic Administrators Group, Recruiter of Professional Outside Sales",,34,1969,owner,C_suite,po,,,,,
13832908,James Choe,James,Choe,Verified emails found,2025-10-15 11:18:37.605652,james.c.choe@gmail.com,james@hauserhq.com,james.c.choe@gmail.com,"james.c.choe@gmail.com,james@hauserhq.com,james@avenidaliving.com,katielutostanski@gmail.com,orion5286@aol.com",orion5286@comcast.net,"james.choe@hugah.com,james@hugah.com",6197088399,6197088399,"408-255-6670
1.6197088399
410-720-5157
7607075600
4124214867",,https://www.linkedin.com/in/jamescchoe,https://facebook.com/james.c.choe,https://twitter.com/jamescchoe,,,https://angel.co/jameschoe,,Founder and CEO,Thoughtful Company,"Carlsbad, California 92011, US",thoughtfulholdings.co,https://thoughtfulholdings.co,https://www.linkedin.com/company/thoughtfulholdings,"Carlsbad, CA, US",Carlsbad,,CA ,US,Thoughtful Company,Founder and CEO,2024-12-31,Present,Hubble,Advisor,2025-08-31,Present,Hauser®,Founder and Director,2024-12-31,Present,Avenida™,Founder and Director,2024-12-31,Present,Tradehaus®,Founder and Director,2024-04-30,Present,Université Bordeaux,,,,Augustana College,,,,"Startups,Real Estate,Mortgage Lending,P&L Management,Consumer Packaged Goods (CPG),Angel Investing,Consumer Products,eCommerce,Incubator,Advisory,Startup,Mergers & Acquisitions (M&A),Executive Management,Board of Directors,Board Governance,Capital Raising,Operations Management,Cannabis,Sports,Brand Development,Microsoft Office,New Business Development,Marketing Communications,Sales,Troubleshooting,Strategic Planning,Business Strategy,Strategy,Transportation Policy,Leadership,Team Building,Platoon Leader,Banking,Armement,Gestion de crise,Physical Security,Gestion De l'Urgence,Business Development,Negotiation,Team Leadership,Commercial Banking,Sales Management,Manipulation Des Armes,Risk Assessment,Gestion de projet,Microsoft Excel,Crisis Management,Training,Security Management,Emergency Management,Planification de projets,First Aid,Project Planning,Formation,Project Management,Credit Analysis,Premiers Secours,Marketing Strategy,Security,Loans,Surveillance,Commercial Lending,Sales Manager,Visual Merchandising,Competitive Analysis,Digital Marketing,Merchandising,Entrepreneurship,Cross Functional Team Leadership,Product Management,Content Development,Management,Public Relations,Brand Management,Sports Management,Strategic Partnerships,Athlete Marketing,Athlete Representation,Go To Market Strategy,Contract Negotiation,Product Development,Retail Marketing,Sponsorship Activation,Brand Licensing,Product Marketing,Online Marketing,Retail,Event Planning,Advertising,Licensing,Marketing,Retail Industry,Trade Shows,Sporting Goods,Start Ups,Sourcing,Digital Media,Integrated Marketing,Sponsorships,Business Planning,Creative Direction,Email Marketing,Endorsements,Sports Marketing,Sponsorship",,,,,23,1980,owner,C_suite,po,,,,,
38177255,Betsy Hindman,Betsy,Hindman,Verified emails found,2025-10-15 11:18:37.791448,betsy@hindmancompany.com,betsy@hindmancompany.com,hindman.betsy@gmail.com,"betsy@hindmancompany.com,hindman.betsy@gmail.com,daveandbetsy40@aol.com",,,610-220-5731,610-220-5731,"615.403.5071
610-380-1738",(615) 269-0320,https://www.linkedin.com/in/betsyhindman,,https://twitter.com/betsyhindman,,,,,Founder,Hindman Company,"2414 Barton Ave, Nashville, Tennessee 37212, US",hindmancompany.com,http://hindmancompany.com,https://www.linkedin.com/company/hindmancompany,"Nashville, TN, US",Nashville,,TN ,US,Hindman Company,Founder,2018-07-01,Present,Sunday Dinner Community,Member,2018-07-01,Present,Modern Daily Knitting,Partner,2015-07-01,2019-03-01,Raven Public Relations,"VP, Content Marketing and Paid Media",2017-01-01,2018-07-01,Parthenon Publishing,Senior Strategist,2013-03-01,2015-07-01,Vanderbilt University,B.S.,,,Vanderbilt University - Owen Graduate School of Management,Executive Education Programs,,,"Leadership,Product Marketing,Solution Selling,Multi Unit Retail Management,Social Media,Strategic Partnerships,B2b,Key Account Development,Digital Strategy,Key Account Management,Retail,Account Management,Sales,Forecasting,Sales Operations,Business Development,Vendor Relationships,Corporate Communications,Retail Sales Analysis,Competitive Analysis,Digital Marketing,Merchandising,Fundraising,Strategic Planning,Sales Management,Licensing,Operations Management,Content Strategy,Trade Marketing,Marketing,New Business Development,Internal Communications,Cross Functional Team Leadership,Training,Entertainment,Social Media Marketing,Toys,Email Marketing,Business Strategy,Management,Product Development,Project Team Management,Public Relations,Brand Management,Consumer Products,Marketing Strategy,CRM,Retail Marketing,Pricing,Paid Media Strategy,eCommerce,Digital Media,Content Marketing,Advertising,Lead Generation,B2b Marketing,Strategy,Online Advertising,Paid Social Media,Paid Social Media Advertising,Strategic Communications,LinkedIn",,,,,24,1981,owner,C_suite,po,,,,,
27799908,Paul Martin,Paul,Martin,Verified emails found,2025-10-15 11:18:37.971307,pmartin@martincompanyus.com,pmartin@martincompanyus.com,lluma@hotmail.com,"pmartin@martincompanyus.com,lluma@hotmail.com,enzo13405218810@bellsouth.net",,,610-558-0113,610-633-3572,"610-325-4405
610-633-3572
610-325-4455
610-554-5551",,https://www.linkedin.com/in/paul-p-martin-73b84719,,https://twitter.com/martincompany,,,,,Founder and President,Martin & Company,"4024 West Chester Pike, Newtown Square, Pennsylvania 19073, US",martincompanyus.com,http://www.martincompanyus.com,https://www.linkedin.com/company/martin-&-company,"Newtown Square, PA, US",Newtown Square,19073,PA ,US,Martin & Company,Founder and President,1993-07-01,Present,,,,,,,,,,,,,,,,,"Cardinal O'Hara High School (Springfield, PA)",,,,Martin & Company Board Member,,,,"Customer Retention,Complaince,Insurance,Property & Casualty Insurance,General Insurance,Program Management,Social Media,Market Research,Excess & Surplus Lines,Commercial Lines Coverage,Actuarial Science,Sales,P&C,Insurance Consulting,Professional Liability,Filing,Business Intelligence,Start-ups,E&O,Training,Email Marketing,Account Management,Miscellaneous Professional Liability,Risk Analysis,Legal,CGL,Licensed Property & Casualty Insurance Agent,Business Development,Leadership Development,Investments,Agents,Product Liability,Business Strategy,Workers Compensation,Commercial Insurance,Liability,Casualty Insurance,Management,Insure Tech Solutions,Property and Casualty Insurance,Property and Casualty,Strategy,Licensed Property,Marketing,Marketing Strategy,Excess and Surplus Lines,Strategic Planning,Miscellaneous,Start Ups,Licensed Property and Casualty Insurance Agent,Commercial Lines",,,"Insurance Journal - Property Casualty Insurance news & info, Martin & Company, Insurance Underwriter's Professional Network, Insurance Product Management, RIMS, the risk management society, NSM Insurance Group, ProgramBusiness.com, The Institutes, Casualty Actuarial Society, Insurance Society of Philadelphia, TED: Ideas Worth Spreading - Unofficial, Captive Insurance and Risk Retention Group Network, Target Markets Program Administrators Association, Insurance Professionals",,32,1959,owner,C_suite,po,,,,,
86807374,Andrew Chang,Andrew,Chang,Verified emails found,2025-10-15 11:18:38.163081,ac@immersivecompany.com,ac@immersivecompany.com,cyc1213@gmail.com,"ac@immersivecompany.com,cyc1213@gmail.com",,,214-284-3027,214-284-3027,"4086283002
214-553-8125
972-613-3589
972-271-1569",,https://www.linkedin.com/in/andrewchang2018,http://www.facebook.com/andrewtchang,https://twitter.com/i/user/17949304,,,,,"Co-Founder, Technology",Immersive Company,"Los Angeles, California, US",immersivecompany.com,https://www.immersivecompany.com,https://www.linkedin.com/company/immersive-company,"Los Angeles, CA, US",Los Angeles,,CA ,US,Immersive Company,"Co-Founder, Technology",2024-11-01,Present,Oculus VR,Staff Software Engineer,2020-02-01,2024-11-01,Bird,Senior Software Engineer,2019-01-01,2020-02-01,Spotify,Software Engineer,2017-03-01,2018-12-01,,,,,University of Southern California,,,,,,,,,,,,,8,1972,owner,C_suite,po,,,,,
30317351,Fathi Said,Fathi,Said,Verified emails found,2025-10-15 11:18:38.502065,fathi@realcompany.com,fathi@realcompany.com,jpradar@gmail.com,"fathi@realcompany.com,jpradar@gmail.com,fathi.said@realcompany.com,fathi@vybeliving.com",,,614-707-9374,614-707-9374,"1.6147079374
1.6145341961
1.6145341962
1.1234351523
1.8667483383
614-534-1960
866-353-9836
800-861-9394
343-901-9440
614-288-7364",,https://www.linkedin.com/in/fathi-said-b0155a,http://www.facebook.com/fathisaid,http://twitter.com/FathiSaid,,,,,Founder,Real Company,"2201 Market St, San Francisco, California, US",realcompany.com,http://www.realcompany.com,https://www.linkedin.com/company/realcompanyfund,"San Francisco, CA, US",San Francisco,,CA ,US,Real Company,Founder,2020-12-31,Present,Vybe Living,Founder,2017-09-30,Present,"Ecom Partners Development, LLC",Real Estate Investor,2015-12-31,2020-12-01,"Ecommerce, LLC",Chief Executive Officer,1999-12-31,2018-05-01,,,,,,,,,,,,,"Online Advertising,E-commerce,Digital Marketing,Marketing Strategy,Start-ups,Strategy,Online Marketing,Brand Development,Email Marketing,Data Center,Team Building,Product Management,WordPress,Mobile Marketing,Start Ups,E Commerce",,,,,25,1977,owner,C_suite,po,,,,,
7535371,Mitchell Lee,Mitchell,Lee,Verified emails found,2025-10-15 11:18:38.673329,mitch@arcboats.com,mitch@arcboats.com,mitchlee11@gmail.com,"mitch@arcboats.com,mitchlee11@gmail.com",,,224-422-9632,224-422-9632,"224.422.9632
4152978906
4259522985",,https://www.linkedin.com/in/mitchjlee,https://facebook.com/mitchell.lee1,https://twitter.com/dontmitch,https://github.com/dontmitch,https://www.crunchbase.com/person/mitchell-lee,https://angel.co/mitchell-lee,,"Co-founder, CEO",Arc Boat Company,US,arcboats.com,https://arcboats.com,https://www.linkedin.com/company/arc-boat-company,"San Francisco, CA, US",San Francisco,,CA ,US,Arc Boat Company,"Co-founder, CEO",2021-02-01,Present,Credit Karma,Engineering Leader,2018-04-01,2021-02-01,Penny,"Co-founder, CEO",2015-06-01,2018-03-01,Clinkle,Software Engineer,2013-08-01,2015-05-01,Pebble Tech,Software Developer,2013-07-01,2013-11-01,Y Combinator,,,,Northwestern University,Bachelor of Science,,,"Scala,Ruby on Rails,Ruby,Java,JavaScript,jQuery,Backbone.js,CSS,HTML,Matlab,Composites,Finite Element Analysis,Structural Analysis,Unigraphics,Development,Node.js,Node Static,Nginx,Web Development,Redirect,SQL,LESS,Ruby on Rails 4,Computer Engineering,Github",,,,,13,1988,owner,C_suite,po,,,,,
70846708,Imran Jaswal,Imran,Jaswal,Verified emails found,2025-10-15 11:18:38.852222,imran@swiftwaterco.com,imran@swiftwaterco.com,,"imran@swiftwaterco.com,imran.jaswal@swiftwaterco.com",,,8582314948,,,,https://www.linkedin.com/in/imran-jaswal-esq-65ba954,,,,,,,Founder,Swiftwater & Company,"Rancho Santa Fe, California 92067, US",swiftwaterco.com,https://swiftwaterco.com,https://www.linkedin.com/company/swiftwater-company,"Rancho Santa Fe, CA, US",Rancho Santa Fe,,CA ,US,Swiftwater & Company,Founder,2023-03-01,Present,Kroll,Managing Director,2016-04-01,2023-04-01,California Western School of Law,Member Board of Trustees,2013-04-01,2019-09-01,Tregin Solutions Inc.,Co-Founder,2012-09-01,2016-03-01,Huron Consulting Group,Manager,2007-09-01,2012-06-01,"College of Law, Guildford",Post Graduate Diploma in Legal Practice,,,Cardiff University / Prifysgol Caerdydd,Law LLB,,,,,,,,27,1923,owner,C_suite,po,,,,,
20543885,Jeffrey Rutkowski,Jeffrey,Rutkowski,No emails found,2025-10-15 11:18:39.034968,,,,,,,908-812-0749,908-812-0749,"201-230-3452
2127416703
6464908071",,https://www.linkedin.com/in/jeffreyrutkowski,https://facebook.com/misterjeffrey,https://twitter.com/politecompany,,,,,Founder,Polite Company,"Los Angeles, California, US",politecompany.com,http://www.politecompany.com,https://www.linkedin.com/company/politecompany,"Los Angeles, CA, US",Los Angeles,,CA ,US,Polite Company,Founder,2020-04-01,Present,RanaVerse,"VP, Talent and Partnerships",2020-05-01,2024-04-01,Condé Nast,"Senior Director, The Talent Group (CNX)",2018-01-01,2020-05-01,Creative License,"Senior Director, Music and Talent",2013-10-01,2017-12-01,March Management,Marketing Manager,2012-04-01,2013-05-01,University of Colorado,,,,The Hun School of Princeton,,,,"Music Supervision,Sales,Music,Strategic Planning,Celebrity Talent,Marketing,Entertainment,Music Industry,Social Media,Social Media Marketing,Music Licensing,Marketing Strategy,A&r,Talent Management,Recruiting,Strategic Partnerships,Creative Direction,Microsoft Excel,Advertising,Talent Booking,Influencer Marketing,Celebrity Management,Celebrity Partnerships,Brand Partnerships",,,,,14,1987,owner,C_suite,po,,,,,
37916583,Earl Seals,Earl,Seals,Verified emails found,2025-10-15 11:18:39.190796,mike.glimpse@n2pub.com,mike.glimpse@n2pub.com,,,mike.glimpse@n2pub.com,"seals@n2pub.com,earl@n2pub.com",9103383573,,,,https://www.linkedin.com/in/earl-seals-3870553,http://www.facebook.com/earl.seals.7,,,,,,Co-Founder and President,The N2 Company,"9151 Currency St, Irving, Texas 75063, US",n2co.com,http://n2co.com,https://www.linkedin.com/company/the-n2-company,"Chicago, IL, US",Chicago,,IL ,US,The N2 Company,Co-Founder and President,2004-01-01,Present,Vector Marketing,District Manager,1995-01-01,2004-01-01,Vector Marketing,Branch Manager,1991-01-01,1995-01-01,Vector Marketing,Branch Manager,1995-05-01,1995-08-01,,,,,Moody Bible Institute,,,,,,,,"Sales,Publishing",,,,,34,1973,owner,C_suite,po,,,,,
71943856,Bradley Wilpon,Bradley,Wilpon,Verified emails found,2025-10-15 11:18:39.359606,bradley@wilponco.com,bradley@wilponco.com,,bradley@wilponco.com,,,,,,,https://www.linkedin.com/in/bradley-wilpon-b3b902140,,,,,,,Founder,Wilpon & Company,"New York, New York, US",wilponco.com,https://www.wilponco.com,https://www.linkedin.com/company/wilponco,"New York, NY, US",New York,,NY ,US,Wilpon & Company,Founder,2023-01-01,Present,KKR & Co. Inc.,Real Estate Private Equity,2022-02-01,2023-01-01,Senlac Ridge Partners,Real Estate Private Equity,2020-03-01,2022-02-01,Allen & Company LLC.,Investment Banking,2018-06-01,2020-02-01,Boston Red Sox,Baseball Player,2014-01-01,2014-01-01,The Wharton School,,,,,,,,,,,,,7,1995,owner,C_suite,po,,,,,
51768552,Jeffrey Wakeen,Jeffrey,Wakeen,Verified emails found,2025-10-15 11:18:39.545062,jeff@wakeenandcompany.com,jeff@wakeenandcompany.com,,jeff@wakeenandcompany.com,,,8605080524,8605080524,"7174213123
7177300143
7177309050",(717) 380-3854,https://www.linkedin.com/in/jeffreywakeen,https://facebook.com/jeff.wakeen,,,,,,Founder,Wakeen & Company,"2001 N Front St Building 1, 3rd Floor, Harrisburg, Pennsylvania 17102, US",wakeenandcompany.com,http://wakeenandcompany.com/,https://www.linkedin.com/company/wakeen-&-company,"Mechanicsburg, PA, US",Mechanicsburg,,PA ,US,Wakeen & Company,Founder,2013-06-01,Present,Momentum Female Health & Fitness Club,Co-Owner,2014-02-01,Present,Target Media,CEO,2003-01-01,2013-07-01,Wakeen Media Group,Founder,2016-04-01,Present,The Connection Mission,Founder,2013-07-01,Present,Avon High School,,,,,,,,"Advertising,Social Media Marketing,Marketing Strategy,Media Planning,Social Media,Sales Management,Media Buying,Marketing,Sales,Mobile Marketing,Marketing Communications,Television,Business Development,Social Networking,Online Marketing,Facebook,Event Management,Advertising Sales,New Media,Event Planning,Online Advertising,Email Marketing,Public Relations,New Business Development,Creative Direction,Strategic Planning,Microsoft Office,Microsoft Excel,Training,Customer Service,Startups,Management,Project Management",,,,,22,1961,owner,C_suite,po,,,,,
104429069,Claudia Naím-Burt,Claudia,Naím-Burt,Verified emails found,2025-10-15 11:18:39.826357,claudia@keep-company.com,claudia@keep-company.com,claudianaimburt@gmail.com,"claudia@keep-company.com,claudianaimburt@gmail.com,claudianaim@gmail.com,fancydiva11@gmail.com",,,301-275-8262,301-275-8262,"202-468-8610
301-263-0742",,https://www.linkedin.com/in/claudianaimburt,http://www.facebook.com/claudia.naim.3,https://twitter.com/i/user/42689776,,,,,Co-Founder and COO,Keep Company,"Bethesda, Maryland, US",keep-company.com,https://keep-company.com/,https://www.linkedin.com/company/joinkeepcompany,"Washington, DC, US",Washington,20005,DC ,US,Keep Company,Co-Founder and COO,2022-01-01,Present,Poppy Flowers,Advisor,2021-05-01,Present,MotherNation,Founding Advisor,2020-04-01,2022-01-01,Independent Consultant,"Consultant and Advisor, Brand Strategy and New Ventures",2020-02-01,2022-01-01,New Enterprise Associates (NEA),Brand Strategy Consultant,2019-09-01,2020-01-01,NYU Stern School of Business,,,,Georgetown University,,,,"Public Affairs,Grassroots Organizing,Marketing,Strategic Communications,Media Relations,Crisis Communications,Crisis Management,Internal Communications,Public Relations,Corporate Communications,Strategy,Leadership,Integrated Marketing,Marketing Strategy,Philanthropy,Digital Strategy,Press Releases,Digital Marketing,Social Media,Digital Media,Management,Brand Strategy,Communication,Internal & External Communications,Content Strategy,Early-stage Startups,Business Strategy,Business Operations,Strategic Public Relations Planning,Project Management,Business Process,Merchandising,Visual Merchandising,Influencer Marketing,Innovation Management,Business Innovation,Digital Innovation",,,,,12,1987,owner,C_suite,po,,,,,
28604357,Jason Schlossberg,Jason,Schlossberg,Verified emails found,2025-10-15 11:18:39.987096,jason@readymadeco.com,jason@readymadeco.com,jschlossberg@protonmail.com,"jason@readymadeco.com,jschlossberg@protonmail.com,dschlo5412@aol.com",,,6463318979,6463318979,"2123676800
1.6463318979
718-499-1979
2016597459
6462777111
6467477144",,https://www.linkedin.com/in/jasonschlossberg,http://www.facebook.com/jschlossberg3000,https://twitter.com/jschlossberg,,,,,Co-Founder and CEO,ReadyMade Company,"East Hampton, New York 11937, US",readymadeco.com,https://www.readymadeco.com,https://www.linkedin.com/company/readymadeco,"New York, NY, US",New York,,NY ,US,ReadyMade Company,Co-Founder and CEO,2024-02-01,Present,Huge,Global Head of Marketing,2022-10-01,2024-02-01,Huge,Managing Director | Global Head of Strategic Communications,2017-04-01,2022-10-01,Kwittken,Chief Creative Officer,2006-01-01,2017-04-01,Euro RSCG Magnet,Senior Vice President,1999-05-01,2005-12-01,Harvard Business School,,,,New York University,Master of Arts,,,"Product Development,Strategy,Storytelling,Problem Solving,Leadership,Customer Communication,Business Leadership,Strategic Vision,Thought Leadership,Change Management,Cross-functional Team Leadership,Business-to-Business (B2B),Marketing Strategy,Web3,Creativity and Innovation,Artificial Intelligence (AI),Media Relations,Crisis Communications,Strategic Communications,Public Relations,Corporate Communications,Press Releases,Social Media,Publicity,Integrated Marketing,New Media,Social Media Marketing,Marketing Communications,Internal Communications,Digital Media,Blogging,Content Strategy,Reputation Management",,,,,27,1973,owner,C_suite,po,,,,,
267172656,Cheryl Hewson,Cheryl,Hewson,Verified emails found,2025-10-15 11:18:40.161595,cherylhewson@gmail.com,,cherylhewson@gmail.com,,cherylhewson@gmail.com,,,,,,https://www.linkedin.com/in/cheryl-hewson-420b893a,,,,,,,Co-Founder,Turner Construction Company,"375 Hudson Street, New York, New York 10014, US",turnerconstruction.com,http://www.turnerconstruction.com,https://www.linkedin.com/company/turner-construction-company,"Los Angeles, CA, US",Los Angeles,,CA ,US,Turner Construction Company,Co-Founder,2001-10-01,Present,,,,,,,,,,,,,,,,,,,,,,,,,"Customer Service,English,Microsoft Word,Microsoft Excel,PowerPoint,HTML,Outlook,Research,Photoshop,Windows,Microsoft Office,Leadership",,,,,24,1979,owner,C_suite,po,,,,,
14335608,Preston Temple,Preston,Temple,Verified emails found,2025-10-15 11:18:40.335976,preston.temple@gmail.com,,preston.temple@gmail.com,preston.temple@gmail.com,,,2817342001,2817342001,7136084812,,https://www.linkedin.com/in/prestontemple,https://facebook.com/preston.temple.9,,https://github.com/prestonatcomplan,,,,Founder and CEO,Entourage Company,"Nymphenburger Str. 39, München, Bayern 80335, DE",theentourage.de,http://www.theentourage.de,https://www.linkedin.com/company/entourage-gmbh,"California, United States",,,CA ,US,Entourage Company,Founder and CEO,2020-01-01,Present,Emergence AR,Advisor,2016-10-01,2017-01-01,Price.com,Lead Mobile Developer,2016-04-01,2017-01-01,Project Oceanus,Technology Advisor,2014-11-01,2016-08-01,Zenput,iOS and Full-Stack Developer,2015-08-01,2016-03-01,University of Houston-Clear Lake,Bachelor of Applied Science (BASc),,,College of the Mainland,Associate of Applied Science,,,"iOS,iOS development,Mobile Applications,Objective-C,Programming,JavaScript,Flash,AngularJS,Node.js,Web Development,Web Applications,Teaching,Web Design,Git,jQuery,Xcode,Photoshop,iPhone,OS X,AJAX,XML,ActionScript,Customer Service,Web Services,Illustrator,HTML,CSS,Android,Troubleshooting,CMS,Graphic Design,WordPress,E-Learning,Multimedia,HTML 5,MySQL,Visual Studio,Dreamweaver,User Interface Design,Socket.io,Jade,GruntJS,Backbone.js,CouchDB,MongoDB,Heroku,Selenium,Neo4j,Python,HTML5,Java,PHP,Strategy,Express,Objective C,C,Cgpdfdocument,Leadership,Uisplitviewcontroller,Global Variables,E Learning,ColdFusion,Subview",,,"Mobile Experts ★ Android ★ iPhone, iOS Developers Group, Flash Freelancers, Apple Professionals",,13,1907,owner,C_suite,po,,,,,
74909285,Brian McIntire,Brian,McIntire,Verified emails found,2025-10-15 11:18:40.529117,brian@thinkcompany.com,brian@thinkcompany.com,mcintire.brian@yahoo.com,"brian@thinkcompany.com,mcintire.brian@yahoo.com,brian.mcintire@thinkcompany.com,dirocco.a12@gmail.com",,,610-513-4622,610-513-4622,"610-350-8606
484-593-4412
610-269-2146
310-564-2007
610-458-5694",,https://www.linkedin.com/in/brianmcintire,https://facebook.com/bmcintire,https://twitter.com/brianmcintire,https://github.com/brianmcintire,,,,Co-Founder and CEO,Think Company,"Second and Third Floors 201 Fayette St, Conshohocken, Pennsylvania 19428, US",thinkcompany.com,http://www.thinkcompany.com,https://www.linkedin.com/company/think-company,"Philadelphia, PA, US",Philadelphia,,PA ,US,Think Company,Co-Founder and CEO,2007-09-01,Present,Neema Project,President of the Board,2017-08-01,2024-12-01,"CIBER, Inc.",Senior Art Director,2001-03-01,2006-02-01,"Tybio, Inc.",Senior Art Director,2000-01-01,2001-03-01,"US Interactive, Inc.",Art Director,1998-08-31,1999-12-31,Arcadia University,Bachelor Of Fine Arts,,,Haverford Senior High School,,,,"User Interface Design,Layout,Experience Design,Information Architecture,User-centered Design,Usability Engineering,User Experience,Interaction Design,E-commerce,Illustrator,Flash,Graphic Design,Illustration,Web Design,Wordpress,Email Marketing,Adobe Creative Suite,Dreamweaver,Art Direction,Creative Direction,Corporate Identity,Business Analysis,Usability Testing,User Experience Design,Graphics,HTML,Social Media,Brochures,Advertising,Logo Design,Marketing Communications",,,,,25,1976,owner,C_suite,po,,,,,
8630748,Peter Lynch,Peter,Lynch,Verified emails found,2025-10-15 11:18:40.699274,plynch@realcompany.com,plynch@realcompany.com,peterlynchrealcompany@gmail.com,"plynch@realcompany.com,peterlynchrealcompany@gmail.com,peter@realcompany.com,peterlynch2@me.com,plynch.ugi@me.com",,,415-307-7201,415-307-7201,"415-651-4436
415-269-5566
9258370701
415-651-4437
415-364-3600",,https://www.linkedin.com/in/peter-lynch-36962728,http://www.facebook.com/people/_/1067378232,,,,,,Co-Founder and Managing Member,REAL Company,"2201 Market St, San Francisco, California, US",realcompany.com,http://www.realcompany.com,https://www.linkedin.com/company/realcompanyfund,"San Francisco, CA, US",San Francisco,,CA ,US,REAL Company,Co-Founder and Managing Member,2024-02-01,Present,Urban Green Investments,President,1988-01-01,2023-01-01,Squash Drive,BOD,2014-01-01,2015-01-01,Lynch Investments,Managing Member,1988-01-01,2008-01-01,,,,,University of Houston-Clear Lake,Master of Science,,,,,,,"Management,Investment Properties,Private Equity,Real Estate Transactions,Real Estate,Real Estate Economics,Real Estate Development,Investors,Contract Negotiation,Residential Homes,Property Management,Sellers,Leases,Brokerage,Short Sales,Disposition,Condos,Foreclosures,Single Family Homes,Commercial Real Estate",,,Global Capital Sources for Conventional & Alternative REAL ESTATE Funding,,36,1955,owner,C_suite,po,,,,,
624582278,Matthew Kumar,Matthew,Kumar,Verified emails found,2025-10-15 11:18:40.854416,matthewkumar@gmail.com,,matthewkumar@gmail.com,,matthewkumar@gmail.com,,,,,,https://www.linkedin.com/in/matthew-kumar-5086731b6,,,,,,,Founder,Ford Motor Company,"1 American Rd, Dearborn, Michigan 48126, US",ford.com,http://www.ford.com,https://www.linkedin.com/company/ford-motor-company,"Buffalo, NY, US",Buffalo,14203,NY ,US,Ford Motor Company,Founder,,Present,,,,,,,,,,,,,,,,,,,,,,,,,,,,,,,,owner,C_suite,po,,,,,
1416186,Michael Saunders,Michael,Saunders,Verified emails found,2025-10-15 11:18:41.015777,michaelsaunders@michaelsaunders.com,michaelsaunders@michaelsaunders.com,,michaelsaunders@michaelsaunders.com,,,9415674172,8633990698,"8633990698
9413082222
9413555396
9048601390
9419537900ext3308",,https://www.linkedin.com/in/michael-saunders-4b48304,https://facebook.com/773973978,,,,,,Founder and CEO,Michael Saunders & Company,"1605 Main Street Suite 500, Sarasota, Florida 34236, US",michaelsaunders.com,http://www.michaelsaunders.com,https://www.linkedin.com/company/michael-saunders-&-company,"Sarasota, FL, US",Sarasota,34236,FL ,US,Michael Saunders & Company,Founder and CEO,1976-01-01,Present,Michael Saunders & Company,Founder and CEO,1976-01-01,Present,,,,,,,,,,,,,Florida State University,,,,,,,,"Start Ups,Business Strategy,Online Advertising,E Commerce,Strategic Planning,Management",,,,,49,1951,owner,C_suite,po,,,,,
231826095,Dillon Milardo,Dillon,Milardo,Verified emails found,2025-10-15 11:18:41.172961,dillon@firstportcompany.com,dillon@firstportcompany.com,mmilardo13@yahoo.com,"dillon@firstportcompany.com,mmilardo13@yahoo.com",,,8604630561,8604630561,8603441701,,https://www.linkedin.com/in/dillonmilardo,https://facebook.com/dmilardo1,,,,,,Founder and Creative Director,Firstport Company,"Norwalk, Connecticut 06457, US",firstportcompany.com,http://www.firstportcompany.com,https://www.linkedin.com/company/firstport-company,"Greenwich, CT, US",Greenwich,,CT ,US,Firstport Company,Founder and Creative Director,2019-08-01,Present,First Twelve Market,Founder and Creative Director,2018-12-01,Present,,,,,,,,,,,,,Central Connecticut State University,Bachelor of Fine Arts (BFA),,,,,,,"Photoshop,Microsoft Office,Graphic Design,PowerPoint,Sketching,Microsoft Word,Photography,Social Media,Illustration,Drawing,SketchUp,Logo Design,Painting,Retail Packaging,Videography,Marketing Communications",,,,,6,1992,owner,C_suite,po,,,,,
110447754,Michael Simon,Michael,Simon,Likely emails found,2025-10-15 11:18:41.347011,,,,,,"msimon@paintscentsations.com,michael.simon@paintscentsations.com,msimon@symnindustries.com,michaels@symnindustries.com",6513341440,,,,https://www.linkedin.com/in/michael-simon-647012103,,,,,,,Co-Founder,GoodHands Company,"Lakeville, Minnesota 55044, US",,,https://www.linkedin.com/company/goodhands-company,"Lakeville, MN, US",Lakeville,,MN ,US,GoodHands Company,Co-Founder,2020-03-01,Present,Paint SCENTsations,Vice President,2016-03-01,Present,Paint SCENTsations,General Manager,2007-11-01,Present,SYMN Industries,Executive Vice President,2010-01-01,Present,Jefferson Commons Association,Vice President of the Board of Directors,2016-12-01,Present,Normandale Community College,,,,,,,,,,,,,17,1985,owner,C_suite,po,,,,,
831807654,Samantha Alexander,Samantha,Alexander,Verified emails found,2025-10-15 11:18:41.525321,samanthaalexander@gmail.com,,samanthaalexander@gmail.com,,samanthaalexander@gmail.com,,7326158629,7326158629,"62.2126645000
2034546040
2122289601",,https://www.linkedin.com/in/sam-talks-food,http://www.facebook.com/sami.citro,https://twitter.com/samicitro,,,,,CEO and Founder,FoodHealth Company,"530 Bryant St, San Francisco, California 94107, US",foodhealth.co,http://foodhealth.co,https://www.linkedin.com/company/foodhealthco,"San Francisco, CA, US",San Francisco,,CA ,US,FoodHealth Company,CEO and Founder,2020-12-01,Present,Journey To Lead,JOURNEY Member,2024-02-01,Present,The Estée Lauder Companies Inc.,"Director, North America Consumer Engagement and Integrated Marketing @ Smashbox",2019-07-01,2020-12-01,The Estée Lauder Companies Inc.,Chief Of Staff to Global Brand President; Director of Brand Strategy and Operations @ Clinique,2018-02-01,2019-07-01,IMMUNOCOLOGIE,Vice President,2017-01-01,2018-02-01,New York University,Bachelor of Fine Arts (BFA),,,,,,,"Social Media Marketing,Sales,Marketing,Microsoft Office,Microsoft Excel,Publicity,Radio,Acting,Theatre,Drama,Performing Arts,Film,Television,Entertainment,Stage,Singing,Improvisation,Musical Theatre,Plays,Live Events,Stage Management,Voice Acting,Voice Over,Commercials,Feature Films,Short Films,Music,Social Media,Public Speaking,Social Networking,Copywriting,Social Media Blogging,Event Planning,Blogging,Advertising,Public Relations,Customer Service,Marketing Strategy,Management,Digital Marketing,Strategy,Event Management,E-commerce,Digital Strategy,E Commerce,Forecasting,Business Development,Team Management,Strategic Planning,Sales Management,Operations Management,Business Strategy,Brand Management,Performance Management",,,"Sales and Marketing Alignment, NYU Wasserman Center Student & Alumni Career Connections, Entertainment Industry, Voiceover Casting Directors and Agents",,12,,cxo,C_suite,po,,,,,
4201348,Whit Smith,Whit,Smith,Verified emails found,2025-10-15 11:18:41.690608,wsmith@whitneysmithco.com,wsmith@whitneysmithco.com,whitsmith1@mac.com,"wsmith@whitneysmithco.com,whitsmith1@mac.com",,,8172332319,8172332319,"8172921000
8178770014
8178770747",(817) 877-0014,https://www.linkedin.com/in/whitsmith1,,,,,,,President and Founder,WhitneySmith Company,"301 Commerce Street Suite 1950, Fort Worth, Texas 76102, US",whitneysmithco.com,http://www.whitneysmithco.com,https://www.linkedin.com/company/whitneysmith-company,"Fort Worth, TX, US",Fort Worth,,TX ,US,WhitneySmith Company,President and Founder,1989-01-01,Present,"Texas American Bancshares, Inc.",Senior VP and Director of Employee Relations,1989-09-01,1989-11-01,"Texas American Bancshares, Inc.",SVP and Director of Employee Relations and Employment,1985-03-01,1989-09-01,"Texas American Bancshares, Inc.",VP and Employment Director,1982-04-01,1985-03-01,"Texas American Bancshares, Inc.",AVP and Employment Director,1979-09-01,1982-04-01,Southern Methodist University,,,,The University of Texas at Austin,BBA,,,"Outplacement,Employee Relations,Employee Benefits,Human Resources,Succession Planning,Deferred Compensation,Performance Management,HR Consulting,Employee Engagement,Career Counseling,Organizational Development,Recruiting,Policy,Interviews,Personnel Management,Leadership,Management,Labor Relations,Training,Talent Management,Hiring,Team Building,Talent Acquisition,Consulting,Employment Law,Energy,Sales,Marketing,PowerPoint,Microsoft Excel,Public Speaking,Insurance,Retail,Banking",,,,,58,1947,owner,C_suite,po,,,,,
14300058,Laura Bennett,Laura,Bennett,Verified emails found,2025-10-15 11:18:41.888995,laurabennett@gmail.com,,laurabennett@gmail.com,,laurabennett@gmail.com,,4076822498,,"4076822328
4074213513
4074784040
4074256040
3213043569",(407) 478-4040,https://www.linkedin.com/in/laura-bennett-7bb9016,https://facebook.com/laurapbennett,https://twitter.com/uftourismsummit,,,,,President and Owner,Bennett & Company,"45 Water St., Newburyport, Massachusetts 01950, US",bennettcompany.com,http://www.bennettcompany.com,https://www.linkedin.com/company/bennett-&-company,"Orlando, FL, US",Orlando,,FL ,US,Bennett & Company,President and Owner,1994-08-01,Present,Bennett & Company,President,1982-08-01,1994-08-01,Restaurant Conglomerate,VP Public Relations,1980-04-01,1982-08-01,National Restaurant Association,Director of Communications,1978-01-01,1980-01-01,National Restaurant Association,Director Of Communications,1978-01-01,1979-01-01,University of Florida,BSJM,,,Cocoa Beach High School,HS,,,"Real Estate,Public Relations,Media Relations,Food & Beverage,Social Media,Hospitality,Event Planning,Advertising,Luxury,Resorts,Writing,Public Speaking,Journalism,Publicity,Press Releases,Social Media Marketing,Marketing Strategy,Blogging,Promotions,Special Events,Event Management,Restaurants,Tourism,Hotels,Event Marketing,Crisis Communications,Newsletters,Publications,Editing,Email Marketing,Marketing,Strategic Planning,Online Advertising,Copywriting,Strategic Communications,Internal Communications,Integrated Marketing,Brand Development,Social Networking,Brand Awareness,Trade Shows,Content Strategy,Digital Marketing,Web Content,Facebook,Marketing Communications,Content Development,Message Development,Speech Writing,New Media,Communications,Food and Beverage,Advertising Agency",,,"Orlando Metro Business Connection, Travel Writers Association, Public Relations and Communications Professionals, THE LAND REPORT, UF Tourism Summit 2017, UF Bergstrom Real Estate Center, eMarketing Association Network, Linked Sarasota, New Ideas in Vending, Beer Wine Spirits Network, ThoseinMedia, 💡 illumination.com 💡 Innovators Community of Marketing, PR, Sales & Social Media Innovators, South Florida IMA, Travel Editors & Freelance Journalists",,47,1954,owner,C_suite,po,,,,,
50281099,Mandy Dwight,Mandy,Dwight,Verified emails found,2025-10-15 11:18:42.059858,mandyjdwight@gmail.com,,mandyjdwight@gmail.com,mandyjdwight@gmail.com,,,845-674-3080,845-674-3080,"845-592-0347
857-263-3977
857-317-4173",,https://www.linkedin.com/in/mandy-dwight-4218388,,http://twitter.com/mandd81377,,,,,Founder,Dwight & Company,US,dwightco.com,https://dwightco.com/,https://www.linkedin.com/company/dwight-company,"Boston, MA, US",Boston,,MA ,US,Dwight & Company,Founder,2022-01-01,Present,"Rapid Robotics, Inc",VP Sales and Alliances,2023-08-01,2024-03-01,"Rapid Robotics, Inc",VP Business Alliances,2022-09-01,2023-08-01,RIOS Intelligent Machines,Vice President Of Business Development,2020-09-01,2022-08-01,Soft Robotics Inc.,"Business Director, Supply Chain Solutions",2018-03-01,2020-07-01,Providence College,Bachelor of Arts (BA),,,Massachusetts College of Liberal Arts,SBL/SDL,,,"Educational Technology,Staff Development,Public Speaking,Sales Management,Social Media,Editing,Instructional Design,Instructional Technology,Customer Service,Research,Fundraising,Classroom Management,Teacher Training,Strategic Planning,Microsoft Word,Technology Integration,Lesson Planning,Microsoft Excel,E-Learning,K-12,Sales,Curriculum Development,Salesforce.com,Windows 7,Coaching,Facebook,Negotiation,Tutoring,Teaching,Training,Social Networking,PowerPoint,Windows,Account Management,Solution Selling,Special Education,Management,Classroom,Nonprofits,Microsoft Office,Outlook,Team Building,Event Management,Curriculum Design,Elementary Education,Educational Leadership,Computer Hardware,Project Management,Software Documentation,XP,K 12,Business Development,E Learning,Marketing,Robotics,Matlab,Strategy",,,"Business Development - The Missing Link between Marketing & Sales, Robotics Education (for age groups 6- College levels)",,25,1977,owner,C_suite,po,,,,,
235949745,Claire Halverson,Claire,Halverson,Verified emails found,2025-10-15 11:18:42.253193,clairehalverson@gmail.com,,clairehalverson@gmail.com,,clairehalverson@gmail.com,,,,,,https://www.linkedin.com/in/claire-halverson-560aaa169,,,,,,,Co-Founder,Turner Construction Company,"375 Hudson Street, New York, New York 10014, US",turnerconstruction.com,http://www.turnerconstruction.com,https://www.linkedin.com/company/turner-construction-company,"Glens Falls, NY, US",Glens Falls,12801,NY ,US,Turner Construction Company,Co-Founder,2002-09-01,Present,,,,,,,,,,,,,,,,,,,,,,,,,,,,,,23,1980,owner,C_suite,po,,,,,
1834738,Walter Chapin,Walter,Chapin,Verified emails found,2025-10-15 11:18:42.426616,wchapin@companyc.com,wchapin@companyc.com,aguilerab4@gmail.com,"wchapin@companyc.com,aguilerab4@gmail.com",walterchapin@comcast.net,,6034964288,6034964288,"6032264460
6512312293
9789877522
8008188288
9787714835",(603) 226-4460,https://www.linkedin.com/in/walterchapin,https://facebook.com/walter.chapin,https://twitter.com/wchapin,,,,,President and Co-founder,Company C,"102 Old Turnpike Road, Concord, New Hampshire 03301, US",companyc.com,http://www.companyc.com,https://www.linkedin.com/company/company-c,"Concord, NH, US",Concord,,NH ,US,Company C,President and Co-founder,1994-01-01,Present,Sigma Data,Marketing and Sales,1990-01-01,1993-01-01,Country Houses,Director of Development and Marketing,1987-01-01,1989-01-01,Small Business Development Center,Consultant,1986-01-01,1987-01-01,,,,,UNH Peter T. Paul College of Business and Economics,Masters,,,Saint Michael's College,BA,,,"Strategic Planning,Marketing Strategy,Retail,Entrepreneurship,E-commerce,Textiles,E Commerce,Marketing,Business Analysis",,,Retail Global Sourcing & Buying [RGSNB],,37,1960,cxo,C_suite,po,,,,,
70796446,Sandra Hicks,Sandra,Hicks,Verified emails found,2025-10-15 11:18:42.600460,shicks@hicksenv.com,shicks@hicksenv.com,shicksvz@hotmail.com,"shicks@hicksenv.com,shicksvz@hotmail.com,warblers@hotmail.com",,,5124780858,,"5127844729
5124800000
6598104215",,https://www.linkedin.com/in/sandra-hicks-742b6242,,,,,,,President and Owner,Hicks & Company,"1504 W. 5th Street, Austin, Texas 78703, US",hicksenv.com,http://hicksenv.com,https://www.linkedin.com/company/hicks-&-company,"Austin, TX, US",Austin,,TX ,US,Hicks & Company,President and Owner,1988-08-01,Present,Espey Huston & Associates,Senior Project Manager and Program Manager,1979-09-01,1988-08-01,,,,,,,,,,,,,University of Wisconsin-Madison,Master of Science - MS; Master of Science,,,,,,,,,,,,46,1961,owner,C_suite,po,,,,,
51902128,Prasanna Gore,Prasanna,Gore,Verified emails found,2025-10-15 11:18:43.532464,prasannagore@goreconsulting.com,prasannagore@goreconsulting.com,pragore@gmail.com,"prasannagore@goreconsulting.com,pragore@gmail.com,pgore@goreconsulting.com,prasanna.gore@stepsbio.com",pgore@pharmacompany.com,,,,,(617) 338-5454,https://www.linkedin.com/in/goreprasanna,,,,,,,Founder and Managing Director,Gore & Company,"77 Franklin Street 514, Boston, Massachusetts 02110, US",goreconsulting.com,http://www.goreconsulting.com,https://www.linkedin.com/company/gore&company,"Boston, MA, US",Boston,,MA ,US,Gore & Company,Founder and Managing Director,2000-05-01,Present,"Steps Biosciences, Inc.",Advisor to CEO and C-Suite - Corporate Strategy and Business Development,2024-05-01,Present,"PharmaCompany, Inc",Founder and Chief Strategy Officer,2000-05-01,Present,SynCell Biotechnology,Cofounder and CEO,2022-10-01,2025-02-01,Glenmark Pharmaceuticals,"Member, Board of Directors",2001-01-01,2006-12-01,West Virginia University,PhD,,,West Virginia University,M.S.,,,"Internal/External Consulting,Program Management,Project Portfolio Management,Program Leadership,Portfolio Management,Monoclonal Antibodies,Corporate Development,Ophthalmology,Biotechnology,Oncology,Pharmaceutical Industry,Strategy,Management Consulting,Product Lifecycle Management,Infectious Diseases,Biopharmaceuticals,Product Launch,Life Sciences,Management,Immunology,Cross-functional Team Leadership,Commercialization,Leadership,Business Development and Licensing,New Product Planning,Technology Valuation and Licensing,Product Life-Cycle Management,Dermatology,R&D Planning and Portfolio Valuation,Disease and Therapeutic Franchise Strategy,Clinical Development Strategy,Identifying Mergers and Acquisitions Candidates,Target Product Profile,Business Strategy and International Marketing,Neuroscience,Global Marketing,Lifesciences,Strategic Planning,Epidemiology and Forecasting,Bio-Pharma Market Research,Strategic Alliances and Partnerships,M&A, Licensing, and Business Due Diligence,Start-ups,Business Planning,Financial Valuation of Drugs and Biologics,Clinical Trials,Product Development,Clinical Research,Vaccines,Diabetes,Pharmaceutics,Emerging Markets Advisor,Business Strategy,Business Development,Marketing Strategy,Marketing,Operational Excellence,Corporate Communications,Mergers and Acquisitions Research and Analysis,Epidemiology,Cross Functional Team,Mergers,M&A,Start Ups,Education,Technology Valuation,R&D planning,Bio Pharma Market Research,Product Life Cycle,Licensing,Identifying Mergers,Sales Effectiveness,Cross Functional Team Leadership,Clinical Development,Bio Pharma Market,Product Life Cycle Management,Cancer,Business Due Diligence,Product Lifecycle,Strategic Alliances,Disease and Therapeutic,R&d",,,"Global Healthcare, Complex Generics and 505(b)(2), Pharma Licensing Group, Pharma Connections Worldwide, Big Ideas in Pharma Innovation and R&D Productivity, GSK- Marketing+Sales, Executive Roundtable",,30,1961,owner,C_suite,po,,,,,
101079896,Danny Ganim,Danny,Ganim,Verified emails found,2025-10-15 11:18:43.799921,danny@ganimcompany.com,danny@ganimcompany.com,dannyganim@gmail.com,danny@ganimcompany.com,dannyganim@gmail.com,,4406651079,4406651079,4403992888,(440) 399-2888,https://www.linkedin.com/in/dannyganim,https://facebook.com/danganim,https://twitter.com/cementboss,,,,,Founder and President,Ganim Company,"13995 Enterprise Ave, Cleveland, Ohio 44135, US",ganimcompany.com,http://www.ganimcompany.com/,https://www.linkedin.com/company/ganim-construction,"Cleveland, OH, US",Cleveland,,OH ,US,Ganim Company,Founder and President,2010-05-01,Present,Ganim Company,Founder and CEO,,Present,,,,,,,,,,,,,Kent State University,BA,,,St. Ignatius Highschool,,,,"Retaining Walls,Waterproofing,Cast Stone,Fire Pits,Fire Management,Chimneys,Sidewalk,Parking Lots,Mailboxes,Construction Management,Microsoft Office,Construction,Budgets,Concrete,Contract Negotiation,Contractors,Customer Service,Driveways,Foundations,LEED,Management,Microsoft Excel,Microsoft Word,PowerPoint,Process Scheduler,Residential Homes,Road,Submittals,Time Management,Contract Management,Masonry,Leadership,Proposal Writing,Renovation,Project Planning,Team Building,Building Relationships,Customer Satisfaction,Negotiation,Marketing,Sales Presentations,Project Coordination,Critical Thinking,Operations Management,Sales Operations",,,,,15,1988,owner,C_suite,po,,,,,
26770620,Lindsay Scheinberg,Lindsay,Scheinberg,Verified emails found,2025-10-15 11:18:43.988920,lindsay@readymadeco.com,lindsay@readymadeco.com,lindsayrscheinberg@gmail.com,"lindsay@readymadeco.com,lindsayrscheinberg@gmail.com,lindsayscheinberg@pantone.com,lscheinber@aol.com",,,917-697-7974,917-697-7974,"9176977797
5166260555",,https://www.linkedin.com/in/lindsay-scheinberg-317785,http://www.facebook.com/people/_/761684391,,,,,,Co-Founder,ReadyMade Company,"East Hampton, New York 11937, US",readymadeco.com,https://www.readymadeco.com,https://www.linkedin.com/company/readymadeco,"New York, NY, US",New York,,NY ,US,ReadyMade Company,Co-Founder,2024-01-31,Present,Pantone,Content Strategy and Development,2016-01-01,Present,Scutch Industries,Founder,2015-01-01,Present,Ultra Records,Head of Video Content,2012-01-31,2015-01-01,IAC,Marketing Manager,2009-07-31,2010-07-31,Syracuse University,,,,,,,,"Digital Marketing,Digital Strategy,Marketing,Digital Media,Entertainment,Social Media Marketing,Digital Distribution,Publicity,Music Industry,New Media,A&R,Music,Music Licensing,Music Publishing,Social Media",,,,,14,1982,owner,C_suite,po,,,,,
237754848,Brian Lacp,Brian,Lacp,No emails found,2025-10-15 11:18:44.150924,,,,,,,240-888-8630,240-888-8630,"1.2408888630
3015930600
301-656-1955
301-941-9190
413-788-8411
301-581-7258
301-355-5880
301-355-5858
301-255-6272
301-581-7272",,https://www.linkedin.com/in/brian-haney-thehaneycompanyfinancialguy,http://www.facebook.com/brian.haney.944,,,,,,"Founder, and CEO",The Haney Company,"300 S Wacker Dr Ste 1250, Chicago, Illinois 60606, US",relationinsurance.com,http://www.relationinsurance.com,https://www.linkedin.com/company/relation-insurance-services,"Silver Spring, MD, US",Silver Spring,,MD ,US,The Haney Company,"Founder, and CEO",2012-07-01,Present,MassMutual Greater Washington,"Managing Associate, CLTC, CFS, CFBS",2007-09-01,2017-04-01,SunTrust Investment Services,"Licensed Banker, Investment Associate",2006-02-01,2007-08-01,Wachovia Bank,Licensed Banker,2003-02-01,2006-01-01,,,,,Indiana University Bloomington,BA,,,Landon School,High School,,,"Employee Benefits Design,Qualified Retirement Plans,Conference Speaking,Insurance,Retirement,Life Insurance,Finance,Employee Benefits,Estate Planning,Retirement Planning,Financial Services,Fixed Annuities,Loans,Banking,Customer Service,Financial Analysis,Long-term Care,Disability Insurance,Leadership,Investment Strategies,Mergers & Acquisitions,Asset Allocation,Small Business,Management,Business Development,Asset Managment,Business Strategy,Risk Management,Long Term Care Insurance,Asset Management,Retirement Income Strategies,401k Rollovers,Investment Advisory Services,Writing,Insurance Planning,Wealth Accumulation,Brand Development,Branding & Identity,Sales,Investments,Wealth Management Services,Income Protection,Public Speaking",,,,,22,1980,owner,C_suite,po,,,,,
123441335,Gary Erickson,Gary,Erickson,Verified emails found,2025-10-15 11:18:44.328926,garyerickson@gmail.com,gjerickson@clifbar.com,garyerickson@gmail.com,,"garyerickson@gmail.com,gjerickson@clifbar.com",gerickson@clifbar.com,707-294-7605,707-294-7605,"707-965-9208
510-558-7855
407-478-3732
615-832-3198
510-558-7872
510-530-7218
510-816-5126",,https://www.linkedin.com/in/garyericksonclif,,,,,,,"Founder, Owner, Board Member",Clif Bar & Company,"1451 Sixty-Sixth Street, Emeryville, California 94608, US",clifbar.com,http://www.clifbar.com,https://www.linkedin.com/company/clif-bar-&-company,"California, United States",,,CA ,US,Clif Bar & Company,"Founder, Owner, Board Member",1991-05-31,Present,,,,,,,,,,,,,,,,,,,,,,,,,,,,,,34,1957,owner,C_suite,po,,,,,
3660218,Fred Dust,Fred,Dust,Verified emails found,2025-10-15 11:18:44.535019,fred@dustand.co,fred@dustand.co,freddust@gmail.com,fred@dustand.co,"freddust@gmail.com,fdust@npr.org",fred.dust@npr.org,415-205-6485,415-205-6485,"415-810-0484
415-615-5036
206-326-7737
650-289-3400
415-647-2761
650-289-3707
415-525-3459
6502855288
415-615-5001",,https://www.linkedin.com/in/freddust,https://facebook.com/fred.dust.39,https://twitter.com/f_dust,,,,,Founder,Dust & Company,"New York, New York, US",dustand.co,http://dustand.co,https://www.linkedin.com/company/dust-company,"New York, NY, US",New York,,NY ,US,Dust & Company,Founder,2018-10-01,Present,Esalen Institute,Faculty,2020-01-01,Present,The Rockefeller Foundation,"Dialogue Designer, Consulting",2020-02-01,Present,NPR,Board Member,2016-12-01,Present,Sundance,Chair of Governance Committee,2020-10-01,2021-03-01,"University of California, Berkeley",,,,Reed College,,,,"Experience Design,Strategy,Design Thinking,Art Direction,Product Design,Design Strategy,Branding & Identity,User-centered Design,Ethnography,Sustainable Design,Concept Development,User Experience Design,Rapid Prototyping,User Experience,Service Design,Illustrator,Interaction Design,Interior Design,Brand Architecture,InDesign,Sketching,Brand Development,Furniture,Creative Direction,Space planning,User Research,Concept Design,Design Research,Rendering,Design Management,Innovation Consulting,Strategic Design,Entrepreneurship,Model Making,Illustration,Typography,Concept Generation,Communication Design,Graphic Design,User Interface Design,Information Architecture,Adobe Creative Suite,Architecture,Industrial Design,Research Design,Corporate Identity,Creative Strategy,Information Design,Visual Communication,Exhibit Design,Branding and Identity,User Centered Design,Business Strategy,Microsoft Office",,,,,25,1968,owner,C_suite,po,,,,,
559350422,Chad Mollmann,Chad,Mollmann,Verified emails found,2025-10-15 11:18:44.728475,rachelmollmann@gmail.com,,rachelmollmann@gmail.com,"rachelmollmann@gmail.com,cmollmann@yahoo.com,cmollmann@aol.com",,,,,,,https://www.linkedin.com/in/chad-mollmann-956163231,,,,,,,Founder and CEO,newr company,"Greenwood, Indiana 46142, US",newrcompany.com,https://newrcompany.com,https://www.linkedin.com/company/newr-company,"Greenwood, IN, US",Greenwood,,IN ,US,newr company,Founder and CEO,2022-01-01,Present,Faurecia R&D Center,Engineer,2011-02-01,2021-09-01,,,,,,,,,,,,,Purdue University,Bachelor of Science - BS,,,,,,,,,,,,14,,owner,C_suite,po,,,,,
57599459,Brett Allcorn,Brett,Allcorn,Verified emails found,2025-10-15 11:18:44.906713,brett@pineapple.co,brett@pineapple.co,ballcorn@gmail.com,"brett@pineapple.co,ballcorn@gmail.com",,,9739648212,973-509-1404,"973-509-1404
9735097604
9176854136
3145413405",,https://www.linkedin.com/in/brett-allcorn-b28a1b6,http://www.facebook.com/brettallcorn,,,,,http://www.quora.com/brett-allcorn,"CEO, Founder",Pineapple Company,"13423 Blanco Rd PMB 8024, San Antonio, Texas 78216, US",pineapple.co,https://pineapple.co/,https://www.linkedin.com/company/pineappleproducts,"New York, NY, US",New York,,NY ,US,Pineapple Company,"CEO, Founder",2011-10-01,Present,,,,,,,,,,,,,,,,,The New School,Management,,,NYU Stern School of Business,Stern Advantage Program,,,,,,,,14,1983,owner,C_suite,po,,,,,
71777702,Naomi Whittel,Naomi,Whittel,Verified emails found,2025-10-15 11:18:45.106100,naomiinnovator@gmail.com,,naomiinnovator@gmail.com,,naomiinnovator@gmail.com,,352-346-4767,352-346-4767,"352-318-3499
786-522-0007
800-553-1896
352-347-4767
352-281-5484",,https://www.linkedin.com/in/naomiwhittel~wellnessinnovator,,,,,,,Founder and CEO,The WellBeauty Company,"Gainesville, Florida 32601, US",naomiwhittel.com,https://www.naomiwhittel.com/,https://www.linkedin.com/company/naomi-whittel-brands,"Boca Raton, FL, US",Boca Raton,,FL ,US,The WellBeauty Company,Founder and CEO,2019-01-01,Present,OMI Wellbeauty,Founder,2019-01-01,Present,Glow15,Author,2018-01-01,Present,The Real Skinny on Fat,Co-producer and Host,2018-01-01,Present,Twinlab Consolidation Corporation (TCC),CEO,2016-01-01,2018-01-01,Penn State,Bachelor of Arts,,,,,,,"Wellness,Nutrition,Nutraceuticals,Health,Beauty,Fitness",,,,,20,1974,owner,C_suite,po,,,,,
1568360,Marty Grunder,Marty,Grunder,Verified emails found,2025-10-15 11:18:45.299598,marty.grunder@grunderlandscaping.com,marty.grunder@grunderlandscaping.com,martygrunder@gmail.com,"marty.grunder@grunderlandscaping.com,martygrunder@gmail.com,marty@growgroupinc.com",,,9378478000,9374755100,"9378479944
9374755100
5136205200
513.620.5200
937.247.0123
937.847.8000",(937) 847-8000,https://www.linkedin.com/in/martygrunder,,https://twitter.com/martygrunder,,,,,Founder  and CEO,Grunder Landscaping Company,"1900 Old Byers Road, Miamisburg, Ohio 45342, US",grunderlandscaping.com,http://www.grunderlandscaping.com,https://www.linkedin.com/company/grunder-landscaping-company,"Dayton, OH, US",Dayton,,OH ,US,Grunder Landscaping Company,Founder  and CEO,2023-05-01,Present,Grunder Landscaping Company,President,1984-04-01,2023-05-01,The Grow Group,President,1993-05-01,Present,Wright State University,Board of Trustees Member,2019-06-01,2024-04-01,Park National Bank (Ohio),Advisory Board Member,2009-03-01,2024-02-01,University of Dayton,,,,Archbishop Alter High School,,,,"Small Business,Strategic Planning,Entrepreneurship,Public Speaking,New Business Development,Team Building,Marketing Strategy,Sales Management,Coaching,Marketing,Business Planning,Business Strategy,Construction,Social Media Marketing,Contract Negotiation,Negotiation,Leadership,Sales,Budgets,Leadership Development,Consulting,Purchasing,B2b,Online Marketing,Executive Management,Trees,Start Ups,Business Development,Team Leadership,Landscaping,Fundraising,Strategy,Irrigation,Organizational Development,Management Consulting,Horticulture,Operations Management,Program Management,Real Estate,Nonprofits,Training,Customer Service,Newsletters,Management,Lawn Care,Design,Public Relations,Marketing Communications,Landscape Design,Organizational,Executive Coaching,Selling",,,,,41,1968,owner,C_suite,po,,,,,
2343808,Elizabeth Green,Elizabeth,Green,Verified emails found,2025-10-15 11:18:45.483677,egreen@civicnews.org,egreen@civicnews.org,eliz.w.green@gmail.com,"egreen@civicnews.org,eliz.w.green@gmail.com",,,917-816-5908,917-816-5908,"5615238941
917-388-9035
9175281834
2024529830
3034464934
240-505-7006",,https://www.linkedin.com/in/elizabethgreen,https://facebook.com/elizgreen,http://www.twitter.com/elizwgreen,,https://www.crunchbase.com/person/elizabeth-green,,,Founder and CEO,Civic News Company,"New York, New York, US",civicnews.org,https://civicnews.org/,https://www.linkedin.com/company/civic-news-company,"Washington, DC, US",Washington,20005,DC ,US,Civic News Company,Founder and CEO,2023-02-01,Present,Civic News Company,Co-Founder and CEO,2008-10-01,2023-02-01,Building a Better Teacher,Author,2014-08-01,Present,The Lavin Agency,Keynote Speaker,2014-08-01,Present,American Journalism Project,Co-Founder and Board Chair,2019-02-01,2021-03-01,Harvard University,,,,,,,,"Storytelling,Editorial,Journalism,Newspaper,Breaking News,Editing,News Writing,Online Journalism,Copy Editing,Public Relations,Web Content,Newsletters,Public Speaking,Newspapers,Blogging,Feature Articles,AP Style,Investigative Reporting,Media Relations,Speech Writing,Press Releases,New Media,Strategy,Microsoft Word,Marketing Strategy,Customer Service,Adobe InDesign,QuarkXPress,Media Planning,Creative Direction,Social Media,PowerPoint,Facebook,Advertising,Microsoft Office,Microsoft Excel",,,,,19,1981,owner,C_suite,po,,,,,
712694401,Michael Chow,Michael,Chow,Verified emails found,2025-10-15 11:18:45.660969,mbc@believer.gg,mbc@believer.gg,,"mbc@believer.gg,michael@believer.gg",,,,,,,https://www.linkedin.com/in/believer-paladin,,,,,,,Founder and CEO,The Believer Company,"Los Angeles, California, US",believer.gg,https://believer.gg,https://www.linkedin.com/company/the-believer-company,"West Hollywood, CA, US",West Hollywood,,CA ,US,The Believer Company,Founder and CEO,2022-04-01,Present,Riot Games,Vice President and Executive Producer,2016-04-01,2022-04-01,Jolly Company (acquired by Riot Games),Founder and CEO,2014-02-01,2016-04-01,Zynga,Chief of Staff to the CEO,2012-12-01,2014-01-01,Zynga,Sr. Director of Strategic Services,2011-11-01,2012-11-01,Harvard University,BS,,,,,,,,,,,,18,,owner,C_suite,po,,,,,
233907687,Bryan Wrigley,Bryan,Wrigley,Verified emails found,2025-10-15 11:18:45.849701,bryan@lotuscompany.com,bryan@lotuscompany.com,wrigleybr@gmail.com,"bryan@lotuscompany.com,wrigleybr@gmail.com,bryanwrigley@gmail.com,kelmonsen@gmail.com,bbradburn@msn.com",,,801-556-3553,801-556-3553,"801-358-6391
801-404-0858
801-521-2554
801-763-0904
435-227-1000
801-495-3415
801-474-0212",,https://www.linkedin.com/in/bryan-wrigley-b2867519b,http://www.facebook.com/bryan.wrigley.9,,,,,,Founder and CEO,Lotus Company,"338 E South Temple St, Salt Lake City, Utah 84111, US",lotuscompany.com,http://www.lotuscompany.com,https://www.linkedin.com/company/the-lotus-company,"Salt Lake City, UT, US",Salt Lake City,,UT ,US,Lotus Company,Founder and CEO,2007-01-01,Present,,,,,,,,,,,,,,,,,Columbia University in the City of New York,Master of Science - MS,,,University of Utah - David Eccles School of Business,Bachelor of Science - BS,,,"Japanese,Strategic Visionary,Entrepreneurship,Communication,Business Strategy,Investments,Management,Real Estate Development,Investment Properties,Leadership",,,,,18,1975,owner,C_suite,po,,,,,
61156338,Robert Sloman,Robert,Sloman,Verified emails found,2025-10-15 11:18:46.038170,robs@inteum.com,robs@inteum.com,monroegrain@hotmail.com,"robs@inteum.com,monroegrain@hotmail.com,rsloman@inteum.com",,,2067780960,2067780960,"425-820-0325
425-820-8415
4256293976
1.4258208415",(425) 820-8415,https://www.linkedin.com/in/robert-sloman-3349021,http://www.facebook.com/robert.sloman.5,http://twitter.com/MistralAtom,,,,,Founder and CEO,"Inteum Company, LLC","9720 NE 120th Pl Suite 101, Kirkland, Washington 98034, US",inteum.com,http://www.inteum.com,https://www.linkedin.com/company/inteum-company-llc,"Kirkland, WA, US",Kirkland,98034,WA ,US,"Inteum Company, LLC",Founder and CEO,1992-11-01,Present,Inprisys Ltd,Investor,2009-01-01,Present,Sponsor Member SARIMA,Member,2009-01-01,2015-01-01,Sponsor \ Member of KCA,CEO,2002-01-01,2015-01-01,PraxisUnico,Member,2001-01-01,2015-01-01,Wesley College,,,,University of Melbourne,,,,,,,,,37,1957,owner,C_suite,po,,,,,
55746662,Mark Cozzi,Mark,Cozzi,Verified emails found,2025-10-15 11:18:46.242698,mark@thatsbettering.com,mark@thatsbettering.com,markcozzi@gmail.com,"mark@thatsbettering.com,markcozzi@gmail.com",,,312-560-6243,312-560-6243,"773-710-8577
219-806-7374
7734726318
773-525-9514",,https://www.linkedin.com/in/mark-cozzi-6843052,http://www.facebook.com/markcozzi,,,,,,Founder and CEO,The Bettering Company,"Chicago, Illinois, US",thatsbettering.com,https://thatsbettering.com,https://www.linkedin.com/company/thebetteringcompany,"Chicago, IL, US",Chicago,,IL ,US,The Bettering Company,Founder and CEO,2016-12-31,Present,Lincoln Park Capital Group,Managing Partner,2014-01-01,2011-03-31,Centoventicinque,Founder and Chief Executive Officer,2019-10-01,Present,The Electrum Group LLC,Senior Managing Director,,2014-12-01,Lincoln Park Capital Group,Managing Partner,2008-01-01,2011-04-01,Northwestern University - Kellogg School of Management,Master of Business Administration,,,Wisconsin School of Business,Bachelor of Business Administration,,,,,,,,25,1965,owner,C_suite,po,,,,,
80580022,Greg M,Greg,M,Verified emails found,2025-10-15 11:18:46.449632,gregorymeerbaum@hotmail.com,greg@coastalmediaco.com,gregorymeerbaum@hotmail.com,"gregorymeerbaum@hotmail.com,hansenator@hotmail.com,hlevine1022@aol.com",greg@coastalmediaco.com,"greg@investwithcoastal.com,greg.m@investwithcoastal.com,gm@investwithcoastal.com,m@investwithcoastal.com,gregm@investwithcoastal.com,greg.m@coastalmediaco.com",561-703-8865,561-703-8865,"561-702-4657
561-989-8755
888-411-2280
561-703-8866",,https://www.linkedin.com/in/greg-m-coastalmedia,http://www.facebook.com/gmeerbaum,https://twitter.com/i/user/60993777,,,,,Founder and CEO,Coastal Investment Company,"126 S Park Ave Suite C, Suite C, Winter Park, Florida 32789, US",investwithcoastal.com,https://www.investwithcoastal.com,https://www.linkedin.com/company/investwithcoastal,"Winter Park, FL, US",Winter Park,,FL ,US,Coastal Investment Company,Founder and CEO,2019-01-01,Present,Coastal Medical Company,Owner,2019-01-01,Present,Coastal Media Company,Founder and CEO,2007-05-01,Present,,,,,,,,,University of Central Florida,Bachelor,,,,,,,"Sales Management,Automotive Marketing,Sales,Advertising,Direct Mail",,,,,18,1988,owner,C_suite,po,,,,,
3331988,AJ Nelson,AJ,Nelson,Verified emails found,2025-10-15 11:18:46.653411,aj@pckg.co,aj@pckg.co,nelson.arthurj@gmail.com,"aj@pckg.co,nelson.arthurj@gmail.com,aj.nelson0484@gmail.com,ajdaylife@gmail.com,nelson2388@hotmail.com,plasticair@hotmail.com","plasticair79@gmail.com,aj.daylife@gmail.com,gunner1552@gmail.com,single_parkersburgmale@yahoo.com,lil_thug_floatin_420@yahoo.com",,917-715-9531,917-715-9531,"304-615-5343
601-250-0017
718-227-2521",,https://www.linkedin.com/in/nelsonaj,http://www.facebook.com/nelson.arthurj,http://www.twitter.com/arthurjnelson,,,,,Founder and CEO,The PCKG Company,"Miami, Florida, US",pckg.co,http://pckg.co,https://www.linkedin.com/company/the-pckg-company,"Fort Lauderdale, FL, US",Fort Lauderdale,33315,FL ,US,The PCKG Company,Founder and CEO,2018-12-01,Present,MTB Industries,Chief Executive Officer,2018-09-01,Present,Wunderkind (Formerly BounceX),"VP, Strategic Alliances and Growth Initiatives",2020-03-01,2023-06-01,BounceX,"VP, Strategic Alliances and Growth Initiatives",2019-04-01,2020-11-01,BounceX,Head of Growth and Strategic Initiatives,2018-02-01,2019-04-01,University of Ottawa,,,,Stanstead College,,,,"Online Marketing,Digital Strategy,Sales Pipeline Management,Social Networking,Sales,Online Advertising,Email Marketing,Start Ups,Lead Generation,Advertising,Entrepreneurship,Consultants,Marketing,Editorial,Content Strategy,Strategy,Google Analytics,Product Development,Digital Media,Negotiation,Selling,Mobile Applications,Publishing,Business Development Consulting,Contract Negotiation,B2b,SEO,International Sales,Social Media,Sales Consulting,Web Analytics,Marketing Strategy,New Media,B2b Sales,Direct Sales,Strategic Partnerships,Integrated Marketing,New Business Development,PowerPoint,Sales Management,Product Marketing,Social Media Marketing,Business Development,Project Management,Sales Process,Strategic Planning,Microsoft Excel,Digital Marketing,Mobile Devices,Corporate Sales,Channel Sales,Mobile Marketing,Product Management,Change Management,Leadership,Legal Writing",,,,,16,1988,owner,C_suite,po,,,,,
106125982,Brandon Edwards,Brandon,Edwards,Verified emails found,2025-10-15 11:18:46.854291,bedwardshr@gmail.com,,bedwardshr@gmail.com,"bedwardshr@gmail.com,brandonkeithedwards@outlook.com,brand1one@outlook.com",,,5188483315,,,,https://www.linkedin.com/in/edtrepreneur,,https://twitter.com/brand1one,,,,,Founder and CEO,Stealth Mode Startup Company,US,appcito.net,http://www.appcito.net,https://www.linkedin.com/company/divitas-networks,"Albany, NY, US",Albany,,NY ,US,Stealth Mode Startup Company,Founder and CEO,2021-12-01,Present,TPC ORG,CEO - Founder of Future Firms,2016-11-01,2019-01-01,,,,,,,,,,,,,University at Albany,Bachelors,,,Fulton-Montgomery Community College,Associate's degree,,,,,,,,6,1981,owner,C_suite,po,,,,,
10170145,Eric Chern,Eric,Chern,Verified emails found,2025-10-15 11:18:47.039003,elchern@aol.com,eric.chern@chicagotrading.com,elchern@aol.com,elchern@aol.com,eric.chern@chicagotrading.com,,8478194315,8477784252,"8477784252
8474989099
3128638000
847-749-0022
3129940240",,https://www.linkedin.com/in/eric-chern-9607357,,,,,,,Co-Founder,Chicago Trading Company,"425 S Financial Pl 4th Floor, Chicago, Illinois 60605, US",chicagotrading.com,http://www.chicagotrading.com,https://www.linkedin.com/company/chicago-trading-company,"Chicago, IL, US",Chicago,,IL ,US,Chicago Trading Company,Co-Founder,1995-03-01,Present,Chicago Trading Company,Chief Executive Officer,2009-11-01,2019-06-01,,,,,,,,,,,,,University of Illinois at Urbana-Champaign,BS,,,,,,,"Project Management,Entrepreneurship,Human Resources,Change Management,Business Strategy,Strategic Planning,Mergers and Acquisitions,Venture Capital,Mergers,Due Diligence,Start Ups,Marketing Strategy,Corporate Finance,Strategic Partnerships,Strategy,Marketing,Online Marketing",,,,,30,1970,owner,C_suite,po,,,,,
711875011,Blodin U.,Blodin,U.,Verified emails found,2025-10-15 11:18:47.250663,blodin@drinkryl.com,blodin@drinkryl.com,ukellatrading@gmail.com,"blodin@drinkryl.com,ukellatrading@gmail.com,blodinukella@hotmail.com",,,609-435-2604,609-435-2604,,,https://www.linkedin.com/in/blodinukella,,http://www.twitter.com/diniukella,,,,,Founder and CEO,The Ryl Company,"Morristown, New Jersey 07960, US",drinkryl.com,https://www.drinkryl.com,https://www.linkedin.com/company/therylcompany,"Morristown, NJ, US",Morristown,07960,NJ ,US,The Ryl Company,Founder and CEO,2022-07-01,Present,OWYN,Chief Strategy Officer,2018-09-01,2022-08-01,OWYN,Head of Strategy,2018-09-01,2019-03-01,Halen Brands,Head of Strategy,2018-09-01,2022-08-01,Bai Brands,Data Scientist,2017-09-01,2018-10-01,Rutgers Business School,Bachelor of Science (B.S.),,,,,,,"Social Media,Data Analysis,Analysis,Marketing Strategy,Financial Statements,Management,Leadership,Teamwork,Event Planning,Public Speaking,Microsoft PowerPoint,Microsoft Word,Microsoft Office,Business Development,Data Analytics",,,,,8,,owner,C_suite,po,,,,,
3944255,John Schiaroli,John,Schiaroli,Verified emails found,2025-10-15 11:18:47.412426,jschiaroli@gmail.com,,jschiaroli@gmail.com,jschiaroli@gmail.com,,,203-856-2910,203-856-2910,"2037621746
2129052393
2032105060",,https://www.linkedin.com/in/johnschiaroli,https://facebook.com/jbgood,https://twitter.com/jbg1,,,,,President and Founder,Armatura Company,"Boothbay Harbor, Maine, New York 13760, US",,,https://www.linkedin.com/company/armatura-company,"Westport, CT, US",Westport,,CT ,US,Armatura Company,President and Founder,2020-02-01,Present,Nguyen Coffee Supply,Advisor,2020-06-01,Present,Milk Bar,"Vice President, Operations",2019-02-01,2020-02-01,WTRMLN WTR,"Vice President, Operations",2018-06-01,2019-02-01,WTRMLN WTR,"Vice President Operations - Supply Chain, Innovation, Commercialization",2018-05-01,2018-06-01,Pace University,B.B.A.,,,Iona Prep,High School Diploma,,,"Real Estate,Construction,Real Estate Development,Communication,1031 Exchanges,Networking,Pricing Optimization,Workable Solutions,Building Organizational Capability,Supply Chain,Supply Chain Management,Strategic Sourcing,Procurement,Operations Management,Cross-functional Team Leadership,Team Building,Logistics,Inventory Management,Pricing,Vendor Management,Strategic Planning,Manufacturing,Vendor Relations,Innovative Thinking,Sales Operations,Consumer Products,International Logistics,Beverage,Entrepreneurship,Food &amp; Beverage,Sourcing,Global Sourcing,Food Packaging,Supply Chain Optimization,Supplier Negotiations,Supplier Evaluation,Start-ups,Self Starter,Self Driven,Independent Thinker,Offshore Project Management,Beverage Industry,Natural Leader,Cross-functional Coordination,Sales Support,International Project Management,Negotiation,Competitive Analysis,Merchandising,Retail,Business Process Improvement,MRP,Leadership,Packaging,Process Improvement,Grassroots Development,Thinking Outside The Box,Entrepreneur,Food & Beverage,Grass Roots Campaigns,Asia,Plants,Cross Functional,Business Administration,Bill of Materials,NASCAR,RFP,Photo Editing,Supply Strategy,End of Life,Supply,Financial Forecasting,Ocean Freight,Visibility,Business Operations,Conflict,RFI,Rate,Human Resources,LinkedIn,Customer Oriented,Renovation,Components,Profit,Microsoft Office,Business Applications,Finished Goods,Renaissance,Packing,Savings,Organizational Leadership,Cross Functional Coordination,Paperwork,China,Reflective,Repository,Quality Assurance,Data Validation,Point of Contact,Stocks,3PL,Marketing Strategy,Timelines,Reviews,Mac OS,Standardization,Product Launch,Source,Schedules,Manufacturing Resource Planning,Baseball,Welsh,Business Process,Chinese,Cost,Sales,Return on Investment,Branding,Dimension,Market Share,Finance,Whittle,Latin,Product Vision,Ariba,Disruptive Technologies,Planning,Seasonal,Keys,Consulting,Realignment,Customer Service,DBMS,GAP,Product Development,Coolers,Distribution,Missile,Competitive Pricing,Consignment,Design,Operating Systems,Hair Styling,Indicators,Executive Management,Validation,Revenue,Cut,Expired,Electronics,Delivery,Sales and Marketing,International Project,Artwork,Payback,Depository,Ross,Packaging Artwork,Pepsico,Configurations,Materials,Microsoft Windows,Operations,Tri,Visio,Stylists,Inventory,Assessment,Needs Assessment,Identity,Edge,Service Levels,C,Candy,Deliverables,Food,Ingredients,Training,Compliance,Coca Cola,Business Acumen,Travel,Commercialization,Capital,Cross Promotions,Raw Materials,Contract Negotiation,Bar,Waste Disposal,Purchasing,Energy,Databases,Bottling,Productivity Improvement,Corrugated,Partnerships,Consumer,Arrow,Cost Savings,Product Lines,Commodities,Disney,Public Relations,Vendor Negotiation,Expenses,Execution,Engineering,Project Planning,Buyer,Government Procurement,Cans,Timely Delivery,Coe,Facilities Management,Military,Cross Functional Team,Savvy,Planners,Demand,Lockheed Martin,Threat,Bottles,Code,Strategy,Pep,Purchase,Responsibility,Europe,Eastern Europe,Foot,Business Strategy,Cleaning,Project,Conceptual Modeling,Materials Management,Alternate,Excess,Suppliers,Dispensers,Business Development,Small Business,Executive Relationship,Data Collection,Synergies,Dreamworks,Culture Change,Management Professional,Government,Sony,Templates,Star Wars,Business Requirements,Pressure,Cost Projections,Template,R&d,Clear Vision,Natural Gas,Contractual Agreements,Platforms,Vending,Specifications,Quality Control,Warehousing,Approval Process,Windows,Outsourcing,Robust,Sourced,Trident,Coordination,Offering,Labels,Food &Amp,Strategic Business,Food and Beverage,Drawing,Art,New York,FMCG,Operations Experience,North America,Margin Improvement,JIT,Sacred,Mexican Cuisine,Boeing,Trend Research,Alarm Systems,Vendors,Conflicts,Wilton,Image,Buyers,Invention,Adobe Contribute,Developmental,Data Transformation,Assurance,Resources,Parts,Damages,Marketing,Sales Growth,Public Transport,Product Support,Competition,Management,Seamless,Debate,North American,Offshore Project,Cross Functional Team Leadership,Software,Financial Analysis,Project Management,Total Cost of Ownership,Inventory Control,Independent Contractors,Start Ups,Cutlery,Engineers,Operational Transformation,Rolling,Categorization,Sugar,Enterprise Software,Connecticut,Currency,International,Cardboard,Contract Manufacturing,Closures,SAP,Labor Issues,Real Estate Transactions,Merchandise,Hair",,,"Procurement Jobs & Discussion Board, Supply Chain Management Practitioners & Experts, Start-Up Phase Forum, CPG Sales and Marketing Group, Food & Beverage Industry Professionals Group, PepsiCo Alumni & Employees, PepsiCo",,25,1976,owner,C_suite,po,,,,,
72312725,Alex Vasylenko,Alex,Vasylenko,Verified emails found,2025-10-15 11:18:47.588288,avasylenko@thefrontendcompany.com,avasylenko@thefrontendcompany.com,cawo4ok@gmail.com,"avasylenko@thefrontendcompany.com,cawo4ok@gmail.com",,,6469802507,,,,https://www.linkedin.com/in/alex-vasylenko,https://facebook.com/alex.codes.ua,,https://github.com/cawo4ok,,,,Founder and CEO,The Frontend Company,"440 N Barranca Ave, Covina, California 91723, US",thefrontendcompany.com,https://thefrontendcompany.com,https://www.linkedin.com/company/thefrontendcompany,United States,,,,US,The Frontend Company,Founder and CEO,2017-04-01,Present,De Soi,Angel Investor,2024-05-01,2024-05-01,ChatBot X,Founder,2018-01-01,2018-12-01,Deloitte,Front-end Developer,2016-01-01,2017-12-01,DaVinci Cloud,Front-end Developer,2014-01-01,2017-01-01,Harvard Business School,Negotiation Mastery,,,Y Combinator,Startup School Program,,,,,,,,11,1972,owner,C_suite,po,,,,,
80437063,Patricia Koopersmith,Patricia,Koopersmith,Verified emails found,2025-10-15 11:18:47.762426,koopersmith@hotmail.com,,koopersmith@hotmail.com,koopersmith@hotmail.com,,,2022442008,,"2025586499
1.2028416634",(800) 729-7500,https://www.linkedin.com/in/patricia-koopersmith-7450421,,,,,,,Founder and Chief Executive Officer,"Rockwood Company, LLC","5150 Rockwood Parkway NW, Washington, District of Columbia 20005, US",rockwoodcompany.com,http://www.rockwoodcompany.com,https://www.linkedin.com/company/rockwood-company,"Washington, DC, US",Washington,20005,DC ,US,"Rockwood Company, LLC",Founder and Chief Executive Officer,2014-10-01,Present,The Clearing,Co-Founder and Chief Operating Officer,2009-06-01,2014-10-01,"SRA, Touchstone Consulting Group",Principal,2003-11-01,2009-05-01,"RGS Associates, Inc.",Senior Consultant,2001-05-01,2003-11-01,Paradise Foods (Corporate Name for Heavenly Ham Franchise),Field Marketing Manager,1999-01-01,2000-06-01,Georgetown University McDonough School of Business,MBA,,,Vanderbilt University,BS,,,,,,,,27,1974,owner,C_suite,po,,,,,
7419999,Fredrik Carlström,Fredrik,Carlström,Verified emails found,2025-10-15 11:18:47.927830,fc@stockholmstadshotell.com,fc@stockholmstadshotell.com,,"fc@stockholmstadshotell.com,fc@anotherstructure.com,fcarlstrom@gmail.com",fc@noveltechnologies.net,"fredrik@noveltechnologies.net,fcarlstrom@seeqc.eu,fredrikcarlstrom@seeqc.eu",9174429483,9174429483,"212-327-1289
6464935080
468165030
7039012790
46731494302
3239779280
6464039740",(646) 493-5080,https://www.linkedin.com/in/fcarlstrom,https://facebook.com/fcarlstrom,https://twitter.com/fcarlstrom,,,,,Founder and Creative Director,Carlstrom & Company,"1025 Park Ave, New York, New York 10028, US",studiocarlstrom.com,http://studiocarlstrom.com,https://www.linkedin.com/company/c&co,"New York, NY, US",New York,,NY ,US,Carlstrom & Company,Founder and Creative Director,2011-06-01,Present,Seeqc US,Creative Director,2021-02-01,Present,Stockholm Stadshotell,Partner,2020-10-01,Present,Novel Technologies,General Partner and Creative Director,2023-11-01,Present,Another Structure,Co-Founder and Creative Director,2020-07-01,Present,Berghs School of Communication,Copywriting,,,Bromma Läroverk,,,,"Social Media,Online Marketing,Brand Development,Digital Strategy,Concept Development,Retail,Marc,Graphic Design,User Experience,Business Development,Event Production,Digital Marketing,Advertising,Integrated Marketing,Idea Incubation,Accelerator,New Media,Content Strategy,Entrepreneurship,Purchase,Marketing,Go To Market Strategy,JavaScript,Branded Content,Creative Direction,Documentary Production,Social Media Marketing,Business Strategy,Management,Design,Marketing Communications,Marketing Strategy,Copywriting,Film Production,Interior Design,Retail Design,Growth,Innovation &Amp,Product Design,Branding,Art Direction,Architecture,Real Estate Development",,,,,14,1976,owner,C_suite,po,,,,,
65556781,Charlie Garbutt,Charlie,Garbutt,Verified emails found,2025-10-15 11:18:48.115462,garbutt@garbuttconstruction.com,garbutt@garbuttconstruction.com,jgarbutt@hotmail.com,"garbutt@garbuttconstruction.com,jgarbutt@hotmail.com,charlie@garbuttconstruction.com",,,4782724410,,"4786970618
4782720670
4782750664
4786970612",(478) 272-4410,https://www.linkedin.com/in/charlie-garbutt,https://facebook.com/charliegarbutt,https://twitter.com/charliegarbutt,,,,,Founder and Chief Executive Officer,Garbutt Construction Company,"212 S Calhoun St, Dublin, Georgia 31021, US",garbuttconstruction.com,http://www.garbuttconstruction.com,https://www.linkedin.com/company/garbutt-construction-company,"Dublin, GA, US",Dublin,31021,GA ,US,Garbutt Construction Company,Founder and Chief Executive Officer,1976-01-01,Present,,,,,,,,,,,,,,,,,Auburn University,Bachelors of Science,,,Dublin High School,,,,"Program Management,Project Planning,Construction,Lean Construction,General Contracting,Design-Build,Renovation,Construction Management,Value Engineering,Green Building,Contract Management,Strategic Planning,Contract Negotiation,Contractors,Leadership,Business Planning,Pre-construction,Pre Construction,Design Build",,,Construction Marketing Ideas,,49,1954,owner,C_suite,po,,,,,
8718077,Daniel Meyer,Daniel,Meyer,Verified emails found,2025-10-15 11:18:48.310687,dmeyer@nehemiahmfg.com,dmeyer@nehemiahmfg.com,danielmeyer@gmail.com,dmeyer@nehemiahmfg.com,danielmeyer@gmail.com,,5133515700,,5134582040,,https://www.linkedin.com/in/daniel-meyer-60729113,,,,,,,Founder and CEO,Nehemiah Manufacturing Company,"1907 South St, Cincinnati, Ohio 45204, US",nehemiahmfg.com,https://linktr.ee/madebynehemiah,https://www.linkedin.com/company/nehemiah-manufacturing-company,"Cincinnati, OH, US",Cincinnati,,OH ,US,Nehemiah Manufacturing Company,Founder and CEO,,Present,Nehemiah Manufacturing Company,"Founder, President and CEO",2009-10-01,Present,BEACON OF HOPE BUSINESS ALLIANCE,Founder,2016-04-01,2019-09-01,Changing Paradigms,"Founder, President and CEO",1994-01-01,2009-04-01,Drackett Company,Marketing and Sales,1984-01-01,1993-01-01,University of Pennsylvania,,,,,,,,"CEOs,Marketing Strategy,Marketing,Business Strategy,Strategy,Venture Management,Management,Sales,Strategic Partnerships,Executive Management,Business Planning,Organizational Development,Start Ups,Business Development,Leadership,Mergers and Acquisitions,Venture Capital,Healthcare Consulting",,,,,46,2000,owner,C_suite,po,,,,,
41781403,Mickey Wiebe,Mickey,Wiebe,Verified emails found,2025-10-15 11:18:48.496695,mickeywiebe@gmail.com,,mickeywiebe@gmail.com,,mickeywiebe@gmail.com,mwiebe@xcaretcompany.com,,,,,https://www.linkedin.com/in/mickeywiebe,,,,,,,"President, Founder",Xcaret Company,"1111 S. Roop # 100, Carson City, Nevada 89702, US",xcaretcompany.com,http://www.xcaretcompany.com,https://www.linkedin.com/company/xcaret-company,United States,,,,US,Xcaret Company,"President, Founder",2010-01-01,Present,Corazon de Vida Foundation,"Co-Founder, Executive Vice President",1994-07-01,Present,,,,,,,,,,,,,UCLA,,,,,,,,"Fundraising,Private Placements,Investment Strategies,Real Estate Development,Contract Negotiation,Aerospace,Strategic Planning,Supply Chain,Nonprofits,Team Building,Program Management,Strategy,Manufacturing,Six Sigma,Leadership,Start-ups,Executive Management,Lean Manufacturing,Entrepreneurship,Business Planning,Cross Functional Team,Start Ups,Supply Chain Management,Process Improvement,Management Consulting,Operations Management,Cross Functional Team Leadership,Change Management,Business Process Improvement,Business Strategy,Mergers and Acquisitions",,,,,31,1972,cxo,C_suite,po,,,,,
22777650,Mike Wessman,Mike,Wessman,Verified emails found,2025-10-15 11:18:48.684553,mike@tomskey.com,mike@tomskey.com,mikewessman@gmail.com,"mike@tomskey.com,mikewessman@gmail.com",,,801-706-5737,,"5176686028
8015817241",,https://www.linkedin.com/in/mikewessman,https://facebook.com/100009362527944,,,,,,Founder and CEO,Tom's Key Company,"Riverton, Utah, US",tomskey.com,http://tomskey.com,https://www.linkedin.com/company/tomskeycompany,"Salt Lake City, UT, US",Salt Lake City,,UT ,US,Tom's Key Company,Founder and CEO,2018-01-01,Present,TomahawkDIY,YouTube Creator,2011-01-01,Present,Spacestation Investments Club,Angel Investor,2021-01-01,Present,University of Utah,Architectural Project Manager and Engineer,2015-01-01,2021-01-01,Emergent BioSolutions,Senior Project Manager (Project Engineer),2011-01-01,2015-01-01,University of Utah,,,,,,,,"Project Management,Budgets,Engineering,Capital Projects,Real Estate,Project Planning,Facilities Management,Greenfield Projects,Workplace Design,Facility Master Planning,Troubleshooting,Construction Management,Real Estate Project Management,Facility Maintenance,Quality Control,Manufacturing,Public Speaking,Change Control,PowerPoint,Microsoft Office,Capital Equipment,Tax Incentives,Communication,Pharmaceutical Industry,Preparation of Business Cases,Biotechnology,Corporate Real Estate,Innovation,Laboratory Design,Computer Software,Project Estimation,Contract Management,Office Space Design,Contractors,Request for Proposals,Balloon Artist,Construction,GMP,FDA,Budgeting,Operational Requirements,Conferences,Warehousing,Responsibility,Utah,Design,AV,Budget Constraints,Deliver Results,System Monitoring,YouTube,Furniture,Disruption,SketchUp,Commissioning,Site Work,Comprehensive Planning,Electricians,PMI,Mechanical,Strategic Planning,Cycling,Information Technology,Presentations,Strategy,High Growth,Executive Leadership,Chemical Engineering,Topic,Architecture,High Profile,Piping,Phase,Project Teams,Start Ups,Capital,Renewal,Organizational Culture,Fast Track,Spaces,Laboratory,Leadership,Classifications,Operations,Revisions,Milestone,Presenter,Change Management,Lake Homes,Informatics,Channel,Financial Justification,Conceptual Design,Security,Space,Fixtures,Tax,Commerce,Office Space,Strategic Business,Schedules,Analysis,Architectural Design,Sales,Initiation,House,Ama,Snowboarding,LEED,Incorporation,Travel,Selecting,Insurance,Project Tracking,Project,Revit,Emergent,Silver,Social Influence,Executive Positions,Public Relations,Business Strategy,Commercial Tenant Improvement,Cost Savings,Buildings,Scholarships,Coordination,Project Initiation,High Tech,HVAC,Home Repairs,Scientific,Camping,Government Agencies,Executive Team,Covers,Certified Project Manager,Leases,Training,Project Cost,Contract Negotiation,SALT,Renovation,Stakeholders,Project Scope Development,Ispe,Inspiration,Business Expansion,Building Design,PMP,Management,Workspace,System,Clean Rooms,Business Partnering,Ifma,Reporting,Manufacturing Operations,Risk,Producing,Fire Suppression Systems",,,"The Project Manager Network - #1 Group for Project Managers, Corporate Real Estate & Facilities Management Professionals, Interior Design, Building Owners and Managers Association International (BOMA), Federation of Corporate Real Estate, Construction, Engineering, Development & Design Group, IFMA, Facility Space Planning and Space Management, Real Estate Design Construction, University of Utah Chemical Engineering Alumni, The Real Estate Networking Group (Investor Strategies), Warren Buffet - The Investment Wizard, WORKTECH - work, workplace, technology, innovation, Corporate Real Estate Strategy",,20,1978,owner,C_suite,po,,,,,
2918973,Josh Miller,Josh,Miller,Verified emails found,2025-10-15 11:18:48.981193,josh@thebrowser.company,josh@thebrowser.company,josh.alexander.miller@gmail.com,"josh@thebrowser.company,josh.alexander.miller@gmail.com,milljc@gmail.com",,"jmiller@patreon.com,joshmiller@patreon.com",3104132678,3104132678,,,https://www.linkedin.com/in/josh-miller-b31259106,https://facebook.com/joshamiller,https://twitter.com/joshm,https://github.com/joshmiller,https://crunchbase.com/person/josh-miller,https://angel.co/joshm,https://quora.com/josh-miller-16,CEO and Co-Founder,The Browser Company,"New York, New York 10012, US",thebrowser.company,https://thebrowser.company,https://www.linkedin.com/company/the-browser-company,United States,,,,US,The Browser Company,CEO and Co-Founder,2019-09-01,Present,Patreon,Board Member,2019-01-01,Present,Thrive Capital,Investor,2017-02-01,2020-03-01,The White House,Director of Product,2015-09-01,2017-01-01,Facebook,Product Manager,2014-01-01,2015-08-01,Princeton University,,,,,,,,"entrepreneurship,Product Management,Leadership,Customer Service,Sales,Project Management,Marketing,Change Management,Business Strategy,Marketing Strategy,Product Development,Venture Capital,Strategy,Market Research,Angel Investing,Social Games,Marketing Communications,Due Diligence",,,,,13,1990,cxo,C_suite,po,,,,,
2853717,Jake Buzaid,Jake,Buzaid,Verified emails found,2025-10-15 11:18:49.159899,jake@curationbevco.com,jake@curationbevco.com,buzaid.j@gmail.com,"jake@curationbevco.com,buzaid.j@gmail.com",,,2038859515,2038859515,4029352050,,https://www.linkedin.com/in/jake-buzaid-5a682730,https://facebook.com/jbuzaid,,,,,,Founder and CEO,Curation Beverage Company,"Boulder, Colorado 80303, US",curationbevco.com,http://www.curationbevco.com,https://www.linkedin.com/company/curation-bev-co,"Boulder, CO, US",Boulder,,CO ,US,Curation Beverage Company,Founder and CEO,2020-11-01,Present,SKU,Spring '24 Track,2024-01-01,2024-05-01,Barrel House Z,Director Of Operations,2019-12-01,2020-08-01,Barrel House Z,Operations Manager,2019-03-01,2019-12-01,Huckabuy,Head of Operations,2018-02-01,2019-02-01,Northeastern University,Bachelor of Science Degree,,,,,,,"Excel,Access,Data Analysis,Bloomberg,Salesforce.com,Microsoft Excel,Marketing,Customer Service,Marketing Strategy,Entrepreneurship,Customer Satisfaction,PowerPoint,Social Media,Business Development,Mobile Payments,Payments,Microsoft PowerPoint,Management,Strategy,Financial Reporting,Business Analysis,Microsoft Office",,,,,13,1989,owner,C_suite,po,,,,,
8251659,Zach Pritchett,Zach,Pritchett,Verified emails found,2025-10-15 11:18:49.351308,zachp@mass1ve.net,zachp@mass1ve.net,zachpritchett1@gmail.com,"zachp@mass1ve.net,zachpritchett1@gmail.com,zach@mass1ve.net",,,2126855979,,"00923008459788
917.494.2501
1.9174942501",,https://www.linkedin.com/in/zachpritchett,https://facebook.com/zach.pritchett1,,,,,,Founder and CEO,Massive+Company LLC,"4376 N Forestdale Dr Unit 4, Park City, Utah 84098, US",mass1ve.net,http://www.mass1ve.net,https://www.linkedin.com/company/massive-companyllc,"Los Angeles, CA, US",Los Angeles,,CA ,US,Massive+Company LLC,Founder and CEO,2018-10-01,Present,"HealthQuotes, LLC",Co-Founder,2019-01-01,Present,Entrepreneur,Independent Entrepreneur,2017-10-01,2018-10-01,Zeta Global,"Vice President and General Manager, Network",2008-05-01,2017-09-01,Various,Freelance TV and Web Producer,2004-10-01,2008-05-01,Wheaton College Massachusetts,BA,,,Holderness School,College Prep,,,"Advertising,Publishing,Negotiation,Lead Generation,Email Marketing,Online Lead Generation,Affiliate Marketing,SEM,Marketing,Business Development,Management,Online Marketing,PPC,Strategy,SEO,Online Advertising,Digital Marketing,Mobile Marketing,Web Analytics,Digital Strategy,Customer Acquisition,Social Media Marketing,Direct Marketing,Strategic Partnerships,Social Media,Search Engine Optimization (SEO),Search Engine Marketing (SEM),Pay Per Click (PPC),Pay Per Click Ppc,Search Engine Marketing Sem,Networking,Search Engine Optimization Seo,Keys,Search Engine Marketing,Pay Per Click,Search Engine Optimization",,,,,21,1958,owner,C_suite,po,,,,,
87884743,Drew Henry,Drew,Henry,Verified emails found,2025-10-15 11:18:49.532852,drew@revivalteacompany.com,drew@revivalteacompany.com,drewhenry1221@gmail.com,"drew@revivalteacompany.com,drewhenry1221@gmail.com,founder@revivalteacompany.com,mediawithpulp@gmail.com",,,5095532221,5095532221,"5417766401
5095960941",,https://www.linkedin.com/in/drew-henry,https://facebook.com/drewhenry12,,,,,,Founder and CEO,Revival Tea Company,"Spokane, Washington, US",revivalteacompany.com,https://www.revivalteacompany.com,https://www.linkedin.com/company/revival-tea-company,"Cincinnati, OH, US",Cincinnati,,OH ,US,Revival Tea Company,Founder and CEO,2018-01-01,Present,,,,,,,,,,,,,,,,,Eastern Washington University,,,,Eastern Washington University,,,,"Sales,Social Media Marketing,Advertising,Video Production,Marketing,Public Speaking,Referrals,Customer Service,Tea",,,,,7,1991,owner,C_suite,po,,,,,
675218,Ryan Deiss,Ryan,Deiss,Verified emails found,2025-10-15 11:18:49.710153,ryandeiss@scalable.co,ryandeiss@scalable.co,deiss.ryan@gmail.com,"ryandeiss@scalable.co,deiss.ryan@gmail.com,ryan@scalable.co,rdeiss@gmail.com,ryan@digitalmarketer.com,ryan.deiss@digitalmarketer.com","ryandeiss@hotmail.com,ryandeiss@bellsouth.net,rdeiss1@hotmail.com",,5122034065,5122034065,"512-394-0134
8885461110
7372081716
5126004363
5123517883
5128923022
512-751-4418
512-632-4026
5122844748",,https://www.linkedin.com/in/ryandeiss,https://facebook.com/ryan.deiss.3,https://twitter.com/ryandeiss,,,https://angel.co/ryandeiss,https://quora.com/ryan-deiss,Founder and CEO,The Scalable Company,"Austin, Texas, US",scalable.co,https://scalable.co/,https://www.linkedin.com/company/scalableco,"Austin, TX, US",Austin,,TX ,US,The Scalable Company,Founder and CEO,2019-10-01,Present,DigitalMarketer,Founder and CEO,2009-01-01,Present,,,,,,,,,,,,,The University of Texas at Austin,,,,,,,,"Public Speaking,Online Marketing,Blogging,Marketing,Digital Marketing,Web Marketing,Publishing,Marketing Strategy,SEO,Social Media Marketing,Copywriting,Online Advertising,Proactive self-starter,Advertising,Email Marketing,Training,Product Development,Amazon Kindle,PPC,Business Development,Lead Generation,Digital Media,SEM,Marketing Communications,Social Media,Direct Marketing,Social Networking,Viral Marketing,Entrepreneurship,Marketing Management,WordPress,Affiliate Marketing,Online Lead Generation,SEO copywriting,Mobile Marketing,Web Analytics,Facebook,Conversion Optimization,Google Adwords,Online Reputation Management,Pay Per Click (PPC),Search Engine Marketing (SEM),Search Engine Optimization (SEO),Management,Sales,Strategy,Proactive Self Starter,Microsoft Excel,SEO/SEM,Importing,Monetization,Editing,Search Engine Optimization Seo,Startups,Internet Traffic Monetization,Selling Stuff,Pay Per Click Ppc,Customer Service,Creating Channels,Search Engine Marketing Sem,Search Engine Marketing,Pay Per Click,Search Engine Optimization",,,,,16,1980,owner,C_suite,po,,,,,
16305427,Jonathan Rubinstein,Jonathan,Rubinstein,Verified emails found,2025-10-15 11:18:49.893914,jonathan@joecoffeecompany.com,jonathan@joecoffeecompany.com,joecoffeestore@gmail.com,"jonathan@joecoffeecompany.com,joecoffeestore@gmail.com,jrubinstein@joecoffeecompany.com,jocoru@aol.com,joecoffeestore@aol.com",jrubinstein@verizon.net,,917-689-6042,917-689-6042,"212-924-4803
212-924-6750
212-724-4803
212-489-4929
2124647451
7184220200
2126146836
6468611682
2164644234
2164647451
2167516699
2169323214
7188587850
718-522-5309
212-924-7400
212-785-4075",,https://www.linkedin.com/in/jonathan-rubinstein-10897078,https://facebook.com/jonathan.rubinstein,https://twitter.com/joecoffeenyc,,,,,Founder and CEO,Joe Coffee Company,"131 West 21st Street, New York, New York 10011, US",joecoffeecompany.com,https://joecoffeecompany.com,https://www.linkedin.com/company/joe-coffee,"New York, United States",,,NY ,US,Joe Coffee Company,Founder and CEO,2003-06-30,Present,Brookside Artist Management,Talent Manager,2001-04-30,2002-07-31,Leading Artists Agency,Talent Agent,2000-03-31,2001-04-30,Camp Wise,Director Camp Wise,1995-12-31,1999-07-31,,,,,Skidmore College,,,,John Carroll University,,,,"Coffee Shops,Specialty Coffee,Coffee,Coffee Roasting,Management,Business Development,Entrepreneurship,Public Speaking,Curriculum Design,Sales,Strategic Planning,Startups,Customer Service",,,,,28,1969,owner,C_suite,po,,,,,
1200516,Mackenzie Lowry,Mackenzie,Lowry,Verified emails found,2025-10-15 11:18:50.069089,mackenziejlowry@gmail.com,,mackenziejlowry@gmail.com,mackenziejlowry@gmail.com,,"mackenzie.lowry@newcompany.com,mackenzielowry@newcompany.com,mlowry@newcompany.com,m.lowry@newcompany.com,lowrym@newcompany.com,lowry@newcompany.com,mackenziel@newcompany.com,mackenzie@newcompany.com",8595767701,8595767701,,,https://www.linkedin.com/in/mackenzielowry,https://facebook.com/mackenzielowry,https://twitter.com/mackenzielowry,,,https://angel.co/mackenzie-lowry,,Founder,New Company,DK,newcompany.com,https://newcompany.com,https://www.linkedin.com/company/new-company,"Boston, MA, US",Boston,,MA ,US,New Company,Founder,2019-01-01,Present,Rock Health,Entrepreneur in Residence,2018-01-01,2019-01-01,Metier Oec,Strategy Consultant,,2018-01-01,Oasys,"Co-Founder, Co-Chief Executive Officer",2015-01-01,2016-01-01,Harvard University,"Advisor - Entrepreneurship, Public Service, and Sash",2011-08-01,2016-01-01,Harvard University,,,,,,,,"Management,Sales,Project Management,Entrepreneurship,Consumer Services,Marketing Strategy,Business Development,Leadership,Social Media,Public Speaking,Policy Analysis,Grants,Government,International Relations,Fundraising,Nonprofit Organizations,Public Policy,Nonprofits,Editing,Community Outreach,Qualitative Research,Policy,Non Profits,Politics,Research,Brand Management,Grant Writing",,,,,19,1984,owner,C_suite,po,,,,,
43438280,David Ramage,David,Ramage,Verified emails found,2025-10-15 11:18:50.241854,david@ramagecompany.com,david@ramagecompany.com,,david@ramagecompany.com,,,502-418-6467,502-418-6467,"502-445-6954
239-242-2000
239-541-3349
502-895-4273
502-749-9284
502-749-2019
5023330621
6062532290
8594456954
6062524607
8593351814
502-292-0440
239-574-5565
239-549-1099",(502) 694-9456,https://www.linkedin.com/in/davidsramage,http://www.facebook.com/david.ramage.96,https://twitter.com/ramagecompany,,,,,Founder and President,Ramage Company,"900 E Jefferson St, Louisville, Kentucky 40206, US",ramagecompany.com,http://www.ramagecompany.com,https://www.linkedin.com/company/ramage-company,"Louisville, KY, US",Louisville,,KY ,US,Ramage Company,Founder and President,2004-01-01,Present,Kentucky Select Properties,Realtor,2009-01-01,Present,Serologicals,Financial Analyst,2002-01-01,2003-12-01,PwC,Senior Associate,1999-09-01,2002-01-01,,,,,University of Kentucky,Bachelors of Science,,,,,,,"Construction,Microsoft Excel,CRM,Budgets,Business Development,Forecasting,Accounting,Strategic Planning,Renovation,Residential Homes,Sales,Auditing,Contract Negotiation,Financial Analysis,New Business Development,Financial Reporting,Management,Analysis,Startups,Sellers,Real Estate,Strategy",,,"Real Estate Professionals and Vendor Network, University of Kentucky Alumni, Louisville Business First, Construction Marketing Association, Construction Marketing Ideas",,26,1975,owner,C_suite,po,,,,,
307432,Steve Zimmerman,Steve,Zimmerman,Verified emails found,2025-10-15 11:18:50.448801,steve@restaurantrealty.com,steve@restaurantrealty.com,restaurantsforsale@yahoo.com,"steve@restaurantrealty.com,restaurantsforsale@yahoo.com",,,415-721-0991,,"4153067601
415-945-9701
4157210992
4157205468
661-392-0812",(415) 945-9701,https://www.linkedin.com/in/restaurantrealty,,http://www.twitter.com/rrealty,,,,,President and CEO and Principal Broker and Founder and Owner,Restaurant Realty Company,"77 Mark Drive Suite 14, San Rafael, California 94903, US",restaurantrealty.com,http://www.restaurantrealty.com,https://www.linkedin.com/company/restaurant-realty-company,"California, United States",,,CA ,US,Restaurant Realty Company,President and CEO and Principal Broker and Founder and Owner,1996-01-01,Present,Zim's Restaurants Inc.,President and CEO and Owner,1973-01-01,1995-01-01,,,,,,,,,,,,,Cornell University,,,,University of San Francisco,,,,"Selling,Lease Negotiation,Restaurant Management,Financial Analysis,Buying,Real Estate,Lease Negotiations,Acquisitions,Real Estate Development,Restaurants,Mergers,Hotels,Valuation,Sales,Brokerage,Property,Disposition,Investment Properties,Leases,Single Family Homes,Real Estate Transactions,Apartments,Management,REO,Real Estate Economics,Franchising,Mergers & Acquisitions,Real Property,Franchise Consulting,Location Intelligence,Investors,Tenant,Wine,Business Brokerage,Strategic Negotiations,Commercial Real Estate,Contract Negotiation,Entrepreneurship,Business Valuation,Negotiation,Luxury,Property Management,Culinary Skills,Gourmet,Business,Landlords,Due Diligence,New Restaurant Openings,Small Business,Shopping Centers,Microsoft Excel,Mergers and Acquisitions,Software Development,PowerPoint,SAN,Project Management,Integration,First Time Home Buyers,Strategic Planning",,,,,51,1947,cxo,,po,,,,,
25464881,AJ Kumar,AJ,Kumar,Verified emails found,2025-10-15 11:18:50.634946,ajk@limitless.inc,ajk@limitless.inc,kumardeepti84@gmail.com,"ajk@limitless.inc,kumardeepti84@gmail.com,aj@limitless.inc,ajkumar@gmail.com",luckycharms105@worldnet.att.net,,714-333-8988,714-333-8988,"310-595-0232
1.7143338988
562-746-7839
562-402-0920",,https://www.linkedin.com/in/ajkumar24,http://www.facebook.com/ajkumar,https://twitter.com/i/user/18312191,https://github.com/emirvlad,,,,Founder and CEO,The Limitless Company,"Los Angeles, California 90036, US",limitless.inc,https://limitless.inc,https://www.linkedin.com/company/the-limitless-company,"Los Angeles, CA, US",Los Angeles,,CA ,US,The Limitless Company,Founder and CEO,2012-01-01,Present,Beauty Detox LLC,Co Founder and CMO and CTO,2012-01-01,2015-01-01,Single Grain LLC,Co-Founder and VP of Sales and Marketing,2011-01-01,2013-06-01,CENTURY 21 Masters,Digital Marketer and Realtor,2009-06-01,2011-01-01,SC Companies,"Online Marketing Director, Curriclum Designer, Partner",2006-01-01,2009-01-01,None,,,,,,,,"SEO,Online Advertising,Web Analytics,Blogging,Email Marketing,Entrepreneurship,Conversion Optimization,PPC,Marketing,Digital Marketing,Social Media Marketing,SEM,Online Marketing,Copywriting,Affiliate Marketing,Marketing Strategy,Social Media,Marketing Communications,E-commerce,SEO copywriting,Search Advertising,Search Engine Optimization (SEO),SMO,Mobile Marketing,Display Advertising,Google Analytics,Google Adwords,WordPress,Google Webmaster Tools,Lead Generation,Keyword Research,Landing Page Optimization,Local Search,Link Building,Organic Search,A/B testing,Online Lead Generation,Online Reputation Management,Web Marketing,E Commerce,Landing Page,Online Reputation,Search Engine Optimization Seo",,,,,21,1991,owner,C_suite,po,,,,,
33206622,Jessica Derrick,Jessica,Derrick,Verified emails found,2025-10-15 11:18:50.812927,jhundhausen@gmail.com,,jhundhausen@gmail.com,jhundhausen@gmail.com,,derrick@derrick.com,917-886-3011,917-886-3011,"843-795-1195
843-202-0404
501-767-3943
212-630-2280
843-637-4092",,https://www.linkedin.com/in/jessica-derrick-b43853102,http://www.facebook.com/jessica.hundhausen,,,,,,Founder,Derrick & Company,"590 Duke Road, Buffalo, New York 14203, US",derrick.com,http://www.derrick.com,https://www.linkedin.com/company/derrick-corporation,"Charleston, SC, US",Charleston,,SC ,US,Derrick & Company,Founder,2018-08-01,Present,Lou Hammond Group,"Executive Vice President, Brand Development",2018-03-01,2018-08-01,Garden & Gun Magazine,"Senior Vice President, Brand Development and Creative Services",2011-01-01,2018-02-01,Garden & Gun Magazine,"Associate Publisher, Creative Services",2008-08-01,2011-01-01,House & Garden,Acting Associate Publisher of Marketing and Director of Creative Services,2005-03-01,2007-11-01,Randolph College,Bachelor of Arts (B.A.),,,Sweet Briar College Junior Year Abroad,"La Sorbonne, L'Institute Catholique de Paris, Alliance Française",,,"Online Publishing,Creative Services,Google Analytics,Retail",,,,,27,1972,owner,C_suite,po,,,,,
6292313,Jean-Bernard GUERREE,Jean-Bernard,GUERREE,Verified emails found,2025-10-15 11:18:51.032480,jbguerree@aol.com,jb@wic-group.com,jbguerree@aol.com,"jbguerree@aol.com,jb@wic-group.com",jeanbernard.guerree@eurogroupconsulting.com,jguerree@eurogroupconsulting.com,4152272000,,"4155681666
1.4152272000
1.4155681666",,https://www.linkedin.com/in/jean-bernard-guerree-0b267612,,https://twitter.com/jbguerree,,,,,Founder and CEO,Stealth Mode Startup Company,US,appcito.net,http://www.appcito.net,https://www.linkedin.com/company/divitas-networks,"San Francisco, CA, US",San Francisco,,CA ,US,Stealth Mode Startup Company,Founder and CEO,2024-01-01,Present,WIC Group,President and CEO,2013-12-01,Present,EUROGROUP CONSULTING,Strategic Advisor,2018-02-01,Present,World Investment Conferences,President and CEO,2009-12-01,Present,Avise Partners,Founder and Managing Director,2003-08-01,2018-01-01,University of San Francisco School of Management,,,,,,,,"Leadership,Business Strategy,Product Marketing,Start Ups,Entrepreneurship,International Business,Business Development,Investments,Strategic Partnerships,Marketing Strategy,Corporate Development,Venture Capital,Cloud Computing,Strategy,Angel Investing,International Business Development,Management Consulting,Business Planning,New Business Development,Product Management,Private Equity,French,Mergers and Acquisitions",,,,,29,1968,owner,C_suite,po,,,,,
41653547,Daniel Duncan,Daniel,Duncan,Verified emails found,2025-10-15 11:18:51.261107,dduncan@concertocard.com,dduncan@concertocard.com,,dduncan@concertocard.com,,,512-633-2873,512-633-2873,"512-327-7671
512-328-8215
512-992-1382
512-329-5625
512-501-2499",,https://www.linkedin.com/in/daniel-duncan-638260,,,,,,,Founder and CEO,Concerto Card Company,"Austin, Texas 78704, US",concertocard.com,https://www.concertocard.com/,https://www.linkedin.com/company/concerto-card-company,"Austin, TX, US",Austin,,TX ,US,Concerto Card Company,Founder and CEO,2021-03-31,Present,Parametric Risk Company (Pararisk),Founder,2019-03-31,Present,CreditShop,CEO,2013-05-31,2018-12-31,,,,,,,,,,,,,,,,,"Predictive Analytics,SaaS,Executive Management,Product Management,Business Intelligence,Enterprise Software,Business Development,Strategy,Process Improvement,Analytics,Management,E-commerce,Predictive Modeling,Vendor Management,Entrepreneurship,Strategic Partnerships,Cloud Computing,Start-ups,CRM,Business Analysis,Professional Services,Business Strategy,Risk Management,Product Marketing,Business Analytics,Product Development,Go-to-market Strategy,Program Management,E Commerce,Start Ups,Go To Market Strategy",,,,,12,1963,owner,C_suite,po,,,,,
136687929,David A.,David,A.,Verified emails found,2025-10-15 11:18:51.463363,david@christmascompany.com,david@christmascompany.com,davidabrams611@gmail.com,"david@christmascompany.com,davidabrams611@gmail.com,abramsautohouse@hotmail.com","tdobucki@yahoo.com,abramsxmaslighting@yahoo.com,dsabrams@aol.com",,,,,(817) 629-8404,https://www.linkedin.com/in/david-a-98242359,,,,,,,"Founder and CEO, The Christmas Company LLC",Christmas Company,"4455 Camp Bowie Blvd Ste 114-50, Fort Worth, Texas 76107, US",christmascompany.com,https://www.christmascompany.com,https://www.linkedin.com/company/christmascompany,"Fort Worth, TX, US",Fort Worth,,TX ,US,Christmas Company,"Founder and CEO, The Christmas Company LLC",2004-09-01,Present,,,,,,,,,,,,,,,,,,,,,,,,,"New Business Development,Small Business,Business Planning,Business Process,Business Strategy,Business,Business Sale,Project Management,Operations Management,Marketing,Marketing Strategy,Market Research,Sales,Sales Operations,Sales Management,Direct Sales,Sales Process,Customer Service,Investments,Investment Properties,Investors,Real Estate,Commercial Real Estate,Construction Management,Construction,Restaurant Management,New Restaurant Openings,Restaurants,Rental Real Estate,Renovation,Whole House Renovations,Residential Roofing,Direct Import,Dealer Operations,Microsoft Office,Microsoft Excel,Microsoft Word,Social Media",,,,,21,1985,owner,,po,,,,,
373866391,Bryan Cressey,Bryan,Cressey,Verified emails found,2025-10-15 11:18:51.662548,bcressey@cresseyco.com,bcressey@cresseyco.com,bccressey@icloud.com,"bcressey@cresseyco.com,bccressey@icloud.com","bcressey@me.com,bcressey@icloud.com,cresswood@earthlink.net","bcressey@fcventures.com,bcressey@anb.today",312-777-4424,917-455-6185,"917-455-6185
312-777-4410
3129455710
312-777-4444
615-312-5100
214-623-5150
314-854-8000
415-263-3660
615-386-9310
312-777-4427
312-777-4445
214-623-5301
415-392-6480
615-386-5101
615-312-5101",,https://www.linkedin.com/in/bryan-cressey,,,,,,,Co-Founder and Partner,Cressey & Company,"155 N Upper Wacker Dr, Chicago, Illinois 60606, US",cresseyco.com,https://www.cresseyco.com,https://www.linkedin.com/company/cressey-and-company,"Chicago, IL, US",Chicago,,IL ,US,Cressey & Company,Co-Founder and Partner,2008-01-01,Present,Frist Cressey Ventures,Co-Founder,2016-01-01,Present,Above and Beyond Family Recovery Center,Founder,2015-01-01,Present,Thoma Cressey Bravo,Co-Founder and Managing Partner,1998-01-01,2008-01-01,"GTCR - Golder, Thoma, Cressey, Rauner, Inc.",Co-Founder and Partner,1980-01-01,1998-01-01,Harvard Law School,,,,Harvard Business School,,,,,,,,,48,,owner,C_suite,po,,,,,
5448079,Damian Fagan,Damian,Fagan,Verified emails found,2025-10-15 11:18:51.881685,damian@almanacbeer.com,damian@almanacbeer.com,damianfagan@gmail.com,damian@almanacbeer.com,damianfagan@gmail.com,,4158164747,4158164747,"1.4158164747
4156400692
4158634153
2483546722
4083546722
4158242313
4159923438
4158002015
4158964707",(415) 992-3438,https://www.linkedin.com/in/damian-fagan-9a40556,https://facebook.com/damian.fagan,https://twitter.com/DamianFagan,,,,,Founder and CEO,Almanac Beer Company,"651 W Tower Ave, Alameda, California 94501, US",almanacbeer.com,http://almanacbeer.com,https://www.linkedin.com/company/almanac-beer,"San Rafael, CA, US",San Rafael,,CA ,US,Almanac Beer Company,Founder and CEO,2010-02-01,Present,CURIO Modern,Founder and CEO,2014-07-01,2023-12-01,Fagan Welles,Founder and Principal,2005-01-01,2012-03-01,Lewis & Partners Advertising,Senior Designer,1998-01-01,2005-01-01,,,,,College for Creative Studies,,,,Michigan State University,,,,"Business Strategy,Illustrator,Sales,Microsoft Office,Leadership,InDesign,Entrepreneurship,Business Development,Executive Management,Leadership Development,Investments",,,"Beer Wine Spirits Network, Homebrew and Microbrew, BeerJobs.org, American HomeBrewers Association, Beer Industry Members, Craft Brewery Alliance, Craft Beverage Marketing, MarketingExperiments Optimization",,27,1972,owner,C_suite,po,,,,,
1834984,William Hood,William,Hood,Verified emails found,2025-10-15 11:18:52.092825,whood@williamhoodandcompany.com,whood@williamhoodandcompany.com,wsjhood@gmail.com,"whood@williamhoodandcompany.com,wsjhood@gmail.com,whtv@williamhoodandcompany.com,gioiamia7@aol.com",,,917-602-4723,917-602-4723,"2123655291
9175003483
212-497-7884
212-331-0150
310-553-8871
212-602-4723
6023685424
6185305956
212-661-3070
212-497-4100",(212) 365-5293,https://www.linkedin.com/in/william-s-j-hood-54b197,,,,,,,Founder and CEO,William Hood & Company,"555 Madison Ave 11th Floor, New York, New York 10022, US",williamhoodandcompany.com,https://www.williamhoodandcompany.com,https://www.linkedin.com/company/william-hood-company,United States,,,,US,William Hood & Company,Founder and CEO,2017-09-01,Present,,,,,,,,,,,,,,,,,Georgetown University,Bachelor of Science (BS),,,,,,,"Mergers,Financial Modeling,Due Diligence,Valuation,Mergers & Acquisitions,Investment Banking,M&A experience,Corporate Finance,Acquisitions,Investments,Business Strategy,Private Equity,Corporate Development,Retail,Sales,Management,Mergers and Acquisitions",,,,,8,1975,owner,C_suite,po,,,,,
4941915,Fayaz Khazi,Fayaz,Khazi,Verified emails found,2025-10-15 11:18:52.317053,fkhazi@traitology.ag,fkhazi@traitology.ag,fayazkhazi@gmail.com,"fkhazi@traitology.ag,fayazkhazi@gmail.com,fayazkhazi@icloud.com",,"fayaz@worldagricultureforum.com,fkhazi@worldagricultureforum.com,fayaz.khazi@worldagricultureforum.com,fayazkhazi@worldagricultureforum.com",5614107052,,3015808363,,https://www.linkedin.com/in/fayazkhazi,,https://twitter.com/khazi_fayaz,,,,,Founder and Chief Executive Officer,The Traits Company,"North Carolina 27701, US",traitology.ag,https://www.traitology.ag,https://www.linkedin.com/company/traitology,"Chapel Hill, NC, US",Chapel Hill,,NC ,US,The Traits Company,Founder and Chief Executive Officer,2022-10-01,Present,World Agriculture Forum,Member of Advisory Council and thematic Working Group,2024-10-01,Present,Elo Life Systems,Chief Executive Officer,2018-06-01,2022-01-01,"Precision BioSciences, Inc.","President, Precision PlantSciences",2017-05-01,2021-12-01,KeyGene,"Chief Executive Officer, KeyGene USA",2014-05-01,2017-04-01,Auburn University,,,,"University of Agricultural Sciences, Bangalore",,,,"Start-ups,Leadership,Immunology,Biotechnology,Molecular Biology,Lifesciences,Genetics,Vaccines,Translational Research,Bioinformatics,Gene Therapy,Drug Discovery,Oncology,Genomics,Biochemistry,Clinical Development,Cell,Microbiology,Translational Medicine,Biopharmaceuticals,DNA,Animal Models,Drug Development,Pharmacology,Cell Culture,Technology Transfer,Protein Chemistry,Cell Biology,Biomarkers,Genetic Engineering,Pharmaceutical Industry,Virology,In Vitro,Cancer,Clinical Trials,Purification,Commercialization,R&D,Biologics,Immunoassays,In Vivo,Management,GLP,Infectious Diseases,IND,Drug Delivery,Assay Development,Life Sciences,Research and Development (R&D),Good Laboratory Practice (GLP),Strategy,Development,Research and Development R&d,Project Management,Business Development,Good Laboratory Practice Glp,Medical Diagnostics,Recombination,Channel,Cvm,Dna Recombination,Infrastructure,Bacterial,Phase Ii,Students,Clinical Research,Advancement,Regulatory Affairs,Market Research,Modalities,Rebar,Nanomedicine,ADME,Work Ethic,Zinc,Vector,Legal,Plant Physiology,Organizational Structure,Revenue,Modification,Feasibility Studies,Science,Localization,Cellular Communications,Funding,Rare Diseases,Patents,Integration,Mouse,Initiation,Publications,Blood,Respiration,Collaborative,Pennsylvania,Execution,Factor,Qualification,Cros,Delegation,GMP,Philadelphia,Portfolio Management,Mitochondria,Strategic Initiatives,PCR,Bangalore,Reports,Rare,Strategies,Mclean,Gene Delivery,USDA,Medicine,Restores,Founding,Editing,Soybean,Virus,Product Development,Research,Reporting,Investigation,Partnerships,Binding,Hospitals,Lowry,Concepts,R,Charters,Trials,Immunogenicity,Coordination,FIX Protocol,Applications,Communication,Negotiation,Efficacy,Evidence,Hematology,Active,Strategic Planning,Scientific,Safety,Characterization,Stage,Production Facilities,Business Analytics,Autonomy,Timelines,Executive Leadership,Executive Team,Business Case,Business Alliances,Philosophy,Project,Facilities Management,Corporate Development,Short Term,Ligation,Presentations,Utility,Nature,Mc,Responsibility,Internal Audit,Therapists,Banking,Vectors,Portfolio,Veterinary Medicine,Clinical Pharmacology,Strategic Collaboration,E. Coli,Expression,Investments,Academic,Vendor Management,Diagnostics,Patient Outcomes,Equities,India,Agents,Pharmaceutics,Evangelization,Strategic Thinking,Immunotherapy,Technology Platforms,Nielsen,Dna Repair,Delivery,Mergers and Acquisitions,FDA,Recruiting,Humans,Good Laboratory Practice,Research and Development",,,,,22,1970,owner,C_suite,po,,,,,
19415298,Al Yablonski,Al,Yablonski,Verified emails found,2025-10-15 11:18:52.505390,al.yablonski@anchoringredients.com,al.yablonski@anchoringredients.com,alyablonski@gmail.com,"al.yablonski@anchoringredients.com,alyablonski@gmail.com,alyablonski@yahoo.com",,,6126169903,6126169903,"7014991480
7016390702
7634326604",(701) 499-1480,https://www.linkedin.com/in/al-yablonski-23833b7,,,,,,,CEO and Co-Founder,Anchor Ingredients Company,"5181 38th Street South Suite B, Fargo, North Dakota 58104, US",anchoringredients.com,http://www.anchoringredients.com,https://www.linkedin.com/company/anchor-ingredients,"Fargo, ND, US",Fargo,,ND ,US,Anchor Ingredients Company,CEO and Co-Founder,2015-03-01,Present,Craig-Hallum Capital Group,Investment Banker,2007-01-01,2011-01-01,Bond & Devick Wealth Partners,Financial Planner,2005-01-01,2007-01-01,,,,,,,,,University of Saint Thomas,,,,The Blake School,,,,"Valuation,Financial Modeling,Equities,Equity Research,Investment Banking,Investments,Financial Analysis,Private Equity,Corporate Finance,Portfolio Management,Hedge Funds,Mergers,Venture Capital,Due Diligence,M&A experience,Equity Valuation,Corporate Development,Business Strategy,Investment Strategies,Commodity Markets,Commodity Pricing,Financial Advisory,Firefighter I & II,Finance,Ingredients,Firefighter I and Ii,Services",,,,,16,1983,owner,C_suite,po,,,,,
122910931,Beverly Jennings,Beverly,Jennings,Verified emails found,2025-10-15 11:18:52.708905,bevwilliamson@att.net,beverly.jennings@turtle.com,bevwilliamson@att.net,"bevwilliamson@att.net,beverly.jennings@turtle.com",beverly@seecompany.co,bjennings@seecompany.co,9047689997,609-456-9126,"609-456-9126
908-904-3520
732-524-0400
609-333-9504
570-961-8838
912-495-5863
215-755-1021
215-747-7169
223-999-7821",,https://www.linkedin.com/in/bev-jennings,,,,,,,Founder and CEO,"SEE Company, Inc.","3820 Williamsburg Park Blvd, Jacksonville, Florida 32257, US",seecostyle.com,https://www.seecostyle.com,https://www.linkedin.com/company/seecompanyco,"Florida, United States",,,FL ,US,"SEE Company, Inc.",Founder and CEO,2020-01-01,Present,Turtle & Hughes,Board of Directors,2020-01-01,Present,Rose International,Board of Directors,2019-10-01,2023-12-01,Johnson & Johnson,Head | Global Supplier Diversity and Inclusion,2012-01-01,2019-01-01,Johnson & Johnson,Vice President | Worldwide Process Excellence | Consumer Group,2002-01-01,2012-01-01,The University of Dallas,MBA | Master of Business Administration,,,University of West Florida,BS | Bachelor of Science,,,,,,,,45,1954,owner,C_suite,po,,,,,
3124184,Vladimir Gendelman,Vladimir,Gendelman,Verified emails found,2025-10-15 11:18:52.933387,vladimir@companyfolders.com,vladimir@companyfolders.com,vladimirgendelman@gmail.com,vladimir@companyfolders.com,"vladimirgendelman@gmail.com,vladimir@printwand.com",,2488428161,,"248-756-0248
2487387225
2486304303
2487387600",(248) 738-7600,https://www.linkedin.com/in/vladimirgendelman,http://www.facebook.com/vgendelman,https://twitter.com/vgendelman,,https://crunchbase.com/person/vladimir-gendelman,,,Founder and CEO,"Company Folders, Inc.","22 West Huron Street Suite 203, Pontiac, Michigan 48342, US",companyfolders.com,https://www.companyfolders.com,https://www.linkedin.com/company/company-folders-inc,"Pontiac, MI, US",Pontiac,,MI ,US,"Company Folders, Inc.",Founder and CEO,2003-11-01,Present,Printwand,Founder and CEO,2011-11-01,Present,Orange Computer Solutions,Owner,1999-08-01,2004-05-01,,,,,,,,,,,,,,,,,"Development Of Promotional Materials,Promotional Design,Promotional Solutions,Promotional Merchandise,Promotional Marketing,Advertising,Marketing,Online Advertising,Marketing Strategy,Marketing Communications,SEO,Web Design,Logo Design,Digital Printing,Entrepreneurship,Business Strategy,Foil Stamping,Offset Printing,Corporate Branding,Printers,Corporate Identity,Variable Data Printing,Embossing,Graphic Design,Entrepreneurial Organizations,Pre-press,Small Business,Print Management,Wide Format Printing,New Business Development,Brand Development,Brochures,Corporate Gifts,Team Leadership,Packaging,Direct Mail,Strategic Planning,Catalogs,Graphics,Online Marketing,Internet Entrepreneur,Labels,Screen Printing,Integrated Marketing,Trade Shows,Sales,CEO Succession,Print,Print Design,Managed Print Services,Business Development,Search Engine Optimization (SEO),Creative Direction,Packaging Design,Program Management,Integration,Public Speaking,Software Development,Printing,Entrepreneurial,Search Engine Optimization Seo,Pre Press,Search Engine Optimization",,,"Marketing Communication, The Project Manager Network - #1 Group for Project Managers, Graphics Inspiration, GDUSA Magazine, Corporate Identity Professionals - Logo Designers, LinkedSEO, Designers Talk: Graphic, web, digital design and creative professionals group, Font and Typography Designs, Technical Project Manager Jobs, Print Production Professionals, IPEX 2017, Digital Printing, Adobe Photoshop Group, User Experience Professionals Network",,26,1974,owner,C_suite,po,,,,,
868095,Adam Braff,Adam,Braff,Verified emails found,2025-10-15 11:18:53.137089,adambraff@gmail.com,adam@braff.co,adambraff@gmail.com,"adambraff@gmail.com,adambraff@msn.com,adam_braff@brown.edu","adam@braff.co,adam.braff@onelifefitness.com","adam.braff@braff.co,abraff@onelifefitness.com,adam.braff@nyu.edu,adambraff@nyu.edu",212-828-3877,,"2023020746
2078072800
3105355000
41446252525
2126032207",,https://www.linkedin.com/in/adambraff,,,,,,,Founder,Braff & Company,"Providence, Rhode Island 02906, US",braff.co,https://braff.co,https://www.linkedin.com/company/braff-co,"Providence, RI, US",Providence,,RI ,US,Braff & Company,Founder,2019-01-01,Present,Onelife Fitness,Board Member,2025-01-01,Present,Brown University,Instructor and Advisor,2022-01-01,Present,New York University,Instructor,2019-01-01,Present,Point72,"Managing Director, Chief Data Acquisition Officer",2016-01-01,2019-01-01,University of Virginia School of Law,,,,Brown University,,,,"Management Consulting,Analytics,Strategy,Financial Modeling,Business Strategy,Marketing,Financial Services,Leadership,Customer Experience,Risk Management,Mergers & Acquisitions,Management,Strategic Partnerships,Start-ups,Banking,Executive Management,Product Management,Business Development,See 3+see Less,Mergers and Acquisitions,Start Ups,Data Analysis,Change Management,Microsoft Office",,,,,29,1970,owner,C_suite,po,,,,,
2116879,Arron Kallenberg,Arron,Kallenberg,Verified emails found,2025-10-15 11:18:53.322033,arron@wildalaskancompany.com,arron@wildalaskancompany.com,arron.kallenberg@gmail.com,"arron@wildalaskancompany.com,arron.kallenberg@gmail.com,akallenberg@wildalaskancompany.com",,,3602017202,3602017202,"3607345333
4013394684",,https://www.linkedin.com/in/arronkallenberg,https://facebook.com/kallenberg,https://twitter.com/kallena,https://github.com/kallena,https://crunchbase.com/person/arron-kallenberg,http://www.angel.co/10611,https://quora.com/arron-kallenberg,Founder and CEO,Wild Alaskan Company,"818 Smoky Bay Way # 137, Homer, Alaska 99603, US",wildalaskancompany.com,https://wildalaskancompany.com,https://www.linkedin.com/company/wildalaskan,"Homer, AK, US",Homer,,AK ,US,Wild Alaskan Company,Founder and CEO,2018-03-01,Present,"Home Port Seafoods, Inc.",Board Member,2023-03-01,Present,Alaskan American,Founder,2013-06-01,Present,Corsis,"Vice President, Software Architect",2016-02-01,2018-01-01,Storyhunter Inc.,Chief Technology Officer,2014-03-01,2015-08-01,Western Washington University,,,,Homer High School,High School Diploma,,,"Start-ups,Software Development,Business Development,Entrepreneurship,Social Networking,PHP,Analytics,Web Applications,Web Development,Social Media,Leadership,Enterprise Software,JavaScript,User Interface Design,SEO,Project Management,Fundraising,Product Management,Management,Software Engineering,Google Analytics,Investor Relations,Laravel,MVC,Git,Managing Technical Personnel,Search Engine Optimization (SEO),IT Due Diligence,Cascading Style Sheets (CSS),Real Estate,Apache,Production Team Management,LAMP,Search Engine Optimization Seo,Start Ups,Strategy,MySQL,Microsoft Excel,Cascading Style Sheets,Search Engine Optimization",,,,,19,1982,owner,C_suite,po,,,,,
50476803,Olya Margul,Olya,Margul,Verified emails found,2025-10-15 11:18:53.506001,olechka17@yahoo.com,olya.margul@pmi.com,olechka17@yahoo.com,olechka17@yahoo.com,olya.margul@pmi.com,olyamargul@pmi.com,5089044135,,,,https://www.linkedin.com/in/olya-margul-b07412,,,,,,,Chief Executive Officer and Founder and Owner,My Company,US,abundanceofsecrets4success.com,http://abundanceofsecrets4success.com/blog/,https://www.linkedin.com/company/my-company_2,"Natick, MA, US",Natick,,MA ,US,My Company,Chief Executive Officer and Founder and Owner,2011-07-01,Present,Philip Morris International,Manager Regulatory and Fiscal Affairs for Pmi,,2011-01-01,The Aes Corporation,Finance and Business Development Associate in Global Business Development Group,2004-01-01,2005-01-01,Georgetown Business School,Research and Teaching Assistant,2003-09-01,2004-05-01,Hudson Institute,Strategy Consultant,2003-11-01,2004-03-01,Georgetown University McDonough School of Business,Master of Business Administration,,,Boston University,Doctor of Jurisprudence,,,"GMAT,Lsat,International Business,Consulting,Restructuring,Strategic Partnerships,Mergers,Corporate Finance,Academic Tutoring,Financial Modeling,Derivatives,Financial Risk,Corporate Communications,International Relations,Competitive Analysis,Negotiation,Publishing,Sme Business Strategy,Strategic Planning,Strategy,Compliance,Supporting Investors In Managing Local Projects,Management Consulting,Business Planning,New Business Development,Legal Research,Legal Compliance,Tutoring,Corporate Law,Implementation Of Business Plans,Market Analysis,Renewable Energy,Governance,Raising Of Vc And Private Equity Finance,Business Strategy,Investment Banking,Mergers and Acquisitions,Legal Contract Review,Local Spanish Support In International Projects,Legal Consulting",,,,,17,1976,owner,C_suite,po,,,,,
18224084,Dustin Gyger,Dustin,Gyger,Verified emails found,2025-10-15 11:18:53.691247,dustin@sixthreezero.com,dustin@sixthreezero.com,dustygyger@gmail.com,"dustin@sixthreezero.com,dustygyger@gmail.com,beach.bikes@gmail.com","tenfrlfe1@aol.com,benbow.thompson@aol.com",,630-430-3920,630-430-3920,"630-546-4407
310-982-2877
310-844-4931
1.6304303920
310-803-9540
3102879877
630-983-7653
310-320-4800
209-832-0121",,https://www.linkedin.com/in/dustin-gyger-26930224,http://www.facebook.com/people/_/630629675,,,,,,Founder and CEO,sixthreezero Bicycle Company,"San Clemente, California 92673, US",sixthreezero.com,http://www.sixthreezero.com,https://www.linkedin.com/company/sixthreezero-bicycle-company,"San Clemente, CA, US",San Clemente,,CA ,US,sixthreezero Bicycle Company,Founder and CEO,2005-04-01,Present,The WB Television Network,Executive Assistant to EVP Business Affairs,2004-01-01,2006-08-01,,,,,,,,,,,,,University of Iowa,Bachelor's,,,,,,,"Bicycle,Television,Entertainment,Selling,Retail,Social Media,Social Media Marketing,Online Marketing,Entrepreneurship,Footwear,Coaching,Sports Marketing,Cycling,Start-ups,Social Networking,Online Advertising,Advertising,Love Of Learning,Brand Development,Wellness Coaching,Copywriting,Public Relations,Business Coaching,Marketing,SEO,Content Development,Blogging,Weight Loss Coaching,Mobile Marketing,Content Strategy,Digital Strategy,Sales,Life Coaching,Motivational Speaking,Management,Microsoft Office,Business Development,Business Strategy,Start Ups,Microsoft Excel",,,"Linked Orange County California, Electric Bicycle Industry",,21,1981,owner,C_suite,po,,,,,
14499695,Sravanthi Kadali,Sravanthi,Kadali,Verified emails found,2025-10-15 11:18:54.010715,sravanthi@getpersona.xyz,sravanthi@getpersona.xyz,sjkadali@gmail.com,"sravanthi@getpersona.xyz,sjkadali@gmail.com",,,4693963344,,"4693007658
7034483747",,https://www.linkedin.com/in/sravanthikadali,http://www.facebook.com/kadaliii,,,,,,CEO and Co-Founder,The Insights Company,,getpersona.xyz,https://getpersona.xyz/,https://www.linkedin.com/company/get-persona-ai,"New York, NY, US",New York,,NY ,US,The Insights Company,CEO and Co-Founder,2024-01-01,Present,South Park Commons,Sabbatical,2023-05-01,2023-12-01,Lyft,Head of Rider Product,2022-04-01,2023-05-01,Lyft,Group Product Manager,2017-01-01,2022-04-01,Lyft,"Data Scientist, Rider Experience",2016-07-01,2017-01-01,Princeton University,,,,Plano Senior High School,,,,"Data Analysis,SQL,Python,Agile Project Management,Software Prototyping,Human-centered Design,Economics,Statistics,Microsoft Excel,Java,C,Research,Spanish,Natural Language Processing,Public Speaking,International Economics,Stata,Credit Cards,Event Planning,Analytics,Strategy,User Experience (UX),Product Management,Leadership,Human Centered Design,Management,Strategic Planning,Business Development,Project Management,Marketing,Social Media,User Experience Ux,User Experience",,,,,11,1994,cxo,C_suite,po,,,,,
93673262,Jeremy Lasman,Jeremy,Lasman,Verified emails found,2025-10-15 11:18:54.183503,jmanlasman@gmail.com,,jmanlasman@gmail.com,"jmanlasman@gmail.com,jlasman@me.com",,"jeremy@thepassioncompany.org,jlasman@thepassioncompany.org,jeremy.lasman@thepassioncompany.org,jeremylasman@thepassioncompany.org",3104184173,3104184173,"1.3104184173
1.3109841644
3108446755
3105443096
3109841644
4242282232",,https://www.linkedin.com/in/jeremyalasman,https://facebook.com/lasman,https://twitter.com/jeremyalasman,,,,https://quora.com/jeremy-lasman,Founder and CEO,The Passion Company,"El Segundo, California, Maryland 90245, US",thepassioncompany.org,https://www.thepassioncompany.org,https://www.linkedin.com/company/1passioncompany,"El Segundo, CA, US",El Segundo,90245,CA ,US,The Passion Company,Founder and CEO,2020-01-01,Present,Quantum Star Systems,Founder,2019-05-01,Present,MANIA Comic,Creator,2015-10-01,Present,SpaceX,Technologist,2006-06-01,2013-06-01,,,,,Chapman University,,,,El Camino College,,,,,,,,,17,1988,owner,C_suite,po,,,,,
275663520,Lance Fondren,Lance,Fondren,Verified emails found,2025-10-15 11:18:54.378696,lance@inkedlandco.com,lance@inkedlandco.com,lancefondren@gmail.com,lance@inkedlandco.com,lancefondren@gmail.com,,3038957398,3038957398,,,https://www.linkedin.com/in/lance-fondren-7283aa2a,,,,,,,Founder and CEO,Inked Land Company,"134 E 29th St, Loveland, Colorado 80538, US",inkedlandco.com,https://www.inkedlandco.com/,https://www.linkedin.com/company/inked-land-company,"Denver, CO, US",Denver,80219,CO ,US,Inked Land Company,Founder and CEO,2017-04-01,Present,Anadarko Petroleum,Landman,2011-05-01,2015-05-01,"XTR Midstream, LLC, a subsidiary of Extraction Oil & Gas, Inc.",Right-of-Way and Land Manager,2015-05-01,2017-04-01,"B&H Services, Inc.",Foreman,2007-05-01,2011-05-01,,,,,Northwestern University - Kellogg School of Management,Executive MBA,,,University of Wyoming,Bachelor of Science (B.S.),,,"Energy,Business Development,Land Development,Land Acquisition,Land Use Planning,Energy Industry,Business Strategy,Project Management,Consulting,Business Analysis,Budgeting,Pre-construction,Oil & Gas Industry,Real Estate,Project Estimation,Strategy,Natural Gas,Oil & Gas,Hiring,Upstream,Due Diligence,Mergers & Acquisitions,Statistics,Contract Negotiation,Team Management,Cross-functional Team Leadership,teamwork,Organizational Development,Organizational Leadership,Executive Management,Team Leadership,Negotiation,Leadership,Management,Midstream,Divestitures,Gas Pipelines,Business Decision Making,Probability,Land Management,Land Use,Renewable Energy,Solar Energy,Infrastructure,Easements,Site Development",,,,,18,1978,owner,C_suite,po,,,,,
3570263,Scott Fergusson,Scott,Fergusson,Verified emails found,2025-10-15 11:18:54.549661,scottf@chapmansbrewing.com,scottf@chapmansbrewing.com,scottfergusson@gmail.com,"scottf@chapmansbrewing.com,scottfergusson@gmail.com",,,2604844818,2604441194,"1.2604441194
1.2604421267
2604441194
4122276580",(260) 319-5495,https://www.linkedin.com/in/scott-fergusson-2251747,,https://twitter.com/trine_dean,,,,,Founder and CEO,Chapman's Brewing Company,"300 Industrial Drive, Angola, Indiana 46703, US",chapmansbrewing.com,http://www.chapmansbrewing.com,https://www.linkedin.com/company/chapman's-brewing-company,"Fort Wayne, IN, US",Fort Wayne,,IN ,US,Chapman's Brewing Company,Founder and CEO,2012-05-01,Present,3 Pillar Operations LLC,CEO,2024-09-01,Present,Dulcius Vineyards,Co-Founder and General Partner,2012-01-01,Present,Techficient,Chief Executive Officer,2020-01-01,2021-12-01,Ash Brokerage,Chief Data and Integration Officer,2018-04-01,2020-01-01,University of Notre Dame - Mendoza College of Business,,,,Trine University,,,,"Financial Services,New Business Development,Program Management,Strategic Planning,Leadership,Financial Risk,Start Ups,Business Analysis,Enterprise Architecture,Process Improvement,Business Development,Business Planning,Customer Service,Retail,Market Analysis,Management,Liaison,Marketing Strategy,Pricing Strategy,Architecture,Public Speaking,Customer Relationship Management Crm,Entrepreneurship,CRM,Business Intelligence,Teaching,Primary Research,Project Management,Strategy,Business Strategy,Craft Beer,Product Development,Strategic Leadership,Brewery,Microsoft Office,Idea,Customer Relationship Management",,,,,33,1970,owner,C_suite,po,,,,,
236244682,Alexa McCulloch,Alexa,McCulloch,Verified emails found,2025-10-15 11:18:54.731031,alexa_mcculloch@icloud.com,hbsangelschair@hbsasc.org,alexa_mcculloch@icloud.com,"alexa_mcculloch@icloud.com,hbsangelschair@hbsasc.org,alexa_mcculloch@yahoo.com",,alexa.mcculloch@techstars.com,3104189254,,"1.9415051672
1.4154075407",,https://www.linkedin.com/in/alexa-mcculloch,,,,,,,Founder and CEO,Stealth Mode Startup Company,US,appcito.net,http://www.appcito.net,https://www.linkedin.com/company/divitas-networks,"Los Angeles, CA, US",Los Angeles,,CA ,US,Stealth Mode Startup Company,Founder and CEO,2020-01-01,Present,Harvard Business School HBS Alumni Angels Association - HBSAA,Global Board Director,2022-01-01,Present,Harvard Business School Angels of Southern California,"Co-chair, HBS Alumni Angels of Southern California",2020-08-01,Present,Techstars,Mentor and Advisor,2017-04-01,Present,SecureTheVillage,Board Director,2023-01-01,2024-01-01,Harvard Business School,MBA,,,University of Michigan,Master of Science (M.S.),,,"Business Strategy,Business Planning,Change Management,Corporate Finance,Digital Media,Due Diligence,E-commerce,Financial Modeling,Investments,Leadership Development,Management Consulting,Mergers,Security,Strategy,Venture Capital,Strategic Partnerships,Strategic Planning,Mergers & Acquisitions",,,,,11,1969,owner,C_suite,po,,,,,
20245946,Anita Sundaram,Anita,Sundaram,Verified emails found,2025-10-15 11:18:54.881928,reachanitas@gmail.com,,reachanitas@gmail.com,"reachanitas@gmail.com,anita.sundaram@gmail.com,amandaliving@hotmail.com",,,201-805-9000,201-805-9000,"5624004938
201-939-5767
201-906-7905
201-370-2587
201-259-1001
212-885-2749
212-949-1831
212-885-2700
212-902-4521",,https://www.linkedin.com/in/anita-sundaram-80a4b737,http://www.facebook.com/anita.sundaram.94,,,,,,Founder and CEO,Stealth Mode Startup Company,US,appcito.net,http://www.appcito.net,https://www.linkedin.com/company/divitas-networks,"South San Francisco, CA, US",South San Francisco,,CA ,US,Stealth Mode Startup Company,Founder and CEO,2020-05-01,Present,Fortune 50 Company,CFO cum CIO,2018-09-01,Present,Fintech Bridge,Co-Founder and CEO,2016-10-01,Present,ExxonMobil,Senior Director of Financial Strategy,2009-02-01,2016-09-01,Accenture,Vice President - Finance,2000-05-01,2009-11-01,University of Toronto - University of St. Michael's College,,,,The Institute of Chartered Accountants of India,,,,"Investment Consulting,Mergers & Acquisitions,Capital Funding,Corporate Finance,Capital Markets,Investment Management,Mergers,Valuation,Equities,Investment Banking,Venture Capital,IPO,Private Equity,Business Valuation,Project Finance,Financial Modeling,Restructuring,Debt,M&A experience,Due Diligence,Financial Services,Divestitures,Joint Ventures,Strategic Financial Planning,Business Planning,Business Strategy,Capital Budgeting,Cash Management,Financial Analysis,Managerial Finance,Finance,Strategy,Investment Advisory Services,Portfolio Management,Financial Accounting,Internal Audit,Auditing,MIS,Investments,Accounting,Financial Reporting,Start-ups,Asset Management,Executive Management,Financial Planning,Risk Management,Management,Management Information Systems (MIS),Technology,Gas,Start Ups,Energy,Investment Advisory,Management Information Systems Mis,Strategic Financial,Mergers and Acquisitions,Management Information Systems",,,"The Project Manager Network - #1 Group for Project Managers, Diversity - A World of Change, eMarketing Association Network, Venture Capital Research - VC Research, The Indus Entrepreneurs (TiE), Bangalore, Executive Suite, Social Media Marketing, Cloud Storage, Media & Marketing Professionals Worldwide, India Finance Professionals, Trainers Network, University of Mumbai, Angel Investors India, Certified Business Consultant (CBC)",,32,1968,owner,C_suite,po,,,,,
304063607,Ron Bracken,Ron,Bracken,Verified emails found,2025-10-15 11:18:55.060776,ron@searchcompany.nl,ron@searchcompany.nl,,,"ron@searchcompany.nl,ron.bracken@possible.com",ron.bracken@searchcompany.nl,2084536406,,,+31 40 296 2362,https://www.linkedin.com/in/ron-bracken-a103021,,,,,,,"Founder, Owner",The Search Company,"30-50 Torenallee, Eindhoven, Noord Brabant 5617 BD, NL",searchcompany.nl,http://www.searchcompany.nl,https://www.linkedin.com/company/the-search-company,"Eagle, ID, US",Eagle,,ID ,US,The Search Company,"Founder, Owner",,Present,George P Johnson Experience Marketing,National Recruiter,1998-01-01,2002-01-01,Exhibitgroup/Giltspur,Vice President Sales and Marketing,1998-01-01,1999-01-01,Borden,Senior Vice President Sales and Marketing,1988-01-01,1991-01-01,Pepsico,"Division Manager, Western US",1980-01-01,1988-01-01,University of Southern Colorado,,,,,,,,,,,,,15,1949,owner,C_suite,po,,,,,
48457771,Rajeev Gandhi,Rajeev,Gandhi,Verified emails found,2025-10-15 11:18:55.266538,rajeev.gandhi@sistarmortgage.com,rajeev.gandhi@sistarmortgage.com,,rajeev.gandhi@sistarmortgage.com,,,2483221273,5869092195,"5869092195
5869973243
5862620161",(888) 841-4238,https://www.linkedin.com/in/rajeev-gandhi-4823452,,,,,,,President and CEO and Founder,Sistar Mortgage Company,"35871 Mound Rd, Sterling Heights, Michigan 48310, US",sistarmortgage.com,https://www.sistarmortgage.com,https://www.linkedin.com/company/sistar-mortgage,"Detroit, MI, US",Detroit,48226,MI ,US,Sistar Mortgage Company,President and CEO and Founder,2002-07-01,Present,,,,,,,,,,,,,,,,,"Indian Institute of Technology (Banaras Hindu University), Varanasi",Bachelor Of Science,,,,,,,"Auditing,Team Building,Reverse Mortgages,Certified Mortgage,Certified Mortgage Planning,First Time Home Buyers,Mortgage Banking,Mortgage Lending,Refinance,Negotiation,Real Estate Financing,Strategic Planning,Real Estate,Marketing,Credit,Residential Homes,Investment Properties,Coaching,Loans,FHA,Analysis",,,,,23,1963,owner,C_suite,po,,,,,
30111222,Jamar Adams,Jamar,Adams,Verified emails found,2025-10-15 11:18:55.435384,jadams@essencedev.com,jadams@essencedev.com,jamar.d.adams@gmail.com,"jadams@essencedev.com,jamar.d.adams@gmail.com,jamaradams91@gmail.com,mrjma4@gmail.com",,,9804283530,9804283530,"212-801-6109
704-563-8208
212-421-5333
212-401-6109
212-801-3731",,https://www.linkedin.com/in/jamar-adams-656060a3,,,,,,,Founder,Essence Development Company,"6 Greene Street, New York, New York 10013, US",essencedev.com,http://www.essencedev.com,https://www.linkedin.com/company/essence-development-company,"New York, NY, US",New York,,NY ,US,Essence Development Company,Founder,2021-01-31,Present,Related Companies,Vice President,2017-02-28,2021-01-31,The Related Companies,Development Associate,2012-05-31,2017-02-28,,,,,,,,,"University of Michigan College of Literature, Science, and the Arts",Bachelor of Arts - BA,,,,,,,"Social Media,Stewardship",,,,,13,1985,owner,C_suite,po,,,,,
410919252,Moses Shepherd,Moses,Shepherd,Verified emails found,2025-10-15 11:18:55.615535,moses@acepetroleummi.com,moses@acepetroleummi.com,mosesshepherd@yahoo.com,"moses@acepetroleummi.com,mosesshepherd@yahoo.com",,,248-890-1217,248-890-1217,"7347228054
1.2488901217
248-948-1400
800-745-2755
248-438-6359
248-948-0298
734-612-6012
301-943-0175",,https://www.linkedin.com/in/moses-shepherd-vi-516268a,,,,,,,Founder and CEO,ACE Petroleum Company,US,acepetroleummi.com,http://www.acepetroleummi.com,https://www.linkedin.com/company/ace-petroleum-company,"Detroit, MI, US",Detroit,48226,MI ,US,ACE Petroleum Company,Founder and CEO,2017-05-01,Present,Ace Investment Group LLC.,CEO,2003-01-01,2010-05-01,,,,,,,,,,,,,Detroit College of Business,,,,,,,,"Real Estate,Investment Properties,Oil & Gas Industry,Property Management,Commercial Real Estate,Real Estate Transactions,Apartments,Real Estate Development,Investments,Training,Small Business,Single Family Homes,Investors,Residential Homes,Water Damage,Mold,Restoration,Real Estate Investment,Selling,Oil Industry,Property,Sales,Rentals,Leases",,,,,15,1965,owner,C_suite,po,,,,,
22044670,Dann Gershon,Dann,Gershon,Verified emails found,2025-10-15 11:18:55.806266,dg@zencolor.com,dg@zencolor.com,danngershon@gmail.com,dg@zencolor.com,danngershon@gmail.com,,1.3058601197,,305-860-2307,(305) 448-7988,https://www.linkedin.com/in/dann-gershon-606a86aa,,http://twitter.com/einsteinpfleet,,,,,Founder and CEO,ZENCOLOR® COMPANY,"2980 Mcfarlane Rd, Coconut Grove, Florida 33133, US",zencolor.com,http://www.zencolor.com,https://www.linkedin.com/company/zencolor,"Miami, FL, US",Miami,,FL ,US,ZENCOLOR® COMPANY,Founder and CEO,2011-07-01,Present,Danger Management & Media,President,2006-01-01,Present,,,,,,,,,,,,,"University of California, Santa Barbara",Bachelor's degree,,,,,,,"Product Development,Brand Development,Marketing,Marketing Strategy,Social Media Marketing,Brand Management,Sales,Leadership,Licensing,Online Advertising,Start-ups,Business Development,Customer Service,Strategy,Training,Startups,Start Ups,Program Management,Entrepreneurship,Management",,,"Global Trend Forecasting, The Color Association, IBM WebSphere Enthusiasts, eCommerce Platforms (ATG, Hybris, IBM WCS, Demandware, Intershop, others), UX Pros: Largest User Experience Group: Usability Design Web UI Graphic Interactive Digital CX Jobs, Kiva Group",,19,1984,owner,C_suite,po,,,,,
2344293,Jeff Stevens,Jeff,Stevens,Verified emails found,2025-10-15 11:18:56.009501,jeff@wellbeingbrewing.com,jeff@wellbeingbrewing.com,jcstevens21@gmail.com,"jeff@wellbeingbrewing.com,jcstevens21@gmail.com",,,314-750-5861,314-750-5861,"417-294-1367
646-638-5400
646-638-5401
2123674500
+44 1223 891274",(314) 750-5861,https://www.linkedin.com/in/jeffstevens21,https://facebook.com/jeff.stevens.58,https://twitter.com/jcscreative,,,,,Founder,WellBeing Brewing Company,"45 Progress Pkwy, Maryland Heights, Missouri 63043, US",wellbeingbrewing.com,https://wellbeingbrewing.com,https://www.linkedin.com/company/wellbeingbrewing,"St. Louis, MO, US",St. Louis,63108,MO ,US,WellBeing Brewing Company,Founder,2016-11-01,Present,Adult Non-Alcoholic Beverage Association (ANBA),Board Member,2021-10-01,2023-09-01,Jeff Stevens Creative,Principal,2015-07-01,2018-01-01,Creative Producers Group,Chief Creative Officer,2013-09-01,2015-06-01,Coolfire Studios,Director of Content Innovation,2012-06-01,2013-09-01,The University of Kansas,Bachelor's degree,,,,,,,"Thought Leadership,Public Speaking,Leadership,Customer Interaction,Commercial Planning,Category Management,CPG Industry,Business Strategy,Brand Strategy,Startups,Branding,Brand Awareness,Marketing Strategy,Entrepreneurship,Digital Marketing,Social Media Marketing,Social Media,Creative Direction,Creative Strategy,Content Strategy,Interactive Marketing,Marketing,Advertising,Integrated Marketing,Video,Brand Architecture,Copywriting,Creative Writer,Interactive Advertising,Brand Development,Facebook,Storytelling,Pitching Ideas,Press Releases,Digital Strategy,Start-up Ventures,Strategic Thinking,Idea Maker,Branding & Identity,Relationship Marketing,Coffee Drinker,Writing,Microsoft Office,Podcasting,Online Content Creation,Sales,Strategy,Branding and Identity,Project Management,Start Up Ventures,Strategic Planning,Program Management",,,,,24,1968,owner,C_suite,po,,,,,
3220149,Benjamin Blank,Benjamin,Blank,Verified emails found,2025-10-15 11:18:56.240917,ben@beblankco.com,ben@beblankco.com,benjaminblank@gmail.com,"ben@beblankco.com,benjaminblank@gmail.com,benjamin.e.blank@gmail.com",,,202-257-8817,202-257-8817,"814-926-4222
814-443-4222
843-707-7519",(561) 566-5110,https://www.linkedin.com/in/benjamin-e-blank-5a307030,http://www.facebook.com/people/_/100018105729151,,,,,,Founder,B.E. Blank & Company,"105 South Narcissus Avenue Suite 800, West Palm Beach, Florida 33401, US",beblankco.com,https://beblankco.com,https://www.linkedin.com/company/b-e-blank-company,"West Palm Beach, FL, US",West Palm Beach,,FL ,US,B.E. Blank & Company,Founder,2017-01-01,Present,Virage Capital Management LP,Partner - Investment Team Member and CCO,2015-01-01,2017-01-01,Satori Capital,Investment Team Member and Director of Regulatory Compliance,2013-01-01,2015-01-01,Combined Joint Task Force Phoenix,Logistics Officer,2008-01-01,2009-01-01,US Navy,Naval Officer,2004-01-01,2009-01-01,Southern Methodist University Dedman School of Law,Juris Doctor (J.D.),,,The London School of Economics and Political Science (LSE),MSc,,,"Private Equity,Hedge Funds,Regulatory,Capital,Regulatory Compliance,Compliance",,,,,17,1981,owner,C_suite,po,,,,,
100952940,Ben Moore,Ben,Moore,Verified emails found,2025-10-15 11:18:56.604524,ben@theugly.company,ben@theugly.company,mooreben09@yahoo.com,"ben@theugly.company,mooreben09@yahoo.com,raitei777@gmail.com,victoria.dillon@bellsouth.net","bmoore_66@hotmail.com,ryuudestiny@hotmail.com",,559-836-6283,559-836-6283,"559-897-4341
559-897-2765",,https://www.linkedin.com/in/benjamen-moore-bigbenfarms,,,,,,,Founder,The Ugly Company,US,theuglyco.com,https://www.theuglyco.com,https://www.linkedin.com/company/the-ugly-company,"Kingsburg, CA, US",Kingsburg,93631,CA ,US,The Ugly Company,Founder,2018-07-01,Present,Big Ben Farms,Founder - Owner,2015-01-01,Present,Kingsburg High School,Assistant Football Coach,2015-01-01,2022-12-01,United States Army,Infantry Officer,2012-01-01,2015-01-01,,,,,University of Notre Dame - Mendoza College of Business,Master of Business Administration - MBA,,,Azusa Pacific University,Bachelor of Arts - BA,,,,,,,,13,1990,owner,C_suite,po,,,,,
2424244,Darren Nix,Darren,Nix,Verified emails found,2025-10-15 11:18:56.792768,darren@steadily.com,darren@steadily.com,the_nix@hotmail.com,"darren@steadily.com,the_nix@hotmail.com",,,4155685856,,"317-786-2212
6172999844
6464599074
317-407-9731",,https://www.linkedin.com/in/darrensnix,https://facebook.com/darius.niz.5,https://twitter.com/prehireio,https://github.com/darrennix,https://crunchbase.com/person/darren-nix,https://angel.co/darren-nix,,"Founder, CEO",Steadily Insurance Company,"Austin, Texas, US",steadily.com,https://www.steadily.com,https://www.linkedin.com/company/steadily,"Austin, TX, US",Austin,,TX ,US,Steadily Insurance Company,"Founder, CEO",2020-07-31,Present,Indeed.com,Indeed.com,,Present,Interviewed,"Founder, CEO",2015-01-31,2017-07-31,Silver Financial,"Founder, CEO",2006-08-31,2010-07-31,McKinsey & Co.,Consultant,2004-07-31,2006-06-30,Massachusetts Institute of Technology,,,,Y Combinator,S11 and S15,,,"Property and Casualty Insurance,Angular.js,Marketing,Ruby,Django,SaaS,Python,Web Applications,SQL,Microsoft Excel,Business Development,Backbone.js,Sales,Ruby on Rails,Venture Capital",,,,,13,1982,owner,C_suite,po,,,,,
26374656,Jon Takata,Jon,Takata,Verified emails found,2025-10-15 11:18:56.978356,jtakata@rmc.com,jtakata@rmc.com,,,jtakata@rmc.com,,5103854920,5103854920,"510-315-5400
408-907-7360
925-399-6572
510-651-5926
510-324-8016
510-795-9717
800-400-5058
5106482140
9252238467
9167106869
4154904483
5107950889
5107956092
5104904483
5106930889
5103609999
510-315-5416
510-651-5058
765-247-9703",,https://www.linkedin.com/in/jon-takata-049b5226,https://facebook.com/jon.takata,,,,,,Founder and President,Restoration Management Company,"4142 Point Eden Way, Hayward, California 94545, US",rmc.com,http://www.rmc.com,https://www.linkedin.com/company/restoration-management-company,"California, United States",,,CA ,US,Restoration Management Company,Founder and President,1985-01-01,Present,,,,,,,,,,,,,,,,,,,,,,,,,"Strategic Planning,Marketing,Sales Management,Sales,Marketing Strategy,Team Building,Budgets,Product Development,Management",,,Accountants in Construction,,40,1976,owner,C_suite,po,,,,,
27395991,Tom Olcott,Tom,Olcott,Verified emails found,2025-10-15 11:18:57.174480,tom@drinkmotto.com,tom@drinkmotto.com,tgolcott@gmail.com,"tom@drinkmotto.com,tgolcott@gmail.com",,,7186879799,,1.5083606312,,https://www.linkedin.com/in/tom-olcott-8090b237,,,,,,,Founder,Motto Beverage Company,"New York, US",drinkmotto.com,http://www.drinkmotto.com,https://www.linkedin.com/company/motto-beverage-company,"New York, United States",,,NY ,US,Motto Beverage Company,Founder,2012-05-01,Present,1% for the Planet,Member,2022-01-01,Present,,,,,,,,,,,,,University of Virginia,,,,Deerfield Academy,,,,"Tea,Marketing,Management,Customer Service,Architectural Design,Marketing Strategy,Interior Design,Ingredients,New Business Development,Photography,Strategic Planning,Startups,Microsoft Office,Social Media Marketing,Entrepreneurship",,,,,13,1988,owner,C_suite,po,,,,,
90541230,Nick Syiek,Nick,Syiek,Verified emails found,2025-10-15 11:18:57.357893,nick@a1trading.com,nick@a1trading.com,,,nick@a1trading.com,nsyiek@a1trading.com,4048085539,7703789578,7703789578,,https://www.linkedin.com/in/nick-syiek-678843120,https://facebook.com/nick.syiek,,,,,,Founder,A1 Trading Company,"Alpharetta, Georgia 30022, US",a1trading.com,http://a1trading.com,https://www.linkedin.com/company/a1trading-company,"Norcross, GA, US",Norcross,,GA ,US,A1 Trading Company,Founder,2018-11-01,Present,ThreeBridge Solutions,Technical Analyst,2019-05-01,2019-09-01,Pegasystems,Software Engineer,2018-04-01,2018-08-01,Nick's Lawn Care,Owner,2012-04-01,2018-07-01,Syiek Management Company LLC,Heavy Equipment Rental Sales Manager,2017-02-01,2018-05-01,Auburn University,Computer Science,,,,,,,,,,,,13,1997,owner,C_suite,po,,,,,
49952625,S Vienna Barger,S,Barger,Verified emails found,2025-10-15 11:18:57.550532,vienna_barger@yahoo.com,,vienna_barger@yahoo.com,vienna_barger@yahoo.com,,,7046774069,,7205703434,(704) 978-7175,https://www.linkedin.com/in/svbarger,,,,,,,Founder and Chief Operating Officer,Southern Distilling Company,"211 Jennings Rd, Statesville, North Carolina 28625, US",southerndistillingcompany.com,https://southerndistillingcompany.com/statesville-contract-distilling/,https://www.linkedin.com/company/southerndistilling,"Statesville, NC, US",Statesville,,NC ,US,Southern Distilling Company,Founder and Chief Operating Officer,2013-06-01,Present,NC Dept of Health & Human Services,Public Health Program Supervisor,2004-06-01,2015-06-01,NC Dept of Health & Human Services,Public Health Social Work Consultant,2003-03-01,2004-06-01,March of Dimes,Director of Program Services,2001-01-01,2003-03-01,Center for Health Statistics Research,Research Associate,2000-08-01,2000-12-01,University of North Carolina at Chapel Hill,,,,University of Maryland School of Social Work,,,,"Business Strategy,Team Leadership,Operations Management,Executive Leadership,Strategic Human Resources Leadership,Regulatory Compliance,Public Health,Program Development,Non-profits,Reproductive Health,Community Outreach,Global Health,Program Evaluation,Public Speaking,Fundraising,Grant Writing,Community Health,Health Communication,Capacity Building,Grants,Technical Assistance,Health Education,Research,Literature Reviews,Epidemiology,Case/Care Management,Maternal & Child Health,Preconception/Interconception Health,Management and Supervision,Motivational Interviewing,Social Work,Medical Social Work,Healthcare,Nonprofits,Health,Social Services,Management,Health Equity,Case Management,Healthcare Management,Nonprofit Organizations,Strategic Planning,Motivational,Microsoft Excel,Maternal and Child Health,Preconception/Interconce,Non Profits,Project Management,Customer Service",,,,,29,1973,owner,C_suite,po,,,,,
11752,Diana Furka,Diana,Furka,Verified emails found,2025-10-15 11:18:57.736064,female@gmail.com,,female@gmail.com,"female@gmail.com,theartdirector@yahoo.com,dfurka@gmail.com",,,4156083951,4156083951,"754-551-6586
407-898-3895
954-565-1716",,https://www.linkedin.com/in/furka,https://facebook.com/furka,https://twitter.com/dianafurka,,,https://angel.co/furka,https://quora.com/diana-furka,Co-Founder,Stealth Mode Startup Company,US,appcito.net,http://www.appcito.net,https://www.linkedin.com/company/divitas-networks,"Houston, TX, US",Houston,77030,TX ,US,Stealth Mode Startup Company,Co-Founder,2024-03-01,Present,EMCEE,"VP, Design + UX",2022-09-01,2024-01-01,Monica + Andy,Vice President of Product and User Experience Design,2020-12-01,Present,Luxeum,Design Consultant,2020-04-01,2020-12-01,The Realreal,Director of User Experience Design,2015-10-01,2020-04-01,University of Central Florida,Bachelor of Arts,,,,,,,"User Experience,User Interface Design,Web Design,Interaction Design,Creative Direction,E-commerce,User Interface,Mobile Applications,Web Development,Graphic Design,Art Direction,Online Advertising,Strategy,Start-ups,Social Networking,HTML 5,Logo Design,SEO,SEM,Product Management,Photoshop,Marketing,XML,Advertising,Web Applications,Branding & Identity,Product Design,Visual Design,XHTML,Management,iOS Apps,User Experience Design,Information Architecture,Digital Strategy,Creative Strategy,Digital Marketing,Corporate Branding,iOS App Design,Social Media,UX,Leadership,Front-end,CSS,User Experience (UX),User-centered Design,design team leadership,Luxury Goods,Luxury Resale,Ecommerce,Consumer-facing design,E Commerce,Public Speaking,Start Ups,Front End,Microsoft Office,Project Management,Branding And Identity,Disney,Writing,Flexible,Team Building,Consulting,Mobile Development,Overseeing,Promotion Design,Iterative Design,Business Networking,Articulate,Imagery,Web Operations,Motivated Self Starter,Agile Methodologies,Mentoring,Evolution,Digital Compositing,Competitive Analysis,Merchandising,Stealth,Docs,Gloss,Idea Generation,Introducing,Persona Creation,Content Strategy,Entrepreneurship,CSS3,Content Production,Florida,Design,Public Relations,Massive,UI/UX Design,Desktop Computers,Brand and Identity Design,Guiding,Creative Problem Solving,Hiring,Resource Allocation,Agile Product Development,Team Creation,Burnett,Design Consulting,Lean Manufacturing,Silicon Valley,Humor,Early Stage,Responsive Web Design,Interactive Media,Wireframing,Hard Rock,Business Services,Html5 &Amp,Web Analytics,Team Management,Team Leadership,Monetization Strategy,Engineering,Reports,Brand Design,Flat Patterning,Branding,Emerging Markets,Founding,COBOL,Training,Design Direction,Frontend Production,Enterprise Software,Meticulous,Product Launch,Product Development,Research,Stakeholders,Brainstorming,Copywriting,Proposing,Campaigns,Print,SVG,Advertising Agency,Bold,Online Marketing,Affinity,Content Management,Collage,Applications,Style Guides,Proofing,Fidelity,Inspiration,Active,Quality Assurance,Strategic Planning,Auctions,Usability,Workshops,Ux Design and Strategy,Hands on Design,Getting Shit Done,Balancing,Executive Team,Project Planning,Blue Sky,Flows,Contractual Agreements,House,Exploring,OmniGraffle,Presentations,HTML5,Responsibility,Internal Audit,Screens,Cohesive,Roadmap,International,Layout Design,Art,Illustrator,Visual Language,Collaborating,Portfolio,Product Requirements,Agile Project Management,End to End,Wireframes,Usability Testing,Boost,Critique,Scrum,Mobile Ux Design,Image Manipulation,Product Naming,Seamless,Video,Mobile Experience,San Francisco,Psychology,Launches,Asset,AIM,Collateral,Libraries,Interactive Design,Strategic Thinking,Web Marketing Strategy,Culture,Business Strategy,Mobile Experiences,Adobe Creative Suite,Directing,Delivery,Architecture,Consumer,Prototype",,,,,27,1948,owner,C_suite,po,,,,,
9771953,Larry Bryan,Larry,Bryan,Verified emails found,2025-10-15 11:18:57.911851,lbryan@diversifiedtrust.com,lbryan@diversifiedtrust.com,larrybryan@gmail.com,lbryan@diversifiedtrust.com,larrybryan@gmail.com,,8703510092,8703510092,"9015811904
9017617979
6153867302
7702265333
9016525001
9014949893
9013245001",,https://www.linkedin.com/in/larry-bryan-053aa15,,,,,,,Founder and Director,Diversified Trust Company,"6075 Poplar Ave Ste 900, Memphis, Tennessee 38119, US",diversifiedtrust.com,http://www.diversifiedtrust.com,https://www.linkedin.com/company/diversified-trust,"Memphis, TN, US",Memphis,38103,TN ,US,Diversified Trust Company,Founder and Director,1993-01-01,Present,,,,,,,,,,,,,,,,,University of Mississippi,Bachelor’s Degree,,,,,,,"Investments,Public Speaking,Wealth Management,Portfolio Management,Financial Analysis,Management,Estate Planning,Alternative Investments,Team Building,Strategic Planning,Strategic Financial Planning,Asset Management,Private Equity,Leadership,Asset Allocation,Entrepreneurship,Finance",,,,,32,1974,owner,C_suite,po,,,,,
453999,Jedd Gold,Jedd,Gold,Verified emails found,2025-10-15 11:18:58.105121,jedd@artkiveapp.com,jedd@artkiveapp.com,jeddgold@aol.com,"jedd@artkiveapp.com,jeddgold@aol.com,jedd@foodforward.org",,,3107140240,3107140240,818-906-3118,(310) 714-0240,https://www.linkedin.com/in/jeddgold,,https://twitter.com/jeddgold,,https://www.crunchbase.com/person/jedd-gold,https://angel.co/jedd-gold-1,,CEO and Co-Founder,The Kive Company,"16225 Huston St, Encino, California 91436, US",artkiveapp.com,https://www.artkiveapp.com,https://www.linkedin.com/company/artkivebox,"California, United States",,,CA ,US,The Kive Company,CEO and Co-Founder,2011-12-31,Present,Food Forward,Board Of Directors,2017-11-30,Present,JibJab Bros. Studios,Head Of Business Development,2017-02-28,2018-06-30,Tastemaker Mom,Co-Founder and CEO,2012-05-31,2016-03-31,Tandem Learning,Co-Founder and President,2008-08-31,2011-09-30,UCLA Anderson School of Management,Master of Business Administration,,,University of Michigan,Bachelor of Arts,,,"Digital Media,Entertainment,Strategic Partnerships,Social Media Marketing,New Media,Advertising,Marketing,Business Development,Online Advertising,Video Games,Social Networking,Brand Management,Start-ups,Leadership,E-commerce,Digital Strategy,Online Marketing,Integrated Marketing,Strategy,Creative Direction,Mobile Marketing,Public Relations,Brand Development,Content Strategy,Digital Marketing,Facebook,E Commerce,Start Ups,Sales",,,Casual Games,,16,1975,owner,C_suite,po,,,,,
6491819,Ricky Staub,Ricky,Staub,Verified emails found,2025-10-15 11:18:58.307378,rickystaub@hotmail.com,,rickystaub@hotmail.com,"rickystaub@hotmail.com,rickystaub@gmail.com,staubberry@aol.com",,ricky@neighborhoodfilmco.com,310-409-9144,310-409-9144,"610-727-4001
610-727-3968
3024795534
8057016157",(215) 249-6150,https://www.linkedin.com/in/rickystaub,https://facebook.com/ricky.staub.7,https://twitter.com/nfcofam,,,,,Founder and Director,Neighborhood Film Company,"2000 Hamilton St Suite 725, Philadelphia, Pennsylvania 19130, US",neighborhoodfilmco.com,http://www.neighborhoodfilmco.com,https://www.linkedin.com/company/neighborhood-film-company,"Ventura, CA, US",Ventura,,CA ,US,Neighborhood Film Company,Founder and Director,2011-05-01,Present,Paris Hill Pictures,Assistant to Sam Mercer (Producer),2008-03-01,2012-05-01,,,,,,,,,,,,,Azusa Pacific University,BA,,,,,,,"Film,Producing,Writing,Film Production,Video Production,Commercials,Final Cut Pro,Video Editing,Social Media,Final Cut Studio,Creative Writing,Screenwriting,Music Videos,Documentaries,Short Films,Digital Media,Feature Films,Directing,Storytelling,Media Production,Post Production,Broadcast,New Media,Advertising,HD Video,Video,Microsoft Word,Entrepreneurship,Microsoft Excel,Editing,Project Management,Research,Public Speaking,Leadership",,,,,17,1959,owner,C_suite,po,,,,,
8214900,Jared Criscuolo,Jared,Criscuolo,Verified emails found,2025-10-15 11:18:58.474843,jared@upcycleandcompany.com,jared@upcycleandcompany.com,jaredcriscuolo@gmail.com,"jared@upcycleandcompany.com,jaredcriscuolo@gmail.com,jared.criscuolo@gmail.com",jrcriscuolo@cox.net,,2038873272,,"1.2038873272
6197583556
8585217000",(619) 758-3556,https://www.linkedin.com/in/jaredcriscuolo,https://facebook.com/jaredcriscuolo,https://twitter.com/jaredcriscuolo,,https://www.crunchbase.com/person/jared-criscuolo,https://angel.co/jared-criscuolo,,Founder and CEO,Upcycle and Company,"2911 E Barstow Ave, Fresno, California 93740, US",upcycleandcompany.com,http://www.upcycleandcompany.com,https://www.linkedin.com/company/upcycleandcompany,"San Diego, CA, US",San Diego,,CA ,US,Upcycle and Company,Founder and CEO,2016-01-01,Present,Surfrider Foundation,Advisory Committee,2008-01-01,2020-01-01,Rising Tide Partners,President,2011-11-01,2018-12-01,Below The Surface,"Co - Founder, Executive Director",2009-06-01,2013-09-01,Equinox Center,Strategic Advisor,2008-01-01,2013-01-01,St. Lawrence University,Bachelor of Arts,,,,,,,"Government,Constituent Services,Constituent Correspondence,Constituent Communications,Language Teaching,History,French to English,Executive Management,Press Releases,Public Relations,Community Partnership Development,Negotiation,Corporate Advisory,Strategic Communications,Stakeholder Engagement,Product Innovation,Business Strategy,Strategic Thinking,Contract Negotiation,Strategic Partnerships,Board of Directors,Communication,New Business Development,Business Planning,New Venture Launch,Sales,Product Development,Non-profits,Program Management,Fundraising,Sustainability,Policy,Leadership,Grants,Nonprofits,Community Outreach,Organizational Development,Program Development,Strategic Planning,Environmental Awareness,Business Development,Entrepreneurship,Marketing,Research,Management,Strategy,Public Speaking,Social Media,Accounting,Non Profits,Financial Reporting",,,,,20,1981,owner,C_suite,po,,,,,
116681448,John Tabis,John,Tabis,Verified emails found,2025-10-15 11:18:58.672991,john@thebouqs.com,john@thebouqs.com,jtabis1@yahoo.com,"john@thebouqs.com,jtabis1@yahoo.com",,,3129529068,3129529068,"3108256865
6508751200
3109294024
4242591512
8583959329",+1 888-320-2687,https://www.linkedin.com/in/acwaaaasoambpzknefzn8ufh8k88alro5fvopb0,https://facebook.com/jtabis,https://twitter.com/johngtabis,,,https://angel.co/john-25,,Founder and Chairman of the Board,The Bouqs Company,"California, Maryland 90292, US",bouqs.com,http://bouqs.com,https://www.linkedin.com/company/thebouqsco,"Venice, California, United States",Venice,,CA ,US,The Bouqs Company,Founder and Chairman of the Board,2014-03-01,Present,Techstars,Mentor,2014-03-01,2021-10-01,Wavemaker Partners,Managing Partner,2021-06-01,Present,amplify.la,Mentor,2014-09-01,2021-06-01,The Idea Center at the University of Notre Dame,Investment Committee,2020-11-01,Present,University Of California - Los Angeles,Master of Business Administration,,,Notre Dame,Bachelor of Science,,,,,,,,23,1977,owner,C_suite,po,,,,,
1330378,Seth Mroczka,Seth,Mroczka,Verified emails found,2025-10-15 11:18:58.865588,sethmroczka@gmail.com,seth@new.company,sethmroczka@gmail.com,"sethmroczka@gmail.com,seth.mroczka@gmail.com",seth@new.company,seth.mroczka@new.company,9725717411,9725717411,"6467600800
2122376257
6463804685",,https://www.linkedin.com/in/sethmroczka,,,,,,,Founder and President,The New Company,"344 Connecticut St, San Francisco, California 94107, US",thenewcompany.com,http://www.thenewcompany.com,https://www.linkedin.com/company/thenewcompany,"Los Angeles, CA, US",Los Angeles,,CA ,US,The New Company,Founder and President,2018-07-01,Present,New Museum of Contemporary Art,Mentor,2017-09-01,2018-11-01,The New York Times,"Director of Business Operations, T Brand Studio",2017-07-01,2018-06-01,COLLINS:,Managing Partner,2016-08-01,2017-07-01,Collins:,Director of Operations,2014-09-01,2016-08-01,New York University,,,,,,,,"Leadership,Management,Operations Management,Business Planning,Business Development,New Business Development,Advertising,Fundraising,Nonprofits,Spanish,Digital Media,Brand Development,Project Management,Business Strategy,Account Management,Marketing Strategy",,,,,18,1985,owner,C_suite,po,,,,,
716581301,Jill Bommarito,Jill,Bommarito,Verified emails found,2025-10-15 11:18:59.136429,jillbommarito@gmail.com,jill@ethels.com,jillbommarito@gmail.com,"jillbommarito@gmail.com,jillbommarito@hotmail.com",jill@ethels.com,jill.bommarito@ethels.com,313-613-7662,313-613-7662,"313-882-6204
440-334-3067
313-884-7000
1.5865525110
586-552-5110
920-457-3964
313-469-1510
316-992-3538
313-884-2216",,https://www.linkedin.com/in/ethelsbaking,https://facebook.com/ethelsediblesgf,https://twitter.com/ethelsedibles,,,,,CEO | Founder,Ethel's Baking Company,US,ethels.com,http://ethels.com,https://www.linkedin.com/company/ethel's-edibles-gluten-free-baking-co-llc,"Detroit, MI, US",Detroit,48226,MI ,US,Ethel's Baking Company,CEO | Founder,2011-01-01,Present,,,,,,,,,,,,,,,,,Michigan State University,BA,,,,,,,"Social Media,Strategic Planning,Food,Customer Service,Gluten Free,Event Planning,Marketing,New Business Development,Baking,Marketing Strategy,Fundraising,Social Media Marketing,Retail,Social Networking,Entrepreneurship,Public Relations,Team Building,Management,Sales,Leadership,Public Speaking,Product Development,Inventory Management,Negotiation,Purchasing",,,,,14,,cxo,C_suite,po,,,,,
73477832,Colton Hower,Colton,Hower,Verified emails found,2025-10-15 11:18:59.311207,colton@powermarketingcompany.com,colton@powermarketingcompany.com,,,colton@powermarketingcompany.com,chower@powermarketingcompany.com,4122943412,,,,https://www.linkedin.com/in/coltonhower,,https://twitter.com/howercolton,,,,,Founder and CEO,Power Marketing Company,"Pittsburgh, Pennsylvania 15221, US",powermarketingcompany.com,https://www.powermarketingcompany.com/,https://www.linkedin.com/company/power-marketing-company,"Pittsburgh, PA, US",Pittsburgh,15221,PA ,US,Power Marketing Company,Founder and CEO,2022-01-01,Present,Santonastasso Enterprises LLC,Leadership Team,2022-01-01,Present,My BFF Social,Podcast Host,2020-03-01,2021-12-01,My BFF Social LLC,Account Executive and Social Media Specialist,2018-08-01,2021-12-01,WPIAL Baseball,Founder and Social Media Manager and Producer,2013-02-01,2021-12-01,University of Maryland Baltimore County,Bachelor of Arts - BA,,,Columbia University in the City of New York,Sports Industry Essentials Program,,,,,,,,12,1997,owner,C_suite,po,,,,,
3059064,Will Harris,Will,Harris,Verified emails found,2025-10-15 11:18:59.486113,wharriswine@gmail.com,,wharriswine@gmail.com,wharriswine@gmail.com,,"will@bostonbrewcompany.com,will.harris@bostonbrewcompany.com,wharris@bostonbrewcompany.com,willharris@bostonbrewcompany.com,willh@bostonbrewcompany.com,harris@bostonbrewcompany.com",8578291228,8578291228,6173338191,,https://www.linkedin.com/in/williamharris10,,,,,https://angel.co/william-harris,,CEO and Founder,Boston Brew Company,"74 Maple St, Stoneham, Massachusetts 02180, US",bostonbrewcompany.com,http://bostonbrewcompany.com,https://www.linkedin.com/company/boston-brew-company,"Boston, MA, US",Boston,,MA ,US,Boston Brew Company,CEO and Founder,2017-08-01,Present,Bevi,Territory Manager - New England,2015-12-01,2016-12-01,Martignetti Companies,Chain Sales Representative,2014-10-01,2015-12-01,Martignetti Companies,Merchandiser,2013-06-01,2014-10-01,LogMeIn,Inside Sales Representative,2012-01-01,2013-01-01,University of Massachusetts Lowell,,,,Belmont High School,,,,"Salesforce.com,Direct Sales,Inside Sales,Negotiation,Mechanical,Money,Consignment,Soft Skills,Sales Management,Customer Service,Sales,B2B,Online Advertising,New Business Development,Management,PowerPoint,Sales Operations,Photoshop,LogMeIn,Boston,RSS,Inbound Marketing,SEO,Entrepreneurship,Business Strategy,Promotional,Tuition,Bis,Locally,Cre,Microsoft Excel,System,Customer Support,Selling,Start Ups,Communication,Call Centers,Bicycle,Microsoft Office,Distribution,Supplies,PHP,Sold,Deployed,Software,Remote Access,Bikes,Calls,Marketing Strategy,Human Resources,iOS,Remote Desktop,E Commerce,Linux,Android,Contractual Agreements,Bookings,OS X,Cycles,Rules,Shops,WordPress,Compensation,Food,Harris,Custom Made,Technical &Amp,Interest Rates,Web Marketing,Business Administration,XHTML,SaaS,Social Media,Promoting,Business Development",,,"Cloud & SaaS Startups, Product Marketing Professionals, UMass Lowell Alumni-Student Career Connections, UMass Lowell Alumni, Worksite Wellness Council of Massachusetts, Boston Area Sustainability Group (BASG), Boston Young Professionals Association, Internet of Things : #IOT2020",,12,1988,cxo,C_suite,po,,,,,
375335923,Rafael Marrero,Rafael,Marrero,Verified emails found,2025-10-15 11:18:59.670339,rafael@rafaelmarrero.com,rafael@rafaelmarrero.com,rafael.marrero@icloud.com,"rafael@rafaelmarrero.com,rafael.marrero@icloud.com",,,305-205-3536,305-205-3536,"888-595-6221 x700
888-595-6221
1.8885956221
305-503-7095",(305) 372-1234,https://www.linkedin.com/in/drrafaelmarrero,http://www.facebook.com/rafaelmarrerocompany,https://twitter.com/i/user/2901756751,,,,,Founder | Chief Marketing and Strategy Officer,Rafael Marrero & Company,"14310 SW 8th St 941705, Miami, Florida 33184, US",rafaelmarrero.com,https://www.rafaelmarrero.com,https://www.linkedin.com/company/rafael-marrero-&-company,"Miami, FL, US",Miami,,FL ,US,Rafael Marrero & Company,Founder | Chief Marketing and Strategy Officer,2008-02-01,Present,Rafael Marrero & Company Brands ℠,,,Present,The Epoch Times Español,Senior Analyst | Columnist — Small Business | B2G | U.S. Economy | Supply Chain,2020-12-01,Present,,,,,,,,,Stanford University Graduate School of Business,,,,Northwestern University - Kellogg School of Management,Certificate,,,"Professional Publications,Public Relations,Public Sector Procurement,Advertising,Crisis Communications,Marketing,Marketing Strategy,Entrepreneurship,Vendor Management,Management Consulting,Government Contracting,Strategy,Leadership,Analysis,Business Development,Procurement,Strategic Communications,Strategic Partnerships,Program Management,Project Management",,,,,17,,owner,,po,,,,,
4668560,Sheri Smith,Sheri,Smith,Verified emails found,2025-10-15 11:18:59.851285,sheri.smith@indigoproject.org,sheri.smith@indigoproject.org,sherismithsemail@gmail.com,"sheri.smith@indigoproject.org,sherismithsemail@gmail.com,sheri.burnham@gmail.com,sherijapan@hotmail.com,mqbding@gmail.com",,,970-471-4510,970-471-4510,"1.9704714510
3035551234",(877) 665-3055,https://www.linkedin.com/in/sheriannsmith,http://www.facebook.com/sheri.burnham.smith,https://twitter.com/sheriignitor,,,,,CEO and Founder,Indigo Education Company,"525 3rd. Ave # 114, Longmont, Colorado 80501, US",indigoeducationcompany.com,https://indigoeducationcompany.com/,https://www.linkedin.com/company/indigo-education-company,"Longmont, CO, US",Longmont,,CO ,US,Indigo Education Company,CEO and Founder,2013-02-01,Present,Colorado Career Advising ,Grant Awardee,2023-05-01,Present,Indigo Impact Initiative,Interim Executive Director,2014-08-01,Present,"Church of the Holy City, DC - Center for Spiritual Entrepreneurship",Board Member,2020-11-01,Present,Young Professionals NAAAHR,Advisor,2023-02-01,Present,Georgetown University,Master's degree,,,American University,Bachelor's degree,,,"Career Development Coaching,Career Path Planning,Professional Development Programs,Leadership Development Coaching,Emotional Intelligence,Marketing Strategy,Social Media,Strategy,Strategic Planning,Online Marketing,Social Media Marketing,New Business Development,Online Advertising,Coaching,Lead Generation,Marketing Communications,Public Relations,Contract Negotiation,Social Networking,Management,Leadership,Marketing,Sales,Organizational Development,Start-ups,Business Development,Leadership Development,Business Planning,Event Management,Program Management,Entrepreneurship,Budgets,Nonprofits,Small Business,Strategic Partnerships,Training,Management Consulting,Business Strategy,Social Impact,Public Speaking,Event Planning,Cloud,Management System,Cloud Computing,Organizational,Education,Start Ups",,,"Inside Higher Ed -- The New Conversation, Value Innovations: Value Innovation Process, Methodology and Tools, Boulder Network of Professionals, Small Business Evolution | Entrepreneurs & SMEs, 5280 Linked, Changemakers, Parent Teacher Student Association (PTSA/PTA) network, Digital Marketing, BizWest, Valve Sales, Leadership for Student Success & Higher Education, Linked To Denver, Boulder Sustainable Energy Network, Discovery Sessions",,19,1982,owner,C_suite,po,,,,,
69712831,Brian Bullman,Brian,Bullman,Verified emails found,2025-10-15 11:19:00.068488,brian.carolinacanna@gmail.com,brian.bullman@carolinahempcompany.com,brian.carolinacanna@gmail.com,brian.carolinacanna@gmail.com,brian.bullman@carolinahempcompany.com,brian@carolinahempcompany.com,8282314175,8282314175,"1.8282314175
828-252-2526",(828) 438-4367,https://www.linkedin.com/in/brian-bullman-035355a3,https://facebook.com/brian.bullman.9,,,,,,Founder,Carolina Hemp Company,"290 Haywood Rd, Asheville, North Carolina 28806, US",carolinahempcompany.com,https://www.carolinahempcompany.com/,https://www.linkedin.com/company/carolina-hemp-company,"Asheville, NC, US",Asheville,,NC ,US,Carolina Hemp Company,Founder,2014-07-01,Present,,,,,,,,,,,,,,,,,Asheville-Buncombe Technical Community College,,,,,,,,"Strategic Planning,Customer Service,Marketing,Leadership,Team Building",,,,,11,1969,owner,C_suite,po,,,,,
4793214,John Kirk,John,Kirk,Verified emails found,2025-10-15 11:19:00.268205,jkirk@lightpathco.com,jkirk@lightpathco.com,,jkirk@lightpathco.com,,,2106835961,2106835961,"210.268.4504
8573504286
7132672100
2108246044",,https://www.linkedin.com/in/john-kirk-b130b314,,https://twitter.com/jskaggie50,,,,,Founder,The Lightpath Company,"426 S Seguin Ave, New Braunfels, Texas 78130, US",lightpathco.com,https://www.lightpathco.com,https://www.linkedin.com/company/the-lightpath-company,"New Braunfels, TX, US",New Braunfels,,TX ,US,The Lightpath Company,Founder,2023-12-31,Present,Embrey Partners,Managing Director and EVP - Development,2019-12-31,2023-12-31,Embrey Partners,Executive Vice President - Development,2011-12-31,2019-12-31,Skanska,Development Director,2009-04-30,2011-12-31,The Hanover Company,Development Partner,2004-05-31,2009-04-30,Texas A&M University,Master of Land Economics and Real Estate,,,Texas A&M University,Bachelor of Science in Construction Science with Business Minor,,,"Construction Management,Construction,Real Estate Development,Mixed-use,Real Estate,Mixed Use",,,"Texas A&M - Construction Science, ULI - San Antonio, ULI-the Urban Land Institute",,21,1978,owner,C_suite,po,,,,,
20129016,John Pierce,John,Pierce,Verified emails found,2025-10-15 11:19:00.447250,jpierce@vtcusa.com,jpierce@vtcusa.com,,jpierce@vtcusa.com,,,4356403157,4356403157,"4356494566
3524383400",,https://www.linkedin.com/in/john-pierce-3904671,https://facebook.com/john.pierce.319,,,,,,Founder - VP,Veterans Trading Company,"202 SW 33rd Ave, Ocala, Florida 34474, US",vtcusa.com,https://vtcusa.com/,https://www.linkedin.com/company/vtcusa,"Kamas, UT, US",Kamas,84036,UT ,US,Veterans Trading Company,Founder - VP,2006-01-01,Present,Avnet Technology Solutions,Dir Sales - ACS- Mil and Aero,2003-12-01,2005-12-01,Arrow Electronics,Director Sales - OEM Computing Solutions,2001-12-01,2003-12-01,Nu Horizons,Director,1997-01-01,2001-12-01,Nu Horizons Electronics,Dir Of Operations,1997-01-01,2001-01-01,National University,Master of Business Administration - MBA,,,Southern Utah University,BA,,,"Supply Chain Management,Government,Procurement,Process Improvement,Team Building,Strategic Planning,New Business Development,Logistics,Contract Negotiation,Negotiation,Sales Management,Operations Management,Problem Solving,Business Strategy,Program Management,Business Management,Team Leadership,Coaching,Electronics,Management,Leadership,Account Management,Business Development,Key Account Management,Analysis,Cross-functional Team Leadership,Sales,Outsourcing,Forecasting,Product Marketing,Sales Operations,Product Management,Strategy,Strategic Partnerships,DoD,Solution Selling,Cross Functional Team Leadership,Public Speaking,Veterans,Trading,Microsoft Office,Business Process Improvement,Cross Functional Team,Microsoft Excel,Lake,SALT,Startups,Defense,Customer Service",,,"Jobs for Vets, Supply Chain Today: Latest News & Trends, Delete Spam, Technology Innovation, Search Executive Jobs, National Veterans Small Business Engagement, Lean Six Sigma, Arrow Electronics Group, Defense & Aerospace, DEFENSE AND AEROSPACE CONNECTIONS, HUBZone SBA Program, Boeing Alumni, SDVOSB, Electronic Manufacturing Jobs",,40,1961,owner,C_suite,po,,,,,
33196820,Doug Constantiner,Doug,Constantiner,Verified emails found,2025-10-15 11:19:00.638888,douglas@societebrewing.com,douglas@societebrewing.com,doug_tiner2003@yahoo.com,"douglas@societebrewing.com,doug_tiner2003@yahoo.com,d.constantiner@gmail.com",,,713-816-1157,713-816-1157,"8585985409
6193022545
858-461-1677",(858) 598-5409,https://www.linkedin.com/in/societedouglas,http://www.facebook.com/societebrewing,http://twitter.com/SocieteDouglas,,,,,CEO and Founder,Societe Brewing Company,"8262 Clairemont Mesa Boulevard, San Diego, California 92111, US",societebrewing.com,http://www.societebrewing.com,https://www.linkedin.com/company/societe-brewing-company,"San Diego, CA, US",San Diego,,CA ,US,Societe Brewing Company,CEO and Founder,2011-01-01,Present,Brewers Association,Committee Member,2019-01-01,Present,UC San Diego Extension,Instructor,2019-10-01,2024-11-01,The Bruery & Offshoot Beer Co.,Brewer,2009-08-01,2011-06-01,Pizza Port Brewing Company,n and a,2009-08-01,2010-03-01,University of Arizona,B.S.,,,The Kinkaid School,,,,"Social Media,Customer Service,Microsoft Office,Retail,Microsoft Excel,Inventory Management,Public Speaking,Financial Analysis,Sales,Salesforce.com,Team Leadership,Marketing,PowerPoint,Autonomous Maintenance,Entrepreneurship,Microsoft Word,Financial Modeling,Brewing,Merchandising,Negotiation,Management,Market Research,Marketing Strategy,Craft Beer,Project Management,Research,Startups",,,"McGuire Entrepreneurship Program Alumni, Siebel Institute of Technology Alumni Group",,18,1972,owner,C_suite,po,,,,,
237896254,Evie Levitin,Evie,Levitin,Verified emails found,2025-10-15 11:19:00.872652,evie@thebalancedcompanyinc.com,evie@thebalancedcompanyinc.com,evielevitin@gmail.com,"evie@thebalancedcompanyinc.com,evie@bestbeforemarket.com",evielevitin@gmail.com,,561.617.4493,,,,https://www.linkedin.com/in/evielevitin,,,,,,,Founder and President,The Balanced Company,"Boynton Beach, Florida, New York, US",thebalancedcompanyinc.com,http://www.thebalancedcompanyinc.com,https://www.linkedin.com/company/thebalancedcompany,"Boca Raton, FL, US",Boca Raton,,FL ,US,The Balanced Company,Founder and President,2019-01-01,Present,Best Before Market,Founder and President,2023-02-01,Present,Holistically Balanced Living,Registered Holistic Nutritionist,2017-01-01,2020-01-01,PwC,Senior Associate,2010-01-01,2016-01-01,,,,,Canadian School of Natural Nutrition,,,,York University,Bachelor of Commerce - BCom,,,"Management,Leadership,Public Speaking,Nutrition,Nutritional Counseling",,,,,14,1986,owner,C_suite,po,,,,,
102193088,David Melnicoe,David,Melnicoe,Verified emails found,2025-10-15 11:19:01.076349,david@tradelinesupply.com,david@tradelinesupply.com,,david@tradelinesupply.com,,,6193793039,6193793039,1.9167526601,(888) 844-8910,https://www.linkedin.com/in/davidmelnicoe,https://facebook.com/david.melnicoe,https://twitter.com/usaprocessserv,,,,,Founder and CEO,Tradeline Supply Company,"2534 State St, 433, San Diego, California 92101, US",tradelinesupply.com,https://tradelinesupply.com,https://www.linkedin.com/company/tradelinesupply,"San Diego, CA, US",San Diego,,CA ,US,Tradeline Supply Company,Founder and CEO,2017-04-01,Present,USA Process Serving,Owner,2008-08-01,2016-02-01,,,,,,,,,,,,,San Diego State University-California State University,Bachelor of Applied Science (B.A.Sc.),,,,,,,,,,,,16,1982,owner,C_suite,po,,,,,
70579425,Neely Powell,Neely,Powell,Verified emails found,2025-10-15 11:19:01.374065,neely@charlestonshoeco.com,neely@charlestonshoeco.com,neelywpowell@gmail.com,"neely@charlestonshoeco.com,neelywpowell@gmail.com,neelywpowell@yahoo.com,margmccarthy@gmail.com",,,901-277-5146,901-277-5146,"901-237-4134
843-885-6045
774-325-5124
843-720-2003
843-886-4137
901-722-5663
312-624-9116",(843) 763-8823,https://www.linkedin.com/in/neely-woodson-powell-366401148,http://www.facebook.com/neely.w.powell,,,,,,CEO and Founder,Charleston Shoe Company,"161 King Street, Charleston, South Carolina 29401, US",charlestonshoeco.com,http://charlestonshoeco.com/,https://www.linkedin.com/company/charleston-shoe-company,"Charleston, SC, US",Charleston,,SC ,US,Charleston Shoe Company,CEO and Founder,2009-04-01,Present,,,,,,,,,,,,,,,,,Savannah College of Art and Design,,,,College of Charleston,,,,,,,,,16,1978,cxo,C_suite,po,,,,,
52357530,Claire Cheney,Claire,Cheney,Verified emails found,2025-10-15 11:19:01.838718,claire@curiospice.com,claire@curiospice.com,claire.cheney@gmail.com,"claire@curiospice.com,claire.cheney@gmail.com",,,6178513056,6178513056,"6176982413
1.6178513056
6172981800",,https://www.linkedin.com/in/claire-cheney-3b77481a,https://facebook.com/claire.cheney.90,,,,,,Founder and Owner,Curio Spice Company,"2265 Massachusetts Ave, Cambridge, Massachusetts, US",curiospice.com,http://www.curiospice.com,https://www.linkedin.com/company/curiospice,"Cambridge, MA, US",Cambridge,,MA ,US,Curio Spice Company,Founder and Owner,2015-06-01,Present,L.A. Burdick Chocolate,"Manager, Cambridge",2011-03-01,2011-07-01,Sofra Bakery and Cafe,Manager,2011-09-01,2013-12-01,Oleana,Assistant Manager,2011-07-01,2011-09-01,Flat Black Coffee Company,Senior Manager,2007-10-01,2011-02-01,Oberlin College,BA,,,Milton Academy,,,,"Event Planning,Public Speaking,Retail,Strategic Planning,Research,Social Media,Fundraising,Nonprofits,Community Outreach,Budgets,Event Management,Social Networking,Food Service,Non-profits,Entrepreneurship,Microsoft Word,Non Profits,Startups",,,"Oberlin College and Conservatory, Slow Food",,16,1983,owner,C_suite,po,,,,,
1945765,Beth Trier,Beth,Trier,Verified emails found,2025-10-15 11:19:02.354511,beth@triercompany.com,beth@triercompany.com,bethtrier@gmail.com,"beth@triercompany.com,btrier@triercompany.com","bethtrier@gmail.com,btrier@hbr.org",beth.trier@hbr.org,4152856147,4156018104,"4152856060
4156018104
4152850234
4152856029
4153584249
4153464553
4153464663
3194704840",(415) 285-6147,https://www.linkedin.com/in/bethtrier,https://facebook.com/beth.trier,https://twitter.com/triercompany,,,https://angel.co/triercompany,,CEO and Founder,Trier and Company,"156 2nd St, San Francisco, California 94105, US",triercompany.com,http://www.triercompany.com,https://www.linkedin.com/company/triercompany,"San Francisco, CA, US",San Francisco,,CA ,US,Trier and Company,CEO and Founder,2001-01-01,Present,Harvard Business Review,Advisory Council Member at Harvard Business Review,2024-08-01,Present,British Technology Council,Advisory Board Member,2024-06-01,Present,North Systems Software,Vice President - Corporate Communications,2000-01-01,2001-01-01,Burson Marsteller,Senior Vice President and Technology Practice,1998-01-01,2000-01-01,"University of California, Berkeley",,,,University of Denver,,,,"Social Media,Microsoft Excel,Sales,Marketing Communications,Financial Advisory,Europe,New Market,Market,Channel,Online Retail,IBM,Shopping Centers,Radar,Insurance,Customer Retention,Brand Awareness Programs,Mentoring,Investor Relations,Bea,Online Advertising,Australia,Real Estate,Mediaplex,Yammer,Search,Management,Public Relations,PC,Outsourcing,Brand Management,Twitter,High Impact,Loan Servicing,Data Storage,Media Strategy,Jini,Publications,Public Speaking,Silicon Valley,Fusion,CMP,Messaging,Sun Microsystems,Business Services,Corporate Communications,Asia,Strategy,Branding,Sold,Partner Programs,UPS systems,Mass,Strategies,Press Coverage,Web Video,Dublin,New Business Development,Denver,Home Infusion,Fair Use,Enterprise Software,Press,Local Search,Conferences,Research,Technology Companies,Third Party Applications,Venture Capital,Capital,High Performance Computing,Board of Directors,Campaigns,Advertising Agency,Publicity,Demographics,Customer Communication,SAP,Boutique,Yahoo,Space,Moving,Thought Leadership,High Tech,Vertical Marketing,Y2k,Communication,Life Sciences,Advertising,Pepsico,Sunguard,Marketing,Colorado,Multi Faceted,Strategic Communications,Market Share,Billings,Latin America,IPO,Sun Storage,Council,Usa,Tribal,comScore,BPO,Banking,Art,Sybase,Magazines,History,Start Ups,Digital Media,Investments,Momentum,Marketplace,Software,Financial Services,Oracle,San Francisco,Facebook,Berkeley,EMC,Java,Affiliate Marketing,Fashion,Professional Services,Launches,Customer Validation,Interest Rates,Journalism,SEM,Budgets,SaaS,Sampling,Television,EMEA,Mergers and Acquisitions,Lotus,Consumer,Siebel,Databases,Leadership,Analyst Relations,Crisis Communications,Strategic Partnerships,Salesforce.com,B2b,Message Development,Communications Planning,Digital Strategy,Digital Marketing Experience,Press Releases,Media Relations,Mobile Marketing,Business Development,Content Marketing,Digital Marketing,B2b Marketing,Integrated Marketing,Reputation Management,Content Strategy,Internal Communications,Product Management,Brand Loyalty,Social Media Marketing,Creative Direction,Content Development,Product Launch,Marketing Strategy,Communication Training,Mobile Devices,Industry Analyst Relations,CRM",,,,,39,1951,cxo,C_suite,po,,,,,
136654364,Fletcher Jewett,Fletcher,Jewett,Verified emails found,2025-10-15 11:19:02.645809,fjewett@jewettandcompany.com,fjewett@jewettandcompany.com,fletcherjewett@gmail.com,"fjewett@jewettandcompany.com,fletcherjewett@gmail.com,fletchj@gmail.com,fletcher9@me.com",,,2022513918,2022513918,"202.302.3510
2023023510
7035092153
5407512024",(202) 302-3510,https://www.linkedin.com/in/fletcherjewett,,,,,,,Founder,Jewett and Company,"1050 Connecticut Ave NW Suite 500, Washington, District of Columbia 20005, US",jewettandcompany.com,http://www.jewettandcompany.com,https://www.linkedin.com/company/jewett-and-company,"Washington, DC, US",Washington,20005,DC ,US,Jewett and Company,Founder,2004-07-01,Present,Clairfield International,Partner,2015-03-01,2020-04-01,,,,,,,,,,,,,University of Maryland College Park,,,,The George Washington University,,,,"Restructuring,Debt Restructuring,Strategy Development,Mergers,Business Development,Real Estate Development,Private Equity,Investment Banking,Venture Capital,Investments,Corporate Finance,Due Diligence,Valuation,Portfolio Management,Financial Structuring,Capital Markets,Financial Modeling,Asset Managment,Strategy,Mergers & Acquisitions,Strategic Consulting,Real Estate Financing,Securities,Asset Management,Banking,Executive Management,Finance,Financial Services,Business Planning,Management Consulting,Project Finance,Equities,Private Placements,Acquisitions,Real Estate Economics,Capital,Joint Ventures,Investment Management,Corporate Development,Alternative Investments,Wealth Management,Emerging Markets,Commercial Real Estate,Funding,Hedge Funds,Investor Relations,LBO,Structured Finance,IPO,M&A experience",,,,,21,1965,owner,C_suite,po,,,,,
68129110,Pawan Giri,Pawan,Giri,Verified emails found,2025-10-15 11:19:02.884129,pawan@ttc.dev,pawan@ttc.dev,valpine8@gmail.com,"pawan@ttc.dev,valpine8@gmail.com,pawangiri@me.com",,,289-772-6362,289-772-6362,"+971 52 923 3052
+971 50 343 3846
+91 22 2657 2101
+91 98214 48899",,https://www.linkedin.com/in/giripawan,https://facebook.com/pawan.girip,,,,,,Founder,This Tech Company,"815 Brazos St, Austin, Texas 78701, US",ttc.dev,https://ttc.dev,https://www.linkedin.com/company/ttc-dev,"Texas, United States",,,TX ,US,This Tech Company,Founder,2017-07-01,Present,Post Monk,,,Present,Meal GOAT,Co-Founder,2023-01-01,Present,,,,,,,,,Harvard Business School Online,Certificate in Entrepreneurship Essentials,,,Sheridan College,Software Engineering,,,,,,,,8,1987,owner,C_suite,po,,,,,
7700697,Rob Tiisler,Rob,Tiisler,Verified emails found,2025-10-15 11:19:03.220828,rob@companymanstudios.com,rob@companymanstudios.com,robtiisler@gmail.com,"rob@companymanstudios.com,rob.tiisler@companymanstudios.com",robtiisler@gmail.com,,8137772541,,"8132516111
1.8132516111",,https://www.linkedin.com/in/robtiisler,https://facebook.com/rob.tiisler,,,,,,Founder and Executive Creative Director,Company Man Studios,"2008 West Kennedy Boulevard, Tampa, Florida 33606, US",companymanstudios.com,http://companymanstudios.com,https://www.linkedin.com/company/company-man-studios,"Tampa, FL, US",Tampa,,FL ,US,Company Man Studios,Founder and Executive Creative Director,2012-07-01,Present,Tampa Digital Studios,Vice President and Creative Director,2010-01-01,2012-01-01,Tampa Digital Studios,Creative Director,2002-01-01,2010-01-01,Diamond P Production Group,Creative Director,1998-01-01,2002-01-01,,,,,Florida International University,BS,,,,,,,"Motion Graphics,Compositing,Visual Effects,After Effects,Final Cut Studio,Video Editing,Commercials,Creative Direction,Video Production,Adobe Creative Suite,Advertising,Animation,Art Direction,Digital Compositing,Digital Media,Film,Multimedia,Motion Design,Logo Design,Graphic Design,Photography,Post Production,Social Media,Social Media Marketing,Sound,Television,Typography,Video,Video Post-Production,Spanning,Business Strategy,Entrepreneurship,Strategy,Branding,Customer Service",,,"Tampa Bay FIU Alumni, Advertising Pros, Advertising Age",,27,1972,owner,Design,po,,,,,
140072710,Max Mckendry,Max,Mckendry,Verified emails found,2025-10-15 11:19:03.559497,max@viiahemp.com,max@viiahemp.com,maxmckendry@gmail.com,max@viiahemp.com,maxmckendry@gmail.com,,,,,,https://www.linkedin.com/in/max-mckendry-1173339a,https://facebook.com/max.mckendry,,,,,,CEO and Founder,VIIA Hemp Company,US,viiahemp.com,https://viiahemp.com,https://www.linkedin.com/company/viiahemp,"San Diego, CA, US",San Diego,,CA ,US,VIIA Hemp Company,CEO and Founder,2018-12-01,Present,,,,,,,,,,,,,,,,,"Christ's College, Canterbury",,,,Colorado Mountain College,Bachelor of Arts - BA,,,,,,,,6,1988,owner,C_suite,po,,,,,
58576302,Iron Company,Iron,Company,Verified emails found,2025-10-15 11:19:03.818391,contacts@ironcompany.com,contacts@ironcompany.com,ironcompany@gmail.com,contacts@ironcompany.com,ironcompany@gmail.com,,9098035183,,8887587527,(888) 758-7527,https://www.linkedin.com/in/iron-company-3b992296,,,,,,,Founder and CEO IRON COMPANY,IRON COMPANY,"7349 Milliken Ave, Rancho Cucamonga, California 91730, US",ironcompany.com,http://www.ironcompany.com,https://www.linkedin.com/company/ironcompany.com,"Flower Mound, TX, US",Flower Mound,,TX ,US,IRON COMPANY,Founder and CEO IRON COMPANY,1996-05-01,Present,,,,,,,,,,,,,,,,,,,,,,,,,,,,,,29,2000,owner,C_suite,po,,,,,
83721299,Ben Loseke,Ben,Loseke,Verified emails found,2025-10-15 11:19:04.278823,ben@midwestbarrelco.com,ben@midwestbarrelco.com,,"ben@midwestbarrelco.com,ben.loseke@midwestbarrelco.com",,,4024998255,4024998255,4027882857,(402) 904-3132,https://www.linkedin.com/in/benloseke,https://facebook.com/ben.loseke,,,,,,CEO and Founder,Midwest Barrel Company,"12415 Old LaGrange Rd, Louisville, Kentucky 40245, US",midwestbarrelco.com,http://www.midwestbarrelco.com,https://www.linkedin.com/company/midwest-barrel-company,"Louisville, KY, US",Louisville,,KY ,US,Midwest Barrel Company,CEO and Founder,2015-01-01,Present,Viticulture Enology Science and Technology Alliance (VESTA),Instructor,2019-05-01,2025-07-01,University of Nebraska-Lincoln,Research Technologist,2011-12-01,2025-07-01,Nebraska Forest Service,Intern,2010-05-01,2010-08-01,Nebraska Forest Service,Intern,2009-05-01,2009-08-01,University of Nebraska-Lincoln,Doctor of Philosophy (Ph.D.),,,University of Nebraska-Lincoln,Master's degree,,,,,,,,14,1988,cxo,C_suite,po,,,,,
35475605,Pete Kosanovich,Pete,Kosanovich,Verified emails found,2025-10-15 11:19:04.492840,pete@alterbrewing.com,pete@alterbrewing.com,,"pete@alterbrewing.com,pkosanovich@treangroup.com",,"pete.kosanovich@cmegroup.com,petekosanovich@cmegroup.com,petek@cmegroup.com,kosanovichp@cmegroup.com",7082465215,,"3126046203
3126048976
3129975750",(630) 541-9558,https://www.linkedin.com/in/pete-kosanovich-48319946,,,,,,,Co-Founder,Alter Brewing Company,"2300 Wisconsin Avenue Ste 213, Downers Grove, Illinois 60515, US",alterbrewing.com,http://www.alterbrewing.com,https://www.linkedin.com/company/alter-brewing-company,"Chicago, IL, US",Chicago,,IL ,US,Alter Brewing Company,Co-Founder,2014-12-01,Present,"Trean Group, LLC",Managing Member,2010-08-01,Present,CME Group,Member,1996-01-01,Present,"Brisbane Brokerage/ Thorntree Enterprises, LLC","Managing Member, Options Broker",2004-01-01,2013-01-01,,,,,Purdue University,Bachelor of Science (B.S.),,,,,,,"Commodity,Portfolio Management,Management,Electronic Trading,Derivatives,Securities,Investments,Trading,Asset Management,Negotiation,Sales Management,Fixed Income,Strategic Planning,Options,Contract Negotiation,Equities,Hedge Funds,Brokerage",,,,,29,1971,owner,C_suite,po,,,,,
37636510,Trevor Corlett,Trevor,Corlett,Verified emails found,2025-10-15 11:19:05.004374,trevor@madcapcoffee.com,trevor@madcapcoffee.com,trevorcorlett@gmail.com,"trevor@madcapcoffee.com,trevorcorlett@gmail.com,tjorlet@gmail.com,tjorlet@mac.com,sillyshamu@hotmail.com",,,616-780-3062,616-780-3062,"616-834-8582
571-239-9850
888-866-9091
1.6168059522
1.6167803062
616-233-0065
616-805-9522
6166103551
6168317006
3172550484
7739339164
6164470502
6164591156
815-274-3085",(888) 866-9091,https://www.linkedin.com/in/tcorlett,https://facebook.com/tjorlet,https://twitter.com/madcapcoffee,,,,,CEO and Founder,Madcap Coffee Company,"1041 Fulton St E, Grand Rapids, Michigan 49503, US",madcapcoffee.com,http://www.madcapcoffee.com,https://www.linkedin.com/company/madcap-coffee-company,"Grand Rapids, MI, US",Grand Rapids,,MI ,US,Madcap Coffee Company,CEO and Founder,2008-09-01,Present,Coffee Futures Fund,Founding Mentor,2025-01-01,Present,Blockbuster Video,Assistant Store Manager,1998-03-01,2002-04-01,Moon Monkey Coffee Company,Owner,2005-01-01,2008-05-01,The House Cafe + Music,Music and Program Manager,2002-04-01,2003-05-01,Cornerstone University,n/a,,,,,,,"Event Planning,Training,Management,Coffee Roasting,Social Media,Public Speaking,Non-profits,Marketing,Event Management,Social Media Marketing,Customer Service,Marketing Strategy,Public Relations,Team Building,Strategic Planning,Marketing Communications,Budgets,Product Development,Editing,Sales Management,Negotiation,Retail,Social Networking,Business Strategy,Nonprofits,Entrepreneurship,Fundraising,Coffee,New Business Development,Food,Leadership,Small Business,Sales,Advertising,Start-ups,Brand Development,Email Marketing,Online Marketing,B2B,Business Planning,Food Service,Business Development,Marketing Management,Barista Training,Account Management,Catering,Non Profits,Strategy,Teaching,Research,Start Ups",,,"D.C. Small Biz Executives Forum, LinkedUp Grand Rapids, Specialty Coffee Professionals, GRYP - Grand Rapids Young Professionals, Cornerstone University Alumni",,25,1947,owner,C_suite,po,,,,,
12097413,David Butterfield,David,Butterfield,Verified emails found,2025-10-15 11:19:05.206395,david@leaptalentco.com,david@leaptalentco.com,drb133@hotmail.com,"david@leaptalentco.com,drb133@hotmail.com",,,3104633402,,"2149454000
2149893370",,https://www.linkedin.com/in/david-butterfield-71b4aa13,,,,,,,Founder,Leap Talent Company,,leaptalentco.com,https://leaptalentco.com,https://www.linkedin.com/company/leap-talent-company,"Dallas, TX, US",Dallas,,TX ,US,Leap Talent Company,Founder,2024-03-01,Present,Team Gear Flow,Head of Operations,2020-11-01,2024-02-01,OrderMyGear,"Manager, Business Development",2019-07-01,2019-12-01,OrderMyGear,"National Sales Manager, USA and Canada",2016-06-01,2019-07-01,OrderMyGear,Sales Executive,2015-05-01,2016-06-01,Baylor University,Bachelor of Business Administration (B.B.A.),,,,,,,"Relationship Management,Sales,Marketing,Project Management,Negotiation,Product Strategy,B2B software,Management,Business Strategy,Start-ups,Problem Solving,Business Development,Customer Retention,Customer Relationship Management Crm,Start Ups,Entrepreneurship,Real Estate,Public Speaking,Research,Microsoft Word,Leadership,Customer Relationship Management",,,,,20,1977,owner,C_suite,po,,,,,
868653,Cisp H. Quincy Long,Cisp,Long,No emails found,2025-10-15 11:19:05.375614,,,,,,,281-734-5297,281-734-5297,"281-726-0890
800-320-5950
210-563-4786
817-807-0368
713-578-3041
510-587-0950
281-492-3434
517-355-5026
855-386-4727
281-646-9701",(281) 492-3434,https://www.linkedin.com/in/hquincylong,http://www.facebook.com/QuestIRA,https://twitter.com/quincylong,,,,,CEO and Owner,Quest Trust Company,"17171 Park Row Suite 100, Houston, Texas 77030, US",questtrustcompany.com,http://www.questtrustcompany.com,https://www.linkedin.com/company/questtrust,"Houston, TX, US",Houston,77030,TX ,US,Quest Trust Company,CEO and Owner,2003-01-01,Present,American Title Company,Fee Attorney,1999-01-01,2007-01-01,,,,,,,,,,,,,University of Houston,Master of,,,University of Houston,Doctor of,,,"Self-Directed IRA,Self-Directed IRAs,Real Estate,Tax Preparation,Tax Law,Tax Advisory,Entities,Pass-through Entities,Promissory Notes,Real Estate Lending,Retirement Planning,Retirement Savings,Qualified Retirement Plans,Retirement Benefits,IRAs,Simple IRA,SEP IRA,Traditional IRA,Self Directed IRA,Property Law,Roth IRA,Investors,Commercial Real Estate,Real Estate Transactions,Brokerage,Foreclosures,Joint Ventures,Investment Properties,Real Estate Investor,Investments,Private Equity,Property,Retirement,Finance,Real Estate Financing,Loans,Funding,Financial Advisory,Mutual Funds,Wealth,Real Estate Economics,Asset Management,Refinance,Portfolio Management,Financial Structuring,Fixed Annuities,Commercial Mortgages,Financial Services,Mason,Pass Through Entities,Self Directed Iras",,,,,26,1962,owner,C_suite,po,,,,,
55927713,Carolyn Hennen,Carolyn,Hennen,Verified emails found,2025-10-15 11:19:05.584400,carolyn@theragcompany.com,carolyn@theragcompany.com,carolynhennen@gmail.com,"carolyn@theragcompany.com,chennen@theragcompany.com",carolynhennen@gmail.com,,2088886821,,,(208) 888-6821,https://www.linkedin.com/in/carolyn-hennen-mba-9097878a,,,,,,,CEO and Owner,The Rag Company,"5430 W State Street, Boise, Idaho 83703, US",theragcompany.com,https://www.theragcompany.com,https://www.linkedin.com/company/the-rag-company,"Boise, ID, US",Boise,,ID ,US,The Rag Company,CEO and Owner,2012-10-01,Present,St. Luke's Health System,Manager of Treasure Valley Echocardiography Department,2013-01-01,2015-04-01,St. Luke's Health System,Echocardiography Technologist,2001-07-01,2008-01-01,Olympic Medical Center,Supervisor of Echocardiography Lab,1996-08-01,2001-08-01,Olympic Medical Center,Lead Cardiac Sonographer,1995-11-01,1996-08-01,Boise State University,Executive MBA,,,Franklin University,"Bachelor of Science, Allied Healthcare Management",,,"Healthcare Management,Healthcare,Strategic Planning,Process Improvement,Echocardiography,Hospitals,Patient Safety,Team Building,Team Leadership,Management,Healthcare Information Technology,Strategic Financial Planning,EMR,HIPAA,Leadership,Healthcare Information Technology (HIT),Electronic Medical Record (EMR),Business Process Improvement,Public Speaking",,,,,29,1975,cxo,C_suite,po,,,,,
837622,Rohit Bhargava,Rohit,Bhargava,Verified emails found,2025-10-15 11:19:05.770567,rohitaustralia@gmail.com,,rohitaustralia@gmail.com,"rohitaustralia@gmail.com,bhargavahr002@gmail.com,rohitaustralia@yahoo.com,rohitandchhavi@yahoo.com,personalitynotincluded@gmail.com,rohitaustralia@hotmail.com,nimmib@yahoo.com",,"bhargavar@georgetown.edu,rohitbhargava@georgetown.edu",2024948853,2024948853,"202-250-0696
1.2027294212
1.2022500696
202-729-4212
9787769498
2026874328
6478044187",,https://www.linkedin.com/in/rohitbhargava,https://facebook.com/rohitaustralia,https://twitter.com/rohitbhargava,,https://crunchbase.com/person/rohit-bhargava,https://angel.co/rohit-bhargava-1,https://quora.com/rohit-bhargava,Founder and Chief Trend Curator,Non-Obvious Company,US,nonobvious.com,http://nonobvious.com,https://www.linkedin.com/company/non-obvious-company,"Washington, DC, US",Washington,20005,DC ,US,Non-Obvious Company,Founder and Chief Trend Curator,2015-01-01,Present,Non-Obvious Company,Author of Non-Obvious Megatrends,2015-01-01,Present,Ideapress Publishing,Co-Founder,2014-08-01,Present,Georgetown University,"Adjunct Professor - Storytelling, Marketing and Public Speaking",2009-06-01,Present,Influential Marketing Group,Founder and Advisor For CMOs and Senior Marketing Leaders,2012-12-01,2015-01-01,Emory University - Goizueta Business School,,,,Emory University,,,,"Integrated Marketing,Interactive Marketing,Blogging,Creative Direction,Marketing,Web Strategy,Team Leadership,Consulting,Production Managment,Personality,Digital Marketing,Digital Strategy,Social Media,Social Media Marketing,Content Strategy,Public Speaking,Digital Media,Press Releases,Marketing Communications,Creative Strategy,Copywriting,Public Relations,Brand Development,SEM,Social Networking,Email Marketing,New Media,Google Analytics,Online Marketing,Leadership,Strategy,E-commerce,Online Advertising,Publishing,CRM,Marketing Strategy,Customer Service,E Commerce,Business Development,Higher Education,Project Management,Research,Strategic Planning",,,,,27,1975,owner,,po,,,,,
11749,Lauren Wang,Lauren,Wang,Verified emails found,2025-10-15 11:19:05.975370,lauren@flexfits.com,lauren@flexfits.com,lmschulte@gmail.com,"lauren@flexfits.com,lmschulte@gmail.com",,,415-613-6166,415-613-6166,"404-239-5620
415-547-2159
404-239-5630
404-239-5688
310-275-2933
415-507-5000
404-218-9474
310.439.8635
1.4156136166
9852270178
6503167433
4155525090
3105909496
310-203-8167
310-314-1394",(800) 931-0882,https://www.linkedin.com/in/laurenschulte,https://facebook.com/laurenschulte,https://twitter.com/lmschulte,,https://crunchbase.com/person/lauren-schulte,https://angel.co/lauren-schulte,,CEO and Founder,The Flex Company,"318 Lincoln Blvd Ste 200, Venice, California 90291, US",flexfits.com,http://www.flexfits.com,https://www.linkedin.com/company/the-flex-company,United States,,,,US,The Flex Company,CEO and Founder,2015-05-01,Present,Upwork,Director of Marketing and Communications,2013-05-01,2015-04-01,Samasource,Director of Marketing and Communications,2012-05-01,2013-05-01,Autodesk,Web Marketing Manager,2011-04-01,2012-05-01,The Coca-Cola Company,"Senior Stakeholder Manager, Brands and Featured Programs",2009-01-01,2011-04-01,Y Combinator,,,,Georgia State University - J. Mack Robinson College of Business,,,,"Team Leadership,Marketing Strategy,Integrated Marketing Communications Planning,Increasing ROI,Online Marketing,Cross-functional Team Leadership,B2B Marketing,Content Strategy,Digital Marketing,Start-up Environment,Inbound Marketing,Inbound Lead Generation,Web Analytics,Interactive Marketing,Public Relations,Mentoring Of Staff,Social Media Marketing,SEM,SEO,Enterprise Marketing,Start Up Environment,Marketing Management,Web Design,Web,Blogging,Agency Relations,Omniture,Digital Strategy,Cross Functional Team Leadership,Email Marketing,Microsoft Excel,B2C marketing,Competitive Analysis,Integrated Marketing,Social Media,Marketing Communications,Budget Management,Google Adwords,Consumer Goods Marketing,Content Marketing,Web Marketing,Sales,User Experience,Collaborative Problem Solving,Partner Marketing,Strategy,Copywriting,Start Ups,Budgets,Online Advertising,Project Management,Marketing,Communications,Google Analytics,Marketing Budget Management,Photoshop,Management",,,,,21,1986,cxo,C_suite,po,,,,,
31188836,David Corderman,David,Corderman,Verified emails found,2025-10-15 11:19:06.161078,masontricia@yahoo.com,,masontricia@yahoo.com,"masontricia@yahoo.com,dcorderman@yahoo.com",,david@cordermancompany.com,6175024403,,"6175429200
7814445766
6172018053
3183482026
6172248684",(617) 542-9200,https://www.linkedin.com/in/davidcorderman,,,,,,,Founder,"Corderman & Company, Inc.","9 Channel Center Street Suite 400, Boston, Massachusetts 02210, US",cordermancompany.com,http://www.cordermancompany.com,https://www.linkedin.com/company/corderman-&-company-inc-,"Boston, MA, US",Boston,,MA ,US,"Corderman & Company, Inc.",Founder,2002-01-01,Present,Usher Syndrome Society,Vice President,2008-01-01,Present,"Kidz b Kidz, Nonprofit",Chairman of the Board,2010-01-01,2012-01-01,Shawmut Design and Construction,Project Executive,1998-01-01,2002-01-01,Turner Construction Company,Project Manager,1992-01-01,1998-01-01,Trinity College-Hartford,Bachelor’s Degree,,,Boston University Questrom School of Business,Master of Business Administration (M.B.A.),,,"LEED,Construction,Value Engineering,Construction Management,Contract Negotiation,LEED AP,Project Estimation,Contract Management,Contractors,Renovation,Process Scheduler,Green Building,Submittals,Project Management,Organization,Pre-construction,Subcontracting,New Business Development,Sustainable Design,Change Orders,Leadership,Strategic Planning,Business Development,Business Strategy,Customer Service,Marketing,Pre Construction,Program Management",,,,,33,1964,owner,C_suite,po,,,,,
7265450,Laurie Tolson,Laurie,Tolson,Verified emails found,2025-10-15 11:19:06.355994,ltolson@gmail.com,,ltolson@gmail.com,ltolson@gmail.com,,laurie.tolson@delekus.com,303-886-3981,303-886-3981,"408-710-3616
512-338-4400
512-728-3653
408-778-1727
408-276-7194",+33 1 42 60 90 67,https://www.linkedin.com/in/laurietolson,https://facebook.com/laurie.tolson,,,,,,"Founder, Chief Executive Officer",Tolson Consulting Company,"15 Rue De La Banque, Paris, Ile-de-France 75002, FR",tolson-consulting.com,http://tolson-consulting.com/,https://www.linkedin.com/company/tolson-consulting,"Boulder, CO, US",Boulder,,CO ,US,Tolson Consulting Company,"Founder, Chief Executive Officer",2020-03-01,Present,Landis+gyr,Member Board of Directors,2021-06-01,Present,"Delek Us Holdings, Inc.",Member Board of Directors,2021-01-01,Present,Fenix Marine Services,Member Board of Directors,2020-11-01,Present,Ge Transportation a Wabtec Company,Chief Digital Officer,2017-08-01,2020-03-01,IMD business school,,,,National University,Master of Business Administration,,,"Software Development,Enterprise Software,Cloud Computing,Distributed Systems,Software Engineering,Product Management,Agile Methodologies,Java,Technical Leadership,Enterprise Architecture,SaaS,Open Source,Systems Management,Virtualization,Management,Integration,Leadership,Unix,Software Project...,Executive Management,Architectures,Perl,SOA,System Architecture,Scalability,Linux,Solution Architecture,Solaris,Data Center,Java Enterprise Edition,Professional Services,IT Strategy,Architecture,Storage,Agile Project Management,Big Data,Mobile Technology,Mobile Applications,High Availability,REST,Ant,Strategy,Marketing,JavaScript,Software Project Management,Software",,,"Global Energy Profs l Oil & Gas, Wind, Solar, Power, Green, Smart Energy Network, Aix Marseille INNOV, Smart Grid Executive Forum, ABB Enterprise Software Users (formerly Ventyx & Mincom Users), Transmission & Distribution World",,30,1973,owner,C_suite,po,,,,,
8609722,Roly Nesi,Roly,Nesi,Verified emails found,2025-10-15 11:19:06.554473,roly@drinkroar.com,roly@drinkroar.com,rolynesi@gmail.com,roly@drinkroar.com,rolynesi@gmail.com,,6466960696,,6316835565,(631) 683-5565,https://www.linkedin.com/in/roly-nesi-33850558,,,,,,,Founder and Chief Roar Officer,ROAR Beverage Company,"315 Columbia St, Bethlehem, Pennsylvania 18015, US",roarorganic.com,http://www.roarorganic.com,https://www.linkedin.com/company/roar-beverages-llc,"Huntington Station, NY, US",Huntington Station,,NY ,US,ROAR Beverage Company,Founder and Chief Roar Officer,2014-10-01,Present,Goldrock Beverages LLC,Executive Vice President,2010-01-01,2014-06-01,Sagamore Hill Apparel,Merchandising Executive,2007-01-01,2010-12-01,,,,,,,,,Boston University,,,,Friends Academy High School,,,,"Marketing Strategy,New Business Development,Business Strategy,Public Relations,Business Planning,Operations Management,Strategy,Product Development,Event Planning,Entrepreneurship,Start-ups,Sales Management,Business Development,Brand Management,Market Research,Digital Marketing,Competitive Analysis,Customer Service,Start Ups,Microsoft Office,Microsoft Excel,Leadership",,,,,18,1983,owner,,po,,,,,
22346750,Cal Wick,Cal,Wick,Verified emails found,2025-10-15 11:19:06.730823,calwick@gmail.com,,calwick@gmail.com,,calwick@gmail.com,,3026519223,,"1.3026519223
1.3026550535
3026519425",(302) 651-9223,https://www.linkedin.com/in/cal-wick-a2201a12,,,,,,,Founder,Fort Hill Company,"4 W Rockland Rd Ste 101, Montchanin, Delaware 19710, US",forthillcompany.com,http://www.forthillcompany.com,https://www.linkedin.com/company/fort-hill-company,"Wilmington, DE, US",Wilmington,,DE ,US,Fort Hill Company,Founder,2015-03-01,Present,Fort Hill Company,Chairman,2009-01-01,Present,Fort Hill Company,Founder,1999-07-01,Present,Fort Hill Company,CEO,1999-07-01,2008-12-01,Wick and Company,CEO,1980-07-01,1999-07-01,Massachusetts Institute of Technology - Sloan School of Management,MS in Management,,,Trinity College-Hartford,BA,,,"Leadership,Talent Management,Executive Coaching,Emotional Intelligence,Public Speaking,Program Management,Strategic Partnerships,Instructional Design,Performance Management,Leadership Development,Organizational Development,Performance Improvement,Organizational Effectiveness,Process Improvement,Workshop Facilitation,Strategic Planning,Change Management,Team Building,Entrepreneurship,E-Learning,Executive Development,Training,Coaching,Management Consulting,Strategy,Learning Management,New Business Development,Blended Learning,Thought Leadership,Employee Engagement,Instructor-led Training,360 Feedback,Personal Development,MBTI,Needs Analysis,Organizational Learning,Business Development,E Learning,Instructor Led Training,Customer Service,Business Strategy,Marketing Strategy",,,"FlashPoint Leadership Insights, Association for Talent Development (ATD)",,45,1945,owner,C_suite,po,,,,,
3076878,Joey Cummings,Joey,Cummings,Verified emails found,2025-10-15 11:19:06.905881,joey@thejoeycompany.com,joey@thejoeycompany.com,joeycummings@gmail.com,joey@thejoeycompany.com,joeycummings@gmail.com,,7184123463,,"718-852-7730
7188351266
615-595-0300",(718) 852-7730,https://www.linkedin.com/in/joeycummings,,,,,,,Founder,The Joey Company,"45 MAIN St, Brooklyn, New York 11201, US",thejoeycompany.com,http://thejoeycompany.com,https://www.linkedin.com/company/the-joey-company,"New York, United States",,,NY ,US,The Joey Company,Founder,1991-01-01,Present,,,,,,,,,,,,,,,,,New York University,MA,,,The University of Georgia,BA Double Major,,,"Advertising,Strategy,Graphic Design,Customer Insight,New Business Development,Film,Creative Direction,Integrated Marketing,Creative Strategy,Digital Strategy,Brand Development,Interactive Advertising,Digital Marketing,Email Marketing,Marketing Strategy,Concept Development,Digital Media,Brand Architecture,Leadership,Online Advertising,Direct Marketing,Corporate Identity,Marketing,Online Marketing,Interactive Marketing,Art Direction,Television,New Media,Social Media Marketing,Brand Management,Copywriting,Branding & Identity,Mobile Marketing,Outdoor Advertising,Project Management,Startups,Branding and Identity",,,,,34,1980,owner,C_suite,po,,,,,
239848519,Brittany Abdool,Brittany,Abdool,Verified emails found,2025-10-15 11:19:07.088495,brittany@onamedia.co,brittany@onamedia.co,brittanyabdool@gmail.com,"brittany@onamedia.co,brittanyabdool@gmail.com",,,9378250162,,1.9378250162,,https://www.linkedin.com/in/brittanyabdool,,https://twitter.com/be_a_floyd,,,,,Founder,Ona Media Company,"220 N Green St 6043, Chicago, Illinois 60607, US",onamedia.co,http://onamedia.co,https://www.linkedin.com/company/ona-media-company,"Chicago, IL, US",Chicago,,IL ,US,Ona Media Company,Founder,2022-01-01,Present,Social Driver,"Vice President, Social and Digital Media",2018-01-01,2024-09-01,Washington Women in Public Relations,Board of Directors: Strategic Planning,2016-01-01,2018-12-01,BCW Global,"Account Director, Digital Strategy in Consumer Brand Practice",2016-01-01,2018-01-01,AAF DC - American Advertising Federation DC Chapter,Steering Committee Member: Media Trends,2015-12-01,2016-11-01,University of Cincinnati,,,,UNSW,,,,"Insurance,Medicare,Microsoft Office,Marketing,Twitter,SEM,Customer Service,Organization &amp; prioritization skills,Social Media,Facebook,Client Retention,Online Marketing,Viral Marketing,Blogging,LinkedIn,Marketing Strategy,SalesLogix,Customer Retention,Social Media Marketing",,,,,17,1986,owner,C_suite,po,,,,,
70507562,Betty Liu,Betty,Liu,Verified emails found,2025-10-15 11:19:07.288330,bettyyanliu@yahoo.com,,bettyyanliu@yahoo.com,bettyyanliu@yahoo.com,,,415-218-4847,415-218-4847,"415-806-1629
7188189520
415-386-1688
415-584-3685
415-452-6235
9178189521",,https://www.linkedin.com/in/betty-yan-liu-810b901,http://www.facebook.com/betty.liu.1466,,,,,,Founder and CEO,The Return Company,"New York, New York, US",thereturncompany.com,http://www.thereturncompany.com,https://www.linkedin.com/company/the-return-company,"New York, NY, US",New York,,NY ,US,The Return Company,Founder and CEO,2020-01-01,Present,fliit,Board Observer,2019-03-31,2020-01-01,Loadsmart,Board Observer,2018-09-30,2020-01-01,IncoDocs,Director Board Of Directors,2018-07-31,2020-01-01,Maersk Growth,Operating Partner,2018-01-01,2020-01-01,Copenhagen Business School,Master of Business Administration,,,Central University of Finance and Economics,,,,,,,,,24,1983,owner,C_suite,po,,,,,
23226169,Jim Grundberg,Jim,Grundberg,Verified emails found,2025-10-15 11:19:07.474501,jim@seemore.com,jim@seemore.com,jgrundberg@gmail.com,"jim@seemore.com,jgrundberg@gmail.com,jwg1021@aol.com",,,6153946473,6153946473,"6154358015
615-305-8020
615-372-0240",(615) 435-8015,https://www.linkedin.com/in/jim-grundberg-24972a8,https://facebook.com/jim.grundberg,https://twitter.com/seemorejim,,,,,"CEO, co-owner, team leader",SeeMore Putter Company,"277 Mallory Station # 119, Franklin, Tennessee 37067, US",seemore.com,http://www.seemore.com,https://www.linkedin.com/company/seemore-putter-company,"Brentwood, TN, US",Brentwood,,TN ,US,SeeMore Putter Company,"CEO, co-owner, team leader",2006-09-01,Present,"SeeMore Putter Company CEO, Brand Consulting","SeeMore Putter CEO, Consultant, Speaker, Board Advisor",2009-01-01,Present,Gibson Musical Instruments,"Chief Marketing Officer, EVP Sales",1999-01-01,2002-01-01,Gibson Guitar,EVP Sales and Marketing,1999-01-01,2002-01-01,Odyssey Golf,"VP Sales, General Manager",1995-01-01,1999-01-01,Northwestern University - Kellogg School of Management,Master of Business Administration (M.B.A.),,,Stanford University,BA,,,"Golf,Sports,Sales,Leadership,Marketing,New Business Development,Start-ups,Marketing Strategy,Merchandising,Team Building,Management,Sports Marketing,Social Media,Entrepreneurship,Golf Courses,Sales Management,Public Speaking,Social Media Marketing,Brand Development,Advertising,Business Development,Strategic Partnerships,Golf Instruction,Event Planning,Sports Management,Event Management,Customer Service,Manufacturing,Marketing Communications,Strategic Planning,Time Management,Coaching,Sponsorship,Media Relations,Product Development,Budgets,Public Relations,Brand Management,Sales Operations,Social Networking,Trade Shows,Inventory Management,Online Marketing,Product Marketing,Email Marketing,Account Management,Retail,Sports Industry,Networking,Start Ups",,,"Northwestern Alumni, FORE Networking, Sports Industry Network, Alumni of the Ivy League: Ivy & Oxford Cambridge MIT Stanford Caltech Berkeley Chicago Northwestern, Network After Work - Nashville - Business/Professional Networking Events, Northwestern University Alumni, Salesforce.com / SaaS - Contract & Permanent Opportunities, Interactive Media Worldwide, LinkedGolfers, #1 Golf Networking Group Online, Sports Marketers, Sports Marketing and PR Pros, US Golf Leaders",,38,1959,cxo,,po,,,,,
69645405,Michael Barone,Michael,Barone,Verified emails found,2025-10-15 11:19:07.694843,mbarone@liveautomation.com,mbarone@liveautomation.com,michael.barone@gmail.com,"mbarone@liveautomation.com,michael.barone@gmail.com",,,978-422-0488,978-479-9125,"978-479-9125
1.9783653229
1.9788153678
9783653229
817-401-3324",(978) 365-3229,https://www.linkedin.com/in/liveautomike,,https://twitter.com/mikebar22,,,,,Founder and President,Live Automation Company,"106 Pratts Junction Rd, Sterling, Massachusetts 01564, US",liveautomation.com,https://www.liveautomation.com/,https://www.linkedin.com/company/live-automation-company,"Sterling, MA, US",Sterling,01564,MA ,US,Live Automation Company,Founder and President,2002-08-01,Present,,,,,,,,,,,,,,,,,Clarkson University,,,,Cushing Academy,,,,,,,,,23,1973,owner,C_suite,po,,,,,
16894995,Michelle Guetle,Michelle,Guetle,Verified emails found,2025-10-15 11:19:07.882827,mguetle@callard.com,mguetle@callard.com,,"mguetle@callard.com,michelleguetle@callard.com",,"michelle.guetle@vistage.com,michelle.geetly@vistage.com,michelle@vistage.com,michelleguetle@vistage.com,michellegeetly@vistage.com,mguetle@vistage.com,mgeetly@vistage.com,michelleg@vistage.com,michelle_guetle@vistage.com,michelle_geetly@vistage.com",614-595-3527,614-595-3527,"6145545095
6145688979
614.933.0303
800-970-3999
614-777-4216
614-339-3136
614-933-0303
614-933-0404
5034778413",(614) 933-0404,https://www.linkedin.com/in/michelleguetle,http://www.facebook.com/people/_/100000459780027,,,,,,CEO and Owner,The Callard Company,"811 Green Crest Drive Suite 300, Westerville, Ohio 43081, US",callard.com,https://www.callard.com/,https://www.linkedin.com/company/the-callard-company,"Westerville, OH, US",Westerville,,OH ,US,The Callard Company,CEO and Owner,2009-07-01,Present,The Callard Company,"EVP, Business Development",2002-02-01,2009-06-01,"Vistage Worldwide, Inc.",Member,2022-03-01,Present,Axis Group,Executive Vice President,2001-01-01,2002-02-01,,,,,The Ohio State University,Journalism,,,,,,,"Team Leadership,Direct Marketing,Donor Recognition,Advertising,Employee Recognition,Marketing Communications,Incentive Programs,Leadership,Sales Management,Account Management,Retail,Marketing,Trade Shows,Strategic Planning,Business Development,Sales,Social Media Marketing,Corporate Gifts,B2B,Marketing Strategy,New Business Development,Online Retail,Online Company Stores,Promotions,Uniform Programs",,,,,24,1970,owner,C_suite,po,,,,,
7317427,Paul Mahan,Paul,Mahan,Verified emails found,2025-10-15 11:19:08.101741,paulmahan@gmail.com,paul.mahan@outdoorcap.com,paulmahan@gmail.com,,"paulmahan@gmail.com,paul.mahan@outdoorcap.com",pmahan@outdoorcap.com,4792717711,,"4792735870
4793667437
6267745721",,https://www.linkedin.com/in/paul-mahan-7124237,,,,,,,Founder,Outdoor Cap Company,"1201 Melissa Drive, Bentonville, Arkansas 72712, US",outdoorcap.com,http://outdoorcap.com,https://www.linkedin.com/company/outdoor-cap-company,"Bentonville, AR, US",Bentonville,,AR ,US,Outdoor Cap Company,Founder,1976-10-01,Present,Outdoor Cap,Owner,1976-10-01,1976-10-01,,,,,,,,,,,,,University of Arkansas,,,,,,,,"CAP,Retail Sales,Marketing",,,,,49,1954,owner,C_suite,po,,,,,
82326276,Geoffrey Négiar,Geoffrey,Négiar,Verified emails found,2025-10-15 11:19:08.296548,geoff@theforecastingcompany.com,geoff@theforecastingcompany.com,,"geoff@theforecastingcompany.com,geoffrey@theforecastingcompany.com",,,5104232798,5104232798,,,https://www.linkedin.com/in/geoffrey-negiar,,,,,,,Co-Founder,The Forecasting Company,"San Francisco, California, US",theforecastingcompany.com,https://www.theforecastingcompany.com,https://www.linkedin.com/company/the-forecasting-company,"Berkeley, CA, US",Berkeley,,CA ,US,The Forecasting Company,Co-Founder,2024-05-01,Present,Berkeley Lab,Graduate Student Researcher,2022-08-01,2023-08-01,ICSI - International Computer Science Institute,Graduate Student Researcher,2020-08-01,2023-08-01,UC Berkeley,PhD Student,2017-08-01,2023-08-01,UC Berkeley,Visiting Researcher,2017-03-01,2017-08-01,Y Combinator,,,,"University of California, Berkeley",Doctor of Philosophy - PhD,,,,,,,,7,1986,owner,C_suite,po,,,,,
238427009,Philip Brandes,Philip,Brandes,Verified emails found,2025-10-15 11:19:08.479260,philipb@bravus.com,philipb@bravus.com,philipbrandes@gmail.com,"philipb@bravus.com,philip@bravus.com",philipbrandes@gmail.com,,8056870294,,9498923120,(949) 617-3770,https://www.linkedin.com/in/philip-brandes123,,,,,,,Founder,Bravus Brewing Company,"1931 E Wright Cir Ste A, Anaheim, California 92806, US",bravus.com,http://www.bravus.com,https://www.linkedin.com/company/bravusbrewco,"California, United States",,,CA ,US,Bravus Brewing Company,Founder,2015-10-01,Present,Bravus Brewing Company,Founder,2014-06-01,Present,,,,,,,,,,,,,UC Santa Barbara,,,,,,,,"Food & Beverage,Brewing,Brand Awareness",,,,,11,1974,owner,C_suite,po,,,,,
370570651,Brady Duncan,Brady,Duncan,Verified emails found,2025-10-15 11:19:08.655455,bradyduncan@gmail.com,brady.duncan@madtreebrewing.com,bradyduncan@gmail.com,bradyduncan@gmail.com,brady.duncan@madtreebrewing.com,brady@madtreebrewing.com,5135496519,,,(513) 836-8733,https://www.linkedin.com/in/brady-duncan-60320b209,,,,,,,Co-Founder,MadTree Brewing Company,"3301 Madison Rd, Cincinnati, Ohio 45209, US",madtree.com,https://madtree.com,https://www.linkedin.com/company/madtree-brewing-llc,"Cincinnati, OH, US",Cincinnati,,OH ,US,MadTree Brewing Company,Co-Founder,,Present,,,,,,,,,,,,,,,,,The University of Alabama,Master of Business Administration - MBA,,,University of Dayton,,,,,,,,,,1982,owner,C_suite,po,,,,,
33507157,Gina Hopkins,Gina,Hopkins,Verified emails found,2025-10-15 11:19:08.840486,ginahopkins@gmail.com,hopkinsg@hopkinscpas.com,ginahopkins@gmail.com,,"ginahopkins@gmail.com,hopkinsg@hopkinscpas.com,gina_hopkins@hopkinscpas.com",,6784880977,6784880977,"6782352698
4043550321",,https://www.linkedin.com/in/gina-hopkins-44436a9,,,,,,,Founder and CEO,Hopkins and Company,"Georgia, US",hopkins-co.com,http://hopkins-co.com,https://www.linkedin.com/company/hopkins-&-company,"Atlanta, GA, US",Atlanta,30303,GA ,US,Hopkins and Company,Founder and CEO,2002-06-01,Present,,,,,,,,,,,,,,,,,Germanna Community College,,,,,,,,"Strategic Communications,Strategic Planning,Marketing Strategy,Hospitality,Training & Development,Community Engagement,Business Development,Leadership,Event Management,Customer Service,Marketing,Public Speaking,Team Building,Project Management",,,,,23,1970,owner,C_suite,po,,,,,
8637900,Keith Villa,Keith,Villa,Verified emails found,2025-10-15 11:19:09.039184,thebeerdoc@aol.com,keith.villa@ceriabrewing.com,thebeerdoc@aol.com,thebeerdoc@aol.com,"keith.villa@ceriabrewing.com,keith.villa@donavonbrewing.com",keithvilla@ceriabrewing.com,3034249445,,,,https://www.linkedin.com/in/keith-villa-4441189,http://www.facebook.com/people/_/1751361932,http://www.twitter.com/BlueMoonFounder,,,,,"Co-Founder, Co-Owner",CERIA Brewing Company,"Arvada, Colorado 80005, US",ceriabrewing.com,http://www.ceriabrewing.com,https://www.linkedin.com/company/ceria-brewing-company,"Arvada, CO, US",Arvada,,CO ,US,CERIA Brewing Company,"Co-Founder, Co-Owner",2018-01-01,Present,Donavon Brewing Company,Brewmaster and Co-Founder,2018-07-01,Present,Brewing With Cannabis;   Using THC and CBD in Beer,Author,2021-01-01,2021-12-01,Blue Moon Brewing Company,Master Brewer and Founder Blue Moon Brewing Company,1995-09-01,2018-01-01,Molson Coors Brewing Company,Master Brewer,2005-01-01,2008-01-01,Vrije Universiteit Brussel,Doctorate,,,,,,,"Product Development,Beer,Brewing,Food,Alcoholic Beverages,Beverage Industry,Product Innovation,Wine,Sensory Evaluation,Consumer Products,HACCP,FMCG,Fermentation,GMP,Food Safety,Food Industry,Direct Store Delivery,Supply Chain,Craft Beer,Food Science,Key Account Development,Food Processing,IRI,Grocery,National Accounts,Food Microbiology,Brewery,Food & Beverage,Shopper Marketing,Food Service,Food Manufacturing,Food Technology,Ingredients,TPM,Wine Tasting,Packaging,Food Pairing,Catering,Inventory Management,Management,Business Development,Food and Beverage,Entrepreneurship",,,"SupplySide, American HomeBrewers Association, Craft Brewing Industry, Draught Beer League, Belgian Beer Fans, Cannabis Medical Insider, Beer Wine Spirits Network, VLB Berlin, International Trends in Brewing Symposium, Wine, Beer, Spirits and Beverage Producers, Importers and Distributors, Brewbound Craft Beer Business Group, Beer Industry Members",,30,1962,owner,C_suite,po,,,,,
26269276,Ryan Hutton,Ryan,Hutton,Verified emails found,2025-10-15 11:19:09.366433,ryan.a.hutton@gmail.com,,ryan.a.hutton@gmail.com,"ryan.a.hutton@gmail.com,w00theyyou@gmail.com",,,2526464366,2526464366,7036847702,,https://www.linkedin.com/in/ryanhuttonmba,http://www.facebook.com/w00theyyou,,,,,,Founder and President,Epic Painting Company,"3060 Williams Dr, Fairfax, Virginia 22031, US",epicpaintingco.com,https://www.epicpaintingco.com,https://www.linkedin.com/company/epic-painting-company-llc,"Fairfax, VA, US",Fairfax,,VA ,US,Epic Painting Company,Founder and President,2024-03-01,Present,Rohan Commercial Painting,President,2022-10-01,2024-03-01,Rohan Commercial Painting,Vice President,2020-02-01,2022-10-01,"Tech Painting Co., Inc.",Commercial Sales Manager,2015-10-01,2020-02-01,Sherwin-Williams Paints,"Large Volume Store Manager, Training Store",2013-04-01,2015-10-01,Liberty University,Master of Business Administration (MBA),,,Liberty University,Bachelor of Science (B.S.),,,"Leadership,Team Building,PowerPoint,Public Speaking,Windows,Sales,Teaching,Photoshop,English,Negotiation,Strategic Planning,Sales Management,Outlook,HTML,Microsoft Office,Relationship Building,Microsoft Word,Operations Management,Microsoft Excel,Training,Editing,Customer Service,Budgets,Management,Research",,,,,17,1986,owner,C_suite,po,,,,,
26566281,Arash Hashemi,Arash,Hashemi,Verified emails found,2025-10-15 11:19:09.530754,arashumass@gmail.com,arash@kaizenfoodcompany.com,arashumass@gmail.com,"arashumass@gmail.com,pasta@kaizenfoodcompany.com",arash@kaizenfoodcompany.com,,4136877724,4136877724,,,https://www.linkedin.com/in/hashemiarash,https://facebook.com/arash413,,,,,https://quora.com/arash-hashemi,Co-Founder,Kaizen Food Company,,kaizenfoodcompany.com,https://kaizenfoodcompany.com/,https://www.linkedin.com/company/kaizen-food-company,"California, United States",,,CA ,US,Kaizen Food Company,Co-Founder,2021-01-01,Present,ShredHappens,Creator and Influencer,2017-09-01,Present,RH,"Senior Director, Strategy and Finance",2021-01-01,2022-06-01,Almond Love With... Foods,Founder,2019-09-01,2022-01-01,GE,"Global Cash Leader, GE Aerospace",2016-06-01,2017-10-01,University of Massachusetts Amherst,,,,,,,,"Leadership,Aviation,Microsoft Excel,Cash,Supply Chain,Finance,Sales,Business Strategy,Managerial Finance,Risk Management,Internal Controls,Revenue Recognition,Mergers,Cost Accounting,Acquisition Integration,Internal Audit",,,,,16,1987,owner,C_suite,po,,,,,
3986868,Jay Davis,Jay,Davis,Verified emails found,2025-10-15 11:19:09.715469,jay.davis@thenashtoncompany.com,jay.davis@thenashtoncompany.com,jaymdavis@gmail.com,"jay.davis@thenashtoncompany.com,jaymdavis@gmail.com",,"jay.davis@tiredisposal-recycling.com,jdavis@tiredisposal-recycling.com",6154173340,6154173340,5012800220,,https://www.linkedin.com/in/jay-davis-289a633,,,,,,,Co-Founder,The Nashton Company,"10 Burton Hills Blvd, Nashville, Tennessee 37215, US",thenashtoncompany.com,http://www.thenashtoncompany.com,https://www.linkedin.com/company/the-nashton-company,"Nashville, TN, US",Nashville,,TN ,US,The Nashton Company,Co-Founder,,Present,The Nashton Company,Co-Founder,2008-06-01,Present,Compounding Labs,Co-Founding Partner,,Present,Compounding Labs,Co-Founding Partner,2020-06-01,Present,Tire Disposal and Recycling,Board Member,,Present,Harvard Business School,,,,Vanderbilt University,,,,"Business Process,Negotiation,Cash Flow,Business Planning,Internal Audits,Sales,Business Strategy,Microsoft Office,Customer Service,Strategy,Public Speaking,Change Management,Entrepreneurship,Business Development,Mergers and Acquisitions,Investments,Executive Management,Venture Capital,Management",,,Harvard Business School Alumni (Official),,21,1979,owner,C_suite,po,,,,,
80532980,Anthony Mello,Anthony,Mello,Verified emails found,2025-10-15 11:19:09.909002,anthony@wholesomenutcompany.com,anthony@wholesomenutcompany.com,anthonymello@gmail.com,anthony@wholesomenutcompany.com,anthonymello@gmail.com,,2098403120,,,(209) 226-9617,https://www.linkedin.com/in/anthony-mello-68b0aa16a,,,,,,,CEO and Founder,Wholesome Nut Company,"240 Bunker Ave, Modesto, California 95351, US",wholesomenutcompany.com,https://wholesomenutcompany.com/,https://www.linkedin.com/company/wholesome-nut-company,"Stockton, CA, US",Stockton,,CA ,US,Wholesome Nut Company,CEO and Founder,2016-01-01,Present,"GoldRiver Orchards, Inc.",CFO,2008-08-01,2014-08-01,US Ag Exchange,CEO and Founder,2017-01-01,Present,Almond Ace Packing,CEO,2014-08-01,2016-04-01,,,,,United States Military Academy at West Point,,,,California State University-Sacramento,,,,,,,,,17,1972,owner,C_suite,po,,,,,
2099505,Don Colbert,Don,Colbert,Verified emails found,2025-10-15 11:19:10.089331,dcolber1@aol.com,,dcolber1@aol.com,dcolber1@aol.com,cellofire93@yahoo.com,,443-340-1236,443-340-1236,"443-340-6080
503-799-1274
410-552-4797
410-549-4845",(706) 739-5594,https://www.linkedin.com/in/don-colbert-90803946,http://www.facebook.com/people/_/1628567545,,,,,,"CEO, Founder",HOSS Boot Company,"1755 Enterprise Dr Suite D, Buford, Georgia 30518, US",hossboots.com,http://hossboots.com,https://www.linkedin.com/company/hossbootco,"Cumming, GA, US",Cumming,,GA ,US,HOSS Boot Company,"CEO, Founder",2018-01-01,Present,Footwear Specialties International,Executive Vice President,2004-01-01,2018-01-01,Shanes Safety Footwear,Sales Manager,1999-06-01,2003-12-01,Track N Trail,District Sales Manager,1998-03-01,1999-05-01,Stride Rite,District Sales Manager,1991-01-01,1997-12-01,Holy Cross,,,,,,,,"Microsoft Excel,Microsoft Word,PowerPoint,Customer Service,Research,Photoshop,English,Outlook,Windows,Teaching,HTML,Merchandising,Retail,Public Speaking,Sales,Negotiation,Inventory Management,Strategic Planning,Marketing Strategy,Product Development,Team Building,Budgets,Sales Operations,Sales Management,Forecasting,New Business Development,Account Management,Marketing,Management,Business Development,Microsoft Office",,,"Social Media Marketing 2.1, Environmental Health & Safety Professionals (50,000 members+), Key Account Managers, Footwear Industry, LATIN AMERICA, CARIBBEAN - SOUTH & CENTRAL AMERICA - Business, Management, Executives and Jobs, TRADING WITH LATIN AMERICA EXPORT & IMPORT, Worldwide Footwear Sourcing Network, Safety shoes-Safety boots-Safety footwear-Work shoes-Goodyear welt, Social Media Marketing, Footwear News, safety & security shoes, Manufacturer Reps, Marketing Executive Network- CMO Strategy, Digital Marketing, Social Media, Mobile, Email, Analytics, Key Account Managers Club",,34,1962,cxo,C_suite,po,,,,,
239503281,Sean Rawson,Sean,Rawson,Verified emails found,2025-10-15 11:19:10.273800,sean_rawson@hotmail.com,srawson@waterfordco.com,sean_rawson@hotmail.com,sean_rawson@hotmail.com,srawson@waterfordco.com,sean@waterfordco.com,9492893438,9492893438,"5624389516
7148469607",(949) 529-3530,https://www.linkedin.com/in/sean-rawson-a624883,,,,,,,Co-Founder,Waterford Property Company,"100 Bayview Circle Suite 4500, Newport Beach, California 92660, US",waterfordco.com,http://www.waterfordco.com,https://www.linkedin.com/company/waterfordpropertyco,"Newport Beach, CA, US",Newport Beach,,CA ,US,Waterford Property Company,Co-Founder,2013-01-01,Present,St. Anton Communities,Southern California President,2010-03-31,2013-07-31,O'Donnell/Atkins,Vice President,2004-12-31,2008-08-31,California State Assembly,Jesse Unruh Assembly Policy Fellow,2003-12-31,2004-11-30,"The Concord Group, LLC",Vice President,2001-03-31,2003-11-30,"University of California, Irvine - The Paul Merage School of Business",Master of Business Administration,,,Claremont McKenna College,Bachelor of Arts,,,Affordable Housing Expert and Multifamily Development Expert,,,,,22,1978,owner,C_suite,po,,,,,
7704619,Igor Boguslavsky,Igor,Boguslavsky,Verified emails found,2025-10-15 11:19:10.450993,iboguslavsky@belmont-trading.com,iboguslavsky@belmont-trading.com,igorbog60@gmail.com,"iboguslavsky@belmont-trading.com,igorbog60@gmail.com",,,8478778135,8478778135,"3129519485
8474129690
7864634076
3129510000
8475819201
8473170510
8478355162
8479260286
8472790214
8472790339
3126640000",(847) 412-9690,https://www.linkedin.com/in/igorboguslavsky,https://facebook.com/igor.boguslavsky.7,,,,,,"Founder, CEO, Owner",Belmont Trading Company,"555 Huehl Rd, Northbrook, Illinois 60062, US",belmont-trading.com,http://www.belmont-trading.com,https://www.linkedin.com/company/belmont-trading,"Northbrook, IL, US",Northbrook,60062,IL ,US,Belmont Trading Company,"Founder, CEO, Owner",1988-04-01,Present,USRobotics,Purchasing Manager,1982-01-01,1985-01-01,,,,,,,,,,,,,Illinois Institute of Technology,,,,,,,,"Business Development,Business Strategy,Contract Negotiation,Environmental Management Systems,Management,New Business Development,Recycling,Sales Management,Strategic Planning,Web Development,Marketing Strategy,Operations Management,Sales,Project Management,Start-ups,Team Leadership,Strategy,Customer Service,Start Ups,Supply Chain Management,Entrepreneurship,Procurement,Microsoft Office,Leadership,Purchasing,Marketing,Negotiation",,,,,40,1960,owner,C_suite,po,,,,,
65946381,Michael Costa,Michael,Costa,Verified emails found,2025-10-15 11:19:10.667046,mike@seanetco.com,mike@seanetco.com,michaelcosta@gmail.com,mike@seanetco.com,michaelcosta@gmail.com,,9492738232,,"9492449025
9497641718",,https://www.linkedin.com/in/michael-costa-b87768a,,,,,,,Founder and CEO,SeaNet Company Inc.,"3424 Via Oporto, 204, Newport Beach, California 92663, US",seanetco.com,http://www.seanetco.com,https://www.linkedin.com/company/seanet-company-inc-,"Newport Beach, CA, US",Newport Beach,,CA ,US,SeaNet Company Inc.,Founder and CEO,2003-04-01,Present,SeaNet Company,President,2003-04-01,2025-03-01,Vision Digital Communications,President,1994-10-01,2002-03-01,Bear Stearns,Broker,1992-07-01,1994-09-01,,,,,University of Southern California,BSBA,,,,,,,"Start-ups,Business Strategy,Marketing Strategy,Entrepreneurship,Leadership,Yachting,Strategic Planning,Marketing,Management,New Business Development,Customer Service,Small Business,Social Media Marketing,Contract Negotiation,Public Relations,Negotiation,Online Marketing,Strategic Partnerships,E-commerce,Business Planning,Sales Management,Social Media,Sales,Business Development,Sellers,Real Estate,Relocation,Start Ups,E Commerce,Single Family Homes",,,,,32,1968,owner,C_suite,po,,,,,
1122106,Kevin Wright,Kevin,Wright,Verified emails found,2025-10-15 11:19:10.854479,kevin@buildwithyard.com,kevin@buildwithyard.com,jkevinwright@gmail.com,"kevin@buildwithyard.com,jkevinwright@gmail.com,kwright1747@gmail.com",,,5133127355,5133127355,"5134261104
5133781826
5137331499",,https://www.linkedin.com/in/jkevinwright,,,,,,,Co-Founder and Principal,YARD & Company,"151 W. 4th St, Cincinnati, Ohio 45202, US",buildwithyard.com,http://www.buildwithyard.com,https://www.linkedin.com/company/buildwithyard,"Cincinnati, OH, US",Cincinnati,,OH ,US,YARD & Company,Co-Founder and Principal,2018-04-01,Present,Walnut Hills Redevelopment Foundation,Executive Director,2011-10-01,2018-04-01,NeighborWorks America,Community Scholar and Project Manager,2010-06-01,2011-10-01,UrbanCincy.com,Freelance Writer,2010-05-01,2011-05-01,Wendell Young for City Council,Volunteer Communications Manager,2009-08-01,2009-11-01,University of Cincinnati,Masters,,,Missouri State University,B.A.,,,"Economic Development,Public Speaking,Public Relations,Media Relations,Public Policy,Real Estate,Team Management,Community Development,Urban Planning,Research,Editing,Community Outreach,Social Media,Grant Writing,Non-profits,Nonprofits,Social Media Marketing,Leadership,Strategic Planning,Fundraising,Press Releases,Non Profits",,,,,23,1983,owner,C_suite,po,,,,,
46964899,Eric Schmalzbauer,Eric,Schmalzbauer,Verified emails found,2025-10-15 11:19:11.055683,eric@prospective.dev,eric@prospective.dev,erschmal@yahoo.com,"eric@prospective.dev,erschmal@yahoo.com",,,2019572108,8452220819,"2012220819
8452220819",,https://www.linkedin.com/in/ericschmalzbauer,,https://twitter.com/eschmalzbauer,,,,,"CEO, co-founder",The Prospective Company,"New York, New York 10002, US",prospective.co,https://prospective.co/,https://www.linkedin.com/company/prospective-company,"New York, NY, US",New York,,NY ,US,The Prospective Company,"CEO, co-founder",2022-09-01,Present,REFASHIOND Ventures,Venture Partner,2021-07-01,Present,Artium,"Vice President, Strategy and Innovation",2021-04-01,2022-07-01,SIX Digital Exchange,Head of US Clients and Product,2020-04-01,2021-04-01,DrumG Technologies,Chief Product Officer,2018-10-01,2020-04-01,NYU Stern School of Business,,,,Syracuse University,,,,"Securities,Swaps,Business Development,Fixed Income,Market Data,Equities,FX Options,Credit Derivatives,Trading Systems,Bloomberg,Derivatives,Agile Methodologies,Financial Services,Asset Managment,Interest Rate Derivatives,Customer Service,Product Development,Commodity,Strategic Planning,Middle Office,Electronic Trading,Development,Proprietary Trading,Product Management,Engineering,Financial Markets,Structured Products,Business Analysis,Hedge Funds,Low Latency,Cloud,Social Media Marketing,Sales,Reference Data,Portfolio Management,Trading,Equity Derivatives,Capital Markets,Marketing,Private Equity,Bonds",,,,,22,1976,cxo,C_suite,po,,,,,
119230098,Jeff Graves,Jeff,Graves,Verified emails found,2025-10-15 11:19:11.259069,jeffgraves@theorientationcompany.com,jeffgraves@theorientationcompany.com,jeffreybgraves@mac.com,"jeffgraves@theorientationcompany.com,jeffreybgraves@mac.com","jefgra@aol.com,jefgra5034@aol.com",,4049430108,9726681625,9726681625,(214) 296-2699,https://www.linkedin.com/in/jeffbgraves,,,,,,,Founder,The Orientation Company,"5 Cowboys Way suite 300 i, Frisco, Texas 75034, US",theorientationcompany.com,http://theorientationcompany.com,https://www.linkedin.com/company/the-orientation-company,"Texas, United States",,,TX ,US,The Orientation Company,Founder,2018-01-01,Present,Briar Oaks Ranch,Partner,2017-08-01,Present,Brown & Brown Insurance,Vice President,2017-01-01,2019-01-01,"Hodges-Mace, LLC","Principal, Executive Vice President of Sales and Strategy",2011-01-01,2017-06-01,Jumping Vines Wine,Owner,2010-06-01,2017-06-01,Radford University,Bachelor of Science - BS,,,,,,,"Performance Improvement,Call Centers,Business Strategy,Entrepreneurship,Corporate Communication,Employee Benefits Design,Executive Leadership,New Business Development,Client Relationships,Brokers,Critical Illness,Strategic Leadership,Strategic Planning,Vision,Strategic Growth,Executive Team Alignment,Team Building,Sales Leadership,Voluntary Employee Benefits,Cross-functional Team Leadership",,,,,34,1964,owner,C_suite,po,,,,,
3148812,Daniel Shoaf,Daniel,Shoaf,Verified emails found,2025-10-15 11:19:11.436427,dshoaf@thedavincico.com,dshoaf@thedavincico.com,hercdrvrwo@gmail.com,"dshoaf@thedavincico.com,hercdrvrwo@gmail.com",,,3362533755,3362533755,"2166420245
2167505152",,https://www.linkedin.com/in/danshoaf,,,,,,,Chief Executive Officer and Owner,The DaVinci Company,"300 N Greene St 2190, Greensboro, North Carolina 27401, US",thedavincico.com,https://thedavincico.com/,https://www.linkedin.com/company/the-davinci-company,"North Carolina, United States",,27701,NC ,US,The DaVinci Company,Chief Executive Officer and Owner,2021-11-01,Present,DaVinci Aerospace,Chief Executive Officer and Owner,2018-04-01,2023-09-01,Piedmont Aviation Component Services,"Director, Defense Group",2016-11-01,2018-06-01,"Avtron Aerospace, Inc.","Director, Military and Regional Sales and Marketing",2014-11-01,2016-11-01,Merlin RAMCo Inc.,"Site Manager, PSAB and C-130 Evaluator and FCF Pilot",2014-02-01,2014-11-01,Duke University,Project Management Certificate Program,,,USAF Air Command and Staff College,,,,"Air Force,Command,Military Operations,Aviation,DoD,Aerospace,Intelligence,Aircraft,Leadership,Program Management,Weapons,Tactics,Information Assurance,Electronic Warfare,Project Management,Government Contracting,Combat,Team Building,Strategic Planning,Joint Military Operations,Customer Service,Weapons & Tactics Instructor,Command & Control,Microsoft Excel,Microsoft Word,PowerPoint,Continuous Improvement,Active DoD Top Secret Clearance,Negotiation,Sales,Marketing,Active Top Secret Security Clearance,Business Development,U.S. Department of Defense,Sales Management,Account Management,Management,Security Clearance,Exercises,USAF Weapons School,Instructor Certified,Instructor School - C-130,USAF Advanced Instrument School,Squadron Officer School,Contractor,Test and Evaluation,Air Command and Staff College,Defense Contracting,Strategy,Business Strategy,C 130,Air Command and Staff,Weapons and Tactics Instructor,Active Dod Top Secret,Active Top Secret,Weapons and Tactics,Usaf Advanced,Command and Control,Joint Military",,,"Top Transitioning Military Talent, North Carolina Veterans Networking Group, Professional Pilot Employment Search, US Military Veterans Network, Small Business Network: Startups & Entrepreneurs talk Social Media Marketing Startup Jobs Sales PR, Aviation Jobs, The University of North Carolina at Greensboro Alumni, U.S. Air Force Officers, Military-to-Civilian Transitioners, VFW, United States Air Force Veteran, UNCG Spartans Network, Veteran Mentor Network, AerospaceOhio (tm)",,13,1980,cxo,C_suite,po,,,,,
234287034,Adam Hancock,Adam,Hancock,Verified emails found,2025-10-15 11:19:11.621970,adam@thesunshinestatecompany.com,adam@thesunshinestatecompany.com,ahancock08@gmail.com,"adam@thesunshinestatecompany.com,ahancock08@gmail.com,adamh@adamhancockgroup.com",adam@adamhancockgroup.com,,8137587848,8137587848,"8133131800
9413793265",,https://www.linkedin.com/in/adam-hancock-realtor,https://facebook.com/adam.hancock.106,,,,,,Founder and CEO,Sunshine State Company,"1515 Ringling Bvd STE 240, Sarasota, Florida 34236, US",thesunshinestatecompany.com,https://www.thesunshinestatecompany.com/,https://www.linkedin.com/company/sunshine-state-company,"Sarasota, FL, US",Sarasota,34236,FL ,US,Sunshine State Company,Founder and CEO,2021-07-01,Present,Adam Hancock Group,Founder and CEO,2020-08-01,Present,IFCO SYSTEMS,"Manager, Financial Planning and Analysis",2016-04-01,2019-01-01,IFCO SYSTEMS,"Manager, Forecasting and Financial Systems",2016-06-01,2017-09-01,Various Companies,Finance and Analytics,2009-09-01,2016-06-01,University of West Florida - College of Business,B.S.B.A,,,,,,,,,,,,14,1987,owner,C_suite,po,,,,,
1188989,Francis Davidson,Francis,Davidson,Verified emails found,2025-10-15 11:19:11.807493,francis.davidson@live.com,,francis.davidson@live.com,francis.davidson@live.com,,,6173000956,,"1.4383900556
2038292983",,https://www.linkedin.com/in/francisdavidson,,,,https://www.crunchbase.com/person/francis-davidson-2,http://www.angel.co/francis-davidson,,Founder,Stealth AI Company,,,,https://www.linkedin.com/company/stealth-uae,"San Francisco, CA, US",San Francisco,,CA ,US,Stealth AI Company,Founder,2025-09-01,Present,Sonder Inc.,"Co-Founder, CEO",2014-01-01,2025-06-01,Sequoia Capital,Scout,2018-01-01,2021-01-01,,,,,,,,,McGill University,,,,,,,,"Entrepreneurship,Leadership,Strategy,Marketing,Investments,Business Development,Business Strategy,Program Management,Strategic Planning,Research,Startups",,,,,11,1992,owner,C_suite,po,,,,,
5530668,Forrest Clark,Forrest,Clark,Verified emails found,2025-10-15 11:19:11.964477,forrest@zilkerbeer.com,forrest@zilkerbeer.com,svern2000@hotmail.com,"forrest@zilkerbeer.com,svern2000@hotmail.com",,,5126958078,,"5127515865
5127654946
3195304283
3193514477",(877) 616-2285,https://www.linkedin.com/in/forrestclark,,,,,,,Co-Founder,Zilker Brewing Company,"1701 E 6th St, Austin, Texas 78702, US",zilkerbeer.com,http://www.zilkerbeer.com,https://www.linkedin.com/company/zilker-brewing-company,"Austin, TX, US",Austin,,TX ,US,Zilker Brewing Company,Co-Founder,2012-10-01,Present,International Business Machines,Senior IT Consultant,2010-07-01,2014-09-01,IBM,Advisory Information Technology Specialist,2007-01-01,2010-06-01,IBM,Tivoli Enterprise Systems Management Engineer,2003-01-01,2006-12-01,IBM Tivoli Software,Tivoli Enterprise Systems Management Analyst,2000-09-01,2002-12-01,The University of Texas at Austin - The Red McCombs School of Business,Bachelor of Business Administration,,,,,,,"Tivoli,Cloud Computing,Virtualization,Scripting,Linux,Operating Systems,Automation,VMware,AIX,Tivoli Service Automation Manager,Tivoli Provisioning Manager,IBM SmartCloud Provisioning,IBM SmartCloud Enterprise,Provisioning,Customer Satisfaction,Problem Solving,Technical Sales Consulting,Technical Sales Presentations,Enterprise Architecture,Solution Architecture,Shell Scripting,Infrastructure-as-a-Service(IaaS),Unix,Netcool,Creative Problem Solving,Big Data,Hadoop,Brewing,Fermentation,System Deployment,Red Hat Linux,Enterprise Software,Unix Shell Scripting,IBM Tivoli,Oracle,WebSphere Application Server,Systems Management,Apache,Security,Websphere,IT Service Management,Troubleshooting,Pre-sales,Testing,Web Services,MySQL,High Availability,Disaster Recovery,ITIL,IT Strategy,International Business,Infrastructure As A Serviceiaas,Software,Pre Sales,Infrastructure as a Service",,,,,26,1977,owner,C_suite,po,,,,,
26763188,Travis Stabler,Travis,Stabler,Verified emails found,2025-10-15 11:19:12.175051,ts@rivingtoncompany.com,ts@rivingtoncompany.com,travisstabler@gmail.com,"ts@rivingtoncompany.com,travisstabler@gmail.com,travis.stabler@gmail.com",,,917-847-9935,917-847-9935,"9172799555
1.2124753826
6463558717",(646) 866-0021,https://www.linkedin.com/in/travis-stabler-6013672,https://facebook.com/travis.stabler,,,,,,Founder and Principal,Rivington Company,"107 Rivington St, New York, New York 10002, US",rivingtoncompany.com,http://www.rivingtoncompany.com,https://www.linkedin.com/company/rivington-company,"New York, NY, US",New York,,NY ,US,Rivington Company,Founder and Principal,2014-10-01,Present,Quinlan Development Group,Real Estate,2013-02-01,2014-11-01,Washington Square Properties,Independent Consultant,2009-03-01,2011-12-01,Edison Properties,Development Associate,2006-10-01,2009-03-01,Lincoln Property Company,Development Associate,2004-08-01,2006-09-01,Columbia Business School,Master of Business Administration,,,NYU Stern School of Business,Bachelor of Science,,,"Estate Planning,Real Estate Economics,Leases,Valuation,Portfolio Management,Financial Modeling,Investments,Finance,Real Estate Financing,Real Estate Investment,Real Estate Development,Asset Managment,Tenant,Acquisitions,Construction,Real Estate,Property,Asset Management,Real Estate Finance,Financial Analysis,Real Estate Transactions,Private Equity,Design,Due Diligence,Commercial Real Estate,Mergers and Acquisitions,Investment Properties,Value Engineering,Property Management",,,,,21,1977,owner,C_suite,po,,,,,
17270416,Jeffrey House,Jeffrey,House,Verified emails found,2025-10-15 11:19:12.377687,jeffreyhouse@gmail.com,,jeffreyhouse@gmail.com,,jeffreyhouse@gmail.com,,7075089127,,"7078291101
1.7078291101
7075660194
7078295599
7078291223
7072878767
4154999463
7078291157
4154921049
3479927966
6625543137",(707) 829-1101,https://www.linkedin.com/in/jeffrey-house-33900a31,https://facebook.com/jeffrey.house3,,,,,,Founder,California Cider Company,"2064 Gravenstein Hwy. N Building 4, Sebastopol, California 95472, US",acecider.com,http://www.acecider.com,https://www.linkedin.com/company/california-cider-company,"Sebastopol, CA, US",Sebastopol,95472,CA ,US,California Cider Company,Founder,1994-04-01,Present,Thames America Trading Company,President,1980-01-01,2009-01-01,,,,,,,,,,,,,The University of Sheffield,BA,,,University of Westminster,Diploma in Marketing,,,"Sales Management,Marketing Strategy,Strategic Planning,New Business Development,Budgets,Retail,Negotiation,Customer Service,Marketing,Inventory Management,Team Building,Social Media,Forecasting,Marketing Communications,Key Account Development,Social Media Marketing,Distributors,Budgeting",,,,,45,1950,owner,C_suite,po,,,,,
100895597,Andrew Heuerman,Andrew,Heuerman,Verified emails found,2025-10-15 11:19:12.585390,aheuerman@gmail.com,,aheuerman@gmail.com,"aheuerman@gmail.com,waffmula1116@gmail.com,adamscior@yahoo.com",,"andrew@betterpatienttransfers.com,andrew.heuerman@betterpatienttransfers.com,aheuerman@betterpatienttransfers.com",248-625-8256,248-625-8256,"248-766-3681
248-625-8259",,https://www.linkedin.com/in/andrew-heuerman,,https://twitter.com/i/user/1058739950852694019,,,,,Founder and CEO,The Patient Company,"2929 N 70th St, Scottsdale, Arizona 85251, US",betterpatienttransfers.com,http://www.betterpatienttransfers.com,https://www.linkedin.com/company/the-patient-company,"Scottsdale, AZ, US",Scottsdale,,AZ ,US,The Patient Company,Founder and CEO,2019-07-31,Present,Grand Valley State University,Co-Facilitator,2017-06-30,2019-11-30,Spectrum Health,Product Manager,2016-07-31,2019-07-31,applied Medical Device Institute - Grand Valley State University,Business Analyst,2016-05-31,2016-08-31,,,,,Central Michigan University,,,,Grand Valley State University,,,,"Time Management,Public Speaking,Entrepreneurship,Team Leadership,Team Building,Team Management,Team Motivation,Sports,Communication,People Skills,Technical Writing,Report Writing,Exercise Physiology,Exercise Prescription,Tennis Instruction,Grant Writing,Fundraising,Healthcare,Leadership",,,,,9,1994,owner,C_suite,po,,,,,
240454019,Jason Pananos,Jason,Pananos,Verified emails found,2025-10-15 11:19:12.785157,jp@thenashtoncompany.com,jp@thenashtoncompany.com,jason_pananos@yahoo.com,"jp@thenashtoncompany.com,jason_pananos@yahoo.com,jpananos@hbs.edu",,,413-265-0702,413-265-0702,617-262-1010,,https://www.linkedin.com/in/jason-pananos-50b74b3,http://www.facebook.com/people/_/679155912,https://twitter.com/i/user/593989120,,,,,Co-Founder,The Nashton Company,"10 Burton Hills Blvd, Nashville, Tennessee 37215, US",thenashtoncompany.com,http://www.thenashtoncompany.com,https://www.linkedin.com/company/the-nashton-company,"Longmeadow, MA, US",Longmeadow,,MA ,US,The Nashton Company,Co-Founder,2017-06-01,Present,Harvard Business School,Senior Lecturer,2021-01-01,Present,Harvard Business School,Entrepreneur In Residence,2018-09-01,2020-12-01,Harvard Business School,Visiting Executive,2018-01-01,2018-09-01,Yale School of Management,Executive Fellow,2017-09-01,2018-05-01,Harvard Business School,,,,"Isenberg School of Management, UMass Amherst",,,,,,,,,21,1980,owner,C_suite,po,,,,,
10659198,Mark Majkrzak,Mark,Majkrzak,Verified emails found,2025-10-15 11:19:12.978135,mark@responsiblyrain.com,mark@responsiblyrain.com,mark.majkrzak@gmail.com,"mark@responsiblyrain.com,mark.majkrzak@gmail.com",,,8019444814,,"7062500234
1.6024995497",,https://www.linkedin.com/in/mark-majkrzak-41991321,,,,,,,Founder,RAIN Bottling Company,"175 Pleasant Place Rd, Tiger, Georgia 30576, US",responsiblyrain.com,https://www.responsiblyrain.com,https://www.linkedin.com/company/rain-bottling-company,"Tiger, GA, US",Tiger,30576,GA ,US,RAIN Bottling Company,Founder,2019-05-01,Present,Packsize,Corporate Strategy Partner,2020-01-01,2020-05-01,Packsize,Sales Executive-Technical Sales and Area Manager,2017-03-01,2020-04-01,KEYENCE CORPORATION,Global Semiconductor Sales Account Manager,2016-08-01,2017-04-01,KEYENCE CORPORATION,Senior Sales Engineer- Beverage and Food Packaging,2014-06-01,2017-03-01,Northern Arizona University,,,,,,,,"Solidworks,ANSYS,Microsoft Excel,Mechanical Engineering,Fluid Dynamics,Biotechnology,Biomedical Engineering,Heat Transfer,Thermodynamics,Thermodynamic Modeling,Matlab,Mathematics,Factory,AutoCAD,Testing,Engineering,Labview,Microsoft Word,Microsoft Office,Management,Finite Element Analysis,Manufacturing,Sales,Machining,Project Engineering,Manufacturing Engineering,Customer Service,Leadership,Time Management,Fluid Mechanics,Automation,Marketing,Nuclear,PowerPoint,Teamwork,CAD,Research,PTC Creo,Lean Manufacturing,Public Speaking,Product Design,Product Development,Continuous Improvement,Training,Machine Learning,Semiconductor Industry,Semiconductors,Business Analysis,Electronics,Software as a Service Saas,Account Management,Project Management,Business Development,Strategic Partnerships,Artificial Intelligence Ai,Sensors,C Level Sales,Robots,Direct Sales,Artificial Intelligence,Warehouse Automation,Industrial Automation,Complex Sales,Final Mile,Partnerships,Software as a Service",,,"Northern Arizona University Alumni Assn., Automation",,12,1991,owner,C_suite,po,,,,,
46628121,Gena Norris,Gena,Norris,Verified emails found,2025-10-15 11:19:13.140949,gena.norris@cforce.com,gena.norris@cforce.com,,gena.norris@cforce.com,,,9368251077,,,(936) 825-1077,https://www.linkedin.com/in/gena-norris-33a6ab132,,,,,,,"Founder, Company Owner and CEO",CForce Bottling Company,"6151 Highway 90, Navasota, Texas 77868, US",cforce.com,http://www.cforce.com,https://www.linkedin.com/company/cforce-bottling-company,United States,,,,US,CForce Bottling Company,"Founder, Company Owner and CEO",2015-01-01,Present,,,,,,,,,,,,,,,,,,,,,,,,,"Public Speaking,Marketing Strategy,Customer Service,Program Management,Business Strategy,Startups,Training,Strategy,Business Development,Marketing,Social Media Marketing,Online Advertising",,,,,10,1993,owner,,po,,,,,
6544754,Charlie Conner,Charlie,Conner,Verified emails found,2025-10-15 11:19:13.313968,charlie@connerhomes.com,charlie@connerhomes.com,,"charlie@connerhomes.com,connerjobs@connerhomes.com",,,4255726344,4256169399,"4256169399
4254559280
4256437543
4254175846
2066221689
4256464433",(425) 455-9280,https://www.linkedin.com/in/charlie-conner-30616819,https://facebook.com/charlesconner84,,,,,,Founder,Conner Homes Company,"12600 SE 38th St # 250, Bellevue, Washington 98006, US",connerhomes.com,https://www.connerhomes.com,https://www.linkedin.com/company/conner-homes,"Bellevue, WA, US",Bellevue,,WA ,US,Conner Homes Company,Founder,1978-01-01,Present,,,,,,,,,,,,,,,,,University of Washington,Bachelor of Science,,,,,,,"Leadership,Land Acquisition,Microsoft Office,Team Building,Real Estate,Single Family Homes,New Business Development,Marketing,Commercial Rated Helicopter Pilot,Real Estate Investment,Real Estate Development,Higher Education,Project Management,Management,Financial Analysis,Social Media",,,,,47,1951,owner,C_suite,po,,,,,
11261945,Scott Sharkey,Scott,Sharkey,No emails found,2025-10-15 11:19:13.493928,,,,,,,9145255876,9145255876,"203-227-1065
1.2036378911
2036378911
6465592150",,https://www.linkedin.com/in/scottsharkeys,http://www.facebook.com/scott.sharkey.79,https://twitter.com/sharkeyshair,,,,,Founder and CEO,Sharkey's Franchising Company,US,sharkeysfranchisingcompany.com,http://www.sharkeysfranchisingcompany.com,https://www.linkedin.com/company/sharkey's-franchising-co,"Westport, CT, US",Westport,,CT ,US,Sharkey's Franchising Company,Founder and CEO,2001-01-01,Present,IIMAK,Senior Consultant,2002-01-01,2003-01-01,Franchise  Development & Kids Haircare Products,President and CEO,2001-10-01,Present,Precision Ribbon Technology,CEO,2001-01-01,2002-01-01,"Chemicraft International, Inc.",Director of Sales,1985-01-01,1999-01-01,University of Hartford,Bachelor of Arts (B.A.),,,,,,,"Franchise Development,Marketing,Small Business,Lead Generation,New Business Development,Start-ups,Franchising,Marketing Strategy,Entrepreneurship,Executive Management,Business Planning,Business Development,Business Strategy,Strategic Planning,Start Ups",,,"Franchise Broker Portals, FRANCHISE. GREAT PROFITABILITY, Salon & Spa Procurement, Franchise Owner/Franchisee & Entrepreneurs, Salon Today, Small Business Investors, Connecticut Small Business Networking",,38,1963,owner,C_suite,po,,,,,
70551000,Travis Lee,Travis,Lee,Verified emails found,2025-10-15 11:19:13.666676,travismlee@gmail.com,travis@dorchesterbrewing.com,travismlee@gmail.com,"travismlee@gmail.com,travis@dorchesterbrewing.com,debelibajsek7@gmail.com,debelibajsek6@gmail.com","debelibajsek4@gmail.com,travismlee@juno.com",,617-869-7092,617-869-7092,"734-625-8006
724-948-9842
210-828-4090
6178496225
6175140900
917-647-3644",(617) 514-0900,https://www.linkedin.com/in/travismlee1,http://www.facebook.com/travis.lee.94043,,,,,,Co-Founder,Dorchester Brewing Company,"1250 Massachusetts Ave Fl 4, Boston, Massachusetts 02125, US",dorchesterbrewing.com,http://www.dorchesterbrewing.com,https://www.linkedin.com/company/dorchester-brewing-company,"Boston, MA, US",Boston,,MA ,US,Dorchester Brewing Company,Co-Founder,2014-09-01,Present,Fields Corner Business Lab,Founder and Owner,2020-02-21,Present,Tlee Development,Founder and Owner,2013-09-01,Present,Fields Corner Business Lab,Co-Founder,2014-04-01,2016-04-01,Madison Park Development Corporation,Project Manager,2007-08-01,2013-09-01,Furman,,,,,,,,,,,,,19,1981,owner,C_suite,po,,,,,
20099626,Vark Markarian,Vark,Markarian,Verified emails found,2025-10-15 11:19:13.840943,varkjr@contempocard.com,varkjr@contempocard.com,,"varkjr@contempocard.com,vark@contempocard.com",,,4014747565,4014747565,4012724210,(401) 272-4210,https://www.linkedin.com/in/vark-markarian-05375520,,,,,,,Founder,Contempo Card Company,"69 Tingley Street, Providence, Rhode Island 02903, US",contempocard.com,http://www.contempocard.com,https://www.linkedin.com/company/contempo-card-company,"Providence, RI, US",Providence,,RI ,US,Contempo Card Company,Founder,1980-01-01,Present,,,,,,,,,,,,,,,,,Northeastern University,,,,,,,,"Product Development,Packaging,Sourcing,Merchandising,Sales Management,Apparel,Inventory Management,Fashion,Supply Chain Management,Product Management,Trend Analysis,Business Strategy,Leadership,Business Development,Strategy,Strategic Planning,Jewelry,Marketing Strategy,Visual Merchandising,Purchasing,Product Design,Retail,Creative Direction",,,,,45,1958,owner,C_suite,po,,,,,
68094963,Andre Bz,Andre,Bz,Verified emails found,2025-10-15 11:19:14.024026,andre@zagmoutcpas.com,andre@zagmoutcpas.com,abzag@icloud.com,"andre@zagmoutcpas.com,abzag@icloud.com,az@zagmoutcpas.com",,,202-340-1717,202-340-1717,"312-912-5441
3122393716
1.9174072171",(312) 239-3716,https://www.linkedin.com/in/abzag,,,,,,,Founder | Tax Strategist | CPA,Zagmout & Company CPAs,"200 E Randolph St, Chicago, Illinois 60601, US",zagmoutcpas.com,http://zagmoutcpas.com,https://www.linkedin.com/company/zagmoutcpas,"New York, NY, US",New York,,NY ,US,Zagmout & Company CPAs,Founder | Tax Strategist | CPA,2015-09-01,Present,Zagmout Wealth Management,Founder | Wealth Advisor | Portfolio Strategist,2018-08-01,Present,Deloitte,Business Tax Services,2015-01-01,2017-01-01,Northern Trust Corporation,Wealth Advisory,2012-01-01,2015-01-01,US Army,US Army Advisor,2009-01-01,2012-01-01,DePaul University,,,,"Wesley College, Delaware",,,,"Financial Modeling,Budgets,Financial Analysis,Python,Financial Statements,Accounting,Wealth Management,Financial Planning,Leadership,Investments,Quantitative Analytics,Banking,CPA,Quantity Surveying,Oracle SQL Developer,Variance Analysis,Fiduciary Services,SQL",,,,,20,1996,owner,,po,,,,,
7153378,Scott Mitchell,Scott,Mitchell,Verified emails found,2025-10-15 11:19:14.201437,samitch0585@msn.com,,samitch0585@msn.com,"samitch0585@msn.com,lmmitch99@yahoo.com",,mitchell@mackaymitchell.com,6123319311,6127594151,"6127594151
6122203384
6122026557
6125323200
9529445052",,https://www.linkedin.com/in/scott-mitchell-7b619612,,https://twitter.com/Tomscottm,,,,,CEO and Owner,MackayMitchell Envelope Company,"2100 Elm Street SE, Minneapolis, Minnesota 55414, US",mackaymitchell.com,http://www.mackaymitchell.com/,https://www.linkedin.com/company/mackaymitchell-envelope-company,"Minneapolis, MN, US",Minneapolis,,MN ,US,MackayMitchell Envelope Company,CEO and Owner,1993-05-31,Present,Moore Corporation,President Moore Data Management Services,1985-02-28,1993-05-31,,,,,,,,,,,,,Dartmouth College,BA,,,Blake School,,,,"Digital Printing,Direct Mail,B2B,New Business Development,Pre-press,Project Management,Team Building,Direct Marketing,Social Media Marketing,Offset Printing,Strategic Planning,Print Management,Marketing,Strategy,Leadership,Social Media,Variable Data Printing,Sales Management,Brochures,Marketing Communications,Business Strategy,Packaging,Sales,Color Management,Marketing Strategy,Graphic Design,Coaching,Account Management,Operations Management,Advertising,Illustrator,Direct Sales,P&L Management,Contract Negotiation,Product Development,Business Development,Business-to-Business (B2B),Management,Curriculum Design,Public Speaking,Pre Press,Business to Business B2b,Teaching,Business to Business",,,"Postal Affairs in Direct Mail, Flexographic Technical Association, Envelope Manufacturers Association, Dartmouth College Alumni",,40,1947,owner,C_suite,po,,,,,
38393572,Jake Connolly,Jake,Connolly,Verified emails found,2025-10-15 11:19:19.290638,jakec@connollymusic.com,jakec@connollymusic.com,jakeconnolly@gmail.com,jakec@connollymusic.com,jakeconnolly@gmail.com,,6317571904,6319255511,"6319255511
6319434335
6317570110",(800) 644-5268,https://www.linkedin.com/in/jakeconnolly,https://facebook.com/jake.connolly.520,,,,,,"CEO, Owner",Connolly Music Company,"8 Vernon Valley Rd, East Northport, New York 11731, US",connollymusic.com,https://www.connollymusic.com,https://www.linkedin.com/company/connolly-music-company,"East Northport, NY, US",East Northport,,NY ,US,Connolly Music Company,"CEO, Owner",1991-09-01,Present,,,,,,,,,,,,,,,,,Bucknell University,BA,,,St. Anthony's High School,,,,"Customer Service,Editing,Project Management,Social Media,Writing,Microsoft Excel,Strategic Planning,Strategic Partnerships,Leadership,Business Development,Healthcare Consulting,Business Strategy,Team Building,Mergers and Acquisitions",,,"NAMM (National Association of Music Merchants), Network with Johnny Sax, St. Anthony's HS  (NY) Alumni, String Talk, Musical Instrument Wholesalers & Importers, Long Island Professionals who Play Music, The Violin Network",,34,1970,owner,C_suite,po,,,,,
