Profile ID,Name,First Name,Last Name,Email Lookup Status,Lookup Time,Recommended Email,Recommended Work Email,Recommended Personal Email,A Emails,A- Emails,B Emails,Phone,Mobile Phone,Other Phones,Office Phone,LinkedIn,Facebook,Twitter,Github,CrunchBase,AngelList,Quora,Title,Employer,Employer Address,Employer Domain,Employer Website,Employer LinkedIn,Location,City,Postal Code,Region,Country,Job1 Employer,Job1 Title,Job1 Start,Job1 End,Job2 Employer,Job2 Title,Job2 Start,Job2 End,Job3 Employer,Job3 Title,Job3 Start,Job3 End,Job4 Employer,Job4 Title,Job4 Start,Job4 End,Job5 Employer,Job5 Title,Job5 Start,Job5 End,Education1 Institution,Education1 Degree,Education1 Start,Education1 End,Education2 Institution,Education2 Degree,Education2 Start,Education2 End,Skills & Endorsements,Organizations,Volunteer,Groups,Honors & Awards,Years of Experience,Birth Year,Seniority,Department,Tags,Notes,NPI Number,NPI Credentials,NPI License Numbers,NPI License Specializations
18492359,Tim Wilson,Tim,Wilson,Verified emails found,2025-10-15 11:18:33.113325,twilson@parkingmgt.com,twilson@parkingmgt.com,tj.wilson67@gmail.com,"twilson@parkingmgt.com,tj.wilson67@gmail.com",,,6153005128,6153005128,"6153520415
8123523586
6153832282",,https://www.linkedin.com/in/tim-wilson-324b4910,https://facebook.com/tim.wilson.33483903,,,,,,"Founder, Executive Chairman",Parking Management Company,"Nashville, Tennessee 37209, US",parkingmgt.com,http://www.parkingmgt.com,https://www.linkedin.com/company/parking-management-company,"Nashville, TN, US",Nashville,,TN ,US,Parking Management Company,"Founder, Executive Chairman",2017-05-01,Present,,,,,,,,,,,,,,,,,Belmont University,Mkt/can,,,,,,,"Event Planning,Sales,Strategic Planning,Marketing,Team Building,Event Management,Budgets,Corporate Events",,,Healthcare Network - marcus evans Summits,,8,1976,owner,C_suite,po,,,,,
374134060,Harish P.,Harish,P.,Verified emails found,2025-10-15 11:18:32.964405,harish_p@mastercard.com,harish_p@mastercard.com,,,harish_p@mastercard.com,harish.p@mastercard.com,,,,,https://www.linkedin.com/in/adg-0a1599149,,,,,,,Founder,Stealth Company,,,,https://www.linkedin.com/company/stealth-company-cfoh,"New York, NY, US",New York,,NY ,US,Stealth Company,Founder,2024-05-01,Present,The Learning Experience,Franchise Owner,2024-08-01,Present,Mastercard,Director of Product and Engineering,2023-01-01,Present,Comcast,Sr. Engineering Leader,2015-07-01,2022-12-01,Global Clients,Software Engineering Manager,2006-06-01,2013-12-01,SUNY Polytechnic Institute,Master of Science - MS,,,IBS Hyderabad,Master of Business Administration - MBA,,,,,,,,17,,owner,C_suite,po,,,,,
57594278,Jed Millburn,Jed,Millburn,Verified emails found,2025-10-15 11:18:32.778201,jed@millburncompany.com,jed@millburncompany.com,,jed@millburncompany.com,,,801-809-0521,801-809-0521,8012944688,(801) 531-1221,https://www.linkedin.com/in/jed-millburn-051696140,,,,,,,"Founder, Chairman, and CEO",Millburn & Company,"15 W South Temple Ste # 640, Salt Lake City, Utah 84101, US",millburncompany.com,https://millburncompany.com/,https://www.linkedin.com/company/millburn-&-company,"Salt Lake City, UT, US",Salt Lake City,,UT ,US,Millburn & Company,"Founder, Chairman, and CEO",2010-03-01,Present,"ARA, A Newmark Company",Managing Principal,2007-01-01,2013-01-01,Equimark Properties,Vice President,2004-01-01,2007-01-01,,,,,,,,,Brigham Young University - Idaho,Business,,,,,,,,,,,,21,1981,owner,C_suite,po,,,,,
241540503,Joshua Cruz,Joshua,Cruz,Verified emails found,2025-10-15 11:18:32.615447,kamilla.osharova@mail.ru,,kamilla.osharova@mail.ru,kamilla.osharova@mail.ru,,,,,,,https://www.linkedin.com/in/joshua-cruz-b331a0200,,,,,,,Founder,Ford Motor Company,"1 American Rd, Dearborn, Michigan 48126, US",ford.com,http://www.ford.com,https://www.linkedin.com/company/ford-motor-company,"New York, NY, US",New York,,NY ,US,Ford Motor Company,Founder,,Present,Gulftex Energy,Recruiter,2004-09-01,Present,,,,,,,,,,,,,,,,,,,,,,,,,,21,1982,owner,C_suite,po,,,,,
42553,Carter Reum,Carter,Reum,Verified emails found,2025-10-15 11:18:32.431336,carter@m13.co,carter@m13.co,,"carter@m13.co,carter.reum@m13.co",,,646-338-7386,646-338-7386,"310-666-4628
3102478785
+53 5 5353957
1.646.338.7386
310-362-8489
404-493-4257
212-902-5567
323-937-0345
630-497-0938
630-497-6738
6306420215
4242794361
3104672060
212-902-3000
818-710-0319
310-497-6738",,https://www.linkedin.com/in/carterreum,http://www.facebook.com/carterreum,,,https://www.crunchbase.com/person/carter-reum-la,,,Co-Founder,M13 Company,"1920 Olympic Blvd, Santa Monica, California 90404, US",m13.co,http://m13.co,https://www.linkedin.com/company/m13-company,"Los Angeles, CA, US",Los Angeles,,CA ,US,M13 Company,Co-Founder,2016-06-01,Present,Shortcut Your Startup,Co Author,2018-01-01,Present,Los Angeles County Museum of Art (LACMA),Member of the Board of Trustees,2017-01-01,Present,Inc. Magazine,Contributing Writer,2015-01-01,Present,Angel Investor,"Consumer, Tech and Innovative Content",2006-01-01,Present,Columbia University,Bachelor's of Economics,,,Elgin Academy,,,,"New Business Development,Marketing,Social Media,Marketing Strategy,Private Equity,Social Networking,Social Media Marketing,Brand Management,Brand Development,Business Development,Microsoft Office,Market Planning,Management,Product Development,Entrepreneurship,Event Management,Sales,Financial Analysis,Business Strategy",,,,,21,1981,owner,C_suite,po,,,,,
21479235,Rick Dunham,Rick,Dunham,Verified emails found,2025-10-15 11:18:32.245268,eupdates@dunhamandcompany.com,eupdates@dunhamandcompany.com,rickdunham@gmail.com,"eupdates@dunhamandcompany.com,rdunham@dunhamandcompany.com",rickdunham@gmail.com,,4694540100,,"4082609600
4693843732",(469) 454-0100,https://www.linkedin.com/in/rick-dunham-77318b7,,https://twitter.com/rjdunham,,,,,Founder+Chairman,Dunham+Company,"6111 W Plano Parkway Suite 2700, Plano, Texas 75093, US",dunhamandcompany.com,http://www.dunhamandcompany.com,https://www.linkedin.com/company/dunham---company,"Plano, TX, US",Plano,,TX ,US,Dunham+Company,Founder+Chairman,2022-04-01,Present,Dunham+Company,Chief Executive Officer,2002-11-01,2022-04-01,,,,,,,,,,,,,Dallas Theological Seminary,,,,Biola University,,,,"Fundraising,Non-profits,Strategic Planning,New Business Development,Marketing Strategy,Strategy,Nonprofits,Entrepreneurship,Public Speaking,Social Media,Creative Direction,Project Management,Social Media Marketing,Volunteer Management,Public Relations,Media Relations,Advertising,Marketing,Marketing Communications,Radio,Direct Marketing,Online Marketing,Online Advertising,Direct Mail,Copywriting,SEO,Email Marketing,Event Planning,Integrated Marketing,Direct Mail Fundraising,Newsletter Production,Branding & Identity,Major Donor Cultivation,Non Profits,Branding and Identity",,,,,22,1953,owner,C_suite,po,,,,,
18848737,Scott Lumby,Scott,Lumby,Verified emails found,2025-10-15 11:18:32.076174,scott@wellbuiltco.com,scott@wellbuiltco.com,scott.lumby@gmail.com,"scott@wellbuiltco.com,scott.lumby@gmail.com",,,2032497717,61437506917,61437506917,(203) 900-7868,https://www.linkedin.com/in/scott-lumby-489a3a2b,https://facebook.com/scott.lumby,,,,,,Co-Founder,Wellbuilt Company,"2 Armonk St, Greenwich, Connecticut 06830, US",wellbuiltco.com,http://www.wellbuiltco.com/,https://www.linkedin.com/company/wellbuilt-company,"Stamford, CT, US",Stamford,,CT ,US,Wellbuilt Company,Co-Founder,2011-06-01,Present,Kiddlum,Managing Director,2001-01-01,2013-07-01,Oakstand Property Group,Development Manager,2011-01-01,2013-01-01,Bob Bowden Properties,Development Manager,2006-11-01,2010-12-01,,,,,University of New South Wales,Bachelor of Building Construction Management,,,"St Josephs College, Huntershill",High School Certificate,,,"Contract Negotiation,Negotiation,Project Management,Customer Service,Construction,New Business Development,Real Estate Development,Real Estate,Management,Construction Management,Business Strategy,Architecture,LinkedIn,Open Networker,Operations Management,Procurement,Team Management,Sales,Leadership,Value Engineering,Design Management,Business Development,Renovation,Strategy,Change Management,Residential Homes",,,,,24,1980,owner,C_suite,po,,,,,
6544280,Jimmy Yun,Jimmy,Yun,Verified emails found,2025-10-15 11:18:31.907813,jimmy@8vc.com,jimmy@8vc.com,jimmy.s.yun@gmail.com,"jimmy@8vc.com,jimmy.s.yun@gmail.com",,,201-334-8311,201-334-8311,"310-978-5810
310.978.5810
818-889-7300
805-373-5886
213-389-8800
714-523-1200",,https://www.linkedin.com/in/jimmy-s-yun-6560aa77,http://www.facebook.com/jimmy.s.yun,,,,,,Co-Founder,Stealth Company,,,,https://www.linkedin.com/company/stealth-company-cfoh,"San Francisco, CA, US",San Francisco,,CA ,US,Stealth Company,Co-Founder,2025-01-01,Present,8VC,Principal,2024-01-01,Present,Harpoon,Investor,2021-01-01,2024-01-01,Bank of America Merrill Lynch,Capital Markets,2019-01-01,2021-01-01,Citi,Capital Markets,2017-01-01,2019-01-01,Union College,,,,Phillips Exeter Academy,,,,"Event Planning,Leadership,Teamwork,Korean,Microsoft Word,Data Analysis,Financial Modeling,PowerPoint,Bloomberg Terminal,Microsoft Excel,Market Research,Market,Public Speaking,Team Leadership,Editing,Financial Analysis,Capital IQ,Sales,Financial Accounting",,,,,8,1962,owner,C_suite,po,,,,,
94883174,Laura Turner,Laura,Turner,Verified emails found,2025-10-15 11:18:31.744047,laura_nailsea@btinternet.com,,laura_nailsea@btinternet.com,laura_nailsea@btinternet.com,,,5102772464,447791566469,447791566469,,https://www.linkedin.com/in/laura-turner-20982786,https://facebook.com/814798811,,,,,,Founder,Stealth Company,,,,https://www.linkedin.com/company/stealth-company-cfoh,"New York, NY, US",New York,,NY ,US,Stealth Company,Founder,2025-05-01,Present,The Council,Member,2025-09-01,Present,Agronomics Limited,Principal,2022-12-01,2025-02-01,Agronomics Limited,Associate,2019-07-01,2022-12-01,Onego Bio,Board Observer,2022-02-01,2025-02-01,University of Oxford,,,,"University of California, Berkeley",,,,"Chemistry,Leadership,Customer Service,Microsoft Excel,Research,Microsoft Office,Microsoft Word,PowerPoint,Research and Development (R&D),Analytical Chemistry,Data Analysis,Public Speaking,HTML,Teamwork,Management,Business Strategy",,,,,6,1990,owner,C_suite,po,,,,,
6173917,Matt Wall,Matt,Wall,Verified emails found,2025-10-15 11:18:31.582085,mattw@enocompany.com,mattw@enocompany.com,mattwall67@gmail.com,"mattw@enocompany.com,mattwall67@gmail.com",,"matt.wall@dukemedicine.org,mwall@dukemedicine.org",919-730-9163,919-730-9163,"3362264711
9193573201",,https://www.linkedin.com/in/matt-wall-31802168,,,,,,,Founder,Eno Company,"600 Park Offices Dr Suite LL-85, Durham, North Carolina 27709, US",enocompany.com,http://www.enocompany.com,https://www.linkedin.com/company/eno-company,"Hillsborough, NC, US",Hillsborough,27278,NC ,US,Eno Company,Founder,2022-01-01,Present,Duke University Health System,Parent of Patient,2012-08-01,Present,DPR Construction,Special Services Group Leader,2014-08-01,2022-01-01,Duke Realty Corporation,"Superintendent, Tenant Finish",2013-04-01,2014-08-01,Duke Realty Corporation,Assistant Project Manager,2008-07-01,2013-04-01,Western Carolina University,Bachelor of Science (BS),,,,,,,"Microsoft Project,Contract Management,Manage Client Relationships,Project Management,Organizational Effectiveness,Construction Management,MS Project,Change Orders,Construction,Renovation,Value Engineering,Budgets,Subcontracting,CPM Scheduling,Pre-construction,Submittals,Project Estimation,Public Speaking,Pre Construction,Budgeting,Project Planning,Contract Negotiation",,,"Western Carolina University Alumni, Primavera, Western Carolina University - Construction Management",,21,1984,owner,C_suite,po,,,,,
9353245,Mateen Ali,Mateen,Ali,Verified emails found,2025-10-15 11:18:31.411365,max19964.ma@gmail.com,mali@tmwf.org,max19964.ma@gmail.com,"max19964.ma@gmail.com,mali@tmwf.org,mateenali015@gmail.com",,,4692581470,4692581470,9728293630,,https://www.linkedin.com/in/mateenali,https://facebook.com/mateen.ali,,,,,,Co-Founder,Stealth Company,"Surabaya, East Java, ID",,,https://www.linkedin.com/company/stealth-aiops,United States,,,,US,Stealth Company,Co-Founder,2024-09-01,Present,Texas Muslim Women's Foundation,Board Member,2025-01-01,Present,KayN,Advisor,2024-04-01,Present,Honest Medical Group,Director of Growth,2023-01-01,2024-07-01,Hera Health,Corporate Development Associate,2021-11-01,2023-01-01,The University of Texas at Dallas,,,,International Baccalaureate,,,,"Leadership,Microsoft Excel,Teamwork,Finance,Microsoft Office,Financial Modeling,PowerPoint,Microsoft Word,Communication,Marketing,Management,Time Management,Microsoft PowerPoint,Social Media,Customer Service,Sales,Event Planning,Data Entry,Problem Solving",,,,,12,1994,owner,C_suite,po,,,,,
792872334,J.p. Brice,J.p.,Brice,Verified emails found,2025-10-15 11:18:31.259226,contacts@ironcompany.com,contacts@ironcompany.com,nancymiller7700@gmail.com,"contacts@ironcompany.com,nancymiller7700@gmail.com",,,,,,(888) 758-7527,https://www.linkedin.com/in/j-p-brice-50856733,,,,,,,Founder and CEO,IRON COMPANY,"7349 Milliken Ave, Rancho Cucamonga, California 91730, US",ironcompany.com,http://www.ironcompany.com,https://www.linkedin.com/company/ironcompany.com,"Flower Mound, TX, US",Flower Mound,,TX ,US,IRON COMPANY,Founder and CEO,1996-04-01,Present,,,,,,,,,,,,,,,,,Arcadia High School,,,,,,,,,,,,,29,,owner,C_suite,po,,,,,
687314815,Steven Taylor M.B.A.,Steven,Taylor,Verified emails found,2025-10-15 11:18:31.074263,steven_taylor@wendys.com,steven_taylor@wendys.com,anushataylor@gmail.com,"steven_taylor@wendys.com,anushataylor@gmail.com,steven.taylor@wendys.com,tayven@aol.com,gosponote2@aol.com","gosponote2@comcast.net,arclightb52@aol.com",,248-613-3980,248-613-3980,"248-357-2441
248-890-8062
248-357-2450
931-459-4965
313-278-6545
856-468-3747",,https://www.linkedin.com/in/steven-taylor-m-b-a-4b3a0316,http://www.facebook.com/people/_/741615940,,,,,,Founder and CEO - Tayven Food Corp. Franchise,The Wendy's Company,"1 Dave Thomas Blvd, Dublin, Ohio 43017, US",wendys.com,http://www.wendys.com,https://www.linkedin.com/company/wendys-international,"Southfield, MI, US",Southfield,,MI ,US,The Wendy's Company,Founder and CEO - Tayven Food Corp. Franchise,1995-01-01,Present,STAKS LLC,CEO,1994-01-01,Present,General Motors,New Car GM Dealer Candidate Graduate,2004-01-01,2005-10-01,Motorola,Senior Engineer,1991-03-01,1995-06-01,General Motors,Manufacturing Engineer,1985-06-01,1991-03-01,Lawrence Technological University,BSEE,,,University of Detroit Mercy,MBA,,,,,,,,40,1962,owner,C_suite,po,,,,,
264148457,Renee Semerar,Renee,Semerar,Verified emails found,2025-10-15 11:18:30.877324,rsemerar@smartcitylocating.com,rsemerar@smartcitylocating.com,,rsemerar@smartcitylocating.com,,,8309818382,,,,https://www.linkedin.com/in/reneesemerar,,,,,,,Founder,Posey Company,"5635 Peck Rd, Arcadia, California 91006, US",posey.com,http://www.posey.com,https://www.linkedin.com/company/posey-company,"Austin, TX, US",Austin,,TX ,US,Posey Company,Founder,2018-12-01,Present,Smart City Locating,Independent Sales Representative,2021-01-01,Present,Kataphora,Retail Manager,2017-11-01,2020-01-01,w.a.y Entertainment,"Day-to-Day Artist Manager, Digital Marketing and Social Media Manager",2016-02-01,2017-07-01,Relay Productions,Tour Manager,2016-02-01,2017-07-01,Baylor University,Bachelor of Business Administration,,,Boerne High School,,,,,,,,,13,1993,owner,C_suite,po,,,,,
2628389,Paul Parreira,Paul,Parreira,Verified emails found,2025-10-15 11:18:30.703670,paul@companycue.com,paul@companycue.com,paulparreira@gmail.com,"paul@companycue.com,paulparreira@gmail.com,paulparreira@me.com",,,9178414223,,"9148620991
9144945274
7183990994
6466494505",,https://www.linkedin.com/in/paulparreira,https://facebook.com/paul.parreira,,,,,,Founder,Company Cue,"154 Grand Street, New York, New York 10013, US",companycue.com,http://companycue.com,https://www.linkedin.com/company/company-cue,"New York, NY, US",New York,,NY ,US,Company Cue,Founder,2013-04-01,Present,Critical Mob,Music and Culture Editor,2010-01-01,2013-03-01,Tactic Company,Co-Founder,2007-11-01,2013-03-01,Muze Inc.,Editor-in-Chief,1998-08-01,2007-11-01,Muze Inc.,Managing Editor,2000-01-01,2005-05-01,New York University,,,,Emerson College,,,,"Content Strategy,Project Management,Content Development,Editorial,Digital Media,Social Media,New Media,Social Networking,Copy Editing,Mobile Devices,Online Advertising,Creative Direction,Digital Strategy,Books,E-commerce,Content Management,Journalism,Creative Writing,Entertainment,Video,Film,Music,Editing,Blogging,Magazines,CMS,Copywriting,Publishing,Storytelling,E Commerce,Public Speaking,Entrepreneurship,Business Strategy",,,"Music & Entertainment Professionals, Digital Marketing Professionals: Search, Social Media, Content, Mobile, Video, Display & Advertising, Product Marketing Professionals, Content Marketing Academy (by Kapost), Content Marketing Institute, Brand + Marketing Strategy, The Content Wrangler Community, Content Marketing Group, Early Stage Tech Advisors, Content Strategy, Branded Content Strategy, MusicBiz, Sweden Unlimited",,33,1972,owner,C_suite,po,,,,,
6102035,Billy Robbins,Billy,Robbins,Verified emails found,2025-10-15 11:18:30.503950,billy.robbins@intentcompany.com,billy.robbins@intentcompany.com,billyrobbins@gmail.com,"billy.robbins@intentcompany.com,billyrobbins@gmail.com,billy@intentcompany.com,robbinswj@gmail.com",,,5103642549,5103642549,"8178138222
1.8052705507
8588699775
8054390233
8052028468
8584125138
6179475291
5089475291
5109529853",,https://www.linkedin.com/in/williamrobbins,https://facebook.com/william.robbins,https://twitter.com/williamrobbins,,,,,Founder,Intent Company,"Tampa, Florida 33607, US",intentcompany.com,https://www.intentcompany.com/,https://www.linkedin.com/company/intent-company,"Tampa, FL, US",Tampa,,FL ,US,Intent Company,Founder,2016-10-01,Present,Intent Man,Founder,2013-08-01,Present,Shopatron,Digital Marketing Director,2012-10-01,2017-01-01,Shopatron,Online Marketing Specialist,2010-06-01,2012-10-01,Clear Channel Radio,Marketing Consultant,2005-11-01,2006-10-01,Massasoit College,,,,,,,,"Coaching,Life Coaching,Executive Coaching,SEO,E-commerce,Online Marketing,SEM,PPC,Digital Marketing,Marketing,Lead Generation,Online Advertising,Social Media,Web Marketing,Social Media Marketing,Web Analytics,Email Marketing,Web Design,WordPress,Search Engine Optimization (SEO),Google Analytics,Business Development,Affiliate Marketing,Blogging,Pay Per Click (PPC),Google Adwords,Search Engine Marketing (SEM),Online Lead Generation,Conversion Optimization,Web Project Management,Marketing Strategy,Advertising,Presentation Coaching,Public Speaking,Business Strategy,Business Coaching,Entrepreneurship,Leadership,Organizational Development,Organizational Design,Group Presentations,Personal Development,Personal Development Plans,E Commerce,Pay Per Click Ppc,Search Engine Marketing Sem,Strategy,HTML,Search Engine Optimization Seo,PHP,CSS,Management,Search Engine Optimization,Search Engine Marketing,Pay Per Click",,,,,18,1979,owner,C_suite,po,,,,,
299891091,Rayhan Ahmed,Rayhan,Ahmed,Verified emails found,2025-10-15 11:18:30.341141,rayhan@mindcompany.ai,rayhan@mindcompany.ai,,rayhan@mindcompany.ai,,,,,,,https://www.linkedin.com/in/rayhan-ahmed-5559131b2,,,,,,,Founder and CEO,Mind Company,US,mindcompany.ai,https://www.mindcompany.ai/,https://www.linkedin.com/company/mind-company-ai,"Burlingame, CA, US",Burlingame,,CA ,US,Mind Company,Founder and CEO,2024-01-01,Present,Mach Industries,Head of Software,2023-10-01,2024-01-01,Bridgewater Associates,Investment Engineering Intern,2023-06-01,2023-08-01,Google,SWE Intern - Google Ads,2022-05-01,2022-08-01,Amazon,SDE Intern - AWS Timestream,2021-05-01,2021-08-01,New York University,Bachelor's degree,,,,,,,,,,,,2,2002,owner,C_suite,po,,,,,
15512404,Sarah Williams,Sarah,Williams,No emails found,2025-10-15 11:18:30.150448,,,,,,,1.2129327990,,,,https://www.linkedin.com/in/milesandco,,https://twitter.com/milesandco,,,,,Founder and President,Miles & Company,"6751 Professional Parkway Suite 200, Sarasota, Florida 34236, US",milespartnership.com,http://www.milespartnership.com,https://www.linkedin.com/company/miles-partnership,"New York, NY, US",New York,,NY ,US,Miles & Company,Founder and President,2000-01-01,Present,,,,,,,,,,,,,,,,,The Wharton School,Master of Business Administration,,,Harvard University,Bachelor of Arts,,,"Marketing Strategy,Customer Relations,Chinese,Market Analysis,Marketing Communications,Fundraising,Marketing Execution,Digital Marketing,China Business Development,Higher Education,Public Relations,Relationship Development,Relationship Marketing,Global Marketing,Copy Development,Website Development,Collateral Material Development,Business Strategy,New Business Development,Wealth Management,Philanthropy,Non-profits,Introducing New Products,Start-ups,Strategic Partnerships,Strategic Brand Positioning,Strategic Consulting,Consultative Selling Style,High Net Worth Individuals,Institutional Accounts,Customer Insight,Team Leadership,Marketing,Nonprofits,Integrated Marketing,Business Planning,Stakeholder Management,Management Consulting,Leadership,Strategic Planning,Advertising,Management,Entrepreneurship,Event Management,Product Development,Customer Relationship Management (CRM),International Marketing,Business Development,Team Building,Microsoft Office,Customer Service,Strategy,E Commerce,Public Speaking,Online Marketing,SEO",,,,,25,1956,owner,C_suite,po,,,,,
857883,Mannie Gill,Mannie,Gill,Verified emails found,2025-10-15 11:18:29.946364,mannie.gill@renovata.com,mannie.gill@renovata.com,mannie_gill@hotmail.com,"mannie.gill@renovata.com,mannie_gill@hotmail.com",,,6464545351,,"44.7956144046
442074404001
6469304205
9179931671
447764576472
442074404000",(415) 263-9168,https://www.linkedin.com/in/manniegill,,https://twitter.com/mgillrp,,,,,Founder and Partner,Renovata & Company,UK,renovata.com,http://www.renovata.com,https://www.linkedin.com/company/renovata-executive-search,"New York, NY, US",New York,,NY ,US,Renovata & Company,Founder and Partner,2005-01-01,Present,ZEREN,Founder and Non-Exec Director,2018-01-01,Present,,,,,,,,,,,,,,,,,,,,,"Recruiting,Start-ups,Entrepreneurship,Executive Search,Telecommunications,Venture Capital,Management Consulting,Internet Recruiting,Private Equity,Business Development,Marketing,Marketing Strategy,Human Resources,Project Management,Start Ups,Change Management,Management,Business Strategy,Sales,Strategy,New Business Development,Strategic Partnerships,Mobile Devices,Team Management",,,,,20,1983,owner,C_suite,po,,,,,
714975122,Brandon Stallings,Brandon,Stallings,Verified emails found,2025-10-15 11:18:29.771937,brandon@smartboxcompany.com,brandon@smartboxcompany.com,bstallings09@aol.com,"brandon@smartboxcompany.com,bstallings09@aol.com",,,7709541735,,9047399100,,https://www.linkedin.com/in/brandon-stallings-smartbox,,,,,,,Founder and Head of Ecommerce,SmartBox Company,"10752 Deerwood Park Blvd Suite 100, Jacksonville, Florida 32256, US",smartboxcompany.com,http://www.smartboxcompany.com,https://www.linkedin.com/company/smartboxcompany,"Jacksonville Beach, FL, US",Jacksonville Beach,,FL ,US,SmartBox Company,Founder and Head of Ecommerce,2022-11-01,Present,SmartBox Vending,Owner and CEO,2012-02-01,2022-08-01,"Fresh Healthy Vending, Tallahassee Franchise",Owner and Operator,2010-07-01,2011-12-01,,,,,,,,,Florida State University,Bachelor's degree,,,University of Alabama,,,,"Food Service,Client Relations,Klaviyo,Content Management Systems (CMS),Customer Service,Customer Experience,New Business Development,Google Analytics,Operations Management,Retail,Project Management,Sales,Organizational Culture,Start-ups,Warehouse Optimization,Marketing,Account Management,Change Management,Team Building,Leadership,Program Management,Strategic Planning,Negotiation,Training,Forecasting,Marketing Strategy,Direct Sales,Management,Process Improvement,Recruiting,Warehousing,Business Planning,Entrepreneurship,Coaching,Business Development,Microsoft Office,Microsoft Excel,Start Ups,Social Media",,,,,14,,owner,,po,,,,,
370279924,Ahmed Owiess,Ahmed,Owiess,Verified emails found,2025-10-15 11:18:29.588754,ahmedowiess@gmail.com,ahmed@energycompany.com,ahmedowiess@gmail.com,,"ahmedowiess@gmail.com,ahmed@energycompany.com",aowiess@energycompany.com,,,,,https://www.linkedin.com/in/ahmed-owiess-8347b8205,,,,,,,Founder,Energy Company,"6121 W Sunset Blvd, Los Angeles, California 90028, US",energycompany.com,https://energycompany.com,https://www.linkedin.com/company/energycompanyllc,"San Diego, CA, US",San Diego,,CA ,US,Energy Company,Founder,2020-09-01,Present,,,,,,,,,,,,,,,,,Iowa State University,Bachelor's degree,,,Rochester Institute of Technology,,,,,,,,,5,2000,owner,C_suite,po,,,,,
18534375,Remco Bergsma,Remco,Bergsma,Verified emails found,2025-10-15 11:18:29.400796,rbergsma@miencompany.com,rbergsma@miencompany.com,remcobergsma@hotmail.com,"rbergsma@miencompany.com,remcobergsma@hotmail.com,rbergsma@ecolution.nl",,,6169150550,6169150550,"1.6169150550
6168181970
6162815559",(616) 818-1970,https://www.linkedin.com/in/remco-bergsma-0448b87,,,,,,,Founder    President and CEO,MiEN Company,"2547 3 Mile Rd NW Suite F, Grand Rapids, Michigan 49534, US",miencompany.com,http://www.miencompany.com,https://www.linkedin.com/company/mien-environments,"Grand Rapids, MI, US",Grand Rapids,,MI ,US,MiEN Company,Founder    President and CEO,2012-01-01,Present,Ecolution-Design,Owner,2021-12-01,Present,Markant Office Furniture,usa,1998-01-01,2010-01-01,Remco Realty llc,Company Owner,2021-04-01,Present,Markant USA Inc,President and CEO,2010-02-01,Present,Hogeschool Utrecht International Marketing,,,,HU University of Applied Sciences Utrecht (Hogeschool Utrecht),Bachelor,,,"Account Management,B2B,Furniture,Interior Design,Key Account Management,Marketing Strategy,New Business Development,Product Development,Sales,Sales Management,Space Planning,Strategic Planning,Team Building,Management,Business Development,Contract Negotiation,Business-to-Business (B2B),Microsoft Office,Microsoft Excel,Customer Service,Business Strategy,Business To Business B2B,Leadership,Business to Business",,,"Business of Furniture/Workplaces Reader's Forum, LinkedUp Grand Rapids, Contract Furniture Group, Social Media for Office Furniture Dealerships, Building Products Industry Group, Markant Educational, The Workplace Community, TED: Ideas Worth Spreading - Unofficial, Contract Office Furniture Professionals, MARKANT, Office Furniture Group International, BIFMA, EDUCAUSE",,27,1976,owner,,po,,,,,
135965933,Jim Booth,Jim,Booth,Verified emails found,2025-10-15 11:18:29.234161,jimbooth@gmail.com,,jimbooth@gmail.com,,jimbooth@gmail.com,,7202728106,,"7037313001
1.7037313001",,https://www.linkedin.com/in/jimmiebooth,,,,,,,CEO and Co-Founder,Company Six,AE,co6.ae,https://www.co6.ae,https://www.linkedin.com/company/companysix,"Boulder, CO, US",Boulder,,CO ,US,Company Six,CEO and Co-Founder,2020-04-30,Present,Company Six,Chief Executive Officer and Co-Founder,2020-05-01,Present,Sphero,Chief Operating Officer,2010-12-01,2020-05-01,Ca Technologies,Corporate Development,2010-08-01,2010-12-01,Zettasun,Vice President of Corporate Development,2009-09-01,2010-08-01,University of Memphis,Master of Business Administration,,,United States Military Academy,,,,"Engineering,Cost Management,Go-to-Market Strategy,Leadership,Start-ups Management,Venture Capital,Operations Management,Executive Team,New Business Development,Operational Planning,Funding,Software Development,Due Diligence,Strategic Alliances,Start-ups,Entrepreneurship,Corporate Development,Business Development,Business Strategy,Project Planning,Management,Corporate Finance,Product Marketing,Strategic Partnerships,Product Management,Competitive Analysis,Product Development,Strategic Planning,Team Leadership,Marketing Strategy,Strategy,Cross-functional Team Leadership,Executive Management,SaaS,Mobile Devices,Consulting,Outsourcing,P&L Management,Cloud Computing,Business Planning,E-commerce,Vendor Management,Mergers & Acquisitions,Mobile Applications,B2B,Market Research,Consumer Electronics,Account Management,International Business,CRM,Telecommunications,International Sales",,,,,29,1968,owner,C_suite,po,,,,,
27875096,Lauren Kucerak,Lauren,Kucerak,Verified emails found,2025-10-15 11:18:29.040751,lauren@kucerakandco.com,lauren@kucerakandco.com,laurenkucerak@yahoo.com,"lauren@kucerakandco.com,laurenkucerak@yahoo.com",,,917-863-3708,917-863-3708,"212-253-1004
2125108590",(212) 510-8590,https://www.linkedin.com/in/laurenkucerak,https://facebook.com/lauren.kucerak,,,,,,Founder,Kucerak + Company,"20 West 20th St. Suite 302, New York, New York 10011, US",kucerakandco.com,http://www.kucerakandco.com,https://www.linkedin.com/company/kucerak-&-co,"New York, NY, US",New York,,NY ,US,Kucerak + Company,Founder,2013-01-01,Present,Juicy Couture,Vice President Global Communications,2010-07-01,2012-12-01,PMK*BNC,Vice President Entertainment and Lifestyle,2004-01-01,2010-01-01,Rogers & Cowan,"Senior Director, Director, AE, AAE",1996-01-01,2004-01-01,,,,,University at Albany,Bachelor's degree,,,,,,,"Social Media Marketing,Media Relations,Press Releases,Entertainment,Marketing Communications,Event Management,Public Relations,Social Media,Fashion,Event Planning,Publicity,Advertising,Blogging,Brand Development,Digital Media,Marketing Strategy,Marketing,Facebook,Cision,Social Networking,Leadership,Sales,Management,Entrepreneurship,Strategic Planning",,,,,29,1973,owner,C_suite,po,,,,,
64367780,Alexander Veach,Alexander,Veach,Verified emails found,2025-10-15 11:18:28.870819,alexander@veach.co,alexander@veach.co,ariaveach@gmail.com,"alexander@veach.co,ariaveach@gmail.com,veachaj@gmail.com,rearanged96@aol.com","arlen_jack@aol.com,rearanged@bellsouth.net","alexanderveach@gmail.com,alexander@nano.market,aveach@nano.market,alexander.veach@nano.market,alexanderveach@nano.market,alexanderv@nano.market",9149805216,9149805216,9142734934,,https://www.linkedin.com/in/alexveach,https://facebook.com/alexander.veach,https://twitter.com/ariaveach,,,,,Founder and CEO,Veach & Company,,veach.co,https://veach.co,https://www.linkedin.com/company/veach-company,"New York, NY, US",New York,,NY ,US,Veach & Company,Founder and CEO,2024-12-01,Present,Nano Market,Founder and CEO,2021-01-01,Present,Strategy&,Senior Associate,2022-01-01,2024-07-01,Xcell Biosciences,Consultant,2021-06-01,2021-08-01,Amgen,Senior Engineer,2019-09-01,2021-01-01,Insead,Master of Business Administration,,,UCLA Extension,,,,"Biomedical Engineering,Biotechnology,Cell Culture,Entrepreneurship,Research,Project Management,Management,Nanobiotechnology,Data Analysis,Mass Spectrometry,Nanotechnology,Business Development,Peptide Mapping,Cell,Life Sciences,Medical Devices,Molecular Biology,Tissue Engineering,Fluorescence Microscopy,Method Development,GMP,Statistics,Pharmaceutical process development,Marketing,Pharmaceutical Industry,R&D,Matlab,Risk Management,Nanoparticles,Biochemistry,Drug Delivery,Virtualization,Social Networking,Communication,User interface design,Flow Cytometry,Negotiation,Web architecture and development framework,Pharmacology,Marketing campaign management,PCR,Data Mining,Business intelligence,Software Development,SEO/SEM marketing,WordPress development,Social media management,Resource management,Cloud Computing",,,,,13,1987,owner,C_suite,po,,,,,
265737,Shelly Kramer,Shelly,Kramer,Verified emails found,2025-10-15 11:18:28.670831,shelly@kramerandcompany.com,shelly@kramerandcompany.com,domenico.simonetti@hotmail.com,"shelly@kramerandcompany.com,domenico.simonetti@hotmail.com",,skramer@kramerandcompany.com,8162002520,8166657500,"8166657500
816-444-2229
1.8166657500
1.8162002520
5414829504
8162002558
8164449555",,https://www.linkedin.com/in/shellydemottekramer,https://facebook.com/shellykramer,https://twitter.com/shellykramer,,,,https://quora.com/shelly-kramer,Founder + Principal Analyst,Kramer & Company,US,kramerandcompany.com,http://www.kramerandcompany.com,https://www.linkedin.com/company/kramer-&-company,"Kansas City, MO, US",Kansas City,,MO ,US,Kramer & Company,Founder + Principal Analyst,1994-09-01,Present,SiliconANGLE & theCUBE (theCUBE Research),Principal Analyst,2023-11-01,2025-02-01,V3B,CEO,2009-06-01,2023-11-01,Futurum Research + Analysis,Founding Partner + Principal Analyst,2016-08-01,2023-06-01,The Futurum Group,"President + Chief Evangelist, The Futurum Group | Principal Analyst, Futurum Research",2016-07-01,2023-06-01,Emporia State University,,,,,,,,"Artificial Intelligence (AI),Sustainability,Customer Experience/Enterprise Apps,Workplace Collaboration/Future of Work,Research Skills,B2B Marketing Strategy,Strategic Communications,Brand Development Strategy,Business Strategy,Go-to-Market Strategy,Customer Experience,Communications Strategy,Strategist,Market Research,Digital Transformation,IT Enabled Business Transformation,Technology Solutions,Future Trends,Tech Analyst,DEI,Mobile Marketing,Digital Strategy,Content Development,Social Media Marketing,LinkedIn Training and Development,Training & Development,SEO,Brand Development,Website Development,Social Media Monitoring,Marketing Strategy,Web Strategy,Social Media Audit,Competitive Analysis,Blog Development, Content Management and Training,Social Media,Social Media Measurement,Training,LinkedIn,Auditing,Public Relations,Integrated Marketing,Marketing,Employee Training,Digital Marketing,SEM,Copywriting,Facebook,Online Marketing,Social Networking,Content Strategy,Social Marketing,Blogging,Web Design,Public Speaking,Marketing Management,Google Analytics,Brand Management,SEO copywriting,WordPress,Content Marketing,Advertising,Web Analytics,Keyword Research,Online Advertising,Web Marketing,Analytics,Entrepreneurship,Newsletters,Social,Blog Development,Media Audit,Project Management,Content Management and Training,Business Development,Training and Development",,,"Social Media Marketing Mavens, Marketing Communication, A/E/C Industry Networking Group, Online Marketing Institute, Inbound Marketers - For Marketing Professionals, Women Grow Business, eTail Conference: For eCommerce and Marketing Executives in the Retail Industry, Digital Marketing, Sales / Marketing Executives (CSO/CMO/VP), Network of Web Professionals, Social Media Marketing and Measurement, Search Engine Land, Social Media Marketing, DemandCon",,31,1959,owner,,po,,,,,
7834316,Scott Crossman,Scott,Crossman,Verified emails found,2025-10-15 11:18:28.502338,scrossman@crossmanco.com,scrossman@crossmanco.com,scottcrossman@hotmail.com,"scrossman@crossmanco.com,scottcrossman@hotmail.com",,,4078560686,4074927778,"4074238700
4074927778
4074222556
2514337644
7705410881",(407) 423-5400,https://www.linkedin.com/in/scott-crossman-10ba411b,https://facebook.com/scott.crossman.5,,,,,,Founder,Crossman & Company,"3333 South Orange Avenue Suite 201, Orlando, Florida 32806, US",crossmanco.com,http://www.crossmanco.com,https://www.linkedin.com/company/crossman-&-company,"Orlando, FL, US",Orlando,,FL ,US,Crossman & Company,Founder,1990-01-01,Present,Crossman & Company,CEO,1990-01-01,Present,,,,,,,,,,,,,Florida Southern College,Bachelor of Science,,,Florida Southern College,Bachelor of Science (B.S.),,,"Business Development,Program Management,Project Management,Training,Microsoft Office,Leadership,Team Building,Research,Start Ups,Entrepreneurship",,,"NAIOP Central Florida, International Council of Shopping Centers - ICSC, UMiami Master of Real Estate Development and Urbanism",,35,1961,owner,C_suite,po,,,,,
2148267,Amani Olu,Amani,Olu,Verified emails found,2025-10-15 11:18:28.327646,amani@olucompany.com,amani@olucompany.com,amaniolu@gmail.com,amani@olucompany.com,amaniolu@gmail.com,,6463301039,6463301039,"215-840-1470
1.6463301039",(212) 203-5570,https://www.linkedin.com/in/amaniolu,https://facebook.com/amaniolu,http://www.twitter.com/amaniolu,,,,,Founder and Chief Executive Officer,Olu & Company,"3011 Grand Blvd W, Detroit, Michigan 48226, US",olucompany.com,https://olucompany.com,https://www.linkedin.com/company/olu-company,"Detroit, MI, US",Detroit,48226,MI ,US,Olu & Company,Founder and Chief Executive Officer,2012-06-01,Present,Whitewall Magazine,Managing Editor,2012-10-01,2013-05-01,Nadine Johnson & Associates,Senior Account Executive,2011-03-01,2012-05-01,IMG SRVR,Founder,2012-07-01,Present,DETROIT ART WEEK,Co-Founder,2018-07-01,Present,Temple University,,,,,,,,"Writing,Social Media,Publications,Art,Fine Art,Magazines,Books,Digital Photography,ACT,Graphic Design,Press Releases,Media Relations,Galleries,Blogging,Web Design,Adobe Cs5.5,Contemporary Art,Publishing,Photography,Advertising,Fundraising,Editorial,Cision,HTML,Microsoft Office,WordPress,Art Exhibitions,Curating,Email Marketing,CSS,Art Direction,Public Relations,Museums,Portrait Photography,Curatorial Projects,Fine Art Photography",,,,,20,1980,owner,C_suite,po,,,,,
6251172,JP Brice,JP,Brice,Verified emails found,2025-10-15 11:18:28.041055,jp@ironcompany.com,jp@ironcompany.com,jpbrice@gmail.com,jp@ironcompany.com,jpbrice@gmail.com,,760-403-8734,760-403-8734,"7609481161
888-758-7527
626-305-0099
800-288-3047",(888) 758-7527,https://www.linkedin.com/in/jp-brice-50856733,http://www.facebook.com/jp.crosscore,,,,,,Founder and CEO,IRON COMPANY,"7349 Milliken Ave, Rancho Cucamonga, California 91730, US",ironcompany.com,http://www.ironcompany.com,https://www.linkedin.com/company/ironcompany.com,"Flower Mound, TX, US",Flower Mound,,TX ,US,IRON COMPANY,Founder and CEO,1996-03-31,Present,,,,,,,,,,,,,,,,,Arcadia High School,,,,,,,,"fitness,Gym,exercise,gym equipment,fitness equipment,Fitness Training,Sports,Athletics,Personal Training,Strength Training,Kettlebells,Nutrition,Weight Training,Lifestyle,Sports Nutrition,Nutritional Counseling,Coaching,Sales Management,Team Building,Wellness,Supplements,Cardio,Functional Training,Lifestyle Coaching,Corporations,Training,Project Management,Customer Service,Entrepreneurship,Social Media",,,"Exercise Jobs, Health and Wellness Product Information Group, Fitness Trainers and Coaches, Fitness Executives, Fitness and Wellness Stakeholders and Professionals, Headstrong Performance",,29,1975,owner,C_suite,po,,,,,
85744007,Jennifer Curley,Jennifer,Curley,Verified emails found,2025-10-15 11:18:27.843701,jennifer@curleycompany.com,jennifer@curleycompany.com,jennifercurley@gmail.com,jennifer@curleycompany.com,jennifercurley@gmail.com,,2024226244,,"3019830409
2022632574
1.4102715725
2162251403",,https://www.linkedin.com/in/curleyjennifer,,https://twitter.com/jennifer_curley,,,,,Founder and CEO,Curley Company,"919 18th St NW, Washington, District of Columbia 20005, US",curleycompany.com,http://www.curleycompany.com,https://www.linkedin.com/company/curley-company,"Washington, DC, US",Washington,20005,DC ,US,Curley Company,Founder and CEO,2002-08-01,Present,St. Lawrence University,Chair of the Board of Trustees,2023-06-01,Present,Global Women's Innovation Network (GlobalWIN),Board Member,2021-03-01,Present,Junior Achievement of Greater Washington,Board Member,2023-02-01,Present,Citrine Angels,Angel Investor,2023-09-01,2024-09-01,St. Lawrence University,,,,American University,,,,"Strategic Communications,Board of Directors,Crisis Communications,Reputation Management,Entrepreneurship,Risk Management,Public Relations,Event Planning,Social Media,Media Relations,Public Policy,Spokesperson,Message Development,Crisis Management",,,,,35,1968,owner,C_suite,po,,,,,
713735,Alm Lee Mulkey,Alm,Mulkey,Verified emails found,2025-10-15 11:18:27.653061,mulkeyjl@yahoo.com,,mulkeyjl@yahoo.com,mulkeyjl@yahoo.com,,,817-291-4323,817-291-4323,"817-291-0452
1.817.291.4323
817-498-5881
817-514-8645",(559) 884-2147,https://www.linkedin.com/in/leemulkey,http://www.facebook.com/lee.mulkey2,,,,,,Founder and CEO - Strategy Sales Operations Sourcing SCM Logistics Commercialization,ALM Company,"26060 Colusa Road, Coalinga, California 93210, US",harriswoolfalmonds.com,http://www.harriswoolfalmonds.com/,https://www.linkedin.com/company/harriswoolfalmonds,"Colleyville, TX, US",Colleyville,76034,TX ,US,ALM Company,Founder and CEO - Strategy Sales Operations Sourcing SCM Logistics Commercialization,2009-01-01,Present,"Wenaas USA, Inc.",President CEO - Strategy Sales Operations Global Sourcing Global Supply Chain Global Logistics PPE,2007-01-01,2009-01-01,ALM Company,President CEO - Strategy Marketing Channels Sales Operations Sourcing Supply Chain,2005-01-01,2007-01-01,"Purchased Parts Group, Inc.",President CEO - Strategy Sales Operations Global Supply Chain Global Sourcing Global Logistics,1999-01-01,2005-01-01,Indian River Consulting Group,Senior Associate - Strategy Logistics Sales Operations Supply Chain Sourcing Marketing Channels,1998-01-01,1999-01-01,The University of Dallas,MBA,,,The University of Texas at Arlington - College of Business,BBA,,,"Strategy,Business Strategy,Executive Management,Supply Chain Management,Management Consulting,Supply Chain,International Business,Strategic Planning,Sales Operations,Mergers & Acquisitions,Turn Around Management,Global Business Development,Restructuring,Leadership,Acquisition Integration,International Sales,Global Sourcing,Strategic Sourcing,Sales,Logistics,Global Operations,Strategic Consulting,Sales Growth,Operational Excellence,Supply Chain Optimization,Competitive Analysis,Channel Partners,Value Creation,Cash Flow,Income Statement,Wholesale,Global Strategy,International Management,Board of Directors,International Operations,Operations,Global Sales,Global Business,Commercialization,Global Business Strategy,Global Supply Chain Management,Global Logistics,Global Business Planning,Marketing Channels,Foreign Culture,Foreign Relations,China Business Development,Global Marketing Channels,Global Commercialization,P,Mergers and Acquisitions",,,,,53,1950,owner,Sales,po,,,,,
3154845,Julius Tang,Julius,Tang,Verified emails found,2025-10-15 11:18:27.470128,tang.julius@gmail.com,,tang.julius@gmail.com,tang.julius@gmail.com,,"julius.tang@buzz2bucks.com,jtang@buzz2bucks.com,juliustang@buzz2bucks.com,juliust@buzz2bucks.com,julius@buzz2bucks.com,tang@buzz2bucks.com",9498856572,9498856572,,,https://www.linkedin.com/in/juliustang,https://facebook.com/juliusjtang,https://twitter.com/juliustang,,,,,Founder,Private Company,"New York, New York, New York 10005, US",buzz2bucks.com,http://buzz2bucks.com,https://www.linkedin.com/company/buzz2bucks-word-of-mouth-marketing-firm,United States,,,,US,Private Company,Founder,2018-01-01,Present,MarvelPal,Co-Founder,2018-04-01,2018-08-01,Prestomind,Co-Founder,2016-08-01,2017-11-01,Private Company,Marketing Analyst,2016-01-01,2016-07-01,Primaris Management Inc.,Investment Analyst,2014-01-01,2015-01-01,Ryerson University,Master of Business Administration - MBA,,,University of Waterloo,Bachelor's degree,,,"Strategic Planning,Urban Planning,Real Estate Economics,Valuation,Real Estate Development,Land Development,Marketing,Investments,Appraisals,Management,Leadership,Teamwork,Land Use,Urban,Creative Writing",,,,,16,1985,owner,C_suite,po,,,,,
2476759,Judy Smith,Judy,Smith,Verified emails found,2025-10-15 11:18:27.269426,jsmith@smithandcompany.com,jsmith@smithandcompany.com,rcvercautren@hotmail.com,"jsmith@smithandcompany.com,rcvercautren@hotmail.com",,,6103043427,6103043427,7037269770,,https://www.linkedin.com/in/judyasmith,,https://twitter.com/judysmith_,,,,,Founder and CEO,Smith & Company,US,smithandcompany.com,https://www.smithandcompany.com/,https://www.linkedin.com/company/smithandcompany,"Washington, DC, US",Washington,20005,DC ,US,Smith & Company,Founder and CEO,2003-01-01,Present,ABC,"Co-Executive Producer, ""Scandal""",2012-04-01,2018-04-01,,,,,,,,,,,,,American University,Juris Doctor (J.D.),,,Boston University,Bachelor's Degree,,,"Microsoft Office,Facilities Management,Business Development,Public Speaking,Healthcare,Healthcare Management,Healthcare Information Technology,Process Improvement,Leadership Development,Marketing Strategy,Strategic Planning,Project Planning,Healthcare Consulting,Management Consulting,Hospitals,Strategic Planning Women And Children'S Health,Project Management,Management,Editing,Strategy,Consulting,Executive Producing,Issues Managment,Corporate Communications,Competitive Analysis,EHR,Crisis Management,Business Process Improvement,Public Relations,Strategic Communications,Healthcare Industry",,,,,22,1961,owner,C_suite,po,,,,,
19090158,Stephann Cotton,Stephann,Cotton,Verified emails found,2025-10-15 11:18:27.096297,stephanncotton@gmail.com,,stephanncotton@gmail.com,,stephanncotton@gmail.com,,7722876612,7722850542,"7723240659
7722850542
4072293450
772-600-3519
7727818719
5612876612
5617403400
5617357412
5617818719",(800) 266-9076,https://www.linkedin.com/in/stephann-cotton-242a7b9,https://facebook.com/stephann.cotton.9,https://twitter.com/cottonsolution,,,,,Founder and CEO at Cotton and Company,Cotton & Company,"633 SE 5th Street, Stuart, Florida 34994, US",cottonco.com,https://cottonco.com,https://www.linkedin.com/company/cotton-&-company,"Stuart, FL, US",Stuart,,FL ,US,Cotton & Company,Founder and CEO at Cotton and Company,2021-06-01,Present,Cotton & Company,President and Founder,1983-01-01,Present,,,,,,,,,,,,,University of Florida,bs  adv/mkt,,,,,,,"Luxury,Advertising,Resorts,Real Estate Development,Marketing Strategy,Residential,Online Marketing,Real Estate,Residential Homes,Public Relations,Marketing,Interactive Marketing,Online Advertising,Leadership,Investors,Management,Strategic Planning,Integrated Marketing,Direct Mail,Social Media Marketing,Email Marketing,Selling,Brand Development,Creative Strategy,Lead Generation,Direct Marketing,SEO,Digital Strategy,Digital Marketing,Web Marketing,Marketing Communications,Copywriting,Sales,Advertising Sales,Social Networking,SEM,PPC,Strategy,Creative Direction,Working with Investors,Social Media,Startups,Public Speaking,Research,Program Management",,,"CrowdSourcing & CrowdFunding for Entrepreneurs & Investors, Gold Coast Venture Capital Association, REAL ESTATE CrowdFunding & CrowdInvesting, Florida & Caribbean Real Estate Network, Residential Resorts International, GatorNation, Real Estate Professionals and Vendor Network, The Real Estate Networking Group (Investor Strategies), HOTEL & RESORT INVESTOR, New Home Sales, Overseas Property Investment Network for International Real Estate & Referral, Marketing, Sales & Social Media Jobs, Job Postings & Job Recruiters, Software & Technology (#1 in Jobs, HR, Managers, Cloud, Mobile, Voice, CRM & Big Data), Caribbean & Latin America Real Estate: Luxury, Vacation, Retirement, Investment, Deals",,42,1951,owner,,po,,,,,
28717051,Christy Owenby,Christy,Owenby,Verified emails found,2025-10-15 11:18:26.888470,christy@moxycompany.com,christy@moxycompany.com,,christy@moxycompany.com,,,9858753072,,,,https://www.linkedin.com/in/christyowenby,https://facebook.com/christyowenby,https://twitter.com/christyowenby,,,,,Founder and CEO,MOXY Company,"1404 Greengate Dr Suite 202, Covington, Louisiana 70433, US",moxycompany.com,https://www.moxycompany.com,https://www.linkedin.com/company/moxycompany,United States,,,,US,MOXY Company,Founder and CEO,2012-07-01,Present,MedEd Combine,Co-Founder and Chief Marketing Officer,2020-09-01,Present,,,,,,,,,,,,,Louisiana State University,Bachelor of Science (B.S.),,,Ursuline Academy of New Orleans,High School,,,"Photoshop,Brand Awareness,Blogging,Digital Media,Public Relations,PowerPoint,Social Media,Marketing,Social Networking,Marketing Strategy,Brand Management,WordPress,Digital Marketing,Brand Development,Digital Photography,InDesign,Social Media Marketing,Press Releases,Media Relations",,,,,13,1969,owner,C_suite,po,,,,,
2331167,Brian Phifer,Brian,Phifer,Verified emails found,2025-10-15 11:18:26.689060,brian@phifercompany.com,brian@phifercompany.com,brianphifer@gmail.com,brian@phifercompany.com,brianphifer@gmail.com,,6464154405,6464154405,"6468289227
212-363-6541
1.2122429009
6463805132
2076920883
2122429009",(212) 242-9009,https://www.linkedin.com/in/brianphifer,http://www.facebook.com/people/_/533912523,https://twitter.com/phifercompany,,,,,Founder and CEO,Phifer & Company,"116 West 23rd Street, New York, New York 10011, US",phifercompany.com,https://www.phifercompany.com,https://www.linkedin.com/company/phifer-&-company,"New York, NY, US",New York,,NY ,US,Phifer & Company,Founder and CEO,1997-02-01,Present,Phifer & Company,Talent Acquisition Specialist,1997-02-01,1999-02-01,Porter Novelli,Talent Acquisition Director,2004-01-01,2006-01-01,MullenLowe U.S.,"Vice President, Staffing",1999-01-01,2001-01-01,Grey West,Senior Account Executive,1995-01-01,1997-01-01,Northeastern University,,,,Hingham High School,,,,"Talent Acquisition,Recruiting,Advertising,Human Resources,Digital Marketing,Strategic Communications,Social Networking,Talent Management,Strategy,Marketing Communications,Staffing Services,Executive Search,Public Relations,Permanent Staffing,Coaching,Interviews,Market Research,Organizational Development,Strategic Partnerships,Content Strategy,Negotiation,Lead Generation,New Business Development,Thought Leadership,Email Marketing,Management,Start-ups,Marketing Strategy,Corporate Branding,Time Management,Entrepreneurship,E-commerce,Business Development,Social Marketing,Business Integrity,Brand Awareness,Temporary Placement,Viral Marketing,Retained Search,Marketing,Interviewing,Search Engine Optimization (SEO),Social Media,SEO,Social Media Marketing,Redactie,Seo Schrijven,Start Ups,Training,E Commerce,Tekst Schrijven,Search Engine Optimization Seo,Organizational,Websites Ontwikkelen,Search Engine Optimization",,,"Marketing Communication, PR Daily, The Project Manager Network - #1 Group for Project Managers, The Recruiter.com Network, Brand Planning Global Network, eMarketing Association Network, Inbound Marketers - For Marketing Professionals",,34,1968,owner,C_suite,po,,,,,
6128494,Howard Katzenberg,Howard,Katzenberg,Verified emails found,2025-10-15 11:18:26.500382,hkatzenberg@gmail.com,howard@glean.ai,hkatzenberg@gmail.com,"hkatzenberg@gmail.com,hkatzenberg@glean.ai,hsk10@yahoo.com,scottuws@aol.com",howard@glean.ai,,9178730222,9178730222,"201-222-8679
+63 917 873 0222
212-876-8600
1.9178730222
646-478-7709
888-269-4246",,https://www.linkedin.com/in/howardkatzenberg,https://facebook.com/howard.katzenberg,https://twitter.com/katzenberg,,,,,Founder and CEO,Glean Company,"New York, New York 10010, US",glean.ai,http://www.glean.ai,https://www.linkedin.com/company/glean-ai,"New York, NY, US",New York,,NY ,US,Glean Company,Founder and CEO,2020-01-01,Present,Better,CFO,2018-05-01,2019-07-01,Better Mortgage,CFO,2018-04-30,2019-07-01,OnDeck,CFO,2008-03-01,2018-04-01,OnDeck,CFO,2008-02-29,2018-03-31,The Wharton School,Master of Business Administration,,,,Bachelor of Science,,,"Venture Capital,Credit,Strategic Planning,Loans,Contract Negotiation,Financial Analysis,Problem Solving,Excel,Negotiation,Forecasting,Portfolio Management,Business Strategy,Business Planning,Analysis,Corporate Finance,Analytics,Process Improvement,Strategy Development,New Business Development,Start-ups,Cross-functional Team Leadership,Corporate Development,Strategy,Financial Modeling,Finance,Valuation,Business Development,Cross Functional Team Leadership,Start Ups,Microsoft Excel,Customer Service,Management,Research,Social Media,Sales,Training",,,,,20,1978,owner,C_suite,po,,,,,
1092375,Jeff Lewis,Jeff,Lewis,Verified emails found,2025-10-15 11:18:26.306132,brettskiw@gmail.com,jeff.lewis@guidebook.com,brettskiw@gmail.com,"brettskiw@gmail.com,jeff.lewis@guidebook.com",,"jeff.lewis@newcompany.com,jefflewis@newcompany.com",6504502377,6504502377,"6508531220
6503197233
6503277967
6503226260
6504852956",,https://www.linkedin.com/in/jllewis,https://facebook.com/jeffreyleelewis,https://twitter.com/guidebookapp,,https://crunchbase.com/person/jeff-lewis,https://angel.co/jeff-lewis,,Founder and CEO,New Company,DK,newcompany.com,https://newcompany.com,https://www.linkedin.com/company/new-company,"Palo Alto, CA, US",Palo Alto,,CA ,US,New Company,Founder and CEO,2024-05-31,Present,Guidebook Inc.,Chairman,2021-03-31,Present,Guidebook Inc.,Founder and CEO,2011-03-31,2021-03-31,Eco,Senior Leadership,2021-03-31,2023-10-31,Criteo,Head of US,2009-03-31,2011-03-31,"University of California, Santa Cruz",BS,,,Palo Alto High School,,,,"Social Media,Marketing,Strategy,Team Building,Leadership,Sales,Affiliate Marketing,Entrepreneurship,Advertising,Conversion Optimization,Strategic Planning,Social Media Marketing,Digital Strategy,Business Development,Business Analysis,Microsoft Excel,Startups,Public Speaking,Data Analysis,Program Management,Management,Project Management",,,World Green Business Association,,18,1985,owner,C_suite,po,,,,,
6853740,Traci Bild,Traci,Bild,Verified emails found,2025-10-15 11:18:26.115067,tbild@bildandco.com,tbild@bildandco.com,,"tbild@bildandco.com,tracib@bildandco.com",,,8133903349,8133903349,"8006400688
813.390.3348
809.640.0688
813-884-4077
8133345300
8138849368
813-884-4074
6157130887
813-886-7069",(813) 390-3349,https://www.linkedin.com/in/tracibild,https://facebook.com/tracibild,https://twitter.com/bildandco,,,,,Founder and CEO,Bild & Company,"10801 Starkey Rd. Suite 104, Seminole, Florida 33777, US",bildandco.com,http://bildandco.com,https://www.linkedin.com/company/bild-&-company,"Florida, United States",,,FL ,US,Bild & Company,Founder and CEO,1999-11-01,Present,Bridge The Gap The Senior Living Podcast,BTG Contributor,2020-05-01,Present,Author of Get Your Girl Back: Revisit What's Possible for Your Life,Book Author,2013-07-01,2015-11-01,,,,,,,,,Embry-Riddle Aeronautical University,Bachelor of Science (BS),,,,,,,"Marketing,Business Development,Coaching,Team Building,Public Speaking,Marketing Strategy,Sales Management,Executive Coaching,Public Relations,Healthcare Industry,Community Outreach,Women's Issues,Work Life Balance,Entrepreneurship,Leadership,Recruiting,Event Planning,Training,Sales,Healthcare,Management,Social Media,Published Author,Strategic Partnerships,Elder Care,Strategy,Social Networking,Customer Service,Seniors,Online Marketing,Long-term Care,Lead Generation,Event Management,Home Care,Leadership Development,Management Consulting,Social Media Marketing,Marketing Communications,Executive Management,New Business Development,Nonprofits,Organizational Development,Start-ups,Fundraising,Small Business,Strategic Planning,Staff Development,Advertising,Assisted Living,Market Planning,Organizational,Microsoft Excel,Startups,Start Ups,Long Term Care,Editing,Business Strategy,Microsoft Office",,,"Global Accelerator 2014 - United Nations Foundation, Powerful Women Leaders Pay Attention, Licensed Nursing Home Administrators of America, CCRC's - Continuing Care Retirement Communities, Ladies Who Launch, Business Solutions Exchange, MPI - South Florida Chapter (Meeting Professionals International)",,25,1972,owner,C_suite,po,,,,,
10270645,Kathleen Craig,Kathleen,Craig,Verified emails found,2025-10-15 11:18:25.891715,kcraig@plinqit.com,kcraig@plinqit.com,kathleencraig9@icloud.com,"kcraig@plinqit.com,kathleencraig9@icloud.com",,kathleen@aftweb.com,7346492362,7346492362,7342143700,,https://www.linkedin.com/in/kathleenecraig,,https://twitter.com/kcraig115,,,,,Founder and CEO,Plinqit Company,"Dexter, Michigan 48130, US",plinqit.com,http://plinqit.com,https://www.linkedin.com/company/plinqit,"Ann Arbor, MI, US",Ann Arbor,,MI ,US,Plinqit Company,Founder and CEO,2018-01-01,Present,Association for Financial Technology (AFT),"Member, Board of Directors",2019-09-01,Present,WalletFi,Advisor,2017-08-01,2022-08-01,United Way of Washtenaw,"Committee Member, Power of the Purse",2010-10-01,2015-12-01,United Bank & Trust,"Vice President, Consumer eServices",2010-11-01,2013-10-01,Eastern Michigan University,,,,,,,,"Customer Experience,Voice of the Customer,Internet Banking,Bill Payment,Mobile Banking,Visioning,Project Planning,Project Implementation,Project Coordination,Strategic Planning,Strategy Development,Leadership,Customer Service,Strategy,Banking,Marketing Communications,Leadership Development,Project Management,Sales,Change Management,Public Speaking,Time Management,Team Building,Budgets,Credit,Management,Training,Marketing Strategy,Risk Management,Marketing,Executive Management,Business Development,Budgeting",,,"The Enlightened Business Summit, Biometrics For eCommerce, Lean In Community, Women Entrepreneurs Worldwide, Digital Marketing for Financial Services Community, Retail Banking Network, Michigan Economic Developers Association, Credit Union Network for Financial Literacy, Bank Innovation, Center for Positive Organizations, ICMI ACCE - The Global Gathering for the Contact Center Community, Credit Union Insight - CUInsight.com, Product Management 2.0 - Realism, Ideas, Experience, LA2M - Marketing Education",,20,1981,owner,C_suite,po,,,,,
27624057,Rahul Sethi,Rahul,Sethi,Verified emails found,2025-10-15 11:18:25.723476,rahul.sethi@bain.com,rahul.sethi@bain.com,rahulrksethi@gmail.com,"rahul.sethi@bain.com,rahulrksethi@gmail.com",,,5088637107,5088637107,"7819329233
6502047976",,https://www.linkedin.com/in/rahulsethi1,,,,,,,President and Co-founder NPS Prism by Bain and Company,Bain & Company,"131 Dartmouth Street, Boston, Massachusetts 02116, US",bain.com,http://www.bain.com,https://www.linkedin.com/company/bain-and-company,"Boston, MA, US",Boston,,MA ,US,Bain & Company,President and Co-founder NPS Prism by Bain and Company,2019-08-01,Present,Bain & Company,Partner and EVP,2019-07-31,Present,SharkNinja,Vice President Global Sales Planning and Analytics,2017-12-01,2019-08-01,Motista,Managing Director,2016-01-01,2017-11-01,Grail Research,"Senior Vice President and Business Unit Head, Americas and Africa",2012-01-01,2016-01-01,Syracuse University,Master of Arts,,,Newhouse School,Master of Arts,,,"Strategy,Market Research,Business Strategy,Management Consulting,Analytics,Marketing Strategy,Segmentation,Customer Insight,Business Intelligence,Competitive Analysis,Management,Competitive Intelligence,Brand Development,Business Development,Market entry in Africa,Information Management,Travel and Tourism,Southern Africa,Strategic Consulting,Emerging Markets,Account Management,Consumer Buying Process Insights,Foreign Investment,Private Equity,Consumer Buying Process,Predictive Analytics,Emotional Intelligence,Big Data Analytics",,,,,22,1977,cxo,,po,,,,,
5634223,Devin Duszynski,Devin,Duszynski,Verified emails found,2025-10-15 11:18:25.550356,dwduszynski@gmail.com,,dwduszynski@gmail.com,dwduszynski@gmail.com,,,5053852217,5053852217,"3256172432
3256172808
9706868919
5052981491
8175418143",,https://www.linkedin.com/in/devin-duszynski-cpa-a2197b9,https://facebook.com/devin.duszynski,,,,,,Co-Founder and Chief Financial Officer,Private Company,UK,psypr.com,http://psypr.com,https://www.linkedin.com/company/the-raised-bed-company,"Albuquerque, NM, US",Albuquerque,,NM ,US,Private Company,Co-Founder and Chief Financial Officer,2019-03-01,Present,Solo Stove,VP of Finance,2021-01-01,2022-12-01,Solo Brands,VP of Finance,2021-01-01,2022-12-01,Solo Stove,Controller,2020-07-01,2021-01-01,Clarus,Chief Financial Officer,2018-08-01,2019-02-01,Texas Christian University,Master of Accounting (MAc),,,Texas Christian University,Bachelor of Business Administration (BBA),,,"Auditing,Due Diligence,General Ledger,Talent Acquisition,Sarbanes Oxley Act,Contract Negotiation,Accounting,Sarbanes Oxley,GAAP,Financial Modeling,Assurance,Financial Accounting,Internal Controls,Variance Analysis,Internal Audit,Customer Service,Financial Statements,Recruiting,External Audit,Financial Reporting,US GAAP,Financial Analysis,SEC filings,CPA,Tax,PowerPoint,Svs,Soccer,Defense,Winter,Christian,Daily Operations,Softball,Casing,Laser,Customer Satisfaction,System,Weight Training,Mechanical,Oil And Gas Industry,Finance,Sage Act,Active,Lenses,Energy,Engineering,Compliance,Inventory,Boeing,Microsoft Office,Microsoft Word,Acquisitions,Electricians,Microsoft Excel,Nutrition,Pizza,Community Leadership,Billiards,Fire Management,Boys,SAT,Travel,Project,Flag Football,Texas,Financial Transactions,House,Culture,Design,Revenue,Table Tennis,Funding,Basketball,Directing,Mergers and Acquisitions,Paper,Store Opening,New Mexico,Analysis,Recording,Divestitures,Resolve,Responsibility,Oil and Gas",,,,,19,1985,owner,C_suite,po,,,,,
242386593,Julian Conzade,Julian,Conzade,Verified emails found,2025-10-15 11:18:25.311597,julian_conzade@mckinsey.com,julian_conzade@mckinsey.com,,,julian_conzade@mckinsey.com,julian.conzade@mckinsey.com,,,,,https://www.linkedin.com/in/julian-conzade,,,,,,,Co-Founder,McKinsey & Company,"711 3rd Ave, New York City, New York 10017, US",mckinsey.com,http://www.mckinsey.com,https://www.linkedin.com/company/mckinsey,,,,,US,McKinsey & Company,Co-Founder,2021-04-30,Present,Techstyle Solutions,Co-Founder,2018-08-01,Present,McKinsey & Company,Engagement Manager,2015-10-01,Present,Eth Zurich,Graduate Teaching Assistant,2013-09-01,2014-05-01,McKinsey & Company,Intern,2013-06-01,2013-07-01,Insead,Master of Business Administration,,,"University of California, Berkeley",Masters,,,,,,,,13,1987,owner,C_suite,po,,,,,
17546732,Keke Lyles,Keke,Lyles,Verified emails found,2025-10-15 11:18:25.133311,keke5233@gmail.com,keke.lyles@sportlight.ai,keke5233@gmail.com,"keke5233@gmail.com,keke5233@yahoo.com,keke5233@aol.com","keke.lyles@sportlight.ai,keke.lyles@bellsouth.net,chavdar_a@yahoo.com,keke5233@socal.rr.com,aka14423@aol.com",klyles@sportlight.ai,510-590-0602,510-590-0602,"510-986-5405
909-389-7280
617-302-4049
909-792-2690
470-891-8963
612-673-1626
909-215-8991
612-875-3070",,https://www.linkedin.com/in/keke-lyles-06807aa6,http://www.facebook.com/people/_/55803479,,,,,,Founder of sport and health tech and human performance consultant,Private company,"London, England, GB",,,https://www.linkedin.com/company/private-company-uk,"San Diego, CA, US",San Diego,,CA ,US,Private company,Founder of sport and health tech and human performance consultant,2019-12-01,Present,Sportlight Technology,Strategic Advisor,2025-05-01,Present,Alumni Ventures,Venture Scout,2023-10-01,Present,Springbok Analytics,Product Consultant,2022-03-01,Present,Callaway Golf,Consultant,2021-10-01,Present,Northeastern University,,,,,,,,"Strength & Conditioning,Strength Training,Sports Science,Sports Medicine,Orthopedic Rehabilitation,Sports Injuries,Sports Performance Enhancement,Injury Prevention,Corrective Exercise,Rehabilitation,Athletics,Personal Training,Fitness,Exercise Physiology,Sports Management,Sports Coaching,Sports,Sports Marketing,Public Speaking,Strength And Conditioning,Training,Coaching",,,,,13,1984,owner,,po,,,,,
70352311,Jason Barro,Jason,Barro,Verified emails found,2025-10-15 11:18:24.965506,jason.barro@bain.com,jason.barro@bain.com,,jason.barro@bain.com,,,6465628157,6173048304,"6172674139
6173048304",,https://www.linkedin.com/in/jason-barro-b25a8a,,,,,,,Founder and Lead Partner of NPS Prism,Bain & Company,"131 Dartmouth Street, Boston, Massachusetts 02116, US",bain.com,http://www.bain.com,https://www.linkedin.com/company/bain-and-company,"New York, NY, US",New York,,NY ,US,Bain & Company,Founder and Lead Partner of NPS Prism,2018-10-01,Present,Harvard Business School,Assistant Professor,1999-07-01,2004-07-01,,,,,,,,,,,,,Harvard University,Doctor Of Philosophy,,,,,,,,,,,,12,1971,owner,,po,,,,,
8638219,Dene Rogers,Dene,Rogers,Verified emails found,2025-10-15 11:18:24.775736,denelrogers@icloud.com,drogers@presidio.com,denelrogers@icloud.com,"denelrogers@icloud.com,denemac53@hotmail.com",drogers@presidio.com,denerogers@presidio.com,920-968-1477,647-203-0120,"647-203-0120
416-941-4220
416-941-2122
847-286-2500
416-362-1711
416-362-1711 x3800",,https://www.linkedin.com/in/denerogers,https://facebook.com/100008383840538,,,,,,Co-founder and Principal,Presidio & Company,"1 Pennsylvania Plaza Suite 2832, New York, New York 10119, US",presidio.com,http://www.presidio.com,https://www.linkedin.com/company/presidio-,"California, United States",,,CA ,US,Presidio & Company,Co-founder and Principal,2013-06-01,Present,Target Australia,Chief Executive Officer,2011-01-01,2013-01-01,ESL Investments,"President and Chief Executive Officer, Sears Canada Inc.",2003-01-01,2011-01-01,"Starwood Hotels & Resorts Worldwide, Inc.","Senior Vice President, Development, Planning and New Products",2001-01-01,2003-01-01,GE Capital,"Senior Vice President, Global Business Development",1998-01-01,2001-01-01,Yale University,,,,University of Oxford,,,,"Microsoft Word,Customer Service,PowerPoint,Outlook,Public Speaking,Multi-channel Retail,Retail Marketing,Retail Sales,Online Retail,Strategic Planning,Business Strategy,Global Sourcing,Marketing Strategy,People Development,Operations Management,Financial Risk,Inventory Management,Retail,Sales,Start-ups,Business Planning,Management,Strategy,Entrepreneurship,Leadership,Social Media,Multi Channel Retail,Training,Start Ups",,,,,29,1977,owner,C_suite,po,,,,,
12856189,Ian Weber,Ian,Weber,Verified emails found,2025-10-15 11:18:24.604034,ian.weber@bain.com,ian.weber@bain.com,ianweber@gmail.com,"ian.weber@bain.com,ianweber@gmail.com,jcashdan@gmail.com",ian@pantas.com,,203-820-5570,203-820-5570,"970-690-4562
1.2038205570
970-691-8016
970-691-2410
212-931-6978
646-861-2695
203-327-6252
59827080808
212-206-3835",,https://www.linkedin.com/in/ian-weber-8206ab18,https://facebook.com/weber.ian,,,,,,Founder and General Manager of Pyxis by Bain and Company,Bain & Company,"131 Dartmouth Street, Boston, Massachusetts 02116, US",bain.com,http://www.bain.com,https://www.linkedin.com/company/bain-and-company,"New York, NY, US",New York,,NY ,US,Bain & Company,Founder and General Manager of Pyxis by Bain and Company,2017-01-01,Present,Pantas,Seed Investor,2021-03-01,Present,Pyxis,Co-Founder and CEO of Pyxis,2017-01-01,2019-12-01,"Fore Research & Management, LP",Analyst,2014-08-01,2016-12-01,AB Bernstein,Vice President | Senior Associate,2010-05-01,2014-08-01,University of Pennsylvania,Bachelor of Science (B.S.),,,University of Pennsylvania,Bachelor of Arts (B.A.),,,"Business Strategy,Financial Modeling,Strategy,Marketing Strategy,Competitive Analysis,Strategic Planning,Business Development,Market Research,Investment Management,Valuation",,,,,19,1948,owner,,po,,,,,
134329253,Caren Lettiere,Caren,Lettiere,Verified emails found,2025-10-15 11:18:24.414344,caren_lettiere@kellwood.com,caren_lettiere@kellwood.com,,"caren_lettiere@kellwood.com,caren.lettiere@kellwood.com",,carenlettiere@kellwood.com,3103150514,3106857452,"3106857452
7318550013",,https://www.linkedin.com/in/carenlettiere,,,,,,,Founder and President Democracy and Wit and Wisdom Division,Kellwood Company,"13071 E Temple Ave, City of Industry, California 91746, US",kellwood.com,http://www.kellwood.com,https://www.linkedin.com/company/kellwood-company,"Santa Monica, CA, US",Santa Monica,,CA ,US,Kellwood Company,Founder and President Democracy and Wit and Wisdom Division,2010-01-01,Present,Kellwood Company,President Jolt and Rewind-Democracy Division of Kellwood,2004-04-01,2016-04-01,Kellwood Company,Division Head Jolt and Rewind Juniors Division,2004-04-01,2009-08-01,Kellwood Company,President XOXO Division,2003-04-01,2004-04-01,Rampage Clothing Company,President Trilogy Division,2001-04-01,2003-04-01,"University of California, Los Angeles",BA,,,,,,,,,,,,37,1961,owner,,po,,,,,
51235464,Bhushan Pyakurel,Bhushan,Pyakurel,Verified emails found,2025-10-15 11:18:24.226835,bhushan4104@gmail.com,,bhushan4104@gmail.com,"bhushan4104@gmail.com,bhushan4104@yahoo.com,durgazinfotech@gmail.com,dsguptas@gmail.com",me_bhushan@hotmail.com,,469-826-4104,469-826-4104,"469-358-3573
1.4698264104",,https://www.linkedin.com/in/bhushan-pyakurel-88b72493,https://facebook.com/bhushan.pyakurel,https://twitter.com/i/user/113858470,,,,,Founder,Private company,"London, England, GB",,,https://www.linkedin.com/company/private-company-uk,"Irving, TX, US",Irving,,TX ,US,Private company,Founder,2023-03-01,Present,StaffMonk.com,Chief Executive Officer,2022-12-01,2023-03-01,Prime Axis Technologies Inc,CEO,2014-01-01,2023-01-01,,,,,,,,,Amberton University,Master of Business Administration (MBA),,,North Lake College,,,,"Applicant Tracking Systems,Benefits Negotiation,Internet Recruiting,Screening,Technical Recruiting,Staffing Services,Staff Augmentation,IT Recruitment,Screening Resumes,College Recruiting,SDLC,Sourcing,Talent Acquisition,Contract Recruitment,Oracle,SQL,Software Development Life Cycle (SDLC),Recruiting,Information Technology,Technology,Microsoft Excel,Marketing,Training,Management",,,"SQL Server Developers, ASP.NET Developers, NDF: Investment & Business, SQL Jobs, Contract Careers USA, Mobile Apps Testing (Mobile QA Zone), TALENT RECRUITERS NETWORK",,11,1941,owner,C_suite,po,,,,,
724072839,McGuire Brannon,McGuire,Brannon,Verified emails found,2025-10-15 11:18:24.052177,mcguirebrannon@gmail.com,,mcguirebrannon@gmail.com,,mcguirebrannon@gmail.com,,,,,,https://www.linkedin.com/in/mcguirebrannon,,,,,,,Founder,Company,"335 Madison Ave, New York, New York, US",company.co,https://company.co/,https://www.linkedin.com/company/companyventures,"New York, NY, US",New York,,NY ,US,Company,Founder,2023-09-01,Present,Webflow,VP of Education and Community,2022-03-01,2023-09-01,Webflow,VP of Education,2021-03-01,2022-03-01,Webflow,Director of Education,2020-03-01,2021-03-01,Webflow,Head of Education,2017-11-01,2020-03-01,,,,,,,,,,,,,,21,,owner,C_suite,po,,,,,
26801930,Cheryl Scruggs-Henderson,Cheryl,Scruggs-Henderson,Verified emails found,2025-10-15 09:49:55.718571,cherylscr1214@gmail.com,scruggshendersonc@associaonline.com,cherylscr1214@gmail.com,"cherylscr1214@gmail.com,crhenderson62@yahoo.com,trudye1214@hotmail.com,brandonbxt@hotmail.com","scruggshendersonc@associaonline.com,scruggshenderson@associaonline.com,cscruggshenderson@associaonline.com,cherylscruggshenderson@associaonline.com,cheryl.scruggshenderson@associaonline.com","cheryl@associaonline.com,cheryls@associaonline.com",469-628-7229,469-628-7229,"214-707-0765
1.4696287229
972-863-9302
972-293-2948
214-608-0109
270-893-1026
712-298-0837",,https://www.linkedin.com/in/cheryl-scruggs-henderson-a7643762,http://www.facebook.com/cheryl.scruggshenderson,,,,,,Vice President of Accounting,Associa,"2301 N Greenville Ave, Richardson, Texas 75082, US",associaonline.com,https://www.associaonline.com,https://www.linkedin.com/company/associa,"Texas, United States",,,TX ,US,Associa,Vice President of Accounting,2021-07-01,Present,Associa,Controller,2019-02-01,Present,Avero Diagnostics,Director of Finance and Accounting,2015-09-01,2019-01-01,Greystar,Corporate Accounting Manager,2009-06-01,2015-04-01,"Frandeli Group, LLC",Corporate Accounting Manager,2007-05-01,2009-01-01,University of Phoenix,Master Of Business Administration,,,University of Texas at Arlington,Bachelors,,,"General Ledger,GAAP,Account Reconciliation,Accounts Payable,Auditing,Budgeting,Budgets,Customer Service,Finance,Financial Reporting,Fixed Assets,Forecasting,Management,Microsoft Excel,Payroll,Accounting",,,,,26,1969,vp,Finance,xp,,,,,
37498510,Shelley Pitser,Shelley,Pitser,Verified emails found,2025-10-15 09:49:55.541909,jspitser@msn.com,shelley.pitser@cartus.com,jspitser@msn.com,"jspitser@msn.com,pitserjake@aol.com",shelley.pitser@cartus.com,,2035029167,,"2037888578
7143669011
8603669011
7652896970
9493669011
9494932539
8603546716
8603540072",,https://www.linkedin.com/in/shelley-pitser-85667811,,,,,,,"Vice President, Operations Accounting",Cartus,"100 Reserve Road, Danbury, Connecticut 06810, US",cartus.com,http://www.cartus.com,https://www.linkedin.com/company/cartus,"Connecticut, United States",,06796,CT ,US,Cartus,"Vice President, Operations Accounting",2014-08-01,Present,Cartus,"Director, Client Finance",2002-06-01,2014-08-01,Coldwell Banker,Staff Accountant,1996-01-01,2000-01-01,Donahue Schriber,Staff Accountant,1995-01-01,2000-01-01,Elliott Corporation,Staff Accountant,1990-01-01,1995-01-01,Fairfield University,Masters,,,Ball State University - Miller College of Business,Bachelors,,,"Real Estate,Relocation,Corporate Relocation,Account Management,Customer Satisfaction,Negotiation,Expatriate Management,Property Management,Selling,Contract Negotiation,Real Estate Transactions,Financial Analysis,Sales,Investment Properties,Budgets,Customer Service,Marketing,Management,Process Improvement,Finance,Vendor Management,Team Building,Strategic Planning,Accounting,Leadership,Microsoft Excel,Operations Management,Microsoft Office,Communication,Robotic Process Automation Rpa,Enterprise Marketing,Product Management,Executive Leadership,Business Process Improvement,Small Business Marketing,Robotic Process Automation",,,"Finance Plus: Private Equity, Venture Capital and M&A news, Fairfield University Alumni, Institute of Management Accountants (IMA®) Official Site",,33,1965,vp,Finance,xp,,,,,
34591176,Maribel Garcia,Maribel,Garcia,Verified emails found,2025-10-15 09:49:55.356959,maribelgpiedra@gmail.com,mgarcia@kayak.com,maribelgpiedra@gmail.com,maribelgpiedra@gmail.com,"mgarcia@kayak.com,mgarcia@opentable.com",maribel@kayak.com,9144941851,,,,https://www.linkedin.com/in/maribel-garcia-b27759b,,,,,,,"Senior Vice President, Controller",KAYAK,"1266 E Main St 700R, Stamford, Connecticut 06902, US",kayak.com,http://www.kayak.com,https://www.linkedin.com/company/kayak,"Los Angeles, CA, US",Los Angeles,,CA ,US,KAYAK,"Senior Vice President, Controller",2022-07-01,Present,OpenTable,"Senior Vice President, Controller",2022-07-01,Present,PVH Corp.,"Vice President, External Reporting",2019-01-01,2022-06-01,PVH Corp.,"Director, External Reporting",2014-08-01,2018-12-01,PwC,Senior Associate,2007-09-01,2010-06-01,Association of Chartered and Certified Accountants (ACCA),ACCA,,,Norwegian School of Economics (NHH),,,,"Financial Reporting,Financial Accounting,Financial Analysis,IFRS,US GAAP,Consolidation,External Audit,Accounting,Fashion Retail,Auditing,Analysis,Internal Controls,Leadership,Economics,Business Analysis,Finance,Global Marketing,Strategic Planning,Branding,Editing,Project Management",,,"Chief Financial Officer (CFO) Network - The #1 Group for CFOs, PwC Alumni, Retail Industry Professionals Group",,19,1982,vp,Finance,xp,,,,,
100789969,Ryan Barkan,Ryan,Barkan,Verified emails found,2025-10-15 09:49:55.177232,ryanbarkan@shearers.com,ryanbarkan@shearers.com,,ryanbarkan@shearers.com,,,3308300818,,,,https://www.linkedin.com/in/ryan-barkan-cpa-mba-63655117b,,,,,,,"Vice President, Corporate Accounting",Shearer's Foods,"100 Lincoln Way East, Massillon, Ohio 44646, US",shearers.com,http://www.shearers.com,https://www.linkedin.com/company/shearer's-foods-inc-,"Navarre, OH, US",Navarre,44662,OH ,US,Shearer's Foods,"Vice President, Corporate Accounting",2022-09-01,Present,Shearer's Foods,"Director, Corporate Accounting",2010-04-01,2016-01-01,Shearer's Foods,Assistant Controller,2005-09-01,2010-03-01,Ernst & Young,Senior Assurance Associate,2001-01-01,2005-01-01,,,,,Malone University,Master of Business Administration - MBA,,,Malone University,,,,,,,,,17,1979,vp,Finance,xp,,,,,
1427115,Steve Keisling,Steve,Keisling,Verified emails found,2025-10-15 09:49:54.988659,stephen.keisling@unifycx.com,stephen.keisling@unifycx.com,steve3981@gmail.com,"stephen.keisling@unifycx.com,steve3981@gmail.com,steve3981@yahoo.com","skeisling@hotmail.com,steve3981@hotmail.com",,617-694-8541,617-694-8541,603-888-2353,,https://www.linkedin.com/in/steve-keisling-2b393110,,,,,,,Vice President of Accounting,UnifyCX,"9931 Corporate Campus Dr Suite 1400, Louisville, Kentucky 40223, US",unifycx.com,https://www.unifycx.com,https://www.linkedin.com/company/unifycx,"Nashua, NH, US",Nashua,,NH ,US,UnifyCX,Vice President of Accounting,2025-02-01,Present,Imprivata,Vice President Of Finance,2018-03-01,2025-01-01,Imprivata,"Director, Revenue Accounting",2015-09-01,2018-03-01,Decision Resources Group,"Director, Revenue Recognition",2013-03-01,2015-09-01,Decision Resources Group,Revenue Manager,2011-04-01,2013-03-01,Siena University,,,,North Andover High School,,,,"SOX,Revenue Recognition,Forecasting,Accounting,SOP 97-2,EITF 08-01,EITF 09-03,Sarbanes-Oxley Act,General Ledger,US GAAP,Finance,Financial Analysis,Sarbanes Oxley Act,Microsoft Excel,Java,Eitf 08 01,Eitf 09 03,Business Development,Strategy,Sales,SQL,Sop 97 2",,,Software as a Service - SaaS - Group,,27,1976,vp,Finance,xp,,,,,
102656033,Rene H,Rene,H,Verified emails found,2025-10-15 09:49:54.806655,hagedornrene@gmail.com,rene.h@harman.com,hagedornrene@gmail.com,"hagedornrene@gmail.com,rene.hagedorn@gmx.de",rene.h@harman.com,rh@harman.com,267-902-7294,267-902-7294,"267-902-7295
248-732-7768",,https://www.linkedin.com/in/rene-h-9a81619,,,,,,,Vice President Controlling,HARMAN International,"400 Atlantic St, Stamford, Connecticut 06901, US",harman.com,http://www.harman.com,https://www.linkedin.com/company/harman-international,"West Bloomfield Township, MI, US",West Bloomfield Township,,MI ,US,HARMAN International,Vice President Controlling,2024-01-01,Present,Fisker Inc,Vice President Global Finance,2023-10-01,2024-03-01,Fisker Inc,Sr. Director Global Finance,2023-04-01,2023-09-01,Fisker Inc,Global Finance Director,2022-04-01,2023-06-01,Fisker Inc,Director of FP and A,2021-11-01,2022-03-01,Technische Universität Kaiserslautern,Dipl. -Wirtsch. -Ing,,,Technische Universitaet Kaiserslautern,Dipl. Wirtsch. Ing,,,,,,,,18,1977,vp,Finance,xp,,,,,
48005807,Nathan Lewis,Nathan,Lewis,Verified emails found,2025-10-15 09:49:54.650803,nathan.lewis@streamrealty.com,nathan.lewis@streamrealty.com,,nathan.lewis@streamrealty.com,,,2146636731,2146636731,"2147970571
9723850513",,https://www.linkedin.com/in/nathan-lewis-8803268b,,,,,,,Vice President - Project Accounting,Stream Realty Partners,"2001 Ross Avenue Suite 400, Dallas, Texas 75201, US",streamrealty.com,https://streamrealty.com/,https://www.linkedin.com/company/stream-realty-partners,United States,,,,US,Stream Realty Partners,Vice President - Project Accounting,2023-06-01,Present,Press Waffle Co.,Partner,2016-05-01,2025-03-01,Stream Realty Partners,Controller,2020-11-01,2023-06-01,Stream Realty Partners,Assistant Controller,2020-03-01,2020-11-01,Stream Realty Partners,Accounting Manager,2018-08-01,2020-02-01,Texas A&M University,,,,,,,,"Auditing,Asset Based Lending,Banking,Factoring,Business Relationship Management,Reporting and Analysis,Lotus Notes,Report Writing,Portfolio Management,Financial Modeling,Data Analysis,Credit Risk,Finance,Commercial Banking,Account Reconciliation,Risk Assessment,Microsoft Excel,Credit,Financial Analysis,Customer Support,Regression Models,Financial Reporting,Credit Analysis,Loans,Commercial Lending,Spanish",,,,,12,1988,vp,Finance,xp,,,,,
29675099,David Reed,David,Reed,Verified emails found,2025-10-15 09:49:54.491413,david.l.reed@comcast.net,david.reed@cenveo.com,david.l.reed@comcast.net,david.l.reed@comcast.net,"david.reed@cenveo.com,reedd@cenveo.com,dreed@cenveo.com","davidr@cenveo.com,david@cenveo.com,d.reed@cenveo.com",7088394021,,,,https://www.linkedin.com/in/davidlreed,,,,,,,Vice President Of Accounting,Cenveo Inc.,"200 First Stamford Place 2nd Floor, Stamford, Connecticut 06902, US",cenveo.com,http://www.cenveo.com,https://www.linkedin.com/company/cenveo,"Willow Springs, IL, US",Willow Springs,,IL ,US,Cenveo Inc.,Vice President Of Accounting,2013-11-01,Present,Cenveo Envelope Group,Senior Director of Accounting,2009-11-01,2013-11-01,DA Stuart Company,North American Controller,2005-10-01,2009-11-01,"Rollprint Packaging Products, Inc.",Corporate Controller,1998-07-01,2005-10-01,"Rollprint Packaging Products, Inc.",Accounting Manager,1990-01-01,1998-01-01,Indiana University,BS,,,Portage High School,High School Diploma,,,"Cash Management,Auditing,Inventory Management,Forecasting,ERP System Implementation,Financial Analysis and Reporting,Team Building and Staff Development,Costing and Variance Analysis,Acquisitions and Integration,Operating and Capital Budgeting,General Ledger,JD Edwards,Financial Analysis,Financial Accounting,Manufacturing,Budgets,ERP,Finance,Accounting,Capital Budgeting,Cost Accounting,Payroll,Strategic Planning,Sarbanes-Oxley Act,Change Management,Team Building,Cash Flow,Continuous Improvement,Process Improvement,Executive Management,Operations Management,SEC filings,Business Process Improvement,Variance Analysis,Six Sigma,Account Reconciliation,Financial Statements,Financial Reporting,Mergers & Acquisitions,Negotiation,SAP,GAAP,Public Speaking,Sarbanes Oxley Act,Mergers and Acquisitions,Marketing,Customer Service,Business Process,Costing and Variance,Operating and Capital,Project Management,Business Development,Erp System,Sales,Team Building and Staff,Acquisitions",,,"Executive Suite, CPA & Business Professional Group, JD Edwards Professionals (JDE)",,35,1963,vp,Finance,xp,,,,,
21106172,Katherin Daniels,Katherin,Daniels,Verified emails found,2025-10-15 09:49:54.309398,katherin.daniels@abcfitness.com,katherin.daniels@abcfitness.com,,,katherin.daniels@abcfitness.com,,4698795459,,,,https://www.linkedin.com/in/katherin-daniels-cpa-41349128,,,,,,,Vice President Corporate Controller,ABC Fitness Solutions,"208 E Kiehl Ave, Sherwood, Arkansas 72120, US",abcfitness.com,https://abcfitness.com/,https://www.linkedin.com/company/abc-fitness-solutions,"Texas, United States",,,TX ,US,ABC Fitness Solutions,Vice President Corporate Controller,2022-09-01,Present,ABC Fitness Solutions,Accounting Controller,2021-01-01,2022-09-01,ABC Financial Services,Assistant Controller,2020-09-01,2021-01-01,ACTIVE Network,Director Of Accounting,2019-06-01,2020-09-01,"ACTIVE Network, LLC","Senior Manager, Revenue Operations",2018-08-01,2019-06-01,The University of Texas at Austin,Master in Professional Accounting,,,St.Edward's University,Bachelor of Business Administration,,,"Financial Reporting,Project Management,Sarbanes-Oxley Act,Accounting,Financial Analysis,Microsoft Office,Microsoft Excel,Oracle E-Business Suite,Analysis,SharePoint Designer,Financial Accounting,General Ledger,SAP,Internal Controls,Account Reconciliation,Variance Analysis,US GAAP,Oracle Discoverer,Capital Budgeting,Hyperion Enterprise,Hyperion,Microsoft Word,Forecasting,Oracle Financials,Business Objects,Outlook,Public Speaking,CPA TX license #095021,Excel,Finance,Word,Budgeting,Budget Monitoring,Pricing,Product Cost Analysis,U.S. Generally Accepted Accounting Principles (GAAP),Sarbanes Oxley Act,u.s. Generally Accepted Accounting Principles Gaap,Management,PowerPoint,Business Analysis,Oracle E Business Suite,u.s. Generally Accepted Accounting Principles",,,"Texas Exes - The University of Texas Ex-Students' Association, Houston CPA Society Young Professionals, Texas Young Professionals (Houston, Dallas, San Antonio, Austin & Fort Worth Chapters), Houston CPA Society",,17,1988,vp,Finance,xp,,,,,
16020080,Troy Russell,Troy,Russell,Verified emails found,2025-10-15 09:49:54.102685,trussell@ritehite.com,trussell@ritehite.com,,trussell@ritehite.com,,,4147594819,4147594819,4149733100,,https://www.linkedin.com/in/troy-russell-6707233,https://facebook.com/troy.russell.921,,,,,,Vice President - Accounting,Rite-Hite,"195 S. Rite-Hite Way, Milwaukee, Wisconsin 53212, US",ritehite.com,http://www.ritehite.com,https://www.linkedin.com/company/rite-hite,"Milwaukee, WI, US",Milwaukee,53212,WI ,US,Rite-Hite,Vice President - Accounting,2014-07-01,Present,Rite-Hite Products Corporation,Controller,2010-01-01,Present,Rite Hite Corporation,Director of Order Administration,2004-10-01,2010-06-01,Rite-Hite Corporation,Financial Team lead - JDE Implementation,2001-09-01,2004-05-01,Rite Hite Corporation,Accounting Supervisor,1998-01-01,2001-05-01,University of Dubuque,,,,,,,,"Forecasting,ERP,Accounting,Manufacturing,Process Improvement,Accounts Payable,Inventory Management,Supply Chain Management,Change Management,Logistics,Troubleshooting,Operations Management,Cost Accounting,Auditing,Negotiation,Management,Finance,Account Management,New Business Development,Strategic Planning,Business Process Improvement",,,"Oracle ERP User Network, JD Edwards OneWorld & EnterpriseOne Functional/Business Analyst Professionals, Quest International Users Group, JD Edwards Professionals (JDE)",,35,1969,vp,Finance,xp,,,,,
10102996,Mike Russo,Mike,Russo,Verified emails found,2025-10-15 09:49:53.919751,mrusso@tjx.com,mrusso@tjx.com,russo_mike@verizon.net,"mrusso@tjx.com,mike_russo@tjx.com",russo_mike@verizon.net,,6177995306,,,,https://www.linkedin.com/in/mike-russo-73002bb,,,,,,,"Vice President, Financial Accounting","The TJX Companies, Inc.","770 Cochituate Road, Framingham, Massachusetts 01701, US",tjx.com,http://www.tjx.com,https://www.linkedin.com/company/tjx,"Boston, MA, US",Boston,,MA ,US,"The TJX Companies, Inc.","Vice President, Financial Accounting",2017-06-01,Present,"The TJX Companies, Inc.","Assistant Vice President, Director of Corporate Financial Accounting",2012-06-01,2017-06-01,"The TJX Companies, Inc.",Manager of Accounting - HomeGoods Division,2007-04-01,2012-06-01,"The TJX Companies, Inc.",Accounting Manager - HomeGoods Division,2004-10-01,2007-04-01,American Golf Corporation,Accounting Manager,2000-09-01,2002-04-01,Bentley University,,,,,,,,"Forecasting,Accounting,Corporate Finance,Financial Analysis,Financial Reporting,Sarbanes-Oxley Act,General Ledger,Auditing,Financial Audits,Inventory Management,Internal Controls,US GAAP,Retail,P&L,Management,Sarbanes Oxley Act,Sales,Budgets,Marketing,Customer Service,Strategic Planning,Leadership,Golf,Finance,Microsoft Word",,,"Retail Industry Professionals Group, HOB Alums, The TJX Companies Alumni, Bentley University Community, Red Sox Nation",,29,1974,vp,Finance,xp,,,,,
93986120,Lisa C,Lisa,C,Verified emails found,2025-10-15 09:49:53.737982,lisa.cefalo@recordedfuture.com,lisa.cefalo@recordedfuture.com,lisac002002@yahoo.com,"lisa.cefalo@recordedfuture.com,lisac002002@yahoo.com,c@recordedfuture.com",,,617-763-6242,617-763-6242,"7812311583
617-337-5019
857-415-4149",,https://www.linkedin.com/in/lisa-c-70b4b25,http://www.facebook.com/people/_/100004915953988,,,,,,Vice President and Controller,Recorded Future,"363 Highland Avenue, Somerville, Massachusetts 02144, US",recordedfuture.com,http://www.recordedfuture.com,https://www.linkedin.com/company/recorded-future,"Boston, MA, US",Boston,,MA ,US,Recorded Future,Vice President and Controller,2019-12-31,Present,Rapid7,Director Of Operations,2013-05-31,Present,Recorded Future,Controller,2018-03-31,2019-12-31,Novartis Vaccines and Diagnostics,Associate Director,2007-09-30,2013-05-31,Liberty Mutual,Assistant Controller,2002-01-01,2007-08-31,Northeastern University,Masters,,,,,,,,,,,,25,1978,vp,Finance,xp,,,,,
18555811,Joy Malivuk,Joy,Malivuk,Verified emails found,2025-10-15 09:49:53.544210,joy.malivuk@trulieve.com,joy.malivuk@trulieve.com,,,"joy.malivuk@trulieve.com,j.malivuk@trulieve.com","jmalivuk@trulieve.com,joymalivuk@trulieve.com,joy_malivuk@trulieve.com",8134950987,,"8134064064
7274802763",,https://www.linkedin.com/in/joy-malivuk-507b054,https://facebook.com/joy.malivuk,,,,,,Vice President of Accounting,Trulieve,"3494 Martin Hurst Rd, Tallahassee, Florida 32312, US",trulieve.com,http://www.trulieve.com,https://www.linkedin.com/company/trulieve,"Clearwater, FL, US",Clearwater,,FL ,US,Trulieve,Vice President of Accounting,2023-01-01,Present,QVC,Director of Accounting,2018-01-01,2023-01-01,"HSN, Inc.","Operational Vice President, Financial Reporting and SEC Compliance",2013-09-01,2017-12-01,HSN,Director of Financial Reporting and SEC Compliance,2008-09-01,2013-09-01,Tech Data,Senior Manager of Corporate Accounting,2007-09-01,2008-09-01,University of Florida,Bachelor of Science (B.S.) and Masters,,,,,,,"Technical Accounting,Leadership,Microsoft Office,Financial Analysis,Financial Reporting,Corporate Finance,Marketing,Accounting,Financial Accounting,Social Media,Project Management,Sarbanes Oxley Act",,,,,26,1974,vp,Finance,xp,,,,,
28135188,Loretta Cangialosi,Loretta,Cangialosi,Verified emails found,2025-10-15 09:49:53.377035,lcangialosi@gmail.com,,lcangialosi@gmail.com,lcangialosi@gmail.com,,,2125733115,516-297-1956,"516-297-1956
516-318-8885
717-627-2211
4106651328
516-488-6389",,https://www.linkedin.com/in/loretta-cangialosi-72025936,,,,,,,"Senior Vice President, Controller",Pfizer,"New York, New York, New York 10017, US",pfizer.com,https://www.pfizer.com/?source=Linkedin,https://www.linkedin.com/company/pfizer,"New York, NY, US",New York,,NY ,US,Pfizer,"Senior Vice President, Controller",,Present,Pfizer,Senior Vice President and Controller,1993-02-01,Present,KPMG,Senior Manager,1980-01-01,1992-01-01,,,,,,,,,New York University,Master of Business Administration,,,Adelphi University,Bachelor of Business Administration,,,"Due Diligence,SAP Implementation,Reporting and Analysis,u.s. Generally Accepted Accounting Principles Gaap,Microsoft Office,Financial Analysis,Auditing,US GAAP,Shared Services,Accounting,Financial Accounting,Forecasting,Finance,Cost Savings,Analytical Skill,Sarbanes Oxley Act,Acquisition Integration,Analysis,Cost Accounting,Cash Flow,Financial Advisory,Editing,Compliance,Internal Controls,Financial Reporting,Divestitures,Public Speaking,Hyperion Enterprise,Hyperion,Mergers,SEC filings,IFRS,GAAP,Mergers and Acquisitions,Cross Functional Team Leadership,Management,Business Process Improvement,u.s. Generally Accepted Accounting Principles",,,,,44,1958,vp,Finance,xp,,,,,
80709487,Adam Stiefel,Adam,Stiefel,Verified emails found,2025-10-15 09:49:53.200635,adam.stiefel86@gmail.com,adam.stiefel@blackrock.com,adam.stiefel86@gmail.com,adam.stiefel86@gmail.com,adam.stiefel@blackrock.com,astiefel@blackrock.com,3024812314,,2674810936,,https://www.linkedin.com/in/adam-stiefel-0a799693,,,,,,,Investment Accounting Vice President,BlackRock,"50 Hudson Yards, New York, New York 10001, US",blackrock.com,http://www.blackrock.com,https://www.linkedin.com/company/blackrock,"Philadelphia, PA, US",Philadelphia,,PA ,US,BlackRock,Investment Accounting Vice President,2022-01-01,Present,BlackRock,Investment Accountant,2018-03-01,2022-01-01,Golub Capital,Investor Relations Analyst,2014-07-01,2017-01-01,JPMorgan Chase,Trade Support,2012-06-01,2014-07-01,JPMorgan Chase,Collateral Specialist,2008-07-01,2012-06-01,Fox School of Business and Management - Temple University,,,,Penn State University,Bachelor of Science (B.S.),,,"Banking,Fixed Income,Securities,Trading,Microsoft Excel,Investments,Financial Analysis,Hedge Funds,Bloomberg,Equities,Derivatives,Capital Markets,Investment Banking,Portfolio Management,Credit Risk,Mortgage Lending,Account Reconciliation,Financial Risk,Settlement",,,,,16,1986,vp,Finance,xp,,,,,
6509793,Tyler Hines,Tyler,Hines,Verified emails found,2025-10-15 09:49:52.990972,tyler.hines@internetbrands.com,tyler.hines@internetbrands.com,thines57@aol.com,"tyler.hines@internetbrands.com,thines57@aol.com",,,3104353065,3104353065,"3014696000
3102804138
5593619768
3103797675",,https://www.linkedin.com/in/tyler-hines-964a335,https://facebook.com/thines57,,,,,,Senior Vice President - Accounting,Internet Brands,"909 N. Sepulveda Blvd., El Segundo, California 90245, US",internetbrands.com,http://www.internetbrands.com,https://www.linkedin.com/company/internet-brands,"Los Angeles, CA, US",Los Angeles,,CA ,US,Internet Brands,Senior Vice President - Accounting,2019-02-01,Present,LiveXLive Media Inc,Corporate Controller,2018-04-01,2019-02-01,Westfield,Vice President - Finance,2010-09-01,2016-12-01,UCLA Alumni Association,Audit Commitee Chair,2004-08-01,2014-01-01,Ticketmaster Entertainment,Deputy Controller,2009-03-01,2010-09-01,"University of California, Los Angeles",Bachelor of Arts (B.A.),,,,,,,"Auditing,Team Building,Financial Reporting,General Ledger,Budgets,CPA,Sarbanes-Oxley Act,Accounting,Cash Flow,Due Diligence,Finance,Financial Analysis,Forecasting,Project Management,Program Management,Sarbanes Oxley Act,Strategic Planning,Strategy",,,"Hilton Worldwide -Active Employees or past Employees, Pi Kappa Alpha Professional Network, Deloitte Employees and Alumni, UCLA Alumni",,27,1992,vp,Finance,xp,,,,,
13012252,Kyle Jackson,Kyle,Jackson,Verified emails found,2025-10-15 09:49:52.827378,kyle_jackson@transwestern.net,kyle_jackson@transwestern.net,kylewaynejack@gmail.com,"kyle_jackson@transwestern.net,kylewaynejack@gmail.com,kyle.jackson@transwestern.net,mikeyj641@aol.com",,,8177130873,8173008470,"8173008470
2144551749",,https://www.linkedin.com/in/kwjackson,https://facebook.com/8359704,https://twitter.com/kyle_jackson,,,,,"Vice President, Controller",Transwestern,"1900 West Loop South Suite 1300, Houston, Texas 77030, US",transwestern.com,http://www.transwestern.com,https://www.linkedin.com/company/transwestern,"Dallas, TX, US",Dallas,,TX ,US,Transwestern,"Vice President, Controller",2024-10-01,Present,RSM US LLP,Audit Senior Manager - Asset Management,2021-08-01,2024-10-01,RSM US LLP,Audit Manager - Asset Management,2020-01-01,2021-08-01,B.C. Williams Companies,Controller,2019-03-01,2020-01-01,KPMG US,Audit Manager,2018-07-01,2019-03-01,Texas A&M University - Mays Business School,Master of Science (M.S.),,,Mays Business School - Texas A&M University,Bachelor of Business Administration (B.B.A.),,,"Auditing,Public Speaking,Accounting,Obtain,Corporate Finance,Preferences,Payments,Location,Civic,Symphony,Net,Teaching,Applications,Graphics,Students,Cost,Debate,Brochures,Government,Communication,Business Services,Academic,Shale,Healthcare,Finance,Advertising,Expense Reports,Dallas,Materials,Fund Of Funds,Concerts,Trace,Account Reconciliation,Executive Positions,Business Administration,Wind,Instruct,Public Policy,Microsoft Office,Case Studies,Group Benefit Plans,Corporations,Asset Management,Bank Deposits,Audit,Checks,Tutoring,Legal,Critical Thinking,Instructional Design,Biography,QuickBooks,Budgets,Texas,Financial Transactions,Management,Private Equity,Design,Politics,Filing,Young Professionals,Health Insurance,Campaigns,Presentations,Income,Employee Benefits,Employment Law,Hedge Funds,Country,Council",,,,,15,1990,vp,Finance,xp,,,,,
13390051,Jacki Bachman,Jacki,Bachman,Verified emails found,2025-10-15 09:49:52.643315,jackibachman@gmail.com,jaclyn.bachman@marriott.com,jackibachman@gmail.com,,"jackibachman@gmail.com,jaclyn.bachman@marriott.com",,845-294-6611,,,,https://www.linkedin.com/in/jacki-bachman-b190446,,,,,,,"Vice President, Accounting Policy",Marriott International,"10400 Fernwood Road, Bethesda, Maryland 20817, US",marriott.com,http://www.marriott.com,https://www.linkedin.com/company/marriott-international,"Phoenix, AZ, US",Phoenix,,AZ ,US,Marriott International,"Vice President, Accounting Policy",2021-01-01,Present,Marriott International,"Senior Director, Accounting Policy",2016-09-01,2021-01-01,"Starwood Hotels & Resorts Worldwide, Inc.","Director, Financial Reporting and Development Support",2014-02-01,2016-09-01,"Starwood Hotels & Resorts Worldwide, Inc.","Director, Global Compliance - Corp and Timeshare Assurance",2012-06-01,2014-02-01,"Starwood Hotels & Resorts Worldwide, Inc.","Director, Consolidations and International Accounting",2007-11-01,2012-05-01,Gies College of Business - University of Illinois Urbana-Champaign,B.S.,,,,,,,"Internal Controls,Consolidation,Sarbanes-Oxley Act,US GAAP,Financial Reporting,Assurance,Auditing,Sarbanes-Oxley,Revenue Recognition,CPA,Internal Audit,General Ledger,Financial Analysis,Management,Accounting,GAAP,SEC Filings,U.S. Generally Accepted Accounting Principles (GAAP),Forecasting,Hotels,Sarbanes Oxley,Resorts,Sarbanes Oxley Act,u.s. Generally Accepted Accounting Principles Gaap,u.s. Generally Accepted Accounting Principles",,,"Starwood Hotels & Resorts Worldwide, KPMG US Alumni Group, KPMG Pacific Southwest Alumni Connection, Finance Plus: Private Equity, Venture Capital and M&A news",,25,1989,vp,Finance,xp,,,,,
9661313,Michelle Soriano Zambrano,Michelle,Zambrano,Verified emails found,2025-10-15 09:49:52.458120,mzambrano56@gmail.com,michellezambrano@pvh.com,mzambrano56@gmail.com,mzambrano56@gmail.com,michellezambrano@pvh.com,,9088724423,9088724423,"9085260445
9086985834",,https://www.linkedin.com/in/michelle-zambrano-508ba132,https://facebook.com/mszambrano1,,,,,,Vice President of Accounting,PVH Corp.,"285 Madison Ave, New York, New York 10017, US",pvh.com,http://www.pvh.com,https://www.linkedin.com/company/pvh,"Raritan, NJ, US",Raritan,08869,NJ ,US,PVH Corp.,Vice President of Accounting,2014-05-01,Present,PVH,Director of Corporate Accounting,2012-01-01,2014-05-01,Ernst & Young,Audit Senior Manager,2001-05-01,2012-01-01,,,,,,,,,University of Virginia,MS,,,University of Pittsburgh,BA,,,"SEC filings,US GAAP,Accounting,Finance,Budgets,Forecasting,Internal Controls,Sarbanes-Oxley,Compliance SOX,Revenue Recognition,Auditing,Financial Reporting,IFRS,GAAP,CPA,Sarbanes-Oxley Act,Big 4,Consolidation,External Audit,Public Speaking,Sarbanes Oxley,Microsoft Excel,Sarbanes Oxley Act,Internal Audit,U.S. SEC Filings,u.s. Generally Accepted Accounting Principles Gaap,Generally Accepted Accounting Principles Gaap,u.s. Generally Accepted Accounting Principles,Generally Accepted Accounting Principles",,,"EY Global, Ernst & Young LLP - Current and Former Employees",,24,1980,vp,Finance,xp,,,,,
7724465,Dan Cox,Dan,Cox,Verified emails found,2025-10-15 09:49:52.281509,dan6374@comcast.net,,dan6374@comcast.net,"dan6374@comcast.net,acslater1976ta@gmail.com",,,908-443-2000,435-705-1975,"435-705-1975
678-850-0586
705-705-1975
519-942-0754
908-470-9900
908-443-4240
9739980135",,https://www.linkedin.com/in/dan-cox-6067b74,,,,,,,Vice President Of Accounting,Travel + Leisure Co.,"6277 Sea Harbor Dr, Orlando, Florida 32821, US",travelandleisureco.com,https://www.travelandleisureco.com,https://www.linkedin.com/company/travelleisureco,"Orlando, FL, US",Orlando,,FL ,US,Travel + Leisure Co.,Vice President Of Accounting,2018-12-01,Present,RCI,Vice President and Controller,2012-02-01,2018-12-01,Wyndham Exchange and Rentals,VP Assistant Controller,2009-10-01,2012-02-01,Cegedim Dendrite,VP of Finance - Head of Accounting,2008-04-01,2009-10-01,Cegedim Dendrite,Assistant Controller,2007-05-01,2008-04-01,Harding University,BBA,,,The College of New Jersey,,,,"Executive Leadership,Memos,Control Design,Close Process,Big Four Accounting Firms,Accounting Issues,Financial Reporting,Consolidation,Sarbanes-Oxley Act,Revenue Recognition,Mergers & Acquisitions,Accounting,Internal Controls,SEC filings,Financial Accounting,Sarbanes-Oxley,Finance,Due Diligence,Corporate Tax,Forecasting,Internal Audit,US GAAP,Tax,Restructuring,Financial Analysis,Financial Audits,Leases,Managerial Finance,GAAP,Treasury Management,M&A due diligence,Company Acquisitions,Purchase Accounting,SOX,SEC reporting,Procurement,IFRS,Accounts Payable,Variance Analysis,Cash Management,Hyperion Enterprise,Oracle E-Business Suite,Business Objects,International Acquisitions,Oracle Financials,IPO,Shared Services,Outlooksoft,Essbase,Technology,Oracle E Business Suite,Sarbanes Oxley,Sarbanes Oxley Act,Mergers and Acquisitions",,,,,31,1974,vp,Finance,xp,,,,,
19316358,Bob Owens,Bob,Owens,Verified emails found,2025-10-15 09:49:52.088461,bobowens@gmail.com,,bobowens@gmail.com,,bobowens@gmail.com,,,,,,https://www.linkedin.com/in/bob-owens-b15a0312,,,,,,,"Vice President, Chief Accountant",BMS,"3401 Princeton Pike, Lawrence Township, New Jersey 08311, US",bms.com,http://www.bms.com,https://www.linkedin.com/company/bristol-myers-squibb,"Bernards, NJ, US",Bernards,07920,NJ ,US,BMS,"Vice President, Chief Accountant",2008-09-01,Present,,,,,,,,,,,,,,,,,,,,,,,,,"Strategic Planning,Research,Project Management,Accounting,Sarbanes Oxley Act,US GAAP,Financial Reporting,Variance Analysis,Risk Management,Financial Services",,,,,17,1986,vp,Finance,xp,,,,,
27236662,John Sweeney,John,Sweeney,Verified emails found,2025-10-15 09:49:51.895209,johnsweeneycpa@yahoo.com,,johnsweeneycpa@yahoo.com,"johnsweeneycpa@yahoo.com,jsweeney314@yahoo.com,johnlkeenan@verizon.net",,john.sweeney@cwams.com,6319877380,,"9783691079
6094394364
6318468188
3865860042
6315878886",,https://www.linkedin.com/in/john-sweeney-b6b7775,,,,,,,Vice President and Controller,CardWorks,"101 Crossways Park Dr W, Woodbury, New York 11797, US",cardworks.com,https://linktr.ee/cardworksinc,https://www.linkedin.com/company/cardworks,"Nesconset, NY, US",Nesconset,11767,NY ,US,CardWorks,Vice President and Controller,2018-04-01,Present,Douglas Elliman Real Estate,Corporate Controller,2015-09-01,2018-04-01,EY,Sr. Manager - FAAS,2014-09-01,2015-09-01,Fidelity Investments,Director II of Brokerage Accounting,2010-06-01,2011-01-01,"Ernst & Young, LLP",Sr. Manager,2003-02-01,2010-06-01,Saint Joseph's College,BS,,,,,,,"CPA,Internal Controls,Finance,Accounting,Auditing,Financial Analysis,US GAAP,Partnerships,Golang,Structure,Microsoft Word,Staff Development,Sage Act,Marketing,Applications,Obtain,SAS,Executive Management,Tax,Financial Statements,Sales,Sarbanes Oxley Act,Pensions,American,Tax Returns,Mainframe,Science,Accounting System,Capital Markets,Paperless,Engagements,Detail,Financial Data,Turbo Tax,Hospitality,Business Background,Banking,SEC,For Profit,Testing,Operations,System,Lotus 123,Research,New York,PC,General Controls,Microsoft Excel,Hedge Funds,Manufacturing,Corporations,GAAP,Real Estate,Yahoo,PowerPoint,Leadership",,,,,30,1973,vp,Finance,xp,,,,,
739419485,Christopher M.,Christopher,M.,Verified emails found,2025-10-15 09:49:51.711968,mc@swifttrans.com,mc@swifttrans.com,,,"mc@swifttrans.com,m@swifttrans.com","christopher_m@swifttrans.com,christopher.m@swifttrans.com,christopherm@swifttrans.com,christopher@swifttrans.com",,,,,https://www.linkedin.com/in/christopher-m-275b1622,,,,,,,Vice President Corporate Controller,Swift Transportation,"2200 S. 75th Ave, Phoenix, Arizona 85043, US",swifttrans.com,http://www.swifttrans.com,https://www.linkedin.com/company/swift-transportation,"Phoenix, AZ, US",Phoenix,,AZ ,US,Swift Transportation,Vice President Corporate Controller,2023-04-01,Present,,,,,,,,,,,,,,,,,"Northern Arizona University, College of Business Administration",Master's in Business Admistration,,,Northern Arizona University,Bachelor's of Science,,,,,,,,2,,vp,Finance,xp,,,,,
48137062,Mary Sullivan,Mary,Sullivan,Verified emails found,2025-10-15 09:49:51.460024,sullivan.mary@cleanharbors.com,sullivan.mary@cleanharbors.com,sulldog3@aol.com,"sullivan.mary@cleanharbors.com,sulldog3@aol.com",,,8007677772,,,,https://www.linkedin.com/in/marysullivan0520,,,,,,,Senior Vice President Controller,Clean Harbors Environmental Services Inc.,"42 Longwater Drive, P.O. Box 9149, Norwell, Massachusetts 02061, US",cleanharbors.com,http://www.cleanharbors.com,https://www.linkedin.com/company/clean-harbors,"Quincy, MA, US",Quincy,,MA ,US,Clean Harbors Environmental Services Inc.,Senior Vice President Controller,2019-05-01,Present,Clean Harbors,Vice President of FP and A,2018-03-01,2019-05-01,Stop & Shop,Director of Commercial Finance,2018-01-01,2018-03-01,Ahold,Director of Finance - Supply Chain,2013-04-01,2017-12-01,Ahold USA,Supply Chain Finance Manager,2012-04-01,2013-04-01,University of Massachusetts Dartmouth,Master of Business Administration (M.B.A.),,,UMass Boston,Bachelor’s Degree,,,"Finance,Supply Chain Management,Strategic Planning,Supply Chain",,,,,15,1968,vp,Finance,xp,,,,,
10018343,Spryte Kimmey,Spryte,Kimmey,Verified emails found,2025-10-15 09:49:51.275044,skimmey@landstar.com,skimmey@landstar.com,spryte1@comcast.net,skimmey@landstar.com,"spryte1@comcast.net,kimmey63@comcast.net",,904-571-2836,904-571-2836,"9046310354
904-398-9400
904-390-4967
904-620-8118",,https://www.linkedin.com/in/spryte-kimmey-4410861a,,,,,,,Vice President Accounts Receivable,Landstar,"13410 Sutton Park Dr. South, Jacksonville, Florida 32224, US",landstar.com,https://www.landstar.com/,https://www.linkedin.com/company/landstar,"Jacksonville, FL, US",Jacksonville,,FL ,US,Landstar,Vice President Accounts Receivable,2010-07-01,Present,Landstar,Director of Accounts Receivable,2003-05-01,2010-07-01,Landstar,Accounts Receivable Manager,2001-08-01,2003-05-01,"PRC, LLC",Operations Manager,1998-01-01,2001-01-01,,,,,University of Florida - Warrington College of Business,Bachelor of Business Administration (BBA),,,University of North Florida,,,,"Transportation,Container,Process Improvement,Freight,Warehousing,LTL,3PL,Logistics,Transportation Management,Logistics Management,Operations Management,Truckload,Supply Chain,Shipping,Trucking,Leadership,Accounts Receivable,Negotiation,Managing Associates,Financial Analysis,Staff Development,Planning Budgeting and Forecasting,Research,Presentation Skills,Marketing,Sales,Business Analysis,Public Speaking,Customer Service Management,Microsoft Excel",,,"American Society of Transportation and Logistics of Jacksonville Florida, European Supply Chain, Jacksonville Women's Leadership Forum, Linkin Transportation Professionals",,27,1967,vp,Finance,xp,,,,,
16214281,Margaret Snyder,Margaret,Snyder,Verified emails found,2025-10-15 09:49:51.044180,margaret_snyder@goodyear.com,margaret_snyder@goodyear.com,,margaret_snyder@goodyear.com,,,3305549114,,,,https://www.linkedin.com/in/margaret-snyder-03775715,,,,,,,Vice President and Controller,The Goodyear Tire & Rubber Company,"200 Innovation Way, Akron, Ohio 44316, US",goodyear.com,http://www.goodyear.com,https://www.linkedin.com/company/goodyear,"Hudson, OH, US",Hudson,,OH ,US,The Goodyear Tire & Rubber Company,Vice President and Controller,2023-04-01,Present,The Goodyear Tire & Rubber Company,Latin America Controller,2022-12-01,2023-04-01,EY,"Senior Manager, Assurance Services",2015-10-01,2020-04-01,EY,"Senior Manager, Professional Practice Auditing",2015-07-01,2018-08-01,EY,"Senior, Assurance Services",2009-10-01,2012-09-01,The University of Akron,Masters of Science in Accountancy,,,Bowling Green State University,,,,"Marketing,Strategic Planning,Sales,Project Management,Microsoft Office,Customer Service,Training",,,,,13,1984,vp,Finance,xp,,,,,
5857128,Michelle Moss,Michelle,Moss,Verified emails found,2025-10-15 09:49:50.817196,mmoss@salesforce.com,mmoss@salesforce.com,mab3658@gmail.com,"mmoss@salesforce.com,mab3658@gmail.com",,,585-748-1620,585-748-1620,"4155893290
502-426-8511
585-231-6228
585-784-3304
585-454-1001
6563025700
508-648-0934
325-716-3996",,https://www.linkedin.com/in/michelle-moss-3817824,http://www.facebook.com/people/_/64800104,,,,,,Vice President of Accounting,Salesforce,"415 Mission St, San Francisco, California 94105, US",salesforce.com,http://www.salesforce.com,https://www.linkedin.com/company/salesforce,"San Francisco, CA, US",San Francisco,,CA ,US,Salesforce,Vice President of Accounting,2023-08-01,Present,Salesforce,"VP, Corporate Accounting",,Present,Salesforce,"Senior Director, Corporate Accounting",2020-02-01,2023-08-01,Salesforce,"Director, Corporate Accounting",2017-08-01,2020-02-01,Salesforce,"Senior Manager, Accounting and Policy",2015-08-01,2017-08-01,St. John Fisher University,,,,,,,,"Leadership,Management,Microsoft Office,Project Management,Accounting,Account Management,Sales,Process Improvement,Microsoft Excel,Research,Government",,,"St. John Fisher College Alumni, PricewaterhouseCoopers LLP (PwC US), PricewaterhouseCoopers (PwC) employees and alumni - unofficial group",,19,1984,vp,Finance,xp,,,,,
4703181,Annette Bruntz,Annette,Bruntz,Verified emails found,2025-10-15 09:49:50.636339,abruntz@comcast.net,annette.bruntz@tolmar.com,abruntz@comcast.net,abruntz@comcast.net,annette.bruntz@tolmar.com,abruntz@tolmar.com,9703812093,9703812093,"970-377-9834
217-297-5607
253-639-6660",,https://www.linkedin.com/in/annette-bruntz-9ab11a6,,,,,,,Vice President Accounting,TOLMAR Inc.,"701 Centre Ave, Fort Collins, Colorado 80526, US",tolmar.com,http://www.tolmar.com,https://www.linkedin.com/company/tolmar.,"Fort Collins, CO, US",Fort Collins,,CO ,US,TOLMAR Inc.,Vice President Accounting,2016-03-01,Present,TOLMAR Inc.,Corporate Controller,2010-01-01,Present,"TOLMAR, Inc",Controller,2006-01-01,2010-01-01,"TOLMAR, Inc.",Assistant Controller,2004-10-01,2006-01-01,"TOLMAR, Inc.",Budget Supervisor,2003-01-01,2004-10-01,University of Northern Colorado,,,,,,,,"Financial Reporting,Forecasting,Process Improvement,Cost Accounting,Auditing,Financial Analysis,Financial Accounting,Accounting,Budgets,Mergers & Acquisitions,Sarbanes-Oxley Act,SAP,ERP,Internal Controls,Manufacturing,US GAAP,Cross-functional Team Leadership,Management,Pharmaceutical Industry,Microsoft Word,Business Process Improvement,Social Media,Cross Functional Team Leadership,Business Development,Mergers and Acquisitions,Sarbanes Oxley Act,Budgeting,Analysis",,,"UNC Monfort College of Business Alumni & Friends, Professionals in the Pharmaceutical and Biotech Industry",,25,1970,vp,Finance,xp,,,,,
16734916,Ashley Byrd,Ashley,Byrd,Verified emails found,2025-10-15 09:49:50.355265,byrd.ashley@gmail.com,abyrd@pearce-services.com,byrd.ashley@gmail.com,byrd.ashley@gmail.com,abyrd@pearce-services.com,ashley.byrd@pearce-services.com,6613302566,6613302566,"3107773590
6615895571",,https://www.linkedin.com/in/ashley-byrd-cpa-485b068,https://facebook.com/ashley.byrd.184,,,,,,Vice President of Accounting,Pearce Services,"1222 Vine St Suite 301, Paso Robles, California 93446, US",pearce-services.com,https://www.pearce-services.com,https://www.linkedin.com/company/pearce-services,"Los Angeles, CA, US",Los Angeles,,CA ,US,Pearce Services,Vice President of Accounting,2022-12-01,Present,"NBCUniversal Media, LLC","VP, Controllership Film HQ SubConsolidation",2020-04-01,2022-11-01,Annapurna Pictures,"VP, Accounting and Financial Planning",2019-01-01,2020-04-01,Annapurna Pictures,Director of Accounting and Financial Planning,2017-03-01,2019-01-01,IM Global Film,Director of Accounting,2014-03-01,2017-03-01,UC Santa Barbara,"Business Economcs with an emphasis in Accounting, Communication",,,UC Santa Barbara,,,,"Assurance,CPA,Accounting,Revenue Recognition,Financial Analysis,Financial Accounting,Financial Reporting,GAAP,Auditing,IFRS,Due Diligence,Strategic Planning,Sarbanes Oxley,Big 4,Project Planning,Public Speaking,Leadership,Finance,Social Media",,,,,18,1984,vp,Finance,xp,,,,,
5645346,Merlix Reynolds,Merlix,Reynolds,Verified emails found,2025-10-15 09:49:50.172707,mreynolds@racetrac.com,mreynolds@racetrac.com,merlixlreynolds@gmail.com,"mreynolds@racetrac.com,merlixlreynolds@gmail.com",,,6784644535,6784644535,8172499036,,https://www.linkedin.com/in/merlix-reynolds-ab00b027,https://facebook.com/merlix.reynolds,,,,,,Vice President Of Accounting,RaceTrac,"200 Galleria Pkwy SE Ste 900, Atlanta, Georgia 30339, US",racetrac.com,http://www.racetrac.com,https://www.linkedin.com/company/racetrac-petroleum,"Marietta, GA, US",Marietta,,GA ,US,RaceTrac,Vice President Of Accounting,2022-01-01,Present,RaceTrac,Accounting Executive Director,2018-03-01,2022-01-01,RaceTrac,Director of Financial Accounting,2012-10-01,2018-02-01,EY,Senior Manager,2001-05-01,2012-10-01,,,,,University of Notre Dame,,,,University of Florida,,,,"Sarbanes-Oxley Act,Internal Controls,Assurance,Auditing,Financial Reporting,SEC filings,Accounting,US GAAP,Big 4,External Audit,Internal Audit,Financial Accounting,CPA,Management,U.S. Generally Accepted Accounting Principles (GAAP),Financial Analysis,QuickBooks,Workday,People Development,Strategy,Leadership,Generally Accepted Accounting Principles (GAAP),Thought Leadership,Diversity & Inclusion,JD Edwards,Public Speaking,Finance,Customer Service,Sarbanes Oxley Act",,,"Concur, Ernst & Young LLP - Current and Former Employees, Big Four Accounting Consulting - Deloitte, Ernst & Young, KPMG, PwC, Accenture, Capgemini (Big4.com)",,24,1980,vp,Finance,xp,,,,,
66603866,Adam Thoelen,Adam,Thoelen,Verified emails found,2025-10-15 09:49:49.991183,adam.thoelen@fanduel.com,adam.thoelen@fanduel.com,,adam.thoelen@fanduel.com,,,5166279244,,,,https://www.linkedin.com/in/adam-thoelen-5230388a,,,,,,,"Vice President, Technical Accounting",FanDuel,"New York, New York, US",fanduel.careers,http://www.fanduel.com,https://www.linkedin.com/company/fanduel,"New York, NY, US",New York,,NY ,US,FanDuel,"Vice President, Technical Accounting",2022-11-01,Present,Sema4,"Vice President, Controller",2021-05-01,2022-11-01,VICE Media,"Vice President, Global Technical Accounting, Financial Reporting and US Controller",2018-04-01,2021-04-01,Endeavor,"Director, Global Revenue Recognition",2016-11-01,2018-04-01,Deloitte,Accountant - Auditor,2005-09-01,2016-10-01,Boston College,Carroll School of Management,,,John Felice Rome Center (a campus of Loyola University Chicago),,,,"Household,Football,Rome,JAD,PowerPoint,Consulting,Boston,International,Public Speaking,Accounting,Cash Flow,Human Resources,C,Expenses,Matching,Golf,Meals,FIX,Community,Rebuild,Students,Warehousing,New York,Skiing,System,Records Management,Finance,Bread,Collecting,Microsoft Office,Microsoft Word,Families,Microsoft Excel,Donations,Italian,Invoicing,Travel,Surveying,Databases,Management,Fixed Assets,Due Diligence,Inventory Management,Mergers and Acquisitions,Chicago,Flash,Church Events,Country,Responsibility,Spanish",,,,,19,1983,vp,Finance,xp,,,,,
63356693,Teresa McCue,Teresa,McCue,Verified emails found,2025-10-15 09:49:49.821809,teresa.mccue@natixis.com,teresa.mccue@natixis.com,tmmccue@comcast.net,"teresa.mccue@natixis.com,tmmccue@comcast.net",,,4015781161,4015781161,"5084552828
4014356999
4014346049
4014342078
4014356599",,https://www.linkedin.com/in/teresa-mccue-a14baa16,https://facebook.com/teresa.m.mccue,,,,,,"Vice President, Controller",Natixis Investment Managers,"888 Boylston Street, Boston, Massachusetts 02199-8197, US",natixis.com,https://im.natixis.com,https://www.linkedin.com/company/natixis-investment-managers,"Attleboro, MA, US",Attleboro,,MA ,US,Natixis Investment Managers,"Vice President, Controller",2021-07-01,Present,Citizens,"Vice President, Sr Finance Manager, Corporate Regulatory Reporting",2019-09-01,2021-07-01,Citizens,"Vice President, Sr Finance Manager, Capital Reporting",2012-10-01,2019-09-01,Citizens,"AVP, Finance Manager",2011-10-01,2012-10-01,Citizens,Assistant Vice President - Group Accounting Manager,2002-01-01,2011-12-01,Rhode Island College,BS,,,,,,,"Banking,Financial Analysis,Accounting,Analysis,Finance,Account Reconciliation,Financial Reporting,Risk Management,Cash Management,Credit,Financial Modeling,Business Analysis,Retail Banking,PowerPoint,Business Development,Sales,Financial Services",,,Basel III,,28,1949,vp,Finance,xp,,,,,
54693507,Mike Bertram,Mike,Bertram,Verified emails found,2025-10-15 09:49:49.611766,mike.bertram@yahoo.com,,mike.bertram@yahoo.com,"mike.bertram@yahoo.com,mbertram@att.net",,,4196567327,,"4197321576
4194472968
8037816598
3175298856
4193450621
6018988779
4197323789",,https://www.linkedin.com/in/mike-bertram-823772,,,,,,,"Senior Vice President, Controller",Clean Harbors,"42 Longwater Drive, P.O. Box 9149, Norwell, Massachusetts 02061, US",cleanharbors.com,http://www.cleanharbors.com,https://www.linkedin.com/company/clean-harbors,"Columbia, SC, US",Columbia,,SC ,US,Clean Harbors,"Senior Vice President, Controller",2023-04-01,Present,"Thompson Industrial Services, LLC",Chief Financial Officer,2011-06-01,2023-04-01,Southland Log Homes,Executive Vice President and Chief Financial Officer,2006-01-01,2011-06-01,Point Lisas Nitrogen Limited,Board of Directors,2003-01-01,2005-01-01,"Mississippi Chemical Corporation (now CF Industries Holdings, Inc.)",Vice President of Finance,1998-01-01,2005-01-01,University of South Carolina,Master Of Business Administration,,,Clemson University,Bachelor Of Science,,,,,,,,26,1961,vp,Finance,xp,,,,,
70494300,Jacqueline DiBartolo,Jacqueline,DiBartolo,Verified emails found,2025-10-15 09:49:49.436255,dibartolo@bessemer.com,dibartolo@bessemer.com,jacquelinedibartolo@gmail.com,dibartolo@bessemer.com,jacquelinedibartolo@gmail.com,,2016818718,2016818718,,,https://www.linkedin.com/in/jacqueline-dibartolo-cpp-79b1b6b,,,,,,,"Vice President, Payroll Director",Bessemer Trust,"1271 Avenue of the Americas, New York, New York 10020, US",bessemertrust.com,http://www.bessemertrust.com,https://www.linkedin.com/company/bessemer-trust,"Totowa, NJ, US",Totowa,,NJ ,US,Bessemer Trust,"Vice President, Payroll Director",2022-09-01,Present,BioReference Laboratories,"Sr Director, HR Operations and Payroll",2018-01-01,2022-07-01,BioReference Laboratories,"Director, Payroll",2017-05-01,2018-01-01,Ralph Lauren,"Director, Payroll Tax and Reporting",2015-04-01,2016-11-01,Michael Kors,Payroll Manager,2012-09-01,2015-04-01,Bergen Community College,,,,Eastside High School,,,,"Human Resources,PeopleSoft,Benefits Administration,Payroll Taxes,Recruiting,Supervisory Skills,Employee Benefits,Microsoft Excel,HR Policies,General Ledger,Compliance,Garnishments,Accounting,Account Reconciliation,Multi-state Payroll,Multi-State Sales Tax,ADP ReportSmith,ADP Payroll,Payroll,Interviews",,,,,31,1965,vp,Finance,xp,,,,,
12277994,Kelly Stanton,Kelly,Stanton,Verified emails found,2025-10-15 09:49:49.267906,kstanton@geiconsultants.com,kstanton@geiconsultants.com,,,kstanton@geiconsultants.com,,9788579190,,,,https://www.linkedin.com/in/kelly-stanton-7b586527,,,,,,,"Vice President, Controller","GEI Consultants, Inc.","400 Unicorn Park Drive, Woburn, Massachusetts 01801, US",geiconsultants.com,http://www.geiconsultants.com,https://www.linkedin.com/company/gei-consultants-inc-,"Wilmington, MA, US",Wilmington,,MA ,US,"GEI Consultants, Inc.","Vice President, Controller",2019-03-01,Present,"GEI Consultants, Inc.",Controller,2012-08-01,Present,Konarka Technologies,Director of Accounting and Administration,2005-07-01,2012-06-01,Auto Use,Assistant Controller,1997-01-01,2004-01-01,,,,,Bentley University - McCallum Graduate School of Business,MBA,,,Bentley University,BA,,,"Start Ups,Variance Analysis,Manufacturing,Solar Energy,Process Improvement,Software Conversions,Mergers,Great Plains Software,Cost Accounting,QuickBooks,Budgets",,,,,27,1971,vp,Finance,xp,,,,,
92330435,Erica Vogel,Erica,Vogel,Verified emails found,2025-10-15 09:49:49.052595,erica.vogel@drafthouse.com,erica.vogel@drafthouse.com,ericavogel@gmail.com,"erica.vogel@drafthouse.com,ericavogel@gmail.com,evogelrealtor@gmail.com,erica.vogel@gmail.com",,,5123282300,,"4193200914
4198379115
4135693774",,https://www.linkedin.com/in/erica-vogel-cpa-4172074,https://facebook.com/erica.vogel.5,https://twitter.com/austinwriterev,,,,,Senior Vice President Accounting,Alamo Drafthouse Cinema,"3908 Avenue B, Austin, Texas 78751, US",drafthouse.com,https://www.drafthouse.com,https://www.linkedin.com/company/alamodrafthousecinema,"Austin, TX, US",Austin,,TX ,US,Alamo Drafthouse Cinema,Senior Vice President Accounting,2020-10-01,Present,The Karis Group,Chief Financial Officer,2018-04-01,2020-05-01,Bridgepoint Consulting,Director of Finance-The Karis Group,2018-04-01,2018-12-01,"You Say Yes! Films, LLC",Owner and Indie Film Producer,2014-02-01,2016-12-01,Epicor Software,Senior Revenue Accountant,2015-01-01,2016-01-01,The University of Texas at Austin,Master in Professional Accounting,,,,,,,"Financial Accounting,Film Production,CPA,Blogging,Research,Social Media,Public Relations,Marketing,Financial Modeling,Writing,Financial Analysis,Project Management,Start-ups,Revenue Recognition,Sarbanes-Oxley Act,Microsoft Office,Public Speaking,Screenplays",,,,,16,1974,vp,Finance,xp,,,,,
65123430,Chris McCann,Chris,McCann,Verified emails found,2025-10-15 09:49:48.874544,christopher.mccann@vonage.com,christopher.mccann@vonage.com,chribria96@gmail.com,"christopher.mccann@vonage.com,chribria96@gmail.com,chribria@aol.com",,,2017071294,2017071294,"2012911548
2015467280
2013844035
2019982284
2019787338
9737836229",,https://www.linkedin.com/in/chris-mccann-cpa-5253b239,https://facebook.com/chris.mccann.7393,,,,,,Vice President of Accounting,Vonage,"101 Crawfords Corner Rd Suite 2416, 4th Floor, Building # 2, Holmdel, New Jersey 07733, US",vonage.com,http://www.vonage.com,https://www.linkedin.com/company/vonage,"Saddle Brook, NJ, US",Saddle Brook,07663,NJ ,US,Vonage,Vice President of Accounting,2024-04-01,Present,Vonage,Senior Director Of Corporate Accounting,2019-01-01,Present,"Toys""R""Us",International Finance Director,2007-05-01,2018-12-01,SGS North American Inc,Assistant Vice President Finance,1990-01-01,2007-05-01,,,,,Manhattan College,Bachelor's degree,,,,,,,"Microsoft Excel,Management,Forecasting,Financial Analysis,Leadership",,,,,35,1968,vp,Finance,xp,,,,,
23773624,Karen Durant,Karen,Durant,Verified emails found,2025-10-15 09:49:48.694627,karendurant@gmail.com,karen.durant@tennantco.com,karendurant@gmail.com,,"karendurant@gmail.com,karen.durant@tennantco.com",,6129638747,6129638747,"7136278330
7635226877
7635226879
9529361165
7635915038",,https://www.linkedin.com/in/karen-durant-2747756,,,,,,,"Vice President, Controller",Tennant Company,"10400 Clean Street, Eden Prairie, Minnesota 55344, US",tennantco.com,https://www.tennantco.com,https://www.linkedin.com/company/tennant-company,"Minneapolis, MN, US",Minneapolis,,MN ,US,Tennant Company,"Vice President, Controller",2007-09-01,Present,Honeywell,Various Accounting Positions,1981-01-01,1989-01-01,Internal Revenue Service,Revenue Agent,1980-01-01,1981-01-01,Pentair,VP Finance and Controller,1989-01-01,2007-01-01,,,,,Augsburg University,,,,University of St. Thomas,,,,"Internal Controls,Cost Accounting,Mergers & Acquisitions,Auditing,Process Improvement,Hyperion Enterprise,Internal Audit,Accounting,Financial Reporting,Lean Manufacturing,Manufacturing,Financial Accounting,Six Sigma,Forecasting,Cross-functional Team Leadership,Accounts Receivable,Finance,Sarbanes-Oxley Act,Variance Analysis,Continuous Improvement,Budgets,Business Process Improvement,Change Management,SEC filings,Strategic Planning,Accounts Payable,Strategic Financial Planning,SAP,Financial Analysis,Sarbanes-Oxley,Leadership,Consolidation,Financial Modeling,ERP,General Ledger,Acquisition Integration,Managerial Finance,Financial Audits,Cash Flow Forecasting,US GAAP,Cash Flow,Cash Management,Working Capital Management,Fixed Assets,Account Reconciliation,Financial Forecasting,JD Edwards,P&L,Cross Functional Team,Business Analysis,See 33+See Less,Working Capital,Sarbanes Oxley,Business Process,Cross Functional Team Leadership,Sarbanes Oxley Act,Management,Strategic Financial,Mergers and Acquisitions,Analysis",,,,,45,1959,vp,Finance,xp,,,,,
13390054,Adam Izzett,Adam,Izzett,Verified emails found,2025-10-15 09:49:47.724192,abizzett@yahoo.com,aizzett@foxrc.net,abizzett@yahoo.com,abizzett@yahoo.com,aizzett@foxrc.net,,6027103591,6027103591,"4809054609
4809981418",,https://www.linkedin.com/in/adam-izzett-45b06720,,,,,,,Vice President of Accounting,Fox Restaurant Concepts,"4455 East Camelback Road B 100, Phoenix, Arizona 85018, US",foxrc.com,http://www.foxrc.com,https://www.linkedin.com/company/foxrestaurantconcepts,"Scottsdale, AZ, US",Scottsdale,,AZ ,US,Fox Restaurant Concepts,Vice President of Accounting,2018-04-01,Present,Dutch Bros Coffee,,,Present,"Starwood Hotels & Resorts Worldwide, Inc.",Director - Global Revenue and Divisional Accounting Svcs,2015-04-01,2018-03-01,"Starwood Hotels & Resorts Worldwide, Inc.",Director of Global Divisional and Hotel Accounting Services,2013-07-01,2015-04-01,"Starwood Hotels & Resorts Worldwide, Inc.","Director of Internal Audit, Hotel Assurance",2009-02-01,2013-07-01,University of Arizona,BS,,,Gilbert High School,,,,"Auditing,Accounting,Shared Services,Accounts Receivable,Internal Audit,General Ledger,Monthly Close,Monthly Close Process,Presentation Skills,Financial Accounting,Financial Analysis,Leadership,Management,Project Management,SAP,Certified Fraud Examiner,CISA,SOX 404,Revenue Recognition,Public Speaking,Strategic Planning,Microsoft Word,Marketing",,,"The Institute of Internal Auditors (Official Global Group), University of Arizona Alumni",,23,1980,vp,Finance,xp,,,,,
5372242,Vicky Lindsey,Vicky,Lindsey,Verified emails found,2025-10-15 09:49:47.489362,vlindsey413@gmail.com,vicky.lindsey@johnstonesupply.com,vlindsey413@gmail.com,"vlindsey413@gmail.com,ashleylindsey413@gmail.com",vicky.lindsey@johnstonesupply.com,vickylindsey@johnstonesupply.com,2145382576,2145382576,"9724245753
2148022557",,https://www.linkedin.com/in/vicky-lindsey-0bba5422,,,,,,,Senior Vice President - Accounting,Johnstone Supply,"11632 NE Ainsworth Circle, Portland, Oregon 97220, US",johnstonesupply.com,http://www.johnstonesupply.com,https://www.linkedin.com/company/johnstonesupply,"Texas, United States",,,TX ,US,Johnstone Supply,Senior Vice President - Accounting,2023-07-01,Present,Lucid Energy Group,VP of Corporate Accounting and Tax,2017-01-01,2022-11-01,Energy & Exploration Partners,Chief Accounting Officer,2014-01-01,2017-01-01,Halcon Resources Corporation,Vice President and Controller,2007-01-01,2013-05-01,Ascent Energy Inc,Vice President and Financial Controller,2004-08-01,2007-11-01,,,,,,,,,"Due Diligence,US GAAP,Natural Gas,Auditing,Energy Industry,Energy,Accounting,Internal Controls,SEC filings,Sarbanes-Oxley Act,OGSYS,Account Reconciliation,General Ledger,Financial Reporting,Upstream,Financial Analysis,Financial Accounting,Petroleum,Sarbanes-Oxley,Sarbanes Oxley Act,Marketing,Business Development,Sarbanes Oxley",,,"Oil and Gas People, COPAS of DALLAS, J MAR & Associates, Energy Leadership Series",,38,1964,vp,Finance,xp,,,,,
7384724,Heather Croucher,Heather,Croucher,Verified emails found,2025-10-15 09:49:47.305281,hezalynne@aol.com,,hezalynne@aol.com,"hezalynne@aol.com,hezalynne@hotmail.com,kccorry3@aol.com",,,9895292416,9895292416,"810-529-2416
248-926-9321
989-770-4597
989-770-4668",(209) 869-4545,https://www.linkedin.com/in/heather-croucher-cpa-cfe-00b12015,http://www.facebook.com/heather.l.croucher,,,,,,Vice President of Accounting,Better,"251 E 4th St, Ripon, California 95366, US",betterbuilttruss.com,http://betterbuilttruss.com,https://www.linkedin.com/company/better-built-truss-inc,"Detroit, MI, US",Detroit,48226,MI ,US,Better,Vice President of Accounting,2023-07-31,Present,Homepoint,Senior Managing Director-Chief Accounting Officer,2023-01-31,2023-06-30,Homepoint,Managing Director - Controller,2016-04-30,2023-02-28,FCA Fiat Chrysler Automobiles,Financial Planning and Analysis Manager,2014-10-31,2016-04-30,FCA Fiat Chrysler Automobiles,Internal Controls Group Manager,2011-12-31,2014-09-30,University of Michigan,BBA,,,Eastern Michigan University,MSA,,,"CPA,Financial Reporting,Auditing,US GAAP,Accounting,Internal Controls,Sarbanes-Oxley Act,Internal Audit,GAAP,Sarbanes-Oxley,Cost Accounting,Financial Accounting,General Ledger,Sarbanes Oxley,Microsoft Office,Sarbanes Oxley Act,Financial Analysis,PowerPoint",,,,,21,1981,vp,Finance,xp,,,,,
69070433,Terri Schexnaydre,Terri,Schexnaydre,Verified emails found,2025-10-15 09:49:47.110353,terri.schexnaydre@talkdesk.com,terri.schexnaydre@talkdesk.com,tschex@me.com,"terri.schexnaydre@talkdesk.com,tschex@me.com",,,9732047743,9732047743,"2123917062
4159131425
3179571063",,https://www.linkedin.com/in/terri-schexnaydre,http://www.facebook.com/tschexnaydre,,,,,,"Vice President, Accounting",Talkdesk,"535 Mission Street 12th Floor, San Francisco, California 94105, US",talkdesk.com,https://www.talkdesk.com,https://www.linkedin.com/company/talkdesk,"Corning, NY, US",Corning,14830,NY ,US,Talkdesk,"Vice President, Accounting",2022-05-01,Present,Self-employed,Accounting Consultant,2022-01-01,2022-05-01,"Hero Digital, LLC","SVP, Corporate Controller",2019-06-01,2021-01-01,Genesys,"Vice President, Corporate Controller",2014-05-01,2019-06-01,"CDTi (Clean Diesel Technologies, Inc.)",Corporate Controller,2011-01-01,2014-04-01,California State University-Northridge,Bachelor's Degree,,,,,,,,,,,,28,1964,vp,Finance,xp,,,,,
2387076,Sarah Coco,Sarah,Coco,Verified emails found,2025-10-15 09:49:46.899153,sarah.coco@brinker.com,sarah.coco@brinker.com,sarahcoco@gmail.com,sarah.coco@brinker.com,sarahcoco@gmail.com,,8179917630,8179917630,9722171504,,https://www.linkedin.com/in/sarah-coco-9a59489,https://facebook.com/sarah.coco.77,,,,,,Vice President Of Accounting,Brinker International,"3000 Olympus Blvd, Dallas, Texas 75019, US",brinkerjobs.com,http://www.brinker.com,https://www.linkedin.com/company/brinker-international,"Texas, United States",,,TX ,US,Brinker International,Vice President Of Accounting,2022-05-01,Present,Brinker International,Sr Director Accounting Shared Services,2018-05-01,2022-05-01,Brinker International,"Director, Accounting Shared Services",2016-06-01,2018-05-01,Brinker International,Senior Accounting Manager-Revenue Accounting,2012-02-01,2016-06-01,Brinker International,Senior Accounting Manager-Operations Accounting,2009-06-01,2012-02-01,University of North Texas,MS,,,Paschal High School,,,,"Microsoft Excel,Accounts Payable,Accounts Receivable,Team Building,Analysis,Payroll,Microsoft Word,Restaurants,PowerPoint,PeopleSoft,Essbase,Fixed Assets,Accounting,Customer Service,Business Analysis,Strategy",,,"Brinker International Team Members, Accounting And Finance Professionals (AAFP)",,32,1969,vp,Finance,xp,,,,,
15449097,Julie Malloy,Julie,Malloy,Verified emails found,2025-10-15 09:49:46.721080,jmalloy@gitlab.com,jmalloy@gitlab.com,juliemalloydutot@gmail.com,"jmalloy@gitlab.com,juliemalloydutot@gmail.com",,,6106442019,,"2152741869
6102138241",,https://www.linkedin.com/in/julie-malloy-72004053,,,,,,,Vice President Accounting Operations,GitLab,"268 Bush St, San Francisco, California, US",gitlab.com,https://about.gitlab.com/,https://www.linkedin.com/company/gitlab-com,"Berwyn, PA, US",Berwyn,,PA ,US,GitLab,Vice President Accounting Operations,2024-04-01,Present,Unisys,Vice President Finance Centralized Services,2021-01-01,2024-04-01,Unisys,Vice President Client Financial Management Operations,2020-03-01,2021-01-01,Unisys,Vice President Corporate Operations,2018-01-01,2020-02-01,Unisys,Senior Director Global Operations,2014-02-01,2017-12-01,Villanova University,Bachelor's Degrees,,,Temple University,Master of Business Administration (M.B.A.),,,"Invoicing,Bid Pricing,Time & Attendance,Payroll Processing,Accounts Receivable (AR),Accounts Payable (AP),Financial Planning,Financial Accounting,Finance,Business Process Improvement,Program Management,IT Strategy,Project Management,Service Delivery,Resource Management,Business Analysis,Oracle ERP,SAP BusinessObjects,Management,Process Improvement,Business Operations,Professional Services Automation,Datawarehouse Reporting,Tableua Dashoard Implementation,Microsoft Office,Salesforce.com,Workday,Financial Analysis,collaboration,Business Strategy,Customer Service,Microsoft Excel,Strategy,Sales",,,,,24,1965,vp,Finance,xp,,,,,
74691012,Emily Woosley,Emily,Woosley,Verified emails found,2025-10-15 09:49:46.431595,emily.woosley@bunn.com,emily.woosley@bunn.com,emilywoosley@gmail.com,emily.woosley@bunn.com,emilywoosley@gmail.com,,2176859619,2176859619,"2174158205
4104517560",,https://www.linkedin.com/in/emilywoosley,https://facebook.com/emily.mills.714655,,,,,,Vice President of Accounting,BUNN,"5020 Ash Grove, Springfield, Illinois 62711, US",bunn.com,http://www.bunn.com,https://www.linkedin.com/company/bunn,"Springfield, IL, US",Springfield,,IL ,US,BUNN,Vice President of Accounting,2023-08-01,Present,BUNN,Director Of Accounting,2018-04-01,2023-07-01,Springfield Clinic,Director Of Accounting,2020-05-01,2020-12-01,H. D. Smith,"Vice President, Controller",2018-01-01,2018-04-01,H. D. Smith,Controller,2017-05-01,2017-12-01,Illinois Wesleyan University,Bachelor of Arts - BA,,,University of Illinois Springfield,Master of Business Administration (M.B.A.),,,"Accounting,Financial Accounting,Financial Analysis,Financial Reporting,GAAP,General Ledger,Process Improvement,Variance Analysis,Auditing,Microsoft Excel,Strategic Planning,Business Process Improvement,Forecasting,Generally Accepted Accounting Principles (GAAP),Management,SAP Products,Working Capital Management",,,,,17,1986,vp,Finance,xp,,,,,
6650311,Melissa Siegfried,Melissa,Siegfried,Verified emails found,2025-10-15 09:49:46.245401,hammer.melissa@gmail.com,,hammer.melissa@gmail.com,hammer.melissa@gmail.com,,,570-617-2612,570-617-2612,570-622-5249,,https://www.linkedin.com/in/melissa-siegfried-cpa-175b378,http://www.facebook.com/people/_/9300939,,,,,,"Vice President, Controller",Recovery Centers of America,"2201 Renaissance Blvd 3rd Floor, King of Prussia, Pennsylvania 19406, US",recoverycentersofamerica.com,http://www.recoverycentersofamerica.com,https://www.linkedin.com/company/recovery-centers-of-america,"Philadelphia, PA, US",Philadelphia,,PA ,US,Recovery Centers of America,"Vice President, Controller",2021-02-01,Present,NHS Human Services,Director of Financial Services,2012-04-01,2014-12-01,Grant Thornton,Audit Manager,2005-09-01,2012-05-01,Recovery Centers of America,Controller,2017-03-01,2021-02-01,Recovery Centers of America,Assistant Controller,2014-12-01,2017-03-01,Penn State University,MBA,,,Penn State University,Bachelor of Science (BS),,,"Auditing,Financial Reporting,CPA,US GAAP,Accounting,Internal Controls,Financial Analysis,GAAP,Financial Accounting",,,,,20,1983,vp,Finance,xp,,,,,
78736004,Bilal Mian,Bilal,Mian,Verified emails found,2025-10-15 09:49:46.056723,bmian@related.com,bmian@related.com,bilalmian@gmail.com,bmian@related.com,bilalmian@gmail.com,,7183706778,,7327103737,,https://www.linkedin.com/in/bilal-mian-cpp-29671267,,,,,,,Vice President of Payroll,Related Companies,"30 Hudson Yards, New York, New York 10001, US",related.com,http://www.related.com,https://www.linkedin.com/company/related,"Woodbridge Township, NJ, US",Woodbridge Township,,NJ ,US,Related Companies,Vice President of Payroll,2025-01-01,Present,Related Companies,Senior Director of Payroll,2023-01-01,2025-03-01,Related Companies,Director Of Payroll,2019-01-01,2023-03-01,Metro One LPSG,Director of Payroll and Billing,2010-04-01,2018-12-01,Metro One LPSG,Payroll and Billing Manager,2006-05-01,2010-01-01,"Rutgers, The State University of New Jersey-New Brunswick",Bachelor's degree,,,,,,,"Executive Pay,Critical Thinking,Management of Direct Reports,Accounts Payable (AP),Account Reconciliation,Compensation Planning,Global Delivery,Employee Benefits Design,Corporate Communications,Written Communication,Problem Solving,Team Leadership,Negotiation,Bank Reconciliation,Benefits Administration,Communication,Interviewing,Time Management,Multi-state Payroll Processing,Compensation & Benefits,Payroll Taxes,Employee Relations,Garnishments,Performance Management,ADP Payroll,Human Resources,Hiring,Applicant Tracking Systems,Deferred Compensation,Customer Service,HRIS,Management,New Hire Orientations,Leadership,Microsoft Excel,Recruiting,Outlook,Talent Acquisition,Personnel Management,PeopleSoft,Payroll,Budgets,Sales,Team Building,Training",,,,,19,1983,vp,Finance,xp,,,,,
6693503,Wade Fugate,Wade,Fugate,Verified emails found,2025-10-15 09:49:45.821085,wade.fugate@westernsouthern.com,wade.fugate@westernsouthern.com,wadefugate@gmail.com,wade.fugate@westernsouthern.com,wadefugate@gmail.com,,513-389-1667,513-520-5785,"5136291050
225-690-4242
513-520-5785",,https://www.linkedin.com/in/wade-fugate-cpa-b57b22a,,,,,,,Vice President and Controller,Western & Southern Financial Group,"400 East Fourth St., Cincinnati, Ohio 45202, US",westernsouthern.com,http://www.westernsouthern.com,https://www.linkedin.com/company/western-&-southern-financial-group,"Cincinnati, OH, US",Cincinnati,,OH ,US,Western & Southern Financial Group,Vice President and Controller,2016-03-01,Present,Western & Southern Financial Group,Assistant Vice President and Assistant Controller,2004-06-01,Present,Ernst & Young,Audit Manager,1996-09-01,2004-06-01,,,,,,,,,University of Cincinnati,BBA,,,Xavier University,MBA,,,"Analysis,CPA,Accounting,Sarbanes-Oxley Act,Banking,Auditing,Financial Audits,Life Insurance,Financial Statements,Internal Controls,US GAAP,Financial Services,SEC filings,Financial Analysis,Agents,Sarbanes Oxley Act,Strategic Planning,Marketing,Customer Service,Dealers,Insurance",,,,,29,1975,vp,Finance,xp,,,,,
108085420,Ian Thompson,Ian,Thompson,Verified emails found,2025-10-15 09:49:45.653291,ianzthompson@gmail.com,,ianzthompson@gmail.com,"ianzthompson@gmail.com,sickpuzzle@gmail.com,baybreezie@gmail.com",,"ithompson@blackrock.com,thompsoni@blackrock.com",302-242-6882,302-242-6882,2089010710,,https://www.linkedin.com/in/ian-thompson-4248b557,https://facebook.com/ian.thompson.3152130,,,,,,Investment Accounting Vice President,BlackRock,"50 Hudson Yards, New York, New York 10001, US",blackrock.com,http://www.blackrock.com,https://www.linkedin.com/company/blackrock,"Philadelphia, PA, US",Philadelphia,,PA ,US,BlackRock,Investment Accounting Vice President,2020-11-01,Present,BlackRock,Investment Accounting Associate,2016-11-01,2020-11-01,BlackRock,Investment Accounting Analyst,2014-02-01,2016-11-01,SEI,Fund Accountant and Analyst,2011-07-01,2014-01-01,Northwestern Mutual,Financial Representative Intern,2010-05-01,2010-12-01,Penn State University,Bachelor of Science,,,,,,,"Microsoft Excel,Microsoft Word,Microsoft Office,Fund Accounting,Mutual Funds,Fundraising,Customer Service,Sales,Licensed Life Insurance Agent,Life Insurance,Finance,Analysis,Time Management,Management,PowerPoint,Financial Analysis,Leadership,Social Media,Public Speaking,Investments,Risk Management,Team Building,Team Leadership",,,,,14,1977,vp,Finance,xp,,,,,
7557121,Susan Carlton,Susan,Carlton,Verified emails found,2025-10-15 09:49:45.479403,scarlton@hhhunt.com,scarlton@hhhunt.com,scarltoncpa1@gmail.com,"scarlton@hhhunt.com,scarltoncpa1@gmail.com,secarlton@hhhunt.com,scarlton2010@hotmail.com",,,8045270026,,,,https://www.linkedin.com/in/susan-carlton-a941a822,,,,,,,Senior Vice President Accounting,HHHunt,"800 Hethwood Blvd, Blacksburg, Virginia 24060, US",hhhunt.com,http://www.hhhunt.com,https://www.linkedin.com/company/hhhunt-corporation,"Richmond, VA, US",Richmond,,VA ,US,HHHunt,Senior Vice President Accounting,2022-10-01,Present,HH Hunt,Vice President Accounting,2016-10-01,Present,HHHunt,Vice President Of Accounting,2016-10-01,Present,Medical Action Industries,"Finance Director at AVID Medical, and Owens and Minor Company",2012-03-01,2015-12-01,"Transfield Services Infrastructure, Inc.",VP Finance,2011-06-01,2013-03-01,University of Lynchburg,BA,,,,,,,"Internal Controls,Accounting,Budgets,Financial Reporting,General Ledger,SAP,Accounts Payable,Financial Modeling,Accounts Receivable,Process Improvement,Business Process Improvement,Cash Flow,Leadership,Account Reconciliation,Strategic Financial Planning,IFRS,Financial Accounting,Payroll,Procurement,Project Planning,Finance,Change Management,Mergers & Acquisitions,Asset Management,Strategy,Contract Management,Analysis,Management,Operations Management,Contract Negotiation,Strategic Planning,Business Strategy,Business Development,Acquisition Integration,Human Resources,Financial Planning,Customer Service,Hospitals,Strategic Financial,Mergers and Acquisitions,Financial Analysis,Business Process",,,,,27,1966,vp,Finance,xp,,,,,
9615984,Kimberly LaBella,Kimberly,LaBella,Verified emails found,2025-10-15 09:49:44.847470,klabella@rentprogress.com,klabella@rentprogress.com,,klabella@rentprogress.com,,,6312350206,6312350206,,,https://www.linkedin.com/in/kimberly-labella-cpa-38a10810,,,,,,,"Vice President, Controller",Progress Residential®,"7500 N Dobson Rd. Suite 300, Scottsdale, Arizona 85256, US",rentprogress.com,http://rentprogress.com,https://www.linkedin.com/company/progress-residential,"Tampa, FL, US",Tampa,,FL ,US,Progress Residential®,"Vice President, Controller",2021-02-01,Present,Progress Residential®,Director of Accounting and Tax,2019-09-01,2021-02-01,PODS,Accounting Supervisor,2013-03-01,2013-09-01,PODS,Senior Accountant,2012-02-01,2013-03-01,Horizon Bay Retirement Living,Property Accountant,2010-07-01,2012-01-01,University of South Florida - College of Business Administration,MAcc,,,University of South Florida - College of Business Administration,B.A.,,,"General Ledger,FRx,Financial Reporting,Accounting,GAAP,Account Reconciliation,Fixed Assets,Accounts Payable,PeopleSoft,Budgets,Essbase,Financial Analysis,Outlook,Yardi,Microsoft Dynamics,Atlas,Accounts Receivable,Revenue Recognition,ADP Payroll,Inventory Analysis,Microsoft Excel,PowerPoint,Access Database,Sage FAS,Microsoft Word,Invoicing,Customer Service,Bookkeeping,Forecasting,Internal Controls,Payroll,Strategic Planning,Process Improvement,Managerial Finance,QuickBooks,Leadership,Investments,Management",,,,,16,1980,vp,Finance,xp,,,,,
70905716,Ginna Wetzel,Ginna,Wetzel,Verified emails found,2025-10-15 09:49:44.655234,ginna.wetzel@wbd.com,ginna.wetzel@wbd.com,altmeyvm@gmail.com,"ginna.wetzel@wbd.com,altmeyvm@gmail.com",,,703-300-2187,703-300-2187,,,https://www.linkedin.com/in/ginna-wetzel-cpa-796b999,http://www.facebook.com/ginna.altmeyer,http://twitter.com/ginnaaltmeyer,,,,,"Vice President, Technical Accounting",Warner Bros. Discovery,US,wbd.com,https://wbd.com/,https://www.linkedin.com/company/warner-bros-discovery,"Washington, DC, US",Washington,20005,DC ,US,Warner Bros. Discovery,"Vice President, Technical Accounting",2023-01-01,Present,Warner Bros. Discovery,"Senior Director, Technical Accounting",2021-03-01,2023-01-01,Gannett | USA TODAY NETWORK,"Director, Technical Accounting",2018-09-01,2021-03-01,The Advisory Board Company,"Director, Financial Reporting and Technical Accounting",2016-07-01,2018-09-01,Opower,"Manager, Financial Reporting and Technical Accounting",2016-02-01,2016-07-01,James Madison University,,,,,,,,,,,,,15,1987,vp,Finance,xp,,,,,
13358701,Faith Pizzo,Faith,Pizzo,No emails found,2025-10-15 09:49:44.479614,,,,,,,2149866616,2149866616,"9726735750
5044668041",,https://www.linkedin.com/in/faith-pizzo-00ab39a,https://facebook.com/faith.pizzo,,,,,,Vice President of Accounting,Keurig Dr Pepper Inc.,"53 South Ave, Burlington, Massachusetts 01803, US",keurigdrpepper.com,http://www.keurigdrpepper.com,https://www.linkedin.com/company/keurig-dr-pepper-inc,"Plano, TX, US",Plano,,TX ,US,Keurig Dr Pepper Inc.,Vice President of Accounting,2024-02-01,Present,Keurig Dr Pepper Inc.,Senior Director - Consolidations and Corporate Accounting,2018-09-01,2024-02-01,Dr Pepper Snapple Group,"Director - Corporate Accounting and FP and A, Internal Reporting and Consolidated FP and A",2015-02-01,2018-09-01,Dr  Pepper Snapple Group,"Director - Corporate Accounting, Consolidations and Internal Reporting",2013-08-01,2015-02-01,Dr  Pepper Snapple Group,Director - Consolidations and Internal Reporting,2011-08-01,2013-08-01,Texas Tech University,BBA,,,,,,,"Research,Financial Reporting,Editing,Microsoft Word,Microsoft Office,PowerPoint,Akuntansi,Risque Financier,Variance Analysis,Reporting and Analysis,Strategy,Gestion d'actifs,Accounts Receivable,Clinical Trials",,,"Dr Pepper Employees & Alumni, CPA & Business Professional Group",,22,1980,vp,Finance,xp,,,,,
11668776,Jodi Noah,Jodi,Noah,Verified emails found,2025-10-15 09:49:44.306066,jnoah@txtav.com,jnoah@txtav.com,jodinoah@gmail.com,jnoah@txtav.com,jodinoah@gmail.com,,,,,,https://www.linkedin.com/in/jodi-noah-4361831a,,,,,,,Vice President and Controller,Textron Aviation,"One Cessna Blvd., Wichita, Kansas 67215, US",textronaviation.com,http://www.textronaviation.com/,https://www.linkedin.com/company/textron-aviation,"Wichita, KS, US",Wichita,,KS ,US,Textron Aviation,Vice President and Controller,2017-04-01,Present,TRU Simulation + Training,Chief Financial Officer,2014-01-01,2017-04-01,Cessna Aircraft Company,"Senior Vice President, Cessna Single Engine and Propeller Aircraft",2011-07-01,2013-12-01,Cessna Aircraft Company,"Vice President, Finance Business Operations",2010-10-01,2011-07-01,Cessna Aircraft Company,"Director, Integrated Supply Chain Finance",2003-01-01,2010-10-01,"University of Tennessee, Knoxville",Masters,,,The University of Kansas,Bachelors,,,"Leadership,Logistics,Microsoft Office,Business Development,Supply Chain Management,Microsoft Excel,Training,Simulation,Business Analysis,Process Improvement,Supply Chain,Six Sigma,Team Building,Aviation,Lean Manufacturing,Root Cause Analysis,Sales,5s,Forecasting,Green Belt,Team Leadership,Finance,Strategic Planning,Strategy,Operations Management,Program Management,Cross Functional Team Leadership,Manufacturing,Black Belt,Customer Service,Value Stream Mapping,Financial Analysis,Contract Negotiation,Project Planning,Procurement,Budgets,Operational Excellence,Kaizen,Continuous Improvement,Mergers and Acquisitions,Strategic Sourcing,Integration,CRM,Aircraft,Pricing,Analysis",,,"Heartspring, Textron Connections, Independent Living Resource Center",,27,1971,vp,Finance,xp,,,,,
4942308,David Dux,David,Dux,Verified emails found,2025-10-15 09:49:44.132886,dcddux@charter.net,ddux@fastenal.com,dcddux@charter.net,dcddux@charter.net,ddux@fastenal.com,,5073135243,5073135243,"5076890298
5123314563
5073137937",,https://www.linkedin.com/in/david-dux-b770335,https://facebook.com/david.dux.54,,,,,,Vice President Inventory Accounting,Fastenal Company,"2001 Theurer Blvd, Winona, Minnesota 55987, US",fastenal.com,http://www.fastenal.com,https://www.linkedin.com/company/fastenal,"Minnesota City, MN, US",Minnesota City,55959,MN ,US,Fastenal Company,Vice President Inventory Accounting,1988-11-01,Present,Fastenal,Corporate Buyer,1988-02-01,1988-11-01,Fastenal Company,Assistant Manager,1985-01-01,1988-02-01,,,,,,,,,University of Wisconsin-Eau Claire,BS Business,,,,,,,"Materials Management,Demand Planning,Demand Forecasting,Warehousing,Inventory Optimization,Supply Chain Optimization,Sales Operations,MRP,Continuous Improvement,Operations Management,Pricing,Project Planning,Accounts Payable,Process Improvement,Project Management,Negotiation,Manufacturing,Windows,PowerPoint,Microsoft Word,Research,Marketing,Customer Service,Management,Purchasing,Public Speaking,Supply Chain,Budgets,Microsoft Office,Inventory Management,Business Development,Outlook,Strategic Planning,Supply Chain Management,Teaching,Account Management,Key Account Management",,,"Manufacturing, Wholesale & Distribution Forum, Institute of Business Forecasting & Planning/ S&OP/ Demand Planning/ Supply Chain/ Analytics/ Data",,40,1961,vp,Finance,xp,,,,,
33112588,Gerald Whittmore,Gerald,Whittmore,Verified emails found,2025-10-15 09:49:43.920855,gerald_whittmore@att.net,gerald.whittmore@xerox.com,gerald_whittmore@att.net,gerald_whittmore@att.net,gerald.whittmore@xerox.com,,4697663603,4697663603,1.4697663603,,https://www.linkedin.com/in/gerald-whittmore-cpp-7a885b13,https://facebook.com/gerald.whittmore,,,,,,Vice President of Payroll,Xerox,"201 Merritt 7, Norwalk, Connecticut 06851, US",xerox.com,http://www.xerox.com,https://www.linkedin.com/company/xerox,"Dallas, TX, US",Dallas,,TX ,US,Xerox,Vice President of Payroll,2013-11-01,Present,"Xerox Business Services, LLC",Payroll Director,2011-08-01,2013-10-01,"ACS, a Xerox Company",SBU Payroll Manager,2010-06-01,2011-08-01,"EDS, an HP Company",Global Payroll Process Management,2009-11-01,2011-05-01,,,,,,,,,,,,,"ADP Payroll,Applicant Tracking Systems,BPO,Benefits Administration,Change Management,Deferred Compensation,Employee Benefits,Employee Relations,HR Policies,HRIS,Human Resources,Management,Onboarding,Payroll,PeopleSoft,Performance Management,Personnel Management,Policy,Process Improvement,Recruiting,SAP,SAP HR,Talent Acquisition,Talent Management,Microsoft Office,Leadership,New Business Development",,,"Dallas Chapter APA, Region 8 Board of Advisor, American Payroll Association",,15,1987,vp,Finance,xp,,,,,
12006363,Matt Glover,Matt,Glover,Verified emails found,2025-10-15 09:49:43.732319,gloversmatt@gmail.com,,gloversmatt@gmail.com,gloversmatt@gmail.com,,"mglover@calmainefoods.com,matt.glover@calmainefoods.com",601-810-4667,601-810-4667,6018014667,,https://www.linkedin.com/in/matt-glover-6b42b09b,https://facebook.com/msglover,https://twitter.com/mglover32,,,https://angel.co/matt-glover,,Vice President - Accounting,"Cal-Maine Foods, Inc.","1052 Highland Colony Pkwy Suite 200, Ridgeland, Mississippi 39157, US",calmainefoods.com,http://www.calmainefoods.com,https://www.linkedin.com/company/calmainefoods,"Jackson, MS, US",Jackson,,MS ,US,"Cal-Maine Foods, Inc.",Vice President - Accounting,2021-11-01,Present,"Cal-Maine Foods, Inc.",Director Of Financial Reporting,2019-07-01,2021-12-01,BKD CPAs & Advisors,Senior Manager,2010-01-01,2019-07-01,,,,,,,,,University of Mississippi,Master's Degree,,,University of Mississippi,Bachelor's Degree,,,"Investor Relations,Organization Skills,Finance,Leadership,U.S. SEC Filings,Corporate Accounting,GAAP,CPA,External Audit,Auditing,US GAAP,Internal Controls,Accounting,Financial Accounting,Financial Reporting,Assurance,Internal Audit,Sarbanes-Oxley Act,Financial Statements,General Ledger,IFRS,Strategic Planning,Customer Service,PowerPoint,Microsoft Office,Business Analysis,Sales Management,Sarbanes Oxley Act",,,,,15,1987,vp,Finance,xp,,,,,
12583450,Smith,Smith,,Verified emails found,2025-10-15 09:49:43.573765,jrsmithtx@gmail.com,,jrsmithtx@gmail.com,jrsmithtx@gmail.com,,,,,,,https://www.linkedin.com/in/jr-smith-tx,,,,,,,Vice President Franchise Accounting,Christian Brothers Automotive,"17725 Katy Freeway Suite 200, Houston, Texas 77030, US",cbac.com,http://www.cbac.com,https://www.linkedin.com/company/christian-brothers-automotive,"Houston, TX, US",Houston,77030,TX ,US,Christian Brothers Automotive,Vice President Franchise Accounting,2024-01-01,Present,Christian Brothers Automotive,Director of Franchise Accounting,2020-01-01,2024-01-01,Straight Streets,Director,2019-01-01,2020-01-01,RHA Architects,CFO and Vice President,2018-01-01,2019-01-01,RHA Architects,Vice President of Business and Marketing (Controller and CFO in function),2017-01-01,2018-01-01,Texas A&M University,Master of Science (M.S.),,,Texas A&M University,Bachelor of Business Administration (B.B.A.),,,"Leadership,Event Planning,Microsoft Office,Financial Reporting,CPA,Microsoft Excel,Public Speaking,Strategic Planning,Financial Analysis,Business Strategy,Strategy,Change Management,Risk Management",,,,,19,1987,vp,Finance,xp,,,,,
2522082,Robert Shutt,Robert,Shutt,Verified emails found,2025-10-15 09:49:43.362228,robert.shutt@charter.com,robert.shutt@charter.com,,,"robert.shutt@charter.com,robert_shutt@charter.com,robb.shutt@charter.com",,7856082182,7856082182,"8163636134
3143955434
8163636234
9138433853",,https://www.linkedin.com/in/robert-shutt-1961024b,https://facebook.com/robert.shutt.395,,,,,,"Vice President, Technical Accounting",Charter Communications,"400 Washington Blvd, Stamford, Connecticut 06902, US",spectrum.com,http://corporate.charter.com,https://www.linkedin.com/company/charter-communications,"St. Louis, MO, US",St. Louis,63108,MO ,US,Charter Communications,"Vice President, Technical Accounting",2015-02-01,Present,Peabody Energy,Director of Financial Reporting,2012-08-01,2015-01-01,KPMG,Audit Senior Manager,2002-05-01,2012-08-01,Arthur Andersen,Audit Senior Associate,1997-09-01,2002-05-01,,,,,University of Kansas,Bachelor of Science (B.S.),,,,,,,"SEC filings,Sarbanes-Oxley Act,US GAAP,Financial Reporting,CPA,External Audit,IFRS,Big 4,Leadership,Sarbanes Oxley Act,Finance,Social Media",,,"Kansas University, University of Kansas School of Business Alumni",,28,1974,vp,Finance,xp,,,,,
15051033,Michael Warnes,Michael,Warnes,Verified emails found,2025-10-15 09:49:43.147417,mwarnes@matw.com,mwarnes@matw.com,,,mwarnes@matw.com,,412-427-1187,412-427-1187,412-442-8200,,https://www.linkedin.com/in/michael-warnes-7b654a95,,,,,,,"Vice President, Financial Controller",Matthews International,"Two Northshore Center, Pittsburgh, Pennsylvania 15221, US",matw.com,http://www.matw.com,https://www.linkedin.com/company/matthews-international,"Pittsburgh, PA, US",Pittsburgh,15221,PA ,US,Matthews International,"Vice President, Financial Controller",2017-12-01,Present,Matthews International,"Director, Corporate Accounting and Reporting",2014-12-01,2017-12-01,HJ Heinz,"Controller, U.S. Division",2010-03-01,2014-08-01,HJ Heinz,"Director, Corporate Accounting",2008-01-01,2010-03-01,HJ Heinz,"Manager, Corporate Accounting",2004-07-01,2008-01-01,University at Buffalo,Bachelor of Business Administration,,,,,,,"Corporate Finance,Financial Reporting,Sarbanes-Oxley Act,Variance Analysis,Internal Controls,Cost Accounting,Financial Audits,Accounting,SAP,Consolidation,Financial Analysis,Managerial Finance,Financial Accounting,General Ledger,Auditing,Hyperion Enterprise,US GAAP,Budgets,Cash Flow,Forecasting,Editing,Sarbanes Oxley Act,Business Development,Marketing,Leadership,Integration",,,,,26,1976,vp,Finance,xp,,,,,
3242579,John Springer,John,Springer,Verified emails found,2025-10-15 09:49:42.951841,john.springer@relativity.com,john.springer@relativity.com,johndspringer@msn.com,"john.springer@relativity.com,johndspringer@msn.com,jandkspringer@msn.com",,,8015714525,,,,https://www.linkedin.com/in/john-springer-375241,,,,,,,Vice President of Accounting,Relativity,"231 South LaSalle Street 20th Floor, Chicago, Illinois 60604, US",relativity.com,http://www.relativity.com,https://www.linkedin.com/company/relativityhq,"Salt Lake City, UT, US",Salt Lake City,,UT ,US,Relativity,Vice President of Accounting,2023-08-01,Present,insightsoftware,Chief Accounting Officer (CAO),2022-10-01,2023-08-01,Cornerstone OnDemand,VP and Worldwide Corporate Controller,2019-09-01,2022-08-01,Cadence Design Systems,VP Finance and Accounting,2005-03-01,2019-09-01,Schiff Nutrition International,Director of Internal Audit,2004-03-01,2005-03-01,Brigham Young University,,,,,,,,"Financial Reporting,Mergers & Acquisitions,Finance,Managerial Finance,Mergers,Accounting,Internal Audit,Process Improvement,Financial Analysis,Business Process Improvement,Internal Controls,Management,International Business,Strategic Financial Planning,US GAAP,Analysis,Auditing,Financial Planning,Sarbanes-Oxley,Sarbanes-Oxley Act,Revenue Recognition,Financial Accounting,Due Diligence,GAAP,Business Process,Social Media,Environmental Consulting,Natural Sciences,Syngis,Mergers and Acquisitions,Sarbanes Oxley Act,Contaminated Sites Reclamation,Forging First Nations Partnerships,Sarbanes Oxley,Generally Accepted Accounting Principles Gaap,u.s. Generally Accepted Accounting Principles Gaap,Desktop Remediation,Contaminated Sites Remediation,Strategic Financial,Leadership,Start Ups,Tax,Financial Modeling,Data Analysis,Forecasting,Strategic Planning,P&L Analysis,U.S. SEC Filings,Cash Flow Forecasting,Budgeting,Cross Functional Team Leadership,Portuguese,Corporate Governance,External Audit,Corporate FP&A,IPO,Integration,Generally Accepted Accounting Principles,u.s. Generally Accepted Accounting Principles",,,,,29,1970,vp,Finance,xp,,,,,
212876228,Brian Ignatowski,Brian,Ignatowski,Verified emails found,2025-10-15 09:49:42.726140,brian.ignatowski@gmail.com,brian.ignatowski@disney.com,brian.ignatowski@gmail.com,brian.ignatowski@gmail.com,"brian.ignatowski@disney.com,brian.ignatowski@pwc.com,brian.ignatowski@gcp.pwc.com","bignatowski@disney.com,bignatowski@pwc.com",8606737194,8605082485,"8605082485
8603025438",,https://www.linkedin.com/in/brian-ignatowski-cpa-8058b3,https://facebook.com/brian.ignatowski,,,,,,"Vice President, Controllership",The Walt Disney Company,"500 South Buena Vista Street, Burbank, California 91521, US",disneycareers.com,http://www.thewaltdisneycompany.com,https://www.linkedin.com/company/the-walt-disney-company,"Hartford, CT, US",Hartford,,CT ,US,The Walt Disney Company,"Vice President, Controllership",1996-01-01,Present,Barnes Group Inc.,Senior Auditor,1994-01-01,1996-01-01,PWC,"Manager, Business Assurance",,Present,,,,,,,,,UF Hough Graduate School of Business,Master Of Business Administration,,,Central Connecticut State University,Bachelor Of Science,,,,,,,,31,1964,vp,Finance,xp,,,,,
9798104,Katy Giannelli,Katy,Giannelli,Verified emails found,2025-10-15 09:49:42.494917,katy.giannelli@willscot.com,katy.giannelli@willscot.com,,,katy.giannelli@willscot.com,,4102079920,,"6104855100
4109319100",,https://www.linkedin.com/in/katy-giannelli-570a0314,,,,,,,Vice President Accounting Operations,WillScot,"4646 East Van Buren St Suite 400, Phoenix, Arizona 85008, US",willscot.com,http://www.willscot.com,https://www.linkedin.com/company/willscot,"Baltimore, MD, US",Baltimore,,MD ,US,WillScot,Vice President Accounting Operations,2023-04-01,Present,WillScot,Senior Director Accounting Operations,2019-10-01,2023-05-01,WillScot,Interim Director - Integration,2018-07-01,2019-09-01,Acton,Vice President-Finance,2003-09-01,2018-06-01,Williams Scotsman,VIce President and Controller,1990-01-01,2003-01-01,University of Delaware - Lerner College of Business and Economics,BS,,,John Carroll High School,,,,"Accounting System,Financial Reporting,Financial Analysis,Relationship Management,Budgets,Restructuring,Corporate Finance,Strategic Financial Planning,Coaching,Forecasting,Management,Payroll,Accounts Payable,Accounts Receivable,Account Reconciliation,Inventory Management,Mergers,Financial Modeling,Internal Controls,General Ledger,Microsoft Excel,Negotiation,Contract Management,Accruals,Accounting,Contract Negotiation,Due Diligence,Process Improvement,Mergers & Acquisitions,Team Building,Leadership,Analysis,Operations Management,Financial Accounting,P&L Management,Strategic Planning,Income Statement,Budget Process,CPA,Managerial Finance,Finance,Financial Forecasting,SEC filings,Cash Management,US GAAP,External Audit,Auditing,Tax,Executive Management,P&L,Marketing,Sales,Mergers and Acquisitions",,,"Friends of Thunder Lacrosse Club, Baltimore Metro Finance & Accounting, Harford County Maryland Professionals, The John Carroll School Alumni Association - Bel Air, MD",,42,1960,vp,Finance,xp,,,,,
1961253,Julie Abramowski,Julie,Abramowski,Verified emails found,2025-10-15 09:49:42.268537,julieabramowski@gmail.com,abramowskij@hnicorp.com,julieabramowski@gmail.com,,"julieabramowski@gmail.com,abramowskij@hnicorp.com",,5632145908,,"5632727770
5632727282
5632994893
563-386-8579",,https://www.linkedin.com/in/julie-abramowski-90665713,,,,,,,Vice President Corporate Controller,HNI Corporation,"600 E 2nd St, Muscatine, Iowa 52761, US",hnicorp.com,http://www.hnicorp.com,https://www.linkedin.com/company/hni-corporation,"Davenport, IA, US",Davenport,,IA ,US,HNI Corporation,Vice President Corporate Controller,2015-08-01,Present,HNI Corporation,Director of Financial Reporting,2014-12-01,2015-08-01,HNI Corporation,Director Financial Planning and Analysis,2013-07-01,2014-12-01,The HON Company,Corporate Controller,2007-04-01,2013-07-01,The HON Company,Senior Financial Analyst,2004-11-01,2007-04-01,The University of Iowa Tippie College of Business,Masters,,,Gies College of Business - University of Illinois Urbana-Champaign,BS,,,"Forecasting,Cost Accounting,Process Improvement,Continuous Improvement,Accounting,Financial Analysis,5S,Inventory Management,Kaizen,Lean Manufacturing,Business Process Improvement,Budgets,Team Building,Leadership,Cross-functional Team Leadership,Management,Project Management,Cross Functional Team Leadership,Public Speaking,Sales",,,,,22,1975,vp,Finance,xp,,,,,
18958953,Jared Wood,Jared,Wood,Verified emails found,2025-10-15 09:49:42.005753,jaredandsuz@gmail.com,jared.wood@nch.com,jaredandsuz@gmail.com,"jaredandsuz@gmail.com,jaredw@gmail.com,woodjared@yahoo.com,woodjared@msn.com,jaredw@att.net","jared.wood@nch.com,jaredg.wood@nch.com",,309-370-2896,309-370-2896,"706-241-4124
210-598-9943
801-280-2089
918-207-1391
561-499-2942
801-599-5263
216-235-0843
203-430-8542
757-572-6216
908-451-2417
812-431-1203
513-266-2255",,https://www.linkedin.com/in/jared-g-wood-mba-cpa-cia-b321157,http://www.facebook.com/jared.wood.714,https://twitter.com/JaredGWood,,,,,Vice President and Controller,NCH Corporation,"2727 Chemsearch Blvd, Irving, Texas 75062, US",nch.com,http://www.nch.com/,https://www.linkedin.com/company/nch,"Texas, United States",,,TX ,US,NCH Corporation,Vice President and Controller,2017-10-01,Present,Caterpillar Inc.,Senior Auditor,2010-08-01,2012-09-01,RxAmerica,Financial Analyst,2005-11-01,2008-03-01,Caterpillar Inc.,"Controller – Sales, Marketing, Service and Parts (Americas Region)",2016-01-01,2017-06-01,Caterpillar Inc.,Plant Controller,2012-10-01,2016-01-01,University of Utah,Master of Business Administration (MBA),,,Utah Valley University,Bachelor's degree,,,"Process Improvement,Management,Technical Accounting,Generally Accepted Accounting Principles (GAAP),External Audits,Cost Control,Big Four Accounting Firms,Spreadsheets,Cash Flow,Interpersonal Skills,Financial Planning,Accounts Receivable (AR),Pricing Strategy,General Ledgers,Financial Statements,Account Reconciliation,Mergers & Acquisitions (M&A),Forecasting,Analysis,Financial Reporting,Leadership,Compensation,Auditing,SAP,Financial Analysis,Internal Audit,Communication,Problem Solving,Teamwork,Financial Accounting,Oracle Applications,Microsoft Excel,Microsoft Office,Decision Analysis,Leadership Accountability,Supervisory Experience,CPA,Budgets,Sarbanes-Oxley Act,Six Sigma,Internal Controls,Variance Analysis,Accounting,Business Process Improvement,Strategic Planning,Finance,Financial & Operational Modeling,Financial Modeling,Financial And Operational Modeling,Crystal Reports,Microsoft Word,Customer Service,Great Plains Software,Sarbanes Oxley Act,Project Management,Marketing Strategy,Continuous Improvement",,,,,22,1978,vp,Finance,xp,,,,,
11775785,Thea Sears,Thea,Sears,Verified emails found,2025-10-15 09:49:41.796257,thea.sears@davey.com,thea.sears@davey.com,ladybugspiker@aol.com,"thea.sears@davey.com,ladybugspiker@aol.com,theas@davey.com,tsears@biomedscienceacademy.org",,,330-346-0525,330-346-0525,"800-445-8733
330-673-9843
330-673-9444
330-673-9511
303-758-3581
303-761-3089",,https://www.linkedin.com/in/thea-sears-37846713,,,,,,,Vice President and Controller,The Davey Tree Expert Company,"1500 N Mantua St., P.O. Box 5193, Kent, Ohio 44240-5193, US",davey.com,http://www.davey.com,https://www.linkedin.com/company/the-davey-tree-expert-company,"Kent, OH, US",Kent,,OH ,US,The Davey Tree Expert Company,Vice President and Controller,2017-09-01,Present,The Davey Tree Expert Company,Controller,2016-09-01,2017-09-01,The Davey Tree Expert Company,Assistant Controller,2010-05-01,2016-09-01,The Davey Tree Expert Company,Manager of Financial Accounting,1993-05-01,2010-05-01,Bio-Med Science Academy STEM School,Board of Directors,2016-05-01,Present,The University of Akron,B.S.,,,,,,,"Financial Reporting,Sarbanes-Oxley Act,SEC Financial Reporting,Financial Accounting,Cost Accounting,Budgets,Internal Controls,Mergers & Acquisitions,General Ledger,Auditing,Accounts Payable,SEC filings,Account Reconciliation,Accounting,Budgeting,Financial Analysis,Customer Service,Management,Team Building,U.S. SEC Filings,Strategic Planning,Business Process Improvement,Business Strategy,Leadership,Sarbanes Oxley Act,Mergers and Acquisitions",,,,,32,1968,vp,Finance,xp,,,,,
5345299,Mary Edrehi,Mary,Edrehi,Verified emails found,2025-10-15 09:49:41.601921,medrehi@tcco.com,medrehi@tcco.com,maryedrehi@gmail.com,medrehi@tcco.com,maryedrehi@gmail.com,,5166445139,5169332196,"5163150188
5169332196",,https://www.linkedin.com/in/mary-edrehi-7b944a45,,,,,,,Vice President Corporate Controller,Turner Construction Company,"375 Hudson Street, New York, New York 10014, US",turnerconstruction.com,http://www.turnerconstruction.com,https://www.linkedin.com/company/turner-construction-company,"New York, NY, US",New York,,NY ,US,Turner Construction Company,Vice President Corporate Controller,2023-01-01,Present,Turner Construction Company,Vice President Regional Controller,2015-01-01,2022-12-01,Turner Construction Company,Vice President and Regional Financial Manager,2014-10-01,2015-12-01,Turner Construction Company,Regional Financial Manager - New York,2013-01-01,2014-09-01,Turner Construction Company,Financial Manager,2005-02-01,2013-01-01,Adelphi University,GOAL Accelerated MBA,,,,,,,"Cost Management,Cost Control,Contract Management,Cost Accounting,Project Control,Financial Reporting,Cost Reporting,Job Costing,Cash Flow,Construction Management,Construction,Financial Analysis,Construction Accounting,Managerial Finance,Variance Analysis,Social Media,Strategic Planning,Sales Management,Cash Flow Forecasting,Java,Marketing,Budgets",,,"Construction Financial Management Association (CFMA), Adelphi University Alumni, Accountants in Construction, Construction Accounting",,29,1971,vp,Finance,xp,,,,,
35184628,Nate Carey,Nate,Carey,Verified emails found,2025-10-15 09:49:41.318498,ncarey@ball.com,ncarey@ball.com,natecarey@gmail.com,"ncarey@ball.com,natecarey@gmail.com,nate_carey@hotmail.com",,,281-635-6847,281-635-6847,"7133564058
973-898-3863
408-817-3700
512-477-1300
512-708-5507
408-817-5050
512-477-8681
719-647-2537
512-906-0275",,https://www.linkedin.com/in/nate-carey-664a5b2,,,,,,,Vice President and Controller,Ball Corporation,"9200 W 108th Circle, Westminster, Colorado 80021, US",ball.com,http://www.ball.com,https://www.linkedin.com/company/ball,"Denver, CO, US",Denver,80219,CO ,US,Ball Corporation,Vice President and Controller,2017-11-01,Present,Ball Corporation,Assistant Controller at Ball Corporation,2014-09-01,2017-11-01,A Precious Child,Board Member,2017-02-01,Present,PWC,Senior Manager,2012-07-01,2014-09-01,PWC,Senior Manager - National Office,2010-07-01,2012-06-01,Colorado State University - Pueblo,Bachelor of Science in Business Administration,,,,,,,"Certified Public Accountant - Texas, California,California,Certified Public Accountant,Certified Public,Texas",,,,,23,1978,vp,Finance,xp,,,,,
29930005,Brad Gulick,Brad,Gulick,Verified emails found,2025-10-15 09:49:41.111291,thetruefunkyboss@hotmail.com,brad.gulick@parker.com,thetruefunkyboss@hotmail.com,thetruefunkyboss@hotmail.com,brad.gulick@parker.com,bgulick@parker.com,9892774067,,9896345466,,https://www.linkedin.com/in/brad-gulick-60a683101,https://facebook.com/brad.gulick.7,,,,,,Vice President Group Controller,Parker Hannifin,"6035 Parkland Blvd, Cleveland, Ohio 44124, US",parker.com,https://www.parker.com/us/en/about-parker.html,https://www.linkedin.com/company/parker-hannifin,"Cleveland, OH, US",Cleveland,,OH ,US,Parker Hannifin,Vice President Group Controller,2020-10-01,Present,Parker Hannifin,Division Controller OES Division,2018-08-01,2020-10-01,Parker Hannifin,Division Controller - Precision Fluidics Division,2014-12-01,2018-08-01,Parker Hannifin,Accounting Manager,2012-07-01,2014-11-01,Parker Hannifin,Plant Accountant,2010-03-01,2012-06-01,University of South Carolina,,,,Michigan State University,,,,"Leadership,Auditing,Variance Analysis,Lean Manufacturing,Accounting,Cost Accounting,Forecasting,Finance,Process Improvement,Strategic Planning,Microsoft Office,Microsoft Excel,Cross Functional Team Leadership,Internal Controls,Manufacturing,Financial Analysis,GAAP,Budgets,Sarbanes Oxley Act,Management,Financial Reporting,Fixed Assets,Accounts Payable,Continuous Improvement,Mergers and Acquisitions,Accounts Receivable,Industrial Engineering,CPA",,,,,17,1985,vp,Finance,xp,,,,,
8651233,Diane Wear,Diane,Wear,Verified emails found,2025-10-15 09:49:40.939968,diane.wear@yahoo.com,,diane.wear@yahoo.com,diane.wear@yahoo.com,,,865-368-2297,865-368-2297,"865-984-4997
865-368-2314
865-632-2101
865-632-9222",,https://www.linkedin.com/in/diane-wear-819bb88,http://facebook.com/people/_/1442291947,,,,,,Vice President and Controller,Tennessee Valley Authority,"400 W Summit Hill Dr, Knoxville, Tennessee 37902-1499, US",tva.com,http://www.tva.com,https://www.linkedin.com/company/tva,"Maryville, TN, US",Maryville,,TN ,US,Tennessee Valley Authority,Vice President and Controller,2012-03-01,Present,Tennessee Valley Authority,Assistant Controller,2008-05-01,2012-02-01,PricewaterhouseCoopers LLP,"Managing Director, Assurance and Business Advisory Services",1992-12-01,2008-04-01,PwC,Managing Director,2000-01-01,2008-01-01,KPMG,Audit Associate,1990-01-01,1992-01-01,East Tennessee State University,BBA,,,,,,,"SEC filings,Sarbanes-Oxley Act,GAAP,Internal Controls,External Audit,Financial Reporting,Auditing,Internal Audit,Accounting,Capital Budgeting,Financial Analysis,Financial Modeling,Utilities,Sarbanes Oxley Act,Research,PowerPoint,Marketing,Education,Sales,Public Speaking,Strategic Planning",,,"PricewaterhouseCoopers (PwC) employees and alumni - unofficial group, Energy & Utilities Network, PricewaterhouseCoopers LLP (PwC US)",,34,1968,vp,Finance,xp,,,,,
2327972,Steve Brooke,Steve,Brooke,Verified emails found,2025-10-15 09:49:40.750100,invitations@linkedin.com,invitations@linkedin.com,steve.brooke@yahoo.com,"invitations@linkedin.com,steve.brooke@yahoo.com,sbrooke@avantstay.com",sbrooke@e.linkedin.com,,2089496792,2089496792,"2088550803
2084611600
2083773326",,https://www.linkedin.com/in/stevenbrooke,http://www.facebook.com/steve.brooke.35,,,,,,Vice President of Accounting,Linkedin,"1000 W Maude Ave, Sunnyvale, California 94085, US",linkedin.com,https://www.linkedin.com,https://www.linkedin.com/company/linkedin,"South Jordan, UT, US",South Jordan,,UT ,US,Linkedin,Vice President of Accounting,,Present,Avantstay,Vice President of Accounting,2022-04-01,Present,Jolt | Task Management Software,Vice President of Accounting,2020-11-01,2022-04-01,Vacasa,Corporate Financial Controller,2018-01-01,2020-11-01,bodybuilding.com,Controller and Director of Accounting,2011-06-01,2018-01-01,Brigham Young University,Bachelor of Science,,,San Joaquin Delta College,,,,"Financial Reporting,Revenue Recognition,General Ledger,Business Strategy,GAAP,Management,Leadership,Account Reconciliation,QuickBooks,Accounting,Sarbanes-Oxley,SEC,Variance Analysis,Market,Accounting Issues,Cost,Fortune 500,Adjustments,Finance,SEC filings,Cascade,Tight Deadlines,Structure,SAN,Driving,Adoption,Monthly Close Process,Construction,Real Estate,SAP ERP,Yardi,Assessment,Disclosures,GL,Meridian,Impairment,Delta,Financial Statements,Assurance,Quarterly Reviews,Utah,Silicon,Auditing,Big 4,Valuation,Elimination,System,Timing,Engagements,Vps,Reports,FAS,Cultivate,Inventory,Hyperion,Consolidation,Surplus,Information Quality,Property,Testing,Training,Policy,Portuguese,Reporting,Commercial Real Estate,Land Development,Hardware,CPA,SAP,Store Operations,Yahoo,Retail,Applications,Micron,Advertising,Rapid Growth,Operations,Values,Microsoft Access,Sarbanes Oxley,Lockbox,Project Planning,Project,Sarbanes Oxley Act,San Jose,Standardization,Internal Audit,Kpmg,Portfolio,Private Companies,Brazil,Intercompany,Reviews,Materials,Software,Compliance,Annual Reports,Internal Controls,Financial Transactions,Semiconductors,Conceptual Modeling,Evaluation,Disposal,Financial Metrics,Databases",,,,,26,1972,vp,Finance,xp,,,,,
6063390,Bill Velasco,Bill,Velasco,Verified emails found,2025-10-15 09:49:40.560926,velascog@gmail.com,bvelasco@flowserve.com,velascog@gmail.com,"velascog@gmail.com,velasco.guillermoa@gmail.com,guillermo_velasco@yahoo.com,guillermo_a_velasco@hotmail.com",bvelasco@flowserve.com,,214-789-1300,214-789-1300,"972-443-6500
1.8177130018
469-420-3235
+52 469 499 6792
972-308-6099",,https://www.linkedin.com/in/billvelasco,http://www.facebook.com/people/_/100001211850459,https://twitter.com/bill_velasco,,,,,Vice President of Accounting,Flowserve Corporation,"5215 N. O'Connor Blvd., Irving, Texas 75039, US",flowserve.com,http://www.flowserve.com,https://www.linkedin.com/company/flowserve,"Grapevine, TX, US",Grapevine,,TX ,US,Flowserve Corporation,Vice President of Accounting,2023-09-01,Present,Flowserve Corporation,Global Controller,2017-01-01,2023-09-01,Flowserve Corporation,Global Controller - Flow Solutions Group,2008-07-01,2016-12-01,Flowserve Corporation,Director of Global Consolidations,2006-07-01,2008-07-01,AT&T,CFO,2006-01-01,2006-07-01,University of Buenos Aires,,,,Roffey Park Institute,,,,"Strategy,Leadership,Hyperion,Finance,ERP,Income Statement,Strategic Financial Planning,Sarbanes Oxley,US GAAP,Manufacturing,Mergers and Acquisitions,Foreign Exchange Conversion,Structured Financing,Internal Controls,High Tech and Telecommunications Industries,Foreign Exchange Hedging and Exposure Management,Business Process Improvement,Sales,Operations,Financial Audits,Project Management,Budgets,Business Strategy,Budgeting,Financial Accounting,Analysis,International,Executive Management,Consolidation,Business Analysis,Forecasting,CPA,Strategic Planning,Business Planning,Financial Analysis,Managerial Finance,Accounting,Cross Functional Team Leadership,Hyperion Enterprise,GAAP,Revenue Recognition,Cycle,Pricing Solutions,Team Leadership,Budgeting and Planning,Financial Modeling,Variance Analysis,Heavy and Highly Engineered Specialized Manufacturing,Corporate Law,International Finance and Accounting,Planning,Cash Flow and Cash Cycle Management,Cash Flow,Cost Accounting,Sarbanes Oxley Act,Financial Reporting,Consumer Goods,Process Improvement,Contract Management Corporate and Government,u.s. Generally Accepted Accounting Principles Gaap,Management,Retail and Channel Sales,Telecommunications,Cash,Consulting,Internal Controls and Process Improvements,Corporate Finance,PowerPoint,u.s. Generally Accepted Accounting Principles",,,,,37,1954,vp,Finance,xp,,,,,
1400015,Benjamin Otchere,Benjamin,Otchere,Verified emails found,2025-10-15 09:49:40.376327,benokyere@hotmail.com,botchere@aosmith.com,benokyere@hotmail.com,benokyere@hotmail.com,"botchere@aosmith.com,bokyere@aosmith.com",,4147318944,4147318944,,,https://www.linkedin.com/in/benjamin-otchere-4639416,https://facebook.com/benjamin.okyere.505,,,,,,Vice President and Controller,A. O. Smith Corporation,"11270 W. Park Place, Milwaukee, Wisconsin 53212, US",aosmith.com,https://www.aosmith.com,https://www.linkedin.com/company/a.-o.-smith-corporation,"Milwaukee, WI, US",Milwaukee,53212,WI ,US,A. O. Smith Corporation,Vice President and Controller,2021-12-01,Present,A. O. Smith Corporation,Vice President Finance and International Controller,2019-08-01,2021-11-01,A. O. Smith Corporation,Global Operations Controller,2014-08-01,2019-08-01,A.O. Smith,Director - Audit and Risk Management,2012-05-01,2015-01-01,Ernst & Young,Senior Manager,2007-08-01,2012-05-01,Ohio University,Master of Science,,,Ohio University,Master of Arts,,,"Managerial Finance,Assurance,Auditing,External Audit,Accounting,Sarbanes-Oxley Act,SEC filings,Internal Controls,Financial Reporting,Financial Accounting,GAAP,US GAAP,Sarbanes-Oxley,IFRS,Risk Management,Management,Financial Analysis,CPA,Internal Audit,Process Improvement,Financial Audits,Tax,Finance,Financial Statements,Forecasting,Big 4,Consolidation,U.S. Generally Accepted Accounting Principles (GAAP),Generally Accepted Accounting Principles (GAAP),U.S. SEC Filings,Sales,Sarbanes Oxley,Marketing,Sarbanes Oxley Act,U.S. Generally Accepted Accounting Principles Gaap,Generally Accepted Accounting Principles Gaap,Generally Accepted Accounting Principles,u.s. Generally Accepted Accounting Principles",,,,,23,1981,vp,Finance,xp,,,,,
1140734,Bill Guc,Bill,Guc,Verified emails found,2025-10-15 09:49:40.199483,william.guc@wecenergygroup.com,william.guc@wecenergygroup.com,billguc@gmail.com,william.guc@wecenergygroup.com,billguc@gmail.com,,920-617-6223,248-444-2850,"248-444-2850
4142212345
249-780-5451
920-617-6040
920-617-6100
920-617-6019
9204332639
920-617-6140
920-977-8458
203-863-7700",,https://www.linkedin.com/in/bill-guc-46b11413,,,,,,,Vice President and Controller,WEC Energy Group,"231 W. Michigan Street, Milwaukee, Wisconsin 53212, US",wecenergygroup.com,https://www.wecenergygroup.com,https://www.linkedin.com/company/wec-energy-group,"Green Bay, WI, US",Green Bay,,WI ,US,WEC Energy Group,Vice President and Controller,2015-10-01,Present,WEC Energy Group,Vice President,2015-06-01,2015-10-01,Integrys Energy Services,Vice President and Controller,2005-02-01,2010-11-01,DTE Energy Trading,Manager of Accounting,2001-05-01,2005-02-01,MCN Energy,Accounting Manager,1995-11-01,2001-05-01,The University of Chicago,Advanced Management Program (AMP),,,Wayne State University,BS,,,"Derivatives,Accounting,Energy Markets,Sarbanes-Oxley Act,Financial Reporting,Financial Analysis,Natural Gas,Internal Controls,Risk Management,Financial Modeling,Process Improvement,Energy,Forecasting,Mergers & Acquisitions,Sarbanes-Oxley,Microsoft Office,Sarbanes Oxley,Research,Project Management,Microsoft Excel,Mergers and Acquisitions,Finance,Sarbanes Oxley Act",,,"Linked:Energy (Energy industry expertise), Energy Professionals, DTE Energy Alumni, Energy Marketing - Customer engagement, Retail electricity, Consumer power marketing",,25,1969,vp,Finance,xp,,,,,
6362276,James Sheehan,James,Sheehan,Verified emails found,2025-10-15 09:49:39.999353,jamessheehan@gmail.com,jnsheehan@hormel.com,jamessheehan@gmail.com,,"jamessheehan@gmail.com,jnsheehan@hormel.com",jsheehan@hormel.com,5072191445,5072191445,"507-433-1269
5072792181
5074375717",,https://www.linkedin.com/in/james-sheehan-43318539,,,,,,,Vice President and Controller,Hormel Foods,"1 Hormel Place, Austin, Minnesota 55912, US",hormelfoods.com,http://www.hormelfoods.com,https://www.linkedin.com/company/hormel-foods,"Austin, MN, US",Austin,55912,MN ,US,Hormel Foods,Vice President and Controller,,Present,,,,,,,,,,,,,,,,,Missouri Western State University,BS BA,,,Carlson School of Management,Minnesota Executive Program,,,"Internal Controls,Sarbanes-Oxley Act,GAAP,Forecasting,Sarbanes-Oxley,Financial Reporting,General Ledger,US GAAP,Accounting,Financial Statements,Accruals,Cost Accounting,Finance,Business Development,Sarbanes Oxley Act,Sarbanes Oxley,Team Building,Strategy,Business Strategy,Sales",,,,,,1955,vp,Finance,xp,,,,,
2394855,Sara Curran,Sara,Curran,Verified emails found,2025-10-15 09:49:39.823527,saramiller115@yahoo.com,,saramiller115@yahoo.com,"saramiller115@yahoo.com,sara.miller@gmail.com,sarahdee088@gmail.com,umbertoperez1999@gmail.com","sara.curran@aol.com,sara.miller@mail.com,dhoggs@comcast.net",sarac@dodgers.com,909-754-3656,909-754-3656,"3038852925
5704705072
248-931-2966
815-690-2529
903-276-4849
323-224-1371
323-224-2617
909-797-0762
909-789-0729
828-963-8697
740-775-3538
616-616-6151
828-387-4689
515-331-0621
951-780-4521
951-970-7189
636-578-5313
917-825-3322",,https://www.linkedin.com/in/sara-curran-773393a,http://www.facebook.com/sara.m.curran.7,,,,,,Vice President of Accounting,Los Angeles Dodgers,"1000 Vin Scully Ave, Los Angeles, California 90012, US",dodgers.com,http://www.dodgers.com,https://www.linkedin.com/company/los-angeles-dodgers,"Los Angeles, CA, US",Los Angeles,,CA ,US,Los Angeles Dodgers,Vice President of Accounting,2024-01-01,Present,Los Angeles Dodgers,Controller,2019-01-01,2023-12-01,Los Angeles Dodgers,Assistant Controller,2015-01-01,2018-12-01,Los Angeles Dodgers,Senior Accounting Manager,2013-06-01,2014-12-01,Los Angeles Dodgers,Accounting Manager,2003-03-01,2013-06-01,California State University-San Bernardino - College of Business and Public Administration,Finance,,,Riverside City College,,,,"Ticket Sales,Baseball,Sports Marketing,Sports,Sports Management,Microsoft Excel,Social Media,Public Relations,Event Management,Facebook,Archtics,PowerPoint,Social Networking,Fundraising,Sports Writing,Sponsorship Sales,Athletics,Accounting,Financial Statements,Marketing,Sponsorship Activation,Broadcast,Event Planning,Sponsorship,Advertising,Management,Auditing,Sales,Press Releases,Customer Service,Social Media Marketing,Digital Media,Time Management,Revenue Recognition,Microsoft Word,Account Management,Financial Analysis,Public Speaking,Blogging,Leadership,Budgets,Hospitality,Media Relations,Forecasting,Strategic Partnerships,QuickBooks,Inventory Management,Financial Reporting,Coaching,Strategic Planning,Project Management",,,,,22,1980,vp,Finance,xp,,,,,
730278649,Terri Anderson,Terri,Anderson,Verified emails found,2025-10-15 09:49:39.660276,andersonterri@ymail.com,,andersonterri@ymail.com,,andersonterri@ymail.com,,,,,,https://www.linkedin.com/in/terri-anderson-cpa-24274b297,,,,,,,Vice President Controller,Interstate Batteries,"12770 Merit Drive # 1000, Dallas, Texas 75251, US",interstatebatteries.com,https://www.interstatebatteries.com,https://www.linkedin.com/company/interstate-batteries,"Dallas, TX, US",Dallas,,TX ,US,Interstate Batteries,Vice President Controller,2023-10-01,Present,Keurig Dr Pepper Inc.,"Vice President, Assistant Controller",2009-01-01,2023-10-01,Keurig Dr Pepper Inc.,Vice President Financial Systems Strategy,2008-01-01,2008-12-01,Keurig Dr Pepper Inc.,Vice President Controller- DSD Business Unit,2007-01-01,2007-12-01,Keurig Dr Pepper Inc.,Director of Reporting and Compliance,2004-01-01,2006-12-01,Oklahoma State University,,,,,,,,,,,,,33,,vp,Finance,xp,,,,,
4567312,Paul Kane,Paul,Kane,Verified emails found,2025-10-15 09:49:39.483275,pkane@pamhealth.com,pkane@pamhealth.com,,,"pkane@pamhealth.com,p.kane@pamhealth.com",paul.kane@pamhealth.com,4844322229,4844322229,"484-557-0924
610-504-9222
484-840-0217
484-840-0216
702-735-2200
702-735-4876
574-234-5088
574-236-6633
212-744-4486
212-744-0163
610-325-2161
610-524-7282
610-325-2163
610-524-7272
610-554-3832",,https://www.linkedin.com/in/paulkanecfo,,,,,,,Vice President of Accounting,PAM Health,"1828 Good Hope Road Suite 102, Enola, Pennsylvania 17025, US",pamhealth.com,http://www.pamhealth.com,https://www.linkedin.com/company/pamhealthcorporate,"Newtown Square, PA, US",Newtown Square,19073,PA ,US,PAM Health,Vice President of Accounting,2023-03-01,Present,X-Biomedical Inc.,Acting Chief Financial Officer (Consultant),2022-10-01,Present,Lumbermens Merchandising Corporation,SVP Finance and Technology,2021-09-01,2022-09-01,"Omega Flex, Inc.",Chief Financial Officer,2005-01-01,2021-09-01,,,,,West Chester University of Pennsylvania,,,,,,,,"Internal Controls,Financial Reporting,Accounting,Financial Analysis,Process Improvement,Finance,General Ledger,Strategic Planning,Auditing,Financial Accounting,Forecasting,Contract Negotiation,Sarbanes-Oxley Act,Management,Budgets,Fundraising,Team Building,Executive Leadership and Supervision,Profitability and Cost Analysis,Accounting and Financial Operations,External and Internal Financial Reporting,Board Relations,Financial Modeling,Procedure Creation and Implementation,Staff Training and Development,Budget Development and Management,Treasury Functions,Cash Flow Management,Capital Budgeting,Operations,Information Systems,Public Speaking,Microsoft Office,Program Management,Training,Sarbanes Oxley Act,Budgeting",,,"Greater Valley Forge Human Resource Association, Chief Financial Officer (CFO) Network - The #1 Group for CFOs, Randstad Finance & Accounting",,20,1967,vp,Finance,xp,,,,,
3996161,Denise Martin,Denise,Martin,Verified emails found,2025-10-15 09:49:39.316051,denise.martin@foth.com,denise.martin@foth.com,denisemartin@gmail.com,denise.martin@foth.com,denisemartin@gmail.com,,9202958195,9206194087,"9206194087
9204966753
9203607208",,https://www.linkedin.com/in/denise-martin-055ba1a,https://facebook.com/denise.martin.7503314,,,,,,Vice President Accounting,The Foth Companies,"2121 Innovation Court, De Pere, Wisconsin 54115, US",foth.com,http://www.foth.com,https://www.linkedin.com/company/fothcompanies,"Green Bay, WI, US",Green Bay,,WI ,US,The Foth Companies,Vice President Accounting,2023-06-01,Present,Nature's Way,Vice President of Accounting,2021-12-01,2023-06-01,Schwabe North America - Nature's Way Brands,Corporate Controller,2009-01-01,2021-12-01,Nature's Way,Assistant Controller,2002-12-01,2009-01-01,PDQ Manufacturing,Accountant,1997-10-01,2002-12-01,St. Norbert College,BBA,,,St. John Fisher University,,,,"Team Leadership,Accounting and Finance,Budgets,Forecasting,Accounting,Microsoft Excel,Financial Analysis,Process Improvement,Strategic Planning,Management,Accounts Payable",,,"William E. Dargan Fellowship of St. Norbert College, Greater Green Bay Chamber",,31,1972,vp,Finance,xp,,,,,
23054708,Erica Mainardi,Erica,Mainardi,Verified emails found,2025-10-15 09:49:39.109689,ericamainardi1@gmail.com,emainardi@tollbrothers.com,ericamainardi1@gmail.com,"ericamainardi1@gmail.com,kmgrits81@hotmail.com",emainardi@tollbrothers.com,,484-695-1321,484-695-1321,"215-508-5906
610-278-6879",,https://www.linkedin.com/in/erica-mainardi-a1210914,https://facebook.com/erica.gritzmainardi,http://www.twitter.com/kmgrits81,,,,,"Vice President, Corporate Accounting",Toll Brothers,"1140 Virginia Drive, Fort Washington, Pennsylvania 19034, US",tollcareercenter.com,,https://www.linkedin.com/company/toll-brothers,"Blue Bell, PA, US",Blue Bell,,PA ,US,Toll Brothers,"Vice President, Corporate Accounting",2024-04-01,Present,Toll Brothers,"Vice President, FP and A",2020-06-01,2024-04-01,DuPont,Global Business Controller and Accounting Policy Leader,2018-08-01,2020-06-01,BrightView Landscapes,"Senior Director, Technical Accounting and Financial Reporting",2016-10-01,2018-08-01,DuPont,Accounting Policy Senior Consultant,2014-09-01,2016-10-01,Saint Joseph's University - Erivan K. Haub School of Business,Bachelors,,,Bethlehem Catholic High School,,,,"Research,Customer Service,Policy,Microsoft Office,Auditing,Account Reconciliation,Legislation,IND,Consolidation",,,Pennsylvania Institute of Certified Public Accountants (PICPA),,22,1981,vp,Finance,xp,,,,,
17417030,Kevin Necas,Kevin,Necas,Verified emails found,2025-10-15 09:49:38.912217,kevinnecas@gmail.com,knecas@camdenliving.com,kevinnecas@gmail.com,"kevinnecas@gmail.com,kevin.necas@gmail.com",knecas@camdenliving.com,,7134102955,7134102955,"5739997113
7138388696
5738740450
5738388696
7083839550",,https://www.linkedin.com/in/kevin-necas-67b32343,https://facebook.com/kevin.necas,,,,,,Vice President of Accounting,Camden Property Trust,"11 Greenway Plaza Suite 2400, Houston, Texas 77030, US",camdenliving.com,http://www.camdenliving.com,https://www.linkedin.com/company/camden-property-trust,"Houston, TX, US",Houston,77030,TX ,US,Camden Property Trust,Vice President of Accounting,2024-08-01,Present,Camden Property Trust,Director of Accounting,2023-08-01,2024-07-01,CenterPoint Energy,Assistant Controller,2022-11-01,2023-07-01,Phillips 66,"Director, Crude Accounting",2021-03-01,2022-11-01,Phillips 66,"Senior Advisor, External Reporting, Controllers",2018-02-01,2021-02-01,Tulane University - A.B. Freeman School of Business,Master’s Degree,,,Tulane University - A.B. Freeman School of Business,Bachelor’s Degree,,,"CPA,SEC Financial Reporting,US GAAP,Financial Accounting,Financial Analysis,SOX 404,Internal Controls,Project Management,Team Management,Accounting Applications,External Audit,Financial Audits,Auditing,Internal Control Implementation,COSO Framework,Member of AICPA,PCAOB standards,International Project Management,Microsoft Office,Microsoft Excel,Accounting,Mathematics,Writing,Marketing Management,SAP PS,International,SAP,Ethics,Not for Profit,C,Insurance,Calculus,Computing,Tax,Managerial Finance,Sociology,Legal Writing,Classics,Pers,Commercial Litigation,Investments,Property Law,Popular,Finance,Music,Descriptive,Span,Operations,Credit,Policy,Theory,Organizational Structure,SEM,Culture,Management,Diversity Management,Risk,SAP FI,Spanish,Statistics,Financial Markets,Macroeconomics,Microeconomics",,,,,17,1947,vp,Finance,xp,,,,,
107948152,Derek Briese,Derek,Briese,Verified emails found,2025-10-15 09:49:38.743880,derek.briese@eosfitness.com,derek.briese@eosfitness.com,derekbriese@gmail.com,"derek.briese@eosfitness.com,derekbriese@gmail.com,derek.briese@gmail.com",,,6236806602,,,,https://www.linkedin.com/in/derek-briese,http://www.facebook.com/derek.briese,,,,,,Vice President of Accounting,EOS Fitness,"1 E Washington St 250, Phoenix, Arizona 85004, US",eosfitness.com,http://www.eosfitness.com,https://www.linkedin.com/company/localsgaming-com,"Phoenix, AZ, US",Phoenix,,AZ ,US,EOS Fitness,Vice President of Accounting,2023-08-01,Present,PwC,Trust Solutions Director,2022-07-01,2023-08-01,PwC UK,Audit Senior Manager,2019-07-01,2022-07-01,PwC,Assurance Senior Manager,2011-01-01,2019-06-01,,,,,University of Arizona - Eller College of Management,Masters,,,University of Arizona - Eller College of Management,BSBA,,,"US GAAP,Accounting,SEC filings,CPA,Auditing,Internal Controls,GAAP,Financial Reporting,Management,Financial Accounting,Sarbanes-Oxley Act,Financial Statements,External Audit,Assurance,Revenue Recognition",,,,,14,1988,vp,Finance,xp,,,,,
56322949,Andy Caputo,Andy,Caputo,Verified emails found,2025-10-15 09:49:38.562211,ajcaputo1@yahoo.com,,ajcaputo1@yahoo.com,ajcaputo1@yahoo.com,,,601-327-9750,601-327-9750,"7705995704
912-638-4017
5672256985
4198439804
708-387-0643
720-890-6062",,https://www.linkedin.com/in/andycaputo,https://facebook.com/ajcaputo1,https://twitter.com/ajcaputo1,,,,,Vice President of Accounting,GPRS,,gsmcontrolsystem.com,http://www.gsmcontrolsystem.com,https://www.linkedin.com/company/cwt-hk-co-limited,"Toledo, Ohio, United States",Toledo,,OH ,US,GPRS,Vice President of Accounting,2024-08-01,Present,GPRS,Chief Financial Officer,2015-03-01,2024-08-01,Owens Corning,Plant Finance and Sourcing Leader,2012-07-01,2015-03-01,Owens Corning,Commercial Finance Lead - Asphalt,2011-06-01,2012-06-01,Owens Corning,FP and A Business Analyst - Roofing and Asphalt Division,2010-09-01,2012-06-01,University of Mississippi,Bachelors,,,University Of Michigan - Flint,,,,"Financial Reporting,Accounting,Internal Controls,Forecasting,SAP,Financial Analysis,Budgets,Variance Analysis,Cost Accounting,Finance,Process Improvement,Auditing,Management,Sarbanes-Oxley Act,Manufacturing,Financial Audits,Leadership,Internal Audit,Analysis,Financial Forecasting,Sarbanes-Oxley,Budgeting,SAP Products,Business Process Improvement,Sourcing,Business Development,HR,Negotiation,Sarbanes Oxley,Sarbanes Oxley Act",,,,,25,1975,vp,Finance,xp,,,,,
13485055,Greg Julich,Greg,Julich,Verified emails found,2025-10-15 09:49:38.391662,gregjulich@prudential.com,gregjulich@prudential.com,gjulich@gmail.com,"gregjulich@prudential.com,gjulich@gmail.com,greg.julich@prudential.com",,,9082569185,9082569185,"9733774753
9737161286
8622239125",,https://www.linkedin.com/in/greg-julich-17648037,https://facebook.com/gjulich,,,,,,"Vice President, Accounting",Prudential Financial,"Broad St, Newark, New Jersey 07102, US",prudential.com,http://www.prudential.com,https://www.linkedin.com/company/prudential-financial,"Newark, NJ, US",Newark,,NJ ,US,Prudential Financial,"Vice President, Accounting",1987-06-01,Present,,,,,,,,,,,,,,,,,Muhlenberg College,Bachelor of Science (B.S.),,,,,,,"Marketing,Leadership,Business Strategy,Microsoft Office,Accounting,Financial Services,Management,Business Development,Strategy",,,,,38,1965,vp,Finance,xp,,,,,
14987280,Matt Kennedy,Matt,Kennedy,Verified emails found,2025-10-15 09:49:38.044158,matt_kennedy@hexion.com,matt_kennedy@hexion.com,,"matt_kennedy@hexion.com,matt.kennedy@hexion.com",,,614-507-4229,614-507-4229,"614-451-3234
614-225-4000
614-225-4127
614-225-2042",,https://www.linkedin.com/in/matt-kennedy-5672b37,http://www.facebook.com/people/_/100002662694241,,,,,,Vice President and Controller,Hexion Inc.,"180 E. Broad Street, Columbus, Ohio 43215, US",hexion.com,http://www.hexion.com,https://www.linkedin.com/company/hexion-inc,"Columbus, OH, US",Columbus,,OH ,US,Hexion Inc.,Vice President and Controller,2022-05-01,Present,,,,,,,,,,,,,,,,,Miami University,BS,,,,,,,"US GAAP,Financial Reporting,Sarbanes-Oxley Act,Mergers & Acquisitions,Process Improvement,SEC filings,Internal Controls,Auditing,Financial Analysis,Sarbanes-Oxley,Consolidation,Variance Analysis,SAP,Accounting,Cost Accounting,Forecasting,Sarbanes Oxley,Training,Industrial Automation,Sarbanes Oxley Act,Management,General Ledger,Research,Mergers and Acquisitions,Analysis,Financial Audits,Automation,Finance,Forest Products",,,"Big 4 Alum & EE's CPA, MBA Pricewaterhouse, Deloitte Touche,Ernst EY, KPMG - Goal 10,000 Users eom, PricewaterhouseCoopers (PwC) employees and alumni - unofficial group",,3,1972,vp,Finance,xp,,,,,
122033318,Matthew Rathgeber,Matthew,Rathgeber,Verified emails found,2025-10-15 09:49:37.843620,lrathgeber@gmail.com,matthew.rathgeber@uberfreight.com,lrathgeber@gmail.com,"lrathgeber@gmail.com,matt.822@hotmail.com",matthew.rathgeber@uberfreight.com,mrathgeber@uberfreight.com,2817395715,2817395715,"5732011719
4793676622
2816708266
5734264245
6368853387
5738853387
4797950830
5734264295
2818377411",,https://www.linkedin.com/in/matt-rathgeber,https://facebook.com/m.rathgeber82,,,,,,Vice President Finance Administration,Uber Freight,"433 W Van Buren St, Chicago, Illinois 60607, US",uberfreight.com,https://www.uberfreight.com/,https://www.linkedin.com/company/uber-freight,"Bentonville, AR, US",Bentonville,,AR ,US,Uber Freight,Vice President Finance Administration,2021-09-01,Present,Transplace,Senior Director Finance – Finance Operations Center Lead,2021-08-01,2022-10-01,Transplace,Director Finance – Finance Operations Center Lead,2020-09-01,2021-08-01,Scientific Games,Senior Director – Finance Solutions Delivery,2020-03-01,2020-09-01,SG Digital (Division of Scientific Games Corporation),Director Global Technology and Process Improvement,2019-09-01,2020-03-01,Grand Canyon University,,,,American Public University System,,,,"Financial Services,UiPath,Microsoft Excel,Strategic Planning,Robotic Process Automation (RPA),Supply Chain Management,Logistics,Forecasting,Budgeting,Inventory Management,Operations Management,Budgets,Inventory Control,Change Management,Warehousing,Supply Chain,Transportation,Administration,Customer Relations,Shipping,Account Management,Scheduling,Forklift Operator,3PL,Data Analysis,Planning,Manufacturing,Robotics,Business Process Outsourcing (BPO),Automation,Business Process Improvement,Corporate Finance,Microsoft Office,PowerPoint,Warehouse Management,Excel,Word,Access,Windows,Blockchain,Team Building,Customer Service,Coaching,Problem Solving,Supervisory Skills,Management,Process Improvement,Receiving",,,,,23,1982,vp,Finance,xp,,,,,
6330690,Krista Kauffman,Krista,Kauffman,Verified emails found,2025-10-15 09:49:37.653572,krista.kauffman@cableone.biz,krista.kauffman@cableone.biz,krista_kauffman@yahoo.com,"krista.kauffman@cableone.biz,krista_kauffman@yahoo.com,krista_kauffman@att.net",,,3177579767,3177579767,4809052091,,https://www.linkedin.com/in/krista-boslooper-kauffman-1293033,https://facebook.com/krista.b.kauffman,,,,,,Vice President and Controller,Cable ONE,"210 E. Earll Drive, Phoenix, Arizona 85012, US",sparklight.com,http://www.cableone.biz,https://www.linkedin.com/company/cable-one,"Scottsdale, AZ, US",Scottsdale,,AZ ,US,Cable ONE,Vice President and Controller,2017-07-01,Present,IO,Independent Consultant,2016-11-01,2017-06-01,TASER International,Corporate Controller,2015-10-01,2016-11-01,"Stanley Black & Decker, Inc.",Global Shared Services Business Manager,2013-06-01,2015-06-01,"Stanley Black & Decker , Inc.",R2R Business Performance and Process Improvement,2012-02-01,2013-06-01,Butler University - College of Business Administration,,,,Butler University,Bachelor of Science,,,"Microsoft Word,Change Management,Process Improvement,Financial Reporting,Internal Controls,SEC Financial Reporting,Auditing,Financial Accounting,Management,Leadership,u.s. Generally Accepted Accounting Principles Gaap,Sales,Accounting,Internal Audit,PowerPoint,CPA,Financial Analysis,Shared Services,Marketing,Business Process Improvement,US GAAP,Sarbanes Oxley Act,u.s. Generally Accepted Accounting Principles",,,,,29,1972,vp,Finance,xp,,,,,
33604692,Kandice Lambert,Kandice,Lambert,Verified emails found,2025-10-15 09:49:37.460029,kandice@lucidchart.com,kandice@lucidchart.com,kandice_lambert@yahoo.com,"kandice@lucidchart.com,kandice_lambert@yahoo.com,kandilambert2002@yahoo.com",,,801-647-7395,801-647-7395,"8016523811
8012776892
8012738469
8012740518
8016769093
8016018835
801-254-8555",,https://www.linkedin.com/in/kandice-lambert-cpa-52020013,https://facebook.com/kandice.lambert1,,,,,,Vice President of Accounting,Lucid,"10355 South Jordan Gateway Suite 150, South Jordan, Utah 84095, US",lucid.co,https://lucid.co,https://www.linkedin.com/company/lucidsoftware,"Salt Lake City, UT, US",Salt Lake City,,UT ,US,Lucid,Vice President of Accounting,2021-03-01,Present,Lucid,"Corporate Controller, Senior Director",2017-05-01,Present,MaritzCX,Global Accounting Manager,2016-09-01,2017-04-01,"AvidXchange, Inc.",Director of Accounting,2014-11-01,2016-08-01,Piracle - now an AvidXchange company,Controller - became Director of Accounting upon AvidXchange Acquisition,2012-05-01,2014-11-01,University of Utah - David Eccles School of Business,Master's degree,,,University of Utah - David Eccles School of Business,Bachelor's degree,,,"Accounting,Financial Accounting,Cash Flow,Accounts Payable,Payroll,Auditing,Accounts Receivable,Financial Statements,Tax,CPA,Budgets,Corporate Tax,GAAP,Payroll Taxes,Internal Controls,Financial Reporting,System Administration,Tax Accounting,Revenue Recognition,US GAAP,Cost Accounting,QuickBooks,Fixed Assets,Cash Management,Tax Returns,Financial Audits,Income Tax,Tax Preparation,Bookkeeping,Finance,External Audit,Consolidation,Accruals,Sarbanes-Oxley Act,General Ledger,Sarbanes-Oxley,Journal Entries,Assurance,Bank Reconciliation,Account Reconciliation,Variance Analysis,Sarbanes Oxley,Microsoft Office,Customer Service,Sarbanes Oxley Act,Business Development,Billing,Leadership,Training,Sales Tax,Marketing,Financial Analysis",,,,,21,1982,vp,Finance,xp,,,,,
51390670,Derek VanDunse,Derek,VanDunse,Verified emails found,2025-10-15 09:49:37.281447,derek.vandunse@gmail.com,derek.vandunse@betterhealthgroup.com,derek.vandunse@gmail.com,"derek.vandunse@gmail.com,umrebs1790@aol.com",derek.vandunse@betterhealthgroup.com,,6623420941,,9014283775,,https://www.linkedin.com/in/derek-vandunse-cpa-b26b9646,https://facebook.com/derek.vandunse,,,,,,"Vice President, Controller",Better Health Group,"601 S Harbour Island Blvd, Tampa, Florida 33602, US",betterhealthgroup.com,https://www.betterhealthgroup.com/,https://www.linkedin.com/company/better-health-group-services,"Nashville, TN, US",Nashville,,TN ,US,Better Health Group,"Vice President, Controller",2023-05-01,Present,Acadia Healthcare,Director Of Financial Reporting,2021-05-01,2023-05-01,"BDO USA, LLP",Assurance Senior Manager,2020-11-01,2021-05-01,"BDO USA, LLP",Assurance Manager,2017-08-01,2020-10-01,"BDO USA, LLP",Assurance Senior Associate,2015-08-01,2017-07-01,University of Mississippi,Bachelor,,,University of Mississippi Graduate School,Master of Accountancy,,,"Accounting,Leadership,GAAP,Financial Reporting,Microsoft Excel,Auditing,Financial Analysis,SEC Filings,Teamwork,Strategic Financial Planning,Budgets,Outlook,Financial Audits,Audits of Employee Benefit Plans,SAP,US GAAP,Financial Planning,External Audit,Finance,Financial Accounting,SEC Financial Reporting,Internal Controls,Microsoft Office,Cash Flow,Data Analytics,Healthcare Industry,Training,Public Speaking",,,,,12,1990,vp,Finance,xp,,,,,
5625204,Jim Kobori,Jim,Kobori,Verified emails found,2025-10-15 09:49:37.091157,jimkobori@yahoo.com,jkobori@coopervision.com,jimkobori@yahoo.com,jimkobori@yahoo.com,jkobori@coopervision.com,,4087490650,,"4082190863
9254603674",,https://www.linkedin.com/in/jim-kobori-b360186,http://www.facebook.com/people/_/675414202,,,,,,Vice President and Controller,CooperVision,"6101 Bollinger Canyon Rd # 500, San Ramon, California 94583, US",coopervision.com,http://www.coopervision.com,https://www.linkedin.com/company/coopervision,"Sunnyvale, CA, US",Sunnyvale,,CA ,US,CooperVision,Vice President and Controller,2009-01-01,Present,SGI,Vice President of Finance,1995-01-01,2009-01-01,Electronic Arts,International Accounting Manager,1993-01-01,1995-01-01,Raychem,Accounting Manager,1989-01-01,1993-01-01,KPMG Peat Marwick,Supervising Senior Auditor,1986-01-01,1989-01-01,"University of California, Berkeley",B.S.,,,,,,,"Forecasting,Cross-functional Team Leadership,Sarbanes-Oxley Act,Management,Process Improvement,Strategy,Financial Analysis,Sarbanes-Oxley,Analysis,Finance,Leadership,Executive Management,Strategic Planning,Revenue Recognition,Budgets,Financial Reporting,Business Analysis,Start-ups,Business Strategy,Contract Negotiation,Internal Controls,Strategic Financial Planning,Employee Benefits,US GAAP,Business Intelligence,Change Management,Manufacturing,Hyperion Enterprise,Marketing,Financial Audits,Human Resources,Continuous Improvement,Team Building,Business Process Improvement,Accounting,Time Management,Sales,Sales Management,Mergers,Acquisition Integration,Pricing,P&L Management,ERP,Leadership Development,Financial Modeling,Auditing,Business Planning,Risk Management,Start Ups,Sarbanes Oxley,Cross Functional Team Leadership,Sarbanes Oxley Act,Budgeting,Mergers and Acquisitions",,,"Cal Alumni Association | UC Berkeley, CooperVision Alumni, SGI Ex-Employees",,39,1964,vp,Finance,xp,,,,,
15777133,Barry Williams,Barry,Williams,Verified emails found,2025-10-15 09:49:36.919143,barry.williams201@yahoo.com,,barry.williams201@yahoo.com,"barry.williams201@yahoo.com,shannonandbarry@yahoo.com",,,7247998419,7245063177,"7245063177
4122203544",,https://www.linkedin.com/in/barrywilliams201,http://www.facebook.com/garrycwilliams,http://twitter.com/garrycwilliams,,,,,Vice President and Controller,Westinghouse Electric Company,"1000 Westinghouse Drive, Cranberry Township, Pennsylvania 16066, US",westinghousenuclear.com,http://www.westinghousenuclear.com,https://www.linkedin.com/company/westinghouse-electric-company,"Pittsburgh, PA, US",Pittsburgh,15221,PA ,US,Westinghouse Electric Company,Vice President and Controller,2023-06-01,Present,Westinghouse Electric Company,BU CFO,2018-07-01,2023-06-01,Westinghouse Electric Company,"Group Controller, New Projects Business",2018-07-01,2018-07-01,DDI | Development Dimensions International,"Treasurer and Director, Finance",2013-03-01,2018-07-01,Westinghouse Electric Company,"Manager, Pricing and Proposal Development",2009-07-01,2013-03-01,University of Pittsburgh - Joseph M. Katz Graduate School of Business,MASTER OF BUSINESS ADMINISTRATION (MBA),,,University College Dublin,DIPLOMA;,,,"Mergers,Start-ups,Real Options,Pricing,Internal Controls,Project Management,Mergers & Acquisitions,Accounting,Nuclear,Project Planning,Strategy,Process Improvement,Finance,Energy,Strategic Planning,Six Sigma,Financial Analysis,Management,Business Process Improvement,Analysis,Leadership,Planning,Financial Planning,Start Ups,Solutions,Microsoft Word,Analytical Skill,Customer Service,Reporting,Mergers and Acquisitions,Marketing,Business Analysis",,,"Nuclear Power - the next generation, Westinghouse Electric Corporation Alumni, Charlotte Recruiters, Certified Corporate FP&A Professionals, PwC Ireland Alumni",,34,1968,vp,Finance,xp,,,,,
28281582,Mikalyn Kluth,Mikalyn,Kluth,Verified emails found,2025-10-15 09:49:36.743212,mikalynkluth@centura.org,mikalynkluth@centura.org,,,mikalynkluth@centura.org,,7143171350,,,,https://www.linkedin.com/in/mikalyn-kluth-10327b94,,,,,,,Vice President Accounting,Centura Health,"9100 E Mineral Circle, Centennial, Colorado 80112, US",centura.org,http://www.centura.org,https://www.linkedin.com/company/centura-health,"Littleton, CO, US",Littleton,,CO ,US,Centura Health,Vice President Accounting,2020-10-01,Present,CHOC Children's,Controller,2018-06-01,2020-10-01,Catholic Health Initiatives,"Director, National Accounting",2015-12-01,2018-05-01,Catholic Health Initiatives,"Manager, Grant and Foundation Accounting",2012-04-01,2015-12-01,Catholic Health Initiatives,"Manager, Internal Controls",2011-05-01,2012-04-01,"University of California, Berkeley",Bachelor's Degree,,,California State University-San Bernardino - College of Business and Public Administration,Master of Business Administration (M.B.A.),,,"OMB Circular A-133,Lawson General Ledger,Financial Reporting,Grant Administration,Accounting,PeopleSoft,Microsoft Excel,External Audit,Internal Audit,Finance Transformation,FAR,Government Contracting,Compliance,SOX 404,Federal Grant Management,Yellow Book,Foundation Accounting,GAAP,Leadership,Sales,Omb Circular A 133,Strategic Planning,Editing,Budgets,Management",,,,,20,1982,vp,Finance,xp,,,,,
3577076,Chris Androski,Chris,Androski,Verified emails found,2025-10-15 09:49:36.551219,androski7@yahoo.com,candroski@wyndham.com,androski7@yahoo.com,androski7@yahoo.com,"candroski@wyndham.com,chrisandroski@wyndham.com,chris.androski@wyn.com","chrisandroski@wyn.com,chrisa@wyn.com,chris@wyn.com,androskic@wyn.com,androski@wyn.com,candroski@wyn.com",2014892909,,"2013373295
2125358097
2013375404",,https://www.linkedin.com/in/chris-androski-7223036,,,,,,,"Senior Vice President, Controller",Wyndham Hotel Group,"New Jersey, US",wyndhamhotels.com,https://www.wyndhamhotels.com,https://www.linkedin.com/company/ramada-by-wyndham,"Oakland, NJ, US",Oakland,07436,NJ ,US,Wyndham Hotel Group,"Senior Vice President, Controller",2013-05-01,Present,Wyndham Hotel Group,"Vice President, Assistant Controller",2008-03-01,2013-04-01,Travelport,"Senior Director, Controller - Galileo",2006-09-01,2008-02-01,Cendant,"Director, Corporate Audit",2001-01-01,2005-01-01,Arthur Andersen,Auditor,1995-01-01,2000-01-01,University of Notre Dame,,,,,,,,"Managerial Finance,Financial Analysis,SEC filings,Sarbanes-Oxley Act,Internal Controls,Financial Reporting,Accounting,Budgets,Auditing,Sarbanes-Oxley,Project Management,Finance,Financial Modeling,US GAAP,GAAP,Microsoft Excel,Sarbanes Oxley,Sarbanes Oxley Act,Strategic Planning,Marketing,Research,Financial Accounting",,,"Andersen Alumni Association, ND Student Managers - Class of 1995, Wyndham Hotel Group, New York State Society of CPAs",,27,1949,vp,Finance,xp,,,,,
24978960,Matt Diffley,Matt,Diffley,Verified emails found,2025-10-15 09:49:36.292087,m_diffley@hotmail.com,matt.diffley@seacoastbank.com,m_diffley@hotmail.com,m_diffley@hotmail.com,matt.diffley@seacoastbank.com,mdiffley@seacoastbank.com,6149400769,,"3307827995
2122707325",,https://www.linkedin.com/in/matt-diffley-4870355,https://facebook.com/matt.diffley,,,,,,"Senior Vice President, Controller",Seacoast Bank,"815 Colorado Avenue, Stuart, Florida 34994, US",seacoastbank.com,http://www.seacoastbank.com,https://www.linkedin.com/company/seacoastbank,"Stuart, FL, US",Stuart,,FL ,US,Seacoast Bank,"Senior Vice President, Controller",2020-06-01,Present,Seacoast Bank,"Vice President, Director of Financial Reporting",2017-12-01,2020-06-01,JPMorgan Chase & Co.,"Vice President of External Reporting, Consumer and Community Bank",2014-06-01,2017-11-01,JPMorgan Chase & Co.,"Vice President, Controller - Chase Wealth Management",2012-10-01,2014-05-01,JP Morgan Chase,"Senior Associate, Corporate Controller Group",2010-07-01,2012-10-01,The Ohio State University Fisher College of Business,Masters,,,Miami University,B.A,,,"SAP GL,Hyperion Essbase,Ariba Purchase Order system,Beeline Contractor System,Merit general ledger,Advanced Excel,Advanced Word,Strong interpersonal skills,P/L Analysis,Contract Review,Accounting guideline application,SOX Control Testing,Financial Statement Preparation,Financial Statements,Auditing,Sarbanes-Oxley Act,Business Process Improvement,GAAP,Internal Controls,Financial Analysis,US GAAP,CPA,Financial Reporting,General Ledger,External Audit,Managerial Finance,Tax,Account Reconciliation,Forecasting,Finance,Tax Preparation,Corporate Tax,Insurance,SAP,P,Financial Statement Analysis,Essbase,SEC Financial Reporting,Regulatory Submissions,Microsoft Office,Sarbanes Oxley Act,Pharmaceutical Industry,Strategic Planning",,,"Eco-Entrepreneurs Unite, Loui Byrdziak's - Work Anywhere!, Software & Technology (#1 in Jobs, HR, Managers, Cloud, Mobile, Voice, CRM & Big Data), Ohio Association of Independent Title Agents, General Title Insurance Company, Non-Profit and Charity Network, Insurance Risk & Finance Professionals, Insurance Board of Northern Ohio, Portfolio, Programme & Project Management Practitioners - APM, PM, PMI, PMP, MSP, JP Morgan Chase, Thistle Class Association, Bexley, Ohio, KPMG US Alumni Group, Jobs in Barbados",,21,1976,vp,Finance,xp,,,,,
47736532,Kathy Brunson,Kathy,Brunson,Verified emails found,2025-10-15 09:49:36.117879,kgb_1@sbcglobal.net,kathy.brunson@freemanco.com,kgb_1@sbcglobal.net,kgb_1@sbcglobal.net,kathy.brunson@freemanco.com,,2147948836,2147948836,"972-522-1222
972-965-9873
2144451355",,https://www.linkedin.com/in/kathy-g-brunson-603b908,http://www.facebook.com/kgb542,,,,,,Vice President Payroll,Freeman Company,"14221 Dallas Pkwy # 200, Dallas, Texas 75254, US",freeman.com,http://www.freeman.com,https://www.linkedin.com/company/the-freeman-company,"Grand Prairie, TX, US",Grand Prairie,,TX ,US,Freeman Company,Vice President Payroll,2024-11-01,Present,Freeman Company,Sr. Director of Payroll,2022-04-01,2024-11-01,The Freeman Company,Director of Payroll,2010-09-01,2022-09-01,The Freeman Company,Manager of Corporate Payroll,2008-10-01,2010-08-01,"Snelling, LLC","Director, Payroll and Billing Services",1992-02-01,2008-06-01,East Texas State University,Bachelors,,,,,,,"Payroll,PeopleSoft,Applicant Tracking Systems,Benefits Administration,Human Resources,Employee Relations,ADP Payroll,HRIS,Employee Benefits,Recruiting,Onboarding,Talent Acquisition,Temporary Placement,Ceridian,Performance Management,Deferred Compensation,Leadership,Test Planning,Problem Solving,Process Improvement,Microsoft Excel,Test Management,Customer Service,Payroll Taxes,Project Management,SAP,SAP HR,Management,Staffing Services,Time Management,Outlook,Policy,New Hire Orientations,Microsoft Office,Business Process Improvement,PowerPoint,Training,Public Speaking",,,,,35,1962,vp,Finance,xp,,,,,
97741464,Joshua Lavik,Joshua,Lavik,Verified emails found,2025-10-15 09:49:35.922549,joshua.lavik@homestreet.com,joshua.lavik@homestreet.com,,,joshua.lavik@homestreet.com,,4257452735,,,,https://www.linkedin.com/in/joshlavik,,,,,,,"Vice President, Division Controller",Homestreet Bank,"601 Union Street Ste. 2000, Seattle, Washington 98101, US",mechanicsbank.com,http://www.mechanicsbank.com,https://www.linkedin.com/company/homestreet-bank,"Seattle, WA, US",Seattle,,WA ,US,Homestreet Bank,"Vice President, Division Controller",2015-01-01,Present,Homestreet Bank,Corporate Controller,2019-01-01,Present,Federal Home Loan Bank of Seattle,Accounting Policy and Sec Reporting Manager,2013-01-01,2015-01-01,Independent,Financial Consultant,2011-01-01,2013-01-01,Microsoft,Senior Finance Manager - Treasury,2010-01-01,2011-01-01,University of Washington,Bachelors,,,Santa Clara University,,,,"Financial Analysis,GAAP,Derivatives,Valuation,Profitability Analysis,Banking,Audit,Accounting Policy,SEC reporting,SOX,Hedging,Financial Reporting,Accounting,Internal Controls,Corporate Finance,Technical Accounting,Financial Accounting,Financial Modeling,Capital Markets,Performance Measurement,Investments,Process Improvement,Reporting & Analysis,Analysis,Financial Control,Budgeting,Risk Management,Forecasting,FAS 133,Hedge Accounting,Fair Value,Big 4,Mortgage Servicing",,,,,26,1972,vp,Finance,xp,,,,,
14935061,Kelley Hartley,Kelley,Hartley,Verified emails found,2025-10-15 09:49:35.757508,swim8402@aol.com,khartley@wingstop.com,swim8402@aol.com,swim8402@aol.com,khartley@wingstop.com,,214-906-4517,214-906-4517,"859-753-4799
214-321-6477
214-443-9601
859-873-5808
214-321-0427
972-661-3137
859-333-8504",,https://www.linkedin.com/in/kelley-hartley-43b0408,http://facebook.com/riveronconsulting,,,,,,Vice President Corporate Controller,"Wingstop Restaurants, Inc.","2801 N Central Expy, Dallas, Texas 75204, US",wingstop.com,http://www.wingstop.com,https://www.linkedin.com/company/wingstop-restaurants-inc-,"Dallas, TX, US",Dallas,,TX ,US,"Wingstop Restaurants, Inc.",Vice President Corporate Controller,2017-11-01,Present,"Wingstop Restaurants, Inc.",Assistant Controller,2015-08-01,Present,CROSSMARK,Assistant Controller,2013-10-01,2015-08-01,Riveron Consulting,Senior Manager,2012-04-01,2013-10-01,"KPMG, LLP",Senior Manager,2003-09-01,2012-04-01,Baylor University,,,,Baylor University - Hankamer School of Business,,,,"US GAAP,Sarbanes-Oxley Act,Accounting,Auditing,External Audit,Financial Reporting,Sarbanes Oxley Act",,,DFW Retail Executives Association,,22,1980,vp,Finance,xp,,,,,
26788926,Eric Van Deman,Eric,Van Deman,Verified emails found,2025-10-15 09:49:35.585480,evandeman@libertyglobal.com,evandeman@libertyglobal.com,,evandeman@libertyglobal.com,,,7203313753,,,,https://www.linkedin.com/in/eric-van-deman-5a4a7b25,,,,,,,"Vice President, Accounting Policy",Liberty Global,"120 King's Road, Entrance on Tryon Street, London, England SW3 4ND, GB",libertyglobal.com,http://www.libertyglobal.com,https://www.linkedin.com/company/liberty-global,"Denver, CO, US",Denver,80219,CO ,US,Liberty Global,"Vice President, Accounting Policy",2017-10-01,Present,Liberty Global,"Director, Accounting Policy",2012-06-01,2017-09-01,KPMG LLP,"Senior Manager, Audit",2003-09-01,2012-05-01,KPMG Audit,Experienced Senior,2006-09-01,2008-05-01,Arthur Andersen LLP,Intern,2001-12-01,2002-03-01,University of Denver - Daniels College of Business,MAcc,,,University of San Diego,,,,"SEC filings,US GAAP,Internal Controls,Revenue Recognition,Financial Reporting,IFRS,Auditing,Accounting,Financial Analysis,SOX 404,CPA,Mergers & Acquisitions,Public Speaking,Mergers and Acquisitions,Sales,Microsoft Word,PowerPoint",,,"KPMG U.S., COLORADO CRE TRANSACTION NETWORK",,22,1980,vp,Finance,xp,,,,,
17294487,Craig Barattin,Craig,Barattin,Verified emails found,2025-10-15 09:49:35.356867,cbarattin@healthfirst.org,cbarattin@healthfirst.org,craigbahm12@gmail.com,"cbarattin@healthfirst.org,craigbahm12@gmail.com",,,2013707270,2013707270,,,https://www.linkedin.com/in/craig-barattin-18378813,https://facebook.com/craigbahm,,,,,,"Vice President Finance, Controller",Healthfirst,"100 Church Street, New York, New York 10007, US",healthfirst.org,http://www.healthfirst.org,https://www.linkedin.com/company/healthfirst,"Nolensville, TN, US",Nolensville,37135,TN ,US,Healthfirst,"Vice President Finance, Controller",2013-07-01,Present,APS Healthcare,Vice President and Corporate Controller,2009-01-01,2013-07-01,ActiveHealth Management,Vice President and Corporate Controller,2002-04-01,2009-01-01,Arthur Andersen LLP,Audit Senior,1997-12-01,2002-04-01,,,,,Montclair State University,B.S.,,,,,,,"Financial Analysis,Internal Controls,Forecasting,Financial Reporting,Auditing,Sarbanes-Oxley,Healthcare,GAAP,Due Diligence,Medicaid,Consolidation,Financial Statements,Financial Accounting,Process Improvement,Sarbanes-Oxley Act,SEC filings,Sarbanes Oxley,Sarbanes Oxley Act,Sales,Project Management,Management,Leadership,Accounting,Managerial Finance,Strategic Planning,Healthcare Information Technology,Business Process Improvement,General Ledger",,,"Health Executives Network, New Jersey Society of CPAs (NJCPA), Andersen Alumni Association, Health Care Jobs, Medicaid Managed Care, The CFO Leadership Council, Chief Financial Officer (CFO) Network - The #1 Group for CFOs, Montclair State University - Feliciano School of Business, Healthcare Executives Network",,27,1975,vp,Finance,xp,,,,,
11487339,Michael Clifford,Michael,Clifford,Verified emails found,2025-10-15 09:49:35.172125,mjclifford81@yahoo.com,,mjclifford81@yahoo.com,"mjclifford81@yahoo.com,mlcato82@yahoo.com",,,386-956-1674,386-956-1674,"919-390-5843
781-449-8060
570-253-1300
781-622-1000
508-482-7000
508-520-0430
570-253-7312
781-622-1207
919-587-4051",,https://www.linkedin.com/in/michael-clifford-0600a766,http://www.facebook.com/rockaglock,,,,,,"Vice President, Accounting",Shields Health Solutions,"100 Technology Center Dr, Stoughton, Massachusetts 02072, US",shieldsrx.com,http://shieldsrx.com,https://www.linkedin.com/company/shields-health-solutions,"Easton, MA, US",Easton,02356,MA ,US,Shields Health Solutions,"Vice President, Accounting",2020-01-01,Present,Stride Rite,Controller,2008-06-01,2013-07-01,BearingPoint,"Director, Infrastructure Accounting",2004-12-01,2008-06-01,Thermo Fisher Scientific,Finance Director,1991-08-01,2004-12-01,PwC,Audit Manager,1984-06-01,1991-05-01,Bentley College,Master of Business Administration (MBA),,,Stonehill College,Bachelor of Science (BS),,,"Sarbanes Oxley,Finance,Project Management,Cash Flow,General Ledger,Management,Infrastructure,Controllership Functions,Strategic Planning,Cost Accounting,Team Building,Sarbanes Oxley Act,Forecasting,Cross Functional Team Leadership,Leadership,Auditing,Strategy,Accounting,Financial Reporting,Windows Server,Financial Analysis,Process Improvement,Corporate Finance",,,,,41,1981,vp,Finance,xp,,,,,
13407983,Arnie Landau,Arnie,Landau,Verified emails found,2025-10-15 09:49:34.989008,alandau@harrywinston.com,alandau@harrywinston.com,,,alandau@harrywinston.com,,2123157950,,2122452001,,https://www.linkedin.com/in/arnie-landau-cpa-cgma-b2260310,,,,,,,"Vice President, Controller",Harry Winston,"717 Fifth Avenue, New York, New York 10092, US",harrywinston.com,http://www.harrywinston.com,https://www.linkedin.com/company/harry-winston,"New York, NY, US",New York,,NY ,US,Harry Winston,"Vice President, Controller",1991-10-01,Present,Schlumberger,Financial Accountant,1988-01-01,1990-01-01,Laventhol & Horwath CPA's,Senior Accountant,1986-01-01,1989-01-01,,,,,,,,,Queens College,BA,,,Queens College,Bachelor of Arts (B.A.),,,"Microsoft Office,Management,Sales,Financial Analysis,Merchandising,Luxury Goods,Account Management,Microsoft Excel,Financial Reporting,Wholesale,Watches,Forecasting,Fashion,Marketing Strategy,Internal Controls,Jewelry,Retail,Luxury,Finance,Accounting",,,,,38,1963,vp,Finance,xp,,,,,
23919356,Jeff Kral,Jeff,Kral,Verified emails found,2025-10-15 09:49:34.811741,jeff.kral@am.jll.com,jeff.kral@am.jll.com,jkral9@hotmail.com,"jeff.kral@am.jll.com,jkral9@hotmail.com,jeff.kral@jll.com",,,7737913867,,,,https://www.linkedin.com/in/jeff-kral-4546901,,,,,,,"Vice President, Controller",Jones Lang LaSalle,"200 East Randolph Drive, Chicago, Illinois 60601, US",co.jll,https://co.jll/41LJERI,https://www.linkedin.com/company/jll,"Chicago, IL, US",Chicago,,IL ,US,Jones Lang LaSalle,"Vice President, Controller",2018-07-01,Present,JLL,"Vice President, Assistant Controller",2010-04-01,2018-06-01,First Industrial Realty Trust,Property Accounting Manager,2007-03-01,2009-09-01,Equity Office Properties Trust,Assistant Property Controller,2000-07-01,2007-03-01,,,,,Gies College of Business - University of Illinois Urbana-Champaign,Bachelor's,,,University of Illinois Urbana-Champaign,Bachelors,,,"Financial Statements,GAAP,Accounting,Real Estate,Financial Reporting,General Ledger,Financial Analysis,Accounts Payable,Budgets,Finance,Variance Analysis,Due Diligence,Management,Leases,Commercial Real Estate",,,,,24,1975,vp,Finance,xp,,,,,
12185023,Jason Pitofsky,Jason,Pitofsky,Verified emails found,2025-10-15 09:49:34.624080,jason.pitofsky@regeneron.com,jason.pitofsky@regeneron.com,jpitofsky@gmail.com,"jason.pitofsky@regeneron.com,jpitofsky@gmail.com",,,9148477000,,,,https://www.linkedin.com/in/jason-pitofsky-a054b010,https://facebook.com/jason.pitofsky,,,,,,"Vice President, Controller",Regeneron,"777 Old Saw Mill River Road, Tarrytown, New York 10591, US",regeneron.com,http://www.regeneron.com,https://www.linkedin.com/company/regeneron-pharmaceuticals,"New York, NY, US",New York,,NY ,US,Regeneron,"Vice President, Controller",2024-02-01,Present,"Regeneron Pharmaceuticals, Inc.","Vice President, Accounting and Financial Reporting",2011-05-01,2024-01-01,PricewaterhouseCoopers,Senior Manager,1999-09-01,2011-05-01,,,,,,,,,Binghamton University,BS,,,,,,,"Financial Reporting,SEC filings,Sarbanes-Oxley Act,US GAAP,Sarbanes-Oxley,Internal Controls,Auditing,GAAP,Accounting,Financial Accounting,External Audit,CPA,IFRS,Assurance,Big 4,Sarbanes Oxley,Sarbanes Oxley Act,Technical Accounting Research,Statutory Accounting",,,,,26,1977,vp,Finance,xp,,,,,
4517695,Elizabeth Truong,Elizabeth,Truong,Verified emails found,2025-10-15 09:49:34.462942,elizabethtruong@gmail.com,etruong@newrez.com,elizabethtruong@gmail.com,,"elizabethtruong@gmail.com,etruong@newrez.com,elizabethtruong@ymail.com,elizabeth_t@newrez.com,e.truong@newrez.com","elizabeth.truong@newrez.com,elizabethtruong@newrez.com",,,,,https://www.linkedin.com/in/elizabeth-truong-11a08920,,,,,,,"Vice President, Investor Accounting",Newrez LLC,"1100 Virginia Dr Suite 125, Fort Washington, Pennsylvania 19034, US",newrez.com,https://www.newrez.com/,https://www.linkedin.com/company/newrez-llc,"Irving, TX, US",Irving,,TX ,US,Newrez LLC,"Vice President, Investor Accounting",2022-04-01,Present,Mr. Cooper,"Vice President, Corporate Accounting",2019-02-01,2022-04-01,"Pacific Union Financial, LLC","Vice President, Assistant Controller",2015-07-01,2019-01-01,Nationstar Mortgage,"Vice President, Originations Accounting",2014-04-01,2015-08-01,Nationstar Mortgage,"AVP, Accounting (Originations and Reverse)",2013-03-01,2014-04-01,California State University-San Bernardino - College of Business and Public Administration,Bachelor of Science,,,,,,,"Mortgage Servicing,LPS,Investor Reporting,Servicing Accounting,Investor Accounting,Loan Accounting,Loss Mitigation,Investors,Credit,Mortgage Lending,Mortgage Banking,Loans,Process Improvement,Loan Origination,Finance,Portfolio Management,Account Reconciliation,Accounting,Auditing,Banking,Financial Analysis,Loan Servicing,Business Process Improvement,Working with Investors,Project Management,Business Development,Marketing,Sales,Public Speaking,Microsoft Excel",,,"California Mortgage Bankers Association, Mortgage Professionals, Jobs for CA - Accounts, Finance & commercial Professionals, Hirespin, Mortgage Bankers Association (MBA), Job Postings Group (#1 in Jobs, Recruiters, HR, Managers, Finance, Marketing & Technology), California Jobs, Accounting Jobs and Jobseekers, California Careers, Networking and Jobs, Finding Mortgage Jobs in Texas",,30,1972,vp,Finance,xp,,,,,
71573111,Connor Danahy,Connor,Danahy,Verified emails found,2025-10-15 09:49:34.274043,cdanahy@berkshireresi.com,cdanahy@berkshireresi.com,connor.danahy@gmail.com,"cdanahy@berkshireresi.com,connor.danahy@gmail.com,sllovell@bellsouth.net","cjdan@earthlink.net,cjdan@aol.com,cjdan13@twcny.rr.com,cjdan13@mail.com,cjdan13@comcast.net,cjdan13@aol.com,bell.kenya@rocketmail.com",,716-597-9657,716-597-9657,"716-445-3036
617-638-2000
617-535-7539
716-688-3541",,https://www.linkedin.com/in/connor-danahy-b2b0267,http://www.facebook.com/connordanahy,,,,,,"Vice President, Controller",Berkshire,"One Beacon Street 24th Floor, Boston, Massachusetts 02108, US",berkshireresi.com,http://www.berkshireresi.com,https://www.linkedin.com/company/berkshireresidentialinvestments,"Boston, MA, US",Boston,,MA ,US,Berkshire,"Vice President, Controller",2023-05-01,Present,Berkshire,"AVP, Assistant Controller",2017-07-01,2023-04-01,Berkshire,Accounting Manager,2014-06-01,2017-06-01,Berkshire,Senior Accountant,2011-03-01,2014-06-01,Berkshire,Property Accountant,2008-07-01,2011-02-01,University of Dayton,Bachelor of Science,,,,,,,,,,,,17,1986,vp,Finance,xp,,,,,
42173192,Shelly Romenesko,Shelly,Romenesko,Verified emails found,2025-10-15 09:49:34.100815,psydergrl@hotmail.com,shelly.romenesko@millsfleetfarm.com,psydergrl@hotmail.com,psydergrl@hotmail.com,shelly.romenesko@millsfleetfarm.com,sromenesko@millsfleetfarm.com,920-327-2164,920-327-2164,"920-336-5715
908-757-4245
414-769-9700
414-352-4160
920-770-5493
414-570-0734
414-384-5073
920-336-3404
414-339-7612
716-856-5005",,https://www.linkedin.com/in/shelly-romenesko-749673a,,,,,,,"Vice President, Controller",Fleet Farm,"2401 S. Memorial Dr., Appleton, Wisconsin 54914, US",fleetfarm.com,https://www.fleetfarm.com/,https://www.linkedin.com/company/fleetfarm,"Green Bay, WI, US",Green Bay,,WI ,US,Fleet Farm,"Vice President, Controller",2019-06-01,Present,Babcock & Wilcox MEGTEC (B&W MEGTEC),"Vice President, Finance",2008-07-01,2019-07-01,VF Corporation,"Brand Controller - Vans, Outdoor Coalition",2007-03-01,2008-08-01,Actuant Corporation,Contoller - Milwaukee Cylinder,2005-01-01,2007-03-01,GE Healthcare,Controller - Global Products Company,2004-03-01,2005-01-01,University of Wisconsin-Madison,Masters of Accountancy - Taxation,,,University of Wisconsin-Madison,Bachelors of Business Administration - Accounting,,,"Tax,Financial Reporting,Forecasting,Marketing,Manufacturing,Continuous Improvement,Customer Service,Strategic Planning,Business Process Improvement,Accounting,Sales,Strategy",,,,,30,1967,vp,Finance,xp,,,,,
309229852,Samantha Whirley,Samantha,Whirley,Verified emails found,2025-10-15 09:49:33.933380,sexysamantha12@hotmail.com,,sexysamantha12@hotmail.com,"sexysamantha12@hotmail.com,sexysamantha@msn.com",sexysamantha12@aol.com,swhirley@erickson.com,,,,,https://www.linkedin.com/in/samanthawhirley,,,,,,,Vice President Controller,Erickson Senior Living,"701 Maiden Choice Ln, Catonsville, Maryland 21228, US",ericksonseniorlivingcareers.com,http://www.erickson.com,https://www.linkedin.com/company/ericksonseniorliving,"Washington, DC, US",Washington,20005,DC ,US,Erickson Senior Living,Vice President Controller,2024-01-01,Present,EchoStar Corporation,Senior Leadership Staff Advisor,2022-05-01,2023-12-01,Hughes,Director - Accounting,2021-06-01,2022-06-01,Hughes,Senior Manager Revenue Assurance,2018-07-01,2021-06-01,Hughes Network Systems,Senior Manager Corporate Reporting,2013-07-01,2018-07-01,University of Miami,BBA,,,Florida International University,Graduate Courses,,,,,,,,22,1982,vp,Finance,xp,,,,,
34364159,Richard Allen,Richard,Allen,Verified emails found,2025-10-15 09:49:33.759113,richard.allen79@gmail.com,richard_allen@navyfederal.org,richard.allen79@gmail.com,richard.allen79@gmail.com,richard_allen@navyfederal.org,richard.allen@navyfederal.org,6199482668,6199482668,"8055501019
7032061311",,https://www.linkedin.com/in/richard-allen-23aa7144,,,,,,,"Vice President, Accounting Operations",Navy Federal Credit Union,"820 Follin Lane SE, Vienna, Virginia 22180, US",navyfederal.org,http://www.navyfederal.org,https://www.linkedin.com/company/navy-federal-credit-union,"Chula Vista, CA, US",Chula Vista,,CA ,US,Navy Federal Credit Union,"Vice President, Accounting Operations",2023-03-01,Present,Navy Federal Credit Union,Regional Manager,2014-08-01,Present,Navy Federal Credit Union,"Vice President, Branch Operations",2019-03-01,2023-03-01,Navy Federal Credit Union,Regional Training Supervisor,2013-03-01,2014-08-01,Navy Federal Credit Union,Branch Manager,2010-01-01,2013-03-01,Chapman University,Master's degree,,,Chapman University,Master's degree,,,"Risk Management,Call Center,Credit,Mortgage Lending,Customer Service,Loans,Consumer Lending,Banking,Process Improvement,Small Business Lending,Commercial Lending,Retail Banking,Leadership,Management,Insurance,Credit Unions,Call Centers,Credit Analysis,Training,Sales Management,Microsoft Word,Coaching,Strategic Planning",,,"Financial Executive Way Forward - Leaders in Banking,Consulting,IT & Recruiting, Credit Union Insight - CUInsight.com",,19,1979,vp,Finance,xp,,,,,
33995767,Ana Gulacsy,Ana,Gulacsy,Verified emails found,2025-10-15 09:49:33.588834,cuestafiesta@yahoo.com,agulacsy@redlobster.com,cuestafiesta@yahoo.com,cuestafiesta@yahoo.com,agulacsy@redlobster.com,ana.gulacsy@redlobster.com,3216626318,3216626318,"3216629270
407-296-2221
4077349000
97124456677
407-578-1808",,https://www.linkedin.com/in/ana-gulacsy-54910369,https://facebook.com/agulacsy,,,,,,"Vice President, Controller",Red Lobster,"450 S Orange Ave, Orlando, Florida 32801, US",redlobster.com,http://www.redlobster.com,https://www.linkedin.com/company/-red-lobster,"Orlando, FL, US",Orlando,,FL ,US,Red Lobster,"Vice President, Controller",2025-02-01,Present,Red Lobster,"Senior Director, Accounting",2022-06-01,2025-02-01,Red Lobster,"Director, Operations Accounting",2014-07-01,2022-07-01,Darden,"Manager, Corporate Reporting",2008-10-01,2014-07-01,Darden,Accounting Supervisor and Senior Financial Analyst,2003-03-01,2008-10-01,University of Florida,Master of Accounting,,,,,,,"Accounting,Variance Analysis,Financial Reporting,Hyperion Enterprise,Sarbanes-Oxley Act,Internal Controls,Financial Analysis,US GAAP,Financial Accounting,Cash Management,P&L,GAAP,CPA,Auditing,SEC filings,Hyperion,Budgets,Public Speaking,Business Analysis,Generally Accepted Accounting Principles Gaap,Leadership,Management,Budgeting,Sarbanes Oxley Act,Generally Accepted Accounting Principles",,,"Autism Speaks Supporters, Orlando Accounting and Finance Professionals, UF Fisher School of Accounting",,28,1974,vp,Finance,xp,,,,,
1619712,Craig Ekegren,Craig,Ekegren,Verified emails found,2025-10-15 09:49:33.388066,rodeoclown24@hotmail.com,craig_ekegren@cargill.com,rodeoclown24@hotmail.com,rodeoclown24@hotmail.com,craig_ekegren@cargill.com,,952-448-7687,4062181831,"4062181831
6414792695
952-334-2261
952-484-0069",,https://www.linkedin.com/in/craig-ekegren-8415a39,https://facebook.com/craig.ekegren,,,,,,Vice President and Controller,"Cargill, Inc.","15407 McGinty Rd W, Wayzata, Minnesota 55391, US",cargill.com,https://www.cargill.com,https://www.linkedin.com/company/cargill,"Missoula, MT, US",Missoula,,MT ,US,"Cargill, Inc.",Vice President and Controller,2001-07-01,Present,Cargill,Platform Controller.,1995-01-01,2013-01-01,Lacrosse Global Fund Services,Board Member,2007-01-01,2011-12-01,,,,,,,,,Concordia College,Bachelor of Arts (B.A.),,,,,,,"Process Improvement,JD Edwards,Accounting,Corporate Finance,Internal Controls,Risk Management,Financial Analysis,Internal Audit,Financial Reporting,Forecasting,Cost Accounting,Financial Audits,US GAAP,Finance,Strategy,Financial Modeling,IFRS,Commodity,ERP,Golf Instruction,Sarbanes-Oxley Act,Budgets,Auditing,Life Coaching,GAAP,Managerial Finance,Variance Analysis,SAP,Financial Accounting,Sarbanes Oxley Act,Public Speaking,Marketing",,,Cargill Alumni,,30,1958,vp,Finance,xp,,,,,
57900515,Thomas Kennedy,Thomas,Kennedy,Verified emails found,2025-10-15 09:49:33.209594,tekenned@gmail.com,,tekenned@gmail.com,tekenned@gmail.com,tkennedy003@yahoo.com,,4438353245,412-996-2904,"412-996-2904
202-419-7077
4439196920
3102783311
2538351970",,https://www.linkedin.com/in/thomas-kennedy-9993b9149,,,,,,,Vice President of Accounting,Consilio LLC,"1828 L Street NW Suite 1070, Washington, District of Columbia 20005, US",consilio.com,http://www.consilio.com,https://www.linkedin.com/company/consilio-llc,"Washington, DC, US",Washington,20005,DC ,US,Consilio LLC,Vice President of Accounting,2021-05-01,Present,Danaher Corporation,"Senior Director, Water Quality Platform Finance and Accounting",2018-06-01,2020-09-01,Danaher Corporation,Director of Finance,2015-01-01,2018-06-01,Danaher Corporation,Director Of Internal Audit,2008-07-01,2015-01-01,PricewaterhouseCoopers,Manager,1999-09-01,2008-06-01,University of North Carolina at Chapel Hill,,,,"Staples Ins Agency, Inc. Jane Staples, Agent - State Farm Insurance Agent",,,,"Financial Planning and Analysis,Internal Audit,Mergers & Acquisitions,Financial Accounting,Business Valuation,Data Analysis,Project Management,Financial Modeling,Strategic Planning,Market Research,Integration,Due Diligence,Business Strategy,Financial Reporting,Auditing,Internal Controls,Accounting,Financial Analysis,Finance,Forecasting,U.S. Generally Accepted Accounting Principles (GAAP),Change Management,People Development,Management,Leadership,Cross-functional Team Leadership,Analytical Skills,Generally Accepted Accounting Principles (GAAP),Financial Statements,Process Improvement,Microsoft Excel,Sarbanes-Oxley Act",,,,,26,1976,vp,Finance,xp,,,,,
31221152,Joseph Cross,Joseph,Cross,Verified emails found,2025-10-15 09:49:32.996757,josephmcross@hotmail.com,jcross@eyemartexpress.com,josephmcross@hotmail.com,josephmcross@hotmail.com,jcross@eyemartexpress.com,,7574342147,,"8174163840
8172526228",,https://www.linkedin.com/in/josephmcross,https://facebook.com/josephmcross,,,,,,"Senior Vice President, Controller",Eyemart Express,"13800 Senlac Drive Suite 200, Farmers Branch, Texas 75234, US",eyemartexpress.com,http://www.eyemartexpress.com,https://www.linkedin.com/company/eyemart-express,"Texas, United States",,,TX ,US,Eyemart Express,"Senior Vice President, Controller",2024-06-30,Present,Eyemart Express,"Vice President, Corporate Controller",2022-06-30,2024-06-30,Corsearch,Vice President of Finance,2020-06-30,2022-06-30,Corsearch | Wolters Kluwer Corporate Legal Services,Vice President of Finance,2020-06-30,2022-06-30,Corsearch,Controller,2019-08-31,2020-06-30,University of Richmond,Bachelor Of Science,,,,,,,"Auditing,Variance Analysis,PowerPoint,CPA,Lease Administration,Accounting,PeopleSoft,Cash Flow,Year End Close,Expenses,Leases,Journal Entries,Accruals,Tax,Managerial Finance,Spreadsheets,Depreciation,ERP,Fitness,Bank Reconciliation,Account Reconciliation,Balance,Balance Sheet,Financial Accounting,Consolidation,Sarbanes Oxley,Internal Controls,Bookkeeping,Financial Analysis,Invoicing,GAAP,External Audit,Sarbanes Oxley Act,Lease Audit,Management,Financial Reporting,Financial Statements,Fixed Assets,General Ledger,GAAP Standards,Accounts Payable,Accounts Receivable,Financial Audits",,,,,21,1981,vp,Finance,xp,,,,,
9007321,Berg Crawford,Berg,Crawford,Verified emails found,2025-10-15 09:49:32.787569,bergcrawford@hotmail.com,berg.crawford@aei.com,bergcrawford@hotmail.com,bergcrawford@hotmail.com,berg.crawford@aei.com,,7206857927,,,,https://www.linkedin.com/in/berg-crawford-b352185,,,,,,,Vice President Corporate Controller,Advanced Energy,"1595 Wynkoop St, Denver, Colorado 80219, US",advancedenergy.com,http://www.advancedenergy.com,https://www.linkedin.com/company/advancedenergy,"Denver, CO, US",Denver,80219,CO ,US,Advanced Energy,Vice President Corporate Controller,2021-12-01,Present,Advanced Energy,Assistant Corporate Controller,2019-09-01,2021-12-01,PwC,Director,2019-04-01,2019-09-01,PwC,Sr. Manager,2011-07-01,2019-03-01,PwC,Manager,2008-07-01,2011-07-01,Brigham Young University Marriott School of Business,Masters Degree,,,Brigham Young University Marriott School of Business,Bachelor's degree,,,"Internal Controls,Financial Reporting,SEC Filings,US GAAP,Financial Analysis,Financial Accounting,CPA,Watson,Accounting,Auditing,Assurance",,,,,22,1977,vp,Finance,xp,,,,,
138151664,Richelle Feyerherm,Richelle,Feyerherm,Verified emails found,2025-10-15 09:49:32.591487,richelle.feyerherm@gmail.com,,richelle.feyerherm@gmail.com,"richelle.feyerherm@gmail.com,abergurlfitch33@aol.com",,"rfeyerherm@muellerwaterproducts.com,richelle.feyerherm@muellerwaterproducts.com,richelle@muellerwaterproducts.com,richelle_feyerherm@muellerwaterproducts.com,feyerherm@muellerwaterproducts.com,richellefeyerherm@muellerwaterproducts.com,richellef@muellerwaterproducts.com,feyerhermr@muellerwaterproducts.com",678-895-5785,678-895-5785,"678-947-2977
470-297-3781
678-373-8881
203-246-9293
678-624-4602
678-384-0554",,https://www.linkedin.com/in/richelle-feyerherm,,,,,,,Vice President and Controller,Mueller Water Products,"1200 Abernathy Road Suite 1200, Atlanta, Georgia 30303, US",muellerwaterproducts.com,http://www.muellerwaterproducts.com,https://www.linkedin.com/company/mueller-water-products,"Atlanta, GA, US",Atlanta,30303,GA ,US,Mueller Water Products,Vice President and Controller,2019-11-01,Present,Innovative Water Care,Chief Financial Officer,2019-03-01,2019-07-01,"Arch Chemicals, Inc. / Lonza Inc",Financial Officer,2001-05-01,2019-02-01,"Garvey, Kordish and Lathrop, LLC",Staff Accountant,1997-01-01,2000-01-01,,,,,State University of New York - System,Bachelor of Science,,,,,,,"Sarbanes-Oxley Act,Accounting,SAP,Financial Analysis,Forecasting,Business Strategy,Internal Controls,Financial Reporting,Cash Flow,General Ledger,Auditing,Cash Flow Forecasting,Account Reconciliation,US GAAP,Variance Analysis,CPA,Cash Management,SAP Products,Cross-functional Team Leadership,Strategic Planning",,,,,27,1970,vp,Finance,xp,,,,,
7484000,Minnie Hatfield,Minnie,Hatfield,Verified emails found,2025-10-15 09:49:32.412889,minnie.hatfield@lob.com,minnie.hatfield@lob.com,courtesyparts.robert@gmail.com,"minnie.hatfield@lob.com,courtesyparts.robert@gmail.com,minnie.hatfield@thedrybar.com,cmj0908@hotmail.com","cmjminnie@yahoo.com,chenxmei@yahoo.com,cmj0908@yahoo.com",,562-713-0908,562-713-0908,"562-713-9080
1.5627130908
909-690-6734
562-483-0018
714-467-1640
562-690-6734",,https://www.linkedin.com/in/minniechen,http://www.facebook.com/minnie.chen.773,http://www.twitter.com/brideglamor,,,,,Vice President of Accounting,Lob,"185 Berry Street Suite 6100, San Francisco, California 94107, US",lob.com,https://www.lob.com,https://www.linkedin.com/company/lob,"Irvine, California, United States",Irvine,,CA ,US,Lob,Vice President of Accounting,2024-07-01,Present,MJH Accounting & Advisory,Accounting Advisory,2022-01-01,Present,Drybar,"VP, Finance and Accounting",2019-09-01,Present,Drybar,"VP, Controller",2019-01-01,Present,Drybar,"VP, Corporate Controller",2019-01-01,2021-01-01,"Cal State Fullerton, College of Business and Economics",Master of Business Administration;,,,National Chengchi University,Bachelor of Business Administration,,,"GAAP,Financial Reporting,Cost Accounting,Management,Corporate Finance,Bank Reconciliation,Sarbanes Oxley Act,Cash Flow,Accounting,Payroll,Cash Management,Accounts Payable,Strategic Planning,Strategic Financial Planning,Research,Budgets,Finance,Internal Controls and Sox Compliance,Analysis,Financial Analysis,Project Management,Consolidation,US GAAP,Financial Planning,General Ledger,Tax,Financial Accounting,Financial Statements,Auditing,Variance Analysis,Internal Controls",,,,,14,1970,vp,Finance,xp,,,,,
13120334,Karen Zina,Karen,Zina,Verified emails found,2025-10-15 09:49:32.235150,karenzina11@gmail.com,kezina@concentra.com,karenzina11@gmail.com,karenzina11@gmail.com,"kezina@concentra.com,karen_zina@concentra.com",karen.zina@concentra.com,9723171672,,,,https://www.linkedin.com/in/karenzina,,,,,,,"Senior Vice President, Controller",Concentra,"5080 Spectrum Drive Suite 1200 West Tower, Addison, Texas 75001, US",concentra.com,https://www.concentra.com/,https://www.linkedin.com/company/concentra,"Texas, United States",,,TX ,US,Concentra,"Senior Vice President, Controller",2016-03-01,Present,IO Metro,Chief Financial Officer,2015-12-01,2016-03-01,Concentra,Director of Accounting,2012-10-01,2015-11-01,The Bond Group,Chief Financial Officer,2012-02-01,2014-10-01,"Bond Purchasing & Logistics, LLC",VP Finance,2012-01-01,2013-12-01,University of Maryland,Bachelor's Degree,,,,,,,"Pricing,Team Leadership,Internal Controls,Mergers and Acquisitions,P&l,Variance Analysis,Business Development,General Ledger,Cost Accounting,Financial Planning,Consolidation,Finance,Budgeting,Sarbanes Oxley Act,Management,System Migration,Executive Management,Healthcare,Business Planning,Key Performance,Strategic Financial Planning,Product Management,Forecasting,Financial Control,Financial Reporting,Project Management,Account Management,Business Modeling,Financial Modeling,Financial Accounting,Process Improvement,Financial Audits,Mergers,Due Diligence,Strategy,Excel,Business Strategy,Team Building,Budgets,Auditing,Balanced Scorecard,Analysis,Leadership,Business Process,Microsoft Excel,Accounting,Strategic Planning,Financial Analysis,Public Speaking,Key Performance Indicators,Business Process Improvement,Strategic Financial,Cash Flow,Start Ups",,,,,29,1967,vp,Finance,xp,,,,,
45513991,Brandon Webster,Brandon,Webster,Verified emails found,2025-10-15 09:49:32.053202,bwebster@prim.com,bwebster@prim.com,bwebster_3@hotmail.com,"bwebster@prim.com,bwebster_3@hotmail.com",,,9724101522,,,,https://www.linkedin.com/in/brandon-e-webster-cpa-cgma-6224735,,,,,,,"Vice President, Corporate Accounting",Primoris Services Corporation,"2300 N. Field Street Suite 1900, Dallas, Texas 75201, US",prim.com,http://www.prim.com,https://www.linkedin.com/company/primoris-services-corporation,"Dallas, TX, US",Dallas,,TX ,US,Primoris Services Corporation,"Vice President, Corporate Accounting",2020-02-29,Present,Primoris Services Corporation,Director of Finance and Accounting,2018-05-31,2020-03-31,Willbros,Corporate Controller,2017-10-31,2019-04-30,Mentis Neuro Health,Corporate Controller,2017-04-30,2017-10-31,Willbros,Controller - U.S. Construction,2016-05-31,2017-04-30,The University of New Mexico,BA,,,New Mexico State University,,,,"Auditing,Variance Analysis,CPA,Accounting,Percentage of Completion,Human Resources,Year End Close,Cost Accounting,Financial Planning,Tax,Construction Accounting,Team Leadership,Finance,SEC filings,Pivot Tables,U.S. SEC Filings,Oracle,Vlookup,Account Reconciliation,Corporate Tax,JD Edwards,Financial Accounting,Strategic Financial Planning,Monthly Close Process,Microsoft Excel,US GAAP,Sumif,Project Accounting,Internal Controls,Private Piloting,Financial Analysis,Treatment,GAAP,External Audit,Tax Preparation,Sarbanes Oxley Act,Private Equity,U.S. Generally Accepted Accounting Principles Gaap,Financial Reporting,Financial Statements,GAAS,General Ledger,Cost Benefit,Healthcare Industry,Assurance,Accounts Payable,Accounts Receivable,Member of AICPA,Financial Audits,Generally Accepted Accounting Principles Gaap,Internal Audit,Generally Accepted Accounting Principles,u.s. Generally Accepted Accounting Principles",,,,,21,1982,vp,Finance,xp,,,,,
2021464,Mark Mahoney,Mark,Mahoney,Verified emails found,2025-10-15 09:49:31.847793,markmahoney@gmail.com,mmahoney@republicservices.com,markmahoney@gmail.com,,"markmahoney@gmail.com,mmahoney@republicservices.com",mark.mahoney@republicservices.com,4806951573,4806951573,4806277129,,https://www.linkedin.com/in/mark-mahoney-3953b955,,,,,,,Vice President Accounting Services,Republic Services,"18500 N. Allied Way, Phoenix, Arizona 85054, US",republicservices.com,http://www.republicservices.com,https://www.linkedin.com/company/republic-services-inc,"Phoenix, AZ, US",Phoenix,,AZ ,US,Republic Services,Vice President Accounting Services,2020-05-01,Present,Republic Services,"Vice-President, Enterprise Data",2017-07-01,2020-05-01,Republic Services,"Vice-President, Business Systems and Technology",2014-11-01,2017-07-01,Republic Services,"Vice-President, Finance",2008-12-01,2014-11-01,Republic Services Inc,Assistant Corporate Controller,2000-09-01,2008-11-01,Bentley University - McCallum Graduate School of Business,,,,University of Massachusetts Amherst,,,,"Microsoft Office,Customer Service,Financial Analysis,Oracle Implementations,Financial Services,Business Systems,CRISC,Active Directory,Data Center,Mergers and Acquisitions",,,,,25,1955,vp,Finance,xp,,,,,
16645102,Thomas Simpson,Thomas,Simpson,Verified emails found,2025-10-15 09:49:31.672108,thomas.simpson@standard.com,thomas.simpson@standard.com,,,"thomas.simpson@standard.com,thomas.simpson.cfs@standard.com,tsimpso3@standard.com",,5033301761,6142847596,6142847596,,https://www.linkedin.com/in/thomas-simpson-cpa-bb121a8,https://facebook.com/tom.simpson.969,,,,,,"Vice President, Controller",Standard Insurance Company,"1100 SW Sixth Avenue, Portland, Oregon 97204, US",standard.com,https://www.standard.com,https://www.linkedin.com/company/the-standard,"Portland, OR, US",Portland,,OR ,US,Standard Insurance Company,"Vice President, Controller",2019-10-01,Present,Standard Insurance Company,"Sr Director, Financial Reporting and Accounting Policy and Sr Director Financial Planning and Analysis",2016-03-01,2019-10-01,Standard Insurance Company,"Director, SEC Reporting",2012-03-01,2016-03-01,Standard Insurance Company,Investment Accounting and Statutory Reporting,2007-07-01,2012-03-01,Relay Resources,Chairperson of the Board of Directors,2015-09-01,Present,Franklin University,BS Finance,,,Monterey Peninsula College,AS Business,,,"US GAAP,Sarbanes-Oxley Act,Financial Reporting,SEC filings,Statutory Accounting,CPA,Cash Flow,Valuation,PeopleSoft,Sarbanes-Oxley,Insurance,Essbase,Financial Statements,GAAP,Internal Controls,Financial Analysis,Sarbanes Oxley,Business Development,Finance,Strategy,Sarbanes Oxley Act",,,"SEC Professionals Group, National Association of Insurance Commissioners (NAIC), IFRS forum, CFO and Controllers: U.S. GAAP, IFRS and SEC Reporting Risks, Insurance U.S GAAP and Statutory Accounting and Reporting Resource",,27,1975,vp,Finance,xp,,,,,
5685127,Greg Hollern,Greg,Hollern,Verified emails found,2025-10-15 09:49:31.485210,greghollern@gmail.com,,greghollern@gmail.com,,greghollern@gmail.com,,6144744954,,"6142836849
6148735473",,https://www.linkedin.com/in/greg-hollern-44078a6,,,,,,,Vice President and Controller,PHOENIX Retail LLC,US,phoenixdtc.com,https://www.phoenixdtc.com,https://www.linkedin.com/company/phoenixdtc,"Columbus, OH, US",Columbus,,OH ,US,PHOENIX Retail LLC,Vice President and Controller,2024-06-01,Present,EXPRESS,Vice President and Controller,2013-10-01,2025-07-01,Abercrombie & Fitch,Corporate Controller,2009-08-01,2013-09-01,Abercrombie & Fitch,Director of Accounting Operations,2007-01-01,2009-08-01,Abercrombie & Fitch,Director of Store Control,2004-09-01,2007-01-01,Miami University,Bachelor of Science - BS,,,,,,,"Business Development,Microsoft Excel,Retail,Journalism,Materials Management,Finance,Commercial Lending,Variance Analysis,Leadership,Revenue Recognition,SEC reporting,Manufacturing",,,,,33,1970,vp,Finance,xp,,,,,
19078555,Robert Berger,Robert,Berger,Verified emails found,2025-10-15 09:49:31.204975,robert_berger@navyfederal.org,robert_berger@navyfederal.org,,,"robert_berger@navyfederal.org,bob_berger@navyfederal.org",,7032061311,7033852549,"7033852549
7032558000
7032063015",,https://www.linkedin.com/in/robert-berger-66259571,,,,,,,"Senior Vice President, Collections",Navy Federal Credit Union,"820 Follin Lane SE, Vienna, Virginia 22180, US",navyfederal.org,http://www.navyfederal.org,https://www.linkedin.com/company/navy-federal-credit-union,"Pensacola, FL, US",Pensacola,,FL ,US,Navy Federal Credit Union,"Senior Vice President, Collections",2013-08-01,Present,Navy Federal Credit Union,"Vice President, Collections",2008-04-01,Present,Navy Federal Credit Union,"AVP, Collections",2006-04-01,2008-03-01,,,,,,,,,,,,,,,,,"Project Management,Employee Benefits,Compliance,Foreclosures,Financial Risk,HR Policies,Internal Communications,Internal Audit,Logistics Management,Social Media,Strategic Partnerships,Vendor Management,Microsoft Word,Credit,Team Building,Strategic Planning",,,,,19,1957,vp,Finance,xp,,,,,
94078643,Sara Desruisseaux,Sara,Desruisseaux,Verified emails found,2025-10-15 09:49:31.012771,sara.desruisseaux@prattwhitney.com,sara.desruisseaux@prattwhitney.com,sarammcauley@yahoo.com,"sara.desruisseaux@prattwhitney.com,sarammcauley@yahoo.com",,,8605080047,,,,https://www.linkedin.com/in/sara-desruisseaux-1833081a,,,,,,,"Vice President, Controller",Pratt & Whitney,"400 Main Street, East Hartford, Connecticut 06108, US",prattwhitney.com,https://prattwhitney.com/,https://www.linkedin.com/company/pratt-&-whitney,"Hartford, CT, US",Hartford,,CT ,US,Pratt & Whitney,"Vice President, Controller",2023-07-01,Present,Pratt & Whitney,"Executive Director, Mature Commercial Engines CFO",2022-09-01,2023-07-01,Pratt & Whitney,"Senior Director, Commercial Engines Controller",2020-09-01,2022-09-01,Pratt & Whitney,"Assistant Controller - Financial Reporting, Technical Accounting and Business Controls",2018-11-01,2020-09-01,Pratt & Whitney,Director of Financial Reporting and Technical Accounting,2017-12-01,2018-10-01,University of Hartford,MSAT,,,Fairfield University,BS,,,,,,,,21,1982,vp,Finance,xp,,,,,
6900152,Richard Thomas,Richard,Thomas,Verified emails found,2025-10-15 09:49:30.815193,richard.thomas@atmosenergy.com,richard.thomas@atmosenergy.com,susanvonstruensee@gmail.com,"richard.thomas@atmosenergy.com,susanvonstruensee@gmail.com",,,212-945-8355,212-945-8355,"9727655578
212-773-8932
212-773-3000
318-224-5168",,https://www.linkedin.com/in/richardthomasey,,,,,,,Vice President and Controller,Atmos Energy,"5430 LBJ Fwy, Dallas, Texas 75240, US",atmosenergy.com,http://www.atmosenergy.com,https://www.linkedin.com/company/atmos-energy,"New York, NY, US",New York,,NY ,US,Atmos Energy,Vice President and Controller,2017-02-01,Present,Atmos Energy,Director Capital Markets,2013-06-01,2017-02-01,Tuesday Morning,Assistant Controller,2012-11-01,2013-06-01,Ey,Senior Manager - Assurance,2011-10-01,2012-11-01,Ey,Audit Manager,2008-10-01,2011-10-01,"Texas A&M University, College",Masters,,,"Texas A&M University, College",Bachelors,,,"Forensic Accounting,FCPA,Certified Fraud Examiner,Litigation Support,Litigation Consulting,Due Diligence,Enterprise Risk Management,Corporate Governance,SEC filings,Forensic Analysis,Internal Controls,Business Valuation,Financial Reporting,CPA,Big 4,External Audit,Financial Analysis,Mergers & Acquisitions,Investigation,Change Management,Leadership,Mergers and Acquisitions,Business Strategy,Fraud Investigations",,,,,22,1980,vp,Finance,xp,,,,,
5750991,Edna Dsouza,Edna,Dsouza,Verified emails found,2025-10-15 09:49:30.603713,dsouzae@gmail.com,edna.dsouza@corsair.com,dsouzae@gmail.com,dsouzae@gmail.com,edna.dsouza@corsair.com,ednad@corsair.com,7325308836,,"4083706973
408-249-7417",,https://www.linkedin.com/in/edna-dsouza-5780b74,http://www.facebook.com/people/_/1832817196,,,,,,Vice President Corporate Controller,Corsair,"115 N McCarthy Blvd, Milpitas, California 95035, US",corsair.com,http://www.corsair.com,https://www.linkedin.com/company/corsair,"San Jose, CA, US",San Jose,,CA ,US,Corsair,Vice President Corporate Controller,2023-09-01,Present,CBIZ Mayer Hoffman McCann,Audit Senior,2002-01-01,2006-01-01,A F Ferguson & Co,Audit Senior,1993-01-01,1996-01-01,"CareDx, Inc.",Controller,2021-05-01,2023-09-01,NETGEAR,"Sr. Director, Assistant Controller",2018-07-01,2021-05-01,AICPA,,,,Institute of Cost Accountants of India,,,,"SEC filings,Cost Accounting,Sarbanes-Oxley Act,Internal Audit,Sarbanes-Oxley,Business Process Improvement,Cross-functional Team Leadership,Forecasting,Accounting,GAAP,Fixed Assets,Process Improvement,Variance Analysis,Mergers & Acquisitions,Finance,Auditing,Cross Functional Team,Sarbanes Oxley,Business Process,Cross Functional Team Leadership,Financial Analysis,Sarbanes Oxley Act,Financial Reporting,Mergers and Acquisitions,Generally Accepted Accounting Principles Gaap,Generally Accepted Accounting Principles",,,"Bay Area Revenue Recognition Forum, Spansion Employees and Alumni, Chartered Accountant & Information Technology, Chartered Accountant in Industry, Finance Plus: Private Equity, Venture Capital and M&A news",,27,1972,vp,Finance,xp,,,,,
4504242,Leigh Cokonis,Leigh,Cokonis,Verified emails found,2025-10-15 09:49:30.425925,leigh.cokonis@ngc.com,leigh.cokonis@ngc.com,,,leigh.cokonis@ngc.com,,5404417611,,,,https://www.linkedin.com/in/leigh-cokonis-59872828,,,,,,,Vice President and Controller,Northrop Grumman Space Systems,"2980 Fairview Park Dr, Falls Church, Virginia 22042, US",northropgrumman.com,https://www.northropgrumman.com/,https://www.linkedin.com/company/northrop-grumman-corporation,"Vienna, VA, US",Vienna,22180,VA ,US,Northrop Grumman Space Systems,Vice President and Controller,2024-04-01,Present,Northrop Grumman Aeronautics Systems,Vice President and Controller,2020-05-01,Present,Northrop Grumman Aerospace Systems,"Director Financial Planning, Reporting, and Analysis",2017-09-01,2020-05-01,Northrop Grumman,Director Accounting Consultation and Compliance,2015-06-01,2017-09-01,Exelis,Senior Accounting Manager,2013-04-01,2015-06-01,James Madison University,Masters,,,,,,,"Auditing,Financial Reporting,Sarbanes Oxley Act,CPA,US GAAP,Accounting,Internal Controls,Financial Accounting,SEC filings,Financial Analysis,GAAP,External Audit,Internal Audit",,,,,20,1982,vp,Finance,xp,,,,,
22112283,Clarisse Thomsen,Clarisse,Thomsen,Verified emails found,2025-10-15 09:49:30.212006,clarisse.thomsen@radancy.com,clarisse.thomsen@radancy.com,clarissethomsen@gmail.com,"clarisse.thomsen@radancy.com,clarissethomsen@gmail.com",,,402-332-7261,402-332-7261,"402-330-7261
402-391-3672
202-986-9514",,https://www.linkedin.com/in/clarissethomsen,https://facebook.com/clarissethomsen,https://twitter.com/i/user/244715318,,,,,"Vice President, Accounts",Radancy,"1 Battery Park Plaza # 2710, New York, New York 10004, US",radancy.com,https://www.radancy.com/,https://www.linkedin.com/company/radancy,"Chicago, IL, US",Chicago,,IL ,US,Radancy,"Vice President, Accounts",2024-04-01,Present,Brazen,Director of Accounts,2022-06-01,2024-04-01,Brazen,Team Lead and Senior Account Manager,2022-01-01,2022-06-01,Brazen,Senior Account Manager,2020-07-01,2022-01-01,ActivePipe,Senior Customer Success Manager,2019-06-01,2020-07-01,University of Nebraska-Lincoln,,,,,,,,"Leadership,Event Planning,Microsoft Office,Management,Project Management,Public Relations,Communication,Social Networking,Public Speaking,Time Management,Cloud Computing,MS Project,Enterprise Software,Recruiting,Analysis,Sales,Budgets,Account Management",,,,,12,1992,vp,Finance,xp,,,,,
19802275,Sandi Berger,Sandi,Berger,Verified emails found,2025-10-15 09:49:30.044214,sberger@bvsl.net,sberger@bvsl.net,sandijeans@yahoo.com,"sberger@bvsl.net,sandijeans@yahoo.com",,,4435291000,,4109620595,,https://www.linkedin.com/in/sandi-berger-b7a7693,http://www.facebook.com/people/_/1006057667,,,,,,Vice President Of Accounting,Brightview Senior Living,"218 North Charles Street Suite 220, Baltimore, Maryland 21201, US",brightviewseniorliving.com,http://www.brightviewseniorliving.com,https://www.linkedin.com/company/brightview-senior-living,"Baltimore, MD, US",Baltimore,,MD ,US,Brightview Senior Living,Vice President Of Accounting,2017-11-01,Present,Connections Education,Vice President of Finance,2015-02-01,2017-10-01,Prometric,"Vice President, Controller",2014-09-01,2015-01-01,Prometric,Domestic Controller,2011-09-01,2014-09-01,Prometric,"Director, Financial Reporting",2008-07-01,2011-09-01,University of Baltimore,,,,,,,,"Financial Reporting,Management,Forecasting,Finance,SEC filings,Accounting,Strategic Planning,Leadership,Internal Controls,Program Management,Financial Analysis,Financial Accounting,Change Management,Auditing,Financial Modeling,Process Improvement,Internal Audit,Team Building,Sarbanes-Oxley Act,Managerial Finance,GAAP,Strategic Financial Planning,Corporate Finance,Microsoft Office,Microsoft Excel,Editing,Journalism,Sarbanes Oxley Act,Financial Planning,Business Process Improvement,Generally Accepted Accounting Principles Gaap,Generally Accepted Accounting Principles",,,"Chief Financial Officer (CFO) Network - The #1 Group for CFOs, Huron Consulting Group Alumni, Baltimore Women in Business",,20,1982,vp,Finance,xp,,,,,
65961686,Mary Tee,Mary,Tee,Verified emails found,2025-10-15 09:49:29.852021,mytee888@yahoo.com,,mytee888@yahoo.com,mytee888@yahoo.com,,,8186256684,8186256684,"6612105630
6612879953
8187957984
6267957984
8185480085
8185440069",,https://www.linkedin.com/in/mary-tee-63b84a3,https://facebook.com/mytee888,,,,,,Vice President and Controller,Princess Cruises,"1510 SE 17th St, Fort Lauderdale, Florida 33315, US",spr.ly,https://spr.ly/lin,https://www.linkedin.com/company/princess-cruises,United States,,,,US,Princess Cruises,Vice President and Controller,2021-01-01,Present,The Walt Disney Company,Director of Accounting - Direct to Consumer and International,2019-07-01,2021-01-01,The Walt Disney Company,"Director Of Accounting, Finance Integration Management Office",2018-10-01,2019-07-01,The Walt Disney Company,"Director of Accounting and Controller, Disney Publishing, Games and Digital Media",2016-12-01,2018-10-01,The Walt Disney Company,Segment Controller - Disney Interactive,2012-11-01,2016-12-01,University of Southern California,Bachelor of Science ,,,,,,,"Sarbanes-Oxley Act,Accounting,Financial Analysis,Financial Reporting,Variance Analysis,Due Diligence,Mergers,SEC filings,Process Improvement,GAAP,Cash Flow Forecasting,Acquisition Integration,JD Edwards,Account Reconciliation,SAP,Sarbanes Oxley Act,Leadership,SAP Products,Financial Modeling,Forecasting,Internal Controls,Income Statement,Business Process Improvement,Budgets,Management,Mergers and Acquisitions,Generally Accepted Accounting Principles Gaap,Generally Accepted Accounting Principles",,,,,33,1970,vp,Finance,xp,,,,,
64576652,Andrew Kwan,Andrew,Kwan,Verified emails found,2025-10-15 09:49:29.690447,andrew@teamwass.com,andrew@teamwass.com,andrew.jian.kwan@gmail.com,"andrew@teamwass.com,andrew.jian.kwan@gmail.com,andrew.kwan@teamwass.com",,,9492923134,9492923134,4154413360,,https://www.linkedin.com/in/andrew-kwan-a10a923,https://facebook.com/andrew.kwan.1004,,,,,,"Senior Vice President, Accounting",Wasserman,"10900 Wilshire Blvd 1200, Los Angeles, California 90024, US",teamwass.com,http://www.teamwass.com,https://www.linkedin.com/company/wasserman,"Los Angeles, CA, US",Los Angeles,,CA ,US,Wasserman,"Senior Vice President, Accounting",2022-05-01,Present,Leaf Group,"Vice President, Controller",2018-04-01,2022-05-01,Pepperdine Graziadio Business School,Adjunct Professor,2019-05-01,2020-05-01,"Blackstone Consulting, Inc.","Vice President, Finance",2017-06-01,2018-04-01,"Prospect Mortgage, LLC","Vice President, Accounting",2015-06-01,2017-06-01,"University of California, Los Angeles - The Anderson School of Management",Master of Business Administration (M.B.A.),,,University of Southern California,Master of Accounting (MAcc),,,,,,,,21,1980,vp,Finance,xp,,,,,
8436958,Purvi Patel,Purvi,Patel,Verified emails found,2025-10-15 09:49:29.515864,purvi.patel@liveramp.com,purvi.patel@liveramp.com,email4purvi@gmail.com,"purvi.patel@liveramp.com,email4purvi@gmail.com",,,925-899-0245,925-899-0245,"925-330-7554
925-938-9344
4156559490",,https://www.linkedin.com/in/purvirpatel,http://www.facebook.com/purviRpatel,,,,,,"Vice President, US Controller",LiveRamp,"225 Bush St Flr 17, San Francisco, California 94105, US",liveramp.com,https://liveramp.com/,https://www.linkedin.com/company/liveramp,"San Francisco, CA, US",San Francisco,,CA ,US,LiveRamp,"Vice President, US Controller",2024-06-01,Present,LiveRamp,US Controller,2023-10-01,Present,LiveRamp,Senior Director of Accounting,2019-06-01,2023-09-01,LiveRamp,Director of Accounting,2018-04-01,2019-05-01,Gensler,Assistant Controller - Global,2013-04-01,2018-03-01,"University of California, Davis",,,,,,,,"Financial Reporting,Accounting,Operational Due Diligence,Process Management,GAAP,Professional Services,Financial Audits,Sourcing Advisory,Not for Profit Audits,Single Audit,Finance,Financial Analysis,Start-ups,General Ledger,QuickBooks,Account Reconciliation,Microsoft Excel,Internal Controls,Management,Auditing,Budgets,Financial Accounting,Financial Statements,US GAAP,Analysis,Accounts Payable,Accounts Receivable,Revenue Recognition,Tax,IFRS,Due Diligence,Fixed Assets,Process Improvement,Generally Accepted Accounting Principles (GAAP),Business Process Improvement,Budgeting,Start Ups,Leadership,Operational Due,Project Management,Generally Accepted Accounting Principles Gaap,Public Speaking,Microsoft Office,Generally Accepted Accounting Principles",,,,,21,1976,vp,Finance,xp,,,,,
133773469,Tim Lutz,Tim,Lutz,Verified emails found,2025-10-15 09:49:29.334649,timothy_lutz@yahoo.com,tim.lutz@firstgroup.com,timothy_lutz@yahoo.com,timothy_lutz@yahoo.com,"tim.lutz@firstgroup.com,tim.lutz@rocketmail.com",,5132937277,,"5138321162
7049267442",,https://www.linkedin.com/in/tim-lutz,,,,,,,Vice President and Controller,First Student,"191 Rosa Parks St, Cincinnati, Ohio 45202, US",firststudentinc.com,http://firststudentinc.com,https://www.linkedin.com/company/first-student,"Cincinnati, OH, US",Cincinnati,,OH ,US,First Student,Vice President and Controller,2022-01-01,Present,Self-employed,Independent Consultant,2019-01-01,2021-01-01,Multi-Color Corporation,Chief Accounting Officer,2014-01-01,2019-01-01,Self-employed,Independent Consultant,2012-01-01,2014-01-01,Xavient Information Systems,Chief Financial Officer,2010-01-01,2012-01-01,Ohio University,,,,Xavier University - Williams College of Business,,,,"SOX,Internal Controls,Internal Audit,Corporate Finance,Offshoring,Sarbanes-Oxley Act,Auditing,Accounting,Mergers,Financial Analysis,SEC filings,Sarbanes-Oxley,Finance,Analysis,Financial Reporting,Financial Services,Mergers & Acquisitions,Managerial Finance,Outsourcing,Cash Management,Budgets,Telecommunications,Forecasting,Process Improvement,Business Analysis,Strategic Financial Planning,Business Process Improvement,Variance Analysis,Financial Modeling,Executive Management,General Ledger,ERP,Cost Accounting,PeopleSoft,Cash Flow,Acquisition Integration,Risk Management,Financial Planning,Budgeting,Financial Statements,Management Accounting,Generally Accepted Accounting Principles (GAAP),Financial Forecasting,Financial Accounting,Strategy,Strategic Planning,Leadership,Management",,,,,33,1970,vp,Finance,xp,,,,,
4622445,Colin McHugh,Colin,McHugh,Verified emails found,2025-10-15 09:49:29.137469,colin.mchugh@get-carrot.com,colin.mchugh@get-carrot.com,colinmchugh@gmail.com,colin.mchugh@get-carrot.com,colinmchugh@gmail.com,,6105856063,6105856063,"6106471828
6174262222
4155211631
2159874441
4843236313
2159707255
6108342989",,https://www.linkedin.com/in/colin-mchugh-23646515,,,,,,,"Senior Vice President, Accounting",Carrot Fertility,"2829 Westown Parkway, West Des Moines, Iowa 50266, US",get-carrot.com,http://www.get-carrot.com,https://www.linkedin.com/company/carrot-fertility,"Chesterbrook, Pennsylvania, United States",Chesterbrook,19087,PA ,US,Carrot Fertility,"Senior Vice President, Accounting",2025-01-01,Present,"Accolade, Inc.",Chief Accounting Officer,2023-07-01,2025-01-01,"Accolade, Inc.",SVP of Finance,2022-06-01,2023-07-01,"Accolade, Inc.",Vice President Finance,2017-02-01,2022-05-01,"Monetate, Inc.",Vice President of Finance,2015-06-01,2017-02-01,Notre Dame,Master Of Business Administration,,,Saint Joseph's University,Bachelor Of Science,,,"Accounting,Financial Modeling,Due Diligence,Financial Accounting,GAAP Standards,SEC filings,US GAAP,Financial Reporting,10Q,Financial Statements,Strategic Planning,Leadership,Hyperion Enterprise,Financial Audits,Auditing,Cash Flow Forecasting,Finance,Corporate Finance,Variance Analysis,Budgets,Management",,,"KPMG U.S., Saint Joseph's University Hawk Career Network, Software as a Service - SaaS - Group, KPMG US Alumni Group, Saint Joe's Alumni, Finance Plus: Private Equity, Venture Capital and M&A news",,23,1979,vp,Finance,xp,,,,,
14468863,Emily Ellis,Emily,Ellis,Verified emails found,2025-10-15 09:49:28.833168,eellis@paloaltonetworks.com,eellis@paloaltonetworks.com,levyemily@yahoo.com,"eellis@paloaltonetworks.com,levyemily@yahoo.com",emellis@paloaltonetworks.com,emilyellis@paloaltonetworks.com,408-507-8827,408-507-8827,408-677-3726,,https://www.linkedin.com/in/emily-ellis-9357509,http://www.facebook.com/Levytwin,,,,,,Vice President of Accounting,Palo Alto Networks,"3000 Tannery Way, Santa Clara, California 95054, US",paloaltonetworks.com,http://www.paloaltonetworks.com,https://www.linkedin.com/company/palo-alto-networks,"San Jose, CA, US",San Jose,,CA ,US,Palo Alto Networks,Vice President of Accounting,2024-03-01,Present,PwC,Partner,2019-07-01,2024-03-01,PwC,Senior Manager,2005-09-01,2019-07-01,PwC,Senior Manager - National Accounting Services Group,2014-07-01,2016-01-01,Applied Materials,Finance Analyst,2004-02-01,2005-06-01,San José State University,BA,,,"University of California, Berkeley",,,,"Revenue Recognition,SEC filings,US GAAP,Internal Controls,Financial Reporting,CPA,Communication,Technical Writing,Fair Market Value,Project Management,External Audit,Finance,Auditing,Management,Sarbanes-Oxley Act,Big 4,Accounting,GAAP,SAN,Technology,Microsoft Office,Sarbanes Oxley Act,Sales,Microsoft Excel,Assurance",,,,,21,1982,vp,Finance,xp,,,,,
95923399,Alexander Glueckler,Alexander,Glueckler,Verified emails found,2025-10-15 09:49:28.657555,ajglueckler@gmail.com,alex.glueckler@crossfit.com,ajglueckler@gmail.com,"ajglueckler@gmail.com,jesus_nateras_18@hotmail.com,saint07@aol.com","alex.glueckler@crossfit.com,alex@crossfit.com","alexander.glueckler@crossfit.com,alexander@crossfit.com,alexanderglueckler@crossfit.com,glueckler@crossfit.com,alexanderg@crossfit.com,aglueckler@crossfit.com,gluecklera@crossfit.com",480-560-5655,480-560-5655,"480-575-1010
480-488-8891",,https://www.linkedin.com/in/aglueckler,http://www.facebook.com/people/_/60000173,https://twitter.com/alexglueckler,,,,,Vice President of Accounting,"CrossFit, LLC","Boulder, Colorado 80302, US",crossfit.com,http://crossfit.com,https://www.linkedin.com/company/crossfit,"Broomfield, CO, US",Broomfield,,CO ,US,"CrossFit, LLC",Vice President of Accounting,2022-12-01,Present,CLMBR,Chief Financial Officer,2022-01-01,2022-01-01,Pure Harvest Corporate Group (OTC: PHCG),Chief Financial Officer,2021-01-01,2022-01-01,"Silverware, Inc.","Head of Product, GM",2017-01-01,2021-01-01,Turin Capital Partners I LP,Managing Partner + CFO,2016-01-01,2017-01-01,Regis University,,,,,,,,,,,,,18,1975,vp,Finance,xp,,,,,
3976518,Varun Chadalavada,Varun,Chadalavada,Verified emails found,2025-10-15 09:49:28.462290,vchadalavada@turo.com,vchadalavada@turo.com,varunski3@gmail.com,"vchadalavada@turo.com,varunski3@gmail.com",,,408-750-7112,408-750-7112,"408-367-4996
4088650425
5107040202",,https://www.linkedin.com/in/varun-chadalavada-071a7a8,https://facebook.com/varunchadalavada,http://www.twitter.com/varunski3,,,,,"Vice President, Revenue Accounting",Turo,"111 Sutter St Suite 1300, San Francisco, California 94104, US",turo.com,https://turo.com/,https://www.linkedin.com/company/turo,"Burlingame, CA, US",Burlingame,,CA ,US,Turo,"Vice President, Revenue Accounting",2024-07-01,Present,BILL,"Senior Director, Revenue",2020-12-01,2024-07-01,RingCentral,Director Of Revenue,2020-04-01,2020-12-01,RingCentral,Senior Revenue Manager,2018-05-01,2020-04-01,Tanium,Senior Accounting Manager,2017-03-01,2018-05-01,San Jose State University,Corporate Financial Management,,,Monta Vista High School,High School Diploma,,,"Auditing,Accounting,Financial Reporting,GAAP,SEC filings,US GAAP,CPA,SAN,Process Improvement,Customer Service,Operations",,,KPMG US Alumni Group,,15,1963,vp,Finance,xp,,,,,
2387078,Wade Cunningham,Wade,Cunningham,Verified emails found,2025-10-15 09:49:28.286827,wade.cunningham@brinker.com,wade.cunningham@brinker.com,wadecunningham@gmail.com,wade.cunningham@brinker.com,wadecunningham@gmail.com,,2142361656,,9727709876,,https://www.linkedin.com/in/wade-cunningham-43559623,,,,,,,Vice President - Controller,Brinker International,"3000 Olympus Blvd, Dallas, Texas 75019, US",brinkerjobs.com,http://www.brinker.com,https://www.linkedin.com/company/brinker-international,"Dallas, TX, US",Dallas,,TX ,US,Brinker International,Vice President - Controller,2016-05-01,Present,Brinker International,Senior Director - Financial Reporting,2009-03-01,Present,Oldcastle Glass,Corporate Controller,2008-03-01,2009-03-01,Brinker International,Financial Reporting - Senior Manager,2004-01-01,2008-01-01,Ernst & Young,Audit Manager,1998-01-01,2004-01-01,University of North Texas,,,,,,,,"finance,Sales,Journalism,Strategy,Auditing,Internal Controls,SEC filings,Risk Management,Change Management,Due Diligence,Financial Analysis",,,UNT Accounting,,27,1976,vp,Finance,xp,,,,,
7843141,Chris de Jongh,Chris,de Jongh,Verified emails found,2025-10-15 09:49:28.077987,fcrdejongh@hotmail.com,,fcrdejongh@hotmail.com,fcrdejongh@hotmail.com,,,4078086777,4078086777,,,https://www.linkedin.com/in/chris-de-jongh-42399b6,https://facebook.com/chris.jongh,,,,,,Senior Vice President Accounting,Signature Aviation,UK,signatureflight.com,https://www.signatureflight.com/locations/bzn,https://www.linkedin.com/company/signature-flight-support-limited,"Apopka, FL, US",Apopka,,FL ,US,Signature Aviation,Senior Vice President Accounting,2019-03-01,Present,BBA Aviation plc,Vice President,2017-10-01,2019-03-01,Alere Inc.,Vice President Shared Services,2011-12-01,2017-09-01,Alere (formerly Inverness Medical Innovations),Director of Finance,2010-06-01,2011-12-01,Inverness Medical,Controller,2009-03-01,2010-05-01,Rollins College - Crummer Graduate School of Business,MBA,,,Stellenbosch University,Bachelors,,,"Financial Analysis,Internal Controls,Forecasting,Finance,Financial Reporting,Management,Accounting,Sarbanes-Oxley Act,Mergers & Acquisitions,Cost Accounting,Budgets,Process Improvement,Strategic Planning,Analysis,Microsoft Excel,Medical Devices,Cross-functional Team Leadership,Leadership,Variance Analysis,Healthcare,Cross Functional Team Leadership,Mergers and Acquisitions,Sarbanes Oxley Act",,,ACCA USA Network,,24,1978,vp,Finance,xp,,,,,
6179843,Tim Probst,Tim,Probst,Verified emails found,2025-10-15 09:49:27.873063,tim.probst@graybar.com,tim.probst@graybar.com,timprobst10@gmail.com,"tim.probst@graybar.com,timprobst10@gmail.com",,,6363863988,,"3149180076
3147262226",,https://www.linkedin.com/in/tim-probst-97657a42,,,,,,,Vice President and Controller,Graybar,"34 N. Meramec Ave, St. Louis, Missouri 63108, US",graybar.com,https://www.graybar.com,https://www.linkedin.com/company/graybar,"Ballwin, MO, US",Ballwin,,MO ,US,Graybar,Vice President and Controller,2018-01-01,Present,Scottrade,Senior Vice President and Chief Accounting Officer,2012-01-01,2018-01-01,Kellwood Company,Vice President and Controller,2008-01-01,2012-01-01,Kellwood Company,Director of Finance,2003-01-01,2008-01-01,Brand Services,Controller,2002-01-01,2003-01-01,Washington University in St. Louis,BSBA,,,,,,,"Apparel,Leadership,Customer Service,Management,Fashion,Strategic Planning,Strategy,Account Management,Financial Reporting,Microsoft Excel,Public Speaking,Finance",,,Kellwood - Past and Present,,28,1975,vp,Finance,xp,,,,,
29231497,Gebre Jennings,Gebre,Jennings,Verified emails found,2025-10-15 09:49:27.669507,gjennings@bozzuto.com,gjennings@bozzuto.com,,"gjennings@bozzuto.com,gebre.jennings@bozzuto.com",,,3017045809,3017045809,"301.704.5809
3016233621
7032433061
3014836443",,https://www.linkedin.com/in/gebre-jennings-0a7b306,https://facebook.com/gebre.jennings,,,,,,Vice President - Property Accounting,Bozzuto,"6406 Ivy Ln Ste 700, Greenbelt, Maryland 20770, US",bozzuto.com,http://www.bozzuto.com,https://www.linkedin.com/company/the-bozzuto-group,"Elkridge, MD, US",Elkridge,,MD ,US,Bozzuto,Vice President - Property Accounting,2020-01-01,Present,The Bozzuto Group,Director-Real Estate Accounting,2012-08-01,2020-01-01,The Bozzuto Group,Accounting Manager,2007-09-01,2012-08-01,The Bozzuto Group,Property Accountant,2005-08-01,2007-08-01,Edgewood Management Corporation,Staff Accountant,2003-09-01,2005-08-01,Hampton University,,,,Strayer University,,,,"Variance Analysis,Accounts Receivable,Fixed Assets,Account Reconciliation,Financial Reporting,Financial Accounting,Accounting,Financial Analysis,General Ledger,Managerial Finance,Sarbanes-Oxley Act,Budgets,Journal Entries,Accruals,Accounts Payable,Cash Management,Great Plains Software,Internal Audit,Cash Flow,Due Diligence,Forecasting,Auditing,Yardi,QuickBooks,Financial Modeling,Payroll,Internal Controls,Sarbanes-Oxley,Sarbanes Oxley,Microsoft Excel,Investment Properties,Customer Service,Sarbanes Oxley Act",,,,,25,1977,vp,Finance,xp,,,,,
9749430,Angela Nannenhorn,Angela,Nannenhorn,Verified emails found,2025-10-15 09:49:27.447398,angela.nannenhorn@coyote.com,angela.nannenhorn@coyote.com,amnannenhorn@bellsouth.net,"angela.nannenhorn@coyote.com,amnannenhorn@bellsouth.net",,,7706523947,,"7707761626
7733656246
678-366-0918
770-569-0323",,https://www.linkedin.com/in/angela-nannenhorn-a3781b2b,http://www.facebook.com/angela.nannenhorn,,,,,,"Vice President, Accounts Payable",Coyote Logistics,"2545 West Diversey Avenue, Chicago, Illinois 60647, US",rxo.com,http://www.rxo.com,https://www.linkedin.com/company/coyote-logistics,"Atlanta, GA, US",Atlanta,30303,GA ,US,Coyote Logistics,"Vice President, Accounts Payable",2021-11-01,Present,Coyote Logistics,Director of Accounts Payable,2012-03-01,2021-11-01,Recall,"Accounts Payable Manager, North America",2008-08-01,2012-03-01,Recall,Supplier and Sub-Contractor Manager,2006-06-01,2008-08-01,Recall,Sub-Contractor Analyst,2005-09-01,2006-06-01,TROY,,,,,,,,"Concur,Excel,PeopleSoft,Management,Business Process Improvement,Records Management,Leadership,Microsoft Excel,Contract Negotiation,Accounts Payable,Salesforce.com,Project Management,Process Improvement,Team Building,SAP,Accounting,Customer Service,Sourcing,Sales,Outsourcing,Financial Analysis,Account Management,Operations Management,Vendor Management,Income Statement,Six Sigma,Financial Reporting,Forecasting,Analysis,Budgets,Change Management,Cross-functional Team Leadership,Logistics,Purchasing,Strategic Planning,Team Leadership,Training,P,Supply Chain Management,Microsoft Office,Cross Functional Team Leadership,Supply Chain,Continuous Improvement,PowerPoint,Public Speaking",,,,,23,1982,vp,Finance,xp,,,,,
1412877,Heather O'Connor,Heather,O'Connor,Verified emails found,2025-10-15 09:49:27.266341,heather.oconnor@crunchyroll.com,heather.oconnor@crunchyroll.com,haoconn100@yahoo.com,"heather.oconnor@crunchyroll.com,haoconn100@yahoo.com,heatheranneo1@yahoo.com",,,734-649-5340,734-649-5340,"626-799-4951
734-207-7940",,https://www.linkedin.com/in/heather-o-connor-3a06887,http://www.facebook.com/hoconnor1,http://twitter.com/hconnor,,,,,"Senior Vice President, Accounting",Crunchyroll,"5750 Wilshire Blvd, Los Angeles, California 90036, US",crunchyroll.com,http://www.crunchyroll.com/,https://www.linkedin.com/company/crunchyroll,"Burbank, CA, US",Burbank,,CA ,US,Crunchyroll,"Senior Vice President, Accounting",2025-02-01,Present,Providence High School,Providence High School Board of Regents,2022-06-01,Present,Netflix,"Vice President, Content Controller at Netflix",2019-11-01,2023-08-01,Netflix,"Director, Content Controller at Netflix",2018-07-01,2019-10-01,Netflix,Controller Original Programming,2015-02-01,2018-06-01,Illinois,,,,,,,,"Financial Reporting,SEC Filings,Public Speaking,Microsoft Office,Finance,Entertainment,Project Management,Editing",,,,,33,1987,vp,Finance,xp,,,,,
4578791,John Burke,John,Burke,Verified emails found,2025-10-15 09:49:27.077826,jburke016@gmail.com,jburke@gsig.com,jburke016@gmail.com,jburke016@gmail.com,jburke@gsig.com,john.burke@gsig.com,7816461642,7816461642,6174489506,,https://www.linkedin.com/in/john-burke-165ab818,,,,,,,"Vice President, Accounting",Novanta Inc.,"125 Middlesex Turnpike, Bedford, Massachusetts 01730, US",novanta.com,http://www.novanta.com,https://www.linkedin.com/company/novanta-inc,"Arlington, MA, US",Arlington,,MA ,US,Novanta Inc.,"Vice President, Accounting",2017-02-01,Present,GSI Group,Assistant Corporate Controller,2011-09-01,2017-02-01,Millipore,Manager - External Reporting,2009-12-01,2011-09-01,PricewaterhouseCoopers,Manager,2003-05-01,2009-12-01,,,,,"Isenberg School of Management, UMass Amherst",BBA,,,,,,,"Sarbanes-Oxley Act,Revenue Recognition,SEC filings,Internal Controls,US GAAP,Sarbanes-Oxley,GAAP,Financial Reporting,Accounting,Auditing,CPA,Finance,Financial Accounting,Financial Analysis,Forecasting,Process Improvement,Sarbanes Oxley,Sarbanes Oxley Act",,,,,22,1981,vp,Finance,xp,,,,,
20781444,Jared Lish,Jared,Lish,Verified emails found,2025-10-15 09:49:26.849053,jlish5@yahoo.com,,jlish5@yahoo.com,jlish5@yahoo.com,,,8017170501,8017170501,"8013162910
2089394146
7203968393
8017580580
8018031508",,https://www.linkedin.com/in/jared-lish-42177518,https://facebook.com/jared.lish,,,,,,Vice President Of Accounting,Podium,"1650 W Digital Dr, Lehi, Utah 84043, US",podium.com,https://www.podium.com,https://www.linkedin.com/company/podium,"Salt Lake City, UT, US",Salt Lake City,,UT ,US,Podium,Vice President Of Accounting,2021-10-01,Present,Podium.com,Controller,2016-09-01,2021-12-01,HireVue,Director of Accounting,2012-11-01,2016-09-01,Ernst & Young,Senior Accountant,2009-08-01,2012-11-01,,,,,Brigham Young University,Master,,,Boise State University,,,,"Financial Reporting,Accounting,Financial Analysis,US GAAP,GAAP,CPA,Leadership,Outdoor Adventures,SEC filings,Revenue Recognition,Internal Controls,Ear Training,Tax Accounting,Tax Research,Financial Statements,Financial Accounting,Sarbanes-Oxley,Corporate Tax,Big 4,Auditing,Assurance,General Ledger,Tax Preparation,Income Tax,IFRS,Tax Returns,Tax,International Tax,Counting,Sarbanes-Oxley Act,Breathing,U.S. Generally Accepted Accounting Principles (GAAP),Traeger Grilling,Laborers,Packaging,Phoenix,Eagle Scout,SALT,Soldering,Google Groups,Yahoo,Psi,Expenses,Defects,Business Services,Academic,Seattle,Assembling,Boy Scouts,Lake,SAN,Vinyl,Snow Removal,Dec Alpha,Sprinkler,Sarbanes Oxley,Moderate,Circuit,Scholarships,Saws,Sarbanes Oxley Act,Software Lifecycle,u.s. Generally Accepted Accounting Principles Gaap,Management,Lawn Care,Reporting,Funding,Mexico,Income,Routers,Anticipate,Hospitals,Spanish,u.s. Generally Accepted Accounting Principles",,,"BYU Marriott School of Management Alumni, The BYU Network",,16,1983,vp,Finance,xp,,,,,
87572048,Carolyn Stelmat,Carolyn,Stelmat,Verified emails found,2025-10-15 09:49:26.646794,carolyn.stelmat@hardrockdigital.com,carolyn.stelmat@hardrockdigital.com,carolynstelmat@gmail.com,carolyn.stelmat@hardrockdigital.com,carolynstelmat@gmail.com,,9542248476,9542248476,5612134799,,https://www.linkedin.com/in/carolyn-stelmat,,,,,,,"Vice President, Accounting",Hard Rock Digital,US,hardrockdigital.com,http://hardrockdigital.com,https://www.linkedin.com/company/hardrockdigital,"Coral Springs, FL, US",Coral Springs,,FL ,US,Hard Rock Digital,"Vice President, Accounting",2022-09-01,Present,Stryker,"Senior Director, Finance",2020-12-01,2022-07-01,Stryker,"Vice President, Accounting and Administration",2018-10-01,2020-12-01,Envision Healthcare,"Senior Director, Accounting",2017-11-01,2018-04-01,Telit,"Vice President, Finance",2016-06-01,2017-07-01,Florida Atlantic University,Bachelor of Business Administration - BBA,,,Nova Southeastern University,Master of Arts - MA,,,"Accounting,Restructuring,Finance,Managerial Finance,Due Diligence,Mergers & Acquisitions,Strategic Planning,Project Management,Change Management,Integration,Revenue Recognition,Business Process Improvement,Government Contracting,Financial Reporting,Cash Flow Forecasting,Financial Modeling,Budgeting,Forecasting,Acquisition Integration,SAP Implementation,Internal Controls,Generally Accepted Accounting Principles (GAAP),Cash Management,Financial Accounting,Corporate Finance,Analytical Skills,Strategy,Hyperion Enterprise,Microsoft Dynamics,Salesforce.com,Cognos,Oracle,Microsoft Excel,Executive Management,Management,Cross-functional Team Leadership,Leadership,Team Leadership,Team Building,Process Improvement,Oracle ERP Implementations,FinancialForce,Software and SaaS,Great Plains implementations,SAP Implementations,Netsuite,ERP Implementations,Technical Accounting Research,CRM Integration,Finance Transformation",,,,,31,1965,vp,Finance,xp,,,,,
280849290,Andrea Dwyer,Andrea,Dwyer,Verified emails found,2025-10-15 09:49:26.472992,andreadwyer@gmail.com,,andreadwyer@gmail.com,,andreadwyer@gmail.com,,8606081924,,,,https://www.linkedin.com/in/andrea-b-dwyer,,,,,,,"Vice President, Controller",AAA Northeast,"110 Royal Little Drive, Providence, Rhode Island 02904, US",aaa.com,http://www.aaa.com,https://www.linkedin.com/company/aaanortheast,"Connecticut, United States",,06796,CT ,US,AAA Northeast,"Vice President, Controller",2021-06-01,Present,AAA Northeast,Managing Director of Finance,2021-06-01,2021-12-01,FM Global,"Staff Vice President, Senior Product Owner,  Finance and Insurance",2018-06-01,2021-12-01,FM Global,Assistant Vice President Finance and Insurance,2016-10-01,2021-12-01,FM Global,"CPA, Finance Manager, Rating Agencies and Financial Analysis",2008-07-01,2021-12-01,University of Hartford,,,,,,,,"Insurance Accounting,Financial Planning and Analysis,Global Project Management,Global Delivery,Strategic Planning,Finance,Generally Accepted Accounting Principles (GAAP),Insurance,Financial Reporting,Accounting,Financial Analysis,International Financial Reporting Standards (IFRS),Auditing,Reinsurance,Research,Budgets,Payroll,Risk Management,Business Analysis,General Ledger,Software Documentation,Forecasting,Enterprise Risk Management,Managerial Finance,Finance and Accounting,Business Process Re-engineering,Sox,Microsoft Office,PowerPoint,HTML,SAP,Management,Customer Service,Negotiation,Public Speaking,Statutory Accounting,Global Regulatory Compliance,Executive Level Alliances,Agile Practices,Budget Planning & Forecasting,Pension Plan Accounting,Rating Agencies,Ceded Reinsurance",,,,,20,1982,vp,Finance,xp,,,,,
441093466,Bryan Bryant,Bryan,Bryant,Verified emails found,2025-10-15 09:49:26.160145,bryan.bryant@owens-minor.com,bryan.bryant@owens-minor.com,,"bryan.bryant@owens-minor.com,bbryant@owens-minor.com",,,919-608-0017,919-608-0017,"8044390736
813-932-9683
703-847-6060
813-222-6271
703-918-3053",,https://www.linkedin.com/in/bryan-bryant-cpa-872a7b20,,,,,,,"Vice President, Accounting",Owens & Minor,"9120 Lockwood Blvd, Mechanicsville, Virginia 23116, US",owens-minor.com,http://owens-minor.com,https://www.linkedin.com/company/owens-&-minor,"Richmond, VA, US",Richmond,,VA ,US,Owens & Minor,"Vice President, Accounting",2018-06-01,Present,,,,,,,,,,,,,,,,,Liberty University,,,,Virginia Commonwealth University,,,,,,,,,7,1978,vp,Finance,xp,,,,,
21103137,Rebecca Hefley,Rebecca,Hefley,Verified emails found,2025-10-15 09:49:25.942116,rhefley@mtm-inc.net,rhefley@mtm-inc.net,hefley.becca@gmail.com,"rhefley@mtm-inc.net,hefley.becca@gmail.com,becca.reiter@gmail.com",,,3147497304,3147497304,"6362364685
6366955719
253-588-1311",,https://www.linkedin.com/in/rebecca-hefley-33046b12,https://facebook.com/hefley.becca,,,,,,"Vice President, Controller",MTM Health,"16 Hawk Ridge Cir Ste 120, Lake Saint Louis, Missouri 63367, US",mtm-inc.net,http://www.mtm-inc.net,https://www.linkedin.com/company/medical-transportation-management,"St. Louis, MO, US",St. Louis,63108,MO ,US,MTM Health,"Vice President, Controller",2023-01-01,Present,MTM Health,Controller,2014-05-01,2023-01-01,MTM Health,Manager Financial Reporting and Analysis,2013-10-01,2014-05-01,HD Supply,Accountant,2010-04-01,2011-05-01,KPMG,Senior Audit Associate,2008-07-01,2010-04-01,University of Missouri Trulaske College of Business,Masters,,,University of Missouri-Columbia,Business,,,"Leadership,Sarbanes Oxley Act,Sarbanes Oxley,General Ledger,SEC filings,Big 4,Strategic Planning,Account Management,External Audit,Financial Accounting",,,,,18,1982,vp,Finance,xp,,,,,
71797531,Allyson O'Malley,Allyson,O'Malley,Verified emails found,2025-10-15 09:49:25.772494,allyson.omalley@shiftkey.com,allyson.omalley@shiftkey.com,,,allyson.omalley@shiftkey.com,,4402904993,,2164760644,,https://www.linkedin.com/in/allyson-o-malley-564481113,,,,,,,"Vice President, Accounting",shiftkey,"Irving, Texas, US",shiftkey.com,http://www.shiftkey.com,https://www.linkedin.com/company/myshiftkey,"Cleveland, OH, US",Cleveland,,OH ,US,shiftkey,"Vice President, Accounting",2022-08-01,Present,OnShift,"Vice President, Accounting",2021-01-01,2022-09-01,OnShift,Controller,2015-12-01,2020-12-01,,,,,,,,,"University of California, Berkeley",Bachelors,,,,,,,,,,,,9,1993,vp,Finance,xp,,,,,
68985331,Fhfma Mario Di Figlia,Fhfma,Di Figlia,Verified emails found,2025-10-15 09:49:25.604478,mdnd426@aol.com,fhfma.difiglia@wmchealth.org,mdnd426@aol.com,mdnd426@aol.com,fhfma.difiglia@wmchealth.org,fdifiglia@wmchealth.org,5163300023,,"5168761386
5167051936",,https://www.linkedin.com/in/mario-di-figlia-fhfma-b345b119,http://www.facebook.com/mario.difiglia,https://twitter.com/mariodifiglia,,,,,Vice President Reimbursement,"Westchester Medical Center, a member of WMCHealth",US,wmchealth.org,http://wmchealth.org,https://www.linkedin.com/company/wmchealth,"Valhalla, NY, US",Valhalla,,NY ,US,"Westchester Medical Center, a member of WMCHealth",Vice President Reimbursement,2023-06-01,Present,"Huntington Hospital, Huntington, NY 11743",Director of Finance,2012-07-01,2013-02-01,Lenox Hill Hospital,Senior Reimbursement Analysts,1994-12-01,1999-03-01,Northwell Health (formerly North Shore-LIJ Health System),"Director, Finance",2013-02-01,2023-07-01,Northwell Health,Director Corporate Finance,2013-02-01,2023-07-01,Iona University,,,,Queens College,,,,"HFMA Metro-NY Gen. Ed. Chair in Charge of Flyer Approvals,HFMA Metro-NY Chapter - Chair Finance Committee,Revenue Cycle,Hospitals,Healthcare,Healthcare Management,Healthcare Information Technology,Healthcare Consulting,HIPAA,Auditing,Medicare,Managed Care,Mergers,Medicaid,Financial Analysis,Strategic Planning,Credentialing,Process Improvement,EMR,Medical Billing,Accounts Receivable,Quality Improvement,Epic Systems,Executive Management,Physician Relations,Medical Compliance,Risk Management,Accounting,Patient Safety,Financial Reporting,EHR,Physicians,Revenue Cycle Management,Budgets,Performance Improvement,Insurance,Meditech,Finance,Data Analysis,Healthcare Industry,Access,Managerial Finance,Clinical Research,Healthcare Reimbursement,Medicare/Medicaid reimbursement,Leadership,Management,Microsoft Excel",,,,,36,1965,vp,Finance,xp,,,,,
11603473,Mark Weinstein,Mark,Weinstein,Verified emails found,2025-10-15 09:49:25.420204,mark.weinstein@healogics.com,mark.weinstein@healogics.com,,mark.weinstein@healogics.com,,mweinstein@healogics.com,7068316463,7068316463,"7068316466
7066500705
7063963233",,https://www.linkedin.com/in/mark-weinstein-956a5a14,,,,,,,"Vice President, Billing","Healogics, Inc.","5220 Belfort Road Suite 130, Jacksonville, Florida 32256, US",healogics.com,http://www.healogics.com,https://www.linkedin.com/company/healogics-llc,"Ponte Vedra Beach, FL, US",Ponte Vedra Beach,32082,FL ,US,"Healogics, Inc.","Vice President, Billing",2018-11-01,Present,"Medac, Inc.","Vice President, Operations",2010-11-01,2018-11-01,Eagle Applied Sciences,Senior Facilitator,2009-11-01,2010-10-01,Sonic Healthcare,"Finance Director, Southest Division",2007-04-01,2009-07-01,Mullins Pathology & Cytology Laboratory,Administrator and Finance Director,2002-01-01,2007-04-01,American University,MPA,,,Towson University,BS,,,"Healthcare Information Technology (HIT),U.S. Health Insurance Portability and Accountability Act (HIPAA),Healthcare Information Technology,Hospitals,Clinical Research,Electronic Medical Record (EMR),Healthcare,DoD,Process Improvement,Working with Physicians,Managed Care,Business Process Improvement,Revenue Cycle,Strategic Planning,Analysis,Revenue Cycle Management,Budgets,Military,Program Management,Team Building,Management,HIPAA,Healthcare Management,Recruiting,Leadership Development,Leadership,Project Planning,Healthcare Consulting,Customer Service,Human Resources,Government,Operations Management,Financial Modeling,Medicine,Finance,Consulting,Investments,History,Employee Benefits,Eagle,Inventory,Provider Enrollment,Budgeting,Business Planning,Partnerships,Population Health,Esoteric,Proprietary Software,EHR,Payments,Manages,Catalyst,Coordinated,Service Centers,Project,Islands,Technical Support,Training,C,BPO,Purchased,System Acquisition,Staff Management,Patient,Modernization,Data Entry,Accounts Receivable,Accounts Payable,Adjustments,American,Pricing,Camp,Air Force,Science,Business Management,Results Driven,PMP,Offering,Rico,Responsibility,Usa,Caribbean,Latin America,Information System,Business Services,Editing,Savings,Consolidate,Research,Reports,Capital,New Market,Germany,Pathology,Capital Projects,Benchmarking,Consultative Services,Strategy,Invoicing,Executive Positions,Compliance,Canada,South America,Monitors,Solution,SALT,Central America,Fache,Serving,Claim,Tampa,Latin,Reporting,Laboratory,Facilitation,Operations,Anesthesia,House,Quality Improvement,Revenue,Location,Visibility,Cytology,Followup,Families,Insurance,u.s. Health Insurance Portability and Accountability Act Hipaa,Operational Support,Middleware,Health Policy,Market,Cost Savings,Multiple Locations,Cost Management,Public Administration,Business Development,Healthcare Information Technology Hit,Mergers and Acquisitions,Accreditation,Florida,Covering,Material Management,Houston,Disruption,Community,Lean Manufacturing,Microsoft Office,Road,Net,Portfolio,Key Performance Indicators,Lake Homes,Teaching,Forecasting,Ambulatory,Interventions,Social Services,Accountability,Call Centers,Project Management,New Equipment,Electronic Medical Record Emr,Six Sigma,Political Science,SEP IRA,Testing,Sonic,Contractual Agreements,Dermatology,Network Development,Philippines,SAN,Loan Servicing,Fiscal Policy,Financial Performance,Sales,Consolidated Billing,Distribution,Information Management,Execution,Falls Church,Google Groups,Tricare,Medical Research,Georgia,Networking,Springs,Designations,Cash,Telemedicine,Internal Audit,Marketing,Cash Flow,Managerial Finance,System,Provider Relations,Information Technology,Efficiencies,Laboratory Medicine,Microsoft Word,Applied Sciences,Refunds,u.s. Health Insurance Portability and Accountability Act,Electronic Medical Record",,,"Georgia Association of Healthcare Executives - The Independent ACHE Chapter of Georgia, USAF MSC Alumni, United States Air Force Medical Service Corps, Affiliated Colleges Supporting Reasoned Healthcare",,43,1957,vp,Finance,xp,,,,,
