Profile ID,Name,First Name,Last Name,Email Lookup Status,Lookup Time,Recommended Email,Recommended Work Email,Recommended Personal Email,A Emails,A- Emails,B Emails,Phone,Mobile Phone,Other Phones,Office Phone,LinkedIn,Facebook,Twitter,Github,CrunchBase,AngelList,Quora,Title,Employer,Employer Address,Employer Domain,Employer Website,Employer LinkedIn,Location,City,Postal Code,Region,Country,Job1 Employer,Job1 Title,Job1 Start,Job1 End,Job2 Employer,Job2 Title,Job2 Start,Job2 End,Job3 Employer,Job3 Title,Job3 Start,Job3 End,Job4 Employer,Job4 Title,Job4 Start,Job4 End,Job5 Employer,Job5 Title,Job5 Start,Job5 End,Education1 Institution,Education1 Degree,Education1 Start,Education1 End,Education2 Institution,Education2 Degree,Education2 Start,Education2 End,Skills & Endorsements,Organizations,Volunteer,Groups,Honors & Awards,Birth Year,Gender,Years of Experience,Seniority,Department,Tags,Notes,NPI Number,NPI Credentials,NPI License Numbers,NPI License Specializations
631727412,Peili Miao,Peili,Miao,Verified emails found,2025-09-05 9:18:15,miao_pl@hotmail.com,,miao_pl@hotmail.com,miao_pl@hotmail.com,,"peilimiao@chfir.com,peilim@chfir.com",647-688-6066,647-688-6066,,(506) 855-2400,https://www.linkedin.com/in/peili-miao-mba-cpa-cga-us-cpa-bba24510,,,,,,,Interim Chief Financial Officer,Breathe BioMedical,"191 Halifax St, Moncton, New Brunswick E1C 9R6, CA",picomole.com,http://www.picomole.com,https://www.linkedin.com/company/11124851,"Toronto, ON, CA",Toronto,,ON,CA,Breathe BioMedical,Interim Chief Financial Officer,2023-11-01,Present,CHF Capital Markets,Vice President Financial Strategy and Communications,2023-10-01,Present,MTL Cannabis - Reverse Takeover acquirer of Canada House Wellness Group Inc.,Chief Financial Officer,2023-07-01,2023-10-01,Canada House Wellness Group Inc.,Chief Financial Officer,2021-09-01,2023-07-01,Canada House Wellness Group Inc.,Interim Chief Financial Officer,2021-03-01,2021-09-01,Smith School of Business at Queen's University,Executive MBA,,,Party Packagers,,,,"Acquisition Integration,Mergers & Acquisitions (M&A),Continuous Improvement,Team Training,Cost Control,International Financial Reporting Standards (IFRS),Financial Project Management,General Ledger,Accounting,Financial Reporting,Budgets,Financial Accounting,Managerial Finance,Auditing,Variance Analysis,Financial Planning,IFRS,Finance,Financial Analysis,Corporate Finance,Strategic Planning,Financial Modeling,Due Diligence,Business Strategy,Mergers & Acquisitions,Management,Private Equity,Internal Controls,Business Planning,Leadership,Microsoft Excel,Forecasting,Consolidation,External Audit,Cash Management,Financial audit,Quickbooks,Communication,Record Keeping,Cryptocurrency,Cyrptocurrency",,,,,,female,21,cxo,Finance,Jysbtcbtcbtc,,,,,
154783600,Bikesh Maharjan,Bikesh,Maharjan,Verified emails found,2025-09-05 9:18:07,bikesh.m@vivainsurance.ae,bikesh.m@vivainsurance.ae,bikeshmaharjan@gmail.com,bikesh.m@vivainsurance.ae,bikeshmaharjan@gmail.com,,,,,+971 4 201 5434,https://www.linkedin.com/in/mahbikesh,,,,,,,Finance Manager,VIVA Insurance Brokers LLC,"Al Mankhool, Burjuman Business Tower, L19-02, Dubai, Dubai, AE",vivainsurance.ae,http://www.vivainsurance.ae,https://www.linkedin.com/company/vivainsurance,"Dubai, AE",Dubai,,,AE,VIVA Insurance Brokers LLC,Finance Manager,2023-04-01,Present,LIC Nepal ?? Limited,Head Of Accounts Department,2021-08-01,2023-03-01,LIC Nepal ?? Limited,Risk Officer,2021-11-01,2022-03-01,Lic Nepal Ltd,Branch Manager (Officer),2019-11-01,2021-08-01,LIC Nepal ?? Limited,Junior Officer,2017-10-01,2019-11-01,The Institute of Chartered Accountants of India,Masterclass on UAE Corporate Tax & Transfer pricing,,,Insurance Institute of India,Associate's degree,,,"Ad Hoc Reporting,Internal Controls,Insurance Industry,Policies & Procedures,Industry Training,Audit Committee,Management,Reporting,Health Insurance,General Insurance,Investments,Life Insurance,Accounting Software,Balance Sheets,Teamwork,Microsoft Office,Strategy,Budgeting,Risk Analysis,Finance,Data Analysis,Account Reconciliation,Tax,Insurance,Investigation,Time Management,Analytical Skills,Financial Management,Financial Analysis,Strategic Planning,Financial Systems Implementation,Planning Budgeting & Forecasting,Cost-Benefit Analysis,Team Management,Auditing,Accounting,Financial Accounting,Financial Reporting,Income Tax,service tax,Microsoft Excel,Presentation Skills,Public Speaking,Blockchain,VAT,Internal Audit",,,"Middle East (GCC) Recruitment Banking and Finance,Indian CEO, CFO, CA, CS, CMA, CFA, Finance, Corporate & Legal Professionals,Chartered Accountant & Information Technology,Bankers in India,Private Equity & Venture Capital India,Chartered Accountant in Industry,Banking, Finance & FinTech ? Careers ? Professional Networking ? Services ? Technology ? Startups",,1984,male,11,manager,Finance,Jysbtcbtcbtc,,,,,
28146929,Phuong Jolie,Phuong,Jolie,Verified emails found,2025-09-05 9:17:57,ntk_phuong@yahoo.com,,ntk_phuong@yahoo.com,ntk_phuong@yahoo.com,,phuongjolie@zim.com,,,,,https://www.linkedin.com/in/phuong-nguyen-jolie-53971322,,,,,,,Country Finance Manager,ZIM Integrated Shipping Services (Vietnam) LLC,"9 Andrei Sakharov St, Matam, Haifa 3190500, IL",zim.com,https://www.zim.com/,https://www.linkedin.com/company/zim,Vietnam,,,,VN,ZIM Integrated Shipping Services (Vietnam) LLC,Country Finance Manager,2019-11-01,Present,T.S. Lines Ltd.,Senior Finance Manager,2009-11-01,2019-10-01,"T.V.L GLOBAL LOGISTICS CO.,LTD.",Chief Accountant,2007-08-01,2009-10-01,Prudential Vietnam Assurance Private Ltd.,Senior Staff,2002-04-01,2007-08-01,SAIGON GAS LIQUID PETRO GAS COMPANY LTD,Sales and Office Manager,1999-09-01,2002-03-01,HCMC Economic University,Bachelor’s Degree,,,HCMC Human Social Science University,Bachelor’s Degree,,,"Financial Audits,Financial Statements,Management Accounting,Leadership,Finance,Project Management,Budgets,Accounting,Tax,Strategic Planning,Sales,Cash Flow,Internal Audit,System Testing,Financial Reporting,Business Strategy,Financial Analysis,Financial Accounting,Internal Controls,Business Planning,Microsoft Excel,Microsoft Office,Management,Team Building,Customer Service,Negotiation,Training,Team Leadership,Teamwork,SAP ERP,SAP FI,Blockchain,Team Management,Interpersonal Communication,Confidence Building,Sales Management,Microsoft Word",,,,,1977,female,25,manager,Finance,Jysbtcbtcbtc,,,,,
43413198,Peter Charville-Mort,Peter,Charville-Mort,Verified emails found,2025-09-05 9:17:52,peter.charvillemort@gmail.com,peter.charvillemort@ingka.ikea.com,peter.charvillemort@gmail.com,"peter.charvillemort@gmail.com,petercharvillemort@gmail.com","peter.charvillemort@ingka.ikea.com,charvillemortp@ingka.ikea.com",,6462710033,,6468532777,,https://www.linkedin.com/in/peter-charville-mort-73a21015,,https://twitter.com/charvillemort,,,,,Assistant to Global Operations Manager (COO) and CFO,IKEA,"1 Olof Palmestraat, Delft, Delft 2616 LN, NL",ikea.com,https://ikea.com/,https://www.linkedin.com/company/ikea,"Amsterdam, NH, NL",Amsterdam,,NH,NL,IKEA,Assistant to Global Operations Manager (COO) and CFO,2022-06-01,Present,Inter IKEA Group,Group Development Manager,2019-03-01,2022-05-01,EY,"Senior Manager, Corporate Strategy",2015-10-01,2019-02-01,EY,"Manager, Supply Chain and Operations",2013-09-01,2015-09-01,EY,"Senior Consultant, Cleantech and Sustainability",2011-12-01,2013-09-01,Imperial College London,MSc. Environmental Technology (postgraduate degree),,,University of St Andrews,1st,,,"Operating model,Business Architecture,Organizational Development,Agile Methodologies,Blockchain,Artificial Intelligence (AI),Product Management,Content Management,Content Marketing,User Experience (UX),Search Engine Optimization (SEO),Digital Marketing,User Experience Design (UED),Customer Experience,Content Strategy,Cross-functional Team Leadership,Sustainability,Strategy,Management Consulting,Management,Sustainable Business,Renewable Energy,Climate Change,Business Transformation,Sustainability Consulting,Cleantech,Sustainability Strategy,Sustainable Development,Lean Transformation,Project Management,Digital Strategy,Digital Transformation,Carbon Management,Policy,Carbon Markets,Business Strategy,Energy Policy,Carbon,Project Planning,Consulting,Stakeholder Management,Environmental Policy,Business Analysis,Corporate Social Responsibility,Stakeholder Engagement,Environmental Management Systems,Water,Critical thinking and analysis,Project Implementation,Project Coordination,Project Execution,Project Delivery,Technical Writing,Competitive Analysis,Market Analysis,Policy Analysis,Sustainable Energy,Smart Metering,Sustainability Reporting,Energy Management,Environmental Issues,Energy Efficiency,Environmental Impact Assessment,Environmental Compliance,Lean Management,Six Sigma,Product Marketing,Customer Presentations,Marketing Communications",,,"Green & Tonic,Green Jobs & Career Network,EY,Weather Derivatives and Weather Risk,2degrees - Making sustainable business happen {at scale},Sustainability Professionals,Energy & Carbon Management News",,1986,male,16,individual contributor,,Jysbtcbtcbtc,,,,,
225996072,Maikel van Gameren,Maikel,van Gameren,Verified emails found,2025-09-05 9:17:43,maikel@floryn.com,maikel@floryn.com,m.vgameren@live.nl,"maikel@floryn.com,m.vgameren@live.nl",,,,,,31738511545,https://www.linkedin.com/in/maikelvangameren,,,,,,,Finance Manager,Floryn,NL,floryn.com,http://www.floryn.com,https://www.linkedin.com/company/floryn,"Zaltbommel, GE, NL",Zaltbommel,,GE,NL,Floryn,Finance Manager,2024-04-01,Present,Floryn,Group Financial Controller,2021-11-01,2024-04-01,Floryn,Control and Compliance Officer,2020-09-01,2021-11-01,Floryn,Financial Controller,2019-07-01,2020-09-01,Accon avm,Junior cliënt adviseur,2017-12-01,2019-06-01,Nederlands Compliance Instituut,Leergang Compliance Professional,,,Marcus Verbeek Praehep,Bachelor of Science - BS,,,"Accounting,Tax,Excel,Administration,Accountants,ICT,Financial Audits,Blockchain",,,"Markus Verbeek Praehep,Hays Accounting & Finance Careers Forum - The Netherlands,Netwerk voor Financiële Professionals",,1983,male,7,manager,Finance,Jysbtcbtcbtc,,,,,
620711932,Diego Parrillo,Diego,Parrillo,Verified emails found,2025-09-05 9:17:09,diegoparrillo@gmail.com,diego.parrillo@relender.it,diegoparrillo@gmail.com,diego.parrillo@relender.it,diegoparrillo@gmail.com,,,,,,https://www.linkedin.com/in/diegoparrillo,,,,,,,CFO,Re-Lender,"Via Filippo Sassetti, 32, Milano, Lombardia 20124, IT",relender.eu,https://www.relender.eu,https://www.linkedin.com/company/relender,"Rome, IT",Rome,,,IT,Re-Lender,CFO,2024-02-01,Present,Re-Lender,Business Analyst,2023-03-01,2024-02-01,Re-Lender,Blockchain Strategist,2022-08-01,2022-11-01,,,,,,,,,Università Bocconi,Bachelor's degree,,,,,,,"KPI Reporting,Financial Modeling,Risk Assessment,Credit Risk Management,Credit Analysis,Blockchain,Tokenization,Initial Coin Offerings (ICO),Capital Raising",,,,,,male,2,cxo,C_suite,Jysbtcbtcbtc,,,,,
762304923,Maheema Kanodia,Maheema,Kanodia,Verified emails found,2025-09-05 9:16:59,maheema.kanodia@sonata-software.com,maheema.kanodia@sonata-software.com,maheemakanodia24@gmail.com,"maheema.kanodia@sonata-software.com,maheemakanodia24@gmail.com",,,4437683331,,,,https://www.linkedin.com/in/maheemakanodia,https://facebook.com/maheema.kanodia,,,,,,Business Finance Manager,Sonata Software,"Building 1 Aps Trust 4 Bull Temple Rd Basavanagudi, Bangalore, Karnataka 560019, IN",sonata-software.com,http://www.sonata-software.com,https://www.linkedin.com/company/sonata-software,United States,,,,US,Sonata Software,Business Finance Manager,2023-07-01,Present,Anuvu,Accounts Receivable Analyst,2022-06-01,2023-04-01,Inspira Enterprise India Pvt. Ltd.,Financial Analyst,2019-10-01,2021-06-01,M.Tech,Finance Associate,2019-02-01,2019-07-01,Securelink Infratech Pvt. Ltd.,Finance Intern,2016-05-01,2016-11-01,Stevens Institute of Technology,Masters of Science in Finance,,,Bangor University,Master of Business Administration - MBA,,,"Banking,Market Analysis,Business Strategy,Financial Statement Analysis,Statistical Data Analysis,Derivatives,Corporate Finance,Blockchain,Management,Leadership,Microsoft Excel,Project Management,Microsoft Word,Microsoft PowerPoint,Communication,Teamwork,Team Building,Team Management,Business Development,Operations Management,NetSuite,Oracle Database",,,,,,,5,manager,Finance,Jysbtcbtcbtc,,,,,
715301350,John Patrick Gonzales,John,Gonzales,Verified emails found,2025-09-05 9:16:55,johngonzales@gmail.com,,johngonzales@gmail.com,,johngonzales@gmail.com,,,,,,https://www.linkedin.com/in/john-patrick-gonzales-407453218,,,,,,,Chief Financial Officer,Youth Traders by ZFT,"Taguig, Metro Manila, PH",zftribe.ph,http://zftribe.ph,https://www.linkedin.com/company/zftribe,"Bacolod, Western Visayas, PH",Bacolod,,,PH,Youth Traders by ZFT,Chief Financial Officer,2022-09-01,Present,Youth Traders by ZFT,Community Manager,2021-11-01,Present,University of St. La Salle,Finance Editor,2020-06-01,2022-06-01,Dungganon Bank (a Microfinance Rural Bank) Inc.,Intern,2021-08-01,2021-11-01,University of St. La Salle Student Government,Commisioner,2019-06-01,2020-03-01,University of Saint La Salle,Bachelor of Science - BS,,,,,,,"Banking,Internal Audits,Mortgage Lending,Financial Reporting,Public Relations,Cryptocurrency,Stocks,Microsoft Excel,English,Communication,Strategy,Equity Trading,Financial Analysis,Finance,Analytical Skills,Microsoft Office,Writing,Community Management,Social Media,Accounting",,,,,,,6,cxo,C_suite,Jysbtcbtcbtc,,,,,
56974840,Michelle Price,Michelle,Price,Verified emails found,2025-09-05 9:15:07,micprice@gmail.com,pricem@pricecapitalcorp.com,micprice@gmail.com,"micprice@gmail.com,pricem@pricecapitalcorp.com",,,917-287-4464,917-287-4464,"8326307850
646-378-2110
646-770-0630
6464229596",,https://www.linkedin.com/in/micprice,,https://twitter.com/wallstreetgeek,,,https://angel.co/michelle-price,,CFO | Financial Planning and Analysis,Price Capital LLC,"700 Louisiana St Suite 3950, Houston, Texas 77030, US",pricecapitalcorp.com,http://www.pricecapitalcorp.com,https://www.linkedin.com/company/price-capital-llc,"Houston, TX, US",Houston,77030,TX,US,Price Capital LLC,CFO | Financial Planning and Analysis,2010-02-01,Present,Spike Ventures (an Alumni Ventures Fund),Venture Fellow | Financial Planning and Analysis,2018-07-01,2020-07-01,IBM,Senior Managing Consultant | Financial Planning and Analysis,2016-01-01,2020-06-01,Lehman Brothers Holdings Inc.,Senior Vice President | Financial Planning and Analysis,2013-06-01,2016-12-01,"Goldman Sachs, PIMCO, BNY Mellon",Senior Principal Consultant | Financial Accounting,2010-02-01,2013-06-01,Stanford University,Master of Science (MS),,,Rice University,Bachelor of Science (BS),,,"Marketing Strategy,Sales,Marketing Campaign Management,New Business Development,Business Planning,Disruptive Technologies,Financial Planning and Analysis (FP&A),Quantitative Analytics,Product Development,Software Development,Government Regulations,Strategic Counsel,Machine Learning and Data Science,Cloud Computing,Quantitative Analysis (Finance),Financial Planning,AI Solutions,Portfolio Management,Financial Modeling,Equities,Financial Analysis,Investments,Finance,Financial Services,Strategy,Strategic Financial Planning,Analytics,Trading,Hedge Funds,Mutual Funds,Private Equity,Fixed Income,Investment Advisory,Equity Derivatives,Financial Risk,Derivatives,Investment Banking,Start-ups,Capital Markets,Investment Management,Securities,Asset Management,Financial Advisory,Asset Allocation,Wealth Management,Corporate Finance,Investment Strategies,Entrepreneurship,Project Management,Business Development,Strategic Planning,Cost Management,Automation,Artificial Intelligence,IBM Watson,Blockchain,Management,Executive Management,Leadership,Series 65,Corporate Strategy Formulation,Deep Learning,TensorFlow,PyTorch,Keras,Python (Programming Language)",,,,,1973,female,28,cxo,,Jysbtcbtcbtc,,,,,
28236911,Michael LaBerge,Michael,LaBerge,Verified emails found,2025-09-05 9:14:54,mlaberge@thetrustees.org,mlaberge@thetrustees.org,michaelrlaberge@gmail.com,"mlaberge@thetrustees.org,michaelrlaberge@gmail.com,michaell1@comcast.net",,,7812860105,,9789776336,,https://www.linkedin.com/in/michaelrlaberge,,,,,,,Finance Manager,The Trustees of Reservations,"200 High Street 4th Floor, Boston, Massachusetts 02110, US",thetrustees.org,http://www.thetrustees.org,https://www.linkedin.com/company/the-trustees-of-reservations,"Revere, MA, US",Revere,,MA,US,The Trustees of Reservations,Finance Manager,,Present,,,,,,,,,,,,,,,,,Merrimack College,,,,OLYMPIA SPORTS INC,,,,"Team Leadership,Leadership,Business Analysis,Strategic Communications,Adobe Creative Suite,Training,Multi Tasking,Customer Service,Teamwork,Public Speaking,Event Planning,Social Networking,Microsoft Office,PowerPoint,Microsoft Excel,Merchandise,Greek,Europe,Sound,Epic Systems,Dreamweaver,Vendors,Sales,System Upgrades,Translation,Finance,Collecting,Implementation Plans,Business Administration,Marketing Information Systems,Real Estate,Temporary Placement,Event Management,Recorder,Theatre,Legal,Treatment,Travel,Management,Science,Hootsuite,Security,Contractors,Desktop Computers,Currency,Scenario,Committees,Coordinated,Boston,Hosting,SharePoint,Agenda,Distribution Strategies,Delegation,Daily Operations,Crypto,Training Sessions,Photoshop,Crestron,Business Services,Training Material,Performers,Reports,Connecting,Operations Management,Medicine,Moot Court,Nurse Practitioners,Microsoft Publisher,Patient,Demonstration,Conferences,Business Management,Delegate,Scheduling,Prosecution,American,Research,Emerging Technologies,Analysis,Hardware,Performing Arts,London,Finishing,Hospitals,Pre Law,R,Social Media,Omega,Logistics,Applications,HIPAA,Schedules,Communication,Project Based,National Level,Operations,HTML,Macro,WebEx,New Hires,Microsoft Project,Project,Contractual Agreements,HR Management,Facilities Management,Responsibility,Six Sigma,Regulations,International,EMS,Art,Cisco Technologies,Illustrator,Conference Rooms,Google Groups,Efficient,Reviews,Investments,Tau,Software,Touch,Outlook,Business Planning,Profiles,Microsoft Word,Proposal Writing,Organizational Behavior,WordPress,Onboarding,Invoicing,Decision Making,Culture,International Management,Meetings,Video Conferencing,Automation,Databases,Customer Relationship Management,Statistical Data Analysis,Business Development,Copywriting,Project Management,Marketing,Business Strategy",,,,,1991,male,,manager,Finance,Jysbtcbtcbtc,,,,,
251137463,Ahmed Hadeka,Ahmed,Hadeka,Verified emails found,2025-09-05 9:14:44,ahmedhadeka@gmail.com,ahadeka@joinpapa.com,ahmedhadeka@gmail.com,"ahmedhadeka@gmail.com,hadekarasul@gmail.com",ahadeka@joinpapa.com,ahmed.hadeka@joinpapa.com,,,,,https://www.linkedin.com/in/hadeka,,,,,,,Strategic Finance Manager,Papa,"66 SW 6th St, Miami, Florida 33130, US",papa.com,http://www.papa.com,https://www.linkedin.com/company/papainc,"New York, NY, US",New York,,NY,US,Papa,Strategic Finance Manager,2025-01-01,Present,SURGE,Head of Finance,2022-01-01,Present,,,,,,,,,,,,,Berklee College of Music,,,,The American University in Cairo,,,,"Calculus,Mathematics,Business Mathematics,Accounting,Strategic Planning,Business Strategy,Contract Management,Contract Negotiation,Payroll Management,Cryptocurrency Accounting,Corporate Tax,Income Tax,Payroll Taxes,Cryptocurrency,Non-Fungible Tokens (NFTs),Market Research,Management,Corporate Finance,Financial Modeling,Finance,Financial Analysis,Budgeting,Forecasting,Financial Reporting,Analytical Skills,Communication,Public Speaking,Leadership,Research,Customer Service,Microsoft Excel,Microsoft Office,Time Management,Microsoft Word,PowerPoint,Sales,Social Media,Team Building,Project Management,Retail,Data Analysis,SQL,Data Reconciliation,Toad,JD Edwards,Tutoring",,,,,1984,male,3,manager,Finance,Jysbtcbtcbtc,,,,,
281650621,Bene Sebastian,Bene,Sebastian,Verified emails found,2025-09-05 9:14:33,bene@twiyocapital.com,bene@twiyocapital.com,benesebastian@gmail.com,bene@twiyocapital.com,benesebastian@gmail.com,,,,,,https://www.linkedin.com/in/bene-sebastian-cpa,,,,,,,CFO Advisory Analyst,TWIYO,"Sydney, New South Wales, AU",twiyo.com.au,https://www.twiyo.com.au/,https://www.linkedin.com/company/twiyo-capital,"Metro Manila, Philippines",,,NCR,PH,TWIYO,CFO Advisory Analyst,2024-08-01,Present,D&V Philippines,Senior Associate,2023-08-01,2024-04-01,hammerjack,Accounts Officer,2021-09-01,2023-08-01,Bernhard Schulte Shipmanagement,Senior Accounts Officer,2017-07-01,2021-09-01,,,,,Polytechnic University of the Philippines,Master of Business Administration - MBA,,,Polytechnic University of the Philippines,Bachelor of Science - BS,,,"Accounting,Finance,Maritime,Management,Financial Analysis,Communication,Account Management,Accounts Payable,Accounts Receivable (AR),Ship Management,Financial Accounting,Blockchain,Microsoft Excel,Vlookup,QuickBooks Online",,,,,1995,female,7,cxo,Finance,Jysbtcbtcbtc,,,,,
95783956,Leo Seslija,Leo,Seslija,Verified emails found,2025-09-05 9:14:27,leo.seslija@fisglobal.com,leo.seslija@fisglobal.com,leoseslija@gmail.com,leo.seslija@fisglobal.com,leoseslija@gmail.com,,,,,,https://www.linkedin.com/in/leoseslija,,,,,,,"Business Deveopment Advisor, Office of the CFO",FIS,"601 Riverside Avenue, Jacksonville, Florida 32204, US",fisglobal.com,https://www.fisglobal.com/,https://www.linkedin.com/company/valuelink,"Jacksonville, FL, US",Jacksonville,,FL,US,FIS,"Business Deveopment Advisor, Office of the CFO",2024-12-01,Present,Actalent,Time and Expense Specialist,2024-07-01,2024-12-01,Toba Recreational Company,Business Development Specialist,2022-10-01,2024-09-01,ReadySetGo,Business Development Analyst (Contract),2021-12-01,2022-09-01,SportsIcon,Sales and Brand Strategy Consultant (Contract),2021-02-01,2021-11-01,Florida State University,Bachelor's degree,,,,,,,"Organization Skills,Google Analytics,Quantitative Research,Search Engine Optimization (SEO),Copywriting,Content Development,Adobe Creative Suite,Storytelling,Product Marketing,Presentations,Marketing Campaigns,Marketing Analytics,Market Planning,Market Research,Leadership,Customer Service,Marketing,Fashion,Computer Literacy,Bilingual Communications,Cryptocurrency,Gaming Industry,Strategy,Management,New Business Development,Communication",,,,,1996,male,6,individual contributor,,Jysbtcbtcbtc,,,,,
84409682,Emese Hamuth,Emese,Hamuth,Verified emails found,2025-09-05 9:14:02,emese.hamuth@slipstream-it.com,emese.hamuth@slipstream-it.com,emese25@aol.com,"emese.hamuth@slipstream-it.com,emese25@aol.com",,,2152813592,2152813592,2155332156,,https://www.linkedin.com/in/emese-hamuth-06021552,,,,,,,Finance Manager,Slipstream IT,"751 Arbor Way Suite 100, Blue Bell, Pennsylvania 19422, US",slipstream-it.com,http://www.slipstream-it.com,https://www.linkedin.com/company/slipstream-it,"Philadelphia, PA, US",Philadelphia,,PA,US,Slipstream IT,Finance Manager,2021-07-01,Present,IQVIA,Revenue Management,2019-04-01,2021-07-01,HighPoint Solutions,Revenue Management,2019-04-01,2021-07-01,HighPoint Solutions,Client Relationship Manager,2017-06-01,2019-04-01,HighPoint Solutions,Project Accountant,2013-10-01,2017-06-01,Peirce College,Bachelor's degree,,,Peirce College,Associate of Science (AS),,,"Journal Entries (Accounting),P&L Management,Microsoft Office,QuickBooks,Windows,Research,Budgets,Paychex Preview,AIA Documents,Account Reconciliation,Bookkeeping,Employee Benefits,Contractors,Invoicing,Office Management,Office Administration,Accounting,Paychex,Payroll,Blueprint Take-off's,Spreadsheets,Administration,Auditing,Financial Statements,Open Air,Workday,Decision-Making,Communication,Life Skills,Personal Development,Teamwork,Career Management,Virtual Teams,Resiliency,Leadership,Accountability,Personal Branding,Team Leadership,Virtual Management,Microsoft Excel,Business Analytics,Business Intelligence (BI),Goal Seek,Cryptocurrency,FinTech,Finance,Interpersonal Skills",,,,,1974,female,25,manager,Finance,Jysbtcbtcbtc,,,,,
371479776,Marc La Liberté,Marc,La Liberté,Verified emails found,2025-09-05 9:13:44,marcedwardlaliberte@gmail.com,,marcedwardlaliberte@gmail.com,"marcedwardlaliberte@gmail.com,libentertainment@gmail.com",,"marc@phoenixfiresystems.com,mlaliberte@phoenixfiresystems.com,marc.laliberte@phoenixfiresystems.com,marclaliberte@phoenixfiresystems.com,marcl@phoenixfiresystems.com",707-712-2095,707-712-2095,1.6783868436,,https://www.linkedin.com/in/marcedwardlaliberte,,,,,,,Chief Financial Officer,"Phoenix Fire Systems, Inc.",,phoenixfiresystems.com,https://www.phoenixfiresystems.com,https://www.linkedin.com/company/phoenixfiresystems-inc,"Atlanta, GA, US",Atlanta,30303,GA,US,"Phoenix Fire Systems, Inc.",Chief Financial Officer,2023-12-01,Present,GreyPoint Management,Operations Management Consultant,2021-03-01,Present,Orby TV,Director of Operations,2019-03-01,2021-03-01,"Sea to Sky Group, LLC",Chief Operating Officer,2016-12-01,2019-03-01,"HD Experts, Inc.",Director of Operations,2015-09-01,2016-12-01,The University of British Columbia,,,,Vancouver College,,,,"Google Workspace,Cybersecurity,HTML5,Next.js,React.js,Cascading Style Sheets (CSS),JavaScript,Customer Service,Process Improvement,Leadership,Customer Satisfaction,Team Leadership,Strategic Planning,Telecommunications,Management,Operations Management,Microsoft Office,Start-ups,Business Process Improvement,Business Development,Technical Training,Executive Management,Operations Directors,Operational Execution,New Business Development,Microsoft Excel,Business Process,Strategy,Entertainment Management,General Management,Satellite Systems Engineering,Internet Protocol Suite (TCP/IP),Test Management,Vendor Management,Field Service,Network Design,Troubleshooting,Business Operations,Project Planning,People Management,Cryptocurrency,Non-Fungible Tokens (NFTs),nft,C-Level Leadership,Solidity,Critical Thinking,Creative Problem Solving",,,,,1977,male,27,cxo,C_suite,Jysbtcbtcbtc,,,,,
555034650,Monika Rüttimann,Monika,Rüttimann,Verified emails found,2025-09-05 9:13:28,ruttimo@gmx.ch,,ruttimo@gmx.ch,ruttimo@gmx.ch,,,,,,,https://www.linkedin.com/in/ruttimo,,,,,,,Senior Finance Manager,Tezos Foundation,"Zug, Canton of Zug, CH",tezos.foundation,https://tezos.foundation/,https://www.linkedin.com/company/tezosfoundation,"Zug, ZG, CH",Zug,,ZG,CH,Tezos Foundation,Senior Finance Manager,2022-01-01,Present,CREALOGIX Group,Head of Group Accounting,2018-01-01,2021-01-01,Siemens Building Technologies,Accounting Principles Manager and IFRS Specialist,2011-01-01,2017-01-01,F. Hoffmann-La Roche,Group Accounting Manager and IFRS Specialist,2008-01-01,2011-01-01,EY,External Auditor and Certified Public Accountant (Swiss CPA),2003-01-01,2007-01-01,Certified Crypto Finance Expert (CCFE),,,,Certified IFRS Accountant,,,,"Blockchain,Cryptocurrency,IFRS,IFRS 15 (Revenue Recognition),IFRS 16 (Lease Accounting),IFRS 3 (Business Combinations),Consolidation,Financial Reporting,Corporate Finance,Accounting,Finance,Auditing,Internal Audit,International Financial Reporting Standards (IFRS)",,,,,,female,19,senior,Finance,Jysbtcbtcbtc,,,,,
24740334,Chiraz Borgi,Chiraz,Borgi,Verified emails found,2025-09-05 9:13:21,celborgi@gmail.com,chiraz.borgi@forvia.com,celborgi@gmail.com,"celborgi@gmail.com,chborgi@gmx.de",chiraz.borgi@forvia.com,,+216 29 699 590,+216 29 699 590,+216 29 970 980,,https://www.linkedin.com/in/chiraze,,https://twitter.com/i/user/3608168597,,,,,Country Controlling and Finance Manager,FORVIA,,forvia.com,http://www.forvia.com,https://www.linkedin.com/company/forvia,,,,,TN,FORVIA,Country Controlling and Finance Manager,2021-09-01,Present,Centurion & Co.,Group CFO,2020-11-01,2021-09-01,STELIA Aerospace,Chief Financial Officer,2019-04-01,2020-09-01,Schlemmer Group,Controlling and Finance Manager,2017-04-01,2019-03-01,BEN JEMAA MOTORS (BMW -MINI Tunisie),Non Executive Director,2015-11-01,2017-03-01,Universität des Saarlandes,Master of Business Administration,,,,Masters,,,"Driving Results,Inventory Control,Pricing Strategy,FinTech,Cryptocurrency Regulation,Free Cash Flow,Enterprise Risk Management,Compliance Management,Injection Molding,Business Development,KPI Dashboards,supply chain industry,ERP Implementations,Consolidated Financial Statements,Business Intelligence Tools,SAP Implementation,Planning Budgeting & Forecasting,Profitability Analysis,Month-End Close Process,Cross-functional Team Leadership,Mergers and Acquisitions Analysis,Crisis Management,Conference Speaking,Content Management,Project Control,Mergers & Acquisitions (M&A),Business-Analyse,Forecasting,Management,Business Planning,Restructuring,Budgets,Strategy,Finance,Key Performance Indicators,Cash Flow Forecasting,Business Strategy,Accounting,Business Analysis,Cost Accounting,Analytical Skills,KPI,Internal Controls,Cash Flow,Change management,ERP,Project Planning,Strategic Planning,IFRS,Project Management,Budgeting,Human Resources,International Financial Reporting Standards (IFRS),Variance Analysis,Financial Analysis,Cash Management,Internal Audit,Financial Reporting,Automotive,Risk Management,Risk Assessment,SAP,Hyperion Enterprise,SAP Products,Microsoft Excel,Team Leadership,Negotiation,Intercultural Communication,Leadership,Team Management,Lucanet,Analysis,Management Consulting,Enterprise Resource Planning (ERP),International Financial Reporting Standards Ifrs,Sales,Microsoft Office,Enterprise Resource Planning Erp,International Financial Reporting Standards,Enterprise Resource Planning",,,,,1976,male,21,individual contributor,,Jysbtcbtcbtc,,,,,
38209859,Roman Farcy,Roman,Farcy,Verified emails found,2025-09-05 9:13:20,roman.farcy@cleverconnect.com,roman.farcy@cleverconnect.com,roman.farcy@gmail.com,"roman.farcy@cleverconnect.com,roman.farcy@gmail.com,roman.farcy@yahoo.fr",,,330682173659,,,,https://www.linkedin.com/in/roman-farcy-4b26b428,,,,,,,Group CFO,CleverConnect,"14, Rue Gaillon, Paris, Île-de-France 75002, FR",cleverconnect.com,http://www.cleverconnect.com/,https://www.linkedin.com/company/cleverconnect,France,,,,FR,CleverConnect,Group CFO,2025-01-01,Present,CleverConnect,Head of Corporate Development and Strategic Finance,2023-12-01,2025-02-01,CleverConnect,Head of M and A and Strategic Partnerships,2022-06-01,2023-12-01,PwC France,M and A Associate Director,2012-01-01,2022-06-01,GE Capital,Junior Risk Manager - EMEA HQ,2010-10-01,2011-11-01,Aix-Marseille Graduate School of Management - IAE,Master's degree,,,National Chengchi University,IMBA,,,"Mergers & Acquisitions (M&A),Fundraising,Due Diligence,Corporate Finance,Business Valuation,Private Equity,Bâle III,M&A analysis,Valuation,Project Management,Cross-border M&A,M&A Advisory Services,Blockchain,ICO,Financial Services,Fintech,Internal Controls,Banking,Financial Audits,Credit Risk,IFRS,French GAAP,Financial Analysis,Risk Management,Operational Risk,Auditing,Public Speaking,Strategy,Microsoft Office,Cross Border M&A",,,"General Electric Alumni,Block Chain and Crypto Currency,PricewaterhouseCoopers (PwC) employees and alumni - unofficial group,Banking Careers,National Chengchi University ??????,Financial Risk Management Network,FinTech Startups",,1990,male,14,cxo,C_suite,Jysbtcbtcbtc,,,,,
9665732,Bryan Landry,Bryan,Landry,Verified emails found,2025-09-05 9:13:17,blandry25@gmail.com,,blandry25@gmail.com,"blandry25@gmail.com,biannedartruff@gmail.com",,"bryan@pinkcloud.ai,bryan.landry@pinkcloud.ai,bryanlandry@pinkcloud.ai",8608030488,8608030488,"2198516168
8605280184",,https://www.linkedin.com/in/bryanlandrycpa,https://facebook.com/bryan.landry.50,,,,,,CFO | Co-founder,pinkcloud.ai,,pinkcloud.ai,https://www.pinkcloud.ai,https://www.linkedin.com/company/pinkcloud-ai,"New York, NY, US",New York,,NY,US,pinkcloud.ai,CFO | Co-founder,2023-12-01,Present,BSL Consulting,Fractional CFO | Co-founder,2011-06-01,Present,K&A Engineering Consulting,Global Head of Finance and Accounting,2020-03-01,2022-03-01,"Summit Financial Resources, Inc.",Wealth Management Adviser,2016-03-01,2018-07-01,Northwestern Mutual,Director - Financial Adviser,2009-06-01,2016-02-01,Stonehill College,Bachelor of Science - BS,,,University of Connecticut School of Business,Master of Science - MS,,,"Business Modeling,Financial Systems,Financial Leadership,Financial Systems Implementation,Annual Budgeting,Financial Regulation,Investor Relations,Financial Performance,Due Diligence,Ad Hoc Reporting,Managerial Finance,Leadership,Cash Management,Timelines,Presentations,Newsletters,Investment Banking,Teamwork,Internal and External Communications,External Communications,Strategic Counsel,Cross-functional Team Leadership,Executive Leadership,Employee Learning & Development,Charity Work,Mental Health Treatment,Mixed Reality,Addiction Recovery,New Business Development,Digital Strategy,Financial Forecasting,Healthcare,Entrepreneurship,Analytical Skills,Accounting,Financial Analysis,Strategic Planning,Blockchain,Capital Raising,Start-up Ventures,Corporate Finance,Generally Accepted Accounting Principles (GAAP),Planning Budgeting & Forecasting,Digital Transformation,Business Strategy,Start-ups,Finance and accounting,Portfolio Management,Project Management,Banking,Investments,Public Speaking,Insurance",,,,,1978,male,24,cxo,C_suite,Jysbtcbtcbtc,,,,,
23497021,Anubhav Bansal,Anubhav,Bansal,Verified emails found,2025-09-05 9:13:00,abansal@novonordisk.com,abansal@novonordisk.com,,,abansal@novonordisk.com,,+91 99306 90549,+91 99306 90549,+91 99092 02477,,https://www.linkedin.com/in/anubhav-bansal-904b2973,http://www.facebook.com/anubhav.bansal.96,,,,,,"Senior Finance Manager - FP and A, Indirect Tax, Operations Support",Novo Nordisk,"1 Novo Allé, Bagsvaerd, Capital Region 2880, DK",novonordisk.com,https://www.novonordisk.com,https://www.linkedin.com/company/novo-nordisk,"Bengaluru, KA, IN",Bengaluru,,KA,IN,Novo Nordisk,"Senior Finance Manager - FP and A, Indirect Tax, Operations Support",2021-01-01,Present,Novo Nordisk,Project Director,2024-01-01,2024-08-01,Novo Nordisk,Finance Director (STA),2023-05-01,2024-01-01,Novo Nordisk,"Finance Manager - FP and A, Indirect Tax, Operations Support",2019-02-01,2020-12-01,Novo Nordisk,"Finance Manager - Accounts, Tax, Treasury",2016-01-01,2019-01-01,The Institute of Chartered Accountants of India,,,,Institute of Company Secretaries of India,,,,"Accounting,Business Analytics,Auditing,External Audit,Assurance,Big 4,Internal Controls,Internal Audit,Financial Accounting,Tax,Financial Audits,Corporate Tax,Statutory Audit,Financial Statements,Statutory Accounting,IFRS,Financial Reporting,Financial Analysis,Variance Analysis,Consolidation,Leadership,Account Management,Microsoft Word,Teamwork,Project Management,Microsoft Office,Research,Customer Service,Finance,Microsoft Excel,SAP BI,Microsoft PowerPoint,Managerial Finance,Data Analytics,Management Accounting,Team Management,Budgeting,Operations Management,SAP ERP,Management Information Systems,Business Partner Support,Blockchain,Management,Working Capital Management,Microsoft Power Bi,Forecasting,P&l Management",,,"Companies Act 2013,Accounting professionals,Chief Financial Officer (CFO) Network - The #1 Group for CFOs,Ernst and Young Alumni,IFRS vs. US GAAP Differences and Practical issues....,India Tax Insights from EY,Technical Accounting Questions,EY Global,Finance Club",,1982,male,18,individual contributor,,Jysbtcbtcbtc,,,,,
73092257,Andy Hung,Andy,Hung,Verified emails found,2025-09-05 9:12:30,andy.hung@microsoft.com,andy.hung@microsoft.com,andyhung424@yahoo.com,"andy.hung@microsoft.com,andyhung424@yahoo.com",,,5106768442,,"5106767684
4087441348",,https://www.linkedin.com/in/andy-hung-cpa-18a3902,,,,,,,"Group Finance Manager - Mergers, Acquisitions, Venture Success - Finance",Microsoft,"1 Microsoft Way, Redmond, Washington 98052, US",microsoft.com,https://www.microsoft.com,https://www.linkedin.com/company/microsoft,"Fremont, CA, US",Fremont,,CA,US,Microsoft,"Group Finance Manager - Mergers, Acquisitions, Venture Success - Finance",2021-10-01,Present,Linkedin,"Senior Manager, Strategic Ventures and Technical Accounting",2017-08-01,2021-10-01,Linkedin,Manager of Technical Accounting,2015-06-01,2017-08-01,Silver Spring Networks,Revenue Accounting Manager,2013-07-01,2015-06-01,Atmel Corporation,Senior Revenue Analyst,2012-04-01,2013-07-01,Santa Clara University,,,,California State University - East Bay,Bachelors,,,"Semiconductors,Auditing,SOX 404,Revenue Recognition,SEC filings,Accounting,Sarbanes-Oxley Act,Internal Controls,US GAAP,Financial Accounting,Financial Reporting,CPA,General Ledger,GAAP,Sarbanes-Oxley,Finance,Financial Modeling,U.S. Generally Accepted Accounting Principles (GAAP),Blockchain,Mergers & Acquisitions (M&A),Due Diligence,Business Strategy,Career Management,Strategic Communications,Leadership,Generally Accepted Accounting Principles (GAAP),Financial Analysis,U.S. SEC Filings",,,,,1977,male,24,individual contributor,,Jysbtcbtcbtc,,,,,
114982805,Przemys?aw Mencel,Przemys?aw,Mencel,Verified emails found,2025-09-05 9:12:10,mencel71@gmail.com,,mencel71@gmail.com,mencel71@gmail.com,,"przemyslaw.mencel@mabion.eu,p.mencel@mabion.eu,pmencel@mabion.eu",,,,,https://www.linkedin.com/in/przemys?aw-mencel-fcma-cgma-a103aa2,,,,,,,Group Chief Financial Officer,TWITI Investments,,twiti.investments,http://twiti.investments/,https://www.linkedin.com/company/twiti-investments,"Warsaw, PL",Warsaw,5,,PL,TWITI Investments,Group Chief Financial Officer,2021-10-01,Present,Mabion S.A.,"Chairman of the Audit Committee, Member of the Supervisory Board",2024-06-01,Present,Cellis,Chief Financial Officer,2021-10-01,Present,Lipid Systems Sp. z o. o.,Chief Financial Officer,2021-10-01,Present,Eveline Cosmetics,Group Chief Financial Officer,2020-12-01,2021-09-01,Association of International Certified Professional Accountants,"CIMA, Fellow Chartered Management Accountants",,,Association of International Certified Professional Accountants,,,,"Business Planning,Managerial Finance,Business Strategy,Finance,Forecasting,Restructuring,Strategy,Financial Reporting,Strategic Planning,Corporate Finance,Strategic Financial Planning,Risk Management,Mergers & Acquisitions,Financial Modeling,Management Consulting,Competitive Analysis,Change Management,Tax,Project Management,Recruiting,Project Planning,FMCG,Logistics,Auditing,Business Development,Due Diligence,IFRS,Project Finance,Budgets,Business Analysis,Budgeting,Private Equity,Treasury,Consolidation,New Business Development,Internal Audit,Internal Controls,Start-ups,Management,Strategic Negotiations,Negotiation,Team Management,Leadership,Coaching,Cloud Applications,Power BI,Blockchain,Software as a Service (SaaS),BPM,Digital Transformation",,,,,1978,male,24,cxo,C_suite,Jysbtcbtcbtc,,,,,
35987363,Javier Sanz,Javier,Sanz,Verified emails found,2025-09-05 9:12:05,javier.sanz@bofa.com,javier.sanz@bofa.com,javierss.usa@gmail.com,"javier.sanz@bofa.com,javierss.usa@gmail.com,javiterzaga@hotmail.com",,,,,,,https://www.linkedin.com/in/javiersz,,,,,,,"Finance Manager, VP",Bank of America,"100 North Tryon Street, Charlotte, North Carolina 28202, US",bankofamerica.com,https://www.bankofamerica.com,https://www.linkedin.com/company/bank-of-america,"Charlotte, NC, US",Charlotte,,NC,US,Bank of America,"Finance Manager, VP",2024-01-01,Present,Bank of America,Senior Financial Analyst - Sales,2021-12-01,2024-01-01,Bank of America,Senior Financial Analyst - Revenue,2019-07-01,2021-12-01,DAZN,Customer Services - Analyst,2018-05-01,2019-07-01,Career Break,Relocation,2018-02-01,2018-05-01,IEB,,,,The London School of Economics and Political Science (LSE),,,,"Marketing Communications,Social Media,Microsoft Excel,Marketing Strategy,Account Management,Sales Management,Business Strategy,Microsoft Office,Derivatives,Inversiones,Bloomberg,Finance,Corporate Finance,SAP Products,Equities,Financial Markets,Finanzas,Equity Trading,Blockchain,Data Analysis,Salesforce,Visual Basic for Applications",,,,,1991,male,11,vp,Finance,Jysbtcbtcbtc,,,,,
732081,Ed Harding,Ed,Harding,Verified emails found,2025-09-05 9:12:03,edwardandrewharding@gmail.com,ed.harding@wearetig.com,edwardandrewharding@gmail.com,"edwardandrewharding@gmail.com,ed_harding@hotmail.com","ed.harding@wearetig.com,ed.harding@icaew.com","eharding@wearetig.com,edharding@icaew.com",44.7737400291,,,,https://www.linkedin.com/in/edharding,http://www.facebook.com/10156165901890066,https://twitter.com/edward_harding,,,http://www.angel.co/240097,,Interim CFO and COO,The IN Group,UK,wearetig.com,http://www.wearetig.com,https://www.linkedin.com/company/we-are-tig,"Hove, GB",Hove,,,UK,The IN Group,Interim CFO and COO,2024-03-01,Present,GUILD OF FREEMEN OF THE CITY OF LONDON,Freeman,2023-03-01,Present,ICAEW,Chairman - Chartered Accountants Compensation Scheme Ltd (CACS),2023-01-01,Present,CitNOW Group,Interim Chief Financial Officer - PE Backed,2022-11-01,2023-10-01,PHASTAR,Interim Chief Financial Officer - PE Backed,2021-07-01,2022-07-01,ICAEW,Fellow Chartered Accountant (FCA),,,Harvard University,,,,"Strategy,Mergers & Acquisitions,Business Transformation,Start-ups,Financial Services,Strategic Planning,Management,Change Management,Corporate Finance,Finance,Leadership,Due Diligence,Mergers,Team Building,Business Development,Management Consulting,Business Modeling,Venture Capital,Financial Modeling,Portfolio Management,Outsourcing,Investments,Governance,Finance Transformation,Insurance,Talent Management,Business Planning,Wealth Management,Acquisition Integration,Program Management,Retail Banking,Strategic Financial Planning,Hotels,Social Media,Turnaround Experience,Product Development,Innovation,Investment Management,Business Strategy,FinTech,Blockchain,Crowdfunding,Coaching,Cost Reduction,Financial Planning,Banking,Information Security,Human Resources,Start Ups,Negotiation,Mentoring,Regulatory Risk,Treasury Management,Harvard Exec Mba,Regulatory Policy,Disruptive Technologies,Risk Management,General Insurance,Chartered Accountant,Mergers and Acquisitions,Performance Improvement,See Linkedin,Disposal",,,"Financial Services Regulation,LSBU Alumni Network,API Banking,Private Wealth Management,ICAEW (Institute of Chartered Accountants in England and Wales),Boyden Interim Management,Mayor's International Business Programme,Banking Careers,Expats in Zurich - The Just Landed Expatriate Network,INTERIM FINANCE DIRECTORS,Harvard Business Review,Expats in Switzerland - The Just Landed Expatriate Network,DIGITALCFO - The Group For Finance & Tech-Minded Business Professionals,Consultants Network",,1972,male,18,cxo,C_suite,Jysbtcbtcbtc,,,,,
42619951,Bart Verbeek,Bart,Verbeek,Verified emails found,2025-09-05 9:11:52,bart.verbeek@gmail.com,bart.verbeek@mymesh.nl,bart.verbeek@gmail.com,"bart.verbeek@gmail.com,bart.verbeek@mymesh.nl",,,,,,,https://www.linkedin.com/in/bartverbeek1,,,,,,,Chief Financial Officer,Mymesh,"Noord-Holland, NL",mymesh.nl,https://mymesh.nl/,https://www.linkedin.com/company/mychess,"Haarlem, NH, NL",Haarlem,,NH,NL,Mymesh,Chief Financial Officer,2025-01-01,Present,Bart Verbeek Strategy,Freelance Digital Transformation,2024-01-01,Present,Bart Verbeek Photography,Freelance Photographer,2023-01-01,Present,smart Europe GmbH,Freelance development stream lead,2024-01-01,2025-01-01,Philips,Chief Product Owner Digital Marketing and eCommerce D2B,2022-05-01,2023-12-01,Vrije Universiteit Amsterdam,Master of Science (MSc),,,Vrije Universiteit Amsterdam,Premaster Business Administration,,,"Risk Management,Change Management,Entrepreneurship,Finance,Banking,Accounting,Marketing Communications,Corporate Finance,Management Consulting,Financial Risk,Business Strategy,Financial Reporting,Project Management,Modifying,Sports,Operational Risk Management,Photography,Sales,Crypto,Ski,Managerial Finance,Crisis Management,Communication,Workshops,Retail,Project,Skiing,C,Retail Banking,Training,Stress Management,Lean Manufacturing,Internal Controls,Privacy Law,Reporting,ICM,Business Administration,Snowboarding,Mobile Applications,Microsoft Word,Web Analytics,Sourcing,Campaign Management,Microsoft Excel,Optimization,Flexible,PMO,Microsites,Scrum,Black Belt,Campaigns,Concerts,SEO,Legal Advice,Marketing,Business Development,Data Conversion,Payments,Marketing Strategy,SEPA,Digital Activation,Co Creation,Dutch,Procurement,Process Optimization,Surf,Project Planning,Lean Startup,Surfing,Consulting,Forms,CRM,Golang,Perspective,Philips,Active,Design,Winter Sports,Project Coordination,Operations,Stakeholder Management,Structured Finance,Film,Msc,Management,Responsibility,Meetings,Hosting,Racing,HTTPS,Assessment,ORM,Six Sigma,Customer Service,Evaluation,Decision Making,Coordination,Context,Ing,Amsterdam,Mobile Banking,PRINCE2,Financial Services,Cost Engineering,LinkedIn,Vault,Powder,Travel,Affinity,Business Services,Digital Marketing",,,"Ordina Consulting Finance - Payments,de vrienden van Vonken 2028,Philips Consumer Lifestyle,SportMarketing and Sponsoring Holland,BVVS - Businessclub Vrienden van Speco",,1985,male,16,cxo,C_suite,Jysbtcbtcbtc,,,,,
68383194,Gerardo Delgadillo Diaz,Gerardo,Diaz,Verified emails found,2025-09-05 9:11:52,gdelgadillo@grupocapem.com,gdelgadillo@grupocapem.com,gerax13@gmail.com,"gdelgadillo@grupocapem.com,gerax13@gmail.com",,"gdelgadillo@billpocket.com,gerardo.delgadillo@billpocket.com",3316716736,,,,https://www.linkedin.com/in/gerardo-delgadillo-diaz-6a348a3,,,,,,,Group CFO,Grupo CAPEM,"Calle Bajada de las Aguilas # 1240, Zapopan, Jalisco 45129, MX",grupocapem.com,http://grupocapem.com,https://www.linkedin.com/company/grupo-capem,"Guadalajara, Jal., MX",Guadalajara,,,MX,Grupo CAPEM,Group CFO,2022-09-30,Present,Billpocket,Head of Finance and Chief Financial Officer,2020-01-01,Present,Plantlogic LTD,Global Chief Financial Officer,2018-01-01,2020-01-01,Dalton Efectivo Seguro,Corporate Finance Manager Senior,2017-01-01,2018-01-01,Weber-Stephen Products LLC,General Controller Mexico,2014-01-01,2016-01-01,Copenhagen Business School,Master,,,Dalhousie University,MBA Exchange Program,,,"Forecasting,Strategic Planning,Financial Reporting,Risk Management,Accounting,Budgets,Business Planning,Finance,Financial Analysis,Internal Controls,Cost Accounting,Strategic Financial Planning,Project Management,Consolidation,Managerial Finance,US GAAP,Internal Audit,Business Development,Business Analysis,Financial Audits,Corporate Finance,Financial Risk,Human Resources,Mergers & Acquisitions,Budgeting,Business Strategy,Analysis,Financial Modeling,Cash Management,Strategy,Pricing,ERP,Business Intelligence,Sarbanes-Oxley Act,Business Process Improvement,Financial Planning,Value Stream Mapping,Treasury,SAP,Hyperion Enterprise,Leadership,Negotiation,Management,Team Leadership,Analytical Abilities,Proactivity,Transfer Pricing,Six Sigma,Blockchain,Emotional Intelligence,Analytical Skills,Multicultural Team Management,Customer Relations,Lean Manufacturing,Treasury Management,Sarbanes Oxley Act,Mergers and Acquisitions,Sales,Marketing,Sales Management,Talent Management",,,,,1979,male,19,cxo,C_suite,Jysbtcbtcbtc,,,,,
22549621,Gregory Barrett,Gregory,Barrett,Verified emails found,2025-09-05 9:11:33,gregorybarrett@gmail.com,gregory@wgny.co,gregorybarrett@gmail.com,"gregorybarrett@gmail.com,gbarrett03@hotmail.com,gbarrett@att.net",gregory@wgny.co,gregory.barrett@wgny.co,773-412-1121,773-412-1121,"4046540567
3175761981
920-467-1250
630-290-0499",(347) 834-7378,https://www.linkedin.com/in/gregpbarrett,http://www.facebook.com/gb317,https://twitter.com/gb317,,,,,Director of Finance And Operations,Bronx Children's Museum,"PO Box 1381, Bronx, New York 10451, US",bronxchildrensmuseum.org,http://bronxchildrensmuseum.org,https://www.linkedin.com/company/bronx-childrens-museum,"New York, NY, US",New York,,NY,US,Bronx Children's Museum,Director of Finance And Operations,2025-04-01,Present,Wells Group of New York/Self-Employed,Fractional CFO-Controller Consultant,2023-11-01,Present,Formation Bio,Corporate Controller,2022-09-01,2023-11-01,Bolt Threads,Corporate Controller,2019-09-01,2021-10-01,Color Genomics,Controller,2017-12-01,2019-09-01,Morehouse College,,,,University of Notre Dame - Mendoza College of Business,,,,"Startups,Financial Planning,Forecasting,Financial Modeling,Financial Analysis,Accounting,Mergers,Due Diligence,Strategic Financial Planning,Financial Reporting,Budgets,Corporate Finance,Process Improvement,Valuation,Finance,Sarbanes-Oxley Act,Cost Accounting,US GAAP,Internal Controls,SEC filings,Auditing,Mergers & Acquisitions,Management,Business Process Improvement,Budgeting,Revenue Recognition,Start-ups,Leadership,International Business,Medical Devices,Pharmaceutical Industry,Private Equity,Financial Accounting,Generally Accepted Accounting Principles (GAAP),Microsoft Excel,Variance Analysis,Inventory Accounting,Headcount Management,Financial Systems Implementation,Compensation & Benefits,Internal Control Implementation,QuickBooks,NetSuite,JD Edwards,Bill.com,Certified Public Accounting (CPA),Cryptocurrency,MBA,Analysis,Mergers and Acquisitions,Sarbanes Oxley Act,Project Management,Strategic Planning,Strategy,Sales,Marketing,Start Ups,Compensation and Benefits,Generally Accepted Accounting Principles Gaap,Generally Accepted Accounting Principles",,,,,1985,male,17,director,Finance,Jysbtcbtcbtc,,,,,
716269434,Svitlana Kotylko,Svitlana,Kotylko,Verified emails found,2025-09-05 9:11:24,svetlanakotylko@gmail.com,,svetlanakotylko@gmail.com,svetlanakotylko@gmail.com,,"svitlana@ndareg.com,svitlanakotylko@ndareg.com,svitlana.kotylko@ndareg.com,skotylko@ndareg.com",,,,,https://www.linkedin.com/in/svitlana-kotylko-b972b934,,,,,,,Chief Financial Officer,Creative international school,,,,,Ukraine,,,,UA,Creative international school,Chief Financial Officer,2019-01-01,Present,NDA,Chief Financial Officer,2022-12-01,Present,Competera Pricing Platform,Head of Finance and Legal,2018-01-01,2019-01-01,Amadeus,Head Of Finance,2008-10-01,2017-11-01,IATA,Consultant on Finance,2006-09-01,2007-06-01,Kyiv National Taras Shevchenko University,Master's degree,,,Taras Shevchenko National University of Kyiv,Bacelor,,,"Annual Planning,Financial Statements,Cost Control,Planning Budgeting & Forecasting,Crypto,KPI Dashboards,Intellectual Property,Budgeting,Financial Controlling,Automation,Team Management,New Business Development,Process Improvement,Corporate Development,Financial Modeling,Financial Analysis,Corporate Finance,Financial Reporting,Financial Accounting,Business Strategy,Business Planning,Business Analysis,Strategic Planning,Managerial Finance,Financial Audits,IFRS,Forecasting,Mergers & Acquisitions,ERP,Agile Project Management,International Financial Reporting Standards (IFRS),Transfer Pricing,Consolidated Reporting,Budgeting & Forecasting,Start-ups,Business Development,Cash Flow",,,,,,,23,cxo,C_suite,Jysbtcbtcbtc,,,,,
71513720,Ilias Malioukis,Ilias,Malioukis,Verified emails found,2025-09-05 9:11:18,genralus@gmail.com,,genralus@gmail.com,genralus@gmail.com,,imalioukis@alphabank.ro,,,,,https://www.linkedin.com/in/iliasmalioukis,,,,,,,Chief Financial Officer,Alpha Bank Romania,RO,alphabank.ro,http://www.alphabank.ro,https://www.linkedin.com/company/alpha-bank-romania,"Bucharest, Romania",,,,RO,Alpha Bank Romania,Chief Financial Officer,2023-07-01,Present,Alpha Bank Romania,Treasurer,2014-11-01,2023-06-01,Alpha Bank Bulgaria,Treasurer,2011-02-01,2014-10-01,Financial Training,Instructor,2012-01-01,2012-11-01,Alpha Bank,Treasury Development Manager,2007-09-01,2011-01-01,CFA Institute,Passed all 3 CFA levels exams,,,Athens University of Economics and Business,Master of Business Administration (M.B.A.),,,"Treasury,Banking,Treasury Management,FX Options,Corporate Finance,Financial Risk,Market Risk,Derivatives,Risk Management,Capital Markets,Portfolio Management,Investment Banking,Trading,Retail Banking,Investments,Financial Markets,Strategic Planning,Commercial Banking,Payments,FX trading,Bonds,Project Management,Fixed Income,Strategic Communications,Investment Strategies,Cash Management,Financial Analysis,Business Strategy,Finance,Digital Banking,Strategy,Blockchain,Management,Negotiation,Critical Thinking,Team Management,Problem Solving,Money Market,Liquidity Management,ALM,Liquidity,FX Hedging,Interest Rate Risk Management,Interest Rate Swaps,Interest Rate Derivatives,Swaps,Structured Products,FinTech,Digital Innovation,Balance Sheet",,,,,1982,male,20,cxo,C_suite,Jysbtcbtcbtc,,,,,
368353127,Jordon Orozco,Jordon,Orozco,Verified emails found,2025-09-05 9:11:13,jordon.orozco@wealthfactory.com,jordon.orozco@wealthfactory.com,,jordon.orozco@wealthfactory.com,,,8012661940,,,,https://www.linkedin.com/in/jordon-orozco-256aa3177,,,,,,,CFO,Exalt Beauty Lounge,,,,,"Salt Lake City, UT, US",Salt Lake City,,UT,US,Exalt Beauty Lounge,CFO,2023-06-01,Present,Wealth Factory,Sales Director,2021-01-01,Present,Wealth 212,Account Executive,2019-12-01,2021-01-01,Clearlink,Sales Associate,2018-06-01,2019-04-01,University of Utah Utes Football,Student Athlete,2017-05-01,2019-04-01,University of Utah - David Eccles School of Business,Business Scholars,,,Murray High School,High School Diploma,,,"Sales Prospecting,Lead Generation,B2C,Demos,Sales Process,direct sales,Cold Calling,Door to Door,Working with Investors,Cryptocurrency,Residential Real Estate,Google Suite,Microsoft Excel,Microsoft Office,Sales,Crypto,Communication",,,,,2000,male,8,cxo,C_suite,Jysbtcbtcbtc,,,,,
65720835,Eva Wang,Eva,Wang,Verified emails found,2025-09-05 9:10:51,ededeva@gmail.com,ewang@bitdefender.com,ededeva@gmail.com,"ededeva@gmail.com,evawang0709@hotmail.com",ewang@bitdefender.com,,,,,,https://www.linkedin.com/in/eva-jenyu-wang,https://facebook.com/eva.wang.79656921,,,,,,"Senior Finance Manager, APAC",Bitdefender,"15a Orhideelor Road Orhideea Towers, Bucharest, Bucuresti 060071, RO",bitdefender.com,https://www.bitdefender.com/?cid=soc%7Cc%7Clkdn%7CLkdnAbout,https://www.linkedin.com/company/bitdefender,Singapore,,,,SG,Bitdefender,"Senior Finance Manager, APAC",2025-05-01,Present,Bitdefender,Corporate Development,2023-08-01,2025-04-01,Horangi Cyber Security - a Bitdefender company,Corporate Finance and Investor Relations Manager,2021-08-01,2024-08-01,Spruceview Capital Partners LLC,"Investment Analyst, focused on private equity",2019-02-01,2021-07-01,KGI Securities,Investment Banking Assistant Manager,2014-09-01,2017-06-01,Zicklin School of Business,Master of Business Administration - MBA,,,National Taiwan University,Bachelor of Business Administration - BBA,,,"Investor Relations,Mergers & Acquisitions (M&A),Fundraising,Investment Analysis,Financial Analysis,Due Diligence,Financial Modeling,Analysis,Finance,Market Research,Data Analysis,Financial Accounting,Project Management,Private Equity,Valuation,Business Analysis,Research,Accounting,Bloomberg,Microsoft Excel,Microsoft Office,Excel,PowerPoint,Microsoft Word,S&P Capital IQ,Python (Programming Language),Tableau,Blockchain,Microsoft PowerPoint,SQL,Teamwork,Team Leadership,Communication,English,Mandarin,French,Financial Statemet Analysis,TEJ,Fund Performance Analysis,Financial & Operational Modeling,Pitch Books,FactSet,iLEVEL",,,,,1991,female,10,senior,Finance,Jysbtcbtcbtc,,,,,
27780167,Jason Bartlett,Jason,Bartlett,Verified emails found,2025-09-05 9:10:35,jbartlett@avaenergy.org,jbartlett@avaenergy.org,,jbartlett@avaenergy.org,,,5105672709,,,,https://www.linkedin.com/in/jbbartlett,https://facebook.com/jasonbbartlett,,,,,,Senior Finance Manager,East Bay Community Energy,"1999 Harrison St. Suite 2300, Oakland, California 94612, US",avaenergy.org,http://avaenergy.org/,https://www.linkedin.com/company/poweredwithava,"Clayton, CA, US",Clayton,,CA,US,East Bay Community Energy,Senior Finance Manager,2022-07-01,Present,East Bay Community Energy,Finance Manager,2018-10-01,2022-08-01,Oakland Unified School District,Business Process Administrator,2016-03-01,2018-10-01,Commercial Energy of California,Lead Business Risk Analyst,2014-10-01,2016-03-01,Bartle Wells Associates,Financial Analyst,2011-01-01,2014-09-01,"University of California, Berkeley",Master's of Science (MS),,,Goldman School of Public Policy,Master of Public Policy (MPP),,,"Leadership,Laboratory,PowerPoint,Public Speaking,Economics,Policy Analysis,Matlab,Financial Modeling,Data Analysis,Forecasting,Government,Finance,Commission,Energy,Strategic Planning,Strategy,Utilities,Public Policy,Microsoft Office,Strategic Financial Planning,Energy Policy,Microsoft Word,Program Management,Microsoft Excel,Risk Management,Program Evaluation,VBA,Policy,Customer Service,JavaScript,Financial Analysis,Business Intelligence,Blockchain,Budgets,SQL,Python,Management,Research,Capital,Statistics,Analysis",,,,,1987,male,18,senior,Finance,Jysbtcbtcbtc,,,,,
716721558,Frederick Welston,Frederick,Welston,Verified emails found,2025-09-05 9:10:32,frederickwelston@gmail.com,,frederickwelston@gmail.com,,frederickwelston@gmail.com,welston@algoostrategies.org,,,,,https://www.linkedin.com/in/frederick-welston-phd-b86476211,,,,,,,Chief Financial Officer and portfolio manager,Algoo Strategies,"Zürich, Zurich 8099, CH",algoostrategies.org,https://algoostrategies.org,https://www.linkedin.com/company/algoostrategies,"Belleville, NJ, US",Belleville,,NJ,US,Algoo Strategies,Chief Financial Officer and portfolio manager,2021-07-01,Present,eToro,Senior Fund Manager,2020-03-01,2021-02-01,RIA Database,Head Portfolio Manager and Dir. of Research,2016-08-01,2019-01-01,Goldman Sachs,Algorithmic Trader,2015-07-01,2016-03-01,,,,,The University of Manchester,Doctor of Philosophy - PhD,,,"Columbia College, Columbia University",Master of Business Administration - MBA,,,"Statistical Data Analysis,Trading Systems,Ethereum,Automated Trading,Algorithm Design,Asset Management,Investments,Blockchain,Algorithmic Trading,Asset Allocation,High-Frequency Trading,Portfolio Management,Project Management,Data Structures,Quantitative Analytics,Microsoft Excel,Due Diligence,Asset Pricing,Trading,Networking,Human Resources (HR),Accounting,Recruiting,Business Planning,Real Estate,Teaching",,,,,,male,8,cxo,Finance,Jysbtcbtcbtc,,,,,
389829367,Frédéric Houle,Frédéric,Houle,Verified emails found,2025-09-05 9:10:15,fhoule@corflex.ca,fhoule@corflex.ca,frederichoule@gmail.com,fhoule@corflex.ca,frederichoule@gmail.com,,,,,(877) 410-2422,https://www.linkedin.com/in/frédéric-houle,,,,,,,CFO and General Manager,Corflex,"10 rue Poissant, Delson, Quebec J5B 2J1, CA",corflex.ca,http://www.corflex.ca,https://www.linkedin.com/company/corflex,Canada,,,,CA,Corflex,CFO and General Manager,2023-06-01,Present,Edgegap,Board Member,2020-01-01,Present,St. Johns Packaging (Emballage St-Jean Ltée),Chief Financial Officer,2013-01-01,2023-05-01,St. Johns Packaging (Emballage St-Jean Ltée),Managing Director,2014-12-01,2018-12-01,St. Johns Packaging (Emballage St-Jean Ltée),Director of Finance,2011-09-01,2012-12-01,HEC Montreal,Master,,,HEC Montreal,Master,,,"Manufacturing,Supply Chain Management,Operations Management,Continuous Improvement,Restructuring,Purchasing,Legal Compliance,Purchasing Negotiation,Project Management,Cross-border Transactions,IT Management,Aerospace,International Project Management,International Relations,Consolidation,International Business,Logistics Management,Financing,SAP ERP,Contract Negotiation,Team Management,Debt & Equity Financing,Buyouts,Turnaround Experience,FX Hedging,Multi-currency,Microsoft Dynamics ERP,Plastics Industry,Process Improvement,Blown Film Extrusion,Agricultural Machinery,Interest Rate Risk Management,Growth Management,Cash Flow Management,Aerospace Manufacturing,Resin,Food Packaging,China Manufacturing,Vietnam manufacturing,Radius,MRP implementation,Mexico manufacturing,Blockchain",,,,,,male,30,cxo,C_suite,Jysbtcbtcbtc,,,,,
71066004,Dragana Tomovska,Dragana,Tomovska,No emails found,2025-09-05 9:10:11,,,,,,,,,,,https://www.linkedin.com/in/dragana-tomovska-7b733959,,,,,,,Chief Financial Officer,AgentChain,"Sarasota, Florida 34236, US",agentchain.io,https://www.agentchain.io,https://www.linkedin.com/company/agentchain,"Sarasota, FL, US",Sarasota,,FL,US,AgentChain,Chief Financial Officer,2023-07-01,Present,"JPMorgan Chase Bank, N.A.",Private Client Banker,2017-05-01,Present,BB&T,Community Banking Branch Banker IV,2014-12-01,2017-05-01,Stopanska banka AD - Skopje,Trade Finance Officer,2009-12-01,2014-11-01,Stopanska banka AD - Skopje,Corporate lending Intern,2008-02-01,2008-07-01,Purdue University Global,Master of Business Administration - MBA,,,College for Financial Planning,CFP Candidate,,,"Loan Processing,Mortgage Lending,Small Business,Small Business Lending,Small Business Consulting,Account Management,Data Analysis,Analytical Skills,Financial Analysis,Business Analysis,Commercial Lending,Loans,Underwriting,Mortgage Underwriting,Credit Underwriting,Investor Relations,Sales,Financial Operations,Administration,Retail,FinTech,Web3,Blockchain,Commercial Banking",,,,,1986,female,16,cxo,C_suite,Jysbtcbtcbtc,,,,,
255728173,Alexander Bracht,Alexander,Bracht,Verified emails found,2025-09-05 9:10:03,alexbracht1127@gmail.com,,alexbracht1127@gmail.com,alexbracht1127@gmail.com,,,3038077513,,,,https://www.linkedin.com/in/alex-bracht-cpa,,,,,,,Land Acquisition and Finance Manager,Trumark Homes,"3001 Bishop Dr, San Ramon, California 94583, US",cmmun.it,https://cmmun.it/43kEE7g,https://www.linkedin.com/company/trumark-homes,"Denver, CO, US",Denver,80219,CO,US,Trumark Homes,Land Acquisition and Finance Manager,2022-08-01,Present,Richmond American Homes,Land Acquisition Manager,2021-04-01,2022-06-01,Richmond American Homes,Senior Financial Analyst,2020-03-01,2021-04-01,KPMG,Audit Associate,2018-08-01,2020-02-01,,,,,Colorado State University,Master's degree,,,Colorado State University,Bachelor's degree,,,"Financial Analysis,Land Acquisition,Team Management,Creative Writing,Residential Land Development,Residential Real Estate,Contract Negotiation,Homebuilding,Financial Statement Analysis,Proformas,Cryptocurrency,Investment Portfolios",,,,,1995,male,6,individual contributor,,Jysbtcbtcbtc,,,,,
27477073,Michael LEVY,Michael,LEVY,Verified emails found,2025-09-05 9:09:35,michael@klub.ki,michael@klub.ki,micalevy2001@yahoo.fr,"michael@klub.ki,micalevy2001@yahoo.fr",michael@foundation.ki,mlevy@foundation.ki,,,,,https://www.linkedin.com/in/michael-levy-94017a34,,,,,,,Co-Founder and CFO @ Klub,Klub by Ki,"Paris, Île-de-France, FR",klub.ki,https://klub.ki/,https://www.linkedin.com/company/joinklub,"London, GB",London,,,UK,Klub by Ki,Co-Founder and CFO @ Klub,2020-10-01,Present,Ki Foundation,CFO @ Ki Foundation,2020-03-01,Present,London Stock Exchange Group (LSEG),CDS clearing projects expert and Risk Management,2015-09-01,2020-02-01,Natixis,Desk XVA (CVA and DVA and FVA),2014-07-01,2015-08-01,European Central Bank,"Structured Products and Asset Backed Securities : CEPH ""Common European Pricing Hub""",2010-07-01,2014-06-01,NEOMA Business School,Master of Science (MSc) in Finance,,,Centre International de Valbonne,Preparatory classes for Top Business School contest,,,"Banking,Risk Management,Financial Markets,Derivatives,Calypso,Murex,Sophis,Finance Kit,Bloomberg,Asset Backed Securities,Consulting,Finance,Corporate Finance,Credit Risk,Market Risk,Hedging,Hedge Funds,Strategy,Project Management,Change Management,Capital Markets,Financial Analysis,Basel II,Basel III,Structured Finance,Structured Products,Entrepreneurship,VBA,SQL,SPSS,SAS,Equity Derivatives,Credit Derivatives,Valuation,PMO,International Trade,International Business,Mergers & Acquisitions,Central Banks,Unix,CVA,Gestion des risques,Produits dérivés,Clearing,Mergers and Acquisitions,Business Development,Analysts,Social Media,Blockchain,Team Management,Program Management,Training,Data Mining,R,Sales,Cryptocurrency,Developers",,,,,1979,male,21,owner,,Jysbtcbtcbtc,,,,,
26397403,Valentin Socaci,Valentin,Socaci,Verified emails found,2025-09-05 9:09:33,valentin@two3labs.com,valentin@two3labs.com,,valentin@two3labs.com,,,,,,,https://www.linkedin.com/in/valentin-socaci-71a9867b,,,,,,,Chief Financial Officer,Two3 Labs,,two3labs.com,http://www.two3labs.com/,https://www.linkedin.com/company/two3-labs,Romania,,,,RO,Two3 Labs,Chief Financial Officer,2022-10-01,Present,Suit Accounting,Managing Partner,2014-09-01,2024-07-01,CryptoCoin.Pro,CEO,2017-11-01,2019-10-01,IPSX,CFO,2017-10-01,2019-10-01,Fundatia Culturala ARTEX,Assistant Manager,2014-04-01,2015-08-01,Academia de Studii Economice din Bucure?ti,Master's degree,,,Academia de Studii Economice din Bucure?ti,Licentiate degree,,,"Microsoft Excel,Startups,Business Development,Strategy,Leadership,Sales,Strategic Partnerships,Business Strategy,Executive Management,Strategic Planning,Mergers and Acquisitions,Business Planning,Microsoft Office,Financial Reporting,Trello,JIRA,Management,Project Management,Team Management,Finance,Initial Coin Offerings,Financial Analysis,Cryptocurrency,Management Consulting,Blockchain",,,,,1988,male,16,cxo,C_suite,Jysbtcbtcbtc,,,,,
745977095,Manish Gupta,Manish,Gupta,Verified emails found,2025-09-05 9:09:27,manish.gupta@chicrdc.com,manish.gupta@chicrdc.com,man150780@yahoo.com,"manish.gupta@chicrdc.com,man150780@yahoo.com,camanish.gupta@outlook.com,man150780@gmail.com",,,2144170806,,959963056716,,https://www.linkedin.com/in/coach-manish-gupta-hospitility,,,,,,,Chief Financial Officer,Compagnie Hoteliere et Immobiliere du Congo (CHIC),"Kinshasa, CD",chicrdc.com,https://www.chicrdc.com,https://www.linkedin.com/company/compagnie-hoteliere-et-immobiliere-du-congo-chic,"Yangon, MM",Yangon,,,MM,Compagnie Hoteliere et Immobiliere du Congo (CHIC),Chief Financial Officer,2025-06-01,Present,eHotel Management School,Founder,2018-12-01,2025-07-01,Htoo Hospitality (HH),Chief Financial Officer,2017-01-01,2025-05-01,LesGo,Startup Mentor,2024-04-01,2025-04-01,Coursera,Course Instructor,2023-10-01,2025-03-01,The Institute of Chartered Accountants of India,Chartered accountant,,,Institute of Company Secretaries of India,ICSI,,,"Project Management,Profit & Loss Management,Data Analysis,Cross-functional Team Leadership,Team Building,Cost Management,Revenue Management,Hotel Management,Operations Management,Team Leadership,Quality Assurance,Customer Service,Startups,E-Learning,Instructional Design,Business Development,Classroom Instruction,Financial Reporting,Financial Statements,Business Strategy,Accounting,Auditing,Finance,Managerial Finance,Tax,Budgets,Hospitality Management,Forecasting,Accounts Receivable,Budgeting,Internal Audit,Risk Assessment,Financial Analysis,Audit,Business Planning,MIS,Management Information Systems (MIS),Management,Training,Executive Coaching,Hospitality Industry,Financial Management,Analytical Skills,Leadership,Team Management,Teaching,Mentoring,Marketing,Consulting,Coaching,Business Intelligence (BI),International Financial Reporting Standards (IFRS),Budget Management,Planning Budgeting & Forecasting,SWOT analysis,Data Visualization,Presentation Design,Marketing Strategy,Product Segmentation,Bootstrapping,Entrepreneurship,Start-ups,Pricing Strategy,Value Based Selling,Pricing Optimization,Blockchain,Key Performance Indicators",,,,,,,23,cxo,C_suite,Jysbtcbtcbtc,,,,,
7325366,Bill Martens,Bill,Martens,Verified emails found,2025-09-05 9:09:22,bmartens@iesabroad.org,bmartens@iesabroad.org,martensw@hotmail.com,"bmartens@iesabroad.org,martensw@hotmail.com",,,8472240887,,"3129441750
8477141006",,https://www.linkedin.com/in/bill-martens-0891116,,,,,,,Vice President of Finance and CFO,IES Abroad,"33 W. Monroe Ste. 2300, Chicago, Illinois 60603, US",iesabroad.org,http://www.iesabroad.org,https://www.linkedin.com/company/iesabroad,"Chicago, IL, US",Chicago,,IL,US,IES Abroad,Vice President of Finance and CFO,1999-03-01,Present,Ernst & Young,Consultant,1996-02-01,1998-03-01,"Blunt, Ellis & Loewi / PaineWebber / AG Edwards",Investment Analyst and Manager,1982-03-01,1994-03-01,,,,,,,,,Wisconsin School of Business,Master,,,University of Wisconsin-Milwaukee,BA,,,"Accounting,Management,International,Investments,Financial Modeling,Banking,Debt Management,Tax,Strategic Planning,Budget,Budget Monitoring,Cash Management,Nonprofits,Financial Analysis,Financial Reporting,Budgets,Fundraising,Foreign Currency,Program Development,Negotiation,Public Speaking,Contract Negotiation,Leadership,Finance,Microsoft Office,Microsoft Excel,Customer Service,Cryptocurrency,Foreign Exchange Fx Trading,Foreign Exchange Fx Options,Foreign Exchange Trading,Foreign Exchange Options",,,"Wisconsin Business Alumni ® (Official),IES Abroad",,1962,male,40,vp,Finance,Jysbtcbtcbtc,,,,,
236018812,Chig Cheng,Chig,Cheng,Verified emails found,2025-09-05 9:09:17,johnnyc@chi-med.com,johnnyc@chi-med.com,,,johnnyc@chi-med.com,,,,,,https://www.linkedin.com/in/chig-fung-cheng-4b46b944,,,,,,,Executive Director and Chief Financial Officer,Chi-Med (Hutchison China MediTech),HK,hutch-med.com,https://www.hutch-med.com,https://www.linkedin.com/company/hutchmed,Hong Kong,,,,HK,Chi-Med (Hutchison China MediTech),Executive Director and Chief Financial Officer,2008-07-01,Present,Bristol-Myers Squibb China,Vice President Finance,2006-08-01,2008-07-01,Nestle China Ltd,Group Controller Milks and Infant Nutrition,2004-08-01,2006-08-01,Nestle Dongguan Ltd,Accounting and Control Manager,2002-09-01,2004-08-01,Nestle Hong Kong Ltd,Controller HK Grocery,2001-04-01,2002-09-01,University of Adelaide,Bc Economics,,,IMD,,,,"IPO,Board of Directors,Public Companies,Mergers & Acquisitions,Financial Management,Investor Relations,Corporate Finance,Restructuring,Financial Operations,Accounting,Financial Reporting,Cost Accounting,Internal Controls,SOX,Financial Analysis,Forecasting,Cash Management,Cash Flow,Financial Accounting,Budgeting,Due Diligence,Auditing,Financial Planning,Financial Control,Tax,US GAAP,Financial Modeling,Consolidation,Board Presentations,General Ledger,Cash Flow Management,IFRS,Business Planning,Technical Accounting,Cash Flow Forecasting,Variance Analysis,Treasury Management,Capital Budgeting,Body Language,Visual Communication,Executive Leadership,Organizational Leadership,Big Data,Blockchain,Databases,Cloud Security,Healthcare Industry,Web Application Security,Penetration Testing,Diversity & Inclusion,Generative AI,Large Language Models (LLM)",,,,,1967,male,27,cxo,C_suite,Jysbtcbtcbtc,,,,,
1176357,Reji Eapen,Reji,Eapen,Verified emails found,2025-09-05 9:09:15,reji.eapen@gmail.com,reji@elephantadvisory.com.au,reji.eapen@gmail.com,"reji.eapen@gmail.com,reji@elephantadvisory.com.au,reji_eapen@hotmail.com",,,214-208-2916,214-208-2916,"+61 410 260 056
+55 21 99933-0430
+61 404 271 877
61.410260056
+61 2 9324 3848
+61 2 9324 3277
+61 2 9226 5978
+852 5495 0489",,https://www.linkedin.com/in/rejieapen,http://www.facebook.com/rejieapen,https://twitter.com/rejieapen,,https://www.crunchbase.com/person/reji-eapen,,,"Director, CFO Advisory",Elephant Advisory,"12/475 Blackburn Rd, Mount Waverley, Victoria 3149, AU",elephantadvisory.com.au,http://www.elephantadvisory.com.au,https://www.linkedin.com/company/elephant-advisory,"Melbourne, VIC, AU",Melbourne,,VIC,AU,Elephant Advisory,"Director, CFO Advisory",2023-06-01,Present,Finance in Tech,Founding Member,2020-07-01,Present,Elephant Teams,Director of Operations,2023-06-01,2024-04-01,Career Break,Personal goal pursuit,2023-02-01,2023-06-01,Cointree,Chief Financial Officer,2022-01-01,2023-02-01,CFA Institute,,,,Macquarie University,,,,"Enterprise Risk Management,Strategic Leadership,Executive Leadership,Board Level,Budget Analysis,Property Accounting,Management Accounting,Investment Planning,Financial Regulations,Budgeting,Key Metrics,Variance Analysis,Quarterly Reporting,Managing Meetings,Financial Results,Financial Data,Financial Planning,Business Metrics,Financial Oversight,Business Transformation,Financial Accounting,Board Advisory Services,Cryptocurrency Regulation,Offshoring,Accounting,CFO,Bookkeeping,Financial Modeling,Valuation,Equities,Forecasting,Corporate Finance,Equity Valuation,Equity Research,Mergers & Acquisitions,Investments,Financial Analysis,Fundamental Analysis,Capital Markets,Business Valuation,Bloomberg,Investment Banking,Entrepreneurship,Lean Startup,Finance,Angel Investing,Microsoft Word,Management,Business Strategy,PowerPoint,Sales,Mining,Mergers and Acquisitions,Venture Capital",,,,,1984,male,18,director,C_suite,Jysbtcbtcbtc,,,,,
17387172,Anja Pukl,Anja,Pukl,Verified emails found,2025-09-05 9:08:51,anja.pukl@zebrabi.com,anja.pukl@zebrabi.com,anjapukl@gmail.com,"anja.pukl@zebrabi.com,anjapukl@gmail.com",,,,,,+386 41 770 044,https://www.linkedin.com/in/anja-pukl-8b99895,,,,,,,Chief Financial Officer,Zebra BI,"Pot za Brdom 104, Ljubljana, Ljubljana 1000, SI",zebrabi.com,https://zebrabi.com,https://www.linkedin.com/company/zebra-bi,Slovenia,,,,SI,Zebra BI,Chief Financial Officer,2023-05-01,Present,Neus Diagnostics d.o.o.,Co-Founder,2016-01-01,Present,Bird Buddy,Head Of Finance,2021-03-01,2023-05-01,"Omega Pharma, a division of Perrigo",Management Controller,2015-01-01,2016-01-01,Parsek d.o.o.,Finance Manager,2014-01-01,2015-01-01,College of Europe,Masters of Economic Sciences,,,"Univerza v Ljubljani, Fakulteta v Ljubljani",University Graduate of Economics,,,"People Management,Payroll Taxes,Payroll Processing,Financial Analysis,Business Planning,Business Analysis,Human Resources (HR),Corporate Finance,Start-ups,Business Strategy,Risk Management,Finance,Analysis,Portfolio Management,Economics,Banking,Investments,Managerial Finance,Strategic Financial Planning,Financial Risk,Market Analysis,Financial Accounting,Accounting,Data Analysis,Credit Risk,Credit Analysis,Strategy,Budgeting,Labor and Employment Law,Auditing,Financial Reporting,Consulting,HR Policies,Blockchain,Microsoft Office,Management,English,German,French,Serbian,Czech,ICO,Cryptocurrency,Financial Controlling,Liquidity Risk,Financial Management,Controlling Budgets,Liquidity Management,Human Resource Planning,Metrics Reporting,Strategic Planning,Sales Management,Liquidity,Free Cash Flow,Credit Rating,Databases,Start Ups,Human Resources",,,,,1982,female,19,cxo,C_suite,Jysbtcbtcbtc,,,,,
76680647,Alexander Dedishchev,Alexander,Dedishchev,Verified emails found,2025-09-05 9:08:49,adedish@gmail.com,,adedish@gmail.com,"adedish@gmail.com,adedic@yandex.ru",,"alexander@upt.ai,alexander.dedishchev@upt.ai,adedishchev@upt.ai,alexanderdedishchev@upt.ai",+43 664 8608154,+43 664 8608154,"+7 985 928-23-35
4366475538531
+7 499 500-11-73
+7 985 108-23-35",,https://www.linkedin.com/in/alexander-dedishchev-0b3b4a,,,,,,,Chief Financial Officer,UpT.ai,"??, HK",upt.ai,http://upt.ai,https://www.linkedin.com/company/uptai,"Vienna, Vienna, Austria",Vienna,,,AT,UpT.ai,Chief Financial Officer,2022-12-31,Present,Fincity Group,Chief Financial Officer,2019-08-01,2023-05-31,Russian Presidential Academy of National Economy and Public Administration,Associate Professor,2018-10-01,Present,Alvarez & Marsal,Project Chief Financial Officer,2017-03-01,2017-11-01,Maxima Invest,"Mergers and Acquisitions Advisor, Researcher, Senior Lecturer in Ranepa",2014-03-01,Present,Duke University - The Fuqua School of Business,Master of Business Administration,,,Russian Presidential Academy of National Economy and Public Administration,Doctor of Philosophy,,,"Financial Reporting,Commercial Banking,Business Valuation,Restructuring Banks,Virtual Currency,Blockchain,Financial Controlling,Accounting,Financial Analysis,English,International Financial Reporting Standards (IFRS),Financial Modeling,Financial Accounting,Banking,Corporate Finance,Investment Banking,Mergers & Acquisitions,Private Equity,Investments,Management Consulting,Analysis,Valuation,Restructuring,Asset Management,Emerging Markets,Business Strategy,Capital Markets,Retail Banking,Asset Managment,Strategy,International Education,Management,General management",,,,,1971,male,32,cxo,C_suite,Jysbtcbtcbtc,,,,,
78017575,Joshua Bickel,Joshua,Bickel,Verified emails found,2025-09-05 9:08:34,jbickel@muniegreencare.com,jbickel@muniegreencare.com,jayybickel94@gmail.com,"jbickel@muniegreencare.com,jayybickel94@gmail.com,joshuaabickel@icloud.com",,,6189752679,6189752679,,(618) 624-5005,https://www.linkedin.com/in/joshua-bickel-82109612b,https://facebook.com/joshua.a.bickel,,,,,,Chief Financial Officer,Munie Greencare Professionals,"1000 Milburn School Rd, Caseyville, Illinois 62232, US",muniegreencare.com,http://www.muniegreencare.com,https://www.linkedin.com/company/munie-greencare-professionals,"St. Louis, MO, US",St. Louis,63108,MO,US,Munie Greencare Professionals,Chief Financial Officer,2025-06-01,Present,Guidehouse,Managing Consultant,2025-02-01,2025-06-01,Guidehouse,Senior Consultant - Project Manager,2024-10-01,2025-02-01,Guidehouse,Senior Consultant - Team Lead,2024-03-01,2024-10-01,Guidehouse,Senior Consultant,2023-02-01,2024-03-01,Southern Illinois University Edwardsville,,,,Southwestern Illinois College,,,,"Venture Capital,Leadership,Business Strategy,Entrepreneurship,Regulatory Compliance,Financial Analysis,Scalability,Spreadsheets,Corporate Finance,Business Analysis,Finance,Financial Modeling,Accounting,Analytical Skills,Financial Reporting,Microsoft Office,Microsoft Excel,QuickBooks,SQL,Slack,HubSpot,Microsoft PowerPoint,Problem Solving,Communication,Public Speaking,Management,ProSystem fx Tax,ProSystem fx Engagement,Small Business Financial Management,Performance Analysis,Cryptocurrency,FinTech,Timing the Star of David",,,,,1995,male,9,cxo,C_suite,Jysbtcbtcbtc,,,,,
232085718,Keith Novek,Keith,Novek,Verified emails found,2025-09-05 9:08:29,keith@innovatorenergy.com,keith@innovatorenergy.com,knovek@hotmail.com,"keith@innovatorenergy.com,knovek@hotmail.com",,,2038324600,2038324600,"2038690793
2037691531
442079512000
4013375929
4406102232",,https://www.linkedin.com/in/keith-novek,,,,,,,Chief Financial Officer,Innovator Energy,"4200 San Jacinto St, Houston, Texas 77030, US",innovatorenergy.com,https://innovatorenergy.com/,https://www.linkedin.com/company/innovator-energy,"Greenwich, CT, US",Greenwich,,CT,US,Innovator Energy,Chief Financial Officer,2017-01-01,Present,EY,Partner,2015-01-01,2021-01-01,Accenture,"Managing Director, North America Finance and Risk Banking Lead",2014-01-01,2015-03-01,Accenture,"Managing Director, FS Finance and Enterprise Performance Lead",2011-03-01,2013-12-01,IBM,"Partner, North American Operations and Finance Lead",2010-06-01,2011-02-01,Babson College,Bachelor of Science,,,,,,,"Business Transformation,Management Consulting,Business Process Improvement,Managerial Finance,Finance,Business Intelligence,Program Management,Analytics,Business Process,Strategy,IT Strategy,Acquisition Integration,Consulting,Risk Management,Banking,Outsourcing,Change Management,Vendor Management,Financial Services,Business Process Design,Mergers & Acquisitions,Business Strategy,Business Process Re-engineering,Financial Analysis,Performance Management,Shared Services,Financial Modeling,Project Portfolio Management,Forecasting,Enterprise Risk Management,Organizational Design,Business Analytics,Business Development,Enterprise Software,PeopleSoft,SAP,Blockchain,Management,Executive Management,Training,Strategic Leadership,Process Improvement,Competitive Advantage,Robotics Process Automation,Cleantech,Governance,Capital Raising,Business Transformation Programmes",,,,,1967,male,36,cxo,C_suite,Jysbtcbtcbtc,,,,,
97063410,Justin Hall,Justin,Hall,Verified emails found,2025-09-05 9:08:23,justin@collabcurrency.com,justin@collabcurrency.com,justinhall7@hotmail.com,"justin@collabcurrency.com,justinhall7@hotmail.com,justin_hall9@protonmail.com",,,8584723745,8584723745,6014661783,,https://www.linkedin.com/in/justinshall,https://facebook.com/justin.hall.9250,,,,,,Finance Manager,Collab+Currency,"Eugene, Oregon, US",collabcurrency.com,https://www.collabcurrency.com/,https://www.linkedin.com/company/collab-currency,"Kirkland, WA, US",Kirkland,98034,WA,US,Collab+Currency,Finance Manager,2022-02-01,Present,KPMG US,Audit Associate,2016-08-01,2018-04-01,Deloitte,"Audit Senior, Blockchain and Crypto",2019-12-01,2022-02-01,Grant Thornton LLP,Senior Audit Associate,2019-06-01,2019-12-01,Dragonchain Inc,Senior Accounting and Finance Analyst,2018-06-01,2019-06-01,Western Washington University,Double Major in Accounting and Management Information Systems,,,Bellevue College,Associate of Arts and Sciences (A.A.S.),,,"Technical Accounting,Investment Funds,Valuation,QuickBooks,Tax Accounting,Organization Skills,Microsoft Excel,Partnership Accounting,Real Estate,Hedge Funds,Private Equity,Venture Capital,Revenue Analysis,Sarbanes-Oxley Act,Financial Systems,Financial Policies,Year-End Close Process,Reporting Requirements,U.S. SEC Filings,General Ledgers,Close Process,Investment Valuation,Cash Flow,Accounts Payable (AP),Account Reconciliation,Written Communication,Business Initiatives,Financial Modeling,Microsoft Office,Analytical Skills,Financial Performance,Big Four Accounting Firms,Fund Accounting,Communication,Management Information Systems (MIS),Certified Public Accounting,SEC Financial Reporting,Internal Controls,Investor Relations,Non-Fungible Tokens (NFTs),Blockchain,Crypto,Expensify,Investor Reporting,Cash Management,Financial Statements,Teamwork,Accounting,Generally Accepted Accounting Principles (GAAP),U.S. Generally Accepted Accounting Principles (GAAP)",,,,,1993,male,9,manager,Finance,Jysbtcbtcbtc,,,,,
3805887,Sandy Selman,Sandy,Selman,Verified emails found,2025-09-05 9:07:56,sandy@asiawestfunds.com,sandy@asiawestfunds.com,sandy.selman@gmail.com,"sandy@asiawestfunds.com,sandy.selman@gmail.com,sandy@rngas.com,sselman@cprop.io,sandyselman@cprop.io",,,2034343005,2034343005,"1.2034343005
516-922-0739",(724) 787-9320,https://www.linkedin.com/in/sandyselman,https://facebook.com/sandy.selman.5,,,,,,CFO and COO,"Renewable Natural Gas Company, LLC","123 W Main St, Ligonier, Pennsylvania 15658, US",rngas.com,https://rngas.com/,https://www.linkedin.com/company/renewable-natural-gas-company-llc,"Asheville, NC, US",Asheville,,NC,US,"Renewable Natural Gas Company, LLC",CFO and COO,2025-01-01,Present,Asia West Inc.,Managing Director,2002-01-01,Present,CPROP,Advisor,2017-01-01,Present,"Sustain RNG, LLC",Chief Financial Officer,2023-08-01,2024-08-01,Greenlane Renewables Inc.,"SVP, Project Finance",2021-06-01,2023-08-01,The George Washington University - School of Business,,,,Worcester Polytechnic Institute,BS,,,"Energy,Cleantech,Renewable Energy,Venture Capital,Strategy,Project Management,Business Strategy,Investments,Manufacturing,Management,Start-ups,Green Technology,Equities,Private Equity,Entrepreneurship,Engineering Management,Operations Management,Engineering,Project Finance,Energy Efficiency,Corporate Development,Restructuring,Executive Management,Clean Technology,Commercialization,Mergers & Acquisitions,Financial Modeling,Private Placements,Due Diligence,Strategic Planning,Developers,Power,Start Ups,Customer Service,Accounting,Sales,Mergers and Acquisitions,Finance,Marketing,Aviation,Private Companies,Rail,Technology,Digital Securities,Innovation Management,Blockchain",,,"New Energy New York,Private Equity, M&A, and Venture Capital Investments,Private Equity Investment Group | PrivateEquity.com,Cleantech Investor",,1958,male,30,cxo,C_suite,Jysbtcbtcbtc,,,,,
124974694,Will Simon,Will,Simon,Verified emails found,2025-09-05 9:07:52,will@themainspring.ai,will@themainspring.ai,williamnathanielsimon@gmail.com,"will@themainspring.ai,williamnathanielsimon@gmail.com,will@deanda.capital",,,8603040735,8603040735,,,https://www.linkedin.com/in/will-simon-93381b181,,,,,,,CFO,Mainspring,"6424 E Greenway Pkwy, Scottsdale, Arizona 85254, US",themainspring.ai,https://themainspring.ai/,https://www.linkedin.com/company/themainspring,"New York, NY, US",New York,,NY,US,Mainspring,CFO,2024-12-01,Present,de Anda Capital,Venture Partner,2024-03-01,Present,Andiron Capital,Co-Founder and General Partner,2015-05-01,2023-02-01,Ledger,Institutional Sales,2020-01-01,2021-01-01,,,,,Bard College,,,,,,,,"Lead Generation,Lead Qualification,Contract Negotiation,Asset Management,Customer Relationship Management (CRM),Trading,Derivatives,Sales,Business Development,Networking,Sales Processes,Asset Allocation,Thorough Research,Investment Management,Investment Strategies,Due Diligence,Alternative Investments,Finance,Project Management,Communication,Architecture,Strategic Planning,Business Strategy,Strategy,Start-ups,Blockchain,Cryptocurrency,Nimble,Self-management",,,,,1994,male,9,cxo,C_suite,Jysbtcbtcbtc,,,,,
953565,John Schenk,John,Schenk,Verified emails found,2025-09-05 9:07:46,john.schenk@escalon.services,john.schenk@escalon.services,johnschenk@gmail.com,john.schenk@escalon.services,johnschenk@gmail.com,,323-481-6987,323-481-6987,"818-265-3435
1.3234816987
1.3232754590
713-743-1000
650-345-7400
650-345-7497",,https://www.linkedin.com/in/johnschenk,https://facebook.com/john.p.schenk,https://twitter.com/johnschenk,,https://crunchbase.com/person/john-schenk-2,https://angel.co/johnschenk,,"CFO, Head of Media and Entertainment","Escalon Services, Inc.","Chandigarh, IN",escalon.services,https://escalon.services/,https://www.linkedin.com/company/escalon-business-services-pvt-ltd,"Los Angeles, California, United States",Los Angeles,,CA,US,"Escalon Services, Inc.","CFO, Head of Media and Entertainment",2022-10-31,Present,Make Sense Labs Inc,CFO and Acting COO,2018-05-01,Present,Taffy Media Inc.,Board Member,2017-03-01,Present,Doodles,"Treasurer, Doodles Community Council",2023-04-30,2023-09-30,Make Sense Labs Inc,CFO and COO,2018-04-30,2022-10-31,New York University,,,,Leonard N. Stern School Of Business,Master of Business Administration,,,"Treasury Management,Media & Entertainment,Start-ups,Strategy,Strategic Partnerships,Forecasting,Strategic Planning,Business Development,Budgets,Advertising,Accounting,New Business Development,Strategic Financial Planning,Project Planning,Finance,Business Strategy,Corporate Finance,Business Planning,Entrepreneurship,Financial Planning,Financial Modeling,Budgeting,Financial Analysis,Planning,Financial Reporting,Analytical Skills,Venture Capital,Generally Accepted Accounting Principles (GAAP),Social Media,Corporate Development,Mergers & Acquisitions (M&A),Financial Statements,Human Resources (HR),Marketing Strategy,Internal Controls,Funding,Investments,Private Equity,Payroll,Executive Management,Contract Negotiation,Capital,Board of Directors,Certified Public Accounting (CPA),CFOs,Angel Investing,Cryptocurrency,Blockchain,Capital Structure,RCA,Market,Hit the Ground Running,Discover,Epic Systems,Books,Overseeing,Vendors,Traits,Acting,Investor Relations,Leadership Experience,Legal,Product Management,Organizational Structure,Travel,Pulse,Management,Revenue,Insurance Planning,Arista,Business Affairs,HIT,Leadership,Publications,Powerhouse,Strategic Partners,Human Resources,Entertainment Industry,Bright,Messaging,Languages,Business Services,Sage Act,Creative Solutions,Rare,Financial Accounting,Public Policy,Microsoft Excel,Italian,Radio,Image,American,Commercials,Foresight,Emerging Technologies,Technology Companies,Reporting,Talk,Roll,Shares,Stakeholders,Influencer Marketing,Controller,Analysis,Indiana,Combination,Handling Money,R,CPA,Perspective,Strategic Business,Instrumental,Entity Extraction,Moving,Debt,Applications,Incentives,Inspiration,Music,Business Operations,Federal Acquisition Regulation,Exit Strategies,Numeric,Operations,Stage,Author,Business Partner,Marketing,Investor Presentations,Foreign Languages,Entertainment,Corporate Strategy,Executive Team,Develpment,Data Driven Testing,Sarbanes Oxley Act,Launching,EMI,Live Events,Cir,LinkedIn,Investor Liaison,Boom,Financial Operations,Japanese,Credibility,Distribution,Ticketing,Art,Intelligence,Helpful,Start Ups,New York,Harris,Scrum,Marketplace,Software,Enthusiast,Concerts,Compliance,Video,Equities,Program Management,Astute,Cash,Sony,Asset,Pleasure,International Management,Implementing Systems,SPHR,Problem Solving,Conceptual Modeling,Convertible,French,Senior Finance",,,,,1963,male,15,cxo,,Jysbtcbtcbtc,,,,,
242696111,Kyle Junker,Kyle,Junker,Verified emails found,2025-09-05 9:07:22,kylejunker@gmail.com,,kylejunker@gmail.com,,kylejunker@gmail.com,"kyle@nltsuperstore.com,kjunker@nltsuperstore.com,kyle.junker@nltsuperstore.com,kylejunker@nltsuperstore.com,kylej@nltsuperstore.com,junker@nltsuperstore.com",,,,(954) 462-6500,https://www.linkedin.com/in/kyle-junker-458831157,,,,,,,Chief Financial Officer,National Lift Truck Service,"2110 N ANDREWS AVE EXT, Pompano Beach, Florida 33069, US",nltsuperstore.com,http://nltsuperstore.com,https://www.linkedin.com/company/national-lift-truck-service-inc,"Miami, FL, US",Miami,,FL,US,National Lift Truck Service,Chief Financial Officer,2022-05-01,Present,NATIONAL LIFT TRUCK SERVICE INC,Financial Controller,2022-03-01,2022-06-01,NATIONAL LIFT TRUCK SERVICE INC,Accounts Payable and Receivable,2021-04-01,2022-04-01,Hansen-Holm,Financial Business Consultant,2020-09-01,2021-04-01,NATIONAL LIFT TRUCK SERVICE,Accounting Assistant,2017-07-01,2017-08-01,University of Navarra,Bachelor's degree,,,Freie Universität Berlin,Exchange Student,,,"Blockchain,Management Consulting,Charismatic Leadership,Project Management,Sales,Strategic Planning,Microsoft Office,Microsoft Excel,Microsoft PowerPoint,Servicio de atención al cliente,Customer Service,Communication,Teamwork,Leadership,Python (Programming Language)",,,,,1998,female,5,cxo,C_suite,Jysbtcbtcbtc,,,,,
506857022,David O'Shea,David,O'Shea,Verified emails found,2025-09-05 9:07:14,daveoshea1@me.com,daveoshea1@me.com,,daveoshea1@me.com,david@riverventuresgroup.com,doshea@riverventuresgroup.com,914-388-7007,914-388-7007,"914-834-2732
2037785212
914-777-1631
339-458-8614",,https://www.linkedin.com/in/davidoshea-emba,,,,,,,Chief Financial Officer,"Icon Gamer League, inc.",,,,,"Westport, CT, US",Westport,,CT,US,"Icon Gamer League, inc.",Chief Financial Officer,2022-03-01,Present,River Ventures Group LLC,CEO,2016-05-01,Present,Citi,Director,1996-01-01,2016-01-01,Morgan Stanley,Trading and Sales Asst,1992-01-01,1996-01-01,,,,,Quantic School of Business and Technology,Executive MBA,,,University of Massachusetts Amherst,,,,"Emerging Markets,Trading,Capital Markets,Derivatives,Fixed Income,Risk Management,Investments,Options,Financial Markets,Bloomberg,Equities,Financial Services,Hedge Funds,Electronic Trading,Investment Banking,Emerging Markets Trading,Trading Technologies,Technology Integration,Business Strategy,Digital Transformation,Economic Data Analysis,Leadership,Artificial Intelligence (AI),Product Management,Business Analysis,Agile Project Management,Scrum,Cryptocurrency,FinTech,Finance,Big Data,Business Analytics,Difficult Situations,Interpersonal Communication,Race Relations",,,,,1969,male,33,cxo,C_suite,Jysbtcbtcbtc,,,,,
3332636,Michele Patrick,Michele,Patrick,Verified emails found,2025-09-05 9:07:13,michele@jasonhennessey.com,michele@jasonhennessey.com,michelelynnpatrick@gmail.com,"michele@jasonhennessey.com,michelelynnpatrick@gmail.com",,,6189779150,6189779150,"3104568716
4242687396",,https://www.linkedin.com/in/michele-patrick-mba-74150b1,https://facebook.com/michele.patrick.393,,,,,,Chief Financial Officer,Hennessey Digital,"Los Angele, CA, US",jasonhennessey.com,https://www.jasonhennessey.com/,https://www.linkedin.com/company/jason-hennessey-consulting,"St. Louis, MO, US",St. Louis,63108,MO,US,Hennessey Digital,Chief Financial Officer,2019-07-01,Present,Veritas Prep,Chief Financial Officer,2017-08-01,2018-12-01,Veritas Prep,Controller,2007-02-01,2017-08-01,The Bay Club Company,"Pilates and Spin Instructor, AFAA and Keiser Certified",2006-11-01,2016-05-01,LA Fitness,"Pilates and Spin Instructor, AFAA and Keiser Certified",2006-10-01,2010-01-01,"Loyola Marymount University, College of Business Administration",MBA,,,Saint Louis University-Madrid,MBA,,,"Management,Strategic Planning,Leadership,Social Media,Marketing,Event Planning,Public Speaking,Strategy,Social Media Marketing,Sales,Fundraising,Business Development,Financial Analysis,Financial Planning,Financial Reporting,Strategic Human Resource Planning,Human Resources Information Systems (HRIS),Salesforce.com Consulting,QuickBooks,Salesforce.com,Benefits Administration,Payroll Administration,Healthcare Compliance,401(k) Retirement Savings Plans,Treasury Management,Workers Compensation,External Audit,ADP Payroll,Management Accounting,Operations Management,Corporate Budgeting,Google Adwords,Google Analytics,Financial Statements,Cryptocurrency Trading,Investment Management,Enterprise Risk Management,Contract Management,Mergers & Acquisitions (M&A),Global Operations,Global Cross-Functional Team Leadership,Human Resources (HR),Employee Relations,Change Management,Recruiting,Employee Engagement,Organizational Effectiveness,Employee Benefits Design,Compensation & Benefits,Labor and Employment Law,Microsoft Excel,Training,Fitness,Accounting",,,,,1983,female,20,cxo,C_suite,Jysbtcbtcbtc,,,,,
18691075,Joseph Delaney,Joseph,Delaney,Verified emails found,2025-09-05 9:07:07,jdelaney@phibro.com,jdelaney@phibro.com,josephdelaney1963@hotmail.com,"jdelaney@phibro.com,josephdelaney1963@hotmail.com",,,609-937-5480,609-937-5480,"6093061860
978-815-3564
7187885087
2039520756
9178615654
609-924-6086
609-368-5924
2036749454
609-742-0267",(201) 329-7300,https://www.linkedin.com/in/joseph-delaney-12791627,http://www.facebook.com/joe.delaney.104,,,,,,Partner - CFO,Phibro LLC,"600 Summer St 205, Stamford, Connecticut 06901, US",phibro.com,http://www.phibro.com,https://www.linkedin.com/company/phibro-llc,"New York, NY, US",New York,,NY,US,Phibro LLC,Partner - CFO,2016-06-01,Present,"Princeton Group Advisors, Inc.",President - Family Office Services,2013-01-01,2016-01-01,"Waterville Capital, LLC.",Founding Partner | President | Co-Portfolio Manager,2009-01-01,2012-01-01,Citi,Managing Director | Portfolio Manager,2005-01-01,2009-01-01,Morgan Stanley,Managing Director - Fixed Income Division - Commodities,1988-01-01,2005-01-01,The University of Chicago Booth School of Business,,,,The London School of Economics and Political Science (LSE),,,,"Strategic and Tactical Planning,Business Development,Leadership,Capital Markets,Investment Management,Commodities,Financial Statements,Risk Management,Fixed Income,Commodity Markets,Equities,Energy,Electricity,Equity Derivatives,Portfolio Management,Trading,Hedge Funds,Financial Analysis,Financial Accounting,Financial Services,Regulatory Compliance,Audit,Hedging,Business Startup,Product Development,Strategic Partnerships,Alliances,Client Relationship Building,Mentorship,Alternative Energy,Crypto Currency,Oil & Gas,Reporting,Operations,High-level Presentations,Institutional Sales Growth,Multi-asset Portfolio,Launch Equities,Multinational,Renewable Energy,Finance,Oil and Gas,Management,Project Management,Public Speaking,Microsoft Office,Entrepreneurship,Multi Asset Portfolio,High Level Presentations",,,Villanova Delta Kappa Epsilon Alumni,,1963,male,36,owner,C_suite,Jysbtcbtcbtc,,,,,
52486683,Roman Wagner,Roman,Wagner,Verified emails found,2025-09-05 9:06:49,roman.wagner@hoegl.ru,roman.wagner@hoegl.ru,,roman.wagner@hoegl.ru,,,,,,+43 7719 88110,https://www.linkedin.com/in/romanwagner,,,,,,,Chief Financial Officer,HÖGL shoe fashion GmbH,"1 Joseph Lorenz Strasse, Pram, Upper Austria 4775, AT",hoegl.com,http://www.hoegl.com,https://www.linkedin.com/company/hã?gl-shoe-fashion-gmbh,Russia,,,,RU,HÖGL shoe fashion GmbH,Chief Financial Officer,2017-05-01,Present,Högl shoe fashion Russia,Director of E-Commerce,2017-01-01,Present,Högl shoe fashion Russia,Head of Finance and Administration,2013-07-01,2017-05-01,Bene AG - Russia,Head of Finance and HR,2011-10-01,2013-07-01,SCHNEIDER GROUP,Business Development Manager,2010-02-01,2011-10-01,Lomonosov Moscow State University (MSU),,,,WU (Vienna University of Economics and Business),,,,"Business Strategy,Business Development,Management,Business Planning,Negotiation,Russian,Due Diligence,Corporate Finance,Market Research,English,International Business Consulting,Forecasting,Project Management,Strategy,Leadership,Retail,Contract Negotiation,Financial Markets,International Sales,Auditing,New Business Set-up,P&L Management,Corporate Budgeting,Team Management,Team Leadership,Consulting,Accounting,Finance,Fast-Moving Consumer Goods (FMCG),Emerging Markets,Executive Management,Analytical Skills,Business-to-Business (B2B),E Commerce,Fast Moving Consumer Goods Fmcg,Business to Business B2b,International Business,Fast Moving Consumer Goods,Business to Business,Strategic Planning,Budgeting,Pricing Strategy,Communication,Social Media Marketing,Business Analysis,Big Data,Computer Security,Network Security,Cloud Mining,Blockchain,Management Consulting,Internal Controls,Agile Project Management,Kanban,Scrum",,,"Chief Financial Officer (CFO) Network - The #1 Group for CFOs,Russian Business Network,Business development in Russia,Expat.ru",,1974,male,20,cxo,C_suite,Jysbtcbtcbtc,,,,,
3378909,Michael Pinkus,Michael,Pinkus,Verified emails found,2025-09-05 9:06:40,michael.pinkus@wirexapp.com,michael.pinkus@wirexapp.com,mpinkus@gmail.com,"michael.pinkus@wirexapp.com,mpinkus@gmail.com,mkpinkus@hotmail.com,mpinkus@hotmail.com,hetalsk@hotmail.com",,,330-807-0220,330-807-0220,"330-606-7864
714-894-2935
909-641-5290
540-599-4047
714-891-6919
330-626-5617
916-369-6161
330-964-6914
714-469-3856
276-780-0053
703-909-5640",,https://www.linkedin.com/in/michael-pinkus-91014234,,,,,,,Group Chief Financial Officer,Wirex,UK,wirexapp.com,https://wirexapp.com,https://www.linkedin.com/company/wirex-limited,"Düsseldorf, NRW, DE",Düsseldorf,,NRW,DE,Wirex,Group Chief Financial Officer,2022-02-01,Present,Bitbond,Chief Financial Officer,2018-09-01,2021-09-01,Scope Ratings,Head Institutional Investor Relations,2016-09-01,2018-08-01,IKB Asset Management,Managing Director,2011-06-01,2016-05-01,IKB Deutsche Industriebank AG,Director,2002-03-01,2011-05-01,University of London,LLM,,,SMU Dedman School of Law,Juris Doctor,,,"Financial Analysis,Capital Markets,Financial Structuring,Structured Finance,Business Development,Fixed Income,Investment Banking,Asset Management,Banking,Credit,Structured Products,Derivatives,Portfolio Management,Private Equity,Corporate Finance,Financial Markets,Finance,Due Diligence,Risk Management,Mergers & Acquisitions,Corporate Law,Financial Modeling,Investments,Credit Analysis,Valuation,Investor Relations,Funding,Hedge Funds,M&A experience,Small Business Lending,Commercial Lending,Treasury,Alternative Investments,Financial Institutions,Management,Fundraising,Securitization,LBO,SME Banking,Leveraged Finance,FinTech,Direct Lending,Tokenization,Cryptocurrency,Financial Services,Sales,Start-ups,Blockchain,Working with Investors,Capital Raising,Public Speaking,Mergers and Acquisitions,Strategic Planning,Social Media,Community Outreach,Research,Nonprofits,Event Planning,Strategy",,,FINTECH Circle,,1949,male,25,cxo,C_suite,Jysbtcbtcbtc,,,,,
242051570,Babak Khanbeigi,Babak,Khanbeigi,Verified emails found,2025-09-05 9:06:32,babak.khanbeigi@gmail.com,babak_khanbeigi@jafra.com,babak.khanbeigi@gmail.com,"babak.khanbeigi@gmail.com,babak_khanbeigi@jafra.com",,,9494913773,,,,https://www.linkedin.com/in/babak-khanbeigi,,,,,,,Chief Financial Officer,Betterware US,,betterware.com,http://www.betterware.com,https://www.linkedin.com/company/vendedores-de-productos-naturales-gia-y-de-betterware-independientes,"Los Angeles, CA, US",Los Angeles,,CA,US,Betterware US,Chief Financial Officer,2023-03-01,Present,JAFRA Cosmetics International,Chief Financial Officer,2022-09-01,Present,JAFRA Cosmetics International,VP of Finance,2021-02-01,2022-09-01,Moorpark College,Adjunct Professor,2021-06-01,Present,Amazon,Accounting Manager - Global Financial Accounting and Controls,2020-03-01,2021-02-01,University of Tehran,,,,,,,,"Performance Metrics,Key Metrics,Executive Management,Financial Reporting,Financial Audits,Internal Controls,SAP,Sarbanes-Oxley Act,Accounting,Cost Accounting,Variance Analysis,Internal Audit,Auditing,Finance,IFRS,Budgets,Tax,Financial Statements,Fixed Assets,US GAAP,Managerial Finance,Financial Risk,Consolidation,Analysis,Management,External Audit,Cash Flow,GAAP,General Ledger,International Financial Reporting Standards (IFRS),U.S. Generally Accepted Accounting Principles (GAAP),Generally Accepted Accounting Principles (GAAP),Databases,Blockchain,Big Data,Financial Analysis,Project Management,Risk Management,Corporate Governance,SAP ERP,Technical Accounting,SOX 404 Top–Down Risk Assessments (TDRA),Cross-functional Team Leadership,U.S. GAAP Reporting,Microsoft Excel,Microsoft Power BI,Forecasting,Management Accounting,Business Process Improvement,Mergers & Acquisitions (M&A),Data Analysis",,,,,1984,male,18,cxo,C_suite,Jysbtcbtcbtc,,,,,
10723936,Yves Honore,Yves,Honore,Verified emails found,2025-09-05 9:06:27,yves@bity.com,yves@bity.com,yh.honore@googlemail.com,"yves@bity.com,yh.honore@googlemail.com,yves.honore@bity.com",,,,,,+41 22 738 30 45,https://www.linkedin.com/in/yveshonore,,,,,,,CFO and Co-founder,Bity,"Rue des Usines 44, Neuchâtel, Canton of Neuchâtel 2000, CH",bity.com,https://bity.com,https://www.linkedin.com/company/bity,"Neuchâtel, Switzerland",,,NE,CH,Bity,CFO and Co-founder,2024-07-01,Present,Bity,CEO and Co-founder,2019-12-01,Present,Bity,Co-founder,2014-04-01,2019-12-01,State of Geneva,IT Project Coordinator,2014-01-01,2014-07-01,Alcatel-Lucent,Global Project Manager,2009-01-01,2013-07-01,Ecole nationale supérieure de l'Electronique et de ses Applications,,,,Joliot-Curie,,,,"Project Management,PMP,ITIL,Business Development,Reporting & Analysis,Anti Money Laundering,Telecommunications,Pre-sales,Data Center,IP,IT Service Management,VoIP,MPLS,WAN,Customer Relationship Management (CRM),Consulting,Blockchain,Problem Solving,Management,Bitcoin,Coordinating Meetings,Long-term Customer Relationships,Benefit Cost Analysis,Microsoft Excel,SQL,Java,Troubleshooting,Entrepreneurship,Business Analysis,Leadership,Testing,Marketing,Startups,Business Strategy,Networking,Logistics,Team Building,Cloud Computing,Network Design,Routers,Warehousing,Long Term Customer Relationships,Reporting and Analysis,Customer Relationship Management,Pre Sales",,,,,1977,male,26,owner,C_suite,Jysbtcbtcbtc,,,,,
635495057,Fabrice Pradal,Fabrice,Pradal,Verified emails found,2025-09-05 9:06:21,fabricepradal@gmail.com,,fabricepradal@gmail.com,,fabricepradal@gmail.com,"fpradal@exacology.com,fabrice.pradal@exacology.com",,,,,https://www.linkedin.com/in/fabricepradal,,,,,,,Chief Financial Officer,LIGHT VISUAL EFFECTS,"London, England, GB",lightvfx.com,http://www.lightvfx.com,https://www.linkedin.com/company/light-visual-effects,"Paris, FR",Paris,,,FR,LIGHT VISUAL EFFECTS,Chief Financial Officer,2022-06-30,Present,Exacology,Co-Founder & CFO,2022-02-28,Present,Global DPO,Co-Founder,2019-01-31,Present,Onyx Finances,Founder,2013-08-31,2019-01-31,Altavela Conseils,Corporate Finance Consultant,2012-08-31,2013-08-31,,,,,,,,,"Financial Analysis,Investment Banking,Business Strategy,Due Diligence,Strategy,Valuation,Finance,Corporate Finance,Market Analysis,Financial Modeling,Private Equity,Mergers &amp; Acquisitions,Entrepreneurship,E-commerce,Venture Capital,Web Analytics,Blockchain,Start-ups,Restructuring,Consulting,English,French,Mandarin,Startup Development,Mergers & Acquisitions,Value Investing,Contract Negotiation,Finance Consulting,DCF Valuation,Management,SEO,Lean Startup,Digital Media,Web Marketing Strategy,Deal Sourcing,Growth Hacking",,,,,,male,13,cxo,C_suite,Jysbtcbtcbtc,,,,,
3980161,Michael Sorin,Michael,Sorin,Verified emails found,2025-09-05 9:06:05,michael.sorin@watchful.ai,michael.sorin@watchful.ai,mpsorin@gmail.com,"michael.sorin@watchful.ai,mpsorin@gmail.com",,,523669039,523669039,,,https://www.linkedin.com/in/msorin,,,,,,,Chief Financial Officer,Watchful,IL,watchful.ai,https://www.watchful.ai,https://www.linkedin.com/company/watchful,Israel,,,,IL,Watchful,Chief Financial Officer,2021-01-01,Present,Fluent Trade Technologies,Chief Financial Officer (CFO) and COO,2018-01-01,2021-01-01,CYMOTIVE Technologies,Chief Financial Officer (CFO),2016-01-01,2018-01-01,Deloitte Israel,Business Planning and Advisory Department Head,2011-01-01,2016-01-01,PricewaterhouseCoopers (PwC),Strategy and Corporate Finance Manager,2008-01-01,2011-01-01,Bar-Ilan University,,,,Peter the Great St.Petersburg Polytechnic University,,,,"Business Strategy,Microsoft Office,Financial Reporting,Accounting,Training,Customer Service,Strategy,Road Maps,Financial Advisory,Team Building,Consulting,Europe,New Market,Market,Prospects,Limitations,Books,Vendors,Windows,Business Economics,Sales,Add Ins,Hebrew,Incubators,Finance,Munich,Return on Investment,VAS,3G,Vensim,Driving,Mediterranean Cuisine,Executive Positions,Dvb H,Adoption,Thesis,Clementine,Sales and Marketing,Real Estate,P&L Management,Business Partners,Cross Functional Team Leadership,Legal,Examining,Crop,Offerings,Product Management,Monte Carlo Simulation,Google Analytics,Organizational Structure,Assessment,Budget Process,C Level,Search,Procurement,Management,Revenue,Isp,Financial Statements,Social Games,Mobile TV,Wireless Broadband,Funding,Hp Enterprise Solutions,HSDPA,Business Modeling,Data Mining,Mobile Commerce,Auditing,IT Strategy,Wage,Physics,PowerPoint,Publications,Product Diversification,Human Resources,Financial Forecasting,B2B,Data Center,Wireless Access,Propose,Georgia,Networking,Languages,Arena Simulation Software,System,Forecasting,Telecommunications,Strategic Initiatives,Trade Unions,English,Healthcare,BSC,Voice,MVNO,Poverty,Google Adwords,Sage Act,Fundraising,Reports,Nyse,Differentiation,Google,Management Consulting,Budgeting,Sophisticated,Variables,Cooperation,Microsoft Excel,Geneva,Monetization,Pricing Strategy,Israeli,Policy,Mobile Operators,Radio,Conferences,Roaming,Project Management,Product Development,Product Launch,Emerging Technologies,International Conferences,Service Providers,Reporting,Revenue Forecasting,Venture Capital,Capital,Commercial Real Estate,NTP,Board of Directors,Analysis,Process Simulation,London,HORECA,CPA,SAP,Mobile Data,Transmission,Pensions,Economics,Economy,Segments,Corporate Finance,C,NPV,Coordination,Retail,VoIP,Mobile Convergence,RFP,NGN,Applications,Business Development,Communication,Modeling,Negotiation,Life Sciences,Vast,Advertising,Russia,ERP,Exit Strategies,Tongue,Workshops,Christian Ministry,Set Priorities,Tender,Marketing,Gaming,Social Networking,VBA,Big Data,DSL,Microsoft Project,Business Case,Project Planning,Project,Measurements,France,WiFi,Contractual Agreements,Engagement,Representation,Bar,Mechanism,IPO,Thinking,Business Performance Management,Performance Improvement,Covering,Presentations,SPSS,Computer Proficiency,Pricing,Suitability,RFID,Revenue Modeling,Internal Audit,WiMAX,Amsterdam,Regulations,Panorama,Banking,International,Roadmap,Germany,New Services,Magazines,Israel,Executive Management,Budget Control,Cables,Broadband,Multi Tasking,Brazil,Facts,Lotus Notes,Russian,Start Ups,Target Costing,NFC,Tax,Reviews,Electronics,Investments,4G,TMT,Medical Devices,Financial Services,Business Planning,Microsoft Word,Bwa,Fmc,Proposal Writing,Welfare,Theory,Serbia,Market Analysis,Crystal Ball,HSUPA,Fi Modules,Strategic Thinking,Budgets,LTE,Strategic Consulting,Due Diligence,Problem Solving,Directions,Conceptual Modeling,Marketing Strategy,Cost Benefit,Summit,Delivery,Mergers and Acquisitions,Evaluation,Selling,Meet Tight Deadlines,IMS DB/DC,Analytics,Automotive,CFOs,Cyber,Valuation,Public Speaking,IFRS,US GAAP,Product Manager,Blockchain,Excel,Feasibility Studies,Financial Controlling,Internet of Things,Enterprise Resource Planning,Big 4,Mobile Health,IOT,Bank,Innovation",,,,,1971,male,28,cxo,C_suite,Jysbtcbtcbtc,,,,,
5367650,Bob Bennink,Bob,Bennink,Verified emails found,2025-09-05 9:05:59,bob.bennink@tover.care,bob.bennink@tover.care,bob.bennink@gmail.com,"bob.bennink@tover.care,bob.bennink@gmail.com,bbennink@hotmail.com",,,+31 6 41553559,+31 6 41553559,+31 10 340 0720,,https://www.linkedin.com/in/bobbennink,http://www.facebook.com/bob.bennink.9,https://twitter.com/bobbennink,,https://www.crunchbase.com/person/bob-bennink,https://angel.co/bob-bennink,,CFO and COO,Tover,"Pythagoraslaan 101, Utrecht, Utrecht 3584 BB, NL",tover.care,https://www.tover.care,https://www.linkedin.com/company/tovercare,"Voorschoten, ZH, NL",Voorschoten,,ZH,NL,Tover,CFO and COO,2020-10-31,Present,Flexible company,Financial Professional,2020-02-29,2020-10-31,Bird Control Group,CFO,2016-08-31,2020-01-31,Treestle BV,Co-founder,2013-07-01,2017-06-01,Self employed,Financial Consultancy,2012-04-01,2013-06-01,"Rotterdam School of Management, Erasmus University",,,,Università Bocconi,,,,"Entrepreneurship,Finance,Business Strategy,Banking,Loans,Management,Project Finance,Cloud Computing,Investments,Start-ups,Valuation,Financial Analysis,Internet Security,Data Management,Mergers & Acquisitions,Financial Controlling,Portfolio Management,Corporate Finance,DDoS Mitigation,Load Balancing,Rackspace Cloud,Strategy,internet of th,Amazon Web Services (AWS),Python,Django,Cryptocurrency,Amazon Web Services...,Accounting,Start Ups,Mergers and Acquisitions,Amazon Web Services Aws,Amazon Web Services",,De Rotter-Dam,"De Rotter-Dam,Kiva Group,Cloud Computing, SaaS & Virtualization,Amazon Web Services Users,Freelance opdrachten,IoT  Internet of Things, M2M, Smart Cities, Connected Home, Car & Industry, mHealth and Wearables,Bitterballenborrel,Cloud Caf,IaaS Infrastructure as a Service,M2M and IoT (Internet of Things) Communication,Cloud Expo Europe,Holland in the Valley startup bootcamp 2014,Finance Professionals Netherlands,Accenture High Performance Community,Amazon Web Services Architects,Rijnmond Werkt Samen,De Interim Connectie,Cloud Hosting & Service Providers Forum,Enviu,Amazon Web Services Community Network,Complementair Geld in Nederland,Erasmus Universiteit Rotterdam / Erasmus University Rotterdam (official),MKB Rotterdam,Dutch High Tech Startups,IoT and M2M Global Connectivity,CloudStack Users Group,DDOS Protection,Rackspace Cloud University (CloudU),Accenture Innovation Awards,Alumni Network Rotterdam School of Management, Erasmus University,On Startups - The Community For Entrepreneurs,Cloud28Plus, the Cloud of Clouds,Virtualisatie | Cloud Computing | Storage Netwerk Nederland,Enterprise Apps Revolution,Vereniging ISPConnect,Interim Managers collectief,IPv6,Nederland doet aan Crowdfunding,Spiritueel Ondernemers Netwerk",,1981,male,20,cxo,C_suite,Jysbtcbtcbtc,,,,,
31390439,Javed Khattak,Javed,Khattak,Verified emails found,2025-09-05 9:05:56,javed@cheqd.io,javed@cheqd.io,javed.khattak@gmail.com,"javed@cheqd.io,javed.khattak@gmail.com,javedkhattak@gmail.com,javed14@yahoo.com,metalslug14@hotmail.com",,"jkhattak@seerbytes.com,javedkhattak@seerbytes.com,javedk@seerbytes.com",+92 312 9295199,+92 312 9295199,"+92 300 9295199
+44 7746 340898
44.2084659849
+44 20 8465 9849
+44 7837 650884",,https://www.linkedin.com/in/javedkhattak,,https://twitter.com/javkhattak,,,https://angel.co/javedkhattak,,Co-Founder and CFO,cheqd,"London, England, GB",cheqd.io,https://www.cheqd.io,https://www.linkedin.com/company/cheqd-identity,"London, England, GB",London,,,UK,cheqd,Co-Founder and CFO,2021-06-01,Present,Seerbytes,Co-Founder and CEO,2018-01-01,Present,Wellness Assist,Co-Founder,2019-01-01,Present,Ztudium,CFO and Board of Directors,2019-03-01,2022-04-01,Zisk Properties,Co-Founder,2014-01-01,2022-01-01,The London School of Economics and Political Science (LSE),,,,,,,,"Start-ups,Startup Development,Lean Startup,Start-up Consulting,Investment Properties,Information Technology,Software Development,Digital Strategy,IT Strategy,Executive Leadership,Blockchain,FinTech,Financial Risk,Actuarial Science,Financial Modeling,Commercial Analysis,Pensions,Enterprise Risk Management,Valuation,Risk Management,Financial Analysis,Gadgets,Technology,Business Strategy,Solvency II,Due Diligence,Mergers & Acquisitions,IFRS,Actuarial Consulting,Capital Management,Market Risk,Stakeholder Management,Asset Management,Investments,ALM,Defined Benefit,Pension Funds,Accounting,Risk,Actuarial,Strategy,Management,Consulting,Financial Services,Finance,Corporate Finance,Analysis,Analytical Skills,Business Development,Microsoft Excel,Mergers and Acquisitions",,,,,1985,male,21,owner,C_suite,Jysbtcbtcbtc,,,,,
46750008,Max Atanassov,Max,Atanassov,Verified emails found,2025-09-05 9:05:56,max@djuno.io,max@djuno.io,max.atanassov@gmail.com,"max@djuno.io,max.atanassov@gmail.com,max@mixip.io,max.atanassov@djuno.io",,,650-422-9707,650-422-9707,"1.6504229707
+44 7837 177058
415-906-5271
+44 20 3009 3211
+44 20 7338 6239
+44 20 7338 6296
+44 20 3009 3212
85267077594
+44 20 7602 0832
+44 20 3009 3210
+44 20 3009 3214
+44 7970 788876",,https://www.linkedin.com/in/pseps,https://facebook.com/max.atanassov,https://twitter.com/atanmax,,,https://angel.co/max-atanassov,,"Chief Financial Officer, Co-Founder",MixiP,"Dallas, Texas 75205, US",mixip.io,https://www.mixip.io/,https://www.linkedin.com/company/mixip,"Canton of Zug, Switzerland",,,ZG,CH,MixiP,"Chief Financial Officer, Co-Founder",2024-04-01,Present,Djuno,Chief Business Officer,2020-05-01,Present,GONFTY,Adviser,2021-12-01,Present,KANDO Technologies Inc,Chief Executive Officer,2020-12-01,Present,PioneerVentures.io,Founding Partner,2019-02-01,Present,The Johns Hopkins University - Paul H. Nitze School of Advanced International Studies (SAIS),,,,,,,,"Venture Capital,Private Equity,Emerging Markets,Investments,Corporate Development,Corporate Finance,Investment Banking,Mergers & Acquisitions,Business Development,Financial Structuring,Due Diligence,Start-ups,Investor Relations,Entrepreneurship,Project Finance,Financial Modeling,Valuation,Executive Management,Finance,Capital Markets,M&A experience,IPO,Restructuring,Structured Finance,Venture Financing,International Business,Private Placements,Joint Ventures,Hedge Funds,Asset Management,Portfolio Management,Alternative Investments,Capital Raising,Nanotechnology,Corporate Governance,Business Valuation,Cleantech,Investment Management,Angel Investing,Equities,Financial Markets,Commodity,Mergers,Trading,Deal Sourcing,Growth Capital,Economics,Acquisitions,Business Strategy,Capital,Fixed Income,Start Ups,Financial Analysis,Internet Technologies,Ethereum,Mergers and Acquisitions,Strategy,Research,Banking,Leadership,Blockchain,Microsoft Excel,Social Media",,,,,1972,male,34,cxo,C_suite,Jysbtcbtcbtc,,,,,
15540551,Robert de Groot,Robert,de Groot,Verified emails found,2025-09-05 9:05:45,dotrego@gmail.com,,dotrego@gmail.com,dotrego@gmail.com,,"robert@gain.ai,robertdegroot@gain.ai,robert.degroot@gain.ai",,,,,https://www.linkedin.com/in/dotrego,http://www.facebook.com/dotrego,https://twitter.com/robdotrego,,,,,CFO,Gain AI,"George Town, George Town, KY",gain.ai,https://www.gain.ai,https://www.linkedin.com/company/gain-ai,"Amsterdam, NH, NL",Amsterdam,,NH,NL,Gain AI,CFO,,Present,,,,,,,,,,,,,,,,,Vrije Universiteit Amsterdam (VU Amsterdam),Masters,,,HU University of Applied Sciences Utrecht (Hogeschool Utrecht),Bachelor of Applied Science,,,"Data Privacy,DLT,Dutch,English,Public Relations,Social Media,Entrepreneurship,Coaching,Management,Online Advertising,Public Speaking,Marketing Communications,Politics,Project Management,Category Management,B2B Marketing,Purchasing,Interim Management,Narrowcasting,Microsoft CRM,Management Consulting,Business Strategy,Change Management,Marketing Strategy,Banking,Blockchain,Software Development,Marketing,Business Analysis,Leadership,Project Planning,Microsoft Office,Commercial Litigation,Litigation,Due Diligence,Business Development,Mergers",,,,,1985,male,,cxo,C_suite,Jysbtcbtcbtc,,,,,
9582330,Joel Verreault,Joel,Verreault,Verified emails found,2025-09-05 9:05:44,joel@brandfit.ca,joel@brandfit.ca,joelverreault@gmail.com,"joel@brandfit.ca,joel.verreault@brandfit.ca",joelverreault@gmail.com,,4185431041,,"4164286377
1.5142844452",(416) 644-3618,https://www.linkedin.com/in/joel-verreault-1332057,,,,,,,CFO and Blockchain Implementation.,BrandFIT Inc.,"79 Wellington St W Fl 16, Toronto, Ontario M5K 1H6, CA",brandfit.ca,http://www.brandfit.ca,https://www.linkedin.com/company/brandfitca,"Toronto, ON, CA",Toronto,,ON,CA,BrandFIT Inc.,CFO and Blockchain Implementation.,2015-03-01,Present,Contact Internet,President,2011-08-01,Present,Joel Verreault Barrister & Solicitor,Barrister and Solicitor,1995-01-01,Present,AEI Internet,President,1995-01-01,Present,,,,,Western University,Doctor of Law - JD,,,Université Laval,,,,"Blockchain,ICO,Strategic Planning,Social Media,Social Media Marketing,Management,Social Networking,Legal Research,Corporate Law,Litigation,Customer Service,Entrepreneurship,Legal Writing,Corporate Governance,Negotiation,Marketing Communications,Team Leadership,Marketing Strategy,Leadership,Marketing,Employment Law,Legal Advice,Dispute Resolution,Privacy Law,Commercial Litigation,Intellectual Property,Arbitration,Civil Litigation,Courts,Immigration Law,Internet Services,IPTV,VoIP,Mediation,Strategy,Financial Analysis,Sales,Advertising",,,"Digital Money,CMS-Connected - The Content Management Industry News Group,STAPLES: Small Business Network",,1966,male,30,cxo,,Jysbtcbtcbtc,,,,,
57403029,Eric Gravengaard,Eric,Gravengaard,Verified emails found,2025-09-05 9:05:36,gravengaard@gmail.com,eric.gravengaard@escalon.services,gravengaard@gmail.com,gravengaard@gmail.com,eric.gravengaard@escalon.services,egravengaard@escalon.services,6172560328,6172560328,"415-640-1679
3126904466
3126430176",,https://www.linkedin.com/in/gravengaard,https://facebook.com/eric.gravengaard,,https://github.com/gravengaard,,https://angel.co/eric-gravengaard,,Consulting Chief Financial Officer,"Escalon Services, Inc.","Chandigarh, IN",escalon.services,https://escalon.services/,https://www.linkedin.com/company/escalon-business-services-pvt-ltd,"Winnetka, IL, US",Winnetka,,IL,US,"Escalon Services, Inc.",Consulting Chief Financial Officer,2022-08-01,Present,Athena Bitcoin,Member Board of Directors,2015-09-01,2025-01-01,Athena Bitcoin,CEO,2014-01-01,2022-08-01,Zen Trading FX,Partner,2014-12-01,2015-09-01,RII Trading/Rock Capital Markets,Portfolio Manager,2013-08-01,2014-10-01,University of Chicago,Master of Business Administration,,,Massachusetts Institute of Technology,,,,"Community Building,Strategy Implementation,Strategic Initiatives,Strategic Vision,Strategic Partnerships,Technical Proficiency,Executive Team,Executive Decision-making,Entrepreneurship,Business Strategy,Financial Services,Portfolio Management,Product Management,Strategy,Amazon Web Services (AWS),JavaScript,SQL,Communication,Due Diligence,Mergers & Acquisitions (M&A),Smart Contracts,Finance,Financial Analysis,Business Development,Python (Programming Language),Management,Product Development,Negotiation,Accounting,Budgeting,User Research,Product Discovery,Marketing,Language Skills,Product Launch,Quantitative Analytics,English,Corporate Finance,Financial Markets,Leadership,Cryptocurrency,Series 7,Hedge Funds,Bitcoin,Ethereum,Blockchain",,,,,1974,male,24,cxo,Finance,Jysbtcbtcbtc,,,,,
21196288,Jure Soklic,Jure,Soklic,Verified emails found,2025-09-05 9:05:14,jure@apillon.io,jure@apillon.io,juresoklic@yahoo.com,"jure@apillon.io,juresoklic@yahoo.com,jure.soklic@apillon.io",,,+386 41 366 702,+386 41 366 702,"+41 79 616 51 88
0038641366702",,https://www.linkedin.com/in/juresoklic,http://www.facebook.com/jure.soklic.9,,,https://www.crunchbase.com/person/jure-soklic,,,Co-Founder and CFO,Apillon,SG,apillon.io,https://apillon.io/,https://www.linkedin.com/company/apillon,"Ljubljana, SI",Ljubljana,,,SI,Apillon,Co-Founder and CFO,2021-05-01,Present,"Zymzo Host, d.o.o., Property Management Company",Investor,2020-04-01,Present,GENIE CATAMARANING,Business Owner,2019-02-01,Present,,,,,,,,,University of Ljubljana,MA,,,,,,,"Software as a Service (SaaS),Equity Trading,Cryptocurrency,Stock Market,Start-ups,Common Sense,Direct Marketing,E-commerce,Management,Marketing,Leadership,Sales,Sales Management,Mutual Funds,Advertising,Private Equity,Finance,Team Management,Marketing Strategy,Business Development,Entrepreneurship,Business Strategy,Strategy,Sales, Marketing, Leadership and Common sense,Online Advertising,CRM,Social Media Marketing,Marketing Management,Online Marketing,New Business Development,Digital Marketing,E Commerce,Microsoft Office,Leadership and Common Sense,Change Management,Retail,Omni,Team Leadership,Customer Service,Slovenian,Start Ups",,,"Ward Howell Ukraine,TechCrunch,Executive Suite,InternetRetailing - for leaders in ecommerce and multichannel retail,TED: Ideas Worth Spreading - Unofficial,Top Level Executives,Likemind Slovenia,Marketing Executives Group,TotalRetail,Finance Club,A STARTUP SPECIALISTS GROUP Online Global Network for Entrepreneurs,Startups (Business Jobs Careers)",,1978,male,6,owner,C_suite,Jysbtcbtcbtc,,,,,
2921323,Neil Edwards,Neil,Edwards,Verified emails found,2025-09-05 9:05:07,neil.edwards@signal12inc.com,neil.edwards@signal12inc.com,neiledwardsus@gmail.com,"neil.edwards@signal12inc.com,neiledwardsus@gmail.com,nedwards@signal12inc.com,nedwards1965@gmail.com,nedwards@spencertraskco.com,neil@vertecbiosolvents.com,nedwards1965@mac.com",,,5163170169,5163170169,"2055681607
7033097217
2056694870",,https://www.linkedin.com/in/nedwards,https://facebook.com/neiledwardsusa,https://twitter.com/neiledwardsusa,,https://crunchbase.com/person/neil-edwards,,,Chief Financial Officer,Signal12,"Greenwich, Connecticut, US",signal12inc.com,https://www.signal12inc.com,https://www.linkedin.com/company/signal-12,"New York, NY, US",New York,,NY,US,Signal12,Chief Financial Officer,2024-03-01,Present,Spencer Trask & Co.,Managing Director,2019-05-01,Present,"Vertec BioSolvents, Inc.",Member Board of Directors,2022-09-01,Present,EducacionIT,Member Board Of Directors,2022-05-01,2024-08-01,Vesselon,Chief Financial Officer,2020-12-01,2024-08-01,The Citadel,BA,,,Duke University - The Fuqua School of Business,,,,"Board of Directors,Digital Strategy,Business Turn-arounds,Performance Improvement,Mobile Devices,International Business,Corporate Development,Financial Modeling,Mobile,Financial Analysis,Supply Chain Management,Machine Learning,Strategic Planning,P&L Management,Mergers & Acquisitions (M&A),Artificial Intelligence (AI),E-commerce,Customer Relationship Management (CRM),Channel Partners,Entrepreneurial Experience,Mobile Payments,Korea,Customer Acquisition,Online Video,Social Games,Web Analytics,Venture Financing,International Sales,Social Media Marketing,Ireland,Subscription,Domain Name Registration,Blog Marketing,Mobile Internet,Marketing Strategy,Change Management,Sales,Board Relations,Product Management,Business Strategy,Executive Management,Financial Reporting,China Business Development,Monetization,Digital Media,Display Advertising,Entrepreneurship,MMA,Advisory Boards,Public Relations,Mobile Search,Mergers,Online Advertising,Product Launch,Online Marketing,Internet Security,Business Analysis,Mobile Advertising,Smartphones,Internet,Internet Strategy,Microsoft Office,Social Media,GSM,P&l,Speaking Engagements,Mobile Strategy,China,Mobile Applications,Video Blogging,New Business Development,Project Management,Management,Customer Relationship Management Crm,Cross Functional Team Leadership,Easily Adaptable,Creative Problem Solving,Revenue and Profit Growth,Forecasting,Team Leadership,P&l Forecasting,Strategy,Mergers and Acquisitions M&A,Value Chain Analysis,Strategic Planning for Growth,Artificial Intelligence Ai,Software as a Service Saas,Business Turn Arounds,Strategic Visionary,FinTech,Blockchain,E Commerce,Decisiveness,Data Science,Intellectually Curious,Innovation Development,Trusting Relationships,Big Data Analytics,Artificial Intelligence,Software as a Service,Customer Relationship Management,Mergers and Acquisitions",,,,,1962,male,9,cxo,C_suite,Jysbtcbtcbtc,,,,,
38003023,Phil Gaudiano,Phil,Gaudiano,Verified emails found,2025-09-05 9:05:04,philipgaudiano@gmail.com,phil@chainwisecpa.com,philipgaudiano@gmail.com,"philipgaudiano@gmail.com,phil@chainwisecpa.com,philip.gaudiano@gmail.com,peggau@aol.com",,"phil@chainwiseacademy.com,phil.gaudiano@chainwiseacademy.com,pgaudiano@chainwiseacademy.com,philgaudiano@chainwiseacademy.com,philg@chainwiseacademy.com,gaudiano@chainwiseacademy.com,philgaudiano@chainwisecpa.com",7038959069,7038959069,"1.7038959069
4342938586
7035030370
7038420090
7037577859
2169387877",,https://www.linkedin.com/in/philgaudiano,https://facebook.com/phil.gaudiano,,,,,,Co-founder and CFO,Chainwise Crypto Tax Academy,,chainwiseacademy.com,https://chainwiseacademy.com,https://www.linkedin.com/company/chainwise-crypto-tax-academy,"Great Falls, VA, US",Great Falls,,VA,US,Chainwise Crypto Tax Academy,Co-founder and CFO,2024-01-01,Present,Potomac Assurance Associates,Owner,2023-09-01,Present,Polygon Advisory Group,Co-founder and CFO,2020-10-01,Present,SagaTax Limited Company,Member-Manager,2013-09-01,2020-10-01,Navient,Tax Analyst - Corporate Tax,2014-05-01,2016-06-01,Cleveland State University,Master of Accountancy,,,State University of New York Maritime College,Bachelor of Science,,,"crypto tax,Income Tax,Tax Preparation,Prosystems Tax and Audit software,Tax Research,Auditing,Accounting,Time Management,Transportation,Logistics,Budgets,Operations Management,Microsoft Office,Microsoft Excel,ProSystem fx Tax,CCH ProSystem fx,Drake Tax Software,Project Management,Financial Accounting,Bookkeeping,CPA,GAAP,US GAAP,Tax Accounting,Government,Tax,Tax Returns,Human Resources,Navigation,Corporate Tax,Financial Statements,QuickBooks,Internal Controls,General Ledger,Analysis,Financial Analysis,Financial Reporting,Generally Accepted Accounting Principles (GAAP),Prosystems Tax,Surveyor,Science,Generally Accepted Accounting Principles Gaap,Generally Accepted Accounting Principles",,,,,1985,male,20,owner,C_suite,Jysbtcbtcbtc,,,,,
79370794,Hudson Cashdan,Hudson,Cashdan,Verified emails found,2025-09-05 9:04:55,hcashdan@aleto.co,hcashdan@aleto.co,hcashny@gmail.com,"hcashdan@aleto.co,hcashny@gmail.com,hudson.cashdan@toptal.com",,,5164432647,5164432647,"2122435229
1.5164432647
5168838315
6463516576
6465904545
6105594999",,https://www.linkedin.com/in/hudson-cashdan-cfa,https://facebook.com/hcashdan,https://twitter.com/hcashny,,,http://www.angel.co/294588,,CFO (Fractional),Aleto,"24 E Washington St suite 875, Chicago, Illinois 60602, US",aleto.co,https://aleto.co,https://www.linkedin.com/company/aleto-co,"Florida, United States",,,FL,US,Aleto,CFO (Fractional),2023-05-01,Present,Toptal,"Fractional CFO, Project Manager",2018-01-01,Present,TopStonks,Co-Founder,2020-03-01,Present,Xpand.io,Director of Business Development,2015-05-01,2017-08-01,Glenwood Capital,Senior Associate,2011-01-01,2013-01-01,Lafayette College,,,,New York University,,,,"Equity Research,Investments,Finance,Bloomberg,Venture Capital,Asset Management,Portfolio Management,Strategy,Financial Modeling,Private Equity,Statistical Data Analysis,Business Development,Emerging Markets,Hedge Funds,Equities,Valuation,Financial Analysis,Due Diligence,Mergers &amp; Acquisitions,Alternative Investments",,,,,1978,male,20,cxo,Finance,Jysbtcbtcbtc,,,,,
11579987,Marc Hamilton,Marc,Hamilton,Verified emails found,2025-09-05 9:04:32,marc.hamilton@3notch.com,marc.hamilton@3notch.com,marc_hamilton@comcast.net,"marc.hamilton@3notch.com,marc_hamilton@comcast.net",,,2055625309,,"7045250808
2053738515",,https://www.linkedin.com/in/marc-hamilton-3b25a012,https://facebook.com/marchamilton62,https://twitter.com/marc_hamilton,,,,,"CFO, Treasurer",Three Notch Group,"11 W. Court Square, Post Office Box 278 (36420), Andalusia, Alabama 36420, US",3notch.com,http://www.3notch.com/,https://www.linkedin.com/company/threenotchgroup,"Ooltewah, TN, US",Ooltewah,,TN,US,Three Notch Group,"CFO, Treasurer",2015-08-01,Present,THE ALABAMA SOCIETY OF CERTIFIED PUBLIC ACCOUNTANTS,Continuing Education Instructor,2016-01-01,Present,American Mensa,Member,2014-04-01,Present,Westervelt Company - Formerly Gulf States Paper Company,Treasurer,2007-07-01,2015-04-01,KPMG,Senior Tax Manager,1998-06-01,2001-11-01,The University of Alabama,Masters,,,Athens State University,BS,,,"Risk Management,Treasury Management,Accounting,Corporate Tax,Financial Analysis,Corporate Finance,Cash Management,Business Planning,Financial Modeling,Process Improvement,Strategic Planning,Accounts Payable,Tax,Finance,FASB,Provision,CPA,Microsoft Word,Leadership,Income Tax,Bitcoin,Business Analysis,Cyber Security,Big Data,Decision Making,Blockchain,Business Process Improvement,Management,Personal Finance,Financial Reporting,General Ledger,Big Data Analytics,Public Speaking,Small Business Financial Management,Communication,Database Development,Email,Time Management,Microsoft Outlook,Business Strategy,Teamwork,Organizational Leadership,Databases",,,"Alabama Center for Real Estate (ACRE),Successful QuickBooks Consultants QBO QB Power Hour Cloud Connect Accountant CPA Bookkeeping Online,Chief Financial Officer (CFO) Forum & Global Network,FOREST INVESTMENT GROUP,Treasury Management Network,Mergers and Acquisitions from FinancePlus,Architectural, Real Estate, Engineering, Industrial, Manufacturing and Construction Professionals",,1968,male,38,cxo,Finance,Jysbtcbtcbtc,,,,,
79168769,Eric Gary,Eric,Gary,Verified emails found,2025-09-05 9:04:24,eric@finclusivecapital.com,eric@finclusivecapital.com,ericgary1@gmail.com,"eric@finclusivecapital.com,ericgary1@gmail.com",,,240-780-3840,3012755132,"3019470821
3012755132
7036082549
4082674933",,https://www.linkedin.com/in/eric-gary-b31a2,https://facebook.com/eric.gary.7127,,,,,,Chief Financial Officer and Cofounder,FinClusive Capital,"New York, New York, US",finclusivecapital.com,http://www.finclusivecapital.com,https://www.linkedin.com/company/finclusivecapital,"Potomac, MD, US",Potomac,,MD,US,FinClusive Capital,Chief Financial Officer and Cofounder,2018-01-01,Present,Finclusive Capital,Chief Financial Officer,2018-01-01,Present,Juridica Capital Management,Chief Financial Officer,2009-12-01,2018-01-01,Cordatos Consulting,Partner,2002-01-01,Present,Lightwave Communications,Chief Financial Officer,2001-01-01,2002-01-01,Gw Investment Institute,Master of Business Administration,,,Alfred Lerner College of Business & Economics at University of Delaware,Bachelor of Science,,,"Strategy,Financial Technology,FinTech,Communication,Financial Reporting,Financial Analysis,Financial Performance,Financial Leadership,Technology Trends,General Operations,P&L Management,Institutional Investments,Payments,Cryptocurrency,Blockchain,Regulatory Compliance,Banking,Business Strategy,Business Development,Accounting,Business Planning,Strategic Planning,Start-ups,Private Equity,Finance,Business Analysis,Operations Management,Forecasting,Mergers,Corporate Finance,Telecommunications,Executive Management,Management,Risk Management,Due Diligence,Product Development,Strategic Financial Planning,Process Improvement,Investments,Leadership,Restructuring,Mergers & Acquisitions,Investor Relations,Financial Modeling,Venture Capital",,,,,1962,male,34,owner,C_suite,Jysbtcbtcbtc,,,,,
104502605,Stefan Gajewski,Stefan,Gajewski,Verified emails found,2025-09-05 9:04:24,stefan@tickethash.com,stefan@tickethash.com,,,stefan@tickethash.com,stefan.gajewski@tickethash.com,,,,,https://www.linkedin.com/in/stefan-gajewski-b761a3128,,,,,,,CFO | TIcketHash Technology,TicketHash | Technology,"Lünen, North Rhine-Westphalia, DE",tickethash.com,https://www.tickethash.com,https://www.linkedin.com/company/tickethash-technology,"Dortmund, NRW, DE",Dortmund,,NRW,DE,TicketHash | Technology,CFO | TIcketHash Technology,2018-11-01,Present,TicketHash | Technology,Chief Operating Officer | Co-Founder,2018-11-01,Present,Jamata Events UG,CEO und Founder,2016-06-01,Present,Tide Marketing,CEO,2017-01-01,Present,Kommunikationsagentur,CEO,2012-01-01,2016-12-01,Ruhr-Universität Bochum,Dipl. Sports Economist,,,FernUniversität in Hagen,Project Management,,,"Business Strategy,Business Development,Management,Marketing,Entrepreneurship,Marketing Strategy,User Experience,Leadership,Blockchain,Cryptocurrency,Unternehmensstrategie,Marketingstrategie,Soziale Medien,Strategische Planung,Projektmanagement",,,,,1990,male,13,cxo,,Jysbtcbtcbtc,,,,,
80973805,Suzanne Ley,Suzanne,Ley,Verified emails found,2025-09-05 9:04:10,suzanne@qrescendo.co,suzanne@qrescendo.co,suzyley77@gmail.com,"suzanne@qrescendo.co,suzyley77@gmail.com,suzanne@omniwire.com,suzyley@hotmail.com",,,917-733-0162,917-733-0162,"201-210-4731
212-412-3977
212-412-4000
716-691-5522
716-594-1670",,https://www.linkedin.com/in/suzanne-ley,,https://twitter.com/suzyley,,,,,Chief Executive Officer and Chief Financial Officer | Fintech Neo-Bank | Co-Founder,Qrescendo,,qrescendo.co,https://qrescendo.co/,https://www.linkedin.com/company/qrescendo,"New York, NY, US",New York,,NY,US,Qrescendo,Chief Executive Officer and Chief Financial Officer | Fintech Neo-Bank | Co-Founder,2024-10-01,Present,Golden Rose Consulting Group,CEO - Chief Financial Officer Practice,2019-01-01,Present,"Omniwire, Inc.",Chief Financial Officer | Fintech Issuer Processor,2024-01-01,Present,U.S. Department of the Treasury,"Consultant, Venture Capital Subject Matter Expert (SME) | SSBCI Program | US Department of Treasury",2023-01-01,2025-03-01,CRISIL Global Research & Risk Solutions,Director | Private Equity | Private Credit | CFO Services,2022-11-01,2023-10-01,The Wharton School,,,,GoingVC,,,,"Accounting,Fundraising,Investor Relations,Business Innovation,Strategic Planning,Forecasting,Early Stage Companies,Strategic Finance,Growth Strategies,CEO,Budgeting,Initial Public Offerings (IPO),CFO,CEOs,Originations,Loan Underwriting,MBA,Technology,Cryptocurrency,Digital Assets,Investment Banking,Capital Markets,FinTech,Valuation,Derivatives,Portfolio Management,Financial Modeling,Financial Analysis,Finance,Private Equity,Banking,Due Diligence,Corporate Finance,Financial Markets,Mergers & Acquisitions,Asset Management,Strategy,Financial Services,Risk Management,Economics,Payments,Business Development,Entrepreneurship,Venture Capital,Sales,Blockchain,Financial Institutions,Bitcoin,Transaction Origination,Partnerships,Executive Leadership,Mergers & Acquisitions (M&A)",,,,,1977,female,21,cxo,,Jysbtcbtcbtc,,,,,
56075449,Brian Mehler,Brian,Mehler,Verified emails found,2025-09-05 9:04:04,brian@byformation.com,brian@byformation.com,bmehler@gmail.com,"brian@byformation.com,bmehler@gmail.com,brian@stable.xyz,b.mehler@gmail.com",brian@gatewaycapital.fund,,770-597-1009,770-597-1009,1.6055656,,https://www.linkedin.com/in/brianmehler,http://www.facebook.com/people/_/6800112,http://twitter.com/mehler,,,http://www.angel.co/548543,,Chief Financial Officer,Stable,,stable.xyz,https://stable.xyz/,https://www.linkedin.com/company/stablexyz,"Dubai, AE",Dubai,,,AE,Stable,Chief Financial Officer,2025-08-01,Present,Gateway Capital,Director,2020-05-01,Present,Bel Bev Co,Board Member,2023-11-01,Present,ARX | adaptive resistance exercise,Board Member,2023-06-01,Present,Formation - Biohacking Studios,Director,2022-08-01,Present,Indiana University - Kelley School of Business,Bachelor of Science,,,,,,,"Financial Analysis,Mergers,Blockchain,Strategic Negotiations,Financial Modeling,Investments,Corporate Finance,Strategic Financial Planning,Negotiation,Due Diligence,Portfolio Management,Finance,Deal Sourcing,Valuation,Strategic Planning,Private Equity",,,,,1984,male,19,cxo,C_suite,Jysbtcbtcbtc,,,,,
576410,Elaine Bogart,Elaine,Bogart,Verified emails found,2025-09-05 9:03:56,elaineb@plusmedia.solutions,elaineb@plusmedia.solutions,emsbogart@gmail.com,"elaineb@plusmedia.solutions,emsbogart@gmail.com,e.bogart@att.net,elaine421@sbcglobal.net",,,3107407382,3107407382,,,https://www.linkedin.com/in/elainebogart,https://facebook.com/ebogart1,,,,,,Chief Financial Officer,"Elaine Bogart, CPA",US,finoryx.co,https://finoryx.co/,https://www.linkedin.com/company/elaine-bogart-cpa,"Los Angeles, CA, US",Los Angeles,,CA,US,"Elaine Bogart, CPA",Chief Financial Officer,2008-01-01,Present,Plus Media Solutions,Chief Financial Officer,2022-01-01,Present,Nifty's,CFO,2022-07-01,2023-06-01,Mojix,Chief Financial Officer,2018-01-01,2022-01-01,4Wall Entertainment,Head of and VP Finance - Seibo,2015-01-01,2017-01-01,UCLA,BA,,,Pepperdine University,MBA,,,"Finance process & team upskilling,Accounting Process,Mentoring,Treasury Management,Artificial Intelligence (AI),SAAS,Non-Fungible Tokens (NFTs),Web3,Blockchain,Chief Financial Officer,Executive Management,Financial Forecasting,Global Cross-Functional Team Leadership,Cryptocurrency,U.S. Generally Accepted Accounting Principles (GAAP),Mergers & Acquisitions (M&A),CFOs,Part-Time CFO Services,Financial Accounting,International Organizations,EBITDA Growth,Finance,Strategy,Business Strategy,Fractional CFO,Corporate Finance,Financial Operations,Financial Reporting,Leadership,Revenue Recognition,Strategic Planning,Board of Directors,Budgets,Management,GAAP,Staff Supervision,M&A due diligence,Accounting,Internal Controls,Start-ups,Seeing The Big Picture,Digital Media,Integration,Financial Analysis,Variance Analysis,Managerial Finance,Accounting Procedures,Budgeting,CPA,Generally Accepted Accounting Principles (GAAP),Financial Systems Implementation,Change Management,Mas 90,Great Communication,Part Time Cfo Services,Process Automation,Sales,Start Ups,Royalties,Integrations,JD Edwards,Controllership Functions,Great Plains,Entrepreneurship,Microsoft Excel,Supervisory Skills,Marketing,Cross Functional Team Leadership,Interim Cfo,Great Plains Software,Revenue Share,MBA,External Audit,QuickBooks,Month End Close,Due Diligence,Payroll,Generally Accepted Accounting Principles Gaap,AS400,Business Development,Generally Accepted Accounting Principles",,,,,1973,female,19,cxo,C_suite,Jysbtcbtcbtc,,,,,
35870118,Baptiste Billoir,Baptiste,Billoir,Verified emails found,2025-09-05 9:01:35,baptiste.billoir@agent-biotech.com,baptiste.billoir@agent-biotech.com,,baptiste.billoir@agent-biotech.com,,,+33 6 66 43 90 61,+33 6 66 43 90 61,,,https://www.linkedin.com/in/baptiste-billoir-53498161,http://www.facebook.com/baptistearctikbankizz.billoir,,,,,,Co-founder and CFO,AgenT,"5 Parvis Alan Turing, Paris, Île-de-France 75013, FR",agent-biotech.com,http://www.agent-biotech.com,https://www.linkedin.com/company/agent-biotech,"Paris, FR",Paris,,,FR,AgenT,Co-founder and CFO,2016-09-01,Present,EY,Consultant - Jumpstart Program,2015-09-01,2017-09-01,Exane,Equity Research Analyst - Banks team,2014-01-01,2014-07-01,Perceva,Private Equity - Intern Analyst,2013-07-01,2013-12-01,Bureau Des Élèves HEC Paris,Treasurer,2012-04-01,2013-05-01,HEC School of Management / HEC Paris,Master's degree in Entrepreneurship,,,Lycée Claude Bernard,,,,"Entrepreneuriat,Economics,Corporate Finance,Valuation,Financial Modeling,Capital Markets,Bloomberg,English,Strategy,Management Consulting,Entrepreneurship,Microsoft Excel,Financial Analysis,Market Analysis,Finance d'entreprise,Blockchain,Business Strategy,Investment Banking,French,Financial Markets,Anglais,Spanish",,,,,1991,male,12,owner,C_suite,Jysbtcbtcbtc,,,,,
23904929,Phil Mochan,Phil,Mochan,Verified emails found,2025-09-05 9:01:14,phil.mochan@thrive.eco,phil.mochan@thrive.eco,philmochan@gmail.com,"phil.mochan@thrive.eco,philmochan@gmail.com,philmochan@yahoo.co.uk,phil.mochan@cognisent.com,pmochan@cognisent.com","philmochan@nomos.digital,phil.mochan@nomos.digital","pmochan@nomos.digital,phil.mochan@thersa.org,phil_mochan@thersa.org,philm@nomos.digital,mochan@nomos.digital",203-510-0101,203-510-0101,"+44 7710 094203
447711009580
+44 20 3510 0100
+44 870 803 1107
+44 20 3031 4789
303-596-1226",,https://www.linkedin.com/in/philmochan,http://www.facebook.com/phil.mochan,,,,https://angel.co/phil-mochan,,Founder and CFO,Thrive,"Morecambe, England, GB",thrive.eco,https://thrive.eco/,https://www.linkedin.com/company/thrive-sciences,"London, GB",London,,,UK,Thrive,Founder and CFO,2024-08-01,Present,Axion Assets,"Founder, CFO, Chairman",2024-11-01,Present,Nomos Digital,Founder and CEO,2021-02-01,Present,Global Digital Asset & Cryptocurrency Association,Advisory Board Member,2020-06-01,Present,"The RSA (The royal society for arts, manufactures and commerce)",Fellow,1999-10-01,Present,,,,,Chartered Institute of Marketing,,,,"Start-ups,Corporate Development,Entrepreneurship,Strategic Partnerships,Strategy,Private Equity,Crypto-Currencies,Business Strategy,Corporate Finance,Debt & Equity Financing,Venture Capital,Digital Media,Telecommunications,Management Consulting,Product Management,Capital Raising,Mobile Payments,E-commerce,Mergers & Acquisitions,Economic Regulation,Digital Identity,Business Development,Outsourcing,Mobile Devices,Cloud Computing,Executive Management,Management,Mobile Marketing,Strategic Marketing Consultancy,CRM,SaaS,Global E-commerce,Business Recovery Planning,Consulting,Leadership,Marketing Strategy,Marketing,Telecommunication Services,Business Planning,Strategic Planning,Debt And Equity Financing,Customer Relationship Management Crm,E Commerce,Sales,Start Ups,Software As A Service Saas,Global E Commerce,Microsoft Office,Startups,SQL,Mergers and Acquisitions,Crypto Currencies,Microsoft Excel,Software as a Service,Customer Relationship Management",,,"CrowdSourcing & CrowdFunding for Entrepreneurs & Investors,Digital Venture Capital Association,I Bet We Can Find 1,000 Entrepreneurs,Bright Ideas & Entrepreneurs | Small Business Startup Community,The BLN & IoT Forum,Global Angels,Video Payments,Media & Marketing Professionals Worldwide,Angel Investors,Startup Network - North America,Angel Investor Group,Gaming People - The Gaming People Expert Network (+33.000),Totally Gaming Network,Mayfair Capital Planning LLP",,1969,male,39,owner,C_suite,Jysbtcbtcbtc,,,,,
9826667,Joshua Kumi,Joshua,Kumi,Verified emails found,2025-09-05 9:01:00,joshuakumi@gmail.com,kumida_j1@denison.edu,joshuakumi@gmail.com,kumida_j1@denison.edu,joshuakumi@gmail.com,,6142339510,,,,https://www.linkedin.com/in/joshua-kumi-86192a57,,,,,,,CFO,Vestein Investment Group LLC,"Columbus, Ohio 43231, US",vestein.com,http://www.vestein.com,https://www.linkedin.com/company/vestein-investment-group-llc,United States,,,,US,Vestein Investment Group LLC,CFO,2016-12-01,Present,Elite Tutors,Founder and CEO,2015-08-01,Present,Denison University,Athletics Facilities Monitor,2012-09-01,Present,I Know I Can,College Advisor,2015-08-01,2016-08-01,City of Windhoek,Economic Development Officer,2014-02-01,2014-05-01,Denison University,,,,,,,,"Entrepreneurship,Analytics,Microsoft Office,Marketing Strategy,Event Planning,Business Development,Research,Critical Thinking,Leadership Development,Public Speaking,PowerPoint,Microsoft Excel,Microsoft Word,Public Relations,Budgets,Customer Service,Insurance,Keyboards,Social Networking,Start-ups,Leadership,Editing,Social Media,Community Outreach,Teamwork,Data Analysis,Blockchain,Start Ups",,,,,1993,male,13,cxo,C_suite,Jysbtcbtcbtc,,,,,
3548134,Love Joshi,Love,Joshi,Verified emails found,2025-09-05 9:00:46,love.joshi@slyd.com,love.joshi@slyd.com,ljoshi1@yahoo.com,"love.joshi@slyd.com,ljoshi1@yahoo.com,ljoshi1@gmail.com",,,8479035683,8479035683,"1.8479035683
8473232326
8478284990
4806330301
8477638380
8476757179
2623272927
4802476320
8473049975",,https://www.linkedin.com/in/lovejoshi,https://facebook.com/ljoshi1,,,,https://angel.co/love-joshi,,Co-Founder and Chief Financial Officer,SLYD Group Inc.,"444 W Lake St, Chicago, Illinois 60606, US",slyd.com,https://www.slyd.com,https://www.linkedin.com/company/slyd-group,"Chicago, IL, US",Chicago,,IL,US,SLYD Group Inc.,Co-Founder and Chief Financial Officer,2023-01-01,Present,Atlas Power,Finance and Operations Advisor,2022-12-01,2023-12-01,Atlas Power,Chief Financial Officer | Treasurer | Interim Chief Operating Officer,2021-06-01,2022-12-01,Alpha Growth Advisors,Founder | PE Finance Operating Partner | CFO Advisor,2017-01-01,2023-01-01,Genpact,CFO Advisory,2014-01-01,2016-01-01,The University of Chicago Booth School of Business,Master of Business Administration (MBA),,,DePaul University,B.S. Commerce,,,"Corporate Tax,Financial Planning,Financial Audits,Big Four Accounting Firms,Strategy,Consulting,Management Consulting,Financial Modeling,Mergers & Acquisitions,Business Process Improvement,Financial Reporting,Valuation,Risk Management,Business Process,Financial Analysis,Internal Audit,Business Intelligence,Sarbanes-Oxley Act,Internal Controls,Finance,Accounting,Program Management,External Audit,Financial Accounting,Change Management,Strategic Planning,Business Strategy,Sarbanes-Oxley,Business Transformation,Due Diligence,Financial Services,Process Transformation,Cost Reduction,Corporate Finance,Start-ups,Private Equity,Acquisition Integration,Business Analysis,Auditing,Financial Risk,Management,Leadership,Client Relationship Building,Process Improvement,Planning Budgeting & Forecasting,Working Capital Management,Profitability Improvement,Operating Models,Cryptocurrency,Cryptocurrency Mining,Business Development,Analysis,Lead Generation,Restructuring,Analytical Skills,Business Finance,Advisory Services,Business Model Development,Enterprise Risk,Public Speaking,Revenue And Profit Growth,Enterprise Risk Management,Start Ups,Financial Modelling &Amp,Advisory,Managerial Accounting,ERP,Client Relationship,Microsoft Office,Sales and Marketing,Sarbanes Oxley,Microsoft Excel,Tax Accounting,Sarbanes Oxley Act,Project Management,SOX,Growth Strategy And Execution,Mergers and Acquisitions,Services,Venture Finance,Team Management,Customer Service",,,"Accounting professionals,Corporate M&A and Capital Markets,EY US Alumni (Official),The University of Chicago Innovation Roundtable,Chicago Booth: Investment Management,The Strategic CFO,Chicago Booth Full-Time MBA Class of 2013",,1980,female,23,owner,C_suite,Jysbtcbtcbtc,,,,,
234411641,Jake Menard,Jake,Menard,Verified emails found,2025-09-05 9:00:35,jake@renewablox.com,jake@renewablox.com,,jake@renewablox.com,,,6308815393,,,,https://www.linkedin.com/in/jake-menard-454b5b152,,,,,,,Chief Financial Officer,RenewaBlox,"Slough, England, GB",renewablox.com,http://www.renewablox.com,https://www.linkedin.com/company/renewablox,"Oswego, IL, US",Oswego,,IL,US,RenewaBlox,Chief Financial Officer,2021-11-01,Present,"Dwell Homes, Inc",Project Manager,2021-06-01,Present,Chicago White Sox,Instructional Coach,2018-05-01,2022-05-01,Chicago White Sox,Instructional Coach,2017-06-01,2022-05-01,Phillips Park Golf Course,Seasonal Worker,2016-05-01,2016-08-01,Illinois Institute of Technology,Master of Science - MS,,,Illinois Institute of Technology,Bachelor of Science - BS,,,"Process Scheduler,Quality Management,Materials Management,Contractor Supervision,Financial Analysis,Tokenization,Blockchain,Microsoft Word,Microsoft Excel,Time Management,Research,Cash Flow,Entrepreneurship,Teamwork,Management,Stock Market,Portfolio Optimization,Time Value of Money,Quantitative Analytics,Microsoft PowerPoint,Quantitative Finance,Money Management,Finance,Accounting,Leadership,Python (Programming Language)",,,,,1998,male,8,cxo,C_suite,Jysbtcbtcbtc,,,,,
5137570,Alexander Luton,Alexander,Luton,Verified emails found,2025-09-05 9:00:30,alex.luton@etana.com,alex.luton@etana.com,alexander.luton@gmail.com,"alex.luton@etana.com,alexander.luton@gmail.com",,,3106214989,,"7472428328
8185265000",(303) 357-1104,https://www.linkedin.com/in/alexanderluton,,http://www.twitter.com/alexluton,,,,,Chief Financial Officer,Etana,"999 17th St, Denver, Colorado 80219, US",etana.com,https://www.etana.com/,https://www.linkedin.com/company/etana-custody,"Greenwich, CT, US",Greenwich,,CT,US,Etana,Chief Financial Officer,2024-01-01,Present,Three Six Zero,CFO and COO,2021-01-01,2023-01-01,Protos Security,Vice President Finance,2020-01-01,2021-01-01,Protos Security,Consulting Vice President Finance,2019-01-01,2020-01-01,Lampix,"Vice President, Finance and Operations",2017-01-01,2018-01-01,Pepperdine Graziadio Business School,,,,Fairleigh Dickinson University,,,,"Financial Modeling,Financial Analysis,Analysis,Strategic Planning,Management,Forecasting,Finance,Budgets,Mergers & Acquisitions,Financial Reporting,Cross-functional Team Leadership,Managerial Finance,Strategy,Business Strategy,Strategic Financial Planning,SAP R/3,Cognos,Integration Strategies,Integration Planning,Corporate Integration,BPCS,Leadership,Deal Analysis,Corporate Finance,Business Process Improvement,Business Process Development,Start-ups,Cryptocurrency,Accounting,Executive Management,Team Leadership,Consulting,Human Resources (HR),Essbase,BPC,Microsoft Office,Merchandise,Variance Analysis,Planning,Expenses,Windows,Sales,Cost,Mentoring,Programming,Cross Functional Team Leadership,Scholarships,Windows XP,Film,Revenue,Design,Financial Statements,PC,Insurance Planning,American Express,Broadcast,Clinical Psychology,Liaising,Quarter,Methodology,Financial Forecasting,Written Correspondence,Titles,Profit,Customer Satisfaction,System,Ultimate,Existential,Windows 2000,Hyperion,Microsoft Excel,Training,Straightforward,Documentation,Research,Reporting,Abstracts,P&l,SAP,Cash Flow,Home Video,Cross Functional Team,Month End,Royalties,Business Development,Schedules,Pay TV,Modeling,Negotiation,Advertising,Capital Assets,Licensing,Entertainment,Sarbanes Oxley Act,Contractual Agreements,Strategic Financial,Accounts Receivable,Covering,Nbc,Computer Proficiency,Responsibility,Amsterdam,Distribution,International,Google Groups,Estimate,Bank Statements,Start Ups,Affiliates,Investments,Academic,Windows Vista,San Diego,Compliance,Mac,Video,Distribution Handling,Psychology,Inter Company,Light,Tv Distribution,Television,Mergers and Acquisitions,Liabilities,Coordinated,Financial Results",,,"FP&A - Financial Planning & Analysis,VOD and Media Professionals,Film & TV Professionals,Pepperdine MBA,Media & Entertainment Professionals,NBCUniversal Alumni,Big Data | Analytics | Strategy | Finance | Innovation,Finance Plus: Private Equity, Venture Capital and M&A news,Finance Club,Princeton High School Alumni - PHS - Princeton, NJ",,1984,male,15,cxo,C_suite,Jysbtcbtcbtc,,,,,
33030039,Frank Pazera,Frank,Pazera,Verified emails found,2025-09-05 9:00:17,fpazera@gmail.com,,fpazera@gmail.com,"fpazera@gmail.com,fpazera@mac.com",,"frank.pazera@coloradolaw.net,fpazera@coloradolaw.net,frank@coloradolaw.net,frankpazera@coloradolaw.net",423-443-5940,423-443-5940,"404-307-4505
262-335-6322
1.4234435940
423-702-7004
678-636-0002
423-842-6049
262-707-3892
707-592-8785",,https://www.linkedin.com/in/fpazera,,https://twitter.com/fpazera,,,,,Chief Financial Officer,"Bachus & Schanker, LLC","1899 Wynkoop Street Suite 700, Denver, Colorado 80219, US",coloradolaw.net,http://www.coloradolaw.net/,https://www.linkedin.com/company/bachus-&-schanker-llc,"Denver, CO, US",Denver,80219,CO,US,"Bachus & Schanker, LLC",Chief Financial Officer,2024-01-01,Present,"Bean Box, LLC",Managing Director,2007-01-01,2024-01-01,American Auto Shield,EVP and Chief Financial Officer,2018-01-01,2023-01-01,"Covista Communications, Inc.",Chief Executive Officer,2002-01-01,2007-01-01,Network One,Chief Operating Officer,1997-01-01,2001-01-01,Emory University - Goizueta Business School,,,,Lubar College of Business,,,,"Big Data Analytics,Cloud Computing,Financial Advisory,Cybersecurity,Artificial Intelligence (AI),Going Public Readiness,Insurance Industry,Reinsurance,Capital Management,Accounting Standards,Cybercrime Investigation,Subscription Billing,Subscription Sales,ASC 606,Cloud Applications,Google Analytics,Google Cloud Platform (GCP),Salesforce.com Administration,FinTech,Digital Currency,Leadership,Auditing,Team Building,E Commerce,Msb,Restructuring,Xero,Strategic Partnerships,Accounting,Cash Flow,Human Resources,Executive Management,Mergers,Corporate Finance,Digital Payments,Start Ups,Tax,Financial Modeling,Forecasting,Business Development,Finance,SEC filings,Strategic Planning,Strategy,Management Consulting,Budgeting,Operations Management,Cyber Security,Entrepreneurship,Facilities,Financial Analysis,Enterprise Software,QuickBooks,Blockchain,Sarbanes Oxley Act,Business Strategy,Management,SaaS,Financial Reporting,IT Security,Due Diligence,CAMS,Venture Capital,Bsa/Aml,Mergers and Acquisitions,Integration,Data Visualization,Divestitures,Analysis,Business Process Improvement,Project Management",,,,,1933,male,29,cxo,C_suite,Jysbtcbtcbtc,,,,,
4694604,Magin Francisco Briceno,Magin,Briceno,Verified emails found,2025-09-05 8:59:52,magin.briceno@libertynet.com,magin.briceno@libertynet.com,maginb@yahoo.com,"magin.briceno@libertynet.com,maginb@yahoo.com",,,3056078717,3056078717,3059255280,,https://www.linkedin.com/in/maginb,https://facebook.com/magin.briceno.1,,,,,,Chief Financial Officer,Liberty Networks,"15950 West Dixie Highway, Miami, Florida 33162, US",libertynet.com,https://libertynet.com/,https://www.linkedin.com/company/wearelibertynetworks,"Florida, United States",,,FL,US,Liberty Networks,Chief Financial Officer,2023-12-01,Present,Viasat Inc.,VP of Finance EMEA | FP and A | M and A | Satellite | International Finance | B2B B2C | Wholesale,2022-01-01,2023-12-01,Viasat Inc.,Head of Finance Global Business | International Finance | M and A | Satellite | Latam | EMEA,2019-01-01,2022-01-01,NEORIS,CFO USA | IT | SaaS | SAP | Digital Transformation | Latam,2017-01-01,2018-01-01,Telefónica,VP FP and A Global Business | Telecommunications | Cloud | IoT | M and A| Global FP and A | Tax Optimization,2011-01-01,2017-01-01,MIT,,,,Boston University,BSc,,,"Financial Strategy,International Finance,Telecommunications,Strategic Financial Planning,Finance,Strategy,Managerial Finance,Corporate Finance,Forecasting,Financial Analysis,Process Improvement,Contract Negotiation,Mergers & Acquisitions,Strategic Planning,Analysis,Business Planning,Business Process Improvement,Management Consulting,Business Analysis,Financial Modeling,Mobile Technology,M2M,B2B,Outsourcing,International Business,Due Diligence,Start-ups,Business Strategy,Latin America,Competitive Analysis,Management,Mobile Devices,Product Management,Project Planning,Financial Planning,Capital Funding,Multiple Currencies,It Oversight,Acquisition Analysis,Accounting,Business Development,Capex,Mergers and Acquisitions,Legal Entities,Sap Implementations,Profitability,EBITDA Growth,Start Ups,Project Management,Digital Transformation,Cost Savings,Budget Development,Taxation,US GAAP,International Financial Reporting Standards Ifrs,Matrix Teams,Budget Approvals,Marketing,Bid Management,Analyst Relations,Board Relations,Executive Collaboration,Global Teams,Financial Policies,Leadership,Kpis,Banking Relationships,Blockchain Strategy,International Financial Reporting Standards,Distributed Ledgers",,,"MIT Massachusetts Institute of Technology Alumni,Telefónica - Current and Former Employees of Telefonica,Telecoms Professionals: IoT, LTE, M2M, OTT, Internet of Things, Mobile, Telecom,AseMaster IESA,Boston University Alumni,Colegio San Ignacio de Loyola Alumni (Caracas, Venezuela)",,1960,male,27,cxo,C_suite,Jysbtcbtcbtc,,,,,
35641373,Ehsan Kiani,Ehsan,Kiani,Verified emails found,2025-09-05 8:59:43,e.kiani@alliancegroupinvestments.co.uk,e.kiani@alliancegroupinvestments.co.uk,,"e.kiani@alliancegroupinvestments.co.uk,ehsankiani@4squared.co.uk",,,+44 7924 797415,+44 7924 797415,+44 7850 640646,,https://www.linkedin.com/in/ehsan-kiani-32748396,,,,,,,Chief Financial Officer,Alliance Group,UK,alliancegroupinvestments.co.uk,https://www.alliancegroupinvestments.co.uk,https://www.linkedin.com/company/alliancegroupinvestments,"London, GB",London,,,UK,Alliance Group,Chief Financial Officer,2023-10-01,Present,4Squared Consulting,Managing Director,2022-09-01,Present,CyberApt Recruitment,Non Executive Director,2020-01-01,Present,Mortgage Simple,Commercial Director,2022-06-01,2024-08-01,Habib Bank AG Zurich,Vice President - Head of Retail Banking,2019-03-01,2022-05-01,Chartered Management Institute,CMGR FCMI,,,"Saïd Business School, University of Oxford",,,,"Finance,Leadership,Mortgage Lending,Retail Banking,Banking,Financial Services,Retail,Branch Banking,Commercial Banking,Credit Risk,Financial Risk,Loans,Risk Management,Credit,Relationship Management,Management,Portfolio Management,Team Management,Coaching,Team Leadership,Stakeholder Management,Strategy,Microsoft Office,Microsoft Excel,Customer Service,Project Management,Branch Management,Business Relationship Management,Blockchain",,,"Santander World,Football/Soccer Coaching Discussion Group",,1981,female,23,cxo,C_suite,Jysbtcbtcbtc,,,,,
68324877,Nico Prugger,Nico,Prugger,Verified emails found,2025-09-05 8:59:43,nicoprugger@gmail.com,nico@teneo.pro,nicoprugger@gmail.com,nico@teneo.pro,nicoprugger@gmail.com,,+43 664 2373031,+43 664 2373031,,,https://www.linkedin.com/in/nico-prugger-62796913b,,,,,,,Co-Founder and CFO,Teneo Protocol,,teneo.pro,https://teneo.pro/,https://www.linkedin.com/company/teneo-protocol,Austria,,,,AT,Teneo Protocol,Co-Founder and CFO,2024-04-01,Present,ELOOP Foundation,Board Member,2024-04-01,Present,ELOOP,Co-Founder and Managing Director,2016-10-01,2024-04-01,thyssenkrupp Presta AG,Business Excellence and Lean Management,2012-01-01,2016-01-01,,,,,MCI | The Entrepreneurial School®,Bachelor of Science (BSc),,,Stellenbosch University,Bachelor's degree,,,"SolidWorks,Ingenieurwissenschaften,Projektmanagement,Adobe Photoshop,blockchain,Adobe Illustrator,Alternative Finanzierungsformen,Unternehmensstrategie,WordPress,Lean Start-Up,Crowdinvesting",,,,,1994,male,12,owner,C_suite,Jysbtcbtcbtc,,,,,
12277043,Deana Davis,Deana,Davis,Verified emails found,2025-09-05 8:59:31,deanadavis.cpa@gmail.com,ddavis@joepowell.com,deanadavis.cpa@gmail.com,"deanadavis.cpa@gmail.com,deanadavis11@yahoo.com,farrdeanadawn@gmail.com,deanafarr5@gmail.com",ddavis@joepowell.com,,770-570-8230,770-570-8230,"864-712-8888
7704421124
770-521-5472
864-296-3218",(770) 449-4010,https://www.linkedin.com/in/deana-farr-davis-cpa-4761449,http://www.facebook.com/deana.f.davis,,,,,,Chief Financial Officer,Joe Powell and Associates,"6775 Meadow Ln, Alpharetta, Georgia 30005, US",joepowell.com,http://www.joepowell.com,https://www.linkedin.com/company/joe-powell-and-associates,"Atlanta, GA, US",Atlanta,30303,GA,US,Joe Powell and Associates,Chief Financial Officer,2025-02-01,Present,Specialty Tile Products,Chief Financial Officer,2018-08-01,2024-10-01,Beazer Homes,Vice President Of Accounting,2015-11-01,2017-11-01,CRC Swett,Controller,2008-04-01,2015-10-01,Ashton Woods Homes,Corporate Controller,2007-04-01,2008-04-01,Mount Saint Mary's University,Bachelor of Science (B.S.),,,,,,,"Accounting,Finance,Auditing,Process Improvement,GAAP,Budgets,Variance Analysis,Forecasting,Treasury,Sarbanes-Oxley Act,Insurance,Cash Management,Property & Casualty Insurance,Risk Management,Mergers & Acquisitions,US GAAP,Accounts Payable,Budgeting,Business Process Improvement,Due Diligence,Fixed Assets,Cash Flow,Financial Reporting,Internal Controls,Financial Statements,General Ledger,Payroll,U.S. SEC Filings,Corporate Tax,Account Reconciliation,Consolidation,Corporate Finance,Cash Flow Forecasting,Financial Analysis,Tax,Strategic Planning,Oracle,Hyperion,JD Edwards,Microsoft Office,Microsoft Excel,Leadership,Management,Executive Management,Internal & External Reporting,Compliance,Blockchain,Generally Accepted Accounting Principles (GAAP),Internal and External,Internal and External Reporting,Property and Casualty Insurance,Property and Casualty,Sarbanes Oxley Act,Mergers and Acquisitions,Generally Accepted Accounting Principles Gaap,Generally Accepted Accounting Principles",,,"Corporate FP&A/CFO/Procurement/Sourcing/Strategy Professionals,The Strategic CFO,CPA & Business Professional Group,WIN::Women in Numbers Accountant CFO Controller Financial Planners Investments Insurance - Etc.,Atlanta Accounting & Finance Professionals Network,Financial & Business Controllers Group 1 (full, look at 2),Financial Control | Finance | Accounting | Audit | Reporting | CPA | ACA | ACCA | Accountant,Subsidiaries Controller and Sales Controller,Cloud Accounting,Financial Reporting Valuation,Finance Plus: Private Equity, Venture Capital and M&A news,PricewaterhouseCoopers LLP (PwC US)",,1972,female,30,cxo,C_suite,Jysbtcbtcbtc,,,,,
10876669,Giles Ward,Giles,Ward,Verified emails found,2025-09-05 8:59:23,giles@equitabletn.com,giles@equitabletn.com,giward@gmail.com,"giles@equitabletn.com,giward@gmail.com,giles_ward@yahoo.com",,,6155844455,6155844455,"1.6155844455
7136290700
6152340940
6157778201
6159339219
2147362700",(212) 554-1234,https://www.linkedin.com/in/gilesward,https://facebook.com/giles.ward,,,,,,Chief Financial Officer,"Equitable Property Company, LLC","3201 Trevor Street Suite 200, Nashville, Tennessee 37209, US",equitabletn.com,http://www.equitabletn.com,https://www.linkedin.com/company/equitable-property-company-llc,"Nashville, TN, US",Nashville,,TN,US,"Equitable Property Company, LLC",Chief Financial Officer,2021-09-01,Present,Hashed Health,Advisor | Investor,2020-01-01,Present,Hashed Health,Chief Operating Officer,2017-01-01,2020-01-01,Hashed Health,"Executive Director | Foundering Member, Consortium",2016-01-01,2017-01-01,Monogram Health,"SVP - Data, Technology, and Performance Optimization",2021-02-01,2021-09-01,University of North Carolina at Chapel Hill,,,,Vanderbilt University - Owen Graduate School of Management,,,,"Social Media,Leadership,Marketing Strategy,Financial Analysis,Microsoft Word,Requirements Gathering,Commitment Ceremonies,Military,Sales Management,Business Process Mapping,Strategic Partnerships,Marketing Mix Modeling,Executive Management,Account Management,Valuation,Financial And Operational Modeling,Business Networking,Start Ups,Financial Modeling,Forecasting,Business Development,Business Analysis,Relationship Management,Data Analytics,Healthcare,Finance,Process Improvement,Strategic Planning,Physician Relations,Strategy,Revenue Cycle,Process Mapping,Healthcare Information Technology Hit,Community Building,Acquisitions,Healthcare Information Technology,Managed Care,Transition Planning,Business Process Improvement,Blockchain,Business Strategy,Management,Due Diligence,Healthcare Management,Transition Management,Mergers and Acquisitions,Analysis",,,,,1970,male,23,cxo,C_suite,Jysbtcbtcbtc,,,,,
16465056,Astrid Chang,Astrid,Chang,Verified emails found,2025-09-05 8:59:22,astrid@provenance.org,astrid@provenance.org,astridchang@gmail.com,"astrid@provenance.org,astridchang@gmail.com,astrid.chang@gmail.com",,"astrid.chang@web3financeclub.com,achang@web3financeclub.com,astridchang@web3financeclub.com",+44 7769 646102,+44 7769 646102,"+44 20 7634 3596
+44 20 7634 3501",(540) 377-5224,https://www.linkedin.com/in/astridchang,http://www.facebook.com/people/_/37000333,,,,,,CFO,Provenance,UK,provenance.org,http://www.provenance.org,https://www.linkedin.com/company/project-provenance,"London, GB",London,,,UK,Provenance,CFO,2022-04-01,Present,Provenance,COO-CFO,2018-09-01,2022-03-01,Web3Finance Club,Contributor,2025-01-01,Present,Moelis & Company,Executive Director,2010-01-01,2018-06-01,Deutsche Bank,Analyst,2007-07-01,2009-12-01,The London School of Economics and Political Science (LSE),BSc,,,The Wharton School,Executive Leadership Program,,,"Mergers & Acquisitions,Corporate Finance,Equity Capital Markets,Leveraged Finance,Private Placements,Corporate Development,Private Equity,Financial Modeling,Project Management,Business Valuation,Business Development,Natural Resources,IPO,Mergers and Acquisitions,Strategy,Equities,Structured Finance,Angel Investing,SaaS,Blockchain",,,,,1984,female,17,cxo,C_suite,Jysbtcbtcbtc,,,,,
113239385,Brian Chin,Brian,Chin,Verified emails found,2025-09-05 8:58:58,brian.chin@emolbi.com,brian.chin@emolbi.com,bchin2020@gmail.com,"brian.chin@emolbi.com,bchin2020@gmail.com,brian.chin@yahoo.com,varsitysoccer@hotmail.com",,,5625877151,5625877151,"3028322534
5629924758
3025885520",,https://www.linkedin.com/in/brianmchin,https://facebook.com/beechin,,,,,,Chief Financial Officer,Emolbi,"483 N. Aviation Blvd, El Segundo, California 90245, US",emolbi.com,http://emolbi.com/,https://www.linkedin.com/company/emolbi,"Los Angeles, CA, US",Los Angeles,,CA,US,Emolbi,Chief Financial Officer,2019-06-01,Present,Optimum Technologies LLC,Director of Contracts,2018-03-01,2019-05-01,SAIC,Sr. Acquisitions Manager,2015-08-01,2018-03-01,SAIC,Acquisitions Manager,2013-05-01,2015-08-01,United States Air Force,Procuring Contracting Officer,2010-08-01,2013-05-01,University of Pennsylvania,Master's degree,,,William & Mary,Master of Business Administration (MBA),,,"Security Clearance,Program Management,Government Contracting,Corporate Finance,Financial Forecasting,Financial Planning,Entrepreneurship,Procurement,Cost Accounting,Acquistions,Budgets,National Security,U.S. Department of Defense,Government,Military,Air Force,Unit Testing,Test Driven Development,Data Analysis,Python (Programming Language),Java,HTML,WordPress,Microsoft Excel,Microsoft PowerPoint,Management,Contract Negotiation,Leadership,FAR,Source Selection,Active Top Secret,Launch Vehicles,Satellite Development,Board of Directors,Process Improvement,Proposal Preparation,NumPy,Matplotlib,PyCharm,Ethereum,Blockchain,C (Programming Language),Assembly Language",,,,,1985,male,18,cxo,C_suite,Jysbtcbtcbtc,,,,,
12146332,Michael Smolenski,Michael,Smolenski,Verified emails found,2025-09-05 8:58:42,mike_smo@yahoo.com,,mike_smo@yahoo.com,mike_smo@yahoo.com,,"michael_smolenski@vanguard.com,msmolenski@vanguard.com,michael.smolenski@vanguard.com",,,,,https://www.linkedin.com/in/michaelsmolenski,,https://twitter.com/mikesmolenski,https://github.com/mikesmo,,https://angel.co/michael-smolenski,,Chief Financial Officer - Vanguard Workplace Solutions,Vanguard,"100 Vanguard Blvd, Valley Forge, Pennsylvania 19482, US",vanguard.com,http://www.vanguard.com,https://www.linkedin.com/company/vanguard,"Philadelphia, PA, US",Philadelphia,,PA,US,Vanguard,Chief Financial Officer - Vanguard Workplace Solutions,2021-01-01,Present,Vanguard,Financial Director,2011-02-01,2020-12-01,Vanguard,Strategy Manager,2009-01-01,2011-01-01,Vanguard,Finance Manager,2006-08-01,2008-12-01,Vanguard,Financial Analyst,2004-07-01,2006-07-01,Alfred Lerner College of Business & Economics at University of Delaware,Bachelor's degree,,,Villanova School of Business,MBA,,,"Business Analysis,Marketing,Process Improvement,Strategy,Microsoft Excel,Project Management,US GAAP,Enterprise Risk Management,Management Consulting,Auditing,Due Diligence,Agile Methodologies,Scrum,SDLC,Trading Systems,Solution Architecture,SOA,Requirements Analysis,Software Project Management,Requirements Gathering,Java,Data Warehousing,Start Ups,Sybase,Stakeholder Management,Vendor Management,Enterprise Architecture,Test Driven Development,Peer to Peer,Blockchain",,,,,1978,male,24,cxo,,Jysbtcbtcbtc,,,,,
9749023,Brooks Cochran,Brooks,Cochran,Verified emails found,2025-09-05 8:58:37,bcochran@johnsondevelopment.net,bcochran@johnsondevelopment.net,ibcochran@gmail.com,"bcochran@johnsondevelopment.net,ibcochran@gmail.com",,,8644152612,8644152612,"3055977066
9372776841",,https://www.linkedin.com/in/brooks-cochran-3b4b3041,,,,,,,Chief Financial Officer,"Johnson Development Associates, Inc.","100 Dunbar St, Spartanburg, South Carolina 29306, US",johnsondevelopment.net,http://www.johnsondevelopment.net,https://www.linkedin.com/company/johnson-development-associates-inc.,"Spartanburg, SC, US",Spartanburg,,SC,US,"Johnson Development Associates, Inc.",Chief Financial Officer,2024-09-01,Present,"Johnson Development Associates, Inc.","Director of Operations, Industrial Division",2024-01-01,2024-09-01,"Johnson Development Associates, Inc.",Director of Finance,2022-05-01,2024-01-01,American Credit Acceptance,"Sr. Manager, FP and A",2021-08-01,2022-04-01,American Credit Acceptance,"Manager, FP and A",2019-05-01,2021-07-01,Darla Moore School of Business,Bachelor of Science in Business Administration,,,Universitat Autònoma de Barcelona,,,,"Microsoft Excel,Operations Management,Marketing,Social Media,Event Planning,Research,Finance,Analytical Skills,Strategic Planning,Financial Analysis,Valuation,Project Management,Data Analysis,Variance Analysis,Financial Services,Banking,Entrepreneurship,Budgeting,Forecasting,Business Strategy,Business Analysis,Microsoft Office,Microsoft PowerPoint,Microsoft Word,Microsoft Outlook,Microsoft Power BI,Teamwork,Management,Leadership,Public Speaking,Time Management,Communication,Skilled Multi-tasker,Social Networking,Cryptocurrency,Cash Management,Portfolio Management,Services,Cash,Settlement,Reconciliation,Skilled Multi Tasker",,,,,1990,male,12,cxo,C_suite,Jysbtcbtcbtc,,,,,
28728492,Dan Odell,Dan,Odell,Verified emails found,2025-09-05 8:58:26,dansodell1@gmail.com,dan.odell@consensys.net,dansodell1@gmail.com,dansodell1@gmail.com,dan.odell@consensys.net,,310-291-0261,310-291-0261,"818-560-1000
3239659941
7149434462
3102460123
6618339147
5624340688
6613981453
8053219124
9498339147
8186233200
8189313718
5628339147
5624373676
8059857150",,https://www.linkedin.com/in/dan-odell-05a3062,http://www.facebook.com/dsowldcat,,,,,,Chief Financial Officer,Consensys,"Fort Worth, Texas, US",consensys.io,https://consensys.io/,https://www.linkedin.com/company/consensys-software-inc,"London, GB",London,,,UK,Consensys,Chief Financial Officer,2024-08-01,Present,Improbable,Chief Financial Officer,2020-01-01,2024-07-01,The Walt Disney Company,The Walt Disney Company,,Present,NWP Services,Director of Finance and Controllership,2002-07-01,2004-11-01,Move.com,"Manager, Transactions",2001-07-01,2002-07-01,Ariz,Bachelor Of Science In Business Administration,,,,,,,"Start-ups Management,Mobile Games,Online Games,Global E-Commerce,Online Advertising,Sales Operations,AVOD, SVOD, TVOD Business Models,Short Form Content,Product Management,Cryptocurrency,Financial Planning and Analysis (FP&A),Decision Support,Financial Data,New Business Opportunities,Cost Accounting,Cash Flow,Benchmarking,Tax Reporting,Mergers,Business Development,Analysis,Strategic Partnerships,Strategic Planning,Financial Modeling,Forecasting,Start-ups,Financial Analysis,Finance,Analytics,Budgets,Financial Reporting,Process Improvement,Accounting,Business Strategy,Competitive Analysis,Cross-functional Team Leadership,Strategic Financial Planning,International Development,Business Process Improvement,E-commerce,Internal Controls,Management,Mergers & Acquisitions,Strategy,Leadership,Financial Planning,Fundraising,Investor Relations,Treasury Management,Controllership Functions,E-commerce Optimization,E Commerce,E Commerce Optimization,User Experience,Start Ups,Program Management,Microsoft Excel,Cross Functional Team Leadership,Entertainment,Project Management,Mergers and Acquisitions",,,,,1953,male,11,cxo,C_suite,Jysbtcbtcbtc,,,,,
97636573,Anna Olifer,Anna,Olifer,Verified emails found,2025-09-05 8:58:13,olifanna90@yandex.ru,anna@snowball.money,olifanna90@yandex.ru,olifanna90@yandex.ru,anna@snowball.money,aolifer@snowball.money,976782292,,,,https://www.linkedin.com/in/anna-olifer-91587a58,https://facebook.com/anna.olifer,,,,,,Chief Financial Officer,Snowball Money,"399 Fremont St, San Francisco, California 94105, US",snowball.money,http://www.snowball.money,https://www.linkedin.com/company/snowballmoney,,,,,US,Snowball Money,Chief Financial Officer,2020-02-01,Present,Snowball Money,Director of Operations,2019-09-01,2020-02-01,Snowball Money,Blockchain Analyst,2019-01-01,2019-09-01,Fractal Analytics,Senior Business Analyst,2015-02-01,2019-01-01,"4i, Inc.",Business Analyst,2012-12-01,2015-02-01,Kyiv National Taras Shevchenko University,Master of Arts,,,,,,,"IFRS,Financial Analysis,Financial Reporting,Financial Accounting,Business Analysis,Marketing Research,Data Analysis,Big 4,GAAP,Blockchain research,Project management,Python,Product management",,,,,1989,female,13,cxo,C_suite,Jysbtcbtcbtc,,,,,
102277679,Lucas Ramirez,Lucas,Ramirez,Verified emails found,2025-09-05 8:58:09,lramirez@grameenamerica.org,lramirez@grameenamerica.org,,lramirez@grameenamerica.org,,,3478135592,3478135592,"9172884725
573174014118
6173353381
7863166380
6463516955",,https://www.linkedin.com/in/lucas-ramirez,https://facebook.com/lucas.ramirez.5243,,,,,,Chief Financial Officer,"Grameen America, Inc.","New York, New York, US",grameenamerica.org,http://www.grameenamerica.org,https://www.linkedin.com/company/grameen-america-inc-,"Miami, FL, US",Miami,,FL,US,"Grameen America, Inc.",Chief Financial Officer,2023-01-01,Present,coally,Advisory Board Member,2022-06-01,Present,Nubank,CFO Nu Colombia,2020-01-01,2022-01-01,Grupo SURA,Head of Corporate Finance | Insurance,2016-01-01,2018-01-01,Grupo SURA,Investment Director | Investment Management,2014-01-01,2016-01-01,Massachusetts Institute of Technology,MS in Management,,,NYU Stern School of Business,MBA,,,"Microfinancing,Leadership,Financial Management,Investor Relations,Rating Agency Relations,Value Based Management,Business Analysis,Business Unit Start-up,Start-ups Management,Controllership Functions,Treasury Management,Legal Issues,Public Policy,Start-ups,Process Improvement,FP&A,Restructuring,Capital Budgeting,Corporate FP&A,Capital Management,Business Development,Leveraged Finance,Project Finance,Credit Analysis,Industry Analysis,Venture Financing,Business Planning,Strategy,Emerging Markets,Investment Banking,Latin America,M&A,Financial Institutions,Financial Modeling,Corporate Development,Equity Research,Financial Analysis,Corporate Finance,Credit,Finance,Loans,Mergers,Valuation,Capital Markets,Equities,Business Strategy,Mergers & Acquisitions (M&A),Strategic Planning,Banking,Blockchain",,,,,1983,male,18,cxo,C_suite,Jysbtcbtcbtc,,,,,
3100439,Oliver Chen,Oliver,Chen,Verified emails found,2025-09-05 8:58:04,oliver_chen@digifinex.com,oliver_chen@digifinex.com,ochencpa@gmail.com,"oliver_chen@digifinex.com,ochencpa@gmail.com",,,2077527462,2077527462,,,https://www.linkedin.com/in/yuchengoliverchen,,,,https://www.crunchbase.com/person/oliver-chen,,,Chief Financial Officer,DigiFinex Global,AU,digifinex.com,http://www.digifinex.com,https://www.linkedin.com/company/digifinex-global,"Pleasanton, CA, US",Pleasanton,,CA,US,DigiFinex Global,Chief Financial Officer,2022-01-01,Present,Adaverse,Venture Partner,2023-01-01,Present,Qutoutiao ??? (NASDAQ: QTT),Director Board Of Directors,2018-01-01,2023-04-30,Qutoutiao ??? (NASDAQ: QTT),Chief Strategy Officer,2017-01-01,2020-01-01,Starsharks.com,Gamefi Advisor,2021-01-01,2022-01-01,University of Michigan - Stephen M. Ross School of Business,,,,University of Michigan,,,,"IPO,Corporate Finance,Strategy,Start-ups,Venture Capital,Private Equity,Crypto,Business Strategy,Corporate Development,Internal Audit,Sarbanes-Oxley Act,Mergers & Acquisitions,SEC filings,Internal Controls,Finance,Accounting,Financial Modeling,Forecasting,Risk Management,Restructuring,Business Planning,Acquisition Integration,Fundraising,Management,Executive Management,CPA,Internet,International Operations,International Acquisitions,Business Acquisition,Growth Capital,Start-up Ventures,Turnaround Strategy,Turnaround Experience,Finance Transformation,Leadership,Strategic Planning,Angel Investing,Startup Development,Start-up Consulting,Auditing,Funding,Business Relationship Management,Venture Financing,Pre-IPO,New Venture Development,Financial Analysis,Deal Sourcing,Negotiation,Cryptocurrency,US GAAP,IFRS,SEC reporting,Audit,Consolidation,Cash Flow,International Marketing,Financial Reporting,Due Diligence,Revenue Recognition,Tax,Sarbanes-Oxley,Sarbanes Oxley Act,Customer Service,Mergers and Acquisitions,Sarbanes Oxley,Marketing,Disclosures,Analysis,Art,Short Hills,Taiwanese,Ricoh,Financial Advisory,Beijing,Cost Effective,Issuer,Assurance,Asia,Offering,Deloitte,Regulations,Communication,Chemical Industry,Reports,Financial Statements,International,Security,Fortune,China,Microsoft Exchange,Guidelines,Engagements,Invoicing,Thailand,Asia Pacific,Risk Assessment,Kpmg,10q,Oversight,Affiliates,Examining,Engagement,Project Planning,Vietnam,Usa,Financial Services,Cleantech,Training,Pharmaceutical Industry,Recruiting,Jersey,Energy Industry,Project Management,Manufacturing,Public Companies,Africa,10k,Literature,Filing,Securities,English,Subsidiaries,New Service Development,Telecommunications,Research,Business Operations,FMCG,Life Sciences,404 Compliance,Benefits Negotiation,Reporting,Fixed Assets,Client Accounts,Performance Improvement,Economics,Seniors,NAV,Arbor,Consolidated Financial Statements,Reviews,Scholarships,Questionnaires,Presentations,Relationship Building,Pacific,Risk,Energy,Fee,Coordinated,Corrective Actions,Coordination,Deployed,IT Controls,Fortune 500,Science,Rotation,Middle East,Saudi Arabia,Cost,Performance Management,American,Elm,Audit Committee,Chinese,Mandarin,Execution,Sales,SEC,Payroll,Forms,P2p,Qualification,Ross,Project,Chemical,Guidance,Pharmaceutics,Networking,Gcs,Business Services,COSO,Methodology,Pepsico,Inventory,Annual Reports,Consumer Products,India,Start Up Ventures,Start Ups",,,,,1978,male,24,cxo,C_suite,Jysbtcbtcbtc,,,,,
11833788,Martin Hobler,Martin,Hobler,Verified emails found,2025-09-05 8:58:00,martin@minespider.com,martin@minespider.com,martinhobler@gmail.com,"martin@minespider.com,martinhobler@gmail.com,martin.hobler@minespider.com,martin.hobler@me.com",,,+49 160 99430915,+49 160 99430915,"+41 78 880 89 80
+49 171 6894604
+41 44 380 38 58
+49 171 6441614",,https://www.linkedin.com/in/martin-hobler-07ab355,http://www.facebook.com/martin.hobler,,,,,,Co-Founder and Chief Financial Officer,Minespider,"Berlin, Berlin, DE",minespider.com,https://www.minespider.com/,https://www.linkedin.com/company/minespider,Switzerland,,,,CH,Minespider,Co-Founder and Chief Financial Officer,2023-01-01,Present,Revalio AG,Co-Founder and Chief Financial Officer,2018-05-01,Present,Impact Hub Berlin,Co-Founder and Board Member,2014-01-01,Present,LAKEVEST GmbH,Co-Founder and Chief Executive Officer,2006-01-01,Present,DIA | Open-source data and oracles for #DeFi,Co-Founder,2018-02-01,2020-09-01,University of Zurich,,,,,,,,"Venture Financing,Internet Entrepreneur,Emerging Markets,Event Planning,Microsoft Office,Blockchain Business Models,PowerPoint,Start Up Consulting,Public Speaking,Impact Investing,Accounting,Strategic Planning,Strategy,Executive Coaching,Customer Service,Business Analysis",,,"LOHAS Lifestyles of Health + Sustainability 14k • Community,LOHAS Asia,LOHAS Marketers",,1968,male,28,owner,C_suite,Jysbtcbtcbtc,,,,,
12687094,Leo Koo,Leo,Koo,Verified emails found,2025-09-05 8:57:44,leo.koo@kustom.us,leo.koo@kustom.us,leokoo@gmail.com,"leo.koo@kustom.us,leokoo@gmail.com,lkoo@kustom.us,leomkoo@gmail.com",,,8136795066,8136795066,"4076485097
5618686060
4024354011",,https://www.linkedin.com/in/leomkoo,https://facebook.com/leo.koo.75,https://twitter.com/leomkoo,,,,https://quora.com/leo-koo,Chief Financial Officer,Kustom US,"640 E State Road 434 Suite 1000, Longwood, Florida 32750, US",kustom.us,http://www.kustom.us,https://www.linkedin.com/company/kustom-us,"Orlando, FL, US",Orlando,,FL,US,Kustom US,Chief Financial Officer,2020-02-01,Present,Restore POC,"Chief Financial Officer, Treasurer and Senior Vice President",2017-01-01,2019-07-01,Penta Mezzanine Fund,Principal,2012-01-01,2019-07-01,Comvest Partners,Vice President,2008-06-01,2011-12-01,PricewaterhouseCoopers,Senior Associate,2005-01-01,2008-06-01,University of South Florida,BS,,,,,,,"Leveraged Finance,Alternative Investments,Capital Structure,Restructuring,CPA,Accounting,Mezzanine,Debt Restructuring,Mergers,Corporate Finance,LBO,Deal Sourcing,Financial Structuring,Valuation,Middle Market,Structured Finance,Financial Modeling,Capital Markets,Investments,Team Leadership,Finance,Investor Relations,SEC filings,Strategic Planning,Strategy,Equities,Special Situations,Business Planning,Recapitalizations,Capital Raising,Business Valuation,Acquisitions,Program Management,Microsoft Excel,New Business Development,Customer Service,Financial Analysis,Growth Capital,M&A experience,Private Equity,Business Strategy,Buyouts,Management,Financial Reporting,Investment Banking,Due Diligence,Corporate Development,Funding,Venture Capital,IPO,Capital,Mergers and Acquisitions,Divestitures,Hedge Funds,Private Placements,Cryptocurrency,Bitcoin,Healthcare,Healthcare Marketing,Healthcare Analytics",,,,,1981,male,20,cxo,C_suite,Jysbtcbtcbtc,,,,,
3621253,Brian Paplaski,Brian,Paplaski,Verified emails found,2025-09-05 8:57:36,brian.paplaski@sagepointenergy.com,brian.paplaski@sagepointenergy.com,paplaski@gmail.com,"brian.paplaski@sagepointenergy.com,paplaski@gmail.com,whosurpappy@gmail.com,idasaxiestpappy@sbcglobal.net",jim.maggiore@juno.com,,847-345-6918,847-345-6918,"847-436-0769
847-363-4549
312-384-3841
847-362-4549",,https://www.linkedin.com/in/paplaski,http://www.facebook.com/people/_/13730041,,,,,,Chief Financial Officer,Sagepoint Energy,"Carmel, Indiana 46032, US",sagepointenergy.com,https://www.sagepointenergy.com/,https://www.linkedin.com/company/sagepointenergy2025,"Indianapolis, IN, US",Indianapolis,,IN,US,Sagepoint Energy,Chief Financial Officer,2024-02-01,Present,CertaSite,Chief Financial Officer,2022-08-01,2024-02-01,"Kinder Morgan, Inc.","Vice President Finance (CFO and SVP, Kinetrex post-acquisition by Kinder Morgan)",2021-08-01,2022-08-01,Kinetrex Energy,"Senior Vice President, Finance and Chief Financial Officer",2020-07-01,2022-08-01,"Asahi Kasei Bioprocess America, Inc.","CFO and Director, Finance and Accounting Operations",2019-06-01,2020-07-01,The University of Chicago Booth School of Business,Master of Business Administration (M.B.A.),,,Purdue University Daniels School of Business,,,,"Leadership,Microsoft Office,Management,Microsoft Excel,Accounting,Strategy,Sales,Financial Modeling And Forecasting,Financial Due Diligence,Financial Modeling,Ms Navision,Modeling,Finance,ERP,Benefits,Oracle,Margin Improvement,Vlookup,Erp System Customization,Commodity Hedging,Consolidated Financial Statements,P&L Management,Risk Management,Hyperion Fr,Management Information Systems,Ams360,Reinsurance,Turnaround Management,Contract Review And Recommendations,Financial Analysis,QuickBooks,Ms Excel Pivot,Blockchain Technology,Mergers and Acquisitions,Index,Payroll,MS Excel",,,,,1986,male,16,cxo,C_suite,Jysbtcbtcbtc,,,,,
90512926,Matias Romero,Matias,Romero,Verified emails found,2025-09-05 8:57:36,matias@buenbit.com,matias@buenbit.com,matias100@gmail.com,"matias@buenbit.com,matias100@gmail.com,matias.romero@buenbit.com,matias.romero@me.com",,,+51 992 749 518,+51 992 749 518,"+51 1 5873561
+51 1 4416181
+51 1 2645729
+51 1 4163344
267-433-0212",1132447158,https://www.linkedin.com/in/matiasromeroa,http://www.facebook.com/people/_/523371479,https://twitter.com/matiasromeroa,,,,,Chief Financial Officer,Buenbit,AR,buenbit.com,http://buenbit.com,https://www.linkedin.com/company/buenbit,Peru,,,,PE,Buenbit,Chief Financial Officer,2022-12-01,Present,Buenbit,Director of Expansion,2022-08-01,2022-12-01,Buenbit,Country Manager,2021-05-01,2022-07-01,Krealo,"Investments, Strategy and Finance Manager",2020-05-01,2021-05-01,The Wharton School,MBA,2018-08-01,2020-05-01,Universidad del Pacífico (PE),,,,The Wharton School,,,,"Cryptocurrency,Marketing,P&L Management,Financial Planning,Valuation,Business Strategy,Consulting,Financial Modeling,Mergers & Acquisitions (M&A),Operations Management,Growth Strategies,Negotiation,New Business Development,Leadership,Team Leadership,Finance,Stock Market,Asset Allocation,Capital Markets,Equity Research,Fast Learner,Investment Strategies,Proactivity,Market Analysis,Bloomberg,Financial Analysis,Portfolio Management,Equity Valuation,Emerging Markets,Economics,Investments,Equities,Corporate Finance,Strategic Planning,English,Fusiones y adquisiciones,Elaboración de modelos financieros,Mercados financieros,Desarrollo corporativo,Estrategia,Accounting,Analytical Skills,Mutual Funds,Trading,Presentation Skills,Financial Services",,,,,1988,male,16,cxo,C_suite,Jysbtcbtcbtc,,,,,
4375696,Steven Mayne,Steven,Mayne,Verified emails found,2025-09-05 8:57:25,smayne@telamon.org,smayne@telamon.org,,smayne@telamon.org,,,9196089128,9196089128,"9192666657
9197962167",(919) 942-2714,https://www.linkedin.com/in/stevencmayne,https://facebook.com/stevenmaynecpa,,,,,,Chief Financial Officer,Voices Together,"100 Europa Dr 571, Chapel Hill, North Carolina 27517, US",voicestogether.org,http://www.voicestogether.org,https://www.linkedin.com/company/voices-together,"Chapel Hill, NC, US",Chapel Hill,,NC,US,Voices Together,Chief Financial Officer,2023-08-01,Present,Telamon Corporation,,,Present,The Foundation for Farmworkers,Board Treasurer,2018-11-01,2023-08-01,East Coast Migrant Head Start Project,Chief Financial Officer,2015-03-01,2023-08-01,PP Health Systems,Chief Operating Officer,2009-11-01,2015-03-01,St. John Fisher College,,,,Rochester Institute of Technology,,,,"Nonprofit Organizations,Accounting Standards,Financial Planning,Financial Operations,Generally Accepted Accounting Principles (GAAP),Employee Benefits,Accounts Payable & Receivable,Forecasting,Finance,Budgets,Financial Reporting,Financial Analysis,Strategic Planning,Accounting,Accounts Receivable,Managerial Finance,Process Improvement,Nonprofits,Auditing,Business Process Improvement,Revenue Recognition,Financial Statements,Analysis,Cash Management,Data Analysis,Management,Leadership,Customer Service,Data Analytics,Executive Management,Blockchain,Microsoft Word,Project Management,Research",,,"Chief Financial Officer (CFO) Network - The #1 Group for CFOs,Wake Tech E-Hive,North Carolina Association of CPAs,Triangle Business Network",,1962,male,36,cxo,C_suite,Jysbtcbtcbtc,,,,,
1310461,Lenny Moon,Lenny,Moon,Verified emails found,2025-09-05 8:57:21,lennymoon@hotmail.com,,lennymoon@hotmail.com,"lennymoon@hotmail.com,esthershin13@gmail.com",,"lenny.moon@dxs.ai,lmoon@dxs.ai,lennymoon@dxs.ai",917-838-4002,917-838-4002,"847-858-8826
917-838-4051
212-904-9453
310-601-3456
212-904-9400
6265845460
6265845200
847-821-7865
516-781-0239
212-262-6476
516-781-4468
212-904-9301
516-312-7664
9494300630",,https://www.linkedin.com/in/lenny-moon-b5815,http://www.facebook.com/people/_/119047,,,,,,CFO,Booster,,booster.club,https://booster.club/,https://www.linkedin.com/company/booster-platform,"Los Angeles, CA, US",Los Angeles,,CA,US,Booster,CFO,2025-01-01,Present,Digital Diagnostics,Advisor,2025-01-01,Present,Digital Diagnostics,CFO,2024-01-01,2025-01-01,Real Vision,CFO,2023-01-01,2024-01-01,FlyCoin,CEO,2021-01-01,2023-01-01,Columbia University - Columbia Business School,MBA,,,Gies College of Business - University of Illinois Urbana-Champaign,BS,,,"Strategy,Venture Capital,Mergers & Acquisitions,Private Equity,Investment Banking,Business Development,Non-profit Management,Higher Education,Higher Education Leadership,Nonprofit Boards,Start-ups,Blockchain,Cryptocurrency,Financial Modeling,Valuation,Fundraising,Mergers,Due Diligence,Corporate Development,Corporate Finance,Investments,Equities,Accounting,Leveraged Finance,Capital Raising,FinTech,Financial Technology,Treasury Management,Business Strategy,Executive Management,Finance,Financial Analysis,Turnaround Experience,Operational Turnaround,Real Estate Transactions,Leadership,Management,Capital Markets,Entrepreneurship,Management Consulting,Financial Services,Manufacturing,Consumer Retail,Supply Chain,Forecasting,Private Equity Funding,Consumer Products,Supply Chain Management,Start Ups,Mergers and Acquisitions,Strategic Planning",,,,,1976,male,16,cxo,C_suite,Jysbtcbtcbtc,,,,,
5288947,Adam Gouveia,Adam,Gouveia,Verified emails found,2025-09-05 8:57:10,adam.gouveia@gmail.com,,adam.gouveia@gmail.com,"adam.gouveia@gmail.com,adamgouveia@hotmail.com",,,7072873249,7072873249,"4152750964
9082065264",,https://www.linkedin.com/in/adammgouveia,https://facebook.com/adam.gouveia.16,https://twitter.com/adamgouveia,,,,,Chief Financial Officer,AZA Finance,"London, England, GB",azafinance.com,https://azafinance.com/,https://www.linkedin.com/company/azafinance,"London, GB",London,,,UK,AZA Finance,Chief Financial Officer,2017-01-01,Present,AZA Finance,Head of Finance,2016-01-01,2017-01-01,FluintC Limited,"CFO, co-founder",2015-01-01,2016-01-01,Pantera Capital Management,"Co-head of Trading, finance, and fund operations",2013-01-01,2015-01-01,Wells Fargo,Associate,2011-01-01,2013-01-01,"University of California, Davis - Graduate School of Management",,,,CFA Institute,,,,"Financial Analysis,Financial Modeling,Equity Research,Valuation,Investments,Bloomberg,Fixed Income,Finance,Trading,Portfolio Management,Hedge Funds,Capital Markets,Management,Strategic Planning,Corporate Finance,Mutual Funds,Private Equity,Equities,Derivatives,Bitcoin,Asset Management,Alternative Investments,Data Analysis,Analytics,Microsoft Excel,Sales,Marketing,Customer Service,Blockchain,Financial Reporting,Project Management,Marketing Strategy,Capital,Middle Office,Currency,Research,Public Speaking",,,,,1982,male,18,cxo,C_suite,Jysbtcbtcbtc,,,,,
12104656,Ken Chapple,Ken,Chapple,Verified emails found,2025-09-05 8:56:54,kmc@sandalwoodsecurities.com,kmc@sandalwoodsecurities.com,kenchapple@gmail.com,kmc@sandalwoodsecurities.com,kenchapple@gmail.com,,9732285466,,"6463452287
9732338800
9732338803",(973) 233-8800,https://www.linkedin.com/in/ken-chapple-1455434,,,,,,,CFO,"Sandalwood Securities, Inc.","101 Eisenhower Pkwy Fl 3, Roseland, New Jersey 07068, US",sandalwoodsecurities.com,http://www.sandalwoodsecurities.com,https://www.linkedin.com/company/sandalwood-securities-inc.,"Roseland, NJ, US",Roseland,,NJ,US,"Sandalwood Securities, Inc.",CFO,2006-01-01,Present,Loxias Fund Management,Chief Financial Officer,2005-01-01,2006-01-01,Appaloosa Management,Controller,2001-01-01,2005-01-01,PricewaterhouseCoopers,Senior Associate,1998-01-01,2001-01-01,,,,,University of Scranton,BS,,,The University of Queensland,,,,"Legal Matters,Tax Strategies,Financial Policies,Interpersonal Skills,External Relationships,Financial Statements,Financial Reporting,Accounting Software,Big Four Accounting Firms,Accounting,Business Analysis,Financial Analysis,Venture Capital,Real Estate Financing,Hedge Funds,Alternative Investments,Investments,Fund Of Funds,Due Diligence,Capital Markets,Valuation,Equities,Bloomberg,Asset Allocation,Investor Relations,Securities,Fixed Income,Fund Accounting,Private Equity,Partnerships,Operational Due Diligence,Cryptocurrency,Blockchain,Research,PowerPoint,Business Development,Microsoft Office,Management",,,"The Family Office Club - #1 Largest Family Office Association | Ultra-Wealthy Wealth Management,Family Offices and Institutional Investors,Zicklin School of Business",,1976,male,27,cxo,C_suite,Jysbtcbtcbtc,,,,,
109061615,Yusuf Kaya,Yusuf,Kaya,Verified emails found,2025-09-05 8:56:50,yusuf@tokensuite.io,yusuf@tokensuite.io,melihyusufkaya@gmail.com,"yusuf@tokensuite.io,melihyusufkaya@gmail.com",,"yusuf.kaya@kayacrypto.com,ykaya@kayacrypto.com,yusufkaya@kayacrypto.com",33767189872,,905312569170,+90 533 919 35 99,https://www.linkedin.com/in/melih-yusuf-kaya,,,,,,,Chief Financial Officer,TokenSuite,TR,tokensuite.io,https://tokensuite.io,https://www.linkedin.com/company/tokensuite,"?stanbul, Türkiye",,34464,,TR,TokenSuite,Chief Financial Officer,2021-01-01,Present,TokenSuite,Head Of Sales,2018-01-01,2021-01-01,Kaya Crypto,Founder,2022-07-01,Present,Kiwi Mobility,Co-Founder and COO,2019-08-01,Present,Extra Watts,Chief Operating Officer,2019-09-01,2022-07-01,KEDGE Business School,Master's degree,,,Bilkent University,Lisans Derecesi,,,"Business Strategy,Team Management,Microsoft Office,Management,Marketing Strategy,Creative Solutions,International Travel,Creative Entrepreneurship,Cryptocurrency,Presentation Skills,Strategic Planning,Social Awareness,Web Marketing Strategy,Entrepreneurship,Digital Marketing,Social Skills,Adobe Illustrator CC,Social Media,Persuasive Speaker",,,,,1994,male,9,cxo,C_suite,Jysbtcbtcbtc,,,,,
47571635,Oleg Bezumov,Oleg,Bezumov,Verified emails found,2025-09-05 8:56:43,oleg.bezumov@vseinstrumenti.ru,oleg.bezumov@vseinstrumenti.ru,obezumov@gmail.com,"oleg.bezumov@vseinstrumenti.ru,obezumov@gmail.com,o.bezumov@gmail.com,o.bezumov@mail.ru",,,+44 7598 463032,+44 7598 463032,"+44 7881 045465
+44 7922 557428
+7 926 724-58-54",,https://www.linkedin.com/in/oleg-bezumov-62aa8445,http://www.facebook.com/people/_/100000819480521,,,,,,Chief Financial Officer,??????????????.??,"?. 3 ?????????? ????????, Moscow, Moscow 107076, RU",vseinstrumenti.ru,http://www.vseinstrumenti.ru/,https://www.linkedin.com/company/??????????????-??,Russia,,,,RU,??????????????.??,Chief Financial Officer,2021-10-01,Present,Goldman Sachs,Executive Director,2014-01-01,2021-01-01,Nutmeg,Investment Analyst,2013-01-01,2014-01-01,Nutmeg,Quantitative Analyst Intern,2013-01-01,2013-01-01,"State Atomic Energy Corporation ""Rosatom""",Summer Analyst,2011-01-01,2011-01-01,Imperial College London,Master of Science (MSc),,,The London School of Economics and Political Science (LSE),Bachelor of Science (BSc),,,"Financial Modeling,Corporate Finance,Equity Capital Markets,Private Equity,Hedge Funds,Portfolio Management,Pc Give,Equity Valuation,Economics,Fixed Income,Eviews,Valuation,Matlab,Investments,Bloomberg,Market Research,Microsoft Office,VBA,C++,Financial Analysis,Cryptocurrency,Quantitative Finance,MS Office,Investment Banking,Econometrics,Mergers and Acquisitions,C#,ThomsonOne",,,,,1990,male,12,cxo,C_suite,Jysbtcbtcbtc,,,,,
33898305,Tony Shyngle,Tony,Shyngle,Verified emails found,2025-09-05 8:56:39,tshyngle@sugar23.com,tshyngle@sugar23.com,tshyngle@sbcglobal.net,"tshyngle@sugar23.com,tshyngle@sbcglobal.net",,,3108064288,,,,https://www.linkedin.com/in/tony-shyngle-3063a910,,,,,,,Chief Financial Officer,Sugar23,US,sugar23.com,https://www.sugar23.com/,https://www.linkedin.com/company/sugar23,United States,,,,US,Sugar23,Chief Financial Officer,2022-06-01,Present,Redline Blockchain,Member of the Board of Advisors,2021-09-01,Present,Design Thinking at Uc Riverside Extension Professional Studies,Member of the Board of Advisors,2020-01-01,2024-03-01,"Here Media, Inc.",Chief Financial Officer and Chief Operating Officer,2004-09-01,2020-01-01,"Nbcuniversal Media, LLC",Director of Accounting,1999-01-01,2004-01-01,"California State University, Los Angeles - College of Business and Economics",,,,,,,,"Internal Controls,Subscription video on demand,Experiential Events,Strategic Planning,Statistical Arbitrage,Due Diligence,SVOD,Online Dating,Online Advertising,Live Events,Start-ups,Software as a Service (SaaS),Cryptocurrency,Blockchain,Enterprise Systems Implementation,Financial Statement Auditing,SOX 404 Top–Down Risk Assessments (TDRA),U.S. Generally Accepted Accounting Principles (GAAP),Sarbanes-Oxley Act,Cash Management,Corporate FP&A,Salesforce.com Implementation,Sage Intacct,NetSuite,Audit Management,U.S. SEC Filings,Acquisition Integration,Customer Relationship Management (CRM),Financial Systems Implementation,Streaming Media,Fundraising,Process Improvement,Entertainment,Media & Entertainment,Digital Media,Television,New Media,Digital Strategy,Video Production,Mergers & Acquisitions (M&A),Finance,Accounting,Strategy,Executive Management,Business Development,Media And Entertainment,Microsoft Excel,Public Speaking,Customer Service,Mergers And Acquisitions M&A,Mergers and Acquisitions",,,,,1982,male,29,cxo,C_suite,Jysbtcbtcbtc,,,,,
52911024,Alex Berstein,Alex,Berstein,Verified emails found,2025-09-05 8:56:37,alex.berstein@web.de,,alex.berstein@web.de,alex.berstein@web.de,,"alex.berstein@alliancelegalsolutions.com,aberstein@alliancelegalsolutions.com,alexberstein@alliancelegalsolutions.com,alexb@alliancelegalsolutions.com",491728201275,491728201275,498996086794,,https://www.linkedin.com/in/alex-berstein-b1965910,https://facebook.com/alex.berstein.1,,,,,,Chief Financial Officer,Revcarto,"325 Chestnut St Suite # 876, Philadelphia, Pennsylvania 19106, US",revcarto.com,https://www.revcarto.com,https://www.linkedin.com/company/revcarto,"Charlotte, NC, US",Charlotte,,NC,US,Revcarto,Chief Financial Officer,2025-01-01,Present,Beyond Earth Technologies,Venture Partner,2024-10-01,Present,Alliance Legal Solutions,Managing Principal,2024-10-01,Present,WINHELLER | Law.Tax.Relax.,Legal Advisor,2024-09-01,Present,AG13,Co-Founder,2024-08-01,Present,The University of Bonn,Staatsexamen,,,Drake University,MBA,,,"Strategic Planning,Risikoprüfung,Legal Advice,Rechtsberatung,FinTech,Management,Blockchain,Litigation,Fusionen und Übernahmen,Investment Banking,Due Diligence,Mergers &amp; Acquisitions,Investment Strategies,Business Strategy,Microsoft Excel,Unternehmensstrategie,Unternehmensplanung,Gesellschaftsrecht,Corporate Law,Investment Advisory",,,,,1990,male,4,cxo,C_suite,Jysbtcbtcbtc,,,,,
4644353,Joe Clark,Joe,Clark,Verified emails found,2025-09-05 8:56:33,joe@summer.fi,joe@summer.fi,joeclark545@hotmail.com,"joe@summer.fi,joeclark545@hotmail.com",,,817-367-2841,+44 7541 574342,+44 7541 574342,,https://www.linkedin.com/in/joe-clark-215a226,http://www.facebook.com/people/_/197803910,https://twitter.com/thatjoeclark,,,,,Chief Financial Officer,Oazo Apps,UK,summer.fi,https://summer.fi/,https://www.linkedin.com/company/summerfi,"Amsterdam, NH, NL",Amsterdam,,NH,NL,Oazo Apps,Chief Financial Officer,2022-05-01,Present,Summer.fi,,,Present,Fluidly,VP of Finance,2021-07-01,2022-01-01,Qubit.,Finance Director,2017-01-01,2018-06-01,Ernst & Young,Trainee Chartered Accountant,2009-09-01,2011-02-01,University of Leeds,,,,,,,,"UK GAAP,IFRS,External Audit,Assurance,Financial Accounting,Financial Reporting,Internal Controls,Corporate Tax,Accounting,Financial Audits,Tax,Statutory Accounting,Management Accounting,Project Management,Internal Audit,Qualified Chartered Accountant,International Financial Reporting Standards (IFRS),Cryptocurrency,Blockchain,Management,Finance,Start-ups,Business Analysis,Auditing,Financial Analysis,Strategy,Financial Modeling,Tokenization,Analytical Skills,Leadership,Financial Advisory,Strategic Planning,Financial Statements,Budgeting,Statutory Reporting,M&A Modeling,Financial Planning,Financial Forecasting,Cash Flow Forecasting,R&D Tax Credits,Growth Strategies,Team Leadership,Financial Controlling,Venture Financing,Cash Management,International Financial Reporting Standards Ifrs,Customer Service,Public Speaking,Microsoft Excel,Start Ups,International Financial Reporting Standards",,,,,1986,male,16,cxo,C_suite,Jysbtcbtcbtc,,,,,
35126308,Dikemba Balogu,Dikemba,Balogu,Verified emails found,2025-09-05 8:56:08,dikemba.balogu@geniusyield.co,dikemba.balogu@geniusyield.co,dbalogu@yahoo.com,"dikemba.balogu@geniusyield.co,dbalogu@yahoo.com",,,8707179110,,,,https://www.linkedin.com/in/dikemba-balogu-cfa,,,,,,,Chief Financial Officer,Genius Yield - Cardano-powered DEX & Yield Optimizer,"Zug, Canton of Zug, CH",geniusyield.co,https://www.geniusyield.co/,https://www.linkedin.com/company/geniusyield,"Houston, TX, US",Houston,77030,TX,US,Genius Yield - Cardano-powered DEX & Yield Optimizer,Chief Financial Officer,2022-09-01,Present,Genius X - Web3-Driven Accelerator & Launchpad,Financial Advisor and Investor Relations,2022-05-01,2024-05-01,Genius Yield - Cardano-powered DEX & Yield Optimizer,Financial Advisor and Investor Relations,2022-05-01,2022-09-01,Genius Yield,Ambassador,2022-02-01,2022-05-01,NextEra Energy Resources,Associate Business Manager (FP and A),2018-06-01,2022-05-01,"University of Houston, C.T. Bauer College of Business",Master of Business Administration (M.B.A.),,,University of Arkansas,Bachelor of Science in Business Administration,,,"Financial Planning and Analysis (FP&A),DeFi,M&A Research,Research Skills,Start-up Consulting,Early-Stage Startups,Start-ups Management,Business Valuation,Tokenomics,Web3,Market Research,Web Content Writing,M&A analysis,Technical Writing,Token Exchange Platforms,Tokenomics Strategies,Python (Programming Language),Analytical Skills,Microsoft PowerPoint,New Business Development,Problem Solving,Oral Communication,Communication,Capital Markets,Strategy,Emerging Markets,Corporate Development,Venture Capital,Start-ups,Tokenization,Non-Fungible Tokens (NFTs),Blockchain,Crypto,Cryptocurrency,FinTech,Financial Analysis,Mergers & Acquisitions,Financial Modeling,Corporate Finance,Valuation,Business Modeling,Portfolio Management,Bloomberg,Asset Allocation,Leadership,Mutual Funds,Investments,Series 7,Alternative Investments,Wealth Management,Equities,Securities,ETFs,Due Diligence,Fixed Income,Asset Management,Microsoft Excel,Microsoft Office,Management,Strategic Planning,Bloomberg Terminal,Microsoft Power BI,Financial Planning,Chartered Financial Analyst,Financial Forecasting,Financial Markets,Kraken,PowerPoint,Financial Reporting,Mergers and Acquisitions,Finance,Project Management,Accounting",,,,,1988,female,13,cxo,C_suite,Jysbtcbtcbtc,,,,,
40101785,Aviad Haimi-Cohen,Aviad,Haimi-Cohen,Verified emails found,2025-09-05 8:56:07,aviad.haimi-cohen@thesis.co,aviad.haimi-cohen@thesis.co,aviadhc@gmail.com,"aviad.haimi-cohen@thesis.co,aviadhc@gmail.com,ahaimicohen@wallstreetprep.com",avarchist@aol.com,,973-953-6952,973-953-6952,973-912-0695,,https://www.linkedin.com/in/aviadhc,http://www.facebook.com/aviadhc,http://www.twitter.com/AHoopoeC,,,,,Chief Financial Officer,Thesis*,"55 E 3rd Ave, San Mateo, California 94401, US",thesis.co,https://thesis.co,https://www.linkedin.com/company/thesis-co,"California, United States",,,CA,US,Thesis*,Chief Financial Officer,2024-07-01,Present,Wall Street Prep,Senior Instructor for the Wharton Financial Planning and Analysis Certificate Program,2023-05-01,Present,The F Suite,Founding Member,2022-04-01,Present,Thesis*,Vice President Finance,2023-07-01,2024-07-01,MobileCoin,Chief Financial Officer,2020-10-01,2022-09-01,Brown University,,,,Newark Academy,,,,"Employee Training,Mergers & Acquisitions (M&A),Leveraged Finance,DCF Valuation,Finance,Leadership,Financial Planning and Analysis (FP&A),Cross-functional Collaborations,Generally Accepted Accounting Principles (GAAP),Start-up Consulting,Planning Budgeting & Forecasting,Revenue & Profit Growth,Revenue Forecasting,Blockchain,Crypto,Venture Capital,Budgeting,Strategy,Forecasting,Operations Management,Part-Time CFO Services,Leadership Development,Corporate Finance,Management,Financial Advisory,Financial Accounting,Banking,Auditing,Financial Reporting,Investment Management,Accounting,Financial Modeling,Investments,Hedge Funds,Due Diligence,Research,Microsoft Excel,Private Equity,Valuation,Portfolio Management,Asset Managment,PowerPoint,Financial Analysis,Risk Management,Economics,Credit Analysis,Alternative Investments,Management Consulting,Investment Banking,Asset Management,Microsoft Word,Sales",,,,,1987,male,15,cxo,C_suite,Jysbtcbtcbtc,,,,,
29411759,Randy Epstein,Randy,Epstein,Verified emails found,2025-09-05 8:56:04,randyepstein@mac.com,randy@randyjoy.com,randyepstein@mac.com,"randyepstein@mac.com,randy@randyjoy.com",,"randy.epstein@singlefamilyoffices.com,randy@singlefamilyoffices.com,repstein@singlefamilyoffices.com,randy_epstein@singlefamilyoffices.com,randye@singlefamilyoffices.com,epstein@singlefamilyoffices.com,epsteinr@singlefamilyoffices.com",3475390042,3475390042,,,https://www.linkedin.com/in/randyjoy,http://www.facebook.com/randy.j.epstein,https://twitter.com/randyjoy,,,,,Chief Financial Officer,Single Family Office,UK,singlefamilyoffices.com,http://www.singlefamilyoffices.com,https://www.linkedin.com/company/single-family-office,"New York, NY, US",New York,,NY,US,Single Family Office,Chief Financial Officer,2020-06-01,Present,Randy Joy & Co. LLC,Principal Strategist,2011-01-01,Present,The Wharton School,"Founder and Co-Chair,  Wharton Single Family Office NY Network",2016-01-01,2018-01-01,PBS,"Board Member, PBS TV Station",2003-01-01,2011-01-01,PwC,"Senior Associate, PwC",1997-01-01,2000-01-01,University of Pennsylvania - The Wharton School,,,,,,,,"Strategy,Real Estate Transformation,Investor Relations,Entrepreneurship,Strategic Planning,Mergers & Acquisitions,Succession Planning,Private Equity,Family Office,Strategic Partnerships,Leadership,Management Consulting,Business Process Improvement,Business Planning,Operational Excellence,Growth Strategies,Thought Leadership,Team Leadership,Change Management,E-commerce,Executive Management,Venture Capital,Start-ups,Leadership Development,Corporate Finance,Acquisition Integration,Single Family Offices,Social Media,Innovation,Angel Investing,Microsoft Excel,Driving Results,E Commerce,Mergers and Acquisitions,Due Diligence,Business,International Business,Restructuring,Small Business,Competitive Analysis,Outsourcing,Financial Modeling,Start Ups,Strategic Thinking,Business Process,Time Management,Strategic Hiring,Vision Actualization,Analysis,Finance,P&l Management,Corporate Development,Training,Profit Maximization,Marketing Strategy,Executive Coaching,Social Media Marketing,Business Strategy,Culture Transformation,Coaching,Emerging Markets,Cultural Transformation,Business Development,Consulting,Artificial Intelligence,Event Planning,Asset Management,Teaching,Financial Analysis,Accounting,Sales,Investments,Blockchain,Financial Reporting,Marketing,Management,Public Speaking,Customer Service,Cryptocurrency,Strategy Alignment,Nonprofit Organizations,Disruptive Technologies,Cash Management,Data Analysis,Forecasting,Budgeting,Data Solutions",,,"The Family Office Club - #1 Largest Family Office Association | Ultra-Wealthy Wealth Management,Chief Financial Officer (CFO) Network - The #1 Group for CFOs,Private Equity, M&A, and Venture Capital Investments,Leadership Think Tank,TED: Ideas Worth Spreading - Unofficial,Pete Asmus' Real Estate Networking Group (Investor Strategies),SEC Roughriders Toastmasters",,1975,female,27,cxo,C_suite,Jysbtcbtcbtc,,,,,
108137508,Everett Jesse,Everett,Jesse,Verified emails found,2025-09-05 8:55:56,everett@signatureprojects.com,everett@signatureprojects.com,rjesse1969@gmail.com,"everett@signatureprojects.com,rjesse1969@gmail.com,everett@fossiloutdoor.com",,,7758139707,6022283841,"4804329151
6022283841
4807445553",(480) 744-5553,https://www.linkedin.com/in/everett-jesse-68833075,https://facebook.com/everett.jesse.7,,,,,,Chief Financial Officer,Signature Projects,"4720 E Van Buren St, Phoenix, Arizona 85008, US",signatureprojects.com,http://www.signatureprojects.com,https://www.linkedin.com/company/signature-projects-llc,"Scottsdale, AZ, US",Scottsdale,,AZ,US,Signature Projects,Chief Financial Officer,2021-12-01,Present,Fossil Outdoor Inc.,Founder,2019-04-01,Present,Fong Construction LLC,President Of Business Development,2015-10-01,2017-11-01,City of Las Vegas,Planning Assistant,2008-01-01,2009-09-01,EXIT Realty Corp. International,Realtor,2005-09-01,2007-12-01,UNLV Lee Business School,Bachelor of Science - BS,,,University of Nevada-Las Vegas,Bachelor of Science (BS),,,"Management,Finance,Project Management,Budgets,Financial Analysis,Accounting,Business Strategy,Renewable Energy,Feasibility Studies,Green Building,Analytics,Financial Reporting,Real Estate Transactions,Forecasting,Grant Writing,Government Procurement,Environmental Impact Assessment,Accounts Payable,Accounts Receivable,International Sales,International Development,International Trade,Import/Export Operations,Competitive Analysis,International Business,Policy Analysis,Financial Modeling,Managerial Finance,Access,Microsoft Excel,Microsoft Office,PowerPoint,Microsoft Word,Outlook,MS Project,QuickBooks,Green Technology,Federal Procurement,Building Permits,Permit Applications,Government Loans,Construction Loans,Renewable Energy Policy,Renewable Energy Markets,Petitions,Compliance,Imagination,Selling Skills,Blockchain,Cryptocurrency",,,,,1982,male,19,cxo,C_suite,Jysbtcbtcbtc,,,,,
228443452,Alexey Sidorov,Alexey,Sidorov,Verified emails found,2025-09-05 8:55:50,alexey.s@cryptopay.me,alexey.s@cryptopay.me,alexeysidorov@gmail.com,alexey.s@cryptopay.me,alexeysidorov@gmail.com,,352661747777,,,+44 7450 012028,https://www.linkedin.com/in/alexey-sidorov-acca-18b029158,,,,,,,Chief Financial Officer,Cryptopay,"Tallinn, Harju County, EE",cryptopay.me,https://cryptopay.me,https://www.linkedin.com/company/cryptopay,"Hesperange, LU",Hesperange,5826,,LU,Cryptopay,Chief Financial Officer,2018-08-01,Present,Cryptopay,Finance Manager,2017-07-01,2018-08-01,PwC Russia,Assistant Manager,2015-10-01,2017-07-01,PwC Russia,Senior Consultant,2013-10-01,2015-10-01,PwC Russia,Assurance Associate,2011-08-01,2013-10-01,"Saint Petersburg State Electrotechnical University ""LETI""",Master's degree,,,"Saint Petersburg State Electrotechnical University ""LETI""?",Engineer's degree,,,"Auditing,Accounting,Finance,IT,Blockchain",,,,,1977,male,15,cxo,C_suite,Jysbtcbtcbtc,,,,,
18821067,Darran Pienaar,Darran,Pienaar,Verified emails found,2025-09-05 8:55:31,darran.pienaar@gmail.com,darran.pienaar@coindirect.com,darran.pienaar@gmail.com,"darran.pienaar@gmail.com,darran.pienaar@coindirect.com",,,447557946175,447557946175,,,https://www.linkedin.com/in/darran-pienaar-44353427,https://facebook.com/darran.pienaar,,,,,,Chief Financial Officer,BVNK,"London, England, GB",bvnk.com,https://www.bvnk.com,https://www.linkedin.com/company/bvnk,"London, GB",London,,,UK,BVNK,Chief Financial Officer,2021-01-01,Present,Coindirect,Chief Financial Officer,2021-01-01,Present,Wiredirect,Chief Financial Officer,2021-01-01,2022-04-01,Ebury,Group Treasurer,2019-01-01,2020-12-01,Marks and Spencer,Group Treasury Manager,2012-03-01,2018-12-01,Association of Corporate Treasurers,MCT,,,Association of Corporate Treasurers,"Cert International Treasury Management (pass with distinction, top 10)",,,"Corporate Governance,Emerging Markets,Business Transformation,Financial Markets,Treasury Management,Project Planning,Corporate Finance,Accounting,Finance,Retail,Management Accounting,Budgets,Auditing,IFRS,Analysis,Financial Modeling,Multi-channel Retail,International Financial Reporting Standards (IFRS),Cash Management,Project Management,Financial Planning,Financial Analysis,Financial Statements,Business Strategy,Forecasting,Financial Accounting,Internal Controls,Financial Reporting,Risk Management,Enterprise Risk Management,SAP ERP,Microsoft Excel,International Retail,Foreign Exchange Risk Management,Interest Rate Risk Management,hedge accounting,Credit Rating,Certified Treasury Professional,Annual Reports,Financial Risk Management,Management,Business Analysis,Business Planning,Strategy,Change Management,Microsoft Office,Cryptocurrency Trading,Crypto,Cryptocurrency,Multi Channel Retail,International Financial Reporting Standards Ifrs,International Financial Reporting Standards",,,,,1985,male,18,cxo,C_suite,Jysbtcbtcbtc,,,,,
17271505,Jeff Rayis,Jeff,Rayis,Verified emails found,2025-09-05 8:55:27,jeff.rayis@indwes.edu,jeff.rayis@indwes.edu,jrayis@sbcglobal.net,"jeff.rayis@indwes.edu,jrayis@sbcglobal.net",,,6147630480,,,,https://www.linkedin.com/in/jeffrayis,,,,,,,Chief Financial Officer,Indiana Wesleyan University,"4201 S Washington St Ste 148, Marion, Indiana 46953, US",indwes.edu,http://indwes.edu,https://www.linkedin.com/company/indiana-wesleyan-university,"Marion, IN, US",Marion,,IN,US,Indiana Wesleyan University,Chief Financial Officer,2024-07-01,Present,Michigan State University,Treasury and Financial Management,2017-03-01,2024-07-01,The Ohio State University,Director of Treasury and Debt,2012-04-01,2017-03-01,JPMorgan Chase,Executive Director Senior Vice President,1984-07-01,2012-04-01,,,,,Michigan State University,BA,,,The Ohio State University,Master of Business Administration - MBA,,,"Leadership,Financial Modeling,Treasury,Credit,Financial Services,Financial Reporting,Accounting,Sales,Strategy,Project Management,Business Development,Risk Management,Customer Service,Blockchain",,,"Buckeye Alumni Network (The Ohio State University),Kiwanis International,Association for Financial Professionals® (AFP),Michigan State University Accounting and Finance Community,The Ohio Society of CPAs,CGMA Network",,1962,male,41,cxo,C_suite,Jysbtcbtcbtc,,,,,
1636163,Michael Levine,Michael,Levine,Verified emails found,2025-09-05 8:55:27,mlevine@fireblocks.com,mlevine@fireblocks.com,michael.gordon.levine@gmail.com,"mlevine@fireblocks.com,michael.gordon.levine@gmail.com,michael@fireblocks.com,mblevine@gmail.com,michaelgordonlevine@gmail.com,mydoghoke@aol.com",,,8457299793,908-447-5417,"7326678094
908-447-5417
813-282-3303
212-798-9400
212-600-9280
646-349-2050",,https://www.linkedin.com/in/michael-g-levine-b82a524,,http://www.twitter.com/mydoghoke,,,,,Chief Financial Officer,Fireblocks,"New York, New York 10018, US",fireblocks.com,https://fireblocks.com,https://www.linkedin.com/company/fireblocks,"New York, NY, US",New York,,NY,US,Fireblocks,Chief Financial Officer,2023-06-01,Present,Payoneer,Chief Financial Officer,2011-10-01,2023-03-01,Xact Technology LLC,President,2010-10-01,2011-10-01,Maler Technologies Inc. (formerly HSS),Chief Financial Officer,2007-09-01,2010-10-01,IDT Telecom,Executive Vice President,2000-08-01,2007-07-01,The Wharton School,,,,University at Buffalo,,,,"Initial Public Offerings (IPO),Cryptocurrency,Board of Directors,Software as a Service (SaaS),Blockchain,Digital Assets,Enterprise Software,Cloud Applications,Cryptocurrency Custody,Executive Management,Mergers & Acquisitions,Finance,Start-ups,Venture Capital,Corporate Development,Management,Strategic Partnerships,Corporate Finance,Mergers,Business Strategy,Private Equity,New Business Development,Leadership,Strategic Planning,Business Development,Mobile Devices,Acquisition Integration,Portfolio Management,Telecommunications,M&A experience,Valuation,Financial Modeling,Financial Analysis,Payments,Banking,Financial Services,Treasury Management,Cash Management,International Business,M2M,Mobile Payments,International Growth,Restructuring,Credit,Electronic Payments,International Strategy,Global E-commerce,Location Based Services,Mobile Applications,saas,Mobile,Prepaid Cards,Interchange,Money Transfer,Israeli,E-money,Global Management,Fundraising,International Tax,Global E Commerce,Mergers and Acquisitions,Customer Service,Start Ups,Analysis,Project Management,Bank Management,E Money,Teaching,Strategy,SQL",,,"Payments Strategy,Money20/20,E-Money-Institution,DealFlow Source Network | Private Equity, Venture Capital, M&A Deal Flow,COO Network (Chief Operating Officer),HP Business,Treasury Management Network,Chief Operations Officer (TGL),Global Finance Leadership Team,PaineWebber Alumni,Mergers and Acquisitions Professionals (MAP),Finance Club,The Forum for Private Equity Operations Professionals,MIT Sloan Executive Education",,1967,male,33,cxo,C_suite,Jysbtcbtcbtc,,,,,
7101775,Emanuel ????,Emanuel,????,Verified emails found,2025-09-05 8:55:21,emanuelavner@gmail.com,,emanuelavner@gmail.com,emanuelavner@gmail.com,,emanuelabnr@pais.co.il,,,,,https://www.linkedin.com/in/emanuelavner,,,,https://www.crunchbase.com/person/emanuel-avner-8ddb,,,Chief Financial Officer,Hedgewiz,UK,hedgewiz.co.uk,https://www.hedgewiz.co.uk,https://www.linkedin.com/company/hedgewiz,Israel,,,,IL,Hedgewiz,Chief Financial Officer,2022-03-01,Present,GenCell Energy,Member Board Of Directors,2021-02-01,Present,mifal hapais,Member of the Audit Committee,2019-05-01,Present,Clalit Health Services,Member Board Of Directors,2019-03-01,2024-02-01,Isramco Negev 2 LP (ISRAL),Member Board of Directors,2015-08-01,2021-08-01,The Hebrew University of Jerusalem,MBA,,,The Hebrew University of Jerusalem,Israeli CPA,,,"Finance,Strategy,Mobile Devices,Management,Security,Mergers & Acquisitions,Start-ups,Budgets,Business Strategy,Accounting,Cash Flow,Telecommunications,Corporate Finance,Investor Relations,Managerial Finance,Business Development,Venture Capital,Strategic Partnerships,Cellular Communications,Leadership,IPO,Mergers,Competitive Analysis,Entrepreneurship,Product Management,Due Diligence,Analysis,Retail,Real Estate,Automotive,Mergers & Acquisitions (M&A),Cryptocurrency,Crypto,Start Ups,Mergers and Acquisitions",,,"The Hebrew University of Jerusalem Alumni,Start-up Luxembourg,Cyber Security Careers Worldwide,International Crisis Room 360 (ICR360),The Strategic CFO,Leadership Accelerator Network,Mobile start-ups - 25,000+ members and growing!,IOT Israel forum,CISO Security Information Group (CSIG) - Information Security for Managers.,Information Security Community,Mobile Security Trends,????? ???? ????,Infosecurity Europe Professionals,Startup Story: le groupe des jeunes startups françaises",,1963,male,13,cxo,C_suite,Jysbtcbtcbtc,,,,,
15923831,Jagruti Solanki,Jagruti,Solanki,Verified emails found,2025-09-05 8:55:15,jsolanki@bitpay.com,jsolanki@bitpay.com,jrsolanki@gmail.com,"jsolanki@bitpay.com,jrsolanki@gmail.com,solanki.nehal@gmail.com",,,770-330-3094,770-330-3094,"267-475-1901
770-353-3047
404-869-6913",,https://www.linkedin.com/in/jagruti-solanki-11825810,http://www.facebook.com/jrsolanki,https://twitter.com/i/user/1037455137437097984,,,,,Chief Financial Officer,BitPay,,,,https://www.linkedin.com/company/bitpay,"Atlanta, GA, US",Atlanta,30303,GA,US,BitPay,Chief Financial Officer,2020-11-01,Present,Aprio,"Assurance Partner, Technology and Blockchain",2007-11-01,2020-11-01,,,,,,,,,,,,,Maharishi University of Management,,,,,,,,"Manufacturing,Non-profits,GAAP,Accounting,US GAAP,Financial Reporting,Auditing,QuickBooks,Internal Controls,Tax,SEC filings,Financial Accounting,CPA,Sarbanes-Oxley Act,External Audit,Financial Analysis,IFRS,Nonprofits,Revenue Recognition,Private Equity,Assurance,Financial Statements,Corporate Finance,Income Tax,Generally Accepted Accounting Principles (GAAP),U.S. Generally Accepted Accounting Principles (GAAP),Blockchain,Cryptocurrency accounting and tax,Virtual Currency,Blockchain accounting,Cryptocurrency accounting,CryptoCPA,Blockchain CPA,Quality Assurance,Microsoft Office,Sarbanes Oxley Act,Non Profits,U.S. Generally Accepted Accounting Principles Gaap,Generally Accepted Accounting Principles Gaap,Customer Service,Strategy,Strategic Planning,Sales,Generally Accepted Accounting Principles,u.s. Generally Accepted Accounting Principles",,,,,1995,female,17,cxo,C_suite,Jysbtcbtcbtc,,,,,
53450221,Cécile Mella,Cécile,Mella,Verified emails found,2025-09-05 8:55:14,cecilemella@gmail.com,cecile@p00ls.io,cecilemella@gmail.com,cecile@benderlabs.io,"cecilemella@gmail.com,cecile@p00ls.io",cecile.mella@p00ls.io,9179631622,,,,https://www.linkedin.com/in/cecilemella,,,,,,,Chief Financial Officer,P00LS,,p00ls.io,https://p00ls.io,https://www.linkedin.com/company/p00ls,"New York, NY, US",New York,,NY,US,P00LS,Chief Financial Officer,2021-04-01,Present,Bender Labs,Vice President Finance,2020-11-01,Present,Arianee,Chief of Staff,2019-01-01,2021-12-01,LGO,Chief Of Staff,2017-12-01,2020-12-01,Secret Media Inc.,Management Analyst,2018-01-01,2020-11-01,Baruch College,Business,,,SKEMA Business School Paris,Master of Science  Financial Markets & Investments,,,"Management,Teamwork,Finance,Project Management,Microsoft Office,New Business Development,VBA,Planification commerciale,Financial Markets,Bloomberg,Gestion de projet,Negociation,SQL,Business Planning and operation,Computing,Business Planning,Investment,Advisory Division,Capital IQ,Microsoft Excel,Recherche,Analyse de données,Marketing,Vente,Leadership,Service client",,,,,1993,female,10,cxo,C_suite,Jysbtcbtcbtc,,,,,
9306012,Stefan Stotz,Stefan,Stotz,Verified emails found,2025-09-05 8:54:59,stefan.stotz@horizon21.com,stefan.stotz@horizon21.com,s_o_stotz@hotmail.com,"stefan.stotz@horizon21.com,s_o_stotz@hotmail.com",,,649-941-4994,+41 76 345 37 44,"+41 76 345 37 44
649-232-0048
649-941-5943",+41 55 415 20 00,https://www.linkedin.com/in/stefan-o-stotz-b814628,,,,,,,CFO,Horizon21,"4 Poststrasse, Pfaeffikon, Sz 8808, CH",horizon21.com,http://www.horizon21.com,https://www.linkedin.com/company/horizon21,"Zürich, ZH, CH",Zürich,,ZH,CH,Horizon21,CFO,2011-08-31,Present,Nomura Bank (Switzerland) Limited,CFO Switzerland,2010-05-31,2011-08-31,Turks & Caicos Banking Company Ltd,CFO and COO,2004-07-31,2010-01-01,B-Source SA (Von Graffenried AG),Head of Banking Accounting,1997-12-01,2004-06-30,,,,,University of Wales,MBA,,,Betriebswirtschaftliches Institut Basel,Degree,,,"Corporate Finance,Private Equity,Hedge Funds,Derivatives,Equities,Asset Managment,Alternative Investments,Banking,Financial Markets,Investments,Portfolio Management,Venture Capital,Finance,Accounting,Asset Management,Auditing,Risk Management,Leadership,Business Development,Credit,Project Management,Crypto,Financial Planning,Tax,Investment Research,Capital Markets,English,CFOs,Team Leadership,Strategic Planning,Regulatory Reporting,Family Office,Financial Accounting,Budgeting,Consolidated Financial Statements,FinTech,Financial Analysis,Cryptocurrency,Treasury,Blockchain,Management,Financial Reporting,Investment Banking,Financial Statements,German,Private Banking,Cryptocurrency Trading,International Finance",,,Grand Turk Development Enterprise.,,1975,male,27,cxo,C_suite,Jysbtcbtcbtc,,,,,
26990791,Jan Smit,Jan,Smit,Verified emails found,2025-09-05 8:54:49,jan.smit@ahvint.com,jan.smit@ahvint.com,jptsmit@gmail.com,"jan.smit@ahvint.com,jptsmit@gmail.com,jpmjansen@gmail.com",,,+971 50 818 3799,+971 50 818 3799,"+31 6 25587048
+971 55 800 9833
+31 6 11043198
+31 6 45153910
+971 2 404 6303
+31 20 710 7900
+971 2 443 2801
+971 2 404 6444
+31 20 710 7950",,https://www.linkedin.com/in/jptsmit,http://www.facebook.com/jan.smit.5872,https://twitter.com/jsmit2002,,,,,Chief Financial Officer,AHV International,"10 Schokkerweg, Zwolle, Overijssel 8042, NL",ahvint.com,http://www.ahvint.com,https://www.linkedin.com/company/ahvinternational,"Amsterdam, NH, NL",Amsterdam,,NH,NL,AHV International,Chief Financial Officer,2025-01-01,Present,Stichting VSA,Board Member,2019-09-01,Present,Moving Intelligence,Chief Financial Officer,2021-05-01,2024-10-01,Two Hop Ventures Fund,Partner,2019-01-01,2021-04-01,LeasePlan,Chief Financial Officer,2016-01-01,2018-12-01,Northwestern University - Kellogg School of Management,,,,Delft University of Technology,,,,"Finance,Strategy,Management Consulting,Team Leadership,Business Process Improvement,Corporate Finance,Restructuring,New Business Development,Negotiation,Process Automation,Strategic Planning,Consulting,Analytics,Leadership,Business Development,Public Speaking,Cryptocurrency,Crypto,Hedge Funds,Fund Management,Python,Venture Capital,Start Ups,Angel Investing",,,"Delft University of Technology,LeasePlan Corporation,Bain & Company Global Alumni,K.S.V. Sanctus Virgilius,Operational Leasing & Fleet Management,Delft University of Technology - Alumni,Fleet Europe Magazine",,1973,male,26,cxo,C_suite,Jysbtcbtcbtc,,,,,
66357856,Ernest Chunge,Ernest,Chunge,Verified emails found,2025-09-05 8:54:22,ernestchunge@gmail.com,,ernestchunge@gmail.com,ernestchunge@gmail.com,,ernest@carbiz.com.au,+61 416 518 988,+61 416 518 988,,,https://www.linkedin.com/in/ernestchunge,,,,,,,Financial Controller and CFO,Carbiz Accident Replacement Vehicles,"4/221 O'Riordan St, Mascot, New South Wales 2020, AU",carbiz.com.au,http://www.carbiz.com.au,https://www.linkedin.com/company/carbiz-accident-loan-vehicles,"Sydney, NSW, AU",Sydney,,NSW,AU,Carbiz Accident Replacement Vehicles,Financial Controller and CFO,2022-12-01,Present,CharterNet Advisers,Divisional Head (Outsourced Finance Function),2020-11-01,2022-12-01,Kleu,Chief Financial Officer,2020-03-01,2020-11-01,Interactive Accounting P/L,Senior Advisor,2019-03-01,2020-11-01,Pascoe Whittle,Senior Accountant,2017-03-01,2019-01-01,CPA Australia,CPA Program,,,The Tax Institute,Chartered Tax Advisor Program,,,"Finance,Financial Accounting,Accounting,Management Accounting,Tax,Income Tax,Financial Reporting,Auditing,Corporate Governance,Management,Tax Returns,Microsoft Excel,Bookkeeping,Tax Preparation,Corporate Tax,Tax Advisory,Bank Reconciliation,Statutory Accounting,General Ledger,Company Secretarial Work,Big-picture Thinking,MYOB,IFRS,Xero,Financial Analysis,Tax Accounting,Microsoft Office,Leadership,Change Management,Forecasting,Due Diligence,Analytical Skills,Financial Forecasting,Bitcoin,Big Picture Thinking,Financial Modeling,Managerial Finance,Budgeting,Cryptocurrency",,,,,1986,male,16,cxo,Finance,Jysbtcbtcbtc,,,,,
74405213,Jacqueline van de Kaa,Jacqueline,van de Kaa,Verified emails found,2025-09-05 8:52:23,jacqueline.vandekaa@corpay.com,jacqueline.vandekaa@corpay.com,,,"jacqueline.vandekaa@corpay.com,jacqueline.vandekaa@ing.com",jvandekaa@corpay.com,,,,,https://www.linkedin.com/in/jacqueline-van-de-kaa-34540386,,,,,,,Foreign Exchange Trader,Corpay,"230 Scientific Dr NW Suite 100, Peachtree Corners, Georgia 30092, US",cpsgo.com,http://www.cpsgo.com,https://www.linkedin.com/company/corporate-payroll-services_2,"Huizen, NH, NL",Huizen,,NH,NL,Corpay,Foreign Exchange Trader,2022-03-01,Present,ING,,,Present,Corpay,Senior business Development Manager,2021-01-01,2022-03-01,Ebury,Senior business Developer FX and Trade Finance,2020-09-01,2021-01-01,Ebury,Business Developer FX and Trade Finance,2019-01-01,2020-09-01,NCOI Opleidingen,HBO,,,,,,,,,,,,1997,female,8,individual contributor,Finance,Jysbtcbtcbtc,,,,,
408764355,Delphine Burke,Delphine,Burke,Verified emails found,2025-09-05 8:52:20,delphineburke@gmail.com,delphine.burke@nasdaq.com,delphineburke@gmail.com,,"delphineburke@gmail.com,delphine.burke@nasdaq.com,delphine.burke@galaxydigital.io",dburke@galaxydigital.io,,,,,https://www.linkedin.com/in/delphine-burke-391b17221,,,,,,,Foreign Exchange Trader,Nasdaq,"1, Liberty Plaza, New York, New York 10006, US",nasdaq.com,https://www.nasdaq.com/,https://www.linkedin.com/company/nasdaq,"Riverside, CA, US",Riverside,,CA,US,Nasdaq,Foreign Exchange Trader,2017-01-01,Present,Galaxy Digital,Director of Investor Relations,2019-03-01,Present,Morgan Stanley,Internship Trainee,2016-01-01,2017-01-01,,,,,,,,,Harvard Business School,Master of Business Administration - MBA,,,Princeton University,Bachelor's degree,,,"Business Planning,Foreign Exchange (FX) Trading,Cryptocurrency Trading,Market Analysis,Mathematics,Marketing Strategy,Account Management,Investor Relations,Investments",,,,,,female,9,individual contributor,Finance,Jysbtcbtcbtc,,,,,
413327322,Khalid Oumous,Khalid,Oumous,Likely emails found,2025-09-05 8:52:13,,,,,,"oumousk@amazon.com,koumous@amazon.com",,,,,https://www.linkedin.com/in/khalidoumous,,,,,,,Foreign Exchange Trader,The5ers.com,IL,the5ers.com,https://www.the5ers.com,https://www.linkedin.com/company/the5-ers---trading-group,,,,,MA,The5ers.com,Foreign Exchange Trader,2023-11-01,Present,Binance,Investor In Crypto,2021-05-01,Present,Amazon,Kindle Direct Publishing,2018-11-01,Present,MyForexFunds,Professional Trader,2022-10-01,2023-11-01,,,,,ISTA El Barnoussi CASA,Associate of Science - AS,,,Lycée El Jadida Tata,Bachelor of Science - BS,,,,,,,,,male,6,individual contributor,Finance,Jysbtcbtcbtc,,,,,
125300671,Samuel Hopkins,Samuel,Hopkins,Verified emails found,2025-09-05 8:51:55,helenhopkins@gmail.com,,helenhopkins@gmail.com,helenhopkins@gmail.com,,,2158930480,,3076791284,,https://www.linkedin.com/in/samuel-hopkins-53427865,,,,,,,Currency trader,Self-employed,,,,,"Philadelphia, PA, US",Philadelphia,,PA,US,Self-employed,Currency trader,1975-04-01,Present,Hopkins & Company,President,,Present,Self-employed,Currency trader,1975-04-01,Present,,,,,,,,,Haverford College,Bachelor’s Degree,,,,,,,,,,,,1985,male,50,individual contributor,Finance,Jysbtcbtcbtc,,,,,
83301324,Daniel Socci,Daniel,Socci,Verified emails found,2025-09-05 8:51:36,daniel.socci@intlfcstone.com,daniel.socci@intlfcstone.com,,,daniel.socci@intlfcstone.com,,,,,,https://www.linkedin.com/in/daniel-socci-89523110,,,,,,,Foreign Exchange Trader,INTL FCStone,"155 E. 44th  St, New York City, New York 10017, US",intlfcstone.com,http://www.intlfcstone.com,https://www.linkedin.com/company/intl-fcstone-inc-,"New York, NY, US",New York,,NY,US,INTL FCStone,Foreign Exchange Trader,2018-09-01,Present,Societe Generale,Foreign Exchange,2017-01-01,2018-08-01,Societe Generale Corporate & Investment Banking,Foreign Exchange Sales and Trading,2010-06-01,2017-01-01,United States Marine Corps,United States Marine Corps Infantry Officer,2005-06-01,2009-06-01,,,,,Fordham Gabelli School of Business,MBA,,,Villanova University,BA,,,,,,,,1983,male,19,individual contributor,Finance,Jysbtcbtcbtc,,,,,
82531451,Basilio Santangelo,Basilio,Santangelo,Verified emails found,2025-09-05 8:51:34,basilio_santangelo@westernalliancebancorporation.com,basilio_santangelo@westernalliancebancorporation.com,,,basilio_santangelo@westernalliancebancorporation.com,basilio.santangelo@westernalliancebancorporation.com,6263793361,,,,https://www.linkedin.com/in/basilio-santangelo-41210116b,,,,,,,Senior Foreign Exchange Trader,Western Alliance Bank,"1 E Washington St Suite 1400, Phoenix, Arizona 85004, US",westernalliancebancorporation.com,https://www.westernalliancebancorporation.com,https://www.linkedin.com/company/western-alliance-bank,"Los Angeles, CA, US",Los Angeles,,CA,US,Western Alliance Bank,Senior Foreign Exchange Trader,2021-08-01,Present,Western Alliance Bank,Senior Foreign Exchange Advisor,2025-03-01,Present,Western Alliance Bank,"Vice President - Foreign Exchange Advisor,  Global Markets Group at Western Alliance Bank",2024-10-01,Present,City National Bank,FX Middle office,2021-04-01,2021-08-01,Bank of America,Consumer and Small Business,2021-01-01,2021-04-01,San Diego State University,Bachelor's degree,,,Ashford University,Master of Business Administration - MBA,,,,,,,,1980,male,19,senior,Finance,Jysbtcbtcbtc,,,,,
111261496,Robert Alexandre,Robert,Alexandre,Likely emails found,2025-09-05 8:51:27,,,,,,"robert.alexandre@fencott.com,ralexandre@fencott.com,robertalexandre@fencott.com,roberta@fencott.com",,,,,https://www.linkedin.com/in/robert-alexandre-aa5ba0149,,,,,,,Currency Trader,Self employed,UK,fencott.com,http://www.fencott.com/Clive,https://www.linkedin.com/company/self-employed_1083,"New York, United States",,,NY,US,Self employed,Currency Trader,2012-12-01,Present,,,,,,,,,,,,,,,,,City University of New York-Brooklyn College,Bachelor's degree,,,Borough of Manhattan Community College,Associate's degree,,,,,,,,1998,male,12,individual contributor,Finance,Jysbtcbtcbtc,,,,,
39863120,Rachel Sears,Rachel,Sears,Verified emails found,2025-09-05 8:51:22,rachelsears@gmail.com,rachel_sears@westernalliancebancorporation.com,rachelsears@gmail.com,,"rachelsears@gmail.com,rachel_sears@westernalliancebancorporation.com",rachel@westernalliancebancorporation.com,,,,,https://www.linkedin.com/in/rachelsears1,,,,,,,Senior Foreign Exchange Trader,Western Alliance Bank,"1 E Washington St Suite 1400, Phoenix, Arizona 85004, US",westernalliancebancorporation.com,https://www.westernalliancebancorporation.com,https://www.linkedin.com/company/western-alliance-bank,United States,,,,US,Western Alliance Bank,Senior Foreign Exchange Trader,2024-12-01,Present,First Republic Bank,Director FX Trading and Liquidity,2018-01-01,2024-07-01,First Republic Bank,Foreign Exchange Sales Associate,2017-07-01,2018-01-01,Boston University,Student Admissions Representative,2015-01-01,2017-05-01,Boston University,Admissions Ambassador,2014-01-01,2015-01-01,Boston University,,,,,,,,"Microsoft Office,Customer Service,Microsoft Word,Social Media,Admissions,Teamwork,Public Speaking,Event Planning,PowerPoint,Research,Outlook,Social Networking,Microsoft Excel,Salesforce.com,ProTrack,Facebook,Bloomberg,Management,Project Management,Marketing Strategy,Leadership",,,,,1995,female,11,senior,Finance,Jysbtcbtcbtc,,,,,
77808533,Rick Ray,Rick,Ray,Verified emails found,2025-09-05 8:51:21,rickray@hotmail.com,rick@fullertonmarkets.com,rickray@hotmail.com,rickray@hotmail.com,rick@fullertonmarkets.com,rick.ray@fullertonmarkets.com,,,,,https://www.linkedin.com/in/rickrayfx,http://www.facebook.com/rickrayfx,,,,,,Foreign Exchange Trader,Doo Prime,HK,dooprime.com,https://www.dooprime.com,https://www.linkedin.com/company/dooprime,"Bangkok, TH",Bangkok,,,TH,Doo Prime,Foreign Exchange Trader,2024-11-01,Present,Fullerton Markets,Official Partner and Local Exchanger,2018-02-01,Present,Forex Academy,Business Owner,2015-12-01,Present,CNI,Project Manager,2015-08-01,2016-08-01,Pravinia Vshape Face Lift Technique School,Associate Consultant,2014-05-01,2015-05-01,Texas Tech University,,,,Odessa High School,High School Diploma,,,,,,,,1955,male,32,individual contributor,Finance,Jysbtcbtcbtc,,,,,
88381814,Justin Blatti,Justin,Blatti,Verified emails found,2025-09-05 8:51:18,blatticrowley@msn.com,,blatticrowley@msn.com,blatticrowley@msn.com,,,917-991-2919,917-991-2919,"203-947-3581
323-333-2117
818-358-2974",,https://www.linkedin.com/in/justinblatti,,,,,,,Senior Foreign Exchange Trader,Russell Investments,"1301 2nd Avenue Floor 18, Seattle, Washington 98101, US",russellinvestments.com,https://russellinvestments.com/content/ri/us/en.html,https://www.linkedin.com/company/russell-investments,"Seattle, Washington, United States",Seattle,,WA,US,Russell Investments,Senior Foreign Exchange Trader,2018-01-01,Present,Barclays,"Foreign Exchange Trader, Precious Metals Trader",,2014-01-01,Lehman Brothers,"Commodities, Credit Derivatives ",,2007-01-01,,,,,,,,,,,,,,,,,"Derivatives,Business Development,commodities,Precious Metals,Data Analysis,Research,Sales,Investments,Foreign Exchange (FX) Trading,Risk Management,Portfolio Management,Hedging,Trading,Fixed Income,Capital Markets,Treasury,Options,Finance,Financial Markets,Financial Analysis",,,,,1983,male,7,senior,Finance,Jysbtcbtcbtc,,,,,
135078590,Wayne Hammond,Wayne,Hammond,Verified emails found,2025-09-05 8:51:04,waynehammond@aafxtrading.com,waynehammond@aafxtrading.com,whammleaper@hotmail.com,"waynehammond@aafxtrading.com,whammleaper@hotmail.com,wayne_hammond@aafxtrading.com",,,,,,,https://www.linkedin.com/in/wjh0,,https://twitter.com/freetoolive,,,,,Foreign Exchange Trader,AAFX TRADING COMPANY LTD,HK,aafxtrading.com,http://www.aafxtrading.com,https://www.linkedin.com/company/aafx-trading,"New Haven, CT, US",New Haven,,CT,US,AAFX TRADING COMPANY LTD,Foreign Exchange Trader,2018-01-01,Present,Frontier Communications,Sales Representative,2015-03-01,2019-12-01,,,,,,,,,,,,,,,,,,,,,"Direct Sales,Marketing,Online Marketing,Online Advertising,Retail,Customer Service,Entrepreneurship,Social Media Marketing,Advertising,Email Marketing,Leadership,Cross-functional Team Leadership,Marketing Strategy,Small Business,Social Networking,Team Building,Customer Retention,stock,Foreign Exchange (FX) Trading,Stock Market",,,,,1993,,10,individual contributor,Finance,Jysbtcbtcbtc,,,,,
18947584,Eric Brown,Eric,Brown,Verified emails found,2025-09-05 8:50:54,eric.brown@troweprice.com,eric.brown@troweprice.com,,,eric.brown@troweprice.com,,3026505742,,,,https://www.linkedin.com/in/eric-brown-59957559,,,,,,,Foreign Exchange Trader,T. Rowe Price,"1307 Point Street, Baltimore, Maryland 21231, US",troweprice.com,http://www.troweprice.com,https://www.linkedin.com/company/t--rowe-price,"Marriottsville, MD, US",Marriottsville,21104,MD,US,T. Rowe Price,Foreign Exchange Trader,2023-08-01,Present,T. Rowe Price,Lead Analyst,2022-07-01,2023-08-01,T. Rowe Price,TCA and Market Structure Analyst,2018-09-01,2023-08-01,T. Rowe Price,Investment Fellow,2017-07-01,2023-08-01,"MP Construction & Excavation, LLC.",Intern,2016-05-01,2023-08-01,Gettysburg College,Bachelor’s Degree,,,,,,,"Leadership,Microsoft Office,Management,Microsoft Word,Project Management,PowerPoint,Research,Microsoft Excel,Customer Service",,,,,1995,male,9,individual contributor,Finance,Jysbtcbtcbtc,,,,,
37666278,Alex Cohn,Alex,Cohn,Verified emails found,2025-09-05 8:50:48,alex.cohn@corpay.com,alex.cohn@corpay.com,,,alex.cohn@corpay.com,acohn@corpay.com,,,,,https://www.linkedin.com/in/alexcohn1,,,,,,,Foreign Exchange Trader,Corpay,"230 Scientific Dr NW Suite 100, Peachtree Corners, Georgia 30092, US",cpsgo.com,http://www.cpsgo.com,https://www.linkedin.com/company/corporate-payroll-services_2,"Washington, DC, US",Washington,20005,DC,US,Corpay,Foreign Exchange Trader,2015-01-01,Present,Corpay,Business Developer,2013-09-01,2015-01-01,HFP Capital Markets LLC,Broker Trainee,2012-06-01,2012-12-01,LCX Systems,Summer Intern,2008-05-01,2010-08-01,,,,,Georgetown University McDonough School of Business,Master of Business Administration - MBA,,,Rollins College,Bachelor of Arts (B.A.),,,"Management,Microsoft Word,PowerPoint,New Business Development,Accounting,Finance,Economics,Salesforce.com,Customer Service,Sales",,,,,1990,male,14,individual contributor,Finance,Jysbtcbtcbtc,,,,,
237827297,Institutional Trader,Institutional,Trader,Verified emails found,2025-09-05 8:50:43,trader@ftmo.com,trader@ftmo.com,institutionaltrader@gmail.com,trader@ftmo.com,institutionaltrader@gmail.com,itrader@fidelcrest.com,,,,,https://www.linkedin.com/in/sanjinfx,,,,,,,Foreign Exchange Trader,FTMO,"Prague 120 00, CZ",ftmo.com,https://ftmo.com/,https://www.linkedin.com/company/ftmo,"New York, NY, US",New York,,NY,US,FTMO,Foreign Exchange Trader,2020-06-01,Present,Forex Club LLC (US),Senior Equity Trader,,Present,Fidelcrest,FIDELCREST Fund Manager and Trader,2020-06-01,Present,Foreign Exchange Market,Foreign Exchange Trader,2017-01-01,2019-06-01,,,,,"IFMC Institute Delhi for Stock Market, Share Trading & Technical Analysis Courses",Bachelor of Business Administration - BBA,,,University of National and World Economy,Bachelor's degree,,,"Investments,Portfolio Management,Financial Services,ETFs,Trading,Trading Strategies,Futures Trading,Finance",,,,,1989,male,7,individual contributor,Finance,Jysbtcbtcbtc,,,,,
140274855,Diego De Ocampo,Diego,De Ocampo,Verified emails found,2025-09-05 8:50:39,diego.deocampo@citigroup.com,diego.deocampo@citigroup.com,,,diego.deocampo@citigroup.com,,,,,,https://www.linkedin.com/in/diego-de-ocampo-cfa-34518790,,,,,,,VP - Foreign Exchange Trader,Citi,"388 Greenwich Street, New York, New York 10013, US",citigroup.com,http://www.citigroup.com,https://www.linkedin.com/company/citi,"Valenzuela, NCR, PH",Valenzuela,,NCR,PH,Citi,VP - Foreign Exchange Trader,2017-07-01,Present,HSBC Global Banking and Markets,Manager - Foreign Exchange Trading,2016-02-01,2017-07-01,HSBC Global Banking and Markets,Management Associate,2014-11-01,2016-02-01,,,,,,,,,University of the Philippines,Bachelor's Degree,,,Xavier School,,,,,,,,,1991,male,10,vp,Finance,Jysbtcbtcbtc,,,,,
18831037,Gary Loe,Gary,Loe,Verified emails found,2025-09-05 8:50:19,gary.loe@zionsbancorp.com,gary.loe@zionsbancorp.com,,gary.loe@zionsbancorp.com,loe@zionsbancorp.com,"garyloe@zionsbancorp.com,garyl@zionsbancorp.com,gloe@zionsbancorp.com,loeg@zionsbancorp.com,gary@zionsbancorp.com",5626075870,5626075870,5625964812,,https://www.linkedin.com/in/gary-loe-450b438,,,,,,,Foreign Exchange Trader,California Bank & Trust,"42024 50th St W, Lancaster, California 93536, US",calbanktrust.com,http://www.calbanktrust.com,https://www.linkedin.com/company/calbanktrust,"Los Alamitos, CA, US",Los Alamitos,,CA,US,California Bank & Trust,Foreign Exchange Trader,2015-08-01,Present,Comerica Bank,Vice President - Senior Foreign Exchange Trader,1994-03-01,2015-07-01,Imperial Bank,First Vice President,1994-05-01,2000-01-01,"The Hammond Company, Mortgage Bank",Loan Officer,1990-07-01,1994-05-01,,,,,"Pepperdine University, The George L. Graziadio School of Business and Management",MBA,,,California State University-Dominguez Hills,BS,,,"Cash Management,Banking,Corporate Finance,Portfolio Management,Financial Modeling,Capital Markets,Financial Risk,Investments,Credit Risk,Treasury Management,Commercial Banking,Wealth Management,FX Options,Risk Management,Credit,Financial Analysis,Credit Analysis,Private Banking,Retail Banking,Foreign Exchange Fx Options,Loans,Financial Markets,Foreign Exchange Options",,,,,1968,male,35,individual contributor,Finance,Jysbtcbtcbtc,,,,,
380097883,Amin B.,Amin,B.,Verified emails found,2025-09-05 8:50:13,amin.bargii@gmail.com,amin.b@alpari.com,amin.bargii@gmail.com,amin.bargii@gmail.com,"amin.b@alpari.com,ab@alpari.com",,,,,,https://www.linkedin.com/in/amin-b-733929162,,,,,,,Foreign Exchange Trader,Alpari,US,alpari.com,http://www.alpari.com/,https://www.linkedin.com/company/alpari,"Tabriz, East Azerbaijan Province, IR",Tabriz,,,IR,Alpari,Foreign Exchange Trader,2020-10-01,Present,Binance,Cryptocurrency Trader,2019-12-01,Present,,,,,,,,,,,,,Iran language institite,A2,,,,,,,,,,,,,,5,individual contributor,Finance,Jysbtcbtcbtc,,,,,
110825993,Chukwuemeka Ukabam,Chukwuemeka,Ukabam,Verified emails found,2025-09-05 8:50:08,chukwuemeka.ukabam@sterling.ng,chukwuemeka.ukabam@sterling.ng,,,chukwuemeka.ukabam@sterling.ng,chukwuemeka@sterling.ng,,,,,https://www.linkedin.com/in/chukwuemeka-ukabam-93a05889,,,,,,,Foreign Exchange Trader,Sterling Bank Plc,"Sterling Towers 20 Marina, Lagos, Lagos, NG",sterling.ng,http://www.sterling.ng,https://www.linkedin.com/company/sterling-bank-plc,Nigeria,,,,NG,Sterling Bank Plc,Foreign Exchange Trader,2022-05-01,Present,FSDH Merchant Bank (FSDH),Treasury Officer,2021-10-01,2022-04-01,UBA Group,Currency Trader,2018-03-01,2021-09-01,Ola International College,Physics Instructor,2016-01-01,2016-11-01,Addax Petroleum,Geophysicist intern,2014-01-01,2014-07-01,Covenant University,Industrial Physics - Applied Geophysics,,,,,,,"Geophysics,Petroleum Geology,Geological Mapping,Logging,Earth Science,Oil,Drilling,Geology,Upstream,Reservoir Management,Petrophysics,Offshore Drilling,Energy,Mineral Exploration,Reservoir Engineering,Formation Evaluation,Oilfield,Sedimentology,Energy Industry,Onshore,Seismology,Structural Geology,Gas,Petroleum",,,,,1993,female,8,individual contributor,Finance,Jysbtcbtcbtc,,,,,
41649945,Natasha Lauder,Natasha,Lauder,Verified emails found,2025-09-05 8:49:53,natasha.lauder@schroders.com,natasha.lauder@schroders.com,,natasha.lauder@schroders.com,,,447533730478,447533730478,,,https://www.linkedin.com/in/natasha-lauder-a7245757,https://facebook.com/natasha.lauder,,,,,,Foreign Exchange Trader,Schroders,UK,schroders.com,http://www.schroders.com,https://www.linkedin.com/company/schroders,"London, GB",London,,,UK,Schroders,Foreign Exchange Trader,2020-10-01,Present,,,,,,,,,,,,,,,,,"University College London, U. of London",Bachelor of Science (BSc) First Class Honours,,,Surbiton High School,,,,"PowerPoint,Chess,Sales,Matlab,Data Analysis,English,Tableau,Software,Estate Agents,Alteryx,Presentation,Visual Analytics,Microsoft Office,Microsoft Word,Microsoft Excel,SQL,Python,Teamwork,Research,Lettings,Analysis",,,,,1994,female,4,individual contributor,Finance,Jysbtcbtcbtc,,,,,
3570723,Luis Emilio Moreno Sánchez,Luis,Sánchez,Verified emails found,2025-09-05 8:49:28,luisemilio00@hotmail.com,luisemiliomoreno@forex.com,luisemilio00@hotmail.com,luisemilio00@hotmail.com,"luisemiliomoreno@forex.com,luis.emiliomoreno@forex.com,lemiliomoreno@forex.com","lsanchez@forex.com,luis.sanchez@forex.com,luis@forex.com,luissanchez@forex.com,sanchez@forex.com,luiss@forex.com,sanchezl@forex.com",+51 989 156 331,+51 989 156 331,+51 992 763 712,,https://www.linkedin.com/in/luis-emilio-moreno-sánchez-06334157,http://www.facebook.com/luisemilio00,,,,,,Forex Trader,FOREX,"135 Us Highway 202/206 Ste 11, Bedminster, New Jersey 07921, US",forex.com,http://www.forex.com,https://www.linkedin.com/company/forex,Peru,,,,PE,FOREX,Forex Trader,2014-09-01,Present,B Motors,Analista financiero,2017-08-01,2018-02-01,Banco GNB,Funcionario de Banca Empresa,2013-10-01,2014-09-01,HSBC,Funcionario de Banca Corporativa,2012-08-01,2013-09-01,HSBC Bank Peru,Analista Senior en Credit Solutions - Banca Corporativa,2012-06-01,2012-07-01,Corriente Alterna,,,,Moody's,Commercial Lending,,,"Relaciones con clientes,Venta de soluciones,Financial Analysis,Microsoft Office,Banking,Microsoft Excel,Corporate Finance,Financial Modeling,Commercial Lending,Business Strategy,Credit Risk,Business Analysis,Spanish,Negotiation,Análisis financiero,Negociación,Finanzas corporativas,Estrategia empresarial",,,,,1983,male,17,individual contributor,Finance,Jysbtcbtcbtc,,,,,
734159995,Anthony Minardo,Anthony,Minardo,Verified emails found,2025-09-05 8:49:23,aminardo@valley.com,aminardo@valley.com,stretch38@hotmail.com,"aminardo@valley.com,stretch38@hotmail.com",,anminardo@valley.com,2126261115,,,,https://www.linkedin.com/in/anthony-minardo,https://facebook.com/anthony.minardo.3,,,,,,Vice President Foreign Exchange Trader,Valley Bank,"70 Speedwell Ave, Morristown, New Jersey 07960, US",valley.com,https://www.valley.com/business/women-in-business,https://www.linkedin.com/company/valleybankwomeninbusiness,"New York, NY, US",New York,,NY,US,Valley Bank,Vice President Foreign Exchange Trader,2022-04-01,Present,Bank Leumi,"Vice President,  FX and Treasury Trader",2014-01-01,2022-04-01,Wells Fargo Bank,"Director, FX Institutional Sales and Trading",2007-03-01,2013-12-01,National Australia Bank,Vice President FX Trading,2004-03-01,2007-02-01,Calyon,Vice President Foreign Exchange,2001-01-01,2004-03-01,Manhattan University,B.S.,,,Monsignor Farrell High School,,,,"Portfolio Management,Electronic Trading,Derivatives,FX trading,FX Options,Trading Systems,Bloomberg,Trading,Capital Markets,Foreign Exchange Fx Options,Fixed Income,Currency,Customer Service,Foreign Exchange,Options,Equities,Hedge Funds,Foreign Exchange Fx Trading,Financial Markets,Foreign Exchange Options,Foreign Exchange Trading",,,,,,male,35,vp,Finance,Jysbtcbtcbtc,,,,,
135035549,David Tang,David,Tang,Verified emails found,2025-09-05 8:49:15,david@bnpparibas.com,david@bnpparibas.com,,david@bnpparibas.com,,,,,,,https://www.linkedin.com/in/david-tang-036233198,,,,,,,Foreign Exchange Trader,BNP Paribas,"16 Rue De Hanovre, Paris, Ile-de-France 75002, FR",bnpp.lk,https://bnpp.lk/E2gMao,https://www.linkedin.com/company/bnp-paribas,"London, GB",London,,,UK,BNP Paribas,Foreign Exchange Trader,2012-03-01,Present,AngelList,Investor,2014-08-01,Present,,,,,,,,,,,,,UCL,,,,,,,,,,,,,1990,male,13,individual contributor,Finance,Jysbtcbtcbtc,,,,,
69647753,Lindsey Tice,Lindsey,Tice,Verified emails found,2025-09-05 8:49:12,lindsey.tice@drexel.edu,lindsey.tice@drexel.edu,,lindsey.tice@drexel.edu,,,5704709026,,"5704733659
5709883731",,https://www.linkedin.com/in/lindseytice,,,,,,,Forex Trader,ForexTime (FXTM),UK,exinity.com,https://www.exinity.com/,https://www.linkedin.com/company/exinity,"Philadelphia, PA, US",Philadelphia,,PA,US,ForexTime (FXTM),Forex Trader,2016-11-01,Present,Drexel University's Thomas R. Kline School of Law,,,Present,,,,,,,,,,,,,Drexel University,,,,Liberty University,,,,,,,,,1984,female,8,individual contributor,Finance,Jysbtcbtcbtc,,,,,
375660609,Gabriel Koomson,Gabriel,Koomson,Likely emails found,2025-09-05 8:48:50,,,,,,"gabriel@republic.com,koomson@republic.com",,,,,https://www.linkedin.com/in/gabriel-koomson-08021986gk77,,,,,,,Independent Forex Trader,Plus500™,UK,plus500.com,https://us.plus500.com/?id=98991&tags=Organic_sr+ld_ch+PageGlobal_cp+MainPageDesc_mu,https://www.linkedin.com/company/plus500-official-page,United Kingdom,,,,UK,Plus500™,Independent Forex Trader,2019-01-01,Present,R Europe (formerly Seedrs),Private Investor,2023-04-01,Present,PSN,Senior Researcher (Research and Business Development ),2017-03-01,2018-12-01,"London School of Commerce, London, United Kingdom",IT Support Specialist and System Administration,2015-03-01,2017-03-01,"London School of Commerce, London, United Kingdom",IT Support Technician,2014-02-01,2015-03-01,Cardiff Metropolitan University,Master of Business Administration - MBA,,,,,,,,,,,,,,12,individual contributor,Finance,Jysbtcbtcbtc,,,,,
229921672,Kieran Connolly,Kieran,Connolly,Verified emails found,2025-09-05 8:48:46,kconnolly@oaktreecapital.com,kconnolly@oaktreecapital.com,,,kconnolly@oaktreecapital.com,kieran.connolly@oaktreecapital.com,447904316189,447904316189,,,https://www.linkedin.com/in/kieran-connolly-cfa-78965694,https://facebook.com/kieran.connolly.5686,,,,,,Foreign Exchange Trader,"Oaktree Capital Management, L.P.","333 South Grand Avenue, Los Angeles, California 90071, US",oaktreecapital.com,http://www.oaktreecapital.com,https://www.linkedin.com/company/oaktree-capital-management,"London, GB",London,,,UK,"Oaktree Capital Management, L.P.",Foreign Exchange Trader,2023-06-01,Present,HSBC,FX Overlay Associate Director,2021-03-01,2023-06-01,HSBC Global Banking and Markets,FX Overlay Associate,2019-03-01,2021-03-01,HSBC,FX Overlay Analyst,2017-04-01,2019-03-01,HSBC,FX Prime Brokerage Analyst,2015-08-01,2017-04-01,University of Warwick - Warwick Business School,Master of Science (MSc),,,"Royal Holloway, University of London",BSc (Econ),,,,,,,,1993,male,10,individual contributor,Finance,Jysbtcbtcbtc,,,,,
6962475,Alessandro Balsotti,Alessandro,Balsotti,Verified emails found,2025-09-05 8:48:38,alebalsotti@yahoo.com,alessandro.balsotti@intesasanpaolo.com,alebalsotti@yahoo.com,"alebalsotti@yahoo.com,alessandro.balsotti@intesasanpaolo.com",alessandro.balsotti@bancaimi.com,alessandrobalsotti@bancaimi.com,+39 348 855 7004,+39 348 855 7004,,,https://www.linkedin.com/in/alessandro-balsotti-7a001713,,https://twitter.com/parisdakar00,,,,,Foreign Exchange Trader,Banca IMI,"3 Largo Mattioli, Milano, Lombardy 20121, IT",bancaimi.com,http://www.bancaimi.com,https://www.linkedin.com/company/banca-imi,"Milan, IT",Milan,,,IT,Banca IMI,Foreign Exchange Trader,2019-05-01,Present,JCI Capital Ltd,Head of Asset Management,2016-12-01,Present,JCI Capital Ltd,Portfolio Manager,2013-07-01,Present,JW Partners,"Partner, FX Portfolio Manager",2009-07-01,2013-07-01,Abaxbank,Head of Foreign Exchange Trading,2005-07-01,2010-04-01,Università Commerciale 'Luigi Bocconi',,,,"Liceo Scientifico “Gonzaga”, Milano",Bachelor Degree,,,"Treasury,Proprietary Trading,FX Options,FX trading,Trading,Currency,Options,Accounting,Foreign Exchange,Strategy,Liquidity Management,Rates,Portfolio Management,Business Strategy,Capital Markets,Start-ups,Market Making,Start Ups",,,,,1965,male,34,individual contributor,Finance,Jysbtcbtcbtc,,,,,
437694109,Mai Luo,Mai,Luo,Likely emails found,2025-09-05 8:48:35,,,,,,"mai@cityinvestmentsol.co.uk,mluo@cityinvestmentsol.co.uk,mai.luo@cityinvestmentsol.co.uk,mailuo@cityinvestmentsol.co.uk",,,,,https://www.linkedin.com/in/mai-luo-92b9301b7,,,,,,,Foreign Exchange Trader,City Investment Solutions,UK,cityinvestmentsol.co.uk,http://www.cityinvestmentsol.co.uk,https://www.linkedin.com/company/cityinvestmentsolutions,"London, GB",London,,,UK,City Investment Solutions,Foreign Exchange Trader,2024-07-01,Present,0xCreator DAO,Co-Founder,2022-05-01,2024-06-01,Kima Network,Analyst,2022-09-01,2023-01-01,MiraclePlus (former Y Combinator China),Research Fellow,2021-04-01,2021-10-01,,,,,Imperial College Business School,Master's degree,,,New York University Abu Dhabi,Bachelor's degree,,,,,,,,,,3,individual contributor,Finance,Jysbtcbtcbtc,,,,,
138187775,Marc Magee,Marc,Magee,Verified emails found,2025-09-05 8:48:31,mmagee@wellington.com,mmagee@wellington.com,marc.a.magee@gmail.com,"mmagee@wellington.com,marc.a.magee@gmail.com,zanbaka@hotmail.com",,,203-530-3602,203-530-3602,"203-779-5071
857-334-8034
617-664-1066
203-421-5232
203-245-5232",,https://www.linkedin.com/in/marc-magee-caia-2230a226,http://www.facebook.com/people/_/14000263,,,,,,Foreign Exchange Trader,Wellington Management,"280 Congress Street, Boston, Massachusetts 02210, US",wellington.com,https://www.wellington.com/en/about-us/why-wellington-management,https://www.linkedin.com/company/wellington-management,"Boston, MA, US",Boston,,MA,US,Wellington Management,Foreign Exchange Trader,2022-08-31,Present,TD Securities,"Director, Foreign Exchange Sales",2020-08-31,2022-08-31,State Street,"Vice President, FX Sales, Global Alternatives",2012-07-31,2020-08-31,State Street,"Assistant Vice President, N. America StreetFX Sales",2010-11-30,2012-07-31,State Street,"Officer, Indirect FX Services",2007-07-31,2010-11-30,Babson F.W. Olin Graduate School of Business,Master of Business Administration - MBA,,,Union College,Bachelor of Arts - BA,,,"Fixed Income,Hedge Funds,FX Options,Financial Markets,Bloomberg,Derivatives,Capital Markets,Equities,Investments,Securities,Trading,Electronic Trading",,,,,1985,male,19,individual contributor,Finance,Jysbtcbtcbtc,,,,,
13944754,Bryan Halliday,Bryan,Halliday,Verified emails found,2025-09-05 8:48:28,bryan@mavericktrading.com,bryan@mavericktrading.com,bhalli1234@gmail.com,"bryan@mavericktrading.com,bhalli1234@gmail.com,byrdman4474@gmail.com,byrdman4474@yahoo.com,eborda@hotmail.com,byrdman666@icloud.com",,,302-893-8555,302-893-8555,"8017669689
8016180956
8014733906
8017660901
7725649502
302-832-1132
302-838-7150
302-328-1241",,https://www.linkedin.com/in/bryan-halliday-a571a451,,https://twitter.com/i/user/368464574,,,,,Forex Trader | Recruiter,Maverick Trading,"1910 E Fort Union Blvd, Salt Lake City, Utah 84121, US",mavericktrading.com,http://www.mavericktrading.com,https://www.linkedin.com/company/maverick-trading,"Lehi, UT, US",Lehi,,UT,US,Maverick Trading,Forex Trader | Recruiter,2016-04-01,Present,"InvestView, Inc.",Customer Service Manager,2009-01-01,2016-04-01,,,,,,,,,,,,,Utah Valley University,Bachelor’s Degree,,,,,,,"Trading,Options,Investments,Proprietary Trading,Risk Management,Sales",,,,,1974,male,16,individual contributor,Finance,Jysbtcbtcbtc,,,,,
285005339,Shivam Shukla,Shivam,Shukla,Verified emails found,2025-09-05 8:48:15,sshukla@zulutrade.com,sshukla@zulutrade.com,,,sshukla@zulutrade.com,,,,,,https://www.linkedin.com/in/shivam-shukla-7b4973200,,,,,,,Foreign Exchange Trader,Paxful,PA,paxful.com,https://paxful.com,https://www.linkedin.com/company/paxful-inc,"Delhi, India",,,DL,IN,Paxful,Foreign Exchange Trader,,Present,LiteForex Official,Analyst,2020-01-01,Present,ZuluTrade,Analyst,2019-03-01,Present,,,,,,,,,,,,,,,,,,,,,,1997,male,6,individual contributor,Finance,Jysbtcbtcbtc,,,,,
77717202,Alexa Kim,Alexa,Kim,Verified emails found,2025-09-05 8:48:11,alexak@ig-groupuk.com,alexak@ig-groupuk.com,,,alexak@ig-groupuk.com,alexa.kim@ig-groupuk.com,,,,,https://www.linkedin.com/in/alexa-kim-88278042,,,,,,,Currency trader,Barclays,UK,home.barclays,http://www.home.barclays,https://www.linkedin.com/company/barclays-bank,"Shanghai, China",,,,CN,Barclays,Currency trader,2014-01-01,Present,East Star Capital,Director of Marketing and Communications and Co-founder,2012-12-01,Present,IG Group,Options Trader,2012-10-01,Present,GFTForex,Commodities and Currency  Trader,2011-09-01,2014-01-01,TDAmeritrade,Options Trader,2000-03-01,2011-10-01,National University of Singapore,MBA,,,University of Toronto,Bachelor of Science (BSc),,,"Marketing,Strategic Planning,Negotiation,Investments,Business Development,International Business Development,Banking,Risk Management,Trading,Sales,Corporate Finance,Business plan,Financial Risk,Business Planning",,,,,1971,female,30,individual contributor,Finance,Jysbtcbtcbtc,,,,,
2116575,Adam Shorn,Adam,Shorn,Verified emails found,2025-09-05 8:48:00,adam_shorn@hotmail.com,,adam_shorn@hotmail.com,adam_shorn@hotmail.com,,adamshorn@hsbc.com,+44 7738 468179,+44 7738 468179,"917-216-3939
804-861-0514
212-525-8788",,https://www.linkedin.com/in/adam-shorn-62a29a50,http://www.facebook.com/adam.shorn,,,,,,G10 Foreign Exchange Trader,HSBC,UK,hsbc.com,http://www.hsbc.com,https://www.linkedin.com/company/hsbc,"London, GB",London,,,UK,HSBC,G10 Foreign Exchange Trader,2013-05-01,Present,HSBC,Trading-Analyst Programme,2012-09-01,2013-05-01,,,,,,,,,,,,,University of Birmingham,Economics BSc,,,,,,,"Investments,Investment Banking,Fixed Income,Bloomberg,Equities,Financial Analysis,Hedge Funds,Trading,Financial Markets,Derivatives,Foreign Exchange",,,"TED: Ideas Worth Spreading - Unofficial,University of Birmingham Alumni and Friends,Foreign eXchange TRADER Network - FX FOREX,Forex Trading,Financial Times readers' group,Finance Club",,1991,male,13,individual contributor,Finance,Jysbtcbtcbtc,,,,,
237889469,Georgian Gheorghe,Georgian,Gheorghe,Verified emails found,2025-09-05 8:47:49,gg63681@gmail.com,georgian.gheorghe@tdameritrade.com,gg63681@gmail.com,gg63681@gmail.com,georgian.gheorghe@tdameritrade.com,ggheorghe@tdameritrade.com,,,,,https://www.linkedin.com/in/georgian-gabriel-gheorghe-a41422146,,https://twitter.com/3gimperialtwit,,,,,Forex Trader,IC Markets,,,,,"Barcelona, CT, ES",Barcelona,,CT,ES,IC Markets,Forex Trader,2010-12-01,Present,TD Ameritrade,Forex Trader,2012-12-01,Present,HotForex,Forex Trader,2012-12-01,2017-06-01,,,,,,,,,Mihai Eminescu Slobozia,IMPERIAL,,,,,,,"Forex and Binary Option Trader,Music Artist,Photography,Video Production,Video,Music Production,Music,Fine Art,Art,Social Media,YouTube,Facebook,Google,Twitter,Instagram,LinkedIn,Graphic Design,Design,Portrait Photography,Digital Photography",,,,,1988,male,14,individual contributor,Finance,Jysbtcbtcbtc,,,,,
82417372,Baptiste Pouliquen,Baptiste,Pouliquen,Verified emails found,2025-09-05 8:47:47,baptiste.pouliquen@barclays.com,baptiste.pouliquen@barclays.com,bpouliquen@hotmail.com,"baptiste.pouliquen@barclays.com,bpouliquen@hotmail.com",,,,,,,https://www.linkedin.com/in/baptiste-pouliquen-8020255,,,,,,,Senior Forex Trader,Barclays Private Bank,"745 Seventh Avenue, New York, New York 10019, US",cib.barclays,https://www.cib.barclays,https://www.linkedin.com/company/barclays-corporate-and-investment-bank,Monaco,,,,MC,Barclays Private Bank,Senior Forex Trader,2022-01-01,Present,Barclays Corporate & Investment Bank,Senior Trader IR and FX - Treasury Desk,2018-07-01,2022-01-01,Barclays Corporate & Investment Bank,Trader IR and FX - Treasury Desk,2014-07-01,2018-07-01,Barclays Investment Bank,Trader IR and FX - Treasury Desk,2012-07-01,2014-07-01,BNP Paribas Wealth Management,Investment Advisor,2011-01-01,2012-07-01,TBS Education,Master of Science,,,Liverpool John Moores University,,,,,,,,,1989,male,16,senior,Finance,Jysbtcbtcbtc,,,,,
117860038,Lukas Winegarner,Lukas,Winegarner,Verified emails found,2025-09-05 8:47:38,lwinegarner@payden.com,lwinegarner@payden.com,lukaswinegarner@gmail.com,lwinegarner@payden.com,lukaswinegarner@gmail.com,,,,,,https://www.linkedin.com/in/winegarner,https://facebook.com/winegarner,,,,,,"Vice President, Foreign Exchange Trader",Payden & Rygel,"333 South Grand Avenue, Los Angeles, California 90071, US",payden.com,http://www.payden.com,https://www.linkedin.com/company/payden-&-rygel,"Los Angeles, CA, US",Los Angeles,,CA,US,Payden & Rygel,"Vice President, Foreign Exchange Trader",2022-01-01,Present,Payden & Rygel,Foreign Exchange Trader,2019-07-01,2022-01-01,Payden & Rygel,RFP Coordinator,2018-11-01,2019-07-01,"The Concord Advisory Group, Ltd.",Portfolio Analyst,2016-11-01,2018-02-01,Cederwalls International Law Firm AB,Business Consultant,2015-09-01,2016-07-01,University of East London,Master of Science with Distinction,,,Rollins College,Bachelor of Arts,,,"Teamwork,Leadership,Portfolio Management,Economics,Social Media,PowerPoint,Photoshop,Customer Service,Data Analysis,Finance,Microsoft Excel,Team Leadership,Public Speaking,Microsoft Word,Valuation,Microsoft Office,Adobe Photoshop,Market Research,Investments,Research",,,,,1996,male,9,vp,Finance,Jysbtcbtcbtc,,,,,
44284444,Latimere Campbell,Latimere,Campbell,Verified emails found,2025-09-05 8:47:31,latimere.campbell@cvshealth.com,latimere.campbell@cvshealth.com,,,latimere.campbell@cvshealth.com,"lcampbell@forex.com,latimere.campbell@forex.com,latimere@forex.com,latimerecampbell@forex.com,latimerec@forex.com,latimere_campbell@forex.com,campbell@forex.com,campbelll@forex.com",9736841911,,,,https://www.linkedin.com/in/latimere-campbell,,,,,,,Currency Trader,FOREX,"135 Us Highway 202/206 Ste 11, Bedminster, New Jersey 07921, US",forex.com,http://www.forex.com,https://www.linkedin.com/company/forex,"Paterson, NJ, US",Paterson,,NJ,US,FOREX,Currency Trader,2016-01-01,Present,CVS Pharmacy,Pharmacy Technician,2015-01-01,Present,Hollister Co.,Sales Associate and Stock associate,2015-05-01,2015-08-01,,,,,,,,,Mansfield University of Pennsylvania,,,,,,,,"Leadership,Work Ethic,Communication,Problem Solving,Decisiveness,Organizational Leadership,Determine,Time Management,Motivation,Energy,Ambitious,Forward Planning,Delegation,Decision Making,Technical Skillset,Self Confidence,Interpersonal Skills",,,,,1994,male,10,individual contributor,Finance,Jysbtcbtcbtc,,,,,
260275002,Koustubh Gupta,Koustubh,Gupta,Likely emails found,2025-09-05 8:47:31,,,,,,"koustubhgupta@instagram.com,kgupta@instagram.com,koustubh.gupta@instagram.com,koustubh_gupta@instagram.com,koustubhg@instagram.com,koustubh@instagram.com,guptak@instagram.com,gupta@instagram.com",,,,,https://www.linkedin.com/in/koustubh-gupta-55b3261b6,,,,,,,Currency Trader,Binance Exchange,"Miami, Florida 33127, US",binance.us,https://www.binance.us/,https://www.linkedin.com/company/binance-us,"Lucknow, UP, IN",Lucknow,,UP,IN,Binance Exchange,Currency Trader,2020-11-01,Present,Instagram,Social Media Manager,2020-02-01,Present,CoinDCX,Chat Support Assistant,2020-08-01,2021-05-01,,,,,,,,,University of Allahabad,Bachelor's degree,,,,,,,,,,,,2002,male,5,individual contributor,Finance,Jysbtcbtcbtc,,,,,
115713402,Tracey Chan,Tracey,Chan,Verified emails found,2025-09-05 8:47:16,tracey.chan@bbva.com,tracey.chan@bbva.com,,tracey.chan@bbva.com,,,,,,,https://www.linkedin.com/in/tracey-chan-763197140,,,,,,,Foreign Exchange Trader,Banco Bilbao Vizcaya Argentaria,"4 Plaza San Nicolás, Bilbao, Basque Country 48005, ES",bbva.com,https://www.bbva.com/es/empleo/,https://www.linkedin.com/company/bbva,"New York, NY, US",New York,,NY,US,Banco Bilbao Vizcaya Argentaria,Foreign Exchange Trader,2025-02-01,Present,BBVA,Foreign Exchange Trader,2022-10-01,2025-02-01,BBVA,"Graduate Trainee, Global Markets Asia",2021-10-01,2022-10-01,LGT – Private Banking und Asset Management,Graduate Trainee,2020-09-01,2021-09-01,,,,,The University of Hong Kong,Master's degree,,,The Chinese University of Hong Kong,IBBA,,,,,,,,1998,female,4,individual contributor,Finance,Jysbtcbtcbtc,,,,,
18501781,Michael Caldwell,Michael,Caldwell,Verified emails found,2025-09-05 8:47:04,michael.caldwell@blackrock.com,michael.caldwell@blackrock.com,,,michael.caldwell@blackrock.com,mcaldwell@blackrock.com,,,,,https://www.linkedin.com/in/michael-caldwell-80629826,,,,,,,Foreign Exchange Trader,BlackRock,"50 Hudson Yards, New York, New York 10001, US",blackrock.com,http://www.blackrock.com,https://www.linkedin.com/company/blackrock,"New York, NY, US",New York,,NY,US,BlackRock,Foreign Exchange Trader,2025-03-01,Present,Barclays Investment Bank,FX Hedge Fund Sales,2013-07-01,2025-01-01,University of Richmond,Men's Basketball Team Co-Manager,2010-08-01,2013-04-01,University of Richmond,Student Admissions Representative,2009-10-01,2013-04-01,Barclays Investment Bank,Global Markets Summer Analyst,2012-06-01,2012-08-01,University of Richmond,B.S.B.A.,,,,,,,"Public Speaking,Higher Education,Data Analysis,Sales",,,,,1991,male,15,individual contributor,Finance,Jysbtcbtcbtc,,,,,
79600280,Rusa Goletiani,Rusa,Goletiani,Verified emails found,2025-09-05 8:46:56,rusa.goletiani@blackrock.com,rusa.goletiani@blackrock.com,,,rusa.goletiani@blackrock.com,rgoletiani@blackrock.com,,,,,https://www.linkedin.com/in/rusa-goletiani-91829564,,,,,,,Foreign Exchange Trader,BlackRock,"50 Hudson Yards, New York, New York 10001, US",blackrock.com,http://www.blackrock.com,https://www.linkedin.com/company/blackrock,"New York, NY, US",New York,,NY,US,BlackRock,Foreign Exchange Trader,2021-05-01,Present,DWS Group,Trader,2015-07-01,2021-06-01,Westchester Chess Academy,Co-founder,2006-06-01,2015-06-01,,,,,,,,,Columbia University in the City of New York,Bachelor of Arts (B.A.),,,,,,,,,,,,1984,female,19,individual contributor,Finance,Jysbtcbtcbtc,,,,,
14496739,James Kaplan,James,Kaplan,Verified emails found,2025-09-05 8:46:48,jkaplan@jkcapital.com.br,jkaplan@jkcapital.com.br,jkaplan31@gmail.com,"jkaplan@jkcapital.com.br,jkaplan31@gmail.com,james.kaplan@jkcapital.com.br",,,7182277405,7182277405,5613500038,+55 11 5184-6970,https://www.linkedin.com/in/jameskaplan1,,,,,,,Foreign Exchange Trader,JK Capital,"1.636 Paulista Ave 410, Sao Paulo, Sao Paulo, BR",jkcapital.com.br,http://www.jkcapital.com.br,https://www.linkedin.com/company/jk-capital,"New York, United States",,,NY,US,JK Capital,Foreign Exchange Trader,2014-01-01,Present,"I.D.B. BANK, NEW YORK",First Vice President – Senior Foreign Exchange Trader,2010-01-01,2014-01-01,"GCPFX, PROPRIETARY & ALGORITHM TRADING / PENTA CURRENCY TRADING FUND",Proprietary Foreign Exchange Trader,2008-01-01,2009-01-01,BANK HAPOALIM,Vice President – Senior Foreign Exchange Trader,1995-01-01,2008-01-01,"Lasser Marshall, Inc",Senior Foreign Exchange Broker,1994-01-01,1995-01-01,City University of New York-Brooklyn College,"B.S., Business Management and Finance",,,,,,,"Client Counseling,Increasing Market Liquidity,Manage Client,Valuation,Manage Client Relationships,Portfolio Management,New Product Development,FX trading,Foreign Exchange Risk Management,Foreign Exchange,Sales and Marketing,FX Options,Client Development,Risk Management,Revenue Performance,Proprietary Trading,Legal Compliance,New Business Development,Interpersonal Communication Abilities,Financial Analysis,Sales and Marketing Leadership,Regulatory Compliance,Foreign Exchange Risk,Foreign Exchange Management,Interpersonal,Trading Systems,Increasing Market,Continuous Improvement,Hedging,Hedge Funds",,,,,1973,male,30,individual contributor,Finance,Jysbtcbtcbtc,,,,,
18494850,Bradley Walker,Bradley,Walker,Verified emails found,2025-09-05 8:46:42,bradley.walker@avivainvestors.com,bradley.walker@avivainvestors.com,,,bradley.walker@avivainvestors.com,,,,,,https://www.linkedin.com/in/bradley-walker-8199326b,,,,,,,Foreign Exchange Trader,Aviva Investors,UK,avivainvestors.com,https://www.avivainvestors.com,https://www.linkedin.com/company/aviva-investors,"England, United Kingdom",,,,UK,Aviva Investors,Foreign Exchange Trader,2008-10-01,Present,BNY Mellon,Dealer Analyst,2004-01-01,2008-09-01,BNY Mellon,Banking Operations,1994-08-01,2004-01-01,,,,,,,,,,,,,,,,,"FX trading,Electronic Trading,Derivatives,Swaps,FX Hedging,Bloomberg,FX Options,Trading,Foreign Exchange Fx Options,Currency,Foreign Exchange,Foreign Exchange Options",,,,,1972,male,31,individual contributor,Finance,Jysbtcbtcbtc,,,,,
2160946,Anastasios Constantinou,Anastasios,Constantinou,Likely emails found,2025-09-05 8:46:39,,,,,,"anastasios@cityinvestmentsol.co.uk,anastasios.constantinou@cityinvestmentsol.co.uk,aconstantinou@cityinvestmentsol.co.uk,constantinou@cityinvestmentsol.co.uk,anastasiosconstantinou@cityinvestmentsol.co.uk,anastasiosc@cityinvestmentsol.co.uk",,,,,https://www.linkedin.com/in/anastasios-constantinou-50259579,,,,,,,Forex Trader,City Investment Solutions,UK,cityinvestmentsol.co.uk,http://www.cityinvestmentsol.co.uk,https://www.linkedin.com/company/cityinvestmentsolutions,"London, GB",London,,,UK,City Investment Solutions,Forex Trader,2018-09-01,Present,,,,,,,,,,,,,,,,,University of Essex,,,,,,,,"Financial Modeling,FX trading,Derivatives,FX Options,Banking,Trading,Bloomberg,Risk Management,Investments,Finance,Currency,Foreign Exchange,Technical Analysis,Equities,Financial Markets",,,,,1996,male,7,individual contributor,Finance,Jysbtcbtcbtc,,,,,
229830592,Tony Lamy,Tony,Lamy,Verified emails found,2025-09-05 8:46:36,tony@bnpparibas.com,tony@bnpparibas.com,tony.lamy@yahoo.fr,"tony@bnpparibas.com,tony.lamy@yahoo.fr",tony.lamy@bnpparibas.com,tlamy@bnpparibas.com,,,,,https://www.linkedin.com/in/tony-lamy,,,,,,,Foreign Exchange Trader,BNP Paribas,"16 Rue De Hanovre, Paris, Ile-de-France 75002, FR",bnpp.lk,https://bnpp.lk/E2gMao,https://www.linkedin.com/company/bnp-paribas,Hong Kong,,,,HK,BNP Paribas,Foreign Exchange Trader,2020-01-01,Present,Deutsche Bank,Fixed Income Trader,2017-06-01,2018-07-01,Commonwealth Bank,Treasury Dealer,2016-08-01,2017-06-01,BNP Paribas,Trader,2014-06-01,2016-06-01,BNP Paribas,FX and STIR Trader assistant,2013-07-01,2013-12-01,SKEMA Business School,,,,,,,,,,,,,1988,male,10,individual contributor,Finance,Jysbtcbtcbtc,,,,,
6933362,Meraj Khan,Meraj,Khan,Verified emails found,2025-09-05 8:46:31,merajk@gmail.com,merajk@morganstanley.com,merajk@gmail.com,"merajk@gmail.com,merajk@morganstanley.com,meraj.khan@morganstanley.com,meraj1376@yahoo.com",,,5163611743,5163611743,5167354673,,https://www.linkedin.com/in/meraj-khan-9b61b08,,,,,,,Foreign Exchange Trader,Morgan Stanley,"1585 Broadway, New York, New York 10036, US",morganstanley.com,http://www.morganstanley.com,https://www.linkedin.com/company/morgan-stanley,"New York, NY, US",New York,,NY,US,Morgan Stanley,Foreign Exchange Trader,2023-10-01,Present,Standard Chartered Bank,Managing Director,2018-07-01,2023-10-01,Nomura,Managing Director,2017-06-01,2018-07-01,UBS,Managing Director,2015-03-01,2017-03-01,Caxton Associates,Portfolio Manager,2013-04-01,2015-02-01,Penn State University,MS,,,"Indian Institute of Technology, Madras",,,,"Capital Markets,Bloomberg,Emerging Markets,Derivatives,Equities,Fixed Income,Hedge Funds,Trading,Valuation,Investment Banking,Credit Derivatives,FX Options,Options,Management,Microsoft Office,Risk Management,Sales,Finance,Macro,Strategy",,,IIT Madras Alumni,,1976,male,18,individual contributor,Finance,Jysbtcbtcbtc,,,,,
21479514,Owen Lewis,Owen,Lewis,Verified emails found,2025-09-05 8:45:52,owen.lewis@macquarie.com,owen.lewis@macquarie.com,owenlew@hotmail.com,"owen.lewis@macquarie.com,owenlew@hotmail.com",,,+65 9002 0271,+65 9002 0271,,,https://www.linkedin.com/in/owen-lewis-4349782a,,,,,,,Vice President Foreign Exchange Trader,Macquarie Group,"1 Elizabeth St, Sydney, New South Wales 2000, AU",macquarie.com,https://www.macquarie.com,https://www.linkedin.com/company/macquariegroup,United Kingdom,,,,UK,Macquarie Group,Vice President Foreign Exchange Trader,2017-03-01,Present,Macquarie Group,FX Dealer,2014-12-01,2017-03-01,GFI Group,Wet Freight derivatives broker,2014-01-01,2014-12-01,GFI Group,Investment grade cash broker,2012-01-01,2014-01-01,GFI Group,Graduate broker,2011-01-01,2011-07-01,Loughborough University,Msc Business Analysis and Management,,,Loughborough University,Beng Civil Engineering,,,"Electronic Trading,Banking,Fixed Income,Bonds,Swaps,Derivatives,Capital Markets,Investments,Bloomberg,Asset Managment,Equities,FX Options,Emerging Markets,Credit Derivatives,Commodity,Investment Banking,Trading Systems,Trading,Equity Derivatives,Currency,Options,Securities,Hedge Funds,Financial Markets",,,,,1992,male,14,vp,Finance,Jysbtcbtcbtc,,,,,
72827169,Sunil Dabi,Sunil,Dabi,No emails found,2025-09-05 8:45:45,,,,,,,,,,,https://www.linkedin.com/in/sunil-dabi-3bb117123,,,,,,,Foreign Exchange Trader,KuCoin,SC,kucoin.com,https://www.kucoin.com,https://www.linkedin.com/company/kucoin,"Jaipur, RJ, IN",Jaipur,,RJ,IN,KuCoin,Foreign Exchange Trader,2018-04-01,Present,Myteam11,Myteam11,2017-12-01,Present,Dream11,Dream11,2017-08-01,Present,Bittrex,Trade Specialist,2017-07-01,Present,HalaPlay,Halaplay,2017-02-01,Present,University of Carptocurrency,Devloper Exper,,,"Mahaveer Law College, Jaipur",B.S.T.C,,,,,,,,1992,male,8,individual contributor,Finance,Jysbtcbtcbtc,,,,,
35715213,Stephen Reamer,Stephen,Reamer,Verified emails found,2025-09-05 8:45:43,sreamer44@yahoo.com,,sreamer44@yahoo.com,"sreamer44@yahoo.com,mark.reamer@gmail.com",,stephen@coinbase.com,843-412-7009,843-412-7009,,,https://www.linkedin.com/in/stephen-reamer,http://www.facebook.com/REAMERsCREAMER,,,,,,Currency Trader,Coinbase,"548 Market St 23008, San Francisco, California 94104, US",coinbase.com,http://www.coinbase.com,https://www.linkedin.com/company/coinbase,"Greenville, SC, US",Greenville,,SC,US,Coinbase,Currency Trader,2018-09-01,Present,Ruth's Chris Steak House / Embassy Suites Riverplace,Assistant Banquet Manager,2022-07-01,2023-06-01,Ruth's Chris Steak House,Garcon,2021-04-01,2023-06-01,"Waffle House, Inc.",Business Unit Manager,2020-07-01,2021-04-01,Prime My Body,Sales Representative,2018-08-01,2020-03-01,Clemson University,,,,,,,,"Charismatic Leadership,Marketing,Leadership,Customer Service,Sales,Management,Microsoft Office,Microsoft Excel,PowerPoint,Teamwork,Time Management,Event Planning,Networking,Public Speaking,Social Media,Microsoft Word,Derivatives,Risk Management",,,,,1994,male,13,individual contributor,Finance,Jysbtcbtcbtc,,,,,
44814447,George Wu,George,Wu,Verified emails found,2025-09-05 8:45:33,george.wu@fidelity.com,george.wu@fidelity.com,jarkai88@yahoo.com,"george.wu@fidelity.com,jarkai88@yahoo.com",,,7815897253,7815897253,,,https://www.linkedin.com/in/george-wu-a775547,https://facebook.com/george.wu.167,,,,,,Forex Trader,Fidelity Investments,"245 Summer St, Boston, Massachusetts 02210, US",fidelity.com,http://www.fidelity.com,https://www.linkedin.com/company/fidelity-investments,"Boston, MA, US",Boston,,MA,US,Fidelity Investments,Forex Trader,2014-01-01,Present,Fidelity Investments,Brokerage Operations,2009-09-01,2014-01-01,State Street,Senior Associate,2004-03-01,2009-09-01,,,,,,,,,Northeastern University,,,,,,,,"Forex Trading,US GAAP,Mergers and Acquisitions,Currency Futures",,,,,1971,male,21,individual contributor,Finance,Jysbtcbtcbtc,,,,,
12333728,John Altadonna,John,Altadonna,Verified emails found,2025-09-05 8:45:25,ezpass000@aol.com,,ezpass000@aol.com,ezpass000@aol.com,,"john.altadonna@bny.com,johnaltadonna@bny.com,jaltadonna@bny.com,johna@bny.com",201-214-4683,201-214-4683,"201-706-8405
201-683-0266
201-818-0595
201-825-3029",,https://www.linkedin.com/in/john-altadonna-4465854,http://www.facebook.com/john.altadonna.9,,,,,,Foreign Exchange Trader,BNY Mellon,"One Pershing Plaza, Jersey City, New Jersey 07399, US",bny.com,https://www.bny.com/pershing,https://www.linkedin.com/company/bnypershing,United States,,,,US,BNY Mellon,Foreign Exchange Trader,2022-07-01,Present,Altadonna Capital,Managing Partner,2017-09-01,2022-06-01,Standard Chartered Bank,FX Trading,2015-04-01,2016-11-01,Gelber Group LLC,Propietary Trader,2014-09-01,2014-12-01,Credit Suisse,FX Trading,2007-07-01,2014-08-01,Massachusetts Institute of Technology,Cryptocurrency Certificate Program-MIT Media Lab,,,Pace University-Pleasantville/Briarcliff Campus,,,,"Commodity,Electronic Trading,Capital Markets,Derivatives,FX Options,Trading,Bloomberg,Commodity Markets,Currency,Fixed Income,Equities,FX",,,,,1977,male,23,individual contributor,Finance,Jysbtcbtcbtc,,,,,
46502761,Stephen Brooks,Stephen,Brooks,Verified emails found,2025-09-05 8:45:22,sbrooks@equisfinancial.com,sbrooks@equisfinancial.com,,,sbrooks@equisfinancial.com,brooks@equisfinancial.com,,,,,https://www.linkedin.com/in/stephen-brooks-464202111,,,,,,,Foreign Exchange Trader,Self Employed,"119 Kings Way, Satellite Beach, Florida 32937, US",,,https://www.linkedin.com/company/indpendent-contractor,"Baltimore, MD, US",Baltimore,,MD,US,Self Employed,Foreign Exchange Trader,2018-04-01,Present,Equis Financial,Agency Builder,2017-06-01,Present,Symmetry Financial Group,Insurance Agent,2016-11-01,2017-06-01,,,,,,,,,,,,,,,,,"Property And Casualty Insurance,Agency,Homebuilding,Disability Insurance",,,,,1994,male,8,individual contributor,Finance,Jysbtcbtcbtc,,,,,
13358017,Mingze Wu,Mingze,Wu,Verified emails found,2025-09-05 8:45:16,wu_mingze@hotmail.sg,mingze.wu@stonex.com,wu_mingze@hotmail.sg,wu_mingze@hotmail.sg,mingze.wu@stonex.com,mwu@stonex.com,,,,,https://www.linkedin.com/in/mingze-wu-81956537,,,,,,,Foreign Exchange Trader,StoneX Global Payments,DE,stonex.com,https://payments.stonex.com/,https://www.linkedin.com/company/stonex-global-payments,Singapore,,,,SG,StoneX Global Payments,Foreign Exchange Trader,2014-04-01,Present,OANDA Asia Pacific,Currency Strategist,2011-05-01,2014-04-01,,,,,,,,,,,,,National University of Singapore,Master of Science (Financial Engineering),,,Nanyang Technological University Singapore,Bachelor's degree,,,"Alternative Investments,Trading Strategies,Electronic Trading,Banking,Economics,Bonds,Technical Analysis,Portfolio Management,FX trading,Capital Markets,Derivatives,Investments,Market Research,Business Development,Foreign Exchange,Equities,Money Market,Emerging Markets,Risk Management,Asset Management,Proprietary Trading,Commodity,Trading Systems,Trading,Equity Derivatives,Analytics,Currency,Options,Hedging,Financial Markets",,,,,1985,female,14,individual contributor,Finance,Jysbtcbtcbtc,,,,,
136721828,Jinsung Ahn,Jinsung,Ahn,Verified emails found,2025-09-05 8:45:03,j.ahn@mitsui.com,j.ahn@mitsui.com,asbf87@gmail.com,"j.ahn@mitsui.com,asbf87@gmail.com",,,,,,,https://www.linkedin.com/in/jinsung-ahn-a529a248,https://facebook.com/jinsung.ahn.1,,,,,,Foreign Exchange Trader,"Mitsui & Co., Ltd.","2-1 Otemachi 1-chome, Chiyoda-ku, Tokyo 100-8631, JP",mitsui.com,https://www.mitsui.com/jp/en/index.html,https://www.linkedin.com/company/mitsui-&-co--ltd-,"Tokyo, JP",Tokyo,,,JP,"Mitsui & Co., Ltd.",Foreign Exchange Trader,2022-10-01,Present,"Mitsui & Co., Ltd.",Portfolio Manager,2018-05-01,2022-10-01,"Mitsui & Co., Ltd.",Risk Manager,2014-05-01,2018-05-01,"Mitsui & Co., Ltd.",Commodity Trader,2013-02-01,2014-05-01,Macquarie Securities,Equity Derivatives Trading,2011-08-01,2012-08-01,Columbia University in the City of New York,Master's degree,,,Yonsei University,Bachelor of Science (B.S.),,,,,,,,1986,male,13,individual contributor,Finance,Jysbtcbtcbtc,,,,,
240648441,Richards Alexey,Richards,Alexey,Verified emails found,2025-09-05 8:45:03,alexeyrichards0007@gmail.com,richards.alexey@bitget.com,alexeyrichards0007@gmail.com,alexeyrichards0007@gmail.com,richards.alexey@bitget.com,richards@bitget.com,,,,,https://www.linkedin.com/in/richards-alexey-434b451ba,,,,,,,Foreign Exchange Trader,Bitget,SC,bitget.com,https://www.bitget.com/,https://www.linkedin.com/company/bitget-global,"Danville, KY, US",Danville,,KY,US,Bitget,Foreign Exchange Trader,2020-06-01,Present,Cash App,Blockchain Developer,2016-09-01,2023-06-01,Brett Construction,Construction Engineer,2010-04-01,2022-09-01,Brett Construction,Construction Engineer,2000-04-01,2022-09-01,digitaltradefx.net,Professional Crypto Trader and Techie @DigitatradeFx.net,2013-01-01,2022-07-01,University of Kentucky,Bachelor's degree,,,,,,,"Recommender Systems,Investments,Fixed-Income Investing,Data Analysis,Financial Analysis,Accounting,Financial Accounting,Business Process,International Business,Business Management,Business Analytics,Team Management,Civil Engineering,Business Strategy,Business Development,New Business Development,Business Analysis,Business Planning,Business Process Improvement,Business Relationship Management,Business Transformation,Business,Trading,International Trade,Equity Trading,Trade Finance,Cryptocurrency Mining,Cryptocurrency,Currency,Bitcoin,Financial Services,Trading Strategies,Cryptocurrency Trading,Initial Coin Offerings (ICO),Business Intelligence Tools,Foreign Exchange (FX) Trading,Crypto,Construction,Contract Negotiation,Architecture,Project Management,Project Planning,Agriculture",,,,,1985,male,25,individual contributor,Finance,Jysbtcbtcbtc,,,,,
4485527,Toby Baker,Toby,Baker,Verified emails found,2025-09-05 8:44:54,tobybaker177@gmail.com,toby_baker@troweprice.com,tobybaker177@gmail.com,tobybaker177@gmail.com,"toby_baker@troweprice.com,toby.baker@troweprice.com",,410-345-2000,+44 7849 057484,+44 7849 057484,,https://www.linkedin.com/in/toby-baker-82aa8636,,,,,,,Senior Foreign Exchange Trader,T. Rowe Price,"1307 Point Street, Baltimore, Maryland 21231, US",troweprice.com,http://www.troweprice.com,https://www.linkedin.com/company/t--rowe-price,"London, GB",London,,,UK,T. Rowe Price,Senior Foreign Exchange Trader,2001-02-01,Present,Robert Fleming,FX Trader,1999-11-01,2001-02-01,Daiwa Asset Management,FX trader,1995-04-01,1999-11-01,,,,,,,,,"St Johns School, Epping",,,,,,,,"Alternative Investments,Bloomberg,Commodity,Currency,Derivatives,Economics,Equities,FX Options,FX Trading,Financial Markets,Fixed Income,Foreign Exchange,Hedge Funds,Options,Risk Management,Technical Analysis,Trading,Trading Systems",,,"FX Traders - Foreign Exchange and Currency Markets,Foreign Exchange and Currency Markets,Technical Analysts/Traders,FX Options,US Fixed Income Trading Network,Asset Management (of physical assets),Foreign eXchange TRADER Network - FX FOREX,Forex Trading,Forex Professionals around the World",,1962,male,30,senior,Finance,Jysbtcbtcbtc,,,,,
26886562,Adler Shiga,Adler,Shiga,Verified emails found,2025-09-05 8:44:48,adler.shiga@gs.com,adler.shiga@gs.com,adlershiga@yahoo.com.br,"adler.shiga@gs.com,adlershiga@yahoo.com.br",,,415-323-8675,415-323-8675,"+55 11 99448-2591
212-525-8788
+55 11 3371-8668",,https://www.linkedin.com/in/adler-shiga-34185716,http://www.facebook.com/adler.shiga,,,,,,Foreign Exchange Trader,Goldman Sachs,"200 West Street, New York, New York 10282, US",goldmansachs.com,http://www.goldmansachs.com,https://www.linkedin.com/company/goldman-sachs,"New York, NY, US",New York,,NY,US,Goldman Sachs,Foreign Exchange Trader,2024-08-01,Present,Standard Chartered Bank,Director,2023-08-01,2024-07-01,Southern Ridges Capital,Portfolio Manager,2021-04-01,2023-07-01,Banco Pine,Trader,2011-04-01,2011-05-01,Banco Pine,Treasury Assistant,2010-08-01,2011-03-01,USP - Universidade de São Paulo,BS,,,Colégio Etapa,,,,"Portfolio Management,Capital Markets,Derivatives,Investment Banking,FX Options,Banking,Trading,Risk Management,Proprietary Trading,Bonds,Fixed Income,Corporate Finance,Structured Finance,Financial Markets,Treasury,Structured Products",,,,,1987,male,15,individual contributor,Finance,Jysbtcbtcbtc,,,,,
30283081,John Gore,John,Gore,Verified emails found,2025-09-05 8:44:47,jgore1234@gmail.com,john.gore@bancofcal.com,jgore1234@gmail.com,"jgore1234@gmail.com,speekeasy@hotmail.com",john.gore@bancofcal.com,jgore@bancofcal.com,7146860769,,7144478424,,https://www.linkedin.com/in/john-gore-1743674,,,,,,,"VP, Foreign Exchange Trader",Pacific Western Bank,"11611 San Vicente Blvd, Los Angeles, California 90049, US",bancofcal.com,http://www.bancofcal.com,https://www.linkedin.com/company/banc-of-california,"Los Angeles, CA, US",Los Angeles,,CA,US,Pacific Western Bank,"VP, Foreign Exchange Trader",2022-05-01,Present,AFEX,FX Trader,2013-10-01,2022-04-01,AFEX,Corporate Account Manager,2013-04-01,2013-10-01,KP,Commodity Derivatives Sales and Trading,2011-06-01,2012-10-01,Bold Group,Senior Analyst,2008-05-01,2011-06-01,California State Polytechnic University-Pomona,BS,,,,,,,"Alternative Investments,Life Settlements,Premium Financing,Valuation,Risk Management,Debt,Corporate Finance,Fixed Income,Capital Markets,Equities,FX Spot,FX Hedging,FX Derivatives,Futures Trading,Options Strategies,Portfolio Management,Macroeconomics,Global Macro,Eurodollars,Trading,Hedging,Hedge Funds,Financial Structuring,Financial Risk,Derivatives,Finance,Options,FX Options,Investments,Financial Markets,Banking,Financial Services,Foreign Exchange,Bloomberg,Relationship Management,Currency,Python (Programming Language),Pandas (Software),PostgreSQL,Matplotlib,Supervisor,Networking,Business Intelligence",,,,,1985,male,17,vp,Finance,Jysbtcbtcbtc,,,,,
9895541,Howard Mackay,Howard,Mackay,Verified emails found,2025-09-05 8:44:37,howiemack@yahoo.com,hmackay@comerica.com,howiemack@yahoo.com,"howiemack@yahoo.com,yolabarboza@aol.com,howiemack@hotmail.com,hmackay@msn.com","hmackay@comerica.com,hkmackay@comerica.com",howard_mackay@comerica.com,7143212942,7143212942,"7146185488
5627607945
7142827099
8282381439
5085611033",,https://www.linkedin.com/in/howard-mackay-023b9933,https://facebook.com/howard.mackay,,,,,,Foreign Exchange Trader,Comerica Bank,"1717 Main Street, Dallas, Texas 75201, US",comerica.com,http://www.comerica.com/,https://www.linkedin.com/company/comerica-bank,"Anaheim, CA, US",Anaheim,,CA,US,Comerica Bank,Foreign Exchange Trader,2015-09-01,Present,Contract,Sr. BSA and AML Compliance Specialist,2014-04-01,2015-09-01,Union Bank,FX Funding and Operations Manager- AVP,1998-05-01,2014-01-01,Union Bank,Foreign Exchange Trading and Sales,1998-05-01,2009-08-01,Capital Guardian Trust Company,Trust Operations Advisor,1990-05-01,1998-05-01,California State Polytechnic University-Pomona,MBA,,,California State University-Fullerton,Bachelor of Arts,,,"Portfolio Management,FX Options,Risk Management,Financial Risk,Cash Management,Banking,Finance,Settlement,Equities,FX trading,Back Office,Derivatives,Capital Markets,Securities,Treasury,Foreign Exchange,Trading,Trade Finance,Hedging,Funding,Global Custody,SWIFT payments,Corporate Actions,Investment Banking,Payments,FX Hedging,Process Improvement,Swaps,Fixed Income,Treasury Management,Management,Cash,SWIFT messaging,Liquidity Management,FX Derivatives,FX Operations,NDF,Netting,Fedwire,International Settlements,Staff Management,Staff Development,Financial Forecasting,Compliance,Quality Improvement Processes,Analysis,Financial Analysis,Loans,Anti Money Laundering,Wire Transfers,International,Quality Improvement",,,,,1964,male,35,individual contributor,Finance,Jysbtcbtcbtc,,,,,
132749500,C Macneil Curry,C,Curry,Verified emails found,2025-09-05 8:44:34,macneilcurry@gmail.com,ccurry@symmetryinvestments.com,macneilcurry@gmail.com,macneilcurry@gmail.com,ccurry@symmetryinvestments.com,c.curry@symmetryinvestments.com,9177218774,,6469186046,,https://www.linkedin.com/in/macneil-curry-cfa-cmt-94aa877,,,,,,,Portfolio Manager,Symmetry Investments,"Hong Kong, HK",symmetryinvestments.com,http://www.symmetryinvestments.com,https://www.linkedin.com/company/symmetry-investments-uk-llp,"New York, NY, US",New York,,NY,US,Symmetry Investments,Portfolio Manager,2025-07-01,Present,Symmetry Investments,Portfolio Manager,2023-11-01,2025-06-01,Goldman Sachs,Foreign Exchange Trader,2022-07-01,2023-11-01,Goldman Sachs,FICC Technical Strategist,2020-03-01,2022-07-01,Bank of America Merrill Lynch,Head of Global Technical Strategy,2013-04-01,2015-08-01,University of Pennsylvania,,,,Hobart and William Smith Colleges,,,,,,,,,1976,male,26,individual contributor,Finance,Jysbtcbtcbtc,,,,,
3774564,Lisa Qian,Lisa,Qian,Verified emails found,2025-09-05 8:44:32,lisayq@gmail.com,lisa.qian@eastwestbank.com,lisayq@gmail.com,"lisayq@gmail.com,izzylizy@yahoo.com,jkimbo24@gmail.com,izzy3333@hotmail.co.uk","lisa.qian@eastwestbank.com,lqian8@yahoo.com,ksdjfds@yahoo.com,eyruioe@yahoo.com,izzy3333@yahoo.com,izzylizy@hotmail.com,kittykatgurl1101@aol.com",lqian@eastwestbank.com,626-588-8296,626-588-8296,"626-673-9174
626-569-4868",,https://www.linkedin.com/in/lisayqian,,,,,,,VP Foreign Exchange Trader,East West Bank,"135 N. Los Robles Ave., Pasadena, California 91101, US",eastwestbank.com,http://www.eastwestbank.com,https://www.linkedin.com/company/east-west-bank,"Los Angeles, CA, US",Los Angeles,,CA,US,East West Bank,VP Foreign Exchange Trader,2023-03-01,Present,East West Bank,VP Foreign Exchange Risk Management,2017-12-01,2023-04-01,Bank of the West,Treasury and Capital Markets Senior Derivative Analyst,2014-12-01,2017-12-01,Wells Fargo,Foreign Exchange Middle Office Analyst,2012-10-01,2014-12-01,Union Bank,Global Markets Derivative Middle Office Analyst,2007-06-01,2012-10-01,University of Southern California,Bachelor of Science,,,,,,,"Leadership,PowerPoint,Fixed Income,Confirmations,Interest Rate,ISDA,Interest Rate Swaps,Portfolio Management,Capital Markets,Derivatives,Union,Business Development,English,Forwards,Excel,Futures,Foreign Exchange,Strategic Planning,Interest Rate Derivatives,Calypso,Reconciliation,Microsoft Word,FX Options,Microsoft Excel,Risk Management,Marketing,Credit,Greeks,Customer Service,Financial Analysis,Opics,Swaptions,Investment Banking,Trading Systems,Trading,Ndf,Word,Mandarin,Currency,Accounts Receivable,Foreign Exchange Fx Options,Options,FX,Access,Foreign Exchange Options",,,,,1985,female,18,vp,Finance,Jysbtcbtcbtc,,,,,
9762834,Euan Walls,Euan,Walls,No emails found,2025-09-05 8:43:50,,,,,,,,,,,https://www.linkedin.com/in/inocr8,https://facebook.com/lordhumperdinkpumpernickel,https://twitter.com/inocr8,,,,,"Chief Scientist || Founder || Deep Learning, Ai and Blockchain",DEKH Labs,UK,dekh.co,https://dekh.co,https://www.linkedin.com/company/dekhdotco,"Glasgow, GB",Glasgow,,,UK,DEKH Labs,"Chief Scientist || Founder || Deep Learning, Ai and Blockchain",2020-03-08,Present,Zephyr Platform,Technical Product Manager,,2017-07-01,Sole Trader,Entrepreneur,2000-01-01,2003-12-01,,,,,,,,,Bell College,Master of Science,,,Bell College,,,,"Product Management,Leadership,Entrepreneurship,Training,Microsoft Excel,Management,Sales,Agile Methodologies,Start Ups,JavaScript,Java,Web Applications,HTML,E Commerce,Ruby,Scrum,Web Development,CSS,Data Science,Deep Learning,Product Development,Ruby on Rails,Creative Problem Solving,DevOps,Data Engineering,Operational Planning,Test Driven Development,Docker,Artificial Intelligence,Business Development,Business Strategy,Software Development,Android Development,iOS development,SaaS,Node.js,React.js,SQL,MongoDB,AngularJS,APIs,Machine Learning,Continuous Integration,Infrastructure,Blockchain Technology,Reinforcement Learning,Artificial Neural Networks,Collaborative R&d,ElasticSearch,Apache Spark,Continuous Delivery,Python",,,,,1978,male,9,individual contributor,,Jysbtcbtcbtc,,,,,
539494397,Xuwen Zheng,Xuwen,Zheng,Verified emails found,2025-09-05 8:43:25,xuwenzheng@gmail.com,,xuwenzheng@gmail.com,,xuwenzheng@gmail.com,,,,,,https://www.linkedin.com/in/xuwen-zheng-522900166,,,,,,,Blockchain Development Director @ GameChain,GAMECHAIN PTE.LTD,CN,gamechain.world,https://www.gamechain.world,https://www.linkedin.com/company/gamechain,"Suzhou, CN",Suzhou,,,CN,GAMECHAIN PTE.LTD,Blockchain Development Director @ GameChain,,Present,GAMECHAIN PTE.LTD,Blockchain Development Director,2017-01-01,Present,??????(??)????,????,2015-01-01,2017-01-01,????????????,???,2010-03-01,2015-01-01,,,,,??????,??,,,,,,,"C++,Java,??,Android,BlockChain",,,,,,male,15,individual contributor,,Jysbtcbtcbtc,,,,,
750734575,Jimesh R,Jimesh,R,Verified emails found,2025-09-05 8:42:59,jimeshr@gmail.com,,jimeshr@gmail.com,,jimeshr@gmail.com,jimesh.r@ommniverse.ai,,,,,https://www.linkedin.com/in/jimesh-raj-r-7a4605296,,,,,,,"CRYPTO,NFT ANALYST and COMMUNITY MANAGEMENT",Binance,IR,binance.com,https://www.binance.com/,https://www.linkedin.com/company/binance,"Ernakulam, KL, IN",Ernakulam,,KL,IN,Binance,"CRYPTO,NFT ANALYST and COMMUNITY MANAGEMENT",,Present,Ommniverse,International Business Development Manager,2023-10-01,Present,,,,,,,,,,,,,,,,,,,,,"Microsoft Excel,Cryptocurrency Investment,Training,Presentations,Project Management,International Business Development,Sales Management",,,,,,,1,individual contributor,,Jysbtcbtcbtc,,,,,
667138859,João de Oliveira Pinto,João,de Oliveira Pinto,Verified emails found,2025-09-05 8:42:51,joao@moicdigital.com,joao@moicdigital.com,,joao@moicdigital.com,,,,,,,https://www.linkedin.com/in/joãohop,,,,,,,Crypto Analyst,MOIC Digital,"Florianópolis, State of Santa Catarina, BR",moicdigital.com,https://moicdigital.com,https://www.linkedin.com/company/moic-digital,"State of Santa Catarina, Brazil",,,SC,BR,MOIC Digital,Crypto Analyst,2024-10-01,Present,BDO Brazil,Assistente de auditoria,2023-09-01,2024-10-01,LHP gestao a saude,Estagiário de departamento financeiro,2023-04-01,2023-07-01,,,,,,,,,Universidade Federal de Santa Catarina,Bacharelado em Ciências econômicas,,,,,,,"Economia,Criptomoeda,Pesquisa de mercado,Blockchain,Auditoria,Comunicação,Finanças corporativas,Análise financeira,Contabilidade,Microsoft Office,Microsoft Excel,Inglês,Facilidade no aprendizado e relações interpessoais,Afinidade com o pacote office (Word, Excel e Power Point),proatividade e iniciativa para resolução de problemas.,English",,,,,,,2,individual contributor,Finance,Jysbtcbtcbtc,,,,,
376441895,Markus Levonyak,Markus,Levonyak,Likely emails found,2025-09-05 8:42:36,,,,,,"markus_levonyak@bitpanda.com,levonyak@bitpanda.com,levonyakm@bitpanda.com",9542566115,,,,https://www.linkedin.com/in/levonyak,,,,,,,Blockchain Engineer,Pantos,"Burggasse 116/3+3a, Vienna, Vienna 1070, AT",pantos.io,https://www.pantos.io,https://www.linkedin.com/company/pantos_io,,,,,US,Pantos,Blockchain Engineer,2022-12-31,Present,Bitpanda,Pantos Researcher and Blockchain Developer,2021-03-01,Present,Universität Wien,Course Instructor,2016-09-01,2021-02-01,Universität Wien,Research Assistant,2016-04-01,2020-08-01,Vienna University of Technology,System Administrator Parallel Computing,2011-09-01,2016-03-01,University of Vienna,Master of Science,,,University of Vienna,Bachelor of Science,,,"Software Development,Software Architecture,Software Consulting,Distributed Systems,C++,Rust,Python,Bitcoin,Lightning,RGB,Nostr,Blockchain,Smart Contracts,Solidity,Linux,SQL,Machine Learning",,,,,,male,24,individual contributor,Engineering,Jysbtcbtcbtc,,,,,
770596661,Noman Butt,Noman,Butt,Verified emails found,2025-09-05 8:42:31,nomanbutt@gmail.com,,nomanbutt@gmail.com,,nomanbutt@gmail.com,,,,,,https://www.linkedin.com/in/noman-mehmood-butt-551339292,,,,,,,Blockchain Analyst,Binance,IR,binance.com,https://www.binance.com/,https://www.linkedin.com/company/binance,"Rawalpindi, PK",Rawalpindi,,,PK,Binance,Blockchain Analyst,,Present,,,,,,,,,,,,,,,,,,,,,,,,,"Blockchain Analysis,Information Analysis",,,,,,,,individual contributor,Engineering,Jysbtcbtcbtc,,,,,
759280029,Marshall Alllen,Marshall,Alllen,Verified emails found,2025-09-05 8:42:20,marshallalllen@gmail.com,,marshallalllen@gmail.com,,marshallalllen@gmail.com,,,,,,https://www.linkedin.com/in/marshall-alllen-a95913255,,,,,,,Blockchain Consultant,GuardianLink,,guardianlink.io,https://www.guardianlink.io,https://www.linkedin.com/company/guardianlink,"Chennai, TN, IN",Chennai,,TN,IN,GuardianLink,Blockchain Consultant,2021-01-01,Present,GuardianLink,Technical Deployment Specialist,2018-01-01,Present,,,,,,,,,,,,,,,,,,,,,"Ability to troubleshoot,Communication,Project Management,Knowledge of cloud platforms,Python (Programming Language),Understanding of IT security,Analytical Skills,technical deployment specialist,Blockchain Consultant,SQL,Node.js,Business Development,C++,Docker Products",,,,,,,7,individual contributor,Engineering,Jysbtcbtcbtc,,,,,
127810773,Manuele Tamburrano,Manuele,Tamburrano,Verified emails found,2025-09-05 8:42:01,manueletamburrano@gmail.com,manuele.tamburrano@algorand.com,manueletamburrano@gmail.com,"manueletamburrano@gmail.com,manuele.tamburrano@algorand.com,manuele@algorand.com",,,,,,,https://www.linkedin.com/in/manuele-tamburrano-b82384a5,,,https://github.com/mtamburrano,,,,Blockchain Developer,Algorand,"Boston, Massachusetts 02116, US",algorandtechnologies.com,https://algorandtechnologies.com/,https://www.linkedin.com/company/algorand,"Rome, IT",Rome,,,IT,Algorand,Blockchain Developer,2022-06-01,Present,Keyless,Senior Machine Learning Engineer,2020-09-01,2022-06-01,Sapienza Università di Roma,R and D Engineer,2016-10-01,2017-04-01,Sapienza Innovazione,Software Engineer,2013-02-01,2013-03-01,CRISS c/o Link Campus University,Computer Vision Engineer,2017-05-01,2020-08-01,Sapienza Università di Roma,,,,,,,,"Computer Vision,Machine Learning,OpenCV,Caffe,Pylearn,CUDA,Android,iPhone,NFC,OpenStreetMap,C++,C,Python,Java,PHP,JavaScript,SQL,C#,Octave,Objective-C,Assembler,Git,Visione artificiale,Blockchain,Deep Learning,Linux",,,,,1989,male,13,individual contributor,Engineering,Jysbtcbtcbtc,,,,,
762084302,Melissa Forbs,Melissa,Forbs,Verified emails found,2025-09-05 8:41:44,melissaforbs@gmail.com,melissa@webull.com,melissaforbs@gmail.com,melissaforbs@gmail.com,"melissa@webull.com,erickandmelissa@yahoo.com,melissa.forbs@delve.com","melissa.forbs@coinbase.com,melissa.forbs@webull.com",651-772-3593,,,,https://www.linkedin.com/in/melissa-forbs-stormx-ba440512,http://www.facebook.com/melissa.forbs,https://twitter.com/babybrownmn,,,,,Blockchain Developer,StormX,"Dover, Delaware, US",stormx.io,https://stormx.io,https://www.linkedin.com/company/stormx,"Saint Paul, MN, US",Saint Paul,55101,MN,US,StormX,Blockchain Developer,2013-11-01,Present,Voice,NFT Creator,2022-02-01,Present,Genesys Affiliates,Digital Marketing Manager,2021-02-01,Present,Webull Financial,Stock Broker,2020-01-01,Present,Coinbase,Cryptocurrency Trader,2020-01-01,Present,Saint Paul College-A Community and Technical College,,,,Brown College,,,,"Communication,Problem Solving,Java,Cryptography,C++,Back-End Web Development,Blockchain,Investments,Attention to Detail,Nonprofits,Customer Service,Social Networking,Strategic Planning,Marketing,Social Media,Public Speaking,Social Media Marketing,Leadership,Sales,Real Estate,Referrals,Non-profits,Coaching,Entrepreneurship,Small Business,Marketing Strategy,Team Building,Event Management,Event Planning,Marketing Communications,New Business Development,Business Development,Public Relations,Advertising,Photography,Videography,Performing Arts,Singer-songwriter,Modeling,Rap,Music Industry,Music Videos,Music Production,Acting,Management,Microsoft Office,Entertainment,Fundraising,Sales Management,Research,Training",,,,,,,43,individual contributor,Engineering,Jysbtcbtcbtc,,,,,
371194109,Suvarna Jogdand,Suvarna,Jogdand,Verified emails found,2025-09-05 8:41:36,suvarnajogdand@gmail.com,,suvarnajogdand@gmail.com,,suvarnajogdand@gmail.com,,,,,,https://www.linkedin.com/in/suvarna-jogdand-8846b1219,,,,,,,Blockchain Developer,WAKA WORLD METAVERSE,US,dcentral.community,https://dcentral.community,https://www.linkedin.com/company/dcentral-community,"Pune, MH, IN",Pune,411014,MH,IN,WAKA WORLD METAVERSE,Blockchain Developer,2021-11-01,Present,Pur2Divin Innovations,,,Present,Snapper Future Tech,,2021-05-01,2021-07-01,Self-employed,,2021-04-01,2021-11-01,,,,,Savitribai Phule Pune University,,,,"Sant Gadge Baba Amravati University, Amravati",,,,"Engineering,Cryptography,Digital Signatures,Computer Engineering,Databases,Encryption,Solidity,Blockchain,Ethereum,Smart Contracts,Node.js,React.js,HTML,JSON,Java,C,C++,Image Processing,OpenCV,Microsoft Visual Studio Code,MetaMask,remix,Truffle Framework",,,,,2000,,4,individual contributor,Engineering,Jysbtcbtcbtc,,,,,
124116257,Eusha Hossain,Eusha,Hossain,Verified emails found,2025-09-05 8:41:18,ehrnsu@yahoo.com,,ehrnsu@yahoo.com,ehrnsu@yahoo.com,,,8801912327266,8801912327266,,,https://www.linkedin.com/in/eusha,https://facebook.com/greedhellscream,https://twitter.com/pip_community,,,,,Crypto Trader,Binance Exchange,"Miami, Florida 33127, US",binance.us,https://www.binance.us/,https://www.linkedin.com/company/binance-us,"Dhaka, BD",Dhaka,,,BD,Binance Exchange,Crypto Trader,2021-04-01,Present,Binance Exchange,Binance NFO,2023-03-01,2024-07-01,Pipcommunity,Translator,2010-01-01,Present,Pipcommunity,Website Manager,2011-04-01,Present,One Hour Translation,Translator,2017-08-01,Present,North South University,Bachelor of Business Administration - BBA,,,Stamford University Bangladesh,High School Diploma,,,"Remote Work,Customer Support,Artificial Intelligence (AI),Generative Art,Cryptocurrency Trading,Blockchain,Community Engagement,Video Editing,Translation,Financial Markets,Foreign Exchange,FX trading,Trading,Technical Analysis,Investments,Banking,Localization,Technical Translation,Legal Translation,Strategy,Equities,Online Advertising,WordPress,Microsoft Office,Microsoft Word,Microsoft Excel,Microsoft PowerPoint,Google Adwords,Adobe Photoshop,Adobe Premiere Pro,Management,Bengali Translation,Crowdin,Website Localization,Trading Strategies,vBulletin,Cryptocurrency,Online Community Moderation,English Translation,Online Content Creation,Financial Analysis,Capital Markets,Joomla,Blogger,Administration,IPB,Mathematical Modeling,Financial Translation,Business Strategy",,,,,1987,female,15,individual contributor,Finance,Jysbtcbtcbtc,,,,,
820028586,Noeh Tomacmol,Noeh,Tomacmol,No emails found,2025-09-05 8:40:54,,,,,,,,,,,https://www.linkedin.com/in/noeh-jay-tomacmol-180079268,,,,,,,Cryptocurrency Trader,Binance,IR,binance.com,https://www.binance.com/,https://www.linkedin.com/company/binance,"New York, NY, US",New York,,NY,US,Binance,Cryptocurrency Trader,,Present,,,,,,,,,,,,,,,,,,,,,,,,,"Team Leadership,Decentralized Applications (DApps),Cryptocurrency Trading,Bitcoin,Block Trading,Ethereum",,,,,,,,individual contributor,Finance,Jysbtcbtcbtc,,,,,
50226810,Artem Subbotin,Artem,Subbotin,Verified emails found,2025-09-05 8:40:47,artem@intercoin.org,artem@intercoin.org,subbotin.artem@gmail.com,"artem@intercoin.org,subbotin.artem@gmail.com",artem.subbotin@sapiens.com,artem.s@sapiens.com,,,,,https://www.linkedin.com/in/artem-subbotin-68259949,,,,,,,Blockchain Developer,Intercoin,"32 West 39th Street, New York, New York 10018, US",intercoin.org,http://intercoin.org,https://www.linkedin.com/company/intercoin-inc,Ukraine,,,,UA,Intercoin,Blockchain Developer,2020-07-01,Present,FI Software LLC,"RoR Developer, Blockchain Developer",2019-04-01,Present,,,,,,,,,,,,,??? ???,,,,,,,,"Photoshop,Git,Ethereum,Solidity,PHP,AJAX,JavaScript,jQuery,Ruby on Rails,MySQL,HTML + CSS,Blockchain",,,,,1987,male,6,individual contributor,Engineering,Jysbtcbtcbtc,,,,,
734457867,Jay Dhakad,Jay,Dhakad,Verified emails found,2025-09-05 8:40:45,jay@velvet.capital,jay@velvet.capital,jaysingh20196@gmail.com,"jay@velvet.capital,jaysingh20196@gmail.com",,,,,,,https://www.linkedin.com/in/jay-singh-dhakad,,,,,,,Blockchain Developer,Velvet.Capital,,velvet.capital,https://velvet.capital/,https://www.linkedin.com/company/velvetcapital,"Bhopal, MP, IN",Bhopal,,MP,IN,Velvet.Capital,Blockchain Developer,2024-03-01,Present,Syvora,Blockchain Developer,2021-11-01,2024-03-01,,,,,,,,,,,,,"SATI, Vidisha",Bachelor of Engineering,,,,,,,"Ethereum,React.js,Node.js,Solidity,Smart Contracts,HTML,Cascading Style Sheets (CSS),MongoDB,Git,TypeScript,JavaScript,Material-UI",,,,,,,3,individual contributor,Engineering,Jysbtcbtcbtc,,,,,
361840444,Sofekun Ayomide,Sofekun,Ayomide,Verified emails found,2025-09-05 8:40:22,sofekunayomide@gmail.com,sofekun@adashe.io,sofekunayomide@gmail.com,sofekunayomide@gmail.com,sofekun@adashe.io,sofekun.ayomide@adashe.io,,,,,https://www.linkedin.com/in/sofekun-ayomide-493688165,,,,,,,Blockchain Developer,Accendis Social,"Lagos, Lagos, NG",,https://linktr.ee/accendis,https://www.linkedin.com/company/accendis-social,Nigeria,,,,NG,Accendis Social,Blockchain Developer,2023-12-01,Present,Adashe Foundation,Lead Smart Contract Engineer,2023-10-01,Present,SwiftPay Finance,Co-Founder and Developer,2023-09-01,Present,LearnWeb3,Community Coordinator,2023-06-01,Present,Mara,Technical Documentation Specialist,2023-07-01,2023-07-01,Ophir Institute,,,,University of Lagos,Bachelor of Laws - LLB,,,"Startups,JSON Web Token (JWT),Blockchain Architecture,Ethereum,Tokenomics,Tokenomics Strategies,Sign-In-With-Ethereum,Authentication Systems,Web Development,API Development,REST APIs,MongoDB,Mongoose ODM,JavaScript,JavaScriptMVC,Node.js,Express.js,Help Authoring,Decentralized Applications (DApps),Technical Documentation",,,,,1992,male,3,individual contributor,Engineering,Jysbtcbtcbtc,,,,,
5733989,Ryan Reich,Ryan,Reich,Verified emails found,2025-09-05 8:40:13,ryan@flare.network,ryan@flare.network,ryan.reich@gmail.com,"ryan@flare.network,ryan.reich@gmail.com,rreich6@gmail.com",,,909-223-7843,909-223-7843,"9172577470
909-223-8651
985-892-8606
714-773-0482
9093924846
5863212091
9096264666
7146264666",,https://www.linkedin.com/in/ryan-reich-4426b625,https://facebook.com/30401,,https://github.com/ryanreich,,,,Senior Blockchain Engineer,Flare Network,US,flare.network,http://www.flare.network,https://www.linkedin.com/company/flareconsensus,"Los Angeles, CA, US",Los Angeles,,CA,US,Flare Network,Senior Blockchain Engineer,2023-05-01,Present,Target,Lead Data Scientist,2019-06-01,2022-12-01,ConsenSys,Senior functional programmer,2017-05-01,2020-02-01,BlockApps,"Haskell developer, API engineer, deployment expert, founding member",2015-05-01,2017-05-01,University of Michigan,RTG Assistant Professor,2012-09-01,2015-05-01,Harvard University,Ph.D,,,University of Chicago,BA,,,"TeX,Presentations,Linux,Linux System Administration,Node.js,Docker,Blockchain Architecture,Microsoft Azure,Blockchain,Ethereum,Consensus,Smart Contracts,Kotlin,Supply Chain Management,Simulation Software,Team Leadership,Automation,Software Deployment,Haskell,Mathematics,JavaScript,Research,C,C++,Teaching,LaTeX,Python,Science,Reference,Prototype,Dynamic Memory Allocation,Variable Scope,Higher Education,Microsoft Word,Polymorphism,PowerPoint,Random,Header,Pointers",,,,,1977,male,19,senior,Engineering,Jysbtcbtcbtc,,,,,
2220171,Rahsaan Page,Rahsaan,Page,Verified emails found,2025-09-05 8:40:05,rahsaanpage@gmail.com,rahsaan.page@coinbase.com,rahsaanpage@gmail.com,"rahsaanpage@gmail.com,rahsaan.page@gmail.com",rahsaan.page@coinbase.com,rahsaan@coinbase.com,3478695779,3478695779,"5165933086
6462961189
7182763476
2128878420
7187236597",,https://www.linkedin.com/in/rahsaanpage,https://facebook.com/rpageworld,https://twitter.com/rahsaanpage,https://github.com/rahsaanpage,,https://angel.co/rahsaan-page,https://quora.com/rahsaan-page,Senior Site Reliability Engineer of Blockchain Infrastructure,Coinbase,"548 Market St 23008, San Francisco, California 94104, US",coinbase.com,http://www.coinbase.com,https://www.linkedin.com/company/coinbase,"Valley Stream, NY, US",Valley Stream,,NY,US,Coinbase,Senior Site Reliability Engineer of Blockchain Infrastructure,2022-05-01,Present,"NBCUniversal Media, LLC",Senior Cloud Engineer of HSS and S Platform Engineering,2017-11-01,2022-05-01,"NBCUniversal Media, LLC",Senior Cloud Engineer of DPIM Cloud Infrastructure,2014-08-01,2017-11-01,"NBCUniversal Media, LLC",Solution Architecture and Engineering Lead of IT Build Platform Technology II,2013-08-01,2014-07-01,"NBCUniversal Media, LLC",Hosting Engineer of Media Products and Advanced Technology,2011-08-01,2013-08-01,Temple University - Fox School of Business and Management,Systems Thinking / Systems Innovation,,,Amazon Web Services,System Operations on Amazon Web Services(AWS),,,"Cryptocurrency Trading Systems,Electronic Trading Systems,Content Management Systems (WordPress, Drupal),Shell Scripting (Bash, Zsh),Content Delivery Network (Amazon CloudFront, Akamai),LAMP Stack (Linux, Apache, MySQL, PHP),Linux System Administration (RedHat, Ubuntu),Collaboration and Teamwork,Performance Optimization,Problem-Solving and Troubleshooting,Distributed Systems,Site Reliability Engineering (SRE),Infrastructure-as-Code (Terraform, Ansible),Containerization (Docker, Kubernetes),Incident Management,DeFi, NFTs, DAOs, and Web 3.0,Software Development,Microservices,Continuous Integration and Continuous Delivery (CI/CD),Blockchain Infrastructure,Cryptocurrency Trading,Python (Programming Language),Amazon Web Services (AWS),Apache,Linux,Virtualization,Cloud Computing,Disaster Recovery,Networking,Unix,High Availability,Data Center,Agile Methodologies,Cluster,Network Administration,Open Source,Security,Storage Area Networks,TCP/IP,DNS,NFS,LDAP,Server Architecture,Automation,F5 BigIP,LDAP Administration,FreeBSD,Vagrant,BMC BladeLogic Server Automation (BSA),HP Server Automation (OpsWare),Servers,Solaris,Bash,System Administration,LAMP,Shell Scripting,Tomcat,Red Hat Linux,Performance Tuning,MongoDB,Cacti,Nagios,RabbitMQ,Puppet,Drupal,Akamai,SAN,WordPress,Operating Systems,RedHat,Storage,Hardware,Bmc Bladelogic Server,Infrastructure,Microsoft Office,Hp Server Automation,MySQL,Amazon Web Services,Bmc Bladelogic Server Automation Bsa,Hp Server Automation Opsware,Advertising,Cloud,Docker,Amazon Web Services Aws,Kubernetes,Java,Bmc Bladelogic Server Automation",,,"CentOS,KVM virtualization,Unix Sysadmins,Cloud Computing,Linux Expert,NBCUniversal Alumni,Unix & Linux Shell",,1981,male,19,individual contributor,,Jysbtcbtcbtc,,,,,
80748294,Pat Chen,Pat,Chen,Verified emails found,2025-09-05 8:40:03,pat@xcubicle.com,pat@xcubicle.com,realpat@gmail.com,"pat@xcubicle.com,realpat@gmail.com",,,9172253227,,"1.9177310438
1.2126084170",(917) 338-0645,https://www.linkedin.com/in/pat-chen,,,,,,,Technical Co-Founder and Drupal + Blockchain Developer and Systems Architect,xCubicle,"48 Wall St 2935, New York City, New York 10005, US",xcubicle.com,http://www.xcubicle.com,https://www.linkedin.com/company/xcubicle,"New York, NY, US",New York,,NY,US,xCubicle,Technical Co-Founder and Drupal + Blockchain Developer and Systems Architect,2008-03-01,Present,Young & Rubicam,Senior Drupal Developer,2015-06-01,2016-12-01,"Social Media Today, LLC",Front End Drupal Themer Developer,2015-01-01,2015-03-01,Rokkan,Front End Drupal Themer,2014-10-01,2014-12-01,Visual Mercenary Group,Lead Front End Drupal Developer Themer,2011-08-01,2012-08-01,Massachusetts Institute of Technology,,,,Baruch College,,,,"Web Development,Drupal,CSS,SEM,Web Design,SEO,Business Development,Marketing Strategy,E-commerce,Search Engine Marketing (SEM),Video Editing,Automation,Linux server administration,Woodworking,Business Process Improvement,Competitive Analysis,E-commerce SEO,Start-ups,Online Marketing,Social Media,PHP,HTML,MySQL,LAMP,JavaScript,Photoshop,Cascading Style Sheets (CSS),Leadership,Management,Vim,Laser Engraving,Social Engineering,Automation Tools,Competitive Advantage,bitcoin,cryptocurrency,HTML + CSS,Front-end",,,,,1976,male,26,individual contributor,,Jysbtcbtcbtc,,,,,
745921152,Hugo Panczak,Hugo,Panczak,Verified emails found,2025-09-05 8:40:00,hugo@thebigwhale.io,hugo@thebigwhale.io,hugopanczak@gmail.com,hugo@thebigwhale.io,hugopanczak@gmail.com,,,,,,https://www.linkedin.com/in/hugo-panczak,,,,,,,Head of Crypto and Operations,The Big Whale,"9, Rue des Colonnes, Paris, Île-de-France 75002, FR",thebigwhale.io,https://www.thebigwhale.io/,https://www.linkedin.com/company/the-big-whale,"Paris, FR",Paris,,,FR,The Big Whale,Head of Crypto and Operations,2024-09-01,Present,Ledger,Private Investor,2023-07-01,Present,White Loop Capital,Chief Executive Officer,2021-11-01,Present,The Big Whale,Chief of Staff,2023-05-01,2024-12-01,DeepSquare,Product Manager,2022-05-01,2022-07-01,,,,,,,,,"Business-to-Business (BtoB),Anglais,Entrepreneuriat,Stratégie marketing,Valorisation,Gestion de crise,Trade Finance,Marketing digital,Gestion de projet,Finance,Comptabilité,Droit des sociétés,Blockchain,Finance managériale,Communication interne,Développement commercial,Gestion de trésorerie,Marchés financiers",,,,,,male,3,head,,Jysbtcbtcbtc,,,,,
393873367,Maruti Tiwari,Maruti,Tiwari,Verified emails found,2025-09-05 8:39:44,marutint10@gmail.com,,marutint10@gmail.com,marutint10@gmail.com,,,,,,,https://www.linkedin.com/in/marutint10,,,,,,,Blockchain Developer ? Blockchain Lead,Floyx.com,US,floyx.com,https://www.floyx.com,https://www.linkedin.com/company/floyx,"Bengaluru, KA, IN",Bengaluru,,KA,IN,Floyx.com,Blockchain Developer ? Blockchain Lead,2023-05-01,Present,Koryntia,Blockchain Developer,2023-01-01,2023-06-01,Freelance,Blockchain Developer,2022-09-01,2022-12-01,,,,,,,,,CHANDIGARH UNIVERSITY,Bachelor of Engineering - BE,,,,,,,"DAO,Web3,DeFi,Ethereum,Hedera,Blockchain,Hardhat,Truffle,Decentralized Science (DeSci),Decentralized Autonomous Organization (DAO),Decentralized Finance (DeFi),Non-Fungible Tokens (NFTs),Decentralized Applications (DApps),Blockchain Development,Smart Contracts,Solidity,Truffle Framework,Ether.js,web3.js",,,,,,female,2,individual contributor,,Jysbtcbtcbtc,,,,,
790791706,Chhanda Saha,Chhanda,Saha,Verified emails found,2025-09-05 8:39:22,chhanda.saha@coinbase.com,chhanda.saha@coinbase.com,chhandasaha98@gmail.com,"chhanda.saha@coinbase.com,chhandasaha98@gmail.com",,,,,,,https://www.linkedin.com/in/chhanda-saha,,,,,,,Blockchain Security Analyst,Coinbase,"548 Market St 23008, San Francisco, California 94104, US",coinbase.com,http://www.coinbase.com,https://www.linkedin.com/company/coinbase,"Hyderabad, TG, IN",Hyderabad,,TG,IN,Coinbase,Blockchain Security Analyst,2023-09-01,Present,GeeksforGeeks,Technical Content Writer,2023-02-01,2023-10-01,Real Variable,Blockchain Developer,2022-11-01,2023-08-01,INR Group,Blockchain Developer,2022-08-01,2022-11-01,ReSense Lab,Visiting Researcher,2021-04-01,2022-08-01,University of Hyderabad,Master of Technology - MTech,,,University of Calcutta,Bachelor of Technology - BTech,,,"Decentralized Finance,Web Content Writing,Technical Writing,Smart Contracts,Node.js,Blockchain,Solidity,Decentralized Applications (DApps),Ethereum,JavaScript,Python (Programming Language),MySQL,Data Science,Databases,Machine Learning,Software Development,HTML,SQL,C,C++",,,,,,,5,individual contributor,Engineering,Jysbtcbtcbtc,,,,,
75539386,Brian Cisneros,Brian,Cisneros,Verified emails found,2025-09-05 8:39:10,briancisneros@outlook.com,bcisneros@blockchain.com,briancisneros@outlook.com,"briancisneros@outlook.com,brianc@googlemail.com,bcisneros@googlemail.com","bcisneros@blockchain.com,bcisneros@google.com","brian.cisneros@blockchain.com,briancisneros@google.com",,,,,https://www.linkedin.com/in/briancisnerosfx,,,,,,,Blockchain Expert,Blockchain,UK,blockchain.com,http://www.blockchain.com,https://www.linkedin.com/company/blockchain,Peru,,,,PE,Blockchain,Blockchain Expert,2012-05-01,Present,Google,Digital Strategy Manager,2010-03-01,Present,Google,Marketing Expert,2010-05-01,Present,Wall Street Oasis,Forex Trader,2012-01-01,Present,,,,,,,,,,,,,"Google Adwords Professional,Business Strategy,Webmaster,Marketing online,Online Advertising,Java Certified Programmer,Digital Strategy,Leadership,Forex Trader,Marketing por correo electrónico,Social Media Marketing,Google Webmaster Tools,Cryptocurrency Trader,Web Interface Design,CPA Expert,Search Engine Optimization (SEO),Advertising,Blockchain Expert,Marketing digital,Web Design",,,,,1988,male,15,manager,Operations,Jysbtcbtcbtc,,,,,
453607478,Raftaar~ ™,Raftaar~,™,No emails found,2025-09-05 8:39:04,,,,,,,,,,,https://www.linkedin.com/in/raftaar~-thecryptocrazy-™-1714a6204,,,,,,,Blockchain Technology Consultant,Ethereum Network,"Berlin, Berlin, DE",ilg.technology,https://www.ilg.technology/,https://www.linkedin.com/company/ethereumnetwork,"Mumbai, MH, IN",Mumbai,,MH,IN,Ethereum Network,Blockchain Technology Consultant,2020-08-01,Present,,,,,,,,,,,,,,,,,Blockchain School for Management,,,,,,,,"Blockchain Analysis,Blockchain,Decentralization,DeFi,Decentralized Applications (DApps),Cryptocurrency Mining,Cryptocurrency Trading,Cryptocurrency,Bitcoin,Smart Contracts,Ethereum,Blockchain Architecture",,,,,,male,5,individual contributor,Engineering,Jysbtcbtcbtc,,,,,
736821302,Eric Wade,Eric,Wade,Verified emails found,2025-09-05 8:38:43,ericrwade@gmail.com,ewade@stansberryresearch.com,ericrwade@gmail.com,"ericrwade@gmail.com,ewade87576@aol.com,no1fault@aol.com",ewade@stansberryresearch.com,,6199250866,6199250866,"6197952834
9492742594
6195271211
6192621330
6192640336
6192873746
7037494030
6199808876",,https://www.linkedin.com/in/ericrwade,,https://twitter.com/ericrwade1,,,,,"Editor, Crypto Capital",Stansberry Research,"1125 N Charles St, Baltimore, Maryland 21201, US",stansberryresearch.com,https://stansberryresearch.com/,https://www.linkedin.com/company/stansberry-research,"Los Angeles, CA, US",Los Angeles,,CA,US,Stansberry Research,"Editor, Crypto Capital",2018-05-01,Present,Independent,Consultant,2011-07-01,2018-05-01,Media 360 Partners,Managing Director and Senior Sales Representative,2008-10-01,2011-07-01,"CIPS Marketing Group, Inc.",Director of Sales,2005-09-01,2008-08-01,Captivate Network,Director of Business Development,2004-01-01,2005-08-01,The University of New Mexico,BUS,,,Los Alamos High School,Diploma,,,"Direct Marketing,Media Buying,Social Media,Strategic Partnerships,Public Speaking,Salesforce.com,B2B,Online Marketing,Digital Strategy,Retail,Account Management,Sales,Relationship Marketing,Market Planning,Outdoor Advertising,Mobile Marketing,Digital Media,Sales Operations,Business Development,Negotiation,Competitive Analysis,Finance,Advertising Sales,Advertising,Integrated Marketing,Lead Generation,Digital Marketing,Strategic Planning,Strategy,Media Planning,Interactive Marketing,Online Advertising,Program Management,Marketing,Training,Social Media Marketing,SEM,Budgets,OOH,Management,Project Management,Coaching,Marketing Communications,Marketing Strategy,Mobile Devices,Pricing Analysis,CRM,Selling,Customer Relationship Management Crm,Budgeting,Business to Business B2b,Cryptocurrency,Blockchain,Business to Business,Customer Relationship Management",,,,,,,31,individual contributor,Finance,Jysbtcbtcbtc,,,,,
838653,Caroline Mizumoto,Caroline,Mizumoto,Verified emails found,2025-09-05 8:38:30,caroline@blockchain.com,caroline@blockchain.com,cmizumoto@gmail.com,"caroline@blockchain.com,cmizumoto@gmail.com",,,415-525-2679,415-525-2679,,,https://www.linkedin.com/in/carolinem,https://facebook.com/caroline.mizumoto,https://twitter.com/caroline,,,http://www.angel.co/caroline-2,http://www.quora.com/caroline-mizumoto,Connecting the Dots in the Blockchain,Blockchain,UK,blockchain.com,http://www.blockchain.com,https://www.linkedin.com/company/blockchain,United States,,,,US,Blockchain,Connecting the Dots in the Blockchain,2017-04-01,Present,Angel Investing,Angel Investor,2014-10-01,Present,Vagabonding,Vagabond,2014-09-01,Present,Funde Gol Warrior Vineyard,Migrant Worker,2014-08-01,Present,Warrior's Organic Apple Orchard,Migrant Worker,2013-07-01,Present,University of Illinois Chicago,,,,School of the Art Institute of Chicago,,,,"Start-ups,Digital Media,Social Media,Renewable Energy,Online Advertising,Nonprofits,Solar Energy,Business Development,Business Strategy,Entrepreneurship,Organic Farming,Mobile Applications,Social Networking,Strategy,Desserts,Online Marketing,Social Media Marketing,Digital Marketing,Digital Strategy,Strategic Partnerships,Marketing Strategy,Blockchain,FinTech,Edtech,Travel Planning,International Relations,Management,PowerPoint,Marketing,Public Speaking,Event Planning,Fundraising,Television,Editing,Microsoft Word,Teamwork,Microsoft Excel,Start Ups,Policy,Leadership,Project Management,Coaching",,,,,1964,female,15,individual contributor,,Jysbtcbtcbtc,,,,,
1514682,Mike Torres,Mike,Torres,Verified emails found,2025-09-05 8:38:10,mike.torres@gmail.com,mtorres@paypal.com,mike.torres@gmail.com,"mike.torres@gmail.com,mtorres@outlook.com",mtorres@paypal.com,mike.torres@paypal.com,206-790-9353,206-790-9353,"559-287-3796
6159830076
916-349-1926
425-707-2458
425-936-7329
425-882-8080",,https://www.linkedin.com/in/miketorres,https://facebook.com/mitorres,https://twitter.com/miketorreshq,,,,,"Senior Analyst, Cryptocurrency Investigations",PayPal,"2211 North First Street, San Jose, California 95131, US",paypal.com,https://www.paypal.com/us/home,https://www.linkedin.com/company/paypal,"Omaha, NE, US",Omaha,,NE,US,PayPal,"Senior Analyst, Cryptocurrency Investigations",2023-05-01,Present,PayPal,Financial Crimes Intelligence and Investigations Analyst III,2022-01-01,2023-05-01,PayPal,"SAR Investigations, L2",2018-05-01,2021-12-01,PayPal,"Senior Analyst, Due Diligence, Global Compliance and Ethics",2015-02-01,2018-05-01,Make Ends Media / Dyson Mobile,Regional Sales Manager,2014-07-01,2015-02-01,Metropolitan Community College,,,,Iowa Western Community College,,,,"Risk Assessment,Root Cause,Web Conferencing,Securities,Critical Thinking,Internal Audits,Due Diligence,SAR,Quality Assurance,Bank Secrecy Act,Root Cause Analysis,Investment Sales,Private Banking,Loan Officers,Banking Relationships,Relationship Building,Consumer Products,Banking,Credit,Loans,Retail Banking,Mortgage Lending,Consumer Lending,Loan Origination,Relationship Management,Cross Selling,Series 63,Financial Services,Customer Service,Credit Cards,Branch Banking,Sales,Analytical Skills,Employee Training,Writing,Regulatory Compliance,Cryptocurrency,Anti-Money Laundering,Counterterrorism,Fraud Investigations,Cybercrime Investigation,Financial Crimes Investigations,Commercial Banking,Digital Media,Product Management,Online Services,User Experience,Distributed Systems,Agile Methodologies,Agile Project Management,Strategic Planning,Organizational Culture,Team Building,Start-ups,Web Services,Cross-functional Team Leadership,Software Project Management,Mobile Devices,Software Design,Mobile Applications,SaaS,Strategy,Cloud Computing,Software Development,Management,Strategic Partnerships,Leadership,Program Management,Scrum,Product Development,Microsoft Office,Cross Functional Team Leadership,Start Ups,Integration,Marketing",,,,,1976,male,20,individual contributor,,Jysbtcbtcbtc,,,,,
1044070,Daniel Pichler,Daniel,Pichler,Verified emails found,2025-09-05 8:38:02,daniel.pichler@bitpanda.com,daniel.pichler@bitpanda.com,daniel.pichler@hotmail.com,"daniel.pichler@bitpanda.com,daniel.pichler@hotmail.com",,,436765717623,,,,https://www.linkedin.com/in/dpichler,,https://twitter.com/pichlerd,,,https://angel.co/daniel-pichler,,Staff Engineer Crypto Hub,Bitpanda,"17 Stella-klein-löw Weg, Vienna, Vienna 1020, AT",bitpanda.com,https://www.bitpanda.com,https://www.linkedin.com/company/bitpanda,"Vienna, AT",Vienna,,,AT,Bitpanda,Staff Engineer Crypto Hub,2025-02-01,Present,Bitpanda,Tech Lead Blockchain Team,2022-01-01,2025-02-01,Bitpanda,Blockchain Developer,2021-02-01,2022-01-01,tset,Data Scientist,2018-11-01,2021-01-01,RIAT.AT,Cryptoeconomics Research Engineer,2018-02-01,2018-11-01,City University London,Master of Science (MSc),,,University of Illinois at Urbana-Champaign - College of Business,"International Business, Exchange Semester",,,"Microsoft Word,Public Speaking,Customer Service,Photoshop,Strategic Planning,Project Management,SQL,Product Development,Sales Management,Data Visualization,Management,New Business Development,OS X,Polymers,Social Media,R,Tidyverse,Bitcoin,Intercultural Communication,Matlab,Start Ups,Data Analysis,Market Research,English,Teamleitung,Team Management,Team Leadership,Marktforschung,Soziale Medien,Innovation,Microsoft Office,Event Management,Partnermanagement,Recruitments,Social Media Marketing,Python,Teamwork,Eventmanagement,Spark,Englisch",,,,,1988,male,11,individual contributor,,Jysbtcbtcbtc,,,,,
50885044,Justin Camarena,Justin,Camarena,Verified emails found,2025-09-05 8:37:56,justin@shakepay.co,justin@shakepay.co,justin121994@gmail.com,"justin@shakepay.co,justin121994@gmail.com,justin.camarena@shakepay.co",onetallnerd@gmail.com,,909-576-2609,909-576-2609,"909-537-3486
909-673-8331",,https://www.linkedin.com/in/juscam,http://www.facebook.com/Camarena.Justin,http://twitter.com/Onetallnerd,https://github.com/juscamarena,,,,Staff Product Engineer - Crypto,Shakepay,"500 Pl D'armes Ste 1800, Montreal, Quebec H2Y 2W2, CA",shakepay.com,https://shakepay.com,https://www.linkedin.com/company/shakepay,"Los Angeles, CA, US",Los Angeles,,CA,US,Shakepay,Staff Product Engineer - Crypto,2024-04-01,Present,Bitrefill,Product Engineering | Team Lead of Product,2017-09-01,2024-04-01,Mosaic Sales Solutions,Dell Brand Ambassador,2016-03-01,2017-02-01,CSUSB,Student Technician,2015-03-01,2016-06-01,,,,,California State University-San Bernardino,Bachelor of Science (B.S.),,,Massachusetts Institute of Technology,,,,"Community Outreach,Java,Microsoft Word,Research,Marketing,JavaScript,C++,Bitcoin,Public Speaking,MySQL,Data Analysis,Management,Programming,Microsoft Office,Python,Node.js,Social Media,Windows",,,,,1994,male,9,individual contributor,,Jysbtcbtcbtc,,,,,
335241467,Arun Ramachandran,Arun,Ramachandran,Verified emails found,2025-09-05 8:37:53,arunramachandran@gmail.com,,arunramachandran@gmail.com,,arunramachandran@gmail.com,,,,,,https://www.linkedin.com/in/arun-ramachandran-3142b7a2,,,,,,,Cryptocurrency Trader,Binance,IR,binance.com,https://www.binance.com/,https://www.linkedin.com/company/binance,"Dubai, United Arab Emirates",,,,AE,Binance,Cryptocurrency Trader,2021-04-01,Present,Coral Perfumes Industry LLC,Business Development Manager,2022-04-01,Present,Snack Time,Business Owner,2019-03-01,Present,Qi Group,Sales And Marketing Specialist,2018-11-01,Present,,,,,Anna University,,,,,,,,"Business Strategy,Business Development,Team Building,Money Management,Cryptocurrency Trading,AutoCAD,Microsoft Office,X-Ray welding",,,,,1994,male,6,individual contributor,Finance,Jysbtcbtcbtc,,,,,
239966187,Jerome Roche,Jerome,Roche,Verified emails found,2025-09-05 8:37:47,jerome.roche@gmail.com,jroche@paypal.com,jerome.roche@gmail.com,"jerome.roche@gmail.com,jessicarocher@gmail.com","jroche@paypal.com,jerome.roche@yahoo.com",,202-439-9883,202-439-9883,"973-713-4869
202-263-3773
312-782-0600
202-663-6000
202-263-3000
202-762-4226
202-263-3771
703-534-0507
202-745-1899",,https://www.linkedin.com/in/jerome-roche,,,,,,,"Head of Legal for Blockchain, Crypto and Digital Currencies",PayPal,"2211 North First Street, San Jose, California 95131, US",paypal.com,https://www.paypal.com/us/home,https://www.linkedin.com/company/paypal,"Washington, DC, US",Washington,20005,DC,US,PayPal,"Head of Legal for Blockchain, Crypto and Digital Currencies",2022-05-01,Present,Linklaters,Partner,2019-01-01,2022-05-01,Mayer Brown,Partner,2007-03-01,2019-01-01,TIAA-CREF,Associate General Counsel,2005-12-01,2007-03-01,WilmerHale,Associate,2000-09-01,2005-11-01,University of Michigan Law School,JD,,,Purdue University,BS,,,"Federal Government,Investment Advisory Services,Insurance,Cryptocurrency,Regulatory Compliance,Securities,Corporate Law,Corporate Governance,FCPA,Banking Law,Legal Research,Legal Writing,Internal Investigations,Privacy Law,FINRA,Litigation Management,Mergers,Cross-border Transactions,Legal Advice,Legal Compliance,Financial Regulation,Dodd-Frank,Broker-Dealer,Securities Regulation,Financial Services,FinTech,Law,Banking",,,,,1970,male,27,head,,Jysbtcbtcbtc,,,,,
80487439,Julia Jang,Julia,Jang,Verified emails found,2025-09-05 8:37:44,julia.jang@coinbase.com,julia.jang@coinbase.com,jangjulia@gmail.com,"julia.jang@coinbase.com,jangjulia@gmail.com",,juliajang@coinbase.com,951-723-0206,951-723-0206,,,https://www.linkedin.com/in/dokyungjang,http://www.facebook.com/jang.julia,https://twitter.com/i/user/1727096094,,,,,Senior Blockchain Engineer,Coinbase Cloud,"548 Market St 23008, San Francisco, California 94104, US",coinbase.com,http://www.coinbase.com,https://www.linkedin.com/company/coinbase,"Austin, TX, US",Austin,,TX,US,Coinbase Cloud,Senior Blockchain Engineer,2023-08-01,Present,,,,,,,,,,,,,,,,,"University of California, Berkeley",Bachelor’s Degree,,,,,,,"Apache Airflow,TypeScript,NetSuite,Team Leadership,Blockchain,Kubernetes,Amazon Web Services (AWS),Google Cloud Platform (GCP),Helm Charts,Prometheus,PostgreSQL,Redis,Spring Framework,Oracle Database,Jenkins,Karate,JSON Web Token (JWT),JavaScript,Agile Methodologies,REST APIs,Object-Oriented Programming (OOP),Java,C,Python,Scheme,SQL,Graphic Design,Photoshop,Illustrator,After Effects,Leadership,Customer Service,Public Speaking,Git,Bash,Microsoft Office,Microsoft Excel,Microsoft Word,Google Docs,PowerPoint,Social Media,Adobe Photoshop,Adobe Illustrator,GoLang",,,,,1990,female,2,senior,Engineering,Jysbtcbtcbtc,,,,,
2173298,Tanaya Macheel,Tanaya,Macheel,Verified emails found,2025-09-05 8:37:13,tanaya.macheel@nbcuni.com,tanaya.macheel@nbcuni.com,tpmacheel@gmail.com,"tanaya.macheel@nbcuni.com,tpmacheel@gmail.com,tanayamac@gmail.com,tanayapmacheel@gmail.com",,,4154908542,4154908542,6465907329,,https://www.linkedin.com/in/tanayamacheel,http://www.facebook.com/tanayamacheel,http://twitter.com/TanayaMacheel,,,,,Markets and crypto investing reporter,CNBC,"1 CNBC Plaza, Englewood Cliffs, New Jersey 07632, US",cnbc.com,http://www.cnbc.com,https://www.linkedin.com/company/cnbc,"New York, NY, US",New York,,NY,US,CNBC,Markets and crypto investing reporter,2021-06-01,Present,Cheddar Inc.,"Fintech and crypto correspondent, ""The Crypto Craze"" co-anchor",2018-01-01,2020-01-01,Digiday,"Editor, Tearsheet",2017-01-01,2018-01-01,American Banker,Bank tech and payments reporter,2015-01-01,2017-01-01,CoinDesk,Reporter,2013-01-01,2015-01-01,New York University,Bachelor of Science (BSc),,,,,,,"Journalism,Copy Editing,Social Media,Payments,Blockchain,Editorial,News Writing,Public Speaking,Editing,Writing,Newspapers,Public Relations,Microsoft Office,Research,Storytelling,Marketing,Blogging,Social Networking,Leadership,Microsoft Word,Banking",,,"FemTechLeaders,Women in FinTech,Convent of the Sacred Heart Alumni",,1985,female,12,individual contributor,,Jysbtcbtcbtc,,,,,
67432540,Shengjiao Cao,Shengjiao,Cao,Verified emails found,2025-09-05 8:37:07,shengjiaocao@unionpayintl.com,shengjiaocao@unionpayintl.com,,,shengjiaocao@unionpayintl.com,"cao@antfin.com,shengjiao@unionpayintl.com",,,,,https://www.linkedin.com/in/shengjiao-cao-4270835b,,,,,,,blockchain Expert,Ant Group,"A Space, No. 569 Xixi Road, Hangzhou, Zhejiang, CN",antgroup.com,https://www.antgroup.com/en/,https://www.linkedin.com/company/antgroup,Singapore,,,,SG,Ant Group,blockchain Expert,2019-04-01,Present,China UnionPay,,,Present,,,,,,,,,,,,,National University of Singapore,Doctor of Philosophy (Ph.D.),,,Tsinghua University,Bachelor's Degree,,,"Matlab,C/C++,Perl,JavaScript,IBM AIX,OpenStack,Python,Ruby,Linux,Algorithms,Simulations,Signal Processing,Mathematical Modeling,Embedded Systems,Data Analysis,Programming,C++,R,Data Mining,C,Optical Fiber,Blockchain,Golang",,,"Tsinghua University Alumni Group,Blockchain for Business (Blockchain & Hyperledger Project)",,1987,male,6,individual contributor,Engineering,Jysbtcbtcbtc,,,,,
369953614,Bohdan Borodai,Bohdan,Borodai,Verified emails found,2025-09-05 8:37:07,bohdanborodai313@gmail.com,,bohdanborodai313@gmail.com,"bohdanborodai313@gmail.com,bbohdan1997@gmail.com",,"bohdanb@upwork.com,bohdan@upwork.com,borodaib@upwork.com,borodai@upwork.com",,,,,https://www.linkedin.com/in/bohdan-borodai,,,,,,,Blockchain Developer,Upwork,"475 Brannan St Suite 430, San Francisco, California 94107, US",upwork.com,https://www.upwork.com/,https://www.linkedin.com/company/upwork,"Kyiv, UA",Kyiv,2000,,UA,Upwork,Blockchain Developer,,Present,,,,,,,,,,,,,,,,,Taras Shevchenko National University of Kyiv,Bachelor's degree,,,,,,,"Blockchain,Ethereum,Golang,Rust (Programming Language),Bitcoin,C++,Python (Programming Language),Smart Contracts,Solidity,Cryptocurrency,Cryptocurrency Trading,Cryptocurrency Mining",,,,,2000,,,individual contributor,Engineering,Jysbtcbtcbtc,,,,,
3368910,Hassan Abdel-Rahman,Hassan,Abdel-Rahman,Verified emails found,2025-09-05 8:37:00,hassan@cardstack.com,hassan@cardstack.com,hassanabdelrahman@gmail.com,"hassan@cardstack.com,hassanabdelrahman@gmail.com,h_abdel_rahman@yahoo.com,hassan.abdelrahman@gmail.com",,,7202729437,7202729437,"303-953-8854
3038871809
9147256450",,https://www.linkedin.com/in/hassanabdelrahman,https://facebook.com/habdelra,https://twitter.com/habdelra,,,,,Señor Blockchain Developer,Cardstack Foundation,"285 Fulton St 85th Floor, 1 World Trade, New York, New York 10007, US",cardstack.com,http://www.cardstack.com,https://www.linkedin.com/company/cardstack-foundation,"Scarsdale, NY, US",Scarsdale,10583,NY,US,Cardstack Foundation,Señor Blockchain Developer,2017-10-01,Present,McGraw-Hill Education,Principal Engineer,2013-09-01,2015-03-01,Swirly Dots Limited,Co-Founder and Advisor,2010-01-01,2011-01-01,"Sun Microsystems, Inc.",Senior Software Developer,2005-07-01,2006-09-01,"Sun Microsystems, Inc.",Technical Lead,2004-10-01,2005-07-01,Colorado School of Mines,Bachelor of Science,,,,,,,"Scrum,Software Development,Agile Methodologies,XML,jQuery,Java,SQL,Git,JavaScript,Design Patterns,Software Engineering,Integration,iOS development,HTML 5,Cloud Computing,C#,Documentum,Objective-C,Object Oriented Design,CSS3,Ant,Java Enterprise Edition,XSLT,User Experience,Web Development,jQuery UI,CSS,Hudson,Spring,Academic Publishing,ePub,UML,Publishing,CMS,AngularJS,EmberJS,Location Based Services,Ruby on Rails,Ruby,iOS,Bitcoin,blockchain,DOS,Management,Leadership,Microsoft Office,Business Development,Objective C,Technology,Rico",,,,,1976,male,27,individual contributor,,Jysbtcbtcbtc,,,,,
11155443,Brad Reeser,Brad,Reeser,Verified emails found,2025-09-05 8:36:53,brad.reeser@yahoo.com,,brad.reeser@yahoo.com,"brad.reeser@yahoo.com,brad.reeser@gmail.com,appg_reeser@hotmail.com,scorpionluv1@yahoo.com",,,2488945105,2488945105,"248-875-7837
248-393-0892
954-763-5262
4193600900
8106773958
3133933785
2488663332
9734172637
5866773958
405-601-3837",,https://www.linkedin.com/in/bradreeser,https://facebook.com/brad.reeser.5,https://twitter.com/pangaeaone,,,,,"Children's Books Author - Web3, Blockchain, Crypto, NFTs, Finance, Child Safety and more",Naomi and Ashley Fun Books,"Wilmington, North Carolina, US",naomiandashley.com,https://naomiandashley.com/,https://www.linkedin.com/company/naomi-and-ashley-fun-books,"Wilmington, NC, US",Wilmington,,NC,US,Naomi and Ashley Fun Books,"Children's Books Author - Web3, Blockchain, Crypto, NFTs, Finance, Child Safety and more",2023-01-01,Present,MDSupplies and Service,Vice President,2013-01-01,2018-01-01,"Pangaea 1, Inc",President,2009-01-01,2014-12-01,General Motors - OnStar,Program Manager and Lead Systems Engineer,1999-01-01,2006-01-01,General Dynamics Land Systems,Vetronics Engineer,1998-01-01,2000-01-01,University of Michigan-Flint,MBA,,,Real Estate School of Michigan,Salesperson,,,"Writing,Publishing,eBook Publishing,Decentralized Applications (DApps),Blockchain,Ethereum,Web 3,Cryptocurrency Trading,Cryptocurrency,Non-Fungible Tokens (NFTs),Web 2.0,Pricing,Automotive,Entrepreneurship,Product Development,Cross-functional Team Leadership,Vendor Management,Program Management,Business Analysis,Food,Process Improvement,SQL,Cross Functional Team Leadership,Microsoft Office,Management,Cross Functional Team",,,"International  Broker ,Seller,Buyer Mandate ,Commodity group.,Medical Supply,South Florida Business Exchange,University of Michigan-Flint School of Management,Broward Business Connection - Business Networking,BRAZIL BUSINESS EXPORT,Import Export USA,TRADING WITH LATIN AMERICA EXPORT & IMPORT,NetPlus! MBA Alumni,CAR CARE PRODUCTS,Linked Local South Broward,NORTH AMERICA,Medical Supplies Equipment,International Export Import (sales retail apparel fashion sports fmcg agriculture power oil b2b)",,1974,male,19,individual contributor,,Jysbtcbtcbtc,,,,,
239214469,Noama Samreen,Noama,Samreen,Verified emails found,2025-09-05 8:36:49,noama.samreen@coinbase.com,noama.samreen@coinbase.com,noamas@gmail.com,noama.samreen@coinbase.com,noamas@gmail.com,,301-219-4996,301-219-4996,,,https://www.linkedin.com/in/noama-samreen,,,,,,,Blockchain Security Engineer,Coinbase,"548 Market St 23008, San Francisco, California 94104, US",coinbase.com,http://www.coinbase.com,https://www.linkedin.com/company/coinbase,Canada,,,,CA,Coinbase,Blockchain Security Engineer,2022-05-01,Present,Limit Break,Blockchain Security Engineer,2021-05-01,2022-06-01,Toronto Metropolitan University,Security Researcher - Ethereum Blockchain,2019-09-01,2022-06-01,Ryerson University,Software Engineer,2020-01-01,2022-05-01,NTN Bearing Corporation of Canada Ltd,Software Engineer,2020-09-01,2021-05-01,Toronto Metropolitan University,,,,East Tennessee State University,Master of Science (M.S.),,,"Development Tools,Cryptocurrency,Contract Development,Object-Oriented Programming (OOP),Solidity,Software Development Life Cycle (SDLC),Mobile Application Development,Full-Stack Development,Auditing,Code Review,Secure Code Review,Threat Modeling,Risk Management Framework,Risk Frameworks,Static Analysis,Java,C#,Software Development,Cyber-security,Web Development",,,,,1992,female,9,individual contributor,Engineering,Jysbtcbtcbtc,,,,,
93537304,Markandeyan Aazhavandhaan,Markandeyan,Aazhavandhaan,No emails found,2025-09-05 8:36:32,,,,,,,,,,,https://www.linkedin.com/in/markvandhaan,,,,,,,Blockchain Developer,Blockchain Inc,UK,blockchaininc.co,http://www.blockchaininc.co,https://www.linkedin.com/company/blockchain-inc,"Los Angeles, CA, US",Los Angeles,,CA,US,Blockchain Inc,Blockchain Developer,2017-01-01,Present,Deloitte,Associate Director,2013-09-01,2017-01-01,Yahoo,Senior Software Engineer,2006-04-01,2013-05-01,,,,,,,,,Penn State University,Master's degree,,,"Indian Institute of Technology, Madras",Bachelor of Technology - BTech,,,"Network Security,Blockchain,Cryptocurrency,Distributed Systems,Mechanical Design,Agile & Waterfall Methodologies,Machine Learning,Augmented Reality (AR),Natural Language Processing (NLP),Mechanism Design,Distributed File Systems,Cryptography,Agile Project Management,Product Development,C++,Python,SQL",,,,,1982,male,19,individual contributor,Engineering,Jysbtcbtcbtc,,,,,
4189,Ian Place,Ian,Place,Verified emails found,2025-09-05 8:36:14,tvanbusk622@gmail.com,iplace@cash.app,tvanbusk622@gmail.com,"tvanbusk622@gmail.com,carmelo3415@hotmail.com",iplace@cash.app,ian.place@cash.app,207-807-8020,207-807-8020,207-799-5388,,https://www.linkedin.com/in/ianplace1,https://facebook.com/ian.place.3,https://twitter.com/i/user/889915888274731009,,,,,Crypto Operations and Strategy,Cash App,"New York, New York 10012, US",cash.app,http://cash.app,https://www.linkedin.com/company/cash-app,"Cambridge, MA, US",Cambridge,,MA,US,Cash App,Crypto Operations and Strategy,2022-07-01,Present,Burrata,Co-Founder,2021-10-01,2022-02-01,Chainalysis Inc.,"Director, Solution Architecture - Private Sector",2019-12-01,2021-10-01,Chainalysis Inc.,Customer Success Manager,2019-05-01,2019-12-01,Circle,Risk Operations Lead,2018-04-01,2019-05-01,George Mason University,Bachelor of Arts (BA),,,Cape Elizabeth High School,High School Degree,,,"SPSS,Risk Analysis,CRM,Written & Oral Presentation Skills,EFM,Customer Service,Salesforce.com,CEM,CX,Quantitative Research,Research Proposals,Sociological Theory,Scholarly Research,Media Studies,Qualitative Research,Enterprise Software,Enterprise Solution Sales,Sales Operations,Microsoft Office,Time Management,Fraud Detection,Information Technology,GAP,Home Depot,Pottery,Business Development,Payment Card Processing,AML,SQL,Zendesk,Fraud Prevention,Fraud Analysis,Written and Oral Presentation Skills,Anti Money Laundering,Blockchain Analysis,Sanctions,Online Gaming,Customer Experience Management,Policy,Cryptocurrency,Emerging Technologies",,,"George Mason University Alumni Association (Official),Customer Experience Trends,George Mason University Alumni",,1990,male,11,individual contributor,,Jysbtcbtcbtc,,,,,
239136125,Kathryn Freeman,Kathryn,Freeman,Verified emails found,2025-09-05 8:36:06,kathrynfreeman@gmail.com,kathrynfreeman@forex.com,kathrynfreeman@gmail.com,,"kathrynfreeman@gmail.com,kathrynfreeman@forex.com","kfreeman@coinbase.com,kathrynfreeman@coinbase.com,kathrynf@coinbase.com,kathryn_freeman@coinbase.com,freeman@coinbase.com,freemank@coinbase.com,kathrynf@forex.com",,,,,https://www.linkedin.com/in/kathryn-freeman-73515a1b4,,,,,,,Crypto trader and market analyst,Coinbase,"548 Market St 23008, San Francisco, California 94104, US",coinbase.com,http://www.coinbase.com,https://www.linkedin.com/company/coinbase,"Pasco, WA, US",Pasco,99301,WA,US,Coinbase,Crypto trader and market analyst,2011-06-01,Present,FOREX.com,Foreign Exchange Trader,2015-08-01,Present,Innovation Finance USA LLC,Finance Manager,2008-10-01,2010-06-01,,,,,,,,,Cambridge Business School (CBS),Master's degree,,,,,,,"Finance,Trading,Foreign Exchange (FX) Trading,Account Management,Cryptocurrency Trading",,,,,1983,female,15,individual contributor,,Jysbtcbtcbtc,,,,,
376025611,Libby Padmore,Libby,Padmore,Likely emails found,2025-09-05 8:36:05,,,,,,"padmore@blockchain.com,libby_padmore@blockchain.com",,,,,https://www.linkedin.com/in/libby-padmore-6179451b2,,,,,,,Blockchain Specialist,Blockchain.com,UK,blockchain.com,http://www.blockchain.com,https://www.linkedin.com/company/blockchain,"New York, NY, US",New York,,NY,US,Blockchain.com,Blockchain Specialist,2016-09-01,Present,International Trade Centre,Market Data Analyst,2010-05-01,2016-02-01,,,,,,,,,,,,,Harvard Business School,Master of Business Administration - MBA,,,North Carolina State University,Bachelor of Business Administration - BBA,,,"Marketing,Working with Investors,Financial Analysis,Data Analysis,Business Administration,Investment Management,Management,Cryptocurrency Trading,Bitcoin,Financial Services,Investment Banking",,,,,,,14,individual contributor,Engineering,Jysbtcbtcbtc,,,,,
88197084,Akshar Rawal,Akshar,Rawal,Verified emails found,2025-09-05 8:36:03,akshar.rawal@coinbase.com,akshar.rawal@coinbase.com,akshar.1006@gmail.com,"akshar.rawal@coinbase.com,akshar.1006@gmail.com,akshar1006@gmail.com",,,4048944812,,7044515176,,https://www.linkedin.com/in/aksharrawal,https://facebook.com/akshar.1006,https://twitter.com/axaboo,https://github.com/arawal,,,,Staff Blockchain Security Engineer,Coinbase,"548 Market St 23008, San Francisco, California 94104, US",coinbase.com,http://www.coinbase.com,https://www.linkedin.com/company/coinbase,"Stockbridge, GA, US",Stockbridge,,GA,US,Coinbase,Staff Blockchain Security Engineer,2022-08-01,Present,Coinbase,Sr. Blockchain Security Engineer,2021-08-01,2022-08-01,Coinbase,Blockchain Security Engineer,2021-03-01,2021-08-01,Thomson Reuters,Sr. Security Software Engineer,2017-12-01,2021-02-01,Capital One,Software Engineer,2016-02-01,2017-12-01,Georgia Institute of Technology,Master Of Science,,,Indian Institute of Technology,Bachelors,,,"Threat Modeling,Blockchain Security,Python (Programming Language),Go (Programming Language),Amazon Web Services (AWS),Algorithms,Data Structures,C,Linux,HTML,Security Engineering",,,,,1990,male,12,individual contributor,,Jysbtcbtcbtc,,,,,
14418860,Oscar Domínguez,Oscar,Domínguez,Verified emails found,2025-09-05 8:35:52,sierrasolidaria@gmail.com,oscar@territoriobitcoin.com,sierrasolidaria@gmail.com,sierrasolidaria@gmail.com,"oscar@territoriobitcoin.com,o.dominguez@sierrasolidaria.org",,,,,,https://www.linkedin.com/in/oscdominguez,https://facebook.com/oscarterritoriobtc,,,,,,Coordinador de eventos Comunidades Blockchain,Territorio Bitcoin,EE,territoriobitcoin.com,https://www.territoriobitcoin.com/,https://www.linkedin.com/company/territorio-bitcoin,"Madrid, ES",Madrid,,,BE,Territorio Bitcoin,Coordinador de eventos Comunidades Blockchain,2017-11-01,Present,Territorio Bitcoin,Chief Executive Officer and Founder,2019-08-13,Present,Buzzshow,Spain and Latin America Blockchain Advisor,2018-03-01,Present,Cibtc - International Congress Blockchain,Co Organizer,2018-01-01,Present,Territorio Bitcoin,Coordinador De Eventos Comunidad Blockchain Noroeste,2017-11-01,Present,Estación Agraria de Carcaixent,Tecnico en Agricultura Biologica,1992,1994,,,,,"Creación y desarrollo de empresas,Estrategia de mercadotecnia,Comercio electrónico,Inglés,Redes sociales,Estrategia empresarial,Español,Relaciones públicas,Publicidad en Internet,Microsoft Office,Negociación,Mercadotecnia en medios sociales,Gestión de contenidos,Organización de eventos,Organizaciones sin ánimo de lucro,WordPress,Bitcoin,Desarrollo web,Agricultura orgánica,Comunicaciones de marketing,Marketing en Internet,Administración y dirección de empresas,Servicio de atención al cliente,Mercadotecnia,Gerencia de ventas,Optimización en buscadores,Planificación estratégica,Marketing digital,Investigación y desarrollo,Management,Desarrollo empresarial,Blogs,Ventas,Gestión de proyectos,E-commerce,E Commerce,Liderazgo de equipos,Medios sociales,Blockchain",,,"Blockchain Lab,Bitcoin P2P Digital Currency,bitcoin,Bitcoin Europe,Business Friends Madrid,Bitcoin Blockchain & FinTech Think Tank > Cryptor Trust,Personas con enfermedades raras y sus familias,Bitcoin en Español,Blockchain Camp - Advisers, Consultants & Enthusiasts,Digital Forensics & Cyber Security Global Recruitment,Blockchain, Distributed Ledgers and Smart Contracts for Business,Discapacidad y empleo,Expertos del Social Media,Bitcoin ATM Industry Professionals",,1962,male,36,cxo,,Jysbtcbtcbtc,,,,,
141207602,Mukesh Gopinadhan,Mukesh,Gopinadhan,Verified emails found,2025-09-04 23:16:34,mgopinadhan@paypal.com,mgopinadhan@paypal.com,catchmukesh@gmail.com,"mgopinadhan@paypal.com,catchmukesh@gmail.com",mugopinadhan@paypal.com,,903-948-9075,903-948-9075,224-523-0155,,https://www.linkedin.com/in/mukesh-gopinadhan,https://facebook.com/mukesh.gopinadhan,https://twitter.com/mukeshg,,,,,"Director, Software Engineering - Blockchain, Crypto, and Digital Currencies",PayPal,"2211 North First Street, San Jose, California 95131, US",paypal.com,https://www.paypal.com/us/home,https://www.linkedin.com/company/paypal,"Atlanta, GA, US",Atlanta,30303,GA,US,PayPal,"Director, Software Engineering - Blockchain, Crypto, and Digital Currencies",,Present,Macy's,Engineering Manager,2020-03-01,2022-08-01,Publicis Sapient,"Associate Director, Engineering Delivery",2010-06-01,2020-02-01,Infosys,Senior Performance Engineer,2003-12-01,2010-06-01,PayPal,"Director of Software Engineering - Blockchain, Crypto, and Digital Currencies",2022-08-01,Present,Mahatma Gandhi University,Bachelor of Technology (B.Tech.),,,,,,,"Blockchain,Cryptocurrency,Payments,E-Commerce,Digital Business Transformation,Agile Leadership,Strategic Consulting,Google Cloud Migration,Cross-functional Team Leadership,Technology Enabled Business Transformation,Program Management,Software Systems Engineering,SDLC,Agile Methodologies,Performance Testing,ecommerce,Release Management,Digital Transformation,Cross-team Collaboration,Cross-functional Collaborations,Retail Operations,Performance Engineering,Customer Experience Transformation,Cloud Applications,Business Operations,Agile Program,Global Cross-Functional Team Leadership,Continuous Integration and Continuous Delivery (CI/CD),Requirements Analysis,Customer Experience,Business Transformation,Google Cloud Platform (GCP),Digital Technology,Planning Budgeting & Forecasting,Multi-channel Retail,Online Retail,Fashion Retail,Program Delivery Management,Technical Project Delivery,Executive Reporting,Executive-level Communication,Executive Presentation Skills,IT Enabled Business Transformation,Engineering Leadership,People Management,Coaching",,,,,1974,male,21,director,,Jysbtcbtcbtc,,,,,
121211341,Walter Alexander,Walter,Alexander,Verified emails found,2025-09-04 23:16:24,walteralexander2212@gmail.com,walter@ethereum.org,walteralexander2212@gmail.com,walteralexander2212@gmail.com,walter@ethereum.org,walter.alexander@ethereum.org,4692419423,,,,https://www.linkedin.com/in/walter-alexander-707990187,,,,,,,Cryptocurrency Trader,Ethereum,"7a Zeughausgasse, Zug, Zug 6302, CH",ethereum.org,http://www.ethereum.org,https://www.linkedin.com/company/ethereum,"Texas, United States",,,TX,US,Ethereum,Cryptocurrency Trader,2016-02-01,Present,,,,,,,,,,,,,,,,,Texas County Technical College,,,,,,,,"Data Analysis,Cryptography,Cryptocurrency,Cryptocurrency Trading,Business Strategy,Blockchain,Analytical Skills",,,,,1976,male,9,individual contributor,Finance,Jysbtcbtcbtc,,,,,
141470045,Ilyana Kim,Ilyana,Kim,Verified emails found,2025-09-04 23:16:19,kim@amazon.com,kim@amazon.com,kimilyana11@gmail.com,"kim@amazon.com,kimilyana11@gmail.com,kimi@amazon.com",,,,,,,https://www.linkedin.com/in/ilyana-kim-812273187,,,,,,,Blockchain Developer,Amazon,"2127 7th Ave., Seattle, Washington 98109, US",amazon.com,https://www.amazon.com,https://www.linkedin.com/company/amazon,"New York, NY, US",New York,,NY,US,Amazon,Blockchain Developer,2017-09-01,Present,Yahoo,Senior Software Developer,2013-08-01,2017-07-01,Nokia,Associate Software Developer,2010-02-01,2013-07-01,,,,,,,,,New York University,Master of Computer Applications - MCA,,,New York Institute of Technology,Bachelor of Engineering - BE,,,"Network Security,Strategy,Blockchain,Supply Chain Management,Smart Contracts,Software Development,Information Technology,Telecommunications,Distributed Ledger Technology (DLT),PL/SQL,JavaScript,Unix,Linux,Hyperledger,Cryptocurrency,Artificial Intelligence (AI),Web Services,C++,C#",,,,,1999,female,15,individual contributor,Engineering,Jysbtcbtcbtc,,,,,
36717400,Daniel Kokoszka,Daniel,Kokoszka,Verified emails found,2025-09-04 23:16:11,daniel.kokoszka@coinbase.com,daniel.kokoszka@coinbase.com,,daniel.kokoszka@coinbase.com,,,,,,,https://www.linkedin.com/in/kokoszkad,,,,,,,Senior Blockchain Engineer,Coinbase,"548 Market St 23008, San Francisco, California 94104, US",coinbase.com,http://www.coinbase.com,https://www.linkedin.com/company/coinbase,"Toronto, ON, CA",Toronto,,ON,CA,Coinbase,Senior Blockchain Engineer,2022-04-01,Present,Tetra Trust Company,Technical Lead,2020-04-01,2022-01-01,Coinsquare,Software Engineer,2019-03-01,2020-04-01,Cryptiv,Senior Software Developer and Co-Founder,2016-11-01,2019-03-01,ARB Labs Inc.,Software Developer,2015-12-01,2016-11-01,McMaster University,,,,,,,,"Embedded Software,Smart Cards,Logic Design,Linux,C,Assembly Language,Bitcoin,MIPS Assembly,Matlab,ARM,FPGA prototyping,Debian,Microchip PIC,Verilog,Pic Assembly,Microcontrollers,Functional Specifications,HSM,ARM Assembly,HTML,Ucos,Java,Embedded Systems,Embedded C,MIPS,FPGA,TypeScript,Ethereum,Parallel Programming,VHDL,OpenCL,C++,JavaScript,Cryptocurrency,Software Engineering,Ubuntu,Python,CSS,Blockchain,Cryptography,RTOS,Public Key Cryptography,Shell Scripting,Bash",,,,,1997,male,9,senior,Engineering,Jysbtcbtcbtc,,,,,
374999077,Emrah Sar?boz,Emrah,Sar?boz,Verified emails found,2025-09-04 23:16:03,emrah.sariboz@coinbase.com,emrah.sariboz@coinbase.com,emrahsarboz@gmail.com,"emrah.sariboz@coinbase.com,emrahsarboz@gmail.com",,"emrah@coinbase.com,emrahsariboz@coinbase.com",9367141353,,,,https://www.linkedin.com/in/emrah-sariboz,,,,,,,Blockchain Security Engineer,Coinbase,"548 Market St 23008, San Francisco, California 94104, US",coinbase.com,http://www.coinbase.com,https://www.linkedin.com/company/coinbase,"Dallas, TX, US",Dallas,,TX,US,Coinbase,Blockchain Security Engineer,2023-11-01,Present,CertiK,Blockchain Security Engineer,2022-08-01,2023-11-01,CertiK,Blockchain Security Intern,2022-05-01,2022-08-01,New Mexico State University,Research Assistant,2019-08-01,2022-08-01,Sam Houston State University,Graduate Teaching Assistant,2016-09-01,2019-05-01,New Mexico State University,,,,Sam Houston State University,,,,"Threat Modeling,Brownie,Blockchain Security,Decentralized Finance,Python (Programming Language),Go (Programming Language),Blockchain,Python,Research,Java,SQL,HTML,CSS,Ethereum,Smart Contracts,Solidity,geth,gRPC,Ethereum Virtual Machine,Git,DeFi,openzeppelin",,,,,,male,10,individual contributor,Engineering,Jysbtcbtcbtc,,,,,
121727672,David Kornberg,David,Kornberg,Verified emails found,2025-09-04 22:58:48,dgkornberg@gmail.com,,dgkornberg@gmail.com,dgkornberg@gmail.com,dkornberg@houston.rr.com,"kornberg@coldcaseicecream.com,dkornberg@coldcaseicecream.com,david.kornberg@coldcaseicecream.com,davidkornberg@coldcaseicecream.com,davidk@coldcaseicecream.com,david@100coaches.com,dkornberg@100coaches.com,davidkornberg@pillowcube.com,david.kornberg@pillowcube.com",614-209-5778,614-209-5778,"614-286-8730
626-651-0364
818-415-5100
614-530-2662
614-282-5794
626-405-2945
270-593-4959
614-775-0271
614-415-5210
614-775-1134
614-258-4630
626-791-5419
614-474-7000
614-474-4900
614-216-3633",,https://www.linkedin.com/in/david-kornberg,,https://twitter.com/davidk_exp,,,,,Angel Investor,Cold Case Ice Cream,,coldcaseicecream.com,https://www.coldcaseicecream.com,https://www.linkedin.com/company/cold-case-ice-cream,"New York, NY, US",New York,,NY,US,Cold Case Ice Cream,Angel Investor,2023-08-01,Present,100 Coaches Agency,Member - Iconic Leaders Group,2021-06-01,Present,Pillow Cube,Board Member,2020-10-01,Present,&Collar,Board Member,2020-10-01,Present,maurices,Chief Executive Officer,2021-02-01,2023-07-01,The University of Manchester,,,,Marks and Spencer Management Training Program,,,,"Merchandising,Retail,Leadership,Store Management,Management,Visual Merchandising,Cross-functional Team Leadership,Strategic Planning,Business Strategy,Business Development,Supply Chain Management,•	Public Company Board of Directors Leadership and Best Practices,Apparel,•	Digital and Omnichannel Retailing,Assortment,Fashion,Loss Prevention,Sales,Trend Analysis",,,,,1967,male,34,owner,C_suite,Jysbtcbtcbtc,,,,,
24012374,Ananth Ramanathan,Ananth,Ramanathan,Verified emails found,2025-09-04 22:58:22,ananthdotr@gmail.com,,ananthdotr@gmail.com,"ananthdotr@gmail.com,govil.surabhi@gmail.com,ananthramanathan@outlook.com,r_ant@hotmail.com,bottomlessmug@yahoo.com",,"aramanathan@mymynd.co.uk,ananth.ramanathan@mymynd.co.uk,ananthramanathan@mymynd.co.uk,ananth.ramanathan@techstars.com,aramanathan@greenparkrealty.com.au",8572162898,+44 7412 982692,"+44 7412 982692
44.7412982692
+44 7545 170639
732-572-0883",,https://www.linkedin.com/in/ananthramanathan,http://www.facebook.com/ananthramanathan,https://twitter.com/bottomlessmug,https://github.com/ananthramanathan,,,,Angel Investor,MyMynd,"London, England, GB",mymynd.co.uk,https://mymynd.co.uk,https://www.linkedin.com/company/mymynd,"Dubai, AE",Dubai,,,AE,MyMynd,Angel Investor,2021-09-01,Present,Greenpark Real Estate,Investor,2020-06-01,Present,Techstars,Mentor,2020-01-01,Present,Builder.ai,"VP Global, Studio Store and Marketplace",2020-08-01,2025-04-01,Revenue Collective,Member,2020-10-01,2022-10-01,University of Oxford - Said Business School,,,,New York University,,,,"Social Media,Leadership,Product Development,Product Management,Market Analysis,Entrepreneurship,Strategy Development,Project Management,Marketing Communications,Salesforce.com,Program Management,Sales,Business Strategy,Mobile Devices,New Business Development,CRM,Market Research,Digital Marketing,Marketing,Strategy,Strategic Partnerships,Strategic Planning,Sales Management,Marketing Strategy,Business Development,Start Ups,Customer Relationship Management Crm,Public Speaking,B2b,Cross Functional Team Leadership,Management,Growth Strategies,General Management,Revenue And Profit Growth,Digital Media,B2B Marketing,Monetization,Customer Relationship Management",,,,,1977,male,22,owner,C_suite,Jysbtcbtcbtc,,,,,
371065,Adnan Ebrahim,Adnan,Ebrahim,Verified emails found,2025-09-04 22:58:14,adnan278@gmail.com,aebrahim@startups.com,adnan278@gmail.com,adnan278@gmail.com,aebrahim@startups.com,"adnanebrahim@startups.com,adnan@startups.com",44.2033719311,+44 7912 604615,"44.1344841356
44.447912604615
442088168558
442033719311
+44 7912 604615
+44 1344 841356",,https://www.linkedin.com/in/adnanebrahim,http://www.facebook.com/1614990097,https://twitter.com/adnanebrahim,,https://crunchbase.com/person/adnan-ebrahim,http://www.angel.co/131617,,Angel Investor,Startups,,,,https://www.linkedin.com/company/startups-siliconvalley,United Kingdom,,,,UK,Startups,Angel Investor,2019-10-01,Present,MindLabs,Co-founder and CEO,2020-05-01,2025-04-01,Car Throttle,Founder and CEO,2009-01-01,2020-01-01,Vodafone,M and A,2010-06-01,2010-08-01,UCL Entrepreneurs,President,2008-11-01,2010-05-01,"University College London, U. of London",BSc Economics,,,Hampton School,A Levels,,,"Blogging,Photoshop,Internet Entrepreneur,Traffic Generation,Entrepreneurship,Social Media,Online Advertising,SEO,Social Media Marketing,Digital Marketing,Social Networking,Start-ups,Digital Media,Advertising,Business Strategy,Sales,Start Ups,Marketing,Financial Analysis,Product Development,Public Speaking,Project Management,Strategy,Strategic Planning",,,"CharityCheckout,University College London Alumni,On Startups - The Community For Entrepreneurs",,1990,male,19,owner,C_suite,Jysbtcbtcbtc,,,,,
2577405,Tim Van Der Bilt,Tim,Van Der Bilt,Verified emails found,2025-09-04 22:57:53,tim@revolutionad.com,tim@revolutionad.com,tim_vanderbilt@yahoo.com,"tim@revolutionad.com,tim_vanderbilt@yahoo.com",,,646264626,646264626,"310646264626
708-596-0752",,https://www.linkedin.com/in/timvanderbilt,,https://twitter.com/timvanderbilt,,,,,Co-Founder and investor,Revolution Ad,"London, England, GB",revolutionad.com,https://www.revolutionad.com,https://www.linkedin.com/company/revolution-ad,"Amsterdam, NH, NL",Amsterdam,,NH,NL,Revolution Ad,Co-Founder and investor,2025-01-01,Present,270 Degrees,Co-founder and Investor,2022-10-01,Present,Carpio,Investor and board member,2021-10-01,Present,Incubeta,MD Northern Europe,2023-07-01,2025-01-01,Incubeta Maze-One,Founder and CEO (Maze-One),2018-09-01,2023-06-01,Amsterdam University of Applied Sciences,,,,,,,,"Business Development,Online Advertising,Affiliate Marketing,Sales,Mobile Advertising,Management,Digital Media,Online Marketing,Digital Marketing,E-commerce,Advertising,Conversion Optimization,Start-ups,Leadership,PPC,Ad Networks,Lead Generation,Media Buying,B2B,Digital Strategy,Mobile Marketing,Display Advertising,SEM,Blockchain,Business Strategy,Networking,Project Management,Start Ups,E Commerce,Public Speaking,Sales Management,Strategic Planning",,,"dentsu AEGIS network,Dentsu Aegis Network Netherlands,Yahoo Employees and Alumni Group,Digital Dutch,MWG verbindt media,Dutch Media Professionals",,1986,male,25,owner,C_suite,Jysbtcbtcbtc,,,,,
1321375,Al Echamendi,Al,Echamendi,Verified emails found,2025-09-04 22:57:50,al_echamendi@yahoo.com,al.echamendi@hungryfriend.com,al_echamendi@yahoo.com,"al_echamendi@yahoo.com,al.echamendi@hungryfriend.com",,,415-806-0792,415-806-0792,"415-672-3755
408-349-6480
408-349-5615
408-349-2267
408-349-3300
310-315-1870
888-995-1998
+86 415 806 0792
408-349-6722
805-267-3200
415-356-4251
408-249-6480",,https://www.linkedin.com/in/echamendi,https://facebook.com/al.echamendi,https://twitter.com/al_echamendi,,https://crunchbase.com/person/al-echamendi,https://angel.co/al-echamendi,,Angel Investor and Advisor,Self Employed,"119 Kings Way, Satellite Beach, Florida 32937, US",,,https://www.linkedin.com/company/indpendent-contractor,"San Francisco, CA, US",San Francisco,,CA,US,Self Employed,Angel Investor and Advisor,2015-11-01,Present,HungryFriend,Consultant and Advisor,2023-10-01,Present,Hivemapper,Chief Revenue Officer,2024-01-01,2024-06-01,U.S. Bank,SVP Business Development and Business Operations,2019-09-01,2021-09-01,talech,Head of Business Development and Business Operations,2015-09-01,2019-09-01,UCLA Anderson School of Management,,,,UCLA,,,,"Leadership,Product Marketing,E Commerce,Strategic Partnerships,Partner Management,Online Marketing,Digital Strategy,Sales,Search Engine Marketing Sem,Start Ups,Software As A Service Saas,Digital Media,Business Development,Business Analysis,Negotiation,Digital Marketing,Ad Networks,Strategic Planning,Strategy,Mobile Applications,Business Planning,Online Advertising,Microsoft Excel,Monetization,Product Management,Go To Market Strategy,Customer Service,SEM,SaaS,Business Strategy,Analytics,Mobile Devices,Mergers and Acquisitions,Software as a Service,Search Engine Marketing",,,,,1970,male,23,owner,C_suite,Jysbtcbtcbtc,,,,,
5148270,Carrie Cowan,Carrie,Cowan,Verified emails found,2025-09-04 22:57:38,carrie.cowan@gmail.com,carrie.cowan@gartner.com,carrie.cowan@gmail.com,"carrie.cowan@gmail.com,carrie.cowan@outlook.com",carrie.cowan@gartner.com,carrie@gartner.com,3106251923,3106251923,"5037899995
650-376-3607
512-940-2842
650-627-9324
253-224-4011
5122816231
2538825189
2534736588
2533026806
3174085188
9494614957
4078959537",,https://www.linkedin.com/in/carriecowan,https://facebook.com/carrie.cowan2,https://twitter.com/carrieco,,,https://angel.co/carrie-cowan,https://quora.com/carrie-cowan,Angel Investor,The Council,"San Francisco, California 94114, US",thecouncil.co,http://www.thecouncil.co,https://www.linkedin.com/company/the-council-angels,"Portland, Oregon, United States",Portland,,OR,US,The Council,Angel Investor,2024-07-01,Present,Gartner,"Sr. Director, Advisory - Gartner for Tech and Product Marketers",2018-01-01,Present,Magellan GPS,Marketing Director,2016-10-01,2017-12-01,"Toshiba America Information Systems, Inc.","Group Manager, Product Marketing - Digital Products Division",2008-09-01,2016-04-01,Checkpoint Studios Inc.,Co-Founder and Vice President,2010-10-01,2012-10-01,"California State Polytechic University, Pomona",B.S.,,,,,,,"Video Games,Product Marketing,Mobile Devices,Strategy,Product Launch,Digital Media,Marketing Strategy,Go-to-market Strategy,Cross-functional Team Leadership,Product Management,Management,Product Development,Marketing,New Business Development,User Experience,Strategic Partnerships,Sales,Public Relations,Program Management,Start-ups,Competitive Analysis,Market Planning,Marketing Communications,Demand Generation,Strategic Planning,Multi-channel Marketing,Media Relations,Digital Marketing,Integrated Marketing,E-commerce,Marketing Management,Messaging,Business Development,Mobile Applications,Online Advertising,Digital Strategy,Social Media Marketing,Content Strategy,E Commerce,Social Media,Cross Functional Team,Brand Development,Consumer Electronics,Start Ups,GTM,Microsoft Excel,Cross Functional Team Leadership,Go To Market Strategy,Multi Channel Marketing,Solver,Pivotal,Mentoring,System Monitoring,Business Alignment,Design,Mobile Games,Budgets,Distribution,Demos,Market,Benchmarking,Profit,Training,Consideration,Selling,Marketing Effectiveness,Dashboard,Sales Enablement,Increasing Brand Awareness,Checkpoint,Margin Improvement,Product Spokesperson,Sequence,User Research,Social Games,Windows Vista,Stereoscopic,Judgement,Units,Verizon,Project Planning,Consumer,Google,Quantitative Research,Content Marketing,Media,Temporary Placement,Samsung,Voice,Feature Prioritization,Sprint,Strategic Business Initiatives,Merchandising,Detail,Customer Satisfaction,Adoption,Promo,Social Influence,Wash,Sound,Aptitude,End to End,Microsoft,Electronics,Multi Product,Platforms,Product Strategy,Video,Data Analysis,Windows,Key Performance Indicators,Channel,High End,Differentiation,ARM,PC Games,Financial Forecasting,Love,Getting the Job Done,Media Appearances,Developer Relations,Project Management,Product Naming,Epic Systems,Investments,Big Picture,Software,Interest Rates,Bridge,P&l,Sold,Ecosystem,T Mobile,Audience,NFL,Public Speaking,Creative Strategy,Microsoft Publisher,Pricing,Responsibility,Data Collection,Presentations,American,Accounting,Branding,Shares,Landscaping,Roadmap,Toshiba,Evangelism,Console,At&t,Portfolio,PC,Marketing Professional,App Store,Primetime,Presenter,Image Capture,Olympic,Conceived,Business Strategy,Mergers and Acquisitions,Curiosity,Publishing,Pen,Sales Performance,iPhone,McAfee,LinkedIn,Intel,Commercials,Retail,Concept to Launch,Tablets,Execution,Apple,Android,Storytelling,Unreal Engine 3,Project Portfolio Management,Showcase,Positioning,Business Planning,Brand Equity,Entertainment,San Francisco,Keynote,Engineering,Props,Interfaces,Sports,Featured,Advertising Agency,Broadcast,Trade Show Graphics,Concept Generation,Graphics,Assortment,Product Lifecycle Management,Partnerships,Packaging,Affiliate Marketing,Entrepreneurship,Portfolio Development,Customer Journey Mapping,Xbox,Nuts,Art,Laptops",,,"Mobile Social Network,Game Developers,[a]list daily Group– The Insiders’ Source for Video Game and Entertainment Marketing News,Google Universe : Jobs, Tools, Trends and Galaxies of Ideas,eMarketing Association Network,Mary-Margaret Network,MobileMonday,Digital LA,Small Business Accelerator,World Gaming Executives: Video Games and Gaming Group,Casual Games,Mobilists (Innovators in mobile industry),Girls in Tech - Global,Android Invasion : Resistance Is Futile",,1971,female,25,owner,C_suite,Jysbtcbtcbtc,,,,,
699683,Omer Suner,Omer,Suner,Verified emails found,2025-09-04 22:57:17,omersuner@gmail.com,omer.suner@tetogames.com,omersuner@gmail.com,"omersuner@gmail.com,omer.suner@tetogames.com",,,201-229-4000,+90 549 790 64 06,"+90 549 790 64 06
+90 530 443 62 26
+90 533 927 23 06
+90 212 336 54 00
90.5321772525
90.5497906406
973-601-6001
+90 212 288 56 57
+90 212 467 05 26
+90 532 177 25 25
+90 532 698 37 82
+90 533 977 23 06
+90 212 336 54 14",,https://www.linkedin.com/in/omersuner,http://www.facebook.com/omersuner,https://twitter.com/omersuner,,,https://angel.co/omer-suner,,Angel Investor,Qube Agency,"Istanbul, Istanbul, TR",qubeagency.ai,https://qubeagency.ai/,https://www.linkedin.com/company/qube-agency,"Istanbul, Turkey",,34188,,TR,Qube Agency,Angel Investor,2025-04-01,Present,Kuik,Advisory Board Member,2025-02-01,Present,TETO Games,Angel Investor,2023-09-01,Present,egiri?im,Angel Investor,2022-03-01,Present,Wordego,Angel Investor,2025-03-01,Present,Stanford University Graduate School of Business,,,,Yeditepe University,MBA,,,"Board of Directors,Startups,FinTech,Start-ups,Entrepreneurship,Angel Investing,scale up,Leadership,Growth Hacking,Acquiring,issuing,Superapp,Digital Marketing,Mobile Devices,Marketing Management,Strategy,Mobile Marketing,Social Media Marketing,Competitive Analysis,Marketing Strategy,Product Management,Marketing,Mobile Applications,E-commerce,Digital Strategy,Advertising,Management,New Business Development,Blockchain,Cryptocurrency,Product Marketing,Online Advertising,Multi-channel Marketing,Online Marketing,Digital Media,Marketing Communications,Web Analytics,Integrated Marketing,SEM,Business Development,SEO,Market Research,B2B,Content Strategy,CRM,Google Adwords,Social Media,Marketing Research,Media Planning,Brand Development,New Media,Brand Management,PPC,Analytics,Email Marketing,Market Planning,Google Analytics,B2B Marketing,Interactive Marketing,Direct Marketing,Cross-functional Team Leadership,Strategic Partnerships,Campaign Management,Cross Functional Team Leadership,Public Speaking,Start Ups,E Commerce,Business Analysis,Business Strategy,Microsoft Office,Multi Channel Marketing",,,Banking & Insurance Professionals Europe | European FinTech Awards,,1976,male,9,owner,C_suite,Jysbtcbtcbtc,,,,,
2831188,Shripad Nadkarni,Shripad,Nadkarni,Verified emails found,2025-09-04 22:57:15,shripad_nadkarni@yahoo.com,,shripad_nadkarni@yahoo.com,shripad_nadkarni@yahoo.com,,"shripad.nadkarni@hokeypokey.in,shripad_nadkarni@hokeypokey.in",+91 98330 03333,+91 98330 03333,"+91 22 2492 6635
+91 22 2492 6634
+91 22 2422 1401",,https://www.linkedin.com/in/shripad-nadkarni-b2a73815,https://facebook.com/shripad.nadkarni,,,,,,Angel Investor and Board Member,Hector Beverages,"330 Finchley Castle Outer Circle Dodsworth Layout Whitefield, Epip, Karnataka 560066, IN",paperboatdrinks.com,http://www.paperboatdrinks.com,https://www.linkedin.com/company/hector-beverages-pvt-ltd,"Mumbai, MH, IN",Mumbai,,MH,IN,Hector Beverages,Angel Investor and Board Member,2024-01-01,Present,epigamia,Angel Investor and Board Observer,2014-04-01,Present,Maverix Platforms Pvt. Ltd.,Founder Director,2016-03-01,2023-01-01,MarketGate Consulting,Director,2005-02-01,2016-02-01,The Coca-Cola Company,Vice President - Marketing and Head - New Beverages,2000-01-01,2005-01-01,Indian Institute of Management Bangalore,,,,"Institute of Chemical Technology (ICT), Mumbai (formerly UDCT)",,,,"Analytics,Brand Architecture,Brand Equity,Brand Management,Business Development,Business Planning,Business Process Improvement,Business Strategy,CRM,Competitive Analysis,Consulting,Consumer Behaviour,Customer Insight,Digital Marketing,FMCG,Integrated Marketing,Management,Management Consulting,Market Analysis,Market Entry,Market Intelligence,Market Research,Marketing,Marketing Communications,Marketing Management,Marketing Strategy,New Business Development,Operations Management,P,Product Development,Product Management,Project Planning,Retail,Sales Operations,Segmentation,Start-ups,Strategic Planning,Strategy,Team Management,Strategic Business,Customer Service,Start Ups,Public Speaking,Social Media,Project Management,Research,Microsoft Word",,,,,1963,male,38,owner,C_suite,Jysbtcbtcbtc,,,,,
74614465,Niraj Kumar,Niraj,Kumar,Verified emails found,2025-09-04 22:57:03,nirajcpu@yahoo.com,,nirajcpu@yahoo.com,nirajcpu@yahoo.com,,,9085263955,,5034546933,,https://www.linkedin.com/in/nirajkum,,https://twitter.com/knowniraj,,,,,CTO | Angel Investor,Balance360,,,,,"New York, NY, US",New York,,NY,US,Balance360,CTO | Angel Investor,2024-07-01,Present,Amazon Web Services (AWS),Principal Solutions Architect,2022-07-01,2024-07-01,Amazon Web Services (AWS),Principal Technical Account Manager — Enterprise Account Engineer,2020-12-01,2022-07-01,Verisk,DevSecOps Architect,2019-12-01,2020-05-01,EY,Enterprise Cloud Architect,2014-07-01,2019-10-01,ICFAI,,,,Indira Gandhi National Open University,B.C.A.,,,"Artificial Intelligence (AI),Data Analytics,Leadership,Digital Transformation,Customer Relationship Management (CRM),Identity & Access Management (IAM),Networking,Team Management,Virtualization,Cloud Computing,Active Directory,Solution Architecture,Windows Server,ITIL,Microsoft Technologies,Microsoft Products,Hyper-V,Disaster Recovery,Service Delivery,Data Center,IT Service Management,Microsoft SQL Server,Management,Infrastructure,Enterprise Architecture,IT Strategy,CCNA,Training,SQL,Pre-sales,Microsoft Exchange,Powershell,Technical Support,LDAP,Requirements Analysis,SQL Azure,Office 365,SCOM,Microsoft Azure,Amazon Web Services (AWS),OpenStack,Hybrid Cloud,azure,hybrid cloud solutions,Database design",,,,,1982,male,22,cxo,,Jysbtcbtcbtc,,,,,
32245745,Max Gever Rivera,Max,Rivera,Verified emails found,2025-09-04 22:56:49,maxdrl19@gmail.com,,maxdrl19@gmail.com,maxdrl19@gmail.com,,max@variousstartups.com,954-682-5752,954-682-5752,"+504 9945-0937
917-207-9074
432-634-8482
+504 9990-0029
512-255-7906
412-207-1448
412-206-1448
9174157989
814-232-0415
970-888-2451",,https://www.linkedin.com/in/maxrv,http://www.facebook.com/maxdrl,https://twitter.com/maxr_v,,,,,Angel Investor,Various Startups,,,,https://www.linkedin.com/company/various-startups1,"New York, NY, US",New York,,NY,US,Various Startups,Angel Investor,2019-01-01,Present,Aryel,Board,2023-12-31,Present,Snap Inc.,"Global Agency Partnerships, BD and Strategy",2022-09-30,2025-05-31,Snap Inc.,"Head of Channel Partnerships, EMEA",2020-02-29,2022-09-30,Snap Inc.,Head of Channel Partnerships and Revenue - Latin America and Europe,2018-01-31,2020-02-29,Emerson College,Master of Arts (MA),,,Mercyhurst University,Bachelor's Degree,,,"Business Strategy,Leadership,Business Development,Strategy,Start-ups,Digital Strategy,Graphic Design,User Experience,Web Design,Social Media Marketing,Public Relations,Email Marketing,SEO,Online Advertising,Marketing Management,Brand Strategy,Advertising,Digital Marketing,Social Media,Blogging,Creative Direction,Change Management,Strategic Planning,Banking,SDLC,Music Marketing,Soundscan,YouTube,Start Ups,Photoshop,Mobile Marketing,Google Adwords,Adobe Photoshop,HTML,Facebook,Marketing,Social Networking,Google Analytics,SEM,CSS,Management,Project Management,Brand Management,Adobe Creative Suite,Nielsen Soundscan,CRM",,,,,1988,male,12,owner,C_suite,Jysbtcbtcbtc,,,,,
1960189,Robyn Buecker,Robyn,Buecker,Verified emails found,2025-09-04 22:56:35,robynvantol@yahoo.com,,robynvantol@yahoo.com,robynvantol@yahoo.com,,,310-309-0538,310-309-0538,,,https://www.linkedin.com/in/robynvantol,https://facebook.com/robynvantol,https://twitter.com/robynbuecker,,,,http://www.quora.com/robyn-vantol,Angel Investor,Various Companies,"One Sound Shore Dr., Greenwich, Connecticut 06830, US",tgleaders.com,http://www.tgleaders.com,https://www.linkedin.com/company/various-boards,"Santa Monica, CA, US",Santa Monica,,CA,US,Various Companies,Angel Investor,2020-02-01,Present,Pipeline Angels,Member,2019-09-01,Present,VNYL,COO,2018-04-01,2019-01-01,VNYL,Consultant,2017-09-01,2018-04-01,Discovery Communications,Consultant: Partnerships and Strategy for the Emerging Platforms (VR and AR) team,2016-12-01,2017-08-01,University of Michigan,BA,,,,,,,"Start-ups,Monetization,Scalability,Social Networking,Program Management,Advertising,User Experience,Product Management,Mobile Devices,Mobile Applications,Strategic Partnerships,Product Marketing,Online Advertising,Leadership,Digital Strategy,Account Management,Start Ups,Photoshop,Digital Media,Sales Operations,Branded Entertainment,Digital Marketing,Strategy,Video,Operations,New Media,Operations Management,Product Strategy,Customer Service,Dependable Team Player,Product Development,Project Management,Public Relations,Research,Problem Solving,Analytics,Awesomeness,Social Media",,,"Yahoo Employees and Alumni Group,Branded Entertainment Group,Yahoo Alums",,1972,female,22,owner,C_suite,Jysbtcbtcbtc,,,,,
47981411,Han Hua,Han,Hua,Verified emails found,2025-09-04 22:56:28,chinesecold@gmail.com,,chinesecold@gmail.com,"chinesecold@gmail.com,hhua.dev@gmail.com,chinesecold@hotmail.com",,"han.hua@zenosemi.com,han@zenosemi.com",412-692-0536,412-692-0536,,,https://www.linkedin.com/in/han-hua,https://facebook.com/hhua.alan,https://twitter.com/chinesecold,https://github.com/chinesecold,,,,Angel Investor,Stealth,"830 Stewart Dr, Sunnyvale, California 94085, US",zenosemi.com,http://www.zenosemi.com,https://www.linkedin.com/company/startup_5,"Sunnyvale, CA, US",Sunnyvale,,CA,US,Stealth,Angel Investor,2019-01-01,Present,GV,Principal,2022-05-01,2025-04-01,Google,Engineer and PM,2017-06-01,2022-05-01,PlanB Ventures,General Partner,2021-01-01,2022-04-01,Stealth,Co-Founder,2016-01-01,2017-01-01,Carnegie Mellon University,,,,Fudan University,,,,"Java,Python,Ruby,JavaScript,Ruby on Rails,Go,Node.js,Docker,ElasticSearch,Android,Swift,iOS,Objective-C,C,C++,Distributed Systems,High Availability Architecture,Search Engine Optimization (SEO),Amazon Web Services (AWS),Nginx,MongoDB,NoSQL,Redis,Memcached,Bitcoin,Cryptocurrency,Block Chain,Development,Objective C,Android NDK,Android Manifest,Software,Proxy,Android Layout,APIs,API,Microsoft Excel,Search Engine Optimization Seo,SQL,Coupons,Project Management,Computer Science,Software Development,Android Emulator,Amazon Web Services Aws",,,,,1990,female,13,owner,C_suite,Jysbtcbtcbtc,,,,,
11803739,Ofer Eitan,Ofer,Eitan,Verified emails found,2025-09-04 22:56:15,ofereitan@gmail.com,,ofereitan@gmail.com,,ofereitan@gmail.com,"ofer@jooba.ai,ofer.eitan@jooba.ai,oeitan@jooba.ai,ofereitan@jooba.ai",972.528840615,,972722200555,,https://www.linkedin.com/in/ofer-eitan-01aa683,http://www.facebook.com/ofer.eitan.7,,,,,,Chairman and Angel Investor,Jooba AI,IL,jooba.ai,https://www.jooba.ai,https://www.linkedin.com/company/jooba-ai,Israel,,,,IL,Jooba AI,Chairman and Angel Investor,2024-11-01,Present,PUSHIT,Advisory Board and Angel Investor,2024-04-01,Present,eSelf.ai,Advisory Board and Angel Investor,2023-06-01,Present,LIGHTYX,Advisory Board and Angel Investor,2023-05-01,Present,Zoomd Technologies (TSXV:ZOMD) (OTC: ZMDTF),Co-Founder and Board Member,2017-10-01,2025-05-01,Reichman University,,,,,,,,"Mobile Devices,Leadership,Mobile Technology,Entrepreneurship,Mobile Applications,Sales,Cloud Computing,Ad Networks,Strategic Partnerships,Enterprise Software,Mobile Marketing,SaaS,Product Marketing,Product Management,System Architecture,New Business Development,Online Advertising,Mobile Advertising,Start-ups,Strategy,E-commerce,Digital Marketing,SEO,Social Media Marketing,Start Ups,E Commerce,Change Management,Microsoft Office",,,"Mobile Business & Consumer Group,Mobile Marketing & Advertising",,1978,male,24,individual contributor,,Jysbtcbtcbtc,,,,,
1552988,Utku Can,Utku,Can,Verified emails found,2025-09-04 22:55:33,utkucan@gmail.com,utku.can@tiny.vc,utkucan@gmail.com,"utkucan@gmail.com,utku.can@tiny.vc",,,447957153333,447957153333,,,https://www.linkedin.com/in/utkucan,https://facebook.com/utkucan,https://twitter.com/utku,https://github.com/utku,,https://angel.co/utkucan,https://quora.com/utku-can,Designer and Angel Investor,Tiny Supercomputer Investment Company,UK,tiny.vc,http://tiny.vc,https://www.linkedin.com/company/tinyvc,United Kingdom,,,,UK,Tiny Supercomputer Investment Company,Designer and Angel Investor,2023-01-01,Present,Farewill,Chief Product Officer,2021-01-01,2022-06-01,siberia,Partner,2016-01-01,2018-01-01,MOO,Head of Product,2014-01-01,2016-01-01,Mint Digital,Director,2008-01-01,2014-01-01,,,,,,,,,"User Experience,User Interface Design,Interaction Design,Digital Strategy,Web Design,Creative Direction,Mobile Applications,Digital Media,Content Strategy,Creative Strategy,Digital Marketing,Information Architecture,Experience Design,User Experience Design,E-commerce,Change Management,Strategy,Advertising,E Commerce,Project Management,Marketing",,,,,1986,male,14,individual contributor,,Jysbtcbtcbtc,,,,,
860568,Rufo de la Rosa,Rufo,de la Rosa,Verified emails found,2025-09-04 22:16:11,rufodelarosa@4founderscapital.com,rufodelarosa@4founderscapital.com,rufodelarosa@gmail.com,"rufodelarosa@4founderscapital.com,rufodelarosa@gmail.com,rdelarosa1982@gmail.com",,,34686073576,,,,https://www.linkedin.com/in/rufodelarosa,https://facebook.com/891535276,https://twitter.com/rufodelarosa,,,,,Venture Capitalist,4Founders Capital,"Avenida Diagonal, 405 Bis, Floor 7, Barcelona, Catalonia 08008, ES",4founderscapital.com,http://www.4founderscapital.com/,https://www.linkedin.com/company/4founders-capital,"Tinajo, CN, ES",Tinajo,35560,CN,ES,4Founders Capital,Venture Capitalist,2022-02-01,Present,IE Business School,Professor,2024-02-01,Present,Google,Strategic Partnerships Development - Google for Startups,2015-03-01,2022-05-01,Google,"Campus Tokyo, Google for Startups",2019-09-01,2020-01-01,Google,"Program Manager, Developer Relations Southeast Asia",2019-05-01,2020-01-01,Hong Kong University of Science and Technology - School of Business and Management,Master,,,Harvard University,Workshop in Global Leadership,,,"Management,Digital Marketing,Strategy,Consulting,Google Analytics,Creativity Skills,Negotiation,Start Ups,Leadership,Public Speaking,Project Management,Online Advertising,Drink Beer,Market Research,Business Development,Social Media,Google Adwords,Business Analysis,Marketing Strategy,Entrepreneurship,Business Strategy,Research",,,,,1982,male,17,individual contributor,Finance,Jysbtcbtcbtc,,,,,
2752656,Michelle Wang,Michelle,Wang,Verified emails found,2025-09-04 22:16:04,michellewang06@gmail.com,,michellewang06@gmail.com,"michellewang06@gmail.com,michelle.qq.wang@gmail.com,michellewang8754@gmail.com",,"michelle.wang@payoneer.com,michellewa@payoneer.com,wangm@payoneer.com,mwang@payoneer.com,michellew@payoneer.com,michellewang@payoneer.com,michelle_wang@payoneer.com,michelle@payoneer.com,wang@payoneer.com",6462699264,727-543-9592,"727-543-9592
7275108386
9172085500
2129790243",,https://www.linkedin.com/in/michelleqqwang,http://www.facebook.com/michelle.qq.wang,http://www.twitter.com/MichelleQQWang,,,,,Vice President of Investor Relations,Payoneer,"195 Broadway 27th floor, New York, New York 10007, US",payoneer.com,http://www.payoneer.com,https://www.linkedin.com/company/payoneer,"New York, NY, US",New York,,NY,US,Payoneer,Vice President of Investor Relations,2022-06-01,Present,BlackRock,Director,2021-01-01,2022-06-01,BlackRock,Vice President,2018-01-01,2020-12-01,BlackRock,Associate,2015-01-01,2017-12-01,Credit Suisse,Analyst,2012-07-01,2013-11-01,Columbia University in the City of New York,BA,,,,,,,"Investment Banking,Valuation,Mergers,Investor Relations,Financial Modeling,Bloomberg,Investments,Spring,JSF,JavaScript,Fixed Income,Corporate Finance,Mergers,Structured Products,Structured Finance,Capital Markets,Derivatives,Finance,Financial Services,Equities,Interest Rate Derivatives,Rates,Risk Management,Interest Rates,Fig,Currency,Services,Hedge Funds,Financial Structuring,Credit Derivatives,Financial Analysis",,,,,1979,female,11,vp,Finance,Jysbtcbtcbtc,,,,,
20876079,Karel de Beule,Karel,de Beule,Verified emails found,2025-09-04 22:15:55,puto_guiri@hotmail.com,karel@playcom.com,puto_guiri@hotmail.com,"puto_guiri@hotmail.com,karel@playcom.com,karelkimia@gmail.com","karelbeule@gmail.com,kabukoo@gmail.com",,+34 670 56 46 87,+34 670 56 46 87,"+34 654 54 21 08
+34 912 91 99 39",,https://www.linkedin.com/in/kbeule,http://www.facebook.com/karel.beule,,,,,,Founder · Investor,PlayCom,ES,playcom.com,http://playcom.com,https://www.linkedin.com/company/weareplaycom,"Madrid, ES",Madrid,,,ES,PlayCom,Founder · Investor,2015-11-01,Present,Oktaaf,Founder Investor,2020-04-01,Present,Ka & St,Investor,2018-06-01,Present,Book & Ear Ventures Sl,Investor,2018-01-01,Present,Kimia Group,Founder,2006-07-01,2017-02-01,Universidad Pontificia Comillas,,,,Ghent University,,,,"Start-ups,Entrepreneurship,Strategy,Product Development,Business Development,Mobile Devices,Mobile Internet,Mobile Marketing,Telecommunications,Mobile Applications,E-commerce,Mobile Advertising,Management,Mobile Technology,Internet,Mobile Commerce,Strategic Partnerships,Mobile Content,VAS,Product Management,Online Advertising,Digital Marketing,SEO,Mobile,CRM,Business Strategy,Digital Strategy,Mobile Strategy,Affiliate Marketing,Entrepreneur,Marketing,Monetization,Mobile Games,SEM,Mobile Payments,Product Marketing,Analytics,Business Modeling,Mobile Communications,Mobile Entertainment,Internet Strategy,Location Based Services,Web Analytics,Go-to-market Strategy,Solutions Marketing,Google Analytics,PPC,Web 2.0,WAP,SMS,Microsoft Office,Microsoft Excel,Microsoft PowerPoint,E Commerce,Start Ups,Go to Market Strategy,Liderazgo de equipos",,,,,1967,male,26,owner,,Jysbtcbtcbtc,,,,,
65925451,Jay Smith,Jay,Smith,Verified emails found,2025-09-04 22:15:50,jaynemesis@gmail.com,jaysm@etoro.com,jaynemesis@gmail.com,jaynemesis@gmail.com,jaysm@etoro.com,jaysmith@etoro.com,447521280067,447521280067,,,https://www.linkedin.com/in/jaynemesis,https://facebook.com/680435332,https://twitter.com/jaynemesis,,,https://angel.co/jaynemesis,,eToro Popular Investor,eToro,UK,etoro.tw,https://etoro.tw/3jkRokm,https://www.linkedin.com/company/etoro,"Basingstoke, GB",Basingstoke,,,UK,eToro,eToro Popular Investor,2016-08-01,Present,Scorado,Founder and CEO,2022-04-01,2024-09-01,GAME Digital PLC,Esports Platform Manager,2017-04-01,2017-07-01,Multiplay,Esports Manager,2016-12-01,2017-04-01,BinaryBeast,"Founder, Sales and Marketing, Event Manager",2008-02-01,2017-01-01,Mid Kent College,BTEC National Diploma for IT professionals,,,,,,,"Video Games,eSports,Tournaments,Bitcoin,Event Logistics,Event Management,Logistics Management,Stock Management,Cryptocurrency,Community Management,Process Management,Social Media Marketing,Business Development,Online Gaming,Asset Management,Sponsorship,Social Networking,Social Media,Content Management,Blockchain,Online Advertising,Digital Marketing,Online Marketing,New Media,Digital Media,Marketing Communications,Marketing,Publicity,PC Games,Stock Trading,Public Relations,Facebook,Manual Handling,Google Drive,Microsoft Office,Windows Phone,Management,Strategy,Event Planning,Equipment Maintenance",,,,,1988,male,18,individual contributor,Finance,Jysbtcbtcbtc,,,,,
13462470,Amandio Sena,Amandio,Sena,Verified emails found,2025-09-04 22:15:44,amandio@gmail.com,,amandio@gmail.com,"amandio@gmail.com,amandiosena@yahoo.com.br",,,9175453784,9175453784,"1.9175453784
9738680744",,https://www.linkedin.com/in/amandiosena,https://facebook.com/amandio.sena,,,,,,Angel Investor,Urca Angels,BR,urcaangels.com,http://www.urcaangels.com,https://www.linkedin.com/company/urcaangels,"Boston, MA, US",Boston,,MA,US,Urca Angels,Angel Investor,2020-01-01,Present,Community Credit Union,"Managing Director, Products and Operations: Product Management, Pricing, Financial Modeling",2023-11-01,2024-09-01,Rappi,"Chief Operating Officer RappiPay, Digital Bank: Product Management, Operations, Analytics, Risks",2020-01-01,2023-11-01,IMMI FS,"President and Managing Director: Product Lifecycle, Project Delivery, Customer Lifecycle, P and L Manager",2015-05-01,2020-01-01,"Santander Bank, N.A.","Director of Consumer Segments, SVP: Strategy, Program and Product Management, Customer Lifecycle",2010-06-01,2015-05-01,New York University - Leonard N. Stern School of Business,,,,Instituto Militar de Engenharia,,,,"Financial Modeling,Business Strategy,Financial Analysis,Strategy,Management Consulting,Innovation Development,Customer Segmentation Strategy,Business Case Development,Customer Value Proposition,Customer Lifecycle Management,Customer Journey Mapping,Product Launch,Product Management,Analysis,Portfolio Management,Risk Management,Corporate Finance,Investment Banking,Fixed Income,Valuation,Capital Markets,Start-ups,Management,Strategic Planning,Banking,Consulting,Financial Services,Finance,Mergers & Acquisitions,Business Analysis,Business Planning,Project Management,Marketing Strategy,Segmentation,Analytics,Investments,Business Development,Due Diligence,Start Ups,Mergers and Acquisitions,Leadership,IT Strategy,Product Marketing,Customer Relationship Management Crm,Strategic Partnerships,Digital Strategy,Software As A Service Saas,Communication,Data Analytics,Agile Methodologies,Team Leadership,Entrepreneurship,Program Management,Marketing,Cross Functional Team Leadership,Business Intelligence,Multi Cultural Team Leadership,Business Process Improvement,Customer Journeys,Product Development,Customer Relationship Management,Software as a Service",,,"Latin American Business Association - NYU Stern,MBA Alumni Brasil,NYU Stern School of Business Alumni (Official),NYU Alumni Association",,1980,male,21,owner,C_suite,Jysbtcbtcbtc,,,,,
2283666,Craig Brenner,Craig,Brenner,Verified emails found,2025-09-04 22:15:41,craig.brenner@hotmail.com,craig.brenner@techstars.com,craig.brenner@hotmail.com,"craig.brenner@hotmail.com,kathy.brenner@live.com",craig.brenner@techstars.com,,4253928579,4257653010,"4257653010
3608338196",,https://www.linkedin.com/in/craigbrenner,https://facebook.com/csbrenner,https://twitter.com/craigbrenner,,,https://angel.co/craig-brenner,,Angel Investor,SIA - Startup Investor Accelerator,"Barcelona, Catalonia, ES",startupinvestoraccelerator.com,https://taac.startupinvestoraccelerator.com/,https://www.linkedin.com/company/startup-investor-accelerator,"Kirkland, WA, US",Kirkland,98034,WA,US,SIA - Startup Investor Accelerator,Angel Investor,2025-03-01,Present,Self Employed,Startup Advisor and Angel Investor,2023-01-01,Present,Techstars,Startup Mentor and Advisor,2010-01-01,Present,Amazon,Alexa Startups Global Business Development,2022-01-01,2023-01-01,Amazon,AWS Global Business Development - Strategic Startups,2018-01-01,2022-01-01,University of Massachusetts Amherst,Bachelor of Science (B.S.),,,,,,,"Leadership,Product Marketing,Development,E Commerce,Mobile,Consulting,Social Media,Strategic Partnerships,Business Model Development,Lean Startups,Public Speaking,Cross Functional Team,Executive Management,Retail,User Experience,Startup Management,Product Planning,Mobile Payments,Start Ups,Financial Modeling,Managing Start Ups,Predictive Analytics,Digital Media,Business Development,Telecommunications,Alliances,Negotiation,Competitive Analysis,General Aviation,Strategic Planning,Strategy,Telepresence,Entrepreneurship,Startup Founder,Marketing,Product Strategy,New Business Development,Big Data,Cross Functional Team Leadership,Product Management,Go To Market Strategy,Private Piloting,Enterprise Software,Search,Business Strategy,SaaS,Management,Product Development,Product Launch,Intellectual Property,Strategic Alliances,Wireless,Analytics,Mobile Devices,Venture Capital,Retail Technology,Marketing Strategy,Cloud Computing,User Experience Design,Business Modeling,Joint Ventures,Retail Marketing,Mobile Technology,Venture Fundraising,Sales,Startups,Microsoft Excel,Blockchain",,,,,1961,male,17,owner,C_suite,Jysbtcbtcbtc,,,,,
243537808,Ashlie Burkart,Ashlie,Burkart,Verified emails found,2025-09-04 22:15:27,ashlie@germin8ventures.com,ashlie@germin8ventures.com,ashlieburkart@gmail.com,ashlie@germin8ventures.com,ashlieburkart@gmail.com,,,,,,https://www.linkedin.com/in/ashlie-l-burkart-md-cm-91a020b9,,,,,,,Chief Scientific Officer | Venture Capitalist,Germin8 Ventures,"Chicago, Illinois, US",germin8ventures.com,http://www.germin8ventures.com,https://www.linkedin.com/company/germin8-ventures,"Philadelphia, PA, US",Philadelphia,,PA,US,Germin8 Ventures,Chief Scientific Officer | Venture Capitalist,2020-12-01,Present,Kanvas Biosciences,Board Observer,2024-03-01,Present,Harvard's Belfer Center,"Associate, Environment and Natural Resources Program",2022-07-01,Present,Harvard's Belfer Center,"Technology and Public Purpose Fellow, Harvard Kennedy School’s Belfer Center",2021-07-01,2022-06-01,SHARPE-STRUMIA RESEARCH FOUNDATION,Independent Grant Funded Researcher,2020-04-01,Present,University of Pennsylvania School of Medicine,"Fellowship, GI/Liver Pathlogy",,,The Johns Hopkins University School of Medicine,Residency in Anatomic and Clincial Pathology (AP/CP),,,"Board Governance,Climate smart agriculture,Regenerative Agriculture,Surgical Pathology,Research,Teaching,Immunohistochemistry,Microscopy,Lecturing,Public Speaking,Gastrointestinal Pathology,Histology,Liver Pathology,Anatomic Pathology,Digital Microscopy,Spatial Transcriptomics,QuPath,ImageJ",,,,,1975,female,16,individual contributor,,Jysbtcbtcbtc,,,,,
670569,Howard Pakosh,Howard,Pakosh,Verified emails found,2025-09-04 22:15:21,howard@tekstart.com,howard@tekstart.com,hpakosh@msn.com,"howard@tekstart.com,hpakosh@msn.com,howard.pakosh@pierasystems.com",howard@lowpowerfutures.com,hpakosh@lowpowerfutures.com,6504619195,1.310.210.2147,1.310.210.2147,(650) 461-9195,https://www.linkedin.com/in/pakosh,http://www.facebook.com/BigHow,https://twitter.com/chipstart_ip,,,https://angel.co/howard-pakosh,,"Founder, CEO and Angel Investor",TekStart,"4145 N. Service Rd., Suite 200, Burlington, Ontario L7L 6A3, CA",tekstart.com,https://www.tekstart.com,https://www.linkedin.com/company/tekstart-llc,"Oakville, ON, CA",Oakville,,ON,CA,TekStart,"Founder, CEO and Angel Investor",1998-11-01,Present,Piera Systems Inc.,Sales and Business Development,2019-12-01,Present,Low Power Futures,Chief Business Officer,2022-12-01,Present,Innovation Factory Hamilton,Mentor and Investor and Business Coach,2019-02-01,Present,StarIC,Sales and Business Development,2021-01-01,2025-03-01,George Brown College,BSEE,,,Weston Collegiate Institute,,,,"EDA,Negotiation,Semiconductors,Product Marketing,ASIC,IP,Semiconductor IP,Competitive Analysis,Mixed Signal,IC,Selling,Strategy,SoC,Account Management,Start-ups,Semiconductor Industry,Analog,Wireless,Digital Signal Processors,Product Management,Strategic Partnerships,CMOS,Management,Embedded Systems,VLSI,Intellectual Property,FPGA,Entrepreneurship,Integrated Circuit Design,Program Management,Embedded Software,Physical Design,Sales Process,Electronics,Sales,Integration,Go-to-market Strategy,CRM,Consumer Electronics,Analog Circuit Design,RF,Microprocessors,Mergers & Acquisitions,System Architecture,Marketing Strategy,Business Development,Wireless Technologies,Customer Relationship Management (CRM),Application-Specific Integrated Circuits (ASIC),Integrated Circuits (IC),Integrated Circuit,Social Media,Business Analysis,Start Ups,Digital Signal,Application Specific Integrated Circuits Asic,Customer Relationship Management Crm,Integrated Circuits Ic,Go to Market Strategy,Mergers and Acquisitions,Business Strategy,Project Management,Microsoft Office,Developing Excellence Through Partnership,Application Specific Integrated Circuits,Customer Relationship Management,Integrated Circuits",,,,,1960,male,26,owner,,Jysbtcbtcbtc,,,,,
744944092,Braylon Jamarion,Braylon,Jamarion,Verified emails found,2025-09-04 22:14:00,braylonjamarion@gmail.com,braylon.jamarion@robinhood.com,braylonjamarion@gmail.com,,"braylonjamarion@gmail.com,braylon.jamarion@robinhood.com",braylon@robinhood.com,,,,,https://www.linkedin.com/in/braylon-jamarion-1484a7233,,,,,,,Investment Manager,Robinhood,"Menlo Park, California, Maryland 94025, US",robinhood.com,http://www.robinhood.com,https://www.linkedin.com/company/robinhood,"Los Angeles, CA, US",Los Angeles,,CA,US,Robinhood,Investment Manager,2020-01-01,Present,Coinbase,Cryptologic Technician,2018-01-01,2020-01-01,Crypto.com,Cryptologic Technician,2017-01-01,2018-01-01,eToro,Account Manager,2014-01-01,2017-01-01,Fidelity Investments,Investment Manager,2010-01-01,2014-01-01,Boston University,,,,,,,,"Cryptocurrency,Investment Management,Financial Forecasting,Financial Markets,Planning,Finance",,,,,,,15,manager,Finance,Jysbtcbtcbtc,,,,,
734167269,Bobby Fan,Bobby,Fan,Verified emails found,2025-09-04 22:13:54,bobby@sparklabsgroup.com,bobby@sparklabsgroup.com,bobbyfan@gmail.com,bobby@sparklabsgroup.com,bobbyfan@gmail.com,,,,,,https://www.linkedin.com/in/bobbyfan-,,,,,,,"Investment Manager, Spark I Acquisition Corporation",SparkLabs Group,"3587 Lupine Ave, Palo Alto, California 94303, US",sparklabsgroup.com,http://www.sparklabsgroup.com,https://www.linkedin.com/company/sparklabs-group,Hong Kong,,,,HK,SparkLabs Group,"Investment Manager, Spark I Acquisition Corporation",2022-11-01,Present,B-Route Ltd.,Co-founder,2016-12-01,Present,"The Bank of East Asia, Limited (BEA)","The Bank of East Asia, Limited (BEA)",,Present,B-Route Ltd.,Co-founder,2016-12-01,Present,"The Bank of East Asia, Limited (BEA)",Greater Bay Area Office - Strategic Planning and Execution Manager,2021-01-01,2022-11-01,Quantic School of Business and Technology,Executive MBA,,,Stanford University Graduate School of Business,Global Innovation,,,"FinTech,Digital Transformation,Business Strategy,Blockchain,Cryptocurrency,Cryptocurrency Trading,Project Management,Business Development,Business Analysis,Innovation Development,Digital Innovation,Business Innovation",,,,,,,9,individual contributor,,Jysbtcbtcbtc,,,,,
135144541,Yaser Shakib,Yaser,Shakib,Verified emails found,2025-09-04 22:13:44,yaser.shakib@gmail.com,yaser.shakib@shakoomaku.com,yaser.shakib@gmail.com,"yaser.shakib@gmail.com,yaser.shakib@shakoomaku.com",,ys@uniservices.co.nz,,,,,https://www.linkedin.com/in/yasershakib,https://facebook.com/y.shakib,,,,,,Investment Manager in Digital Technology,UniServices,"49 Symonds St, Auckland, Auckland, NZ",uniservices.co.nz,http://www.uniservices.co.nz,https://www.linkedin.com/company/auckland-uniservices-limited,New Zealand,,,,NZ,UniServices,Investment Manager in Digital Technology,2023-05-01,Present,enviPath,Strategic Advisor,2024-01-01,Present,Shakoo Maku Limited,Co-Founder and Board Member,2018-12-01,Present,Self Employed,Consultant and Advisor,2019-07-01,2023-05-01,Faculty Group,Head Of Investment,2021-11-01,2022-09-01,Unitec Institute of Technology,Bachelor of Engineering (B.Eng.),,,AUT University,Bachelor of Commerce (B.Com.),,,"Infrastructure,Cryptocurrency,Blockchain,Private Equity,Portfolio Management,Venture Capital,Coaching,Presentations,Customer Relationship Management (CRM),Business Strategy,Project Implementation,Finance,Investment Strategies,Investments,Mentoring,Strategic Communications,Customer Satisfaction,Contract Management,Project Coordination,People Development,Documentation,Decision-Making,Working with Investors,Strategic Planning,Interpersonal Skills,Business Development,Social Media,Financial Analysis,Team Motivation,Analytical Skills,Problem Solving,Presentation Skills,Leadership,Strategy,Management,Team Leadership,Customer Service,Research,Project Management,Teamwork,Project Planning,Civil Engineering,Public Speaking,Time Management,Sales,Negotiation,Communication,Event Management,Civil 3D CAD",,,,,1986,male,21,individual contributor,,Jysbtcbtcbtc,,,,,
457140919,Kimberley Caldwell,Kimberley,Caldwell,Verified emails found,2025-09-04 22:13:36,kimberleycaldwell@gmail.com,kimberley.caldwell@tdameritrade.com,kimberleycaldwell@gmail.com,,"kimberleycaldwell@gmail.com,kimberley.caldwell@tdameritrade.com,kcaldwell@interactivebrokers.com",kimberleycaldwell@interactivebrokers.com,,,,,https://www.linkedin.com/in/kimberley-caldwell-a13a88236,,,,,,,Senior Investment Manager,TD Ameritrade,"200 S 108th Avenue, Omaha, Nebraska 68154, US",tdameritrade.com,http://www.tdameritrade.com,https://www.linkedin.com/company/td-ameritrade,"Wylie, TX, US",Wylie,,TX,US,TD Ameritrade,Senior Investment Manager,2014-07-01,Present,Interactive Brokers,Portfolio Manager,2016-02-01,Present,,,,,,,,,,,,,The University of Texas at Austin,Bachelor's degree,,,,,,,"Market Analysis,CryptoAPI,Blockchain Analysis,Portfolio Management,Cryptocurrency Trading,Risk Management,Foreign Exchange (FX) Trading,Communication",,,,,,,11,senior,Finance,Jysbtcbtcbtc,,,,,
1735981,Sanjay Jadhav,Sanjay,Jadhav,Verified emails found,2025-09-04 22:13:29,sanjay@arkacapital.co.uk,sanjay@arkacapital.co.uk,sanjayj@gmail.com,"sanjay@arkacapital.co.uk,sanjay.jadhav@arkacapital.co.uk",sanjayj@gmail.com,,+44 20 8561 8267,+44 7894 804098,"971.556563603
44.7894804098
+44 7894 804098
3303330777",,https://www.linkedin.com/in/sanjj,http://www.facebook.com/people/_/566125657,https://twitter.com/sanj_jadhav,,https://crunchbase.com/person/sanjay-jadhav,http://www.angel.co/362522,,Partner - Private Equity and VC for Blockchain and Disruptive Tech,ARKA Capital,UK,arkacapital.co.uk,https://arkacapital.co.uk,https://www.linkedin.com/company/arkacapital,"London, GB",London,,,UK,ARKA Capital,Partner - Private Equity and VC for Blockchain and Disruptive Tech,2020-05-01,Present,RendezVerse,CEO and CTO,2023-12-01,2025-04-01,Leadliner AI,Co-founder (CTO and CSO),2023-09-01,2024-06-01,Proof of Labs,"Interim CTO - Web3 Incubation (Tech Lead, Partneships, GTM and Investor relationships)",2022-08-01,2023-07-01,RendezVerse,Metaverse and AV and VR - Fractional CPTO,2022-01-01,2023-02-01,Stanford University,?	Artificial Intelligence – Machine Learning,,,The School of AI,Blockchain - Decentralised Applications,,,"Generative AI,Growth Hacking,CEO Succession,Product Development,Growth Strategies,Virtual Reality (VR),Strategy,Web3,Blockchain,Mobile Applications,Software Development,Management,Augmented Reality,Computer Vision,E-commerce,Metaverse,Mobile Devices,Digital Marketing,Web Development,Mobile Marketing,Business Development,Online Marketing,Start-ups,CRM,Business Analysis,User Experience,Entrepreneurship,SaaS,Mobile Technology,Mobile Commerce,Solutions Marketing,Agile Methodologies,Business Intelligence,Web Services,Consulting,Web 2.0,Web Applications,iPhone,Web Analytics,Strategic Partnerships,Project Management,Cloud Computing,Customer Relationship Management (CRM),Telecommunications,Infrastructure Management,Multi-channel Marketing,IT Strategy,Digital Strategy,Software as a Service (SaaS),E-commerce Solutions,Mobile Solutions,Cross-functional Team Leadership,Business Strategy,Big Data,Data-driven Decision Making,Artificial Intelligence (AI),Leadership,Customer Relationship Management Crm,E Commerce,Aviation,Social Media,E Commerce Solutions,Start Ups,Strategic Planning,SEO,Outlook,Microsoft Office,Cross Functional Team Leadership,Customer Service,Multi Channel Marketing,Outsourcing,Search Engine Optimization Seo,Software as a Service Saas,Sales,Data Driven Decision Making,Software as a Service,Customer Relationship Management,Search Engine Optimization",,,,,1972,male,29,individual contributor,,Jysbtcbtcbtc,,,,,
713904423,Ivan Burick,Ivan,Burick,Verified emails found,2025-09-04 22:13:18,ivan.burick@apexgroup.com,ivan.burick@apexgroup.com,,,ivan.burick@apexgroup.com,ivanb@apexgroup.com,,,,,https://www.linkedin.com/in/ivan-burick-755688210,,,,,,,Investment Manager,Apex Group Ltd,"Hinjewadi Road, Blueridge, Pune, Maharashtra 411014, IN",apexgroup.com,https://www.apexgroup.com/,https://www.linkedin.com/company/apex-group-ltd-india-branch,"Springfield, IL, US",Springfield,,IL,US,Apex Group Ltd,Investment Manager,2015-04-01,Present,AvaTrade,Financial Services Manager,2010-04-01,2015-02-01,,,,,,,,,,,,,Stockholm University,Bachelor's degree,,,,,,,"Cryptocurrency,Cryptocurrency Trading,Management,Risk Management,Investment Management",,,,,,,15,manager,Finance,Jysbtcbtcbtc,,,,,
44260460,Billy Bishop,Billy,Bishop,Verified emails found,2025-09-04 22:13:11,billybishop@regencycenters.com,billybishop@regencycenters.com,billybishop@gmail.com,billybishop@regencycenters.com,billybishop@gmail.com,,7133200080,7133200080,,,https://www.linkedin.com/in/billybishop,https://facebook.com/bbishop16,,,,,,Investment Manager,Regency Centers,"One Independent Drive Suite 114, Jacksonville, Florida 32202, US",regencycenters.com,http://www.regencycenters.com,https://www.linkedin.com/company/regency-centers,"Houston, TX, US",Houston,77030,TX,US,Regency Centers,Investment Manager,2023-04-01,Present,Brojoe Enterprises,Portfolio Manager,2022-01-01,Present,The Giammalva Group LLC,"Broker, Owner and Investor",2014-09-01,Present,Oppenheimer & Co.,Associate Director,2013-07-01,2014-09-01,XTC Fitness and Sports,Sales,2012-05-01,2012-08-01,Rice Business - Jones Graduate School of Business,Master of Business Administration - MBA,,,Tyler Junior College,Bachelor's degree,,,"Real Estate Development,Real Estate Acquisitions,Investment Management,REIT Management,Financial Modeling,Financial Advisory,Negotiation,Research,Microsoft Excel,Finance,Microsoft Office,Sales,Monte Carlo Simulation,Microsoft PowerPoint,Python (Programming Language),SQL,Pandas (Software),Blockchain,Machine Learning,Social Media,Real Estate,Sales Management,Managerial Finance,Sales Operations,Financial Analysis,Public Relations,Asset Management,Analytical Skills,Project Management,PowerPoint,Microsoft Word,Leadership,Public Speaking,Time Management,Customer Service,Management,Teamwork,Communication,Working with Investors,Social Networking,Personal Finance,Budgeting & Forecasting,Solidity,Algorithmic Trading,Deep Learning,Neural Networks,Deep Neural Networks (DNN),Sports,Event Planning,Facebook,Marketing,Social Media Marketing,Real Estate Transactions,Sports Management",,,,,1990,male,16,manager,Finance,Jysbtcbtcbtc,,,,,
5560575,Parvez Kokan,Parvez,Kokan,Verified emails found,2025-09-04 22:13:07,aishakokan@gmail.com,parvez.kokan@rescalemed.org,aishakokan@gmail.com,"aishakokan@gmail.com,parvez.kokan@rescalemed.org",,"parvez@rescalemed.org,pkokan@rescalemed.org,parvezkokan@rescalemed.org,parvezk@rescalemed.org",3175740459,3175740459,"3175873278
317-816-9313
91.4428190264
1.3175740459",,https://www.linkedin.com/in/parvezkokan,,https://twitter.com/parvezkokan,,,,,Founder and VC Partner,Tibb.VC,,tibb.vc,https://tibb.vc,https://www.linkedin.com/company/tibb-vc,"Carmel, IN, US",Carmel,,IN,US,Tibb.VC,Founder and VC Partner,2025-01-01,Present,RescaleMed,Founder,2020-03-01,Present,ShopperKraft VR,Co Founder,2016-02-01,2025-03-01,Chennapolis Capital,President and CEO (Venture Capital Fund),2006-05-01,2025-03-01,AT&T,"Director, Product Management",2007-11-01,2016-01-01,The University of Chicago Booth School of Business,"MBA (Marketing, Finance, Venture Capital)",,,Massachusetts Institute of Technology,Finance for Technical Executive,,,"Programming,Blockchain,Fundraising,User Experience (UX),Risk Management,Modeling,Investment Management,Financial Analysis,Investment Strategies,Attention to Detail,Presentations,Funding,Skilled Multi-tasker,Early-Stage Startups,Quantitative Finance,Analytical Skills,Startups,Financial Modeling,Deal Sourcing,Deal Execution,Corporate Governance,Board of Directors,Customer Due Diligence (CDD),Management Due Diligence,Early Stage Investment,Middle market buyout,Investor Relations,Portfolio Assessment,Valuation,Valuation Modeling,Investment Valuation,Portfolio Management,Communication,Investing,Finance,Venture Capital,Microsoft copilot + Sentinel SIEM + custom AI models + Azure  logic app for managed automated cybersecurity monitoring & remediation,CTO, CMO, CISO,Security Strategy,DevSecOps,Cybersecurity,CISO,CISSP,Strategy,Business Development,Written Communication,Product Road Mapping,Presentation Skills,Market Analysis,Computer Science,Banking,Financial Services,Client Services,Chief Experience Offiers,Leadership,Strategic Accounts,Account Management,Administration,Mobile Devices,Product Management,Big Data,Cloud Computing,Business Strategy,Product Development,Software Development,Product Marketing,Regulatory Compliance,Strategic Planning,ITIL,Scrum,Program Management,Project Portfolio Management,Artificial Intelligence (AI),Marketing,Technology Strategy,Budget Management,Customer Relationship Management (CRM),Management Consulting,Enterprise Resource Planning (ERP),Digital Marketing,Artificial Intelligence,SaaS,Enterprise Software,Java,Amazon Web Services (AWS),Microsoft Azure Machine Learning,TensorFlow,Databases,SQL,Salesforce.com,Google Cloud Platform (GCP),Strategic Leadership,M2M,Mobile Phone Apps,Large Scale System Integration,APIs,Agile Application Development,Virtual Reality,IT Executive Management,Internet of Things (IoT),Entrepreneurship,Go-to-market Strategy,Strategic Partnerships,Start-ups,Private Equity,Due Diligence,IPTV,ATSC,Device Drivers,ODM management,Digital TV,DVB,Set Top Box,Semiconductors,Consumer Electronics,Embedded Software,Product Launch,Mobile Advertising,Investments,Corporate Development,Mergers,Social Networking Apps,Video Compression,Content Delivery Networks,Virtualization,QoS,Web Services,VoIP,Amazon Web Services Aws,Web Servers,JavaScript,Platform,Go to Market Strategy,Start Ups,Amazon Web Services,High Availability,Computer Software,Customer Relationship Management,Enterprise Resource Planning,Google Cloud Platform,IT Infrastructure Operations,Information Technology and Services,Internet,Internet of Things,Marketing Cloud,Open Data Strategy",,,"QPrize - Funding for Global Entrepreneurship,Strategic Enterprise Mobility +8,000 Members,Magic Leap Developers,Private Equity & Venture Capital India,Computer Vision and Pattern Recognition,Mobile Monday Boston,AT&T Foundry Where Ideas are Made,DealFlow Source Network | Private Equity, Venture Capital, M&A Deal Flow,Interactive Media Networking Group,Chicago Booth: Mobile and Wireless Industry,Hadoop Users,Cable-TV,Augmented Reality (AR), Virtual Reality (VR) & Virtual Worlds (VWs),ClickFox Experience Analytics and Customer Experience",,1971,male,30,owner,,Jysbtcbtcbtc,,,,,
370063777,David Segal,David,Segal,Verified emails found,2025-09-04 22:13:02,david.segal@truist.com,david.segal@truist.com,dsegal7@gmail.com,"david.segal@truist.com,dsegal7@gmail.com,dsegal@unitedtexasbank.com",,,214-717-9694,214-717-9694,"214-521-1243
702-735-5651
908-755-9660
702-598-3223
214-521-1721
214-522-4489
845-353-5223
972-522-2552
248-409-1070",,https://www.linkedin.com/in/dbs0126,,,,,,,Senior Vice President | Investment Manager,Truist Wealth,"214 N Tryon St, Charlotte, North Carolina 28202, US",truist.com,http://www.truist.com/wealth,https://www.linkedin.com/company/truist-wealth,"Texas, United States",,,TX,US,Truist Wealth,Senior Vice President | Investment Manager,2024-12-01,Present,United Texas Bank Dallas,"AVP, Investment Officer",2022-11-01,Present,United Texas Bank Dallas,Investment Analyst,2021-10-01,2022-11-01,BOK Financial,"Vice President, Portfolio Manager Strategic Investment Advisors Group",2019-03-01,2021-06-01,BOK Financial,"Senior Investment Analyst, Portfolio Manager",2016-03-01,2019-03-01,Southern Methodist University - Cox School of Business,BBA,,,,,,,"Asset Allocation,Investment Research,Investment Portfolio Design,Portfolio Optimization,Interest Rate Risk Management,Statistical Data Analysis,Technical Presentations,Institutional Portfolio Management,Manager Selection,Cryptocurrency,Fund Of Funds,Investment Portfolios,Quantitative Investing,Bitcoin,Global Macro,Sovereign Debt,Portfolio Management,Big Data Analytics,Style Analysis,Attribution Modeling",,,,,1939,male,19,vp,,Jysbtcbtcbtc,,,,,
242690701,Ani Frank,Ani,Frank,Verified emails found,2025-09-04 22:12:51,frank@binance.com,frank@binance.com,anifrank448@gmail.com,"frank@binance.com,anifrank448@gmail.com",afrank@russell.com,anifrank@russell.com,,,,,https://www.linkedin.com/in/ani-frank-7159bb1ba,,,,,,,"Business Development Manager, Crypto Expert and Investment manager",Binance,IR,binance.com,https://www.binance.com/,https://www.linkedin.com/company/binance,United States,,,,US,Binance,"Business Development Manager, Crypto Expert and Investment manager",2015-02-01,Present,Russell Investments,Account Relationship Manager,2013-02-01,Present,Ani Finanical Group Inc,Business Manager,2008-12-01,2015-02-01,SuperglobalFX Finance,"Business Development Manager, Crypto Expert and Investment manager",2018-02-01,Present,,,,,University of Pennsylvania,phd,,,New York University,phd,,,"Financial Analysis,Auditing,Account Management,Financial Services,Analytical Skills,Finance,Entrepreneurship,Management,Quantitative Analytics,Business Development,Financial Management Services,Cryptocurrency Trading,Managing Accounts",,,,,1999,female,16,individual contributor,,Jysbtcbtcbtc,,,,,
232464082,Robert Diwali,Robert,Diwali,Verified emails found,2025-09-04 22:12:46,robertdiwali@gmail.com,robert.diwali@enbridge.com,robertdiwali@gmail.com,,"robertdiwali@gmail.com,robert.diwali@enbridge.com",rdiwali@enbridge.com,,,,,https://www.linkedin.com/in/robert-diwali-8693291b1,,,,,,,Investment Manager,Enbridge,"3000 Fifth Avenue Place, 425 - 1st Street S.W., Calgary, Alberta T2P 3L8, CA",enbridge.com,https://www.enbridge.com/,https://www.linkedin.com/company/enbridge,"New York, NY, US",New York,,NY,US,Enbridge,Investment Manager,,Present,Bridgewater Associates,Investment Specialist,1998-06-01,2012-06-01,,,,,,,,,,,,,Harvard University,Master's degree,,,,,,,"Loan Servicing,New Business Development,Cryptocurrency Trading,Data Analysis,Investment Management,Investments,Management",,,,,1967,male,14,manager,Finance,Jysbtcbtcbtc,,,,,
6297055,Sebastian Kwasny,Sebastian,Kwasny,Verified emails found,2025-09-04 22:12:41,sebastian@pointer.capital,sebastian@pointer.capital,sebastian.s.kwasny@gmail.com,"sebastian@pointer.capital,sebastian.s.kwasny@gmail.com",sebastian.kwasny@blockchainexperts.pl,,48535880880,,,,https://www.linkedin.com/in/sebastiankwasny,,,,,,,Founder and SVP at Pointer.Capital VC,Pointer.Capital,"16192 Coastal Hwy, Lewes, Delaware 19958, US",pointer.capital,https://pointer.capital/,https://www.linkedin.com/company/pointer-capital-fund,"Kraków, PL",Kraków,30,,PL,Pointer.Capital,Founder and SVP at Pointer.Capital VC,2022-05-01,Present,ESCOLA S.A.,Member of the Supervisory Board at ESCOLA S.A.,2019-07-01,Present,Stowarzyszenie Ekspertów Blockchain,Co-founder and President of Audit Comitee at the Blockchain Experts Association,2019-12-01,Present,Stowarzyszenie Niezale?nych Cz?onków Rad Nadzorczych,Member of The Association of Independent Non-Executive Directors,2021-12-01,Present,SGH Warsaw School of Economics,Guest Lecturer,2020-03-01,Present,AGH University of Krakow,"Master of Science - MS, Eng.",,,Oxford Brookes University,MBA,,,"Cloud Computing,SaaS,Software Project Management,Data Center,Outsourcing,IT Outsourcing,Project Management,IT Management,IT Service Management,LIMS,Disaster Recovery,Management,Team Leadership,Oracle,Consulting,Integration,Busines,Laboratory Informatics,Customer Service,Sales Operations,SQL,Healthcare Information Technology Hit,Operations Management,Public Speaking,Bioinformatics,CIOs,Transformacja Cyfrowa,Healthcare Information Technology,Blockchain Technology",,,,,1970,male,14,owner,,Jysbtcbtcbtc,,,,,
767665,Daniel Höpfner,Daniel,Höpfner,Verified emails found,2025-09-04 22:12:38,daniel.hoepfner@b10.vc,daniel.hoepfner@b10.vc,hoepfner@gmail.com,"daniel.hoepfner@b10.vc,hoepfner@gmail.com,daniel.hoepfner@peruya.com,daniel@peruya.com,daniel@b10.vc",,,+49 6503 077574,491703274814,"491703274814
49.3044032822
+49 30 225050639
+49 30 61298286
+49 30 346590008
+49 30 700140150
+49 30 44032822
+49 491 703274814
+49 162 2112788",493024350,https://www.linkedin.com/in/hoepfner,https://facebook.com/hoepfner,https://twitter.com/dhoepfner,,,https://angel.co/hoepfner,https://quora.com/daniel-hoepfner,Founder and MD at b10.vc | Venture Capital,b10 | Venture Capital,"Zossener Str. 55-58, Aufgang D, Berlin, Berlin 10961, DE",b10.vc,http://b10.vc/,https://www.linkedin.com/company/b10venturecapital,Germany,,,,DE,b10 | Venture Capital,Founder and MD at b10.vc | Venture Capital,2015-01-01,Present,Signatrix,Investor and MD at signatrix.com | AI for Retail,2019-01-01,Present,Peruya,Founder and MD at peruya.com | Blockchain Investments,2022-01-01,Present,MeinWunschcatering,Investor and Advisor,2018-01-01,Present,Thryve,Investor and Advisor,2017-01-01,Present,"Saïd Business School, University of Oxford",,,,"Saïd Business School, University of Oxford",,,,"AI,Künstliche Intelligenz (KI),Retail,Visual AI,Growth Initiatives,Growth Hacking,Wachstumsstrategien,Umsatzwachstum,Umsatz- und Ertragssteigerung,Strategische Wachstumsplanung,Kryptowährungshandel,Kryptowährung,Start-up-Unternehmen,Startup-Entwicklung,Blockchain,Cryptocurrency Mining,Tokenisierung,Start-ups,Mobile Devices,Strategy,Product Management,Entrepreneurship,Mobile Technology,Business Development,Team Building,Go-to-market Strategy,Business Modeling,Mobile Applications,Wireless,Strategic Partnerships,Product Marketing,Business Planning,Leadership,Mobile Communications,Negotiation,E-commerce,Venture Capital,Mergers & Acquisitions,Management Consulting,Online Marketing,Competitive Analysis,Mobile Marketing,Android,Social Media Marketing,International Sales,Management,Business Strategy,SaaS,Trax Dynamic Merchandising,Microsoft Excel,Mergers and Acquisitions,Project Management,E Commerce,Social Media,Start Ups,Go to Market Strategy,New Home Construction Single Family and Townhomes,Strategic Planning,SQL,Startups",,,,,1976,male,10,owner,,Jysbtcbtcbtc,,,,,
80900946,Océane Codjia,Océane,Codjia,Verified emails found,2025-09-04 22:12:33,oceane.codjia@coinbase.com,oceane.codjia@coinbase.com,oceane.codjia@gmail.com,"oceane.codjia@coinbase.com,oceane.codjia@gmail.com",,,6467660296,,442039848366,,https://www.linkedin.com/in/océane-codjia-030057a5,,,,,,,Head of VC Fund + Protocol Sales (International Markets),Coinbase,"548 Market St 23008, San Francisco, California 94104, US",coinbase.com,http://www.coinbase.com,https://www.linkedin.com/company/coinbase,United Kingdom,,,,UK,Coinbase,Head of VC Fund + Protocol Sales (International Markets),2024-01-01,Present,Coinbase,Institutional Sales and Trading Manager (EMEA),2021-06-01,Present,Solarisbank AG,Strategic Partnerships Manager - Crypto and Payments,2020-01-01,2021-01-01,Coinhouse,Sales and Business Development Lead,2018-08-01,2020-08-01,Coinhouse,Chief of Staff to the CEO,2018-03-01,2018-08-01,The Hong Kong University of Science and Technology,Academic Exchange in Hong Kong,,,HEC Paris,Corporate Finance (ICCF Program),,,"Management,Microsoft Excel,Strategy,Project Management,Business Strategy,Microsoft PowerPoint,Investments,Private Equity,Mergers & Acquisitions (M&A),Venture Capital,Sales,Corporate Finance,Financial Analysis,Finance,Teamwork,English,Emerging Technologies,Blockchain,Cryptocurrency,Team Leadership,Leadership,Business Development,Strategic Partnerships,Negotiation,Public Speaking,Financial Modeling,Portfolio Management,Customer Service,Investment Banking",,,,,1991,female,8,head,,Jysbtcbtcbtc,,,,,
238447120,Joel Kovshoff,Joel,Kovshoff,Verified emails found,2025-09-04 22:12:24,jkovshoff@gmail.com,,jkovshoff@gmail.com,jkovshoff@gmail.com,,"joel@epicchain.io,joel.kovshoff@epicchain.io,jkovshoff@epicchain.io",66944948150,,,,https://www.linkedin.com/in/coachkcrypto,,https://twitter.com/coachkcrypto,,,,,Co-Founder and Investment Manager,Antarctic Capital,,antarctic.capital,https://antarctic.capital/,https://www.linkedin.com/company/antarcticcapital,"Bangkok, TH",Bangkok,,,TH,Antarctic Capital,Co-Founder and Investment Manager,2025-01-01,Present,Ethernity Chain,Project Lead Advisor,2021-01-01,Present,"Blockchain and Fintech Speaker, Panelist and Moderator","Speaker, Panelist, Moderator",2017-10-01,Present,EQIFi,Chief Strategy Officer (CSO),2023-08-01,2025-02-01,Coach K Capital,Coach K Capital,2022-08-01,2025-02-01,University of Ottawa,Honours Bachelor of Arts with Specialization in Leisure and Recreation,,,Nipissing University,Bachelor of Education,,,"Internet Banking,Private Banking,Strategic Partnerships,C Level Management,Strategy Creation,Corporate Strategy,Blockchain Analysis,Public Speaking,Teaching,Market Analysis,Entrepreneurship,Social Media,Event Management,Research,Strategic Planning,International Education,Recruiting,E-Learning,Secondary Education,Blockchain,Educational Technology,Instructional Technology,Training,Coaching,Leadership,Staff Development,Critical Thinking,Customer Service,Conflict Resolution,Cryptocurrency Trading,Cryptocurrency,Supply Chain Consulting,Business Consulting,International Recruitment,High School Education,Technical Analysis,Marketing Strategy,Go-to-market Strategy",,,,,1981,male,11,owner,,Jysbtcbtcbtc,,,,,
16783355,Brian Smith,Brian,Smith,Verified emails found,2025-09-04 22:11:00,brian@jito.network,brian@jito.network,bravecreative@hotmail.com,"brian@jito.network,bravecreative@hotmail.com,motorxgames@aol.com,flagbrat@msn.com",,,,,,,https://www.linkedin.com/in/brian-smith-00431288,,,,,,,Executive Director,Jito Foundation,"1 Front St, San Francisco, California 94111, US",jito.network,https://www.jito.network/,https://www.linkedin.com/company/jito-sol,Switzerland,,,,CH,Jito Foundation,Executive Director,2024-10-01,Present,Jito Labs,Chief Operating Officer,2022-10-01,2024-10-01,Scopia Capital Management LP,Senior Analyst,2014-08-01,2021-04-01,Evercore,Restructuring Analyst,2013-03-01,2014-07-01,Miller Buckfire,Restructuring Analyst,2011-07-01,2013-03-01,Georgetown University,Bachelor of Science in Business Administration,,,The Chinese University of Hong Kong,,,,"High Yield Bonds,Yield,Microsoft Office,Investments,Bonds,Data Analysis,Special Situations,Microsoft Word,Credit",,,,,1989,,12,director,,Jysbtcbtcbtc,,,,,
280220654,Luis Hernandez,Luis,Hernandez,Likely emails found,2025-09-04 22:10:47,,,,,,"lhernandez@smartblockisland.com,luishernandez@smartblockisland.com",,,,,https://www.linkedin.com/in/luis-hernandez-ba1aab1ab,,,,,,,Chief Executive Officer,Smart Block Island,,smartblockisland.com,https://www.smartblockisland.com,https://www.linkedin.com/company/smart-block-island,"Bellaire, TX, US",Bellaire,77401,TX,US,Smart Block Island,Chief Executive Officer,2022-01-01,Present,Gao Family Office LLC,Vice President,2024-07-01,2025-07-01,LG Contractors Group,Project Manager,2020-01-01,2024-01-01,Advue Capital LLC,Chief Investment Officer,2022-08-01,2023-06-01,JC Contracting Inc,Account Manager,2019-01-01,2020-01-01,Texas A&M International University,Bachelor of Business Administration - BBA,,,,,,,,,,,,1990,male,12,cxo,C_suite,Jysbtcbtcbtc,,,,,
766309487,Jax Dwyer,Jax,Dwyer,Verified emails found,2025-09-04 22:10:40,jackpdwyer@gmail.com,jax@buildingweb3.xyz,jackpdwyer@gmail.com,"jackpdwyer@gmail.com,jax@buildingweb3.xyz,jdwy215@gmail.com",,,,,,,https://www.linkedin.com/in/jaxdwyer,http://facebook.com,,,,,,Video Creator,0G Labs,"San Francisco, California 94104-5401, US",0g.ai,http://0g.ai,https://www.linkedin.com/company/0g-labs,"New York, NY, US",New York,,NY,US,0G Labs,Video Creator,2024-08-01,Present,Building Web3,Founder,2024-03-01,Present,Hivemapper,Head of Communications,2025-01-01,2025-03-01,Enso Finance,Technical Content Lead,2024-12-01,2025-03-01,BalloonDogs,Technical Content Lead,2024-09-01,2025-01-01,University of Miami,Bachelor of Business Administration (BBA),,,Fullstack Academy of Code,Advanced Software Engineer Immersive,,,"Microsoft Excel,Public Speaking,Microsoft Office,Management,Time Management,Social Media,Facebook,Event Planning,Market Research,Research,Social Networking,Sales,JavaScript,HTML,CSS,SQL,Unix,Web Design,Product Marketing,Strategy,Sybase IQ,Product Management,Bash,Data Visualization,API Testing,Java,MySQL,FinTech,Hadoop,NoSQL,Programming,Database Management System Dbms,Big Data Analytics,Tableau,User Acceptance Testing,Data Analysis,JIRA,User Experience Design,jQuery,Extract,Linux,Transform,Git,Web Development,Bootstrap,Flask,Microsoft PowerPoint,Customer Service,Ubuntu,Python,Web Scraping,Project Management,Data Warehousing,Load Etl,Strategic Planning,Data Wrangling,BlackRock Aladdin,Node.js,Database Management System",,,"Lime Connect,University of Miami,Beta Gamma Sigma South Florida,University of Miami Hurricanes",,,male,8,individual contributor,Marketing,Jysbtcbtcbtc,,,,,
745550896,Armen Shirinyan,Armen,Shirinyan,Verified emails found,2025-09-04 22:10:30,armen.shirinyan@fastex.com,armen.shirinyan@fastex.com,,armen.shirinyan@fastex.com,,,37491107178,,,,https://www.linkedin.com/in/armen-shirinyan-acca-070401aa,,,,,,,Chief Financial Officer,Fastex,"5120 46th Ave N, Saint Petersburg, Florida 33709, US",fastex.com,https://www.fastex.com/,https://www.linkedin.com/company/fastexecosystem,Armenia,,,,AM,Fastex,Chief Financial Officer,2024-08-01,Present,Ameriabank CJSC,Head of Reporting and Methodology Department,2023-11-01,2024-08-01,Ameriabank CJSC,IFRS Manager,2021-11-01,2023-11-01,Deloitte,Audit Manager,2020-12-01,2021-11-01,Deloitte CIS,Senior Auditor,2018-09-01,2020-12-01,ACCA,,,,International Accountancy Training Center,,,,,,,,,,,13,cxo,C_suite,Jysbtcbtcbtc,,,,,
69335966,Ken DiCross,Ken,DiCross,Verified emails found,2025-09-04 22:10:24,ken@wire.network,ken@wire.network,kdicross@gmail.com,"ken@wire.network,kdicross@gmail.com",kendicross@hotmail.com,,213-446-0240,213-446-0240,"213-479-6969
614-440-4214",,https://www.linkedin.com/in/kendicross,http://www.facebook.com/ken.dicross1,https://twitter.com/i/user/21639413,,,,,Founder,Wire Network,"1713 Manatee Ave W, Bradenton, Florida 34205, US",wire.network,https://wire.network/,https://www.linkedin.com/company/wire-network-blockchain,"Los Angeles, CA, US",Los Angeles,,CA,US,Wire Network,Founder,2017-07-01,Present,BuildTeam - Blockchain Innovators,Product Development Manager,2017-04-01,2018-01-01,Coinhawk,Business Owner,2013-11-01,2017-07-01,Maverick Development,Regional Manager,2008-05-01,2017-02-01,,,,,The Ohio State University,Bachelor's degree,,,,,,,,,,,,1981,male,17,owner,C_suite,Jysbtcbtcbtc,,,,,
376809473,Devin Eldridge,Devin,Eldridge,Verified emails found,2025-09-04 22:10:06,devin@eigenfoundation.org,devin@eigenfoundation.org,devineldridge24@gmail.com,"devin@eigenfoundation.org,devineldridge24@gmail.com,eldchilese@gmail.com",,,1.3032412242,,4074848914,,https://www.linkedin.com/in/cpapreneur,,,,,,,COO and CFO,Eigen Foundation,,eigenfoundation.org,https://www.eigenfoundation.org,https://www.linkedin.com/company/eigenfoundation,"Denver, CO, US",Denver,80219,CO,US,Eigen Foundation,COO and CFO,2024-06-01,Present,Rio Foundation,(Acquired) Chief Operating Officer,2023-12-01,2024-06-01,Bitwave,Chief Strategy Officer,2022-12-01,2023-12-01,Core Scientific,SVP Strategy,2021-08-01,2022-08-01,BLOCKCAP,Vice President Operations,2021-07-01,2021-08-01,Thunderbird School of Global Management,Global Master of Business Administration (M.B.A.),,,Colorado State University,Bachelors,,,,,,,,,male,16,cxo,C_suite,Jysbtcbtcbtc,,,,,
70880656,Samuel Hawksby-Robinson,Samuel,Hawksby-Robinson,Verified emails found,2025-09-04 22:10:05,samyoul@hotmail.co.uk,samuel@samyoul.com,samyoul@hotmail.co.uk,"samyoul@hotmail.co.uk,samuel@samyoul.com,sam.samyoul@googlemail.com",,,+44 7976 874950,+44 7976 874950,"+44 191 449 0094
44.1519229925
44.1914490094
44.7930609466
44.07976874950
+44 191 377 1104",+44 7585 162734,https://www.linkedin.com/in/samuel-hawksby-robinson,http://www.facebook.com/samuel.hawksbyrobinson,https://twitter.com/i/user/1219944056,https://github.com/samyoul,,,,CTO and Co-Founder,TiiQu,UK,tiiqu.com,https://tiiqu.com,https://www.linkedin.com/company/tiiqu.com,"Newcastle upon Tyne, GB",Newcastle upon Tyne,,,UK,TiiQu,CTO and Co-Founder,2016-11-01,Present,Institute of Free Technology,,,Present,IIB Council,Member of the Blockchain Advisory Board,2018-01-01,2021-01-01,Medicalchain,Consultant Blockchain Developer,2018-03-01,2018-05-01,The Software Family Ltd,Technology Director,2014-09-01,2018-09-01,North East Chamber of Commerce,Diploma in Accounting (Professional),,,,,,,,,,,,1987,male,20,owner,C_suite,Jysbtcbtcbtc,,,,,
245535764,Leon Fung,Leon,Fung,Verified emails found,2025-09-04 22:10:04,leon_fung@ensigninfosecurity.com,leon_fung@ensigninfosecurity.com,leonfung11@gmail.com,"leon_fung@ensigninfosecurity.com,leonfung11@gmail.com",,,6583683782,6583683782,6596376008,,https://www.linkedin.com/in/leonfung,https://facebook.com/leon.fung.56,,,,,,Finance Business Partner,Ensign InfoSecurity,SG,ensigninfosecurity.com,http://www.ensigninfosecurity.com,https://www.linkedin.com/company/ensign-infosecurity,Singapore,,,,SG,Ensign InfoSecurity,Finance Business Partner,2023-12-01,Present,Geniebook,Finance Manager,2023-01-01,2023-11-01,bluesheets,Finance Manager,2022-05-01,2023-01-01,Credo Diagnostics Biomedical,Finance Manager,2021-06-01,2022-03-01,PwC Singapore,Manager,2013-06-01,2021-04-01,National University of Singapore,Honours,,,NUS Business School Executive Education,Python for Analytics,,,,,,,,1989,male,12,individual contributor,Finance,Jysbtcbtcbtc,,,,,
138048986,Vincent Gan Peng,Vincent,Peng,Verified emails found,2025-09-04 22:09:53,vpeng@peerhive.app,vpeng@peerhive.app,,"vpeng@peerhive.app,vincent@peerhive.app",,vincent.peng@buidlstudio.io,,,,,https://www.linkedin.com/in/gan-peng-vincent-yeo,,,,,,,Co-Founder and CEO,PeerHive,"Jelutong, Penang 11600, MY",peerhive.app,https://peerhive.app/,https://www.linkedin.com/company/peerhivesg,"Johor Bahru, MY",Johor Bahru,,,MY,PeerHive,Co-Founder and CEO,2023-01-01,Present,Buidl Studio,Co-Founder,2022-10-01,Present,BlueDuck,Business intelligence Junior Associate,2021-12-01,2022-09-01,London Tower Capital,Associate Partner,2021-08-01,2021-12-01,PLG Partners,Financial Analyst Fellow,2021-05-01,2021-09-01,University of London,,,,,,,,,,,,,1998,male,6,owner,C_suite,Jysbtcbtcbtc,,,,,
3332025,David Henderson,David,Henderson,Verified emails found,2025-09-04 22:09:52,david@metalinkcapital.com,david@metalinkcapital.com,burnfarm@hotmail.com,"david@metalinkcapital.com,burnfarm@hotmail.com",,,4156635000,,"4806414100
4805568700",,https://www.linkedin.com/in/davidbbhenderson,,,,,,,Co-Founder,OrdinalsBot,US,trio.xyz,https://trio.xyz,https://www.linkedin.com/company/triobtc,"London, GB",London,,,UK,OrdinalsBot,Co-Founder,2023-03-01,Present,MetaLink Capital,Co-Founder,2022-01-01,Present,Novum Insights,Head of Finance and Operations,2018-11-01,2024-09-01,"Sweetbridge, Inc.",Co-Founder,2016-10-01,2018-12-01,Trax Technologies,"Various Global Leadership Roles – SVP Ops, GM EMEA, VP Finance",2000-11-01,2016-09-01,Institute of Chartered Accountants of Scotland,CA,,,Heriot-Watt University,BA,,,"Spanish,Freight Auditing,Logistics Management,Supply Chain Management,Transportation,Operations Management,Business Process Improvement,ERP,Change Management,Supply Management,Vendor Management,Outsourcing,Freight,Business Analysis,International Trade,Cross-functional Team Leadership,Forecasting,Contract Negotiation,Business Process,Strategic Planning,Supply Chain,Budgets,Managerial Finance,Business Intelligence,Program Management,Analysis,Business Strategy,Strategy,Business Development,Finance,Project Management,Risk Management,Sourcing,Project Planning,Team Management,Procurement,Competitive Analysis,Management,Manufacturing,Accounting,Auditing,Logistics,Process Improvement,Team Leadership,Consulting,Business Planning,Leadership,Customer Relationship Management Crm,Information Technology,Technology,KPI Dashboards,Start Ups Management,Account Management,Software as a Service Saas,Operations,Budgeting,Cross Functional Team Leadership,Audit,Product Management,Venture Capital,Services,Customer Relationship Management,Software as a Service",,,"IT Professionals in Scotland,Consultants Network | Finance,Data Science, Big Data and Analytics Executives,Corrugated Packaging Manufacturers & Users,Strategic Sourcing & Procurement,Big Data in Logistics and Supply Chain,Agile Jobs,Data Science Central,AgileScotland,ECOSSE - GLOBAL SCOTS - NETWORK,Michael Page Logistics – UK,Procurement Professionals Asia (Supply Chain Jobs Recruitment HR Management Finance Marketing),Consultants Network,Coca-Cola Current & Former Employees Group",,1964,male,37,owner,C_suite,Jysbtcbtcbtc,,,,,
1666615,Shafiu Hussain,Shafiu,Hussain,Verified emails found,2025-09-04 22:09:47,shafiu@oviato.com,shafiu@oviato.com,shafiu.is@gmail.com,"shafiu@oviato.com,shafiu.is@gmail.com,without.emails@gmail.com","shafiu@lottiefiles.com,shafiu@mindvalley.com",shussain@lottiefiles.com,601112367485,,"60323801078
60320945898
601123128322",,https://www.linkedin.com/in/shafiu,https://facebook.com/shafiu.hussain,https://twitter.com/shafiu,https://github.com/shafiu,https://www.crunchbase.com/person/shafiu-hussain,https://angel.co/shafiu,https://quora.com/shafiu-hussain,Co-Founder and Chief Chef,Oviato,,oviato.com,https://oviato.com,https://www.linkedin.com/company/oviatohq,Malaysia,,,,MY,Oviato,Co-Founder and Chief Chef,2023-05-01,Present,Mindvalley,Head of Product Design,2016-01-01,Present,Mindvalley,Product Designer,2012-02-01,2015-12-01,LottieFiles,Co-Founder,2017-02-01,Present,Watchfacely,Co-Founder,2020-06-01,2022-06-01,CMC,,,,International Institute of Information Technology Hyderabad (IIITH),,,,"User Experience Design,User Interface,Linux,Start-ups,PHP,Web Development,MySQL,jQuery,Mobile Applications,CSS,HTML 5,Open Source,Apache,Entrepreneurship,Web Applications,SQL,SMS,Software Development,Photography,CSS3,Oracle,HTML5,UI,Android Ui,Start Ups,Business Development,Html5 &Amp,UX,HTML,Oracle SQL,JavaScript,User Interface Design,Project Management,Sms Apps,Iphone Ui,Leadership,Wireframing,User Experience,Web Design,User Centered Design,Interaction Design,Adobe Photoshop,Product Design,Strategy,Cascading Style Sheets Css,Databases,Cascading Style Sheets",,,"International Network of Spiritual Entrepreneurs (INSE),The Indus Entrepreneur,Venture Capital: Funds, Growth Capital Funding, Business Capital & Financing | PrivateEquity.com,On Startups - The Community For Entrepreneurs",,1971,male,24,owner,,Jysbtcbtcbtc,,,,,
71359138,Gediminas Butkus,Gediminas,Butkus,Verified emails found,2025-09-04 22:09:29,gb@locked.money,gb@locked.money,,gb@locked.money,,,,,,,https://www.linkedin.com/in/gedasbu,,,,,,,"CEO, Founder",Locked Money,,locked.money,https://locked.money,https://www.linkedin.com/company/lockedmoney,Andorra,,,,AD,Locked Money,"CEO, Founder",2024-03-01,Present,banking.TOP,"CEO, Founder",2023-03-01,Present,Bertha Club DAO,Founder,2023-02-01,2024-12-01,Offshore Bank Accounts,"CEO, Founder",2018-07-01,2024-08-01,Shopyte,"CEO, Co-Founder",2016-07-01,2020-08-01,Harvard Business School,Online,,,,,,,"Photography,Cinematography,Aerial Cinematography,Script-writing,Video Editing,Studio Lighting",,,,,1988,male,15,owner,C_suite,Jysbtcbtcbtc,,,,,
24910891,Dipesh Sukhani,Dipesh,Sukhani,Verified emails found,2025-09-04 22:09:20,dipeshsukhani@gmail.com,d@buildbear.io,dipeshsukhani@gmail.com,"dipeshsukhani@gmail.com,dipesh@buildbear.io",d@buildbear.io,,+91 99872 93935,+91 99872 93935,"+91 98872 24085
+91 22 3021 7024
+91 6598 759 785
+91 22 3021 7000
+91 22 3021 7070",,https://www.linkedin.com/in/dipeshsukhani,http://www.facebook.com/dipesh.sukhani,https://twitter.com/dipeshsukhani,,,,,Co-Founder,BuildBear Labs,SG,buildbear.io,https://buildbear.io/,https://www.linkedin.com/company/build-bear,Singapore,,,,SG,BuildBear Labs,Co-Founder,2022-02-01,Present,ETHDenver,Event Organizer Volunteer,2023-02-01,2023-02-01,UV Labs,Founder | Tech Team Lead | Smart Contract Developer,2021-06-01,2022-12-01,ConsenSys Academy,Mentor | Blockchain Bootcamp,2021-08-01,2022-01-01,1exchange,Blockchain and Project Team Lead,2020-03-01,2021-05-01,Self-taught,Web3 Applications Developer,,,The Institute of Chartered Accountants of India,Chartered Accountant,,,"International Tax,Tax,Tax Advisory,Corporate Tax,Financial Modeling,Restructuring,Income Tax,Expatriate Tax,Tax Returns,Cross-border Transactions,Tax Law,Direct Tax,Corporate Law,Financial Accounting,Training,Business Strategy,Services,Cross Border Transactions,Business Analysis,Research,Transfer Pricing,Public Speaking,Pricing,PowerPoint,Sales,Bmr,Leadership,Finance,Operations Management,Compliance Management,Community Outreach,Business Planning,Business to Business,Management,Strategy,Due Diligence,Accounting,Business Development,Customer Service,Customer Relationship Management,Customer Acquisition,Stakeholder Management,Presentation Skills,Team Management,Microsoft Office,Financial Reporting,Financial Analysis,Information Technology,Front End Coding,Entrepreneurship,Negotiation,Contract Negotiation,Contract Management,Vendor Management,QuickBooks,Xero,Start Ups,Account Management,Account Reconciliation,Accounts Payable,Accounts Receivable",,,"TaxGuruHelp.com,USA India Tax Advisory,TAXVACANCIES.com,BCAS - International Tax,Blockchain, Distributed Ledgers and Smart Contracts for Business,FinTech 20/20,Entrepreneurs | Start-Ups | Fundraising | Finance | Legal,BMR Advisors Alumni Network,M&A, FEMA and Tax Advisory group,Tax Opportunities,International Tax Review,FATCA Foreign Account Tax Compliance Act,A STARTUP SPECIALISTS GROUP Online Global Network for Entrepreneurs,Startups (Business Jobs Careers)",,1985,male,12,owner,C_suite,Jysbtcbtcbtc,,,,,
645502591,Hugo Carmelo,Hugo,Carmelo,Verified emails found,2025-09-04 22:08:59,hugo@stake.capital,hugo@stake.capital,hugocarmelo@gmail.com,hugo@stake.capital,hugocarmelo@gmail.com,"hcarmelo@relive.pt,hugo.carmelo@angelsway.pt,hugo.carmelo@relive.pt,hugo.carmelo@jcostarodrigues.com,hcarmelo@jcostarodrigues.com,hugoc@angelsway.pt",,,,,https://www.linkedin.com/in/hugocarmelo,,,,,,,Financial Controller,Stake Capital Group,"Luxembourg, District de Luxembourg 1940, LU",stake.capital,https://www.stake.capital/,https://www.linkedin.com/company/stake-capital,Portugal,,,,PT,Stake Capital Group,Financial Controller,2023-05-01,Present,AngelsWay ?,Angel Investor,2025-01-01,Present,Relive,Head Of Finance,2022-03-01,Present,Relive,Senior Financial Controller,2022-03-01,2023-02-01,Deloitte,Senior Audit Consultant,2020-08-01,2021-05-01,INDEG-ISCTE Executive Education,Corporate Finance and Controlling,,,Universidade de Coimbra,"Master's degree, Management",,,"Crypto Accounting,Microsoft Excel,Marketing,Research,Music Festivals,Strategy,Group Work,Project Management,Logistics Management,Management,Data Analysis,Organization Skills,Event Planning,Event Management,Private Events,Marketing Event Planning,Microsoft Office,New Product Ideas,Social Network Analysis",,,,,,male,10,manager,Finance,Jysbtcbtcbtc,,,,,
87307064,Jacob Phillips,Jacob,Phillips,Verified emails found,2025-09-04 22:08:54,jacob@jbbadvancedtechnologies.com,jacob@jbbadvancedtechnologies.com,,,jacob@jbbadvancedtechnologies.com,jphillips@jbbadvancedtechnologies.com,8172793245,937-422-8670,"937-422-8670
937-671-2641
937-718-0529
706-566-7577",,https://www.linkedin.com/in/jacob-phillips-cpa-ctp-fmva-aaa48087,http://www.facebook.com/jake.phillips.7965,,,,,,Vice President of Financial Modeling,JBB Advanced Technologies,"17300 Dallas Pkwy 2000, Dallas, Texas 75248, US",jbbadvancedtechnologies.com,https://www.jbbadvancedtechnologies.com,https://www.linkedin.com/company/jbb-advanced-technologies,"Dallas, TX, US",Dallas,,TX,US,JBB Advanced Technologies,Vice President of Financial Modeling,2023-07-01,Present,JPMorgan Chase & Co.,VP Deposits Office of the CFO,2022-04-01,2023-07-01,"Sunflower Bank, N.A.",VP Quantitative Credit Models and Credit Risk Manager,2021-03-01,2022-04-01,Crowe,Senior Valuation Associate,2020-04-01,2021-03-01,Deloitte,Senior Auditor,2019-08-01,2020-04-01,Baylor University - Hankamer School of Business,Bachelor's degree,,,Corporate Finance Institute® (CFI),,,,"Microsoft Office,Microsoft Excel,Microsoft Word,Microsoft Access,Adobe Fireworks,Adobe Audition,Adobe Photoshop,Adobe Dreamweaver,Classroom,Mathematics,Work Ethic,Fitness,Labor,Project Management,Adobe Premiere Pro,Photoshop,Premiere,Leadership,Sales,Public Speaking,Customer Service",,,,,1990,male,10,vp,Finance,Jysbtcbtcbtc,,,,,
10057938,Robby Bowen,Robby,Bowen,Verified emails found,2025-09-04 22:08:16,robby.bowen@audacy.com,robby.bowen@audacy.com,robbybowen@gmail.com,robby.bowen@audacy.com,"robbybowen@gmail.com,rbowen@entercom.com",robby.bowen@entercom.com,2146828311,2146828311,"5045263035
2126494589
7023381680
2143610753
2144430222
7168370828
2143630275
9722399650
9722506200",,https://www.linkedin.com/in/robby-bowen-87727a12,https://facebook.com/robby.bowen.3,,,,,,Vice President of Sales,"Audacy, Inc.","Philadelphia, Pennsylvania, US",audacyinc.com,http://www.audacyinc.com,https://www.linkedin.com/company/audacy-inc,"Chicago, IL, US",Chicago,,IL,US,"Audacy, Inc.",Vice President of Sales,2025-06-01,Present,"Audacy, Inc.",Vice President Director of Sales,2021-03-01,Present,Entercom,Vice President Director of Sales,2019-06-01,Present,Entercom,General Sales Manager,2018-07-01,2019-06-01,Townsquare Media,Market President and Chief Revenue Officer,2016-05-01,2017-10-01,The University of Texas at Dallas,POST GRADUATE,,,The University of Texas at Dallas,BBA,,,"People Processes,Team Development,Sales Processes,Live Events,Presentations,Client Relations,Advertising,Marketing,Digital Media,Radio Advertising,Radio,Product Development,Advertising Sales,Media Buying,Media Planning,Integrated Marketing,Broadcast,Digital Marketing,Sponsorship,Television,Social Media Marketing,Sales,Mobile Marketing,Online Advertising,New Media,Social Media,Marketing Communications,Lead Generation,Online Marketing,Email Marketing,Direct Marketing,Public Speaking,Microsoft Excel",,,"CBS Interactive,NTR for Media,Mobile Marketing & Advertising,CBS Altitude Group,Sales Management Executives",,1970,male,29,vp,Sales,Jysbtcbtcbtc,,,,,
1920717,Lachlan Baird,Lachlan,Baird,Verified emails found,2025-09-04 22:08:16,lbaird@primevalue.com.au,lbaird@primevalue.com.au,lachlanbaird@gmail.com,lbaird@primevalue.com.au,lachlanbaird@gmail.com,,+61 419 550 250,+61 419 550 250,"+61 3 8600 9472
+61 135205
+61 3 8600 9470
+61 3 8622 9370",+61 3 9098 8088,https://www.linkedin.com/in/lachlan-baird-03b57727,,,,,,,Chief Financial Officer,Prime Value Asset Management,"Level 9, 34 Queen Street, Melbourne, Victoria 3000, AU",primevalue.com.au,https://www.primevalue.com.au,https://www.linkedin.com/company/prime-value-asset-management,"Melbourne, VIC, AU",Melbourne,,VIC,AU,Prime Value Asset Management,Chief Financial Officer,2024-08-01,Present,ACRE - Australian Centre for Rural Entrepreneurship,Chairperson,2024-09-01,Present,Prime Super,CEO,2005-03-01,2023-12-01,Prime Super,Chief Executive Officer and Company Secretary,2005-03-01,2023-12-01,Host Plus,Operations Officer,2002-01-01,2005-01-01,Institute of Chartered Accountants,CA,,,University of Melbourne,BComm,,,"Business Development,Business Strategy,Company Secretarial Work,Client Relations,Public Relations,Regulatory Submissions,Regulatory Compliance,Wealth Accumulation,Financial Reporting,Risk Management,External Audits,Financial Accounting,Accounting,Investments,Chemical Engineering,Strategic Planning,Financial Analysis,Sales,Strategy,Microsoft Office,Research,Account Management,Training",,,,,1965,male,27,cxo,C_suite,Jysbtcbtcbtc,,,,,
8788796,Jesikah Luangaphay,Jesikah,Luangaphay,Verified emails found,2025-09-04 22:08:13,jluangaphay@gmail.com,jesikah.luangaphay@westernstatescat.com,jluangaphay@gmail.com,"jluangaphay@gmail.com,jesikah.groves@gmail.com",jesikah.luangaphay@westernstatescat.com,,208-514-8896,208-514-8896,"208-422-1825
312-486-1000
208-452-4726
212-489-1600
312-946-2600
208-323-4000
208-344-3783",,https://www.linkedin.com/in/jesikah-luangaphay-438365b7,https://facebook.com/jesikah.luangaphay,,,,,,Chief Financial Officer,Western States Equipment,"500 E. Overland Road, Meridian, Idaho 83642, US",westernstatescat.com,https://www.westernstatescat.com,https://www.linkedin.com/company/western-states-equipment,"Boise, ID, US",Boise,,ID,US,Western States Equipment,Chief Financial Officer,2025-04-01,Present,Western States Equipment,Vice President Finance,2018-12-01,2025-04-01,Western States Equipment,Corporate Controller,2017-01-01,2018-12-01,Deloitte,Audit Senior Manager,2006-08-01,2017-01-01,,,,,Boise State University,Masters in Accountancy,,,University of Washington,Bachelor of Business Administration (BBA),,,"Accounting,Financial Reporting,Internal Controls,Financial Accounting,Project Management,Business Process Improvement,Risk Management,CPA,Financial Statement Auditing,Mentoring,Auditing,Management,Marketing,Business Process,Strategic Planning,Financial Statement,Budgets,Comprehend,Idaho,Bank Reconciliation,Bank Statements,Software Lifecycle,Fourth,Undergraduate,Deloitte,Delta,Real Estate,Great Personality,Leadership,Microsoft Excel,Explore,Business Operations,Recruiting,Buying,First Choice,Finance,Business Administration,Sales,Work Ethic,Suite,Strategy,Well Rounded,Psi,Exploring,Mortgage Lending,Communication,Selling,Accounts Payable,Dreams,Gamma,Dec Alpha,Seattle,Mortgage Marketing",,,,,1983,female,19,cxo,C_suite,Jysbtcbtcbtc,,,,,
43941447,John Rizoski,John,Rizoski,Verified emails found,2025-09-04 22:08:08,john.rizoski@303mullenlowe.com.au,john.rizoski@303mullenlowe.com.au,,john.rizoski@303mullenlowe.com.au,,,+61 419 246 011,+61 419 246 011,"+61 2 9006 7019
+61 2 9925 5333",,https://www.linkedin.com/in/johnzanerizoski,,,,,,,COO | CFO ANZ Attivo Group,Attivo,NZ,attivogroup.co,http://www.attivogroup.co,https://www.linkedin.com/company/attivogroup,"Sydney, NSW, AU",Sydney,,NSW,AU,Attivo,COO | CFO ANZ Attivo Group,2024-10-01,Present,303 MullenLowe,Chief Financial Officer,2021-02-01,Present,"Zenergy Safety, Health & Wellbeing",Chief Financial Officer,2020-08-01,2021-02-01,DRUM Creation Pty Ltd,Commercial Director,2020-02-01,2021-02-01,Clemenger BBDO,CFO,2013-01-01,2019-07-01,CPA Australia,,,,Institute of Public Accountants,MIPA AFA,,,"Accounting,Business Planning,Budgets,Forecasting,Business Development,Managerial Finance,Analysis,Financial Analysis,Negotiation,Financial Reporting,Human Resources,Finance,Internal Audit,Advertising,Cash Flow,Strategy,Digital Marketing,Budgeting,Microsoft Office,Marketing,Customer Service,Management,Project Management,Business Strategy,Financial Forecasting,Budgeting and Forecasting,Expenditure Control,Management Accounting,Board Governance,Company Secretarial Work,Mergers and Acquisitions M&A,Remuneration,Financial Accounting,Compensation and Benefits,Business Management,Audit Management,Board of Directors,Mergers and Acquisitions",,,"Finance Director CFO Careers,Chief Financial Officer (CFO) Network - The #1 Group for CFOs,CEO Incubator,Advertising Agency CFOs,Chartered Institute of Management Accountants - CIMA,Harvard Business Review,The Modern Finance Forum for the CFO, FD, Controller, finance and accounting function, (FSN),Aequalis Consulting,Advertising Pros",,1980,,26,cxo,,Jysbtcbtcbtc,,,,,
7928720,Michael Kenneth,Michael,Kenneth,Verified emails found,2025-09-04 22:08:02,mkenneth@wealthpoint.net,mkenneth@wealthpoint.net,michaelkenneth@att.net,"mkenneth@wealthpoint.net,michaelkenneth@att.net,mike.gcu@hotmail.com",,,6027735533,4803238955,"4803238955
6193689670",(602) 773-5533,https://www.linkedin.com/in/michaelkenneth,,,,,,,President,"WealthPoint, LLC","2398 East Camelback Road Suite 320, Phoenix, Arizona 85016, US",wealthpoint.net,http://www.wealthpoint.net,https://www.linkedin.com/company/wealthpoint-llc,"Mesa, AZ, US",Mesa,,AZ,US,"WealthPoint, LLC",President,2023-12-01,Present,"WealthPoint, LLC",Director of Solutions,2012-05-01,2023-12-01,Grand Canyon University,Tutor,2011-03-01,2012-06-01,It's All in the Game,Associate,2011-05-01,2012-01-01,Dick's Sporting Goods,Sales Associate,2010-04-01,2011-01-01,Grand Canyon University,Master's of Science,,,Grand Canyon University,Bachelor's of Science,,,"Statistics,Teamwork,Academic,Profit,Controller,Intelligent Agents,Customer Support,Tutoring,Microsoft Word,Business Analysis,Microsoft Office 2010,Leadership,New York,Sage Act,Sporting Goods,Deloitte,Tax,Responsibility,Microsoft Excel,Mathematics,Subjects,Sports,PowerPoint,Mind,Baseball,Risk,Research,Finance,Inventory,Broadway,Tempe,Sales,Social Media,Students,Profound,Economics,Analysis,Consideration,Internships,Work Ethic,Email Address,Obtain,Financial Services,Personal Profile,Project,Accounting,Phoenix",,,,,1991,male,15,cxo,C_suite,Jysbtcbtcbtc,,,,,
4699847,Diane Chen,Diane,Chen,Verified emails found,2025-09-04 22:07:52,diane.chen@netlinknbn.com,diane.chen@netlinknbn.com,,diane.chen@netlinknbn.com,,diane@netlinknbn.com,,,,(656) 535-7511,https://www.linkedin.com/in/diane-chen-4a81a254,,,,,,,Chief Financial Officer,NetLink NBN Trust,"Viva Business Park 750e Chai Chee Road #07-03, Tanah Merah, South East 469005, SG",netlinknbn.com,http://www.netlinknbn.com,https://www.linkedin.com/company/netlink-nbn-trust,Singapore,,,,SG,NetLink NBN Trust,Chief Financial Officer,2022-12-01,Present,Yantai CIMC Raffles Offshore Ltd.,Deputy CFO,2006-09-01,2012-04-01,PwC,Manager,1997-11-01,2006-09-01,Sembcorp Industries Ltd,"CFO, Sembcorp China",2021-06-01,2022-10-01,Sembcorp Industries Ltd,"Senior VP, Head of Financial Planning and Analysis, finance business partner",2012-04-01,2021-06-01,The association of chartered certified accountants,Master's degree,,,Ngee Ann Polytechnic,Diploma with Merit,,,"Accounting,Financial Modeling,Contract Management,Contract Negotiation,Microsoft Excel,International Capital Markets,Treasury Management,Insurance,Financial Reporting,Auditing,Company Secretarial Work,Due Diligence,Financial Analysis,Marketing,Customer Service",,,,,1977,female,27,cxo,C_suite,Jysbtcbtcbtc,,,,,
58696041,Christian Nye,Christian,Nye,Verified emails found,2025-09-04 22:07:49,christian@paykeeper.com,christian@paykeeper.com,cnye82@gmail.com,"christian@paykeeper.com,cnye82@gmail.com,christiannye@hotmail.com",cnye007@hotmail.com,,801-865-0628,801-865-0628,"801-737-5514
801-254-2447
801-571-1374
435-865-7682",,https://www.linkedin.com/in/christian-nye-02479822,http://www.facebook.com/christian.nye.58,https://twitter.com/zombiekillers41,,,,,Chief Product Officer,PayKeeper,"893 w Baxter Dr, South Jordan, Utah 84095, US",paykeeper.com,https://www.paykeeper.com,https://www.linkedin.com/company/paykeeper,"Draper, UT, US",Draper,,UT,US,PayKeeper,Chief Product Officer,2022-03-01,Present,Entrata,Vice President Of Product Management,2021-12-01,2022-03-01,Entrata,Director of Product Management,2018-01-01,2021-12-01,Entrata,Software Development Manager,2014-07-01,2018-01-01,Entrata,Development Project Manager,2013-08-01,2014-07-01,University of Utah - David Eccles School of Business,Master's,,,Southern Utah University,Bachelor's,,,"Financial Reporting,Accounting,General Ledger,Auditing,CPA,Management,Accounts Receivable,Consolidation,GAAP,Bookkeeping,Account Reconciliation,Cash Flow,Project Management,Financial Statements,Payroll,QuickBooks,Microsoft Dynamics ERP,US GAAP,SEC filings,Financial Audits,Accounts Payable,Audit,Internal Controls,SQL,Account Management,Java,Financial Analysis,Software Development,Consulting,Code,Human Resources,Adobe Contribute,Christian,Chinese,Reviews,Communication,Cell,Education,Detail,Engagements,Reports,Supervision,Lasting Relationships,Work Ethic,Risk Assessment,Diligent,Deloitte,Qualify,Lds,Characteristics,Sage,Work Well With Others,Taiwan,Culture,Resume,Mandarin,Portland,Field Work,Jordan,Websites",,,"Super CFO : Finance, Accounting, Tax, IFRS, Startup, PE, CEO, CA, CPA, CS, Networking, Professionals,Finance Plus: Private Equity, Venture Capital and M&A news",,1982,male,19,cxo,C_suite,Jysbtcbtcbtc,,,,,
15069708,Sharad Dubey,Sharad,Dubey,Verified emails found,2025-09-04 22:07:43,sharad.dubey@catalent.com,sharad.dubey@catalent.com,dubeysharad@gmail.com,"sharad.dubey@catalent.com,dubeysharad@gmail.com,sharadvineet@gmail.com",,,917-658-5977,917-658-5977,"609-664-6456
646-330-1540
+91 98715 33933
3174022326
212-773-4067
201-222-7465
973-588-4310
+91 80859 50600",,https://www.linkedin.com/in/sharaddubey,https://facebook.com/sharad.dubey,https://twitter.com/i/user/127136831,,,,,Vice President Finance,Catalent Pharma Solutions,"14 Schoolhouse Rd, Somerset, New Jersey 08873, US",catalent.com,https://www.catalent.com,https://www.linkedin.com/company/catalent-pharma-solutions,"Princeton, NJ, US",Princeton,,NJ,US,Catalent Pharma Solutions,Vice President Finance,2023-03-01,Present,Catalent Pharma Solutions,Sr. Director Finance and Accounting Cell and Gene Therapy,2022-01-01,2023-03-01,Catalent Pharma Solutions,Global Revenue Controller,2020-04-01,2022-05-01,EY,Senior Manager with Financial Accounting Advisory Services (FAAS),2015-10-01,2019-01-01,EY,Manager with Financial Accounting Advisory Services (FAAS),2014-11-01,2015-09-01,American Institute of Certified Public Accountant (AICPA),Certified Public Accountant (CPA),,,ICAI,Chartered Accountant,,,"Reporting,SoX,Corporate FP&A,Internal Controls,Decision-Making,Sarbanes-Oxley Act,Relationship Building,Business Planning,Cash Flow,Internal Audits,Budgeting,Process Improvement,Manufacturing,External Audits,Data Analysis,Account Management,Analytical Skills,Business Analysis,Mergers & Acquisitions (M&A),IFRS,Accounting,Financial Accounting,US GAAP,SEC filings,Financial Services,Assurance,Mergers & Acquisitions,IPO,GAAP,Finance,Financial Reporting,U.S. Generally Accepted Accounting Principles (GAAP),International Financial Reporting Standards (IFRS),Financial Analysis,Financial Statements,Due Diligence,Revenue Recognition,Management,Auditing,General Ledger,U.S. Securities and Exchange Commission (SEC),Close Process,Technical Accounting Research,SEC Financial Reporting,Consolidation,Leadership,Lifelong Learning,Thought Leadership,Employee Engagement,Faas,Project Management,u.s. Generally Accepted Accounting Principles Gaap,Customer Service,Finance and Accounting,Advisory,Advisory Services,Services,International Financial Reporting Standards Ifrs,Research,Microsoft Excel,Strategic Planning,Mergers and Acquisitions,Financial Advisory,SEC,Europe,Stock Exchange,Market,Reporting Requirements,Accounting Issues,Books,Draft,Location,Computing,Serving,New Opportunities,Quantification,Work Ethic,Conversant,Offerings,Int,Treatment,Assessment,Transaction Processing,Travel,Data Conversion,Content Development,Visa,Circulation,Multi Cultural Environment,Qualification,Financials,Statutory,Ferrous,Cell,Healthcare,Team Management,Training Material,Engagements,Organizational Restructuring,Change Impact Analysis,Deloitte,Training,Policy,Mumbai,Talented,Streamline,Gender,Streamlining,Key Clients,Stakeholders,Personal Life,Controller,Combination,Economics,Gas,Applications,Preparedness,Client Services,Communication,New Clients,Energy,Indian,Remediation,Newsletters,Contractual Agreements,Fortis,SEC Regulations,Passport,Media,Pricing,Internal Audit,Corporate Work,Regulations,Personal Profile,Establish Priorities,Cables,Trust,Tax,Reviews,Reduce Costs,Cross Border,E Learning,Valid,Addressing,Prospectus,Proposal Writing,India,Commerce,Work Independently,Acquisition Integration,Financial Transactions,Chartered Accountant,Filing,Housing Finance,Flexibles,PPA,U.S. Securities And Exchange Commission Sec,u.s. Generally Accepted Accounting Principles,International Financial Reporting Standards,u.s. Securities and Exchange Commission",,,"Accounting & Audit,Chartered Accountant Firms in India (Largest CA Firms Group),Global HR Forum,Finance Professionals Worldwide,Chief Financial Officer (CFO) Network - The #1 Group for CFOs,Global Jobs!!!,Mergers and Acquisitions from FinancePlus,Jobs for Chartered Accountants,IFRS US consulting opportunities,Finance Plus: Private Equity, Venture Capital and M&A news,Big Four Accounting Consulting - Deloitte, Ernst & Young, KPMG, PwC, Accenture, Capgemini (Big4.com)",,1981,male,18,vp,Finance,Jysbtcbtcbtc,,,,,
3603390,Greg Muzzillo,Greg,Muzzillo,Verified emails found,2025-09-04 22:07:41,gregmuzzillo@gmail.com,gregm@circleofa.org,gregmuzzillo@gmail.com,,"gregmuzzillo@gmail.com,gregm@circleofa.org",greg@proforma.com,248-880-8000,248-880-8000,"248-433-3339
620-215-1831
+216 52 084 001
800-776-3762
813-579-6450
216-520-8400
248-444-8888
7044586034
2484330338
7048950620
7048955481
7048959132
7048955480
7049872275
8132512620
2485208400
2488950602
2484330337
2162729485
2164861324
2168384888
4408384888
7048950602
1.2488808000
503-598-6626
248-433-0339",,https://www.linkedin.com/in/greg-muzzillo-ba51ba2,https://facebook.com/greg.muzzillo,http://www.twitter.com/GregoryMuzzillo,,,,,founder,proforma,"8800 E Pleasant Valley Rd, Independence, Ohio 44131, US",proforma.com,http://www.proforma.com,https://www.linkedin.com/company/proforma,"Florida, United States",,,FL,US,proforma,founder,1978-01-01,Present,Dream Big Ventures,,,Present,Circle of Atonement,Public Relations and Communications Volunteer,2025-04-01,Present,Million Dollar Mindset,Author,2020-09-01,Present,,,,,Baldwin Wallace University,BS,,,Ashland Theological Seminary,,,,"Leadership,Visionary,Direct Marketing,Website Development,E Commerce,Printing,B2b,Online Marketing,Brand Development,Offset Printing,Corporate Branding,Screen Printing,Business,Account Management,Sales,Graphic Design,Trade Shows,Market Planning,Start Ups,Brand Awareness,Mobile Marketing,Motivational Speaking,Digital Marketing,Advertising,Lead Generation,Integrated Marketing,Franchising,SEO,Passionate about work,Digital Printing,Corporate Gifts,Online Advertising,Business Planning,Entrepreneurship,Acquisitions,Marketing,New Business Development,Direct Mail,Social Media Marketing,Variable Data Printing,Creative Direction,Print Management,Email Marketing,Business Strategy,Small Business,Marketing Communications,Marketing Strategy,Brand Management,Promotional Products",,,,,1954,male,47,owner,C_suite,Jysbtcbtcbtc,,,,,
10544824,Ira Mosberg,Ira,Mosberg,Verified emails found,2025-09-04 22:07:36,ira.mosberg@hudsonexecutive.com,ira.mosberg@hudsonexecutive.com,imosberg@yahoo.com,"ira.mosberg@hudsonexecutive.com,imosberg@yahoo.com",,,3475244323,3475244323,516-625-0323,(212) 521-8495,https://www.linkedin.com/in/ira-mosberg-cpa-1077466,http://www.facebook.com/ira.mosberg,,,,,,COO and CCO,Hudson Executive Capital,"570 Lexington 35th Florida Ave, New York, New York 10022, US",hudsonexecutive.com,http://www.hudsonexecutive.com,https://www.linkedin.com/company/hudson-executive-capital,"New York, NY, US",New York,,NY,US,Hudson Executive Capital,COO and CCO,2024-03-01,Present,Hudson Executive Capital,Chief Financial Officer,2017-08-01,Present,Hudson Executive Capital,Controller,2015-11-01,2017-07-01,Hudson Executive Securities LLC,Controller,2021-08-01,2023-12-01,Hudson Executive Investment Corp. II and III,Chief Financial Officer,2021-09-01,2022-12-01,Tulane University,BSM,,,Tulane University - A.B. Freeman School of Business,BSM,,,"Hedge Funds,SMA,Audit,Financial Services,Tax,Partnership Accounting,Financial Reporting,Fixed Income,Equities,Options,Swaps,Trade Execution,Trade Settlement,Bloomberg,EMSX,13F,FATCA,Investor Reporting,Geneva,Axys,Work Ethic,Partnerships,Resume,Microsoft Excel,Portfolio,Private Practice,Tax Accounting,Microsoft Word,Forms,Treatment,Leadership,Deloitte,Research,Accounting,Hearing,Strategic Relationships,Strategic Planning,Management,PowerPoint,LinkedIn,FIN 48",,,,,1976,male,24,cxo,C_suite,Jysbtcbtcbtc,,,,,
48817000,James Kelley,James,Kelley,Verified emails found,2025-09-04 22:07:30,jkelley@deloitte.com,jkelley@deloitte.com,jamesdkelley9@gmail.com,"jkelley@deloitte.com,jamesdkelley9@gmail.com,jakelley@deloitte.com",,"jkelley@deloitte.de,james.kelley@deloitte.de",203-722-9873,203-722-9873,"9046651486
9198092323
8553695371
203-762-1213",,https://www.linkedin.com/in/james-kelley-2112b028,https://facebook.com/james.kelley.79219,,,,,,Managing Director,Deloitte,"1 Little New Street House Hl, London, Greater London EC4A 3TR, GB",deloitte.com,http://www.deloitte.com/,https://www.linkedin.com/company/deloitte,"Florida, United States",,,FL,US,Deloitte,Managing Director,2006-09-01,Present,Moore Kirkland & Beauston,Staff and Senior Accountant,2003-01-01,2006-01-01,,,,,,,,,,,,,University of South Carolina Darla Moore School of Business,Master's,,,Pensacola Christian College,BS,,,"Internal Controls,Auditing,Accounting,Financial Reporting,GAAP,Sarbanes-Oxley Act,External Audit,US GAAP,Financial Accounting,Tax Accounting,CPA,Virginia,Sarbanes Oxley Act,Backhoe,Manufacturing,Surveying,JavaScript,Materials,Tests,Textbooks,Programming,Environmental Science,Engineering,Research,Marketing,Carpentry,Meridian,Responsibility,Administrative Work,Heavy Equipment,Automation,UAV,Administrative Assistance,Conferences,Tourism,Construction,CAD/CAM,Public Speaking,Metallurgy,Asset,Microsoft Office,Project,Community,Seminars,Manual Labor,Applications,Materials Science,Networking,Editing,Operations,Science,Cnc,R&d,Logistics,Teaching,Biotechnology,Automation Studio,Hardness,Social Media,Proposal Writing,Account Management,Scholarships,Grass Gis,Project Management",,,CPA & Business Professional Group,,1990,male,22,director,,Jysbtcbtcbtc,,,,,
4043930,Eric Detweiler,Eric,Detweiler,Verified emails found,2025-09-04 22:07:18,eric.detweiler@barclays.com,eric.detweiler@barclays.com,eric.m.detweiler@gmail.com,"eric.detweiler@barclays.com,eric.m.detweiler@gmail.com,eric.detweiler1@gmail.com",,,8174803561,8174803561,"2122568967
2122568970",,https://www.linkedin.com/in/eric-detweiler-55ab9812,https://facebook.com/eric.detweiler.9,,,,,,Vice President,Barclays Investment Bank,"745 Seventh Avenue, New York, New York 10019, US",cib.barclays,https://www.cib.barclays,https://www.linkedin.com/company/barclays-corporate-and-investment-bank,"New York, NY, US",New York,,NY,US,Barclays Investment Bank,Vice President,2024-03-01,Present,Verus Commercial Real Estate Finance (VCREF),Underwriting Director,2021-01-01,2024-04-01,"Stabilis Capital Management, LP",Associate - Underwriting and Asset Management,2017-01-01,2021-01-01,Clay Cove Capital,MBA Intern,2016-06-01,2016-11-01,EY,Senior,2014-01-01,2015-01-01,University of Pennsylvania - The Wharton School,Master of Business Administration (M.B.A.),,,University of Pennsylvania - The Lauder Institute,Master’s Degree,,,"Real Estate Due Diligence,CMBS,Finance,Investments,Microsoft Excel,Financial Analysis,Japanese,Internal Controls,Accounting,Financial Reporting,Auditing,US GAAP,Corporate Finance,Due Diligence,Financial Modeling,Valuation,International,Obtain,Level 1,Economics,Email Address,National Honor Society,STAR,Sun Microsystems,Excel,Dallas,Bellaire,Financial Services,Asian Studies,Financial Accounting,Business Administration,Volleyball,Microsoft Office,Testing,Audit,Japan,Direct Mail,Culture,Management,Mergers and Acquisitions,Academic Achievement,Country,Hospitals",,,,,1987,male,13,vp,,Jysbtcbtcbtc,,,,,
103939586,Minal Babaria,Minal,Babaria,Verified emails found,2025-09-04 22:07:14,mbabaria@kbtaxdevisers.com,mbabaria@kbtaxdevisers.com,mtbabaria@gmail.com,"mbabaria@kbtaxdevisers.com,mtbabaria@gmail.com,tushar294@hotmail.com","mbabaria@yahoo.com,mbabaria1@yahoo.com,rjojnson73@gmail.com,tbabaria@hotmail.com,tushar294@yahoo.com,mmickanin@hotmail.com,minsmunch@yahoo.co.in,minalpatel2412@yahoo.co.in",mbabaria@forbesfinancecouncil.com,484-629-4546,484-629-4546,"201-982-3449
6109892814
610-253-4909
610-366-6611
610-366-1138
484-274-1138",,https://www.linkedin.com/in/minal-babaria,,,,,,,CEO and Founder,KB Tax Deviser CPAs,"Pennsylvania, US",kbtaxdevisers.com,http://kbtaxdevisers.com,https://www.linkedin.com/company/kbtaxdeviser,"Emmaus, PA, US",Emmaus,18049,PA,US,KB Tax Deviser CPAs,CEO and Founder,2016-05-01,Present,Forbes Finance Council,Official Member,2021-01-01,Present,New Vitae Wellness and Recovery,Director of Finance,2018-05-01,2019-08-01,Planned Parenthood Keystone,Controller,2016-06-01,2017-11-01,Doctor's Finance LLC,Senior Tax Accountant,2013-06-01,2016-06-01,American Institute of Certified Tax Coach,Certified Tax Coach,,,AICPA,CPA,,,"General Ledger,Auditing,Accounting,Financial Statements,Tax Preparation,Account Reconciliation,Financial Analysis,Multi-state tax returns,Cash Flow Forecasting,IRS problem resolution,Multi-state Payroll Processing,Internal Controls,Journal Entries,Fixed Assets,Tax Returns,Detail Orientation,Creative Problem Solving,Able To Multi-task,Microsoft Excel,Microsoft Word,S Corporations,Bookkeeping,Team Building,Troubleshooting/IT Support,Month End Closing,Variance Analysis,Regulatory Compliance,Training,Tax Compliance,Year End Reporting,Tax Analysis,Technology,Professionalism,Time Management,Multi-task & Handle High-volume Workloads,Analytic Problem Solving,State Tax Law,Multi State Payroll Tax,Journal Entry Preparation/Posting,Fixed Asset Depreciation,Commitment towards work,Banking,Budget Process,High Level Of Accuracy,Accounting Processes,Tax Planning & Tax Projections,Tax Planning,Financial Planning,Financial Reporting,Tax",,,,,1983,female,18,owner,C_suite,Jysbtcbtcbtc,,,,,
7209699,Paul Glanville,Paul,Glanville,Verified emails found,2025-09-04 22:07:05,pglanville@wsfsbank.com,pglanville@wsfsbank.com,squiiglanville@gmail.com,"pglanville@wsfsbank.com,squiiglanville@gmail.com,pglanville@thebeneficial.com",philip.larue@cox.net,,609-254-3337,609-254-3337,"856-449-9756
856-401-9189
267-256-2823
267-675-0663
223-934-7838
2158646730",,https://www.linkedin.com/in/paul-glanville-6292a853,,,,,,,Senior Vice President Real Estate Finance,WSFS Bank,"500 Delaware Ave, Wilmington, Delaware 19801, US",wsfsbank.com,http://www.wsfsbank.com,https://www.linkedin.com/company/wsfs-bank,"New Jersey, United States",,,NJ,US,WSFS Bank,Senior Vice President Real Estate Finance,2019-03-01,Present,Beneficial Bank,"Senior Vice President, Mid-Market Commercial Real Estate",2014-03-01,Present,Fox Chase Bank,Senior Vice President  - Real Estate Finance,2011-06-01,2014-03-01,LEM Capital,VICE PRESIDENT,2007-09-01,2011-07-01,Sovereign Bank,"VICE PRESIDENT, COMMERCIAL RELATIONSHIP MANAGER III",2003-07-01,2007-09-01,Duquesne University,Master of Business Administration (MBA),,,Penn State University,Bachelor of Science,,,"Commercial Lending,Portfolio Management,Credit Analysis,Commercial Real Estate Analysis,Client Development,Sales Presentations,Asset Managment,property valuation,Loan Work-outs,Loans,Appraisals,Asset Management,Due Diligence,Strategy,Investment Properties,Customer Service,Commercial Real Estate,Banking,Loan Work Outs",,,"Commercial Real Estate Finance Professionals,The Real Estate Networking Group (Investor Strategies)",,1959,male,43,vp,Finance,Jysbtcbtcbtc,,,,,
9889477,Gerald McGrath,Gerald,McGrath,Verified emails found,2025-09-04 22:07:00,gerald_mcgrath@valpak.com,gerald_mcgrath@valpak.com,gerrymcgrath136@gmail.com,"gerald_mcgrath@valpak.com,gerrymcgrath136@gmail.com,gmcgrath@valpak.com,mcgrath01@comcast.net,vpnh@comcast.net",,,9142320671,6035533539,"6035533539
7345220100
9786820025
6034322211",,https://www.linkedin.com/in/gerald-mcgrath-324b2914,http://www.facebook.com/gerry.mcgrath.90,https://twitter.com/valpaknh,,,,,President and CEO,"Valpak of New Hampshire, Inc.","8605 Largo Lakes Dr, Largo, Florida 33773, US",valpak.com,https://www.valpak.com/advertise,https://www.linkedin.com/company/valpak,"Londonderry, NH, US",Londonderry,,NH,US,"Valpak of New Hampshire, Inc.",President and CEO,1992-04-01,Present,Digital Equipment Corporation,Property Comptroller,1988-01-01,1992-04-01,Digital Equipment Corporation,Financial Analyst,1988-01-01,1992-03-01,,,,,,,,,Salem State University,Bachelor of Science (B.S.),,,Salem State University,B.S.,,,"Direct Marketing,Advertising,Direct Mail,Lead Generation,Marketing,Email Marketing,New Business Development,Online Marketing,B2B,Selling,Marketing Strategy,Digital Marketing,Small Business,SEM,Sales,Social Media Marketing,Account Management,Customer Retention,Mobile Marketing,Online Advertising,Advertising Sales,Sales Management,Digital Media,Cold Calling,Database Marketing,Integrated Marketing,Market Planning,Philanthropy,SEO,Strategic Partnerships,Trade Shows,Business Development,Business-to-Business (B2B),Analysis,Leadership,SQL,Business to Business B2b,Business to Business",,,"Sales Professionals in New Hampshire,Coupon Marketer,Digital Marketing 101,National Sales, Business Development Leadership in the Greater Boston Area",,1958,male,37,owner,C_suite,Jysbtcbtcbtc,,,,,
29362081,David Burnett,David,Burnett,Verified emails found,2025-09-04 22:06:48,burnettschool@aol.com,david.burnett@honeywell.com,burnettschool@aol.com,burnettschool@aol.com,david.burnett@honeywell.com,dburnett@honeywell.com,9014768709,,,,https://www.linkedin.com/in/david-burnett-ab314a27,,,,,,,VP and CFO - Integrated Supply Chain,Honeywell,"855 S Mint St, Charlotte, North Carolina 28202, US",honeywell.com,http://www.honeywell.com,https://www.linkedin.com/company/honeywell,"Flowery Branch, GA, US",Flowery Branch,,GA,US,Honeywell,VP and CFO - Integrated Supply Chain,2024-12-01,Present,Honeywell,VP and CFO Integrated Supply Chain,2024-12-01,Present,Honeywell,Chief Financial Officer - Integrated Supply Chain,2023-04-01,2025-04-01,Honeywell,Director of Finance - ISC and Manufacturing,2020-02-01,2023-07-01,Procter & Gamble,Cost Analyst,2008-01-01,2011-12-01,University of Phoenix,MBA,,,University of Phoenix,BA,,,"Leadership,Six Sigma,Auditing,Variance Analysis,SAP,Cost Accounting,Tax,Forecasting,Process Improvement,Hyperion,Hyperion Enterprise,Microsoft Excel,US GAAP,Internal Controls,Manufacturing,Financial Analysis,GAAP,Business Process Improvement,Sarbanes Oxley Act,Budgets,Financial Reporting,General Ledger,Supply Chain,Continuous Improvement,Analysis,Financial Audits,Business Analysis,ISO 14001,Scheduling,Accounting,Finance,Interviews,Financial Statements,Delivery,Point of Contact,Aol,Project Planning,Managerial Finance,RFQ,Burnett,Tax Compliance,Resume,Execution,Co Sourcing,RFP,Iso 9000,Expense Management,Energy,Business Process Re Engineering,Concurrent,Directing,Staff Management,Hiring,Business Development,Adobe Contribute,Negotiation,Management,Email Address",,,,,1978,male,27,vp,,Jysbtcbtcbtc,,,,,
375070672,Grant Rapaport,Grant,Rapaport,Verified emails found,2025-09-04 22:06:44,grant@harperandscott.com,grant@harperandscott.com,jackrap@gmail.com,"grant@harperandscott.com,jackrap@gmail.com",,,9173313987,9173313987,5165151727,(844) 442-7737,https://www.linkedin.com/in/grant-rapaport-coocfo,,,,,,,Chief Financial Officer,Harper + Scott,"915 Broadway, New York, New York 10010, US",harperandscott.com,http://www.harperandscott.com,https://www.linkedin.com/company/harper-scott,"New York, NY, US",New York,,NY,US,Harper + Scott,Chief Financial Officer,2021-05-01,Present,Frameworx Consulting,Managing Director,2020-11-01,Present,Rhino Africa,COO and CFO,2016-09-01,2020-11-01,RISE AFRICA FOUNDATION,Director,2017-06-01,2020-10-01,NYSSCPA,Chairman Private Equity and Venture Capital Committee,2015-06-01,2017-07-01,University of Cape Town,Masters - PGDA (CTA),,,University of Cape Town,B. Comm (Honours) Accounting,,,"Private Equity,Financial Reporting,Finance,Internal Audit,Auditing,IFRS,Internal Controls,Valuation,Financial Accounting,GAAP,External Audit,Financial Services,Sarbanes-Oxley Act,Hedge Funds,Consolidation,Consulting,SEC filings,Enterprise Risk Management,Service Providers,Digital Marketing,Venture Capital,Change Management,Financial Analysis,Financial Modeling,Operations Management,Sales Management,Data Analysis,Human Resources (HR),Information Technology,Project Management,Due Diligence,Business Process Improvement,Online Marketing,Risk Management,Financial Statements,Business Analysis,Cash Flow Forecasting,Treasury Management,Microsoft Excel,Google Suite,Google Analytics,Leadership,Problem Solving,Process Improvement,Sales Funnels,Salesforce.com Implementation,Board of Directors,Company Secretarial Work,Investor Relations,Management",,,,,1981,male,20,cxo,C_suite,Jysbtcbtcbtc,,,,,
17249544,Mark Minichiello,Mark,Minichiello,Verified emails found,2025-09-04 22:06:36,markminichiello@gmail.com,,markminichiello@gmail.com,,markminichiello@gmail.com,markm@quincycass.com,6303199831,6303199831,"3104734411
1.3104734411
7732446601
3104455353",(310) 473-4411,https://www.linkedin.com/in/mark-minichiello-03ba40,https://facebook.com/mark.minichiello.3,,,,,,Chief Executive Officer,Quincy Cass Investment Management,"11111 Santa Monica Blvd Ste. 1650, Los Angeles, California 90025, US",quincycass.com,https://www.quincycass.com/,https://www.linkedin.com/company/quincy-cass-associates-inc,"Los Angeles, CA, US",Los Angeles,,CA,US,Quincy Cass Investment Management,Chief Executive Officer,2021-12-01,Present,Quincy Cass Investment Management,President and Chief Investment Officer,2009-12-01,2021-12-01,"Opportunity Research Group, LLC",Principal,2004-02-01,2009-12-01,"Spin-Off Advisors, LLC",Founding Principal,1998-01-01,2004-01-01,,,,,The University of Chicago - Booth School of Business,Master of Business Administration (M.B.A.),,,Northeastern University,Bachelor of Business Administration (B.B.A.),,,"Investments,Asset Management,Hedge Funds,Equities,Alternative Investments,Portfolio Management,Management,Strategy,Private Equity,Due Diligence,Capital Markets,Mutual Funds,Securities,Asset Allocation,Entrepreneurship,Financial Advisory,Fixed Income,Investment Advisory,Youth And Childrens Services,Employability For 15 21 Year Olds,Intergenerational Work,Young Mums",,,,,1967,male,27,cxo,C_suite,Jysbtcbtcbtc,,,,,
6243802,Edward Laprade,Edward,Laprade,Verified emails found,2025-09-04 22:06:28,elaprade@thinkadnet.com,elaprade@thinkadnet.com,,,elaprade@thinkadnet.com,,8182750463,860-573-9644,"860-573-9644
8604091700
8606881798
413-527-1221
8606883500
860-668-1798
8602980061
8609824735
8606887555
8604091715",(860) 409-1700,https://www.linkedin.com/in/edlaprade,https://facebook.com/ed.laprade.7,https://twitter.com/edlaprade,,,,,Co-Founder - Retired,ADNET Technologies,"Connecticut 06796, US",thinkadnet.com,https://thinkadnet.com,https://www.linkedin.com/company/adnet-technologies-llc,"Farmington, CT, US",Farmington,,CT,US,ADNET Technologies,Co-Founder - Retired,2023-08-31,Present,ADNET Technologies,Co-Founder and Senior Advisor,2021-07-31,2025-06-30,ADNET Technologies,Co-CEO,1991-10-31,2021-08-31,,,,,,,,,Penn State University,Information Systems/Accounting,,,"Isenberg School of Management, UMass Amherst",M.S.,,,"Business Strategy,Training,Startups,Management,Leadership,Strategic Planning,Public Speaking,Team Building,Customer Service,Microsoft Office,Program Management,Social Media,Business Development,Strategic Partnerships,Start Ups,Personal Consultation,Sales,Venture Capital,Email Marketing",,,,,1958,male,33,owner,C_suite,Jysbtcbtcbtc,,,,,
98502222,Federico Monti,Federico,Monti,Verified emails found,2025-09-04 22:03:07,federico.monti@notarify.io,federico.monti@notarify.io,voidlabnet@gmail.com,"federico.monti@notarify.io,voidlabnet@gmail.com,assicurazionimonti@gmail.com",federico.monti@allianz.co.uk,"federico.monti@gruppoitas.it,federico.monti@thedoor.it,federicomonti@allianz.co.uk",+39 331 998 8252,+39 331 998 8252,"+39 348 826 1442
+39 464020402
+39 464020424",,https://www.linkedin.com/in/federicomonti1980,https://facebook.com/fmbroker,http://www.twitter.com/VoidLabNet,,,,,Founder and CEO,Notarify,"Milano, Lombardia, IT",notarify.io,http://www.notarify.io,https://www.linkedin.com/company/notarify,"Milan, IT",Milan,,,IT,Notarify,Founder and CEO,2021-03-01,Present,ZBX Blockchain Smart Solutions,Owner and Chairman,2018-10-01,2021-03-01,Bmanity - Comproeuro Franchising,Chief Executive Officer,2017-11-01,2018-05-01,Confcommercio Trentino,Consigliere Gruppo Giovani,2015-08-01,2016-09-01,NUIT - Nuovi Imprenditori Italia,Founder and Administrator,2015-03-01,Present,Università Statale di Milano,Facoltà,,,Corso Euros per la preparazione all'esame di iscrizione all'Albo dei Promotori Finanziari,,,,"Notarify3 - Blockchain certification,Business plan,Management,Strategia d'impresa,Banking,Microsoft Office,Assicurazioni,Blockchain,Bitcoin,Crypto,Start-up,Fundraising,Raccolta fondi",,,,,1980,male,15,owner,C_suite,Jysbtcbtcbtc,,,,,
1505030,Edward Chin,Edward,Chin,Verified emails found,2025-09-04 22:03:01,edwardchin1@gmail.com,ed@parataxis.io,edwardchin1@gmail.com,edwardchin1@gmail.com,ed@parataxis.io,,562-484-8834,562-484-8834,"646-684-6056
7756716585
917-265-0854
212-526-4081
562-407-3848
2125382384
41443331111
8488808441
6033198951
562-809-1970",,https://www.linkedin.com/in/edwardchin1,http://www.facebook.com/edward.chin2,,,,,,Founder,Parataxis Capital,"New York, New York 10020, US",parataxis.io,http://www.parataxis.io,https://www.linkedin.com/company/parataxiscap,"New York, NY, US",New York,,NY,US,Parataxis Capital,Founder,2019-01-01,Present,US Army,Captain,2001-01-01,2005-01-01,,,,,,,,,,,,,The Wharton School,MBA,,,"University of California, Berkeley",BA,,,"Portfolio Management,Corporate Finance,Cross-functional Team Leadership,Strategy,Blockchain / Crypto,Investment Banking,Cross Functional Team Leadership",,,,,1979,male,10,owner,C_suite,Jysbtcbtcbtc,,,,,
2853166,Adam Back,Adam,Back,Verified emails found,2025-09-04 22:02:51,adam@blockstream.com,adam@blockstream.com,adamback@gmail.com,"adam@blockstream.com,adamback@gmail.com,xanxan0713@msn.com",,,480-247-1294,480-247-1294,"1.6503967202
44.1837871687
1.4253762686
1.7815772877
480-374-4590",,https://www.linkedin.com/in/adam-back-043342,https://facebook.com/adamback94,https://twitter.com/adam3us,,https://www.crunchbase.com/person/adam-back,https://angel.co/adam3us,,co-founder and CEO,Blockstream,"1111 Dr. Frederik-Phillips Blvd Suite #644, Montreal, Quebec H4M 2X6, CA",blockstream.com,https://www.blockstream.com,https://www.linkedin.com/company/blockstream,"Sliema, MT",Sliema,,,MT,Blockstream,co-founder and CEO,2016-10-01,Present,Blockstream,Co-Founder,2014-01-01,Present,Bitcoin Consultant,Applied Cryptographer,2013-04-01,Present,Emc,Chief Info Sec Officer,2008-06-01,2010-07-01,Pi Corporation,Security Architect and Co-Founder,2003-12-01,2010-07-01,University of Exeter,,,,,,,,"Cloud Computing,Security Architecture Design,Distributed Systems,Cryptography,Distributed File Systems,Firewalls,Computer Security,Algorithms,Encryption,Scalability,Network Security,Privacy Law,Information Security,Security,Identity Management,Embedded Systems,Crypto,Security Architecture...,Crypto Currencies,Solution Architecture,Public Speaking,Integration,Sales",,,cypherpunks,,1974,male,27,owner,C_suite,Jysbtcbtcbtc,,,,,
69513494,Carter Qiu,Carter,Qiu,Verified emails found,2025-09-04 22:02:40,carterqiu@outlook.com,,carterqiu@outlook.com,carterqiu@outlook.com,,,61450271866,61450271866,,,https://www.linkedin.com/in/carter-qiu-2a6076a8,https://facebook.com/carterqiu33,,,,,,Chief Executive Officer,TokenWin,"Yerevan, Yerevan 0010, AM",tokenwin.com,https://about.tokenwin.com/,https://www.linkedin.com/company/tokenwintech,"Cupertino, CA, US",Cupertino,,CA,US,TokenWin,Chief Executive Officer,2022-11-01,Present,TokenWin,CEO,,Present,Neonworld,Founder and CEO,2021-03-01,Present,Loop Tech,Co-Founder,2016-10-01,Present,G20 Young Entrepreneurs Alliance,Vice President of China Delegation,2019-04-01,2020-12-01,Macquarie University,,,,,,,,"Online Gaming,Startups,Crypto,startup,social network,Business Strategy,Game Design,Social Games",,,,,1993,male,8,cxo,C_suite,Jysbtcbtcbtc,,,,,
1066781,Huankiat Seh,Huankiat,Seh,Verified emails found,2025-09-04 22:01:38,huankiat.seh@symphonyda.io,huankiat.seh@symphonyda.io,huankiat.seh@gmail.com,"huankiat.seh@symphonyda.io,huankiat.seh@gmail.com",,"huankiatseh@phillip.com.sg,sehh@phillip.com.sg,huankiat@phillip.com.sg,huankiats@phillip.com.sg,hseh@phillip.com.sg,seh@phillip.com.sg,huankiat_seh@phillip.com.sg",6596402207,6596402207,"1.4804158660
65.96402207
6565327008",,https://www.linkedin.com/in/hkseh,https://facebook.com/huankiat.seh,https://twitter.com/huankiat,https://github.com/huankiat,,https://angel.co/huankiat,https://quora.com/huankiat-seh,Chief Executive Officer,Symphony Digital Assets,"Singapore 640213, SG",symphonyda.io,https://www.symphonyda.io/,https://www.linkedin.com/company/symphony-digital-assets,Singapore,,,,SG,Symphony Digital Assets,Chief Executive Officer,2023-07-01,Present,PhillipCapital,Fintech Director,2021-01-01,Present,TDT Asia,Non Executive Chairman,2023-06-01,Present,CA Funding | Fintech Platform,CTO,2013-01-01,2020-01-01,Intel Corporation,Senior Engineer,2005-01-01,2011-01-01,Massachusetts Institute of Technology,,,,Imperial College London,,,,"Data Modeling,Capacity Modeling,Materials Science,Process Development,Django,Software Development,Ceramics,Electronics Packaging,SharePoint,Engineering Management,Python,Data Mining,Materials,Capacitors,Microsoft Office,Simulations,VBA,Product Lifecycle Management,Process Improvement,Software Engineering,Optics,Semiconductor Industry,Testing,Manufacturing,Semiconductors,Characterization,Sensors,JMP,R&D,Ceramic,Machine Learning,Design of Experiments,SPC,Failure Analysis,Supply Management,MEMS,Thin Films,Process Simulation,C++,Nanotechnology,Capacity Utilization,Physics,Real Estate,Crowdfunding,Start-ups,Business Strategy,Start Ups",,,"MIT Massachusetts Institute of Technology Alumni,Property Crowdfunding,Python Web Developers,CoAssets.com,Amazon Web Services Community Network,Harvard Business Review",,1969,male,18,cxo,C_suite,Jysbtcbtcbtc,,,,,
376505866,Lyubomyr Koval,Lyubomyr,Koval,No emails found,2025-09-04 22:01:33,,,,,,,,,,,https://www.linkedin.com/in/lyubomyr-koval-278ab5253,,,,,,,Chief Executive Officer,Orbeon Protocol,VI,orbeonprotocol.com,https://www.orbeonprotocol.com,https://www.linkedin.com/company/orbeon-protocol,"London, GB",London,,,UK,Orbeon Protocol,Chief Executive Officer,2021-10-01,Present,Cardano,Investor,2019-05-01,Present,Solana Labs,Investor,2020-12-01,Present,Ethereum,Investor,2018-05-01,Present,Bitcoin Inc.,Investor,2016-01-01,Present,National Technical University of Ukraine 'Kyiv Polytechnic Institute',Bachelor of Business Administration - BBA,,,,,,,,,,,,,male,9,cxo,C_suite,Jysbtcbtcbtc,,,,,
715998367,Gregory Pepin,Gregory,Pepin,Verified emails found,2025-09-04 22:01:28,greg@iofinnet.com,greg@iofinnet.com,pepin.gregory@me.com,"greg@iofinnet.com,pepin.gregory@me.com,gpepin@delchain.io",,,9044145718,,,,https://www.linkedin.com/in/gregory-pepin,,,,,,,Chief Executive Officer,Io FinNet,"10760 Trego Trail, Raleigh, North Carolina 27614, US",iofinnet.com,https://www.iofinnet.com/,https://www.linkedin.com/company/iofinnet,"George Town, George Town, KY",George Town,,,KY,Io FinNet,Chief Executive Officer,2021-07-01,Present,THERAVECTYS,Board Member,2016-10-01,Present,Tenax Therapeutics,Board Member,2009-08-01,2021-05-01,Deltec,Executive and Relationship Manager,2017-08-01,2021-03-01,Delchain,Board Member,2019-07-01,Present,HEC Lausanne - The Faculty of Business and Economics of the University of Lausanne,,,,,,,,"Life Sciences,Biotechnology,Mergers,Strategic Planning,Start-ups,Pharmaceuticals,Venture Capital,Business Strategy,Budgeting,Contract Negotiation,Biopharmaceuticals,Negotiation,Entrepreneur,Investments,Corporate Development,Executive Management,Due Diligence,Grants,Analysis,Non-profits",,,,,,,20,cxo,C_suite,Jysbtcbtcbtc,,,,,
570459448,Jose Ko,Jose,Ko,Verified emails found,2025-09-04 22:01:09,josesjko@gmail.com,,josesjko@gmail.com,josesjko@gmail.com,,"jose@intellax.io,jose.ko@intellax.io,jko@intellax.io,ko@intellax.io,joseko@intellax.io,josek@intellax.io,koj@intellax.io,jose_ko@intellax.io,joseko@neowiz.com,jko@neowiz.com",,,,,https://www.linkedin.com/in/jose-ko-b4a64a203,,,,,,,Chief Executive Officer,Intella,"Singapore 640213, SG",intellax.io,https://intellax.io/,https://www.linkedin.com/company/intellaweb3,"Gyeonggi-do, South Korea",,,,KR,Intella,Chief Executive Officer,2022-03-01,Present,NEOWIZ Corp,Division Director,2016-04-01,Present,NEOWIZ Corp,P2E Team Lead,2021-11-01,2022-08-01,NEOWIZ Corp,Studio Director,2017-01-01,2019-02-01,Superplex Inc.,Co-CEO,2020-12-01,2022-08-01,Korea University,Bachelor in Economics,,,Universidad de Colima,Exchange Student,,,"???? ??,???,????,????,??,??,????",,,,,,male,17,cxo,C_suite,Jysbtcbtcbtc,,,,,
236313760,Vsevolod Michalevsky,Vsevolod,Michalevsky,No emails found,2025-09-04 22:01:07,,,,,,,,,,,https://www.linkedin.com/in/michalevsky,,,,,,,Chief Executive Officer,Definme,AE,definme.com,https://definme.com/,https://www.linkedin.com/company/definme,"Dubai, AE",Dubai,,,AE,Definme,Chief Executive Officer,2022-04-01,Present,OnGrid Systems,"Co-Founder, Chief Executive Officer",2018-06-01,2022-06-01,OnGrid Systems,"Co-Founder, Chief Business Development Officer",2017-06-01,2018-06-01,National Research University of Electronic Technology (MIET),Microsoft 70-270 Certification Program Teacher;,2008-03-01,2008-07-01,National Research University of Electronic Technology (MIET),Telecom department assistant,2007-08-01,2008-07-01,National Research University of Electronic Technology (MIET),Telco Sec & IT Engineer,,,,,,,,,,,,1987,male,17,cxo,C_suite,Jysbtcbtcbtc,,,,,
2179588,John Thomas,John,Thomas,Verified emails found,2025-09-04 22:01:01,jet@blockstar1.com,jet@blockstar1.com,freedomdevelopment7@gmail.com,"jet@blockstar1.com,freedomdevelopment7@gmail.com,jet7777@icloud.com",,,7739318732,,"312-239-0010
3128528660
3129850168
312-621-1116
3124217708
312-421-8417",,https://www.linkedin.com/in/john-everest-thomas-673b626,http://www.facebook.com/jtnycchicago,,,,,,Chief Executive Officer,Blockstar Corporation,"318 W Adams St, Chicago, Illinois 60606, US",blockstar1.com,https://www.blockstar1.com,https://www.linkedin.com/company/blockstar1,"Chicago, IL, US",Chicago,,IL,US,Blockstar Corporation,Chief Executive Officer,2024-02-01,Present,Blockstar,Founder and CEO,2024-02-01,Present,"THE JET COMPANIES, INC",Chief Executive Officer,2017-01-01,2024-09-01,"THE JET COMPANIES, INC",Chief Executive Officer,2021-01-01,2024-02-01,Jet Companies LLC,Principal CEO,2017-01-01,2024-02-01,"Questrom School of Business, Boston University",,,,xavier,,,,"Real Estate Development,REO,Property,Brokerage,Investors,Real Estate Transactions,Location Intelligence,Capital,Real Estate Economics,Investment Properties,Private Placements,Joint Ventures,Real Estate,Acquisitions,Funding,Property Management,Private Equity,Structured Finance,Asset Managment,Due Diligence,Asset Management,Buyer Representation,Foreclosures,Appraisals,Apartments,Real Estate Investor,Tenant Representation,Marketing,Real Estate Private Equity,Investments,Real Estate Financing,Mortgage Lending,Sales,Microsoft Excel,Mergers and Acquisitions,Disposition,Financial Structuring,Residential Homes,FHA,Leases,Valuation,Commercial Mortgages,Residential Mortgages,Commercial Real Estate,Shopping Centers,Strategy,Marketing Strategy,Condos,Strategic Planning,Corporate Real Estate,Landlords,Portfolio Management,Tenant,Sellers,Startups,Short Sales,Venture Capital",,,,,1962,male,24,cxo,C_suite,Jysbtcbtcbtc,,,,,
121438362,Paul Saliba,Paul,Saliba,Verified emails found,2025-09-04 22:00:51,paul@volpex.io,paul@volpex.io,saliba79@hotmail.com,"paul@volpex.io,saliba79@hotmail.com",,,+34 680 82 79 27,+34 680 82 79 27,"34.680827927
351915150151
447447798261",,https://www.linkedin.com/in/paul-saliba,http://www.facebook.com/saliba79,,,,,,Chief Executive Officer,VolpeX,KN,volpex.io,https://www.volpex.io/,https://www.linkedin.com/company/volpex,"Dubai, AE",Dubai,,,AE,VolpeX,Chief Executive Officer,2022-09-01,Present,ONYX Investment Management,,,Present,SAVA Investment Management,Managing Partner,2019-01-01,2019-09-01,GSR,Director Of Business Development,2017-04-01,2018-08-01,GSR,Crypto Trader,2014-03-01,2018-08-01,London South Bank University,BA Hons International Business & Modern Languages,,,Universidad Autónoma de Madrid,Erasmus,,,"Estrategia,FinTech,Estrategia empresarial,Insurance,Inversiones,Change Management,Banca privada,Plan de negocio,Negociación,Cryptocurrency,New Business Development,Cambio organizacional,Investments,Banca,Business Strategy,Ventas,Planificación estratégica,Crypto trading,Negotiation,Finanzas",,,,,1979,male,19,cxo,C_suite,Jysbtcbtcbtc,,,,,
375587552,Anthony Moro,Anthony,Moro,Verified emails found,2025-09-04 22:00:47,amoro@me.com,,amoro@me.com,amoro@me.com,,"amoro@zecurity.net,anthony@zecurity.net,amoro@biltrewards.com",917-476-2790,917-476-2790,"212-815-5838
646-715-6583
732-870-3736
617-722-7000
408-944-4000
212-495-1784
650-372-1100
212-815-2233
212-571-3050
617-382-9190",,https://www.linkedin.com/in/anthonymoro,,,,,,,Chief Executive Officer,Provenance Blockchain Labs,"650 California St Suite 2700, San Francisco, California 94108, US",,,https://www.linkedin.com/company/provlabs,"New York, NY, US",New York,,NY,US,Provenance Blockchain Labs,Chief Executive Officer,2024-07-31,Present,Bilt,Strategic Advisor,2021-01-01,Present,Zecurity,Strategic Advisor,2021-01-01,Present,Provenance Blockchain Foundation,Chief Executive Officer,2022-07-31,2024-07-31,ROX Financial LP,President and Principal Executive Officer,2019-01-01,2022-01-01,Brown University,,,,,,,,"Capital Markets,Alternative Investments,Securities,Hedge Funds,Equities,Valuation,Investments,Fixed Income,Investment Banking,Private Equity,Derivatives,Bloomberg,Emerging Markets,Corporate Finance,Financial Modeling,Financial Markets,Asset Management,Investor Relations,Trading,Financial Services,Team Leadership,Mergers & Acquisitions,Leadership,Management,Banking,Finance,Venture Capital,Sales,Due Diligence,Investment Strategies,Marketing,Financial Structuring,Investor Development,Strategic Planning,IPO,Private Equity Firms,Alternative Assets,Corporate Development,Private Placements,Strategic Investment,ADRs,Europe, the Middle East, and Africa (EMEA),Entrepreneurship,Executive Management,Contract Negotiation,Business Process,Marketing Strategy,Strategic Negotiations,FinTech",,,,,1970,male,28,cxo,C_suite,Jysbtcbtcbtc,,,,,
238560839,Gergely Fábián,Gergely,Fábián,Verified emails found,2025-09-04 22:00:39,gfabian@galaxis.xyz,gfabian@galaxis.xyz,,gfabian@galaxis.xyz,,,,,,,https://www.linkedin.com/in/fabiangergely,,,,,,,Chief Executive Officer,GALAXIS,"Zollikerstrasse 24, Zollikon, Zurich 8702, CH",galaxis.xyz,https://galaxis.xyz/#/,https://www.linkedin.com/company/galaxisxyz,Hungary,,,,HU,GALAXIS,Chief Executive Officer,2024-09-01,Present,Nemzetgazdasági Minisztérium,State secretary for industrial policy and technology,2022-12-01,2024-09-01,Magyar Nemzeti Bank,Executive Director,2017-09-01,2022-09-01,Magyar Nemzeti Bank,Director of Directorate Financial System Analysis,2015-03-01,2017-08-01,Magyar Nemzeti Bank,Head of Macroprudential Analysis department,2013-07-01,2015-03-01,Maastricht University,Master of Science (MSc),,,,,,,"Analysis,Economics,Macroeconomics,Financial Markets,Financial Analysis,Derivatives",,,,,1990,male,15,cxo,C_suite,Jysbtcbtcbtc,,,,,
40494933,Artur Pszczó?kowski,Artur,Pszczó?kowski,Verified emails found,2025-09-04 22:00:35,artur@gg3.xyz,artur@gg3.xyz,,"artur@gg3.xyz,artur@gamerhash.com",,,+48 505 199 533,+48 505 199 533,48.505199533,,https://www.linkedin.com/in/arturpszczolkowski,http://www.facebook.com/artur.pszczolkowski,https://twitter.com/apszczolkowski,,,,,Chief Executive Officer,GG3,"Dubai, AE",gg3.xyz,https://www.gg3.xyz,https://www.linkedin.com/company/gg3,"Pozna?, PL",Pozna?,61,,PL,GG3,Chief Executive Officer,2023-07-01,Present,Elevare,,,Present,GamerHash,Board Member,2021-07-01,Present,Ari10,Co-Founder and Board Member,2019-06-01,Present,GamerHash,CMO and VP,2019-07-01,Present,"Saïd Business School, University of Oxford",,,,College of Communication and Management,,,,"Blockchain,E-commerce,Online Marketing,Web Analytics,Email Marketing,SEM,Marketing Strategy,Digital Marketing,Project Management,Online Advertising,Mobile Applications,Strategy,Marketing Communications,Social Media,SEO,Marketing Management,Internet Strategy,Web Consultancy,Cryptocurrency,Crypto,ICO,Web Marketing,blockchain strategy,E Commerce,International Business,Account Management,Marketing,Social Media Marketing,Crytpocurrencies",,,,,1983,male,18,cxo,C_suite,Jysbtcbtcbtc,,,,,
21963034,Nina Blankenship,Nina,Blankenship,Verified emails found,2025-09-04 22:00:31,ninablankenship@gmail.com,,ninablankenship@gmail.com,ninablankenship@gmail.com,,,407-620-2703,407-620-2703,"646-384-0885
+65 8181 1536
+65 8133 8556
212-981-2383
212-615-9300
855-653-5653
212-966-4426",,https://www.linkedin.com/in/nblankenship,https://facebook.com/nina.blankenship,https://twitter.com/ninablankenship,,,,,Chief Executive Officer,Crypto Tutors,US,cryptofortheculture.io,https://www.cryptofortheculture.io/,https://www.linkedin.com/company/crypto-tutors,"Orlando, FL, US",Orlando,,FL,US,Crypto Tutors,Chief Executive Officer,2021-07-01,Present,Crypto Tutors,Co-Founder,2020-07-01,Present,National Science Foundation (NSF),NSF SBIR Phase I Grant Awardee,2023-12-01,2024-07-01,National Science Foundation (NSF),National I-Corps Graduate,2024-03-01,2024-05-01,Let's Brainstorm,Chief Executive Officer,2020-09-01,2022-05-01,University of Florida,,,,University of West Florida,,,,"Retail,Sourcing,Recruiting,Sales,Store Management,E-commerce,Human Resources,Hiring,Training,Visual Merchandising,Leadership Development,Merchandising,Strategic Planning,Employee Relations,Time Management,Talent Acquisition,Marketing,Customer Service,Fashion,Apparel,Employee Training,Lateral Thinking,B2C Marketing,Brand Management,Communication,Content Marketing,Leadership,Public Relations,Public Speaking,Management,Client Relations,Social Networking,Networking,Social Media Marketing,Sales Presentations,Interviews,Interviewing,Account Management,Executive Search,video,Video Production,Viral Video,Viral Marketing,Lead Generation,B2B Marketing,Content Strategy,Brand Awareness,Cryptocurrency,Blockchain,crypto,E Commerce,Business Analysis,See Less,See 6+",,,,,1984,female,16,cxo,C_suite,Jysbtcbtcbtc,,,,,
49996823,Christophe Ozcan,Christophe,Ozcan,Verified emails found,2025-09-04 22:00:20,christophe.ozcan@tozex.io,christophe.ozcan@tozex.io,,christophe.ozcan@tozex.io,,christophe.ozcan@crypto4all.com,,,,,https://www.linkedin.com/in/christophe-ozcan-72a26758,,,,,,,Chief Executive Officer,Crypto4All,FR,crypto4all.com,https://crypto4all.com,https://www.linkedin.com/company/crypto4all,"Paris, FR",Paris,,,FR,Crypto4All,Chief Executive Officer,2015-07-01,Present,TOZEX - Tokenization as Service,Chief Technology Officer,2020-05-01,Present,ISO - International Organization for Standardization,Blockchain commission member,2017-01-01,Present,DeepSquare,Board Member,2023-05-01,Present,CREDITS Blockchain Platform,Blockchain Advisor,2017-08-01,2019-09-01,ESME,Engineer's degree,,,Ecole spéciale de Mécanique et d'Electricité,Engineering degree,,,"Project Management,Business Strategy,Microsoft Office,Blockchain Analyst,Lean Manufacturing,International Project Management,Automotive,Microsoft Excel,MS Project,Team Management,Commissioning,Cryptocurrency Knowledge,Entrepreneurship,SQL,Software Project Management,Gestion de projet,Startups,Management,IT Management",,,,,1989,male,15,cxo,C_suite,Jysbtcbtcbtc,,,,,
742579866,Marius Martocsan,Marius,Martocsan,Likely emails found,2025-09-04 22:00:19,,,,,,"marius.martocsan@zesh.io,mmartocsan@zesh.io,mariusmartocsan@zesh.io,mariusm@zesh.io,mmartocsan@angustos.ro,marius.martocsan@angustos.ro,mariusmartocsan@angustos.ro",,,,,https://www.linkedin.com/in/martocsan,,,,,,,Chief Executive Officer,Zesh AI Layer,"Singapore 640213, SG",zesh.io,https://zesh.io,https://www.linkedin.com/company/zesh,Romania,,,,RO,Zesh AI Layer,Chief Executive Officer,2023-12-01,Present,Nezo Hub,Business Advisor,2024-08-01,Present,Ponder One,Business Advisor,2023-12-01,Present,Ferma Angustos,Partner,2023-07-01,Present,Pearl Beauty Center Satu Mare,Managing Director,2018-01-01,2022-01-01,Universitatea de Vest „Vasile Goldi?” din Arad,Web Developer,,,,,,,,,,,,,male,17,cxo,C_suite,Jysbtcbtcbtc,,,,,
46245811,Kirk Chapman,Kirk,Chapman,Verified emails found,2025-09-04 22:00:12,kirk.chapman@omnumi.io,kirk.chapman@omnumi.io,kirkschapman@gmail.com,"kirk.chapman@omnumi.io,kirkschapman@gmail.com,bigguyjc@hotmail.com",,,801-423-2853,419-870-1055,"419-870-1055
979-821-7398
979-567-3244
714-537-4526
714-537-8334
979-821-7301
409-567-3255
813-989-7100
409-567-3244
813-989-7121
813-989-7118
813-914-8693
813-989-7024
813-989-7062",,https://www.linkedin.com/in/kirk-chapman-58969667,,,,,,,Chief Executive Officer,Omnumi,,omnumi.io,https://omnumi.io/,https://www.linkedin.com/company/omnumi,"Greenville, SC, US",Greenville,,SC,US,Omnumi,Chief Executive Officer,2022-07-01,Present,Galileo Financial Technologies,Head Of Strategy,2021-06-01,2022-07-01,SoFi,Advisor to the CEO,2020-05-01,2022-07-01,SoFi,"VP Engineering and Product, Bank",2020-08-01,2021-06-01,SoFi,VP of  Operations - TechOps,2019-01-01,2020-08-01,Bob Jones University,,,,,,,,"Security,Cloud Computing,Account Management,Business Strategy,Strategic Planning,Process Improvement,Management,Microsoft Exchange,Management Consulting,Business Development,Marketing Strategy,Project Management,Integration,Sales Management,Program Management,Microsoft Office,Active Directory,Start-ups,Team Building,Software Development,Change Management,New Business Development,Power,Start Ups,Validation,Marketing,Software Validation,Public Speaking",,,,,1950,male,22,cxo,C_suite,Jysbtcbtcbtc,,,,,
38444620,Danosch Zahedi,Danosch,Zahedi,Verified emails found,2025-09-04 22:00:08,danoschz@gmail.com,danosch@artsdao.io,danoschz@gmail.com,"danoschz@gmail.com,danosch@artsdao.io,danosch@hotmail.com",,,46.700606181,,"971552483428
31205027555",,https://www.linkedin.com/in/danoschzahedi,,,,,,,Chief Executive Officer,TheBlock.,"Dubai, Dubai, AE",the-block.com,https://the-block.com/,https://www.linkedin.com/company/the-block-global,"Dubai, United Arab Emirates",,,,AE,TheBlock.,Chief Executive Officer,2025-01-01,Present,4+Ventures,Head of Investment and Partnerships,2025-09-01,Present,Arts DAO,Vice Chairman of the Board,2025-03-01,Present,Arts DAO,Chief Executive Officer,2024-01-01,2025-03-01,Arts DAO,Chief Commercial Officer (CCO),2023-09-01,2024-01-01,Cass Business School,BSc,,,Lund University,Master,,,"Business Strategy,Business Development,Management,Project Management,Start-ups,Marketing Strategy,Leadership,New Business Development,Negotiation,Entrepreneurship,Sales Management,Strategy,Fast-Moving Consumer Goods (FMCG),Strategic Planning,Business Planning,Change Management,Marketing Management,B2b,Key Account Management,Sales,Start Ups,Market Research,Competitive Analysis,Team Leadership,Fast Moving Consumer Goods Fmcg,FMCG,Marketing,Pricing Strategy,Market Analysis,Marketing Communications,Pricing,Fast Moving Consumer Goods",,,,,1988,male,14,cxo,C_suite,Jysbtcbtcbtc,,,,,
788872602,Kirill Minyaev,Kirill,Minyaev,No emails found,2025-09-04 22:00:05,,,,,,,,,,,https://www.linkedin.com/in/cyrill-minyaev,,,,,,,Chief Executive Officer,Defimoon,IT,defimoon.org,https://defimoon.org,https://www.linkedin.com/company/defimoon,"Rome, IT",Rome,,,IT,Defimoon,Chief Executive Officer,2021-01-01,Present,Algem,Security Team Lead,2022-03-01,2023-06-01,HaqqPad,Chief Executive Officer,2024-03-01,Present,Gordian Agency,Project Manager,2021-01-01,2022-01-01,Gordian Agency,Smart contracts auditor,2020-01-01,2021-01-01,VIU - Universidad Internacional de Valencia,Master's degree,,,Rome Business School,Master's degree,,,,,,,,,,9,cxo,C_suite,Jysbtcbtcbtc,,,,,
465037,Frank Speiser,Frank,Speiser,Verified emails found,2025-09-04 21:59:58,fspeiser@metafide.io,fspeiser@metafide.io,frank.speiser@gmail.com,"fspeiser@metafide.io,frank.speiser@gmail.com,fspeiser@yahoo.com,fspeiser@aol.com",,"frank.speiser@onebyaol.com,fspeiser@onebyaol.com,fspeiser@glasswing.vc,frank.speiser@glasswing.vc,frank@onebyaol.com,frankspeiser@onebyaol.com",646-509-1546,646-509-1546,"646-912-4951
917-397-0595
212-883-9844
6468952377
631-423-1160
203-485-0125",,https://www.linkedin.com/in/fspeiser,https://facebook.com/fspeiser,https://twitter.com/fspeiser,,https://www.crunchbase.com/person/frank-speiser,https://angel.co/frank-speiser,,Chief Executive Officer,Metafide,"Miami, Florida, US",metafide.io,https://www.metafide.io/,https://www.linkedin.com/company/metafide,"New York, NY, US",New York,,NY,US,Metafide,Chief Executive Officer,2021-10-01,Present,Glasswing Ventures,Advisor,2017-01-01,Present,Rabble,Chief Technology Officer,2020-10-01,2024-12-01,Talla,Chief Executive Officer,2019-11-01,2021-09-01,SocialFlow,"Co-Founder, Chief Product Officer",2009-03-01,2019-11-01,Columbia University,,,,University of Louisiana at Monroe,,,,"Team Building,Scalability,S3,Digital Media,Cloud Computing,Management,Social Web,Social Technologies,NoSQL,Web Development,Amazon Web Services (AWS),Debian,Budget Setting,Product Development,Mobile Product Development,Vision,Perl,Moose,Python,Cassandra,Stream Processing,Big Data,Hiring Employees,Cost-containment,Start-up Organizations,Fundraising,Advisory Boards,Board of Directors,Software Development,PHP,Web Applications,Strategy,SaaS,Leadership,Integration,Open Source,Mobile Devices,Social Networking,Venture Capital,Strategic Partnerships,Sword Fighting,Start-ups,Social Media,Start Up Organizations,Start Ups,Software as a Service Saas,Cost Containment,Amazon Web Services Aws,Amazon Web Services,Software as a Service",,,,,1976,male,27,cxo,C_suite,Jysbtcbtcbtc,,,,,
708661346,Constantin Guggi,Constantin,Guggi,Verified emails found,2025-09-04 21:59:56,constantin@swisstronik.com,constantin@swisstronik.com,,constantin@swisstronik.com,,,,,,,https://www.linkedin.com/in/constantin-guggi-864118261,,,,,,,Chief Executive Officer,Swisstronik,,swisstronik.com,https://link.swisstronik.com/okb,https://www.linkedin.com/company/swisstronik,"Geneva, GE, CH",Geneva,,GE,CH,Swisstronik,Chief Executive Officer,2022-01-01,Present,Bosnart AG,Managing Director,2009-01-01,Present,SIBIR ENERGY LIMITED,Head of Trading,2006-01-01,2010-01-01,TotalEnergies,Oil Trader,2002-01-01,2006-01-01,Texaco,Oil Trader,2000-01-01,2002-01-01,IMD,AEDP program,,,,,,,,,,,,,male,28,cxo,C_suite,Jysbtcbtcbtc,,,,,
72039705,Charles St.Louis,Charles,St.Louis,Verified emails found,2025-09-04 21:59:47,charles@delv.tech,charles@delv.tech,charlesstlouis@gmail.com,"charles@delv.tech,charlesstlouis@gmail.com,ecm.group.inc@gmail.com,dks98c@yahoo.com",,,613-854-1995,613-854-1995,613-863-7847,,https://www.linkedin.com/in/charlesstlouis,http://www.facebook.com/stl.charles,https://twitter.com/charliestlouis,,,,,Chief Executive Officer,DELV,"Dallas, Texas 76182, US",delv.tech,https://www.delv.tech,https://www.linkedin.com/company/delv-tech,Canada,,,,CA,DELV,Chief Executive Officer,2023-06-01,Present,DELV (Formerly Element Finance),Chief Operating Officer,2021-01-01,2023-06-01,MakerDAO,Governance @ MakerDAO,2021-01-01,2021-09-01,Ethereum,Core Contributor,2018-10-01,2021-06-01,MakerDAO,Decentralized Governance Architect,2020-02-01,2021-01-01,Queen's University,Bachelor's Degree of Science,,,Harvard Business School Online,,,,"Public Speaking,Leadership,Data Analysis,Statistics,Economics,Programming,Event Planning,Research,Social Media,Sports,Analysis,Business Analytics,Financial Analysis,Machine Learning,Software Design,Project Management,iOS Development,Python,Microsoft Excel,Blockchain Development,HTML,CSS,Teamwork,Customer Service,Management,Mathematical Analysis,Probability Theory,Applied Probability,Managerial Economics,Blockchain Management,Ethereum Developer,Pro bono consulting,Smart Contract Developer",,,,,1995,male,8,cxo,C_suite,Jysbtcbtcbtc,,,,,
81151224,Jawad Ashraf,Jawad,Ashraf,Verified emails found,2025-09-04 21:59:43,jawad@terravirtua.io,jawad@terravirtua.io,janoon@gmail.com,"jawad@terravirtua.io,janoon@gmail.com,jawad@vanarchain.com",,,+971 50 559 9073,+971 50 559 9073,+971 4 427 9575,,https://www.linkedin.com/in/jawadashrafuae,,,,,,,Chief Executive Officer,Vanar,,vanarchain.com,https://www.vanarchain.com,https://www.linkedin.com/company/vanarchain,United Arab Emirates,,,,AE,Vanar,Chief Executive Officer,2023-11-01,Present,Virtua,Co-Founder and CEO,2022-01-01,Present,Terra Virtua,Founder and CTO at Terra Virtua,2016-01-01,2022-01-01,The ENTERTAINER,Director of Technical Strategy,2019-02-01,2020-01-01,The Entertainer FZ LLC,Head of Technology,2013-03-01,2019-02-01,University of Greenwich,Bachelor of Science (BSc),,,,,,,"Enterprise Architecture,Start-ups,Blackberry applications,Android,SEO,SaaS,Offshoring,SDLC,iOS,Business Analysis,Web Project Management,Problem Solving,Team Management,Service Desk,Project Management,Web Applications,IT Strategy,E-commerce,Microsoft Technologies,PMO",,,,,1971,male,29,cxo,C_suite,Jysbtcbtcbtc,,,,,
68145790,Jess Houlgrave,Jess,Houlgrave,Verified emails found,2025-09-04 21:59:42,jess@reown.com,jess@reown.com,,"jess@reown.com,jess@walletconnect.com",,,+44 7725 369228,+44 7725 369228,,,https://www.linkedin.com/in/houlgrave,,https://twitter.com/jessyblock,https://github.com/jesshoulgrave,,https://angel.co/jesshoulgrave,,Chief Executive Officer,Reown,,reown.com,http://reown.com/,https://www.linkedin.com/company/re-own,"Lisbon, Portugal",,,,PT,Reown,Chief Executive Officer,2024-08-31,Present,WalletConnect,Chief Executive Officer,2024-01-31,Present,WalletConnect,Chief Operating Officer,2023-07-31,2024-01-31,Bank of England,CBDC Engagement Forum Member,2021-07-31,2024-11-30,Checkout.com,Crypto GTM and Strategy,2022-02-28,2023-02-28,Sotheby's Institute of Art,Master of Arts,,,University of Oxford,Master of Arts,,,,,,,,1976,male,11,cxo,C_suite,Jysbtcbtcbtc,,,,,
105009669,Mike Kanovitz,Mike,Kanovitz,Verified emails found,2025-09-04 21:59:40,mike@loevy.com,mike@loevy.com,,"mike@loevy.com,mike@jurat.io,michael@loevy.com",,,7739440099,,3123768345,,https://www.linkedin.com/in/mike-kanovitz-4196b287,,,,,,,Chief Executive Officer,Jurat Blockchains,"Chicago, Illinois 60607, US",jurat.io,https://www.jurat.io,https://www.linkedin.com/company/jurat,"Chicago, IL, US",Chicago,,IL,US,Jurat Blockchains,Chief Executive Officer,2020-10-01,Present,Loevy & Loevy Attorneys At Law,Partner,2001-07-01,Present,,,,,,,,,,,,,Cornell Law School,J.D.,,,,,,,,,,,,1973,male,24,cxo,C_suite,Jysbtcbtcbtc,,,,,
2748391,Will Villanueva,Will,Villanueva,Verified emails found,2025-09-04 21:59:34,william.j.villanueva@gmail.com,,william.j.villanueva@gmail.com,"william.j.villanueva@gmail.com,wvillanu89@gmail.com,wv6324@gmail.com",,,5103552748,,"4152129225
1.5052508462
4088555600
2123375816",,https://www.linkedin.com/in/williamvillanueva,https://facebook.com/williamjsvillanueva,https://twitter.com/wjvill,https://github.com/villanuevawill,,https://angel.co/williamjsvillanueva,,Chief Executive Officer,Element Finance,"Dallas, Texas 76182, US",delv.tech,https://www.delv.tech,https://www.linkedin.com/company/delv-tech,"San Francisco, CA, US",San Francisco,,CA,US,Element Finance,Chief Executive Officer,2020-10-01,Present,ConsenSys,"Founding Researcher - Quilt (Eth 2.0, Phase 2)",2019-01-01,2020-09-01,Bounties Network,CTO and Cofounder,2018-01-01,2019-01-01,6sense,Architect and Engineering Team Lead,2015-03-01,2018-02-01,ProcureNow (now OpenGov Procurement),Cofounder and CTO,2015-11-01,2017-11-01,New Mexico Institute of Mining and Technology,Bachelor of Science (BS),,,,,,,"JavaScript,Strategy,SEO,Website Development,Copy Editing,bootstrap.js,AngularJS,HTML,MySQL,CSS,Backbone.js,HTML 5,Angular.js,Physics,Technical Writing,Social Networking,InDesign,Java,SQL,Public Relations,CoffeeScript,D3.js,Writing,Matlab,jQuery,Editing,Business Analysis,Leadership,Software,Stack,Node.js,Microsoft Office,Social Media,Analytics,Git,MongoDB,Public Speaking,Project Management,Engineering,Sales,Research,Python,Webpack,Frontend,Engineering Management,Linux,Data Engineering,Infrastructure,redux.js,Microsoft Azure,babel.js,Airflow,Web Development,Presto,Hadoop,React.js,Psql,Big Data,Ethereum,Kubernetes,Ipfs,Hive,Web3,Fullstack,Apache Airflow,Express.js,Blockchain,Cascading Style Sheets Css,Software Development,Solidity,Celery,Django,CTO,Amazon Web Services Aws,Python Programming Language,Backend,Databases,Networking,Help Desk Support,System Administration,Management,Training,Program Management,Access,Outlook,Switches,Microsoft Word,Data Analysis,Team Building,Microsoft Excel,Team Leadership,Project Planning,Analysis,Remote Desktop,Telecommunications,PowerPoint,Process Improvement,Online Support,Workstation Administration,Network Administration,Windows and Mac Operating Systems,Database Administration,Amazon Web Services,Cascading Style Sheets",,,,,1978,male,14,cxo,C_suite,Jysbtcbtcbtc,,,,,
49404367,David Taylor,David,Taylor,Verified emails found,2025-09-04 21:59:26,dave@etherfuse.com,dave@etherfuse.com,davidjamestaylor@gmail.com,"dave@etherfuse.com,davidjamestaylor@gmail.com",,,3105576048,4804305405,"4804305405
8703734031",,https://www.linkedin.com/in/lifehug,,https://twitter.com/etherfuse,,,,,Chief Executive Officer,etherfuse,"Irvine, California 92620, US",etherfuse.com,https://etherfuse.com,https://www.linkedin.com/company/etherfuse,"Irvine, CA, US",Irvine,,CA,US,etherfuse,Chief Executive Officer,2022-05-01,Present,Memo,VP of Engineering,2021-01-01,2022-06-01,Joy Labs,VP of Engineering,2018-11-01,2021-01-01,Joy Labs,Chief Operating Officer,2019-04-01,2020-06-01,Apple,Engineering Leader,2015-01-01,2018-11-01,MIT Sloan School of Management,,,,University of Illinois Urbana-Champaign,,,,"Android,PHP,Java,HTML,CSS,C,C++,XML,Python,Mobile Applications,Backbone.js,HTML 5,jQuery,RESTful WebServices,REST,RESTful architecture,Web Development,Software Engineering,Apache,Scrum,JavaScript,HTML5,Programming,Skirts,IceFaces,Candy,Software Development,Leadership,IT Strategy,Consulting,Distributed Systems,Algorithms,Digital Strategy,Business,Start Ups,Clojure,Kafka,Agile Methodologies,Negotiation,Vendor Management,Strategic Planning,Swift,Haskell,Strategy Alignment,Cloud,Entrepreneurship,Network Security,Kubernetes,Rust Programming Language,Clojurescript,Management,Test Driven Development,Project Management,Venture Capital,Stream Processing,Amazon Web Services Aws,Amazon Web Services,Rust",,,"Ira A. Fulton Schools of Engineering,Ira A. Fulton School of Engineering at Arizona State University",,1981,male,15,cxo,C_suite,Jysbtcbtcbtc,,,,,
54426173,Irene Woerner,Irene,Woerner,Verified emails found,2025-09-04 21:58:57,irene@emtruth.com,irene@emtruth.com,irenewoerner@gmail.com,"irene@emtruth.com,irenewoerner@gmail.com,irene@3effect.com",,,8182682968,8182682968,8182418068,,https://www.linkedin.com/in/irenewoerner,,,,,,,Chief Executive Officer (CEO),"emTRUTH, Inc.","Glendale, California 91207, US",emtruth.com,https://emtruth.com,https://www.linkedin.com/company/emtruth,"Los Angeles, CA, US",Los Angeles,,CA,US,"emTRUTH, Inc.",Chief Executive Officer (CEO),2020-02-01,Present,"3Effect, LLC",Principal Consultant and President,2002-01-01,Present,"emTRUTH, LLC",Managing Partner and President,2017-09-01,2020-02-01,"SupplyEdge, Inc.",Chief Strategic Officer,1995-01-01,2002-01-01,Jet Propulsion Laboratory,Flight Project Software Manager,1988-01-01,1995-01-01,University of Southern California,Bachelor of Science,,,,,,,,,,,,1963,female,37,cxo,C_suite,Jysbtcbtcbtc,,,,,
