Profile ID,Name,First Name,Last Name,Email Lookup Status,Lookup Time,Recommended Email,Recommended Work Email,Recommended Personal Email,A Emails,A- Emails,B Emails,Phone,Mobile Phone,Other Phones,Office Phone,LinkedIn,Facebook,Twitter,Github,CrunchBase,AngelList,Quora,Title,Employer,Employer Address,Employer Domain,Employer Website,Employer LinkedIn,Location,City,Postal Code,Region,Country,Job1 Employer,Job1 Title,Job1 Start,Job1 End,Job2 Employer,Job2 Title,Job2 Start,Job2 End,Job3 Employer,Job3 Title,Job3 Start,Job3 End,Job4 Employer,Job4 Title,Job4 Start,Job4 End,Job5 Employer,Job5 Title,Job5 Start,Job5 End,Education1 Institution,Education1 Degree,Education1 Start,Education1 End,Education2 Institution,Education2 Degree,Education2 Start,Education2 End,Skills & Endorsements,Organizations,Volunteer,Groups,Honors & Awards,Years of Experience,Birth Year,Seniority,Department,Tags,Notes,NPI Number,NPI Credentials,NPI License Numbers,NPI License Specializations
47911081,Susan Coffey,Susan,Coffey,Verified emails found,2025-10-15 09:49:02.440048,chrissycoff@hotmail.com,,chrissycoff@hotmail.com,chrissycoff@hotmail.com,,,201-745-1679,201-745-1679,"8605674205
919-402-4500
212-221-9096
212-840-7066
317-243-3894
850-269-3851
202-434-9200
212-840-3456
212-596-6200
732-728-7086
202-638-4512
202-806-6100
201-938-3117
732-728-0962",,https://www.linkedin.com/in/susan-s-coffey-cpa-cgma-7b26a68,http://www.facebook.com/susan.coffey.581,,,,,,Chief Executive Officer - Public Accounting,Association of International Certified Professional Accountants,"220 Leigh Farm Road, Durham, North Carolina 27707, US",aicpa-cima.com,https://www.aicpa-cima.com,https://www.linkedin.com/company/association-of-international-certified-professional-accountants,"New York, NY, US",New York,,NY ,US,Association of International Certified Professional Accountants,Chief Executive Officer - Public Accounting,2021-01-01,Present,Stakeholder Advisory Council of the Public Interest Oversight Board,Advisory Council Member,2024-02-01,Present,AICPA,Executive Vice President - Public Practice,1990-05-01,2021-01-01,Berlitz Schools of Language,Director - SEC Reporting,1989-01-01,1990-05-01,PricewaterhouseCoopers,Auditor,1986-01-01,1989-01-01,Fairfield University,BS,,,,,,,"Certified Public Accountant,Chartered Global Management Accountant,Business Analysis,Social Media Marketing,Project Management,Public Relations,Social Media,Certified Public,Chartered Global",,,,,39,1964,cxo,Finance,xp,,,,,
19803830,Paul Fruci,Paul,Fruci,Verified emails found,2025-10-15 09:49:03.501266,paulmfruci@comcast.net,paul_fruci@fruci.com,paulmfruci@comcast.net,"paulmfruci@comcast.net,paul@fruci.com","paul_fruci@fruci.com,paulr_fruci@fruci.com",,509-216-4160,509-216-4160,"509-624-9223
5096249224
509-448-8743
509-443-9101
509-742-9211
5099916366",(509) 624-9223,https://www.linkedin.com/in/paul-m-fruci-3564441b,http://www.facebook.com/paul.fruci,,,,,,"President, CPA firm","Fruci & Associates, PS","802 N. Washington St, Spokane, Washington 99201, US",fruci.com,http://www.fruci.com,https://www.linkedin.com/company/fruci-&-associates-ps,"Spokane, WA, US",Spokane,,WA ,US,"Fruci & Associates, PS","President, CPA firm",1966-07-01,Present,,,,,,,,,,,,,,,,,Gonzaga University,Accounting,,,,,,,"Tax Returns,Corporate Tax,ProSystem fx Tax,Income Tax,Tax Preparation,Financial Reporting,Executive Managment,Professional Services,Payroll Taxes,Tax Accounting,QuickBooks,Compilation,General Ledger,Accountants,CPA,Management Consulting,Accounts Payable,Financial Accounting,Account Reconciliation,Tax,Journal Entries,Accounting,Sales Tax,Bookkeeping,Auditing,Small Business,Microsoft Excel,S Corporations,Finance,Tax Advisory,Revenue Recognition,Payroll,Internal Controls,Cash Management,GAAP,Accruals,Financial Analysis,Accounts Receivable,Estate Tax Planning,Strategic Financial Planning,Project Management,Customer Service,Strategic Planning,Sales,Business Development",,,"CPA Practice Advisor, Spokane CyberKnife & Radiation Oncology Center",,59,1946,cxo,Finance,xp,,,,,
23439688,Ronald Kleefman,Ronald,Kleefman,Verified emails found,2025-10-15 09:49:03.910546,ronaldk@climatec.com,ronaldk@climatec.com,,ronaldk@climatec.com,,rkleefman@climatec.com,,,,,https://www.linkedin.com/in/ronald-kleefman-3087395,,,,,,,CFO (Vice President),"Climatec, LLC","2851 W. Kathleen Road, Phoenix, Arizona 85053, US",climatec.com,http://www.climatec.com,https://www.linkedin.com/company/climatec,"Phoenix, AZ, US",Phoenix,,AZ ,US,"Climatec, LLC",CFO (Vice President),2017-08-01,Present,"Climatec, LLC",CFO,2017-08-01,Present,Bosch Security Systems,Vice President Finance Controlling and Accounting EMEA,2016-07-01,2017-07-01,Bosch (Zhuhai) Security Systems  ltd,Plant Commercial Manager,2012-07-01,2016-06-01,Bosch Security Systems,Director Finance and Controlling,2011-01-01,2012-06-01,,,,,University,,,,"Security,Bosch",,,,,26,1970,cxo,Finance,xp,,,,,
9677934,Heather Krupa,Heather,Krupa,Verified emails found,2025-10-15 09:49:04.184702,heather_krupa@yahoo.com,hkrupa@epcor.com,heather_krupa@yahoo.com,"heather_krupa@yahoo.com,heather.reiter@yahoo.com,depaulgrl@hotmail.com","hkrupa@epcor.com,depaulgrl@yahoo.com,depaulgrl4484@yahoo.com,depaulgrl@bellsouth.net,depaulgrl4484@bellsouth.net",heather.krupa@epcor.com,630-247-5686,630-247-5686,"630-247-5685
630-833-2841
630-279-8715
630-248-5686",,https://www.linkedin.com/in/heather-krupa-cpa-a53b9216,https://facebook.com/hreiter4484,http://www.twitter.com/hreiter4484,,,,,"Vice President, Controller",EPCOR,"10423 - 101 Street NW, Edmonton, Alberta T5H 0E8, CA",epcor.com,http://www.epcor.com,https://www.linkedin.com/company/epcor,"Phoenix, AZ, US",Phoenix,,AZ ,US,EPCOR,"Vice President, Controller",2023-12-01,Present,,,,,,,,,,,,,,,,,DePaul University,Bachelor of Arts,,,,,,,"U.S. Generally Accepted Accounting Principles (GAAP),Leadership,Cash Management,10Q,SEC Financial Reporting,10K,Budget Process,Consolidated Financial Statements,Financial Advisory,Generally Accepted Accounting Principles (GAAP),Microsoft Office,Microsoft Excel,Microsoft Word,Hyperion Enterprise,Oracle 9i,Accounting,External Audit,Financial Statements,Oracle,Auditing,Internal Controls,Financial Reporting,Budgets,Analysis,Finance,Sarbanes-Oxley Act,Financial Analysis,Internal Audit,Hyperion,Management,Analytical Skills,Budgeting,Public Speaking,US GAAP,Sarbanes Oxley Act",,,"SEC Professionals Group, Finance Plus: Private Equity, Venture Capital and M&A news, Chicago Young Professionals, Accounting And Finance Professionals (AAFP)",,1,1984,vp,Finance,xp,,,,,
5237005,Laurie Thomson,Laurie,Thomson,Verified emails found,2025-10-15 09:49:04.563499,laurie.thomson@grainger.com,laurie.thomson@grainger.com,jthomson90@hotmail.com,"laurie.thomson@grainger.com,jthomson90@hotmail.com",laurie.t@grainger.com,,8478408385,8478408385,8473680125,,https://www.linkedin.com/in/laurie-thomson-b73244a,,,,,,,"Vice President, Controller",Grainger,"100 Grainger Parkway, Lake Forest, Illinois 60045, US",grainger.com,https://www.grainger.com/?gucid=N:N:SM:Organic:LN:CSM-4520:Y1IDXW:20240420:APZ_1,https://www.linkedin.com/company/w.w.-grainger,"Arlington Heights, IL, US",Arlington Heights,,IL ,US,Grainger,"Vice President, Controller",2021-05-01,Present,Grainger,Vice President Internal Audit and Finance Continuous Improvement,2019-11-01,2021-05-01,Grainger,Vice President Internal Audit,2016-10-01,2019-11-01,Grainger,"Senior Director, Finance",2011-01-01,2016-09-01,"W.W. Grainger, Inc.","Director, Internal Audit",2008-02-01,2011-06-01,University of Illinois Urbana-Champaign,BS in Accounting,,,Tulane University Law School,Certificate in Corporate Governance,,,"SEC filings,Sarbanes-Oxley Act,Forecasting,Internal Audit,Financial Reporting,Financial Analysis,Accounting,Sarbanes-Oxley,Auditing,Internal Controls,Risk Management,US GAAP,Leadership,GAAP,Management,Variance Analysis,Consolidation,Process Improvement,Sarbanes Oxley,Customer Service,Sarbanes Oxley Act,Finance,Supply,Business Development,Research,Wholesale,Cross Functional Team Leadership",,,W.W. Grainger,,30,1973,vp,Finance,xp,,,,,
20109663,David Abbott,David,Abbott,Verified emails found,2025-10-15 09:49:04.760434,dabbott@amphenol.com,dabbott@amphenol.com,ironhorse7@aol.com,"dabbott@amphenol.com,ironhorse7@aol.com",,,5186745220,,5186748322,,https://www.linkedin.com/in/david-abbott-868bb326,,,,,,,"Vice President, Controller",Amphenol,"358 Hall Ave, Wallingford, Connecticut 06492, US",amphenol.com,http://www.amphenol.com,https://www.linkedin.com/company/amphenol,"Londonderry, NH, US",Londonderry,,NH ,US,Amphenol,"Vice President, Controller",2023-01-01,Present,Amphenol,Segment Controller,2022-01-01,2022-12-01,Amphenol,Group Controller,2011-08-01,2022-05-01,Amphenol TCS,Division Controller,2008-04-01,2011-08-01,IDEXX Laboratories,Operations Controller,2007-02-01,2008-04-01,Tuck Executive Education at Dartmouth,LSI - Tuck Executive Leadership Program,,,Babson F.W. Olin Graduate School of Business,MBA,,,"Financial Modeling,Process Improvement,Cost Reduction,P&L Management,Financial Forecasting,Business Management,Cross-functional Team Leadership,Management,Managerial Finance,Finance,Spend Management,Pricing,Cost Accounting,Manufacturing,Lean Manufacturing,Customer Service,Public Speaking,Program Management,Cross Functional Team Leadership",,,Hockey players doing business together!,,33,1937,vp,Finance,xp,,,,,
3186715,Joe McCurry,Joe,McCurry,Verified emails found,2025-10-15 09:49:04.964100,joepmccurry@yahoo.com,jmccurry@coorstek.com,joepmccurry@yahoo.com,joepmccurry@yahoo.com,jmccurry@coorstek.com,,7203083608,,"2694761639
3034091620",,https://www.linkedin.com/in/joe-mccurry-0554077,https://facebook.com/joe.mccurry.12,,,,,,Vice President; Controller,"CoorsTek, Inc.","14143 Denver West Pkwy, Golden, Colorado 80401, US",coorstek.com,https://www.coorstek.com,https://www.linkedin.com/company/coorstek,"Castle Rock, CO, US",Castle Rock,,CO ,US,"CoorsTek, Inc.",Vice President; Controller,2018-01-01,Present,"CoorsTek, Inc.",Director Financial Reporting and Operational Accounting,2017-09-01,Present,CH2M,Assistant Controller,2015-05-01,2017-09-01,CH2M,Sr. Director International Finance and Administration,2004-01-01,2015-05-01,First Data Corp,Director International Accounting,2000-01-01,2004-01-01,Northwestern Oklahoma State University,,,,,,,,"Oracle E Business Suite,Forecasting,Construction Accounting,Microsoft Excel,Variance Analysis,Cash Management,Risk Management,Analysis,Research,Budgeting,Cost Accounting,International Business,Oil and Gas Industry,Marketing,Mergers and Acquisitions,SAP ERP,Auditing,Transfer Pricing,Budgets,Management,Internal Controls,Working Capital Management,US GAAP,Financial Analysis,Internal Audit,Consolidation,Revenue Recognition,International Financial Reporting Standards Ifrs,Sarbanes Oxley Act,Business Process Improvement,Hedge Accounting,Cash Flow Forecasting,Managerial Finance,Project Accounting,Financial Accounting,Derivatives,System Implementations,Continuous Improvement,Percentage of Completion,Financial Audits,Financial Reporting,Cash Flow,Due Diligence,Executive Management,Letters of Credit,Manufacturing,Treasury,Foreign Exchange,Department Reorganization,Finance,Accounting,Asc 606,Asc 842,International Financial Reporting Standards",,,,,32,1967,vp,Finance,xp,,,,,
67176772,Leah Curry,Leah,Curry,Verified emails found,2025-10-15 09:49:05.177101,leah.curry@ensemblehp.com,leah.curry@ensemblehp.com,,"leah.curry@ensemblehp.com,leah.clevinger@ensemblehp.com",,,7047653715,,,,https://www.linkedin.com/in/leah-curry-shrm-cp-4788686a,https://facebook.com/leah.curry.71,,,,,,"Vice President, Controller",Ensemble Health Partners,"11511 Reed Hartman Highway, Cincinnati, Ohio 45241, US",ensemblehp.com,http://www.ensemblehp.com,https://www.linkedin.com/company/ensemblehp,"Cornelius, NC, US",Cornelius,,NC ,US,Ensemble Health Partners,"Vice President, Controller",2018-07-01,Present,Ensemble Health Partners,"Vice President, Human Resources",2016-04-01,2021-03-01,Ensemble Health Partners,"Director, Human Resources",2015-07-01,2016-04-01,Ensemble Health Partners,Human Resource Manager,2015-02-01,2015-07-01,Lake Norman Regional Medical Center,Human Resources Manager,2011-09-01,2015-02-01,Asbury University,Bachelor's Degree,,,,,,,"Management,Customer Service,Leadership,Process Improvement,Training,Employee Relations,HIPAA,Microsoft Excel,Microsoft Word,Employee Benefits,Benefits Administration,Organizational Development,Healthcare Management,Human Resources,Healthcare,Strategic Planning",,,,,14,1987,vp,Finance,xp,,,,,
13554900,Chuck Welfare,Chuck,Welfare,Verified emails found,2025-10-15 09:49:05.458981,chuck.welfare@gmail.com,,chuck.welfare@gmail.com,"chuck.welfare@gmail.com,russellhopper@gmail.com,charleswelfare@hotmail.com",,,918-856-1563,918-856-1563,"309-369-4293
831-331-5687
901-861-8091
704-423-7000
704-423-4098
540-581-1008
803-548-7924
864-289-0973
717-481-7645
864-243-8406",,https://www.linkedin.com/in/chuck-welfare-45b65a7,,,,,,,"Vice President, Controller",Collins Aerospace,"2730 W Tyvola Rd, Charlotte, North Carolina 28217, US",collinsaerospace.com,https://www.collinsaerospace.com,https://www.linkedin.com/company/collins-aerospace,"Charlotte, NC, US",Charlotte,,NC ,US,Collins Aerospace,"Vice President, Controller",2024-08-01,Present,Sealed Air Corporation,"Vice President, Global Commercial Finance",2018-09-01,2024-07-01,UTC Aerospace Systems,"Executive Director, Aftermarket Finance",2016-08-01,2018-09-01,UTC Aerospace Systems,Assistant Controller,2012-07-01,2016-07-01,Goodrich,Manager,2007-05-01,2012-07-01,Clemson University,Bachelor of Science,,,,,,,"Internal Controls,Public Speaking,Financial Reporting,Healthcare,Sarbanes Oxley Act,Marketing,Microsoft Office,Microsoft Excel,Financial Analysis",,,,,27,1973,vp,Finance,xp,,,,,
5721361,Kim Spurlin,Kim,Spurlin,Verified emails found,2025-10-15 09:49:05.734960,baileybella@hotmail.com,kim.spurlin@marinerwealthadvisors.com,baileybella@hotmail.com,"baileybella@hotmail.com,bailey-bella@hotmail.com",kim.spurlin@marinerwealthadvisors.com,,407-488-9732,407-488-9732,"407-674-7022
7048258795
407-977-8431
407-704-8015
863-293-8289
407-520-5369
4076131087",,https://www.linkedin.com/in/kim-spurlin-91b39712,http://www.facebook.com/kim.w.conner.9,,,,,,"Vice President, Accounting",Mariner,"5700 W. 112th Suite 200, Overland Park, Kansas 66211, US",marinerwealthadvisors.com,http://www.marinerwealthadvisors.com,https://www.linkedin.com/company/mariner-wealth-advisors,"Orlando, FL, US",Orlando,,FL ,US,Mariner,"Vice President, Accounting",2024-04-01,Present,AndCo Consulting,"Partner, CFO",2012-08-01,2024-04-01,"Servant Investments, LLC",CFO,2007-02-01,2012-12-01,CFO Strategic Partners,CFO Consultant,2005-01-01,2007-01-01,James Moore & Company,Internal Audit Manager,2000-01-01,2005-01-01,Florida State University,Bachelor’s Degree,,,University of Central Florida,Master of Business Administration (M.B.A.),,,"Financial Analysis,Finance,Management,Financial Reporting,Due Diligence,Accounting,Budgets,Financial Modeling,Auditing,Financial Accounting,Mergers & Acquisitions,Business Strategy,Internal Controls,Sarbanes-Oxley Act,Performance Management,CPA,Strategic Planning,Leadership,Internal Audit,Financial Planning,Mergers and Acquisitions,Sarbanes Oxley Act",,,,,28,1967,vp,Finance,xp,,,,,
3132546,Sarah Toepke,Sarah,Toepke,Verified emails found,2025-10-15 09:49:06.003963,sarah.toepke@ryancompanies.com,sarah.toepke@ryancompanies.com,sarahtoepke@gmail.com,"sarah.toepke@ryancompanies.com,stoepke@ryancompanies.com",sarahtoepke@gmail.com,,6128179224,6128179224,"9525430417
6124924480
6124924948
8132286848",,https://www.linkedin.com/in/sarah-toepke-60b6864,,,,,,,Vice President - Accounting,"Ryan Companies US, Inc.","533 South Third Street Suite 100, Minneapolis, Minnesota 55415, US",ryancompanies.com,http://www.ryancompanies.com,https://www.linkedin.com/company/ryan-companies-us-inc-,"Saint Paul, MN, US",Saint Paul,55101,MN ,US,"Ryan Companies US, Inc.",Vice President - Accounting,2022-05-01,Present,"Ryan Companies US, Inc.","Controller, Construction Accounting",2012-02-01,2022-05-01,"Ryan Companies US, Inc.",Assistant Controller,2008-08-01,2012-02-01,BPK&Z,Shareholder,1996-11-01,2008-08-01,,,,,North Dakota State University,,,,,,,,"Auditing,CPA,Public Speaking,Accounting,Contract Management,Construction Management,Leases,Tax,Forecasting,Legal Writing,Construction Accounting,SEC filings,Strategy,Account Reconciliation,Outlook,Financial Accounting,Microsoft Office,Budgeting,US GAAP,Customer Service,Financial Analysis,Contract Negotiation,GAAP,Budgets,Small Business,Financial Reporting,Project Management,Financial Statements,Due Diligence,General Ledger,Fixed Assets,Accounts Payable,Commercial Real Estate,Mergers and Acquisitions,Accounts Receivable,Payroll",,,,,28,1969,vp,Finance,xp,,,,,
68129215,Matthew Madden,Matthew,Madden,Verified emails found,2025-10-15 09:49:06.222834,matthewmadden65@gmail.com,matthew.madden@messer-us.com,matthewmadden65@gmail.com,"matthewmadden65@gmail.com,mjmadden@aol.com",matthew.madden@messer-us.com,,9174434659,9178056370,9178056370,,https://www.linkedin.com/in/matthew-j-madden-cpa,https://facebook.com/100004653347448,,,,,,"Vice President, Controller",Messer Americas,"200 Somerset Corporate Blvd Suite 7000, Bridgewater, New Jersey 08807, US",messer-us.com,http://www.messer-us.com,https://www.linkedin.com/company/messeramericas,"New York, NY, US",New York,,NY ,US,Messer Americas,"Vice President, Controller",2018-11-01,Present,AcceleratingCFO,Finance Consultant,2017-01-01,2018-01-01,Travelex,Vice President Finance Head of Global Finance Shared Services,2014-01-01,2017-01-01,Travelex,CFO North America,2011-01-01,2014-01-01,Warner Music Group,Vice President Finance Accounting Operations,2008-01-01,2011-01-01,Le Moyne College,,,,,,,,,,,,,31,1965,vp,Finance,xp,,,,,
59706199,Kai Kasiguran,Kai,Kasiguran,Verified emails found,2025-10-15 09:49:06.495366,kwkasiguran@triumphgroup.com,kwkasiguran@triumphgroup.com,,kwkasiguran@triumphgroup.com,,,484-366-9352,484-366-9352,"484-366-9241
440-232-4900",,https://www.linkedin.com/in/kai-kasiguran-a048a630,http://facebook.com/people/_/55300294,,,,,,"Vice President, Controller",TRIUMPH,"899 Cassatt Rd Ste 210, Berwyn, Pennsylvania 19312, US",triumphgroup.com,http://www.triumphgroup.com,https://www.linkedin.com/company/triumph-structures---farnborough,"Chester Springs, PA, US",Chester Springs,19425,PA ,US,TRIUMPH,"Vice President, Controller",2022-09-01,Present,Triumph Group,Assistant Corporate Controller,2020-06-01,2022-09-01,Triumph Group,"Senior Manager, Accounting",2018-10-01,2020-06-01,EY,Senior Manager,2011-01-01,2018-10-01,Pennsylvania Pension Planners,Assistant Pension Administrator,2010-04-01,2010-12-01,Messiah University,Bachelor's,,,,,,,"CPA,Financial Analysis,SEC filings,Auditing,Accounting,Internal Controls,Financial Reporting,Sarbanes-Oxley Act,Financial Accounting,Financial Statements,Tax,US GAAP,IFRS,GAAP,Assurance,Sarbanes Oxley Act",,,Messiah College Professional Network,,17,1985,vp,Finance,xp,,,,,
28421758,Marcia Yonaley,Marcia,Yonaley,Verified emails found,2025-10-15 09:49:06.762044,myonaley@hertzequip.com,myonaley@hertzequip.com,,,myonaley@hertzequip.com,,2392072142,2392072142,2399088382,,https://www.linkedin.com/in/marcia-yonaley-a4875592,,,,,,,"Vice President, Controller",Herc Rentals,"27500 Riverview Center Blvd., Bonita Springs, Florida 34134, US",hercrentals.com,https://linktr.ee/hercrentals,https://www.linkedin.com/company/hercrentalsinc,"Naples, FL, US",Naples,,FL ,US,Herc Rentals,"Vice President, Controller",2023-08-01,Present,Herc Rentals,"Senior Director, External Reporting and Technical Accounting",2016-02-01,2023-08-01,Hertz Equipment Rental,Director of External Reporting and Policy,2014-06-01,2016-02-01,Community Health Systems,Director of Accounting,2006-07-01,2014-06-01,Miva,Director of SEC Reporting and GAAP Accounting,2005-07-01,2006-06-01,Michigan State University,Bachelor of Arts (B.A.),,,,,,,"US GAAP,Financial Reporting,Internal Controls,Sarbanes-Oxley Act,Auditing,SEC filings,Financial Statements,Healthcare,Financial Analysis,Stock Compensation,Accounts Payable,Accounts Receivable,General Ledger,Accounting,Interpret,Sarbanes Oxley Act",,,EY US Alumni (Official),,23,1977,vp,Finance,xp,,,,,
2076739,Laura Hensley,Laura,Hensley,Verified emails found,2025-10-15 09:49:07.132994,laurabethnc@yahoo.com,laura.hensley@99only.com,laurabethnc@yahoo.com,laurabethnc@yahoo.com,laura.hensley@99only.com,,301-596-9668,8183196941,"8183196941
8189495300
6235368103",,https://www.linkedin.com/in/laura-hensley-ab517b7,http://www.facebook.com/laura.hensley.12,,,,,,Vice President Controller,99 Cents Only Stores,"4000 Union Pacific Ave., Commerce, California 90023, US",99only.com,http://www.99only.com,https://www.linkedin.com/company/99-cents-only-stores,"Moorpark, CA, US",Moorpark,93021,CA ,US,99 Cents Only Stores,Vice President Controller,2021-10-01,Present,Converge Technology Solutions Corp.,West Region Controller,2020-02-01,2021-09-01,American Golf Corporation,"Vice President, Controller",2015-05-01,2020-02-01,Sport Chalet,"Vice President, Controller",2005-10-01,2015-05-01,The Body Shop,Senior Controller,2001-01-01,2005-01-01,University of Virginia,,,,,,,,"Strategic Planning,Customer Service,Financial Reporting,Forecasting,Budgets,Process Improvement,SAP,Accounting,Leadership,Inventory Management,Business Process Improvement,Financial Analysis,Management,Retail,Business Development,Analysis,Strategy,Research,Marketing,Project Management",,,"Finance Network (TGL), SAP Value Management",,29,1973,vp,Finance,xp,,,,,
9767605,Kathryn Flynn,Kathryn,Flynn,Verified emails found,2025-10-15 09:49:07.384607,kathrynflynn@gmail.com,kflynn@gct.com,kathrynflynn@gmail.com,,"kathrynflynn@gmail.com,kflynn@gct.com",kathrynflynn@gct.com,7742490058,,5084852579,,https://www.linkedin.com/in/kathryn-flynn-136ba912,,,,,,,"Vice President, Controller",Grand Circle Corporation,"347 Congress St, Boston, Massachusetts 02210, US",oattravel.com,http://www.oattravel.com,https://www.linkedin.com/company/grand-circle-corporation,"Boston, MA, US",Boston,,MA ,US,Grand Circle Corporation,"Vice President, Controller",2025-06-01,Present,Harvard Bioscience,Corporate Controller,2023-06-01,2025-05-01,Quanterix,"Vice President, Controller",2022-08-01,2023-02-01,Peloton Interactive,"Vice President, Assistant Controller",2021-02-01,2022-07-01,IPG Photonics,Assistant Corporate Controller,2017-02-01,2021-02-01,Providence College,BS,,,Bryant University,Master of Science - MS,,,"Sarbanes-Oxley Act,GAAP,Forecasting,Internal Controls,SEC filings,Revenue Recognition,Accounting,US GAAP,Financial Accounting,SAP Products,SAP,Operations,Research,Compensation,Foreign Currency Translation,Treasury,Sarbanes Oxley Act",,,Providence College Alumni Network,,22,1981,vp,Finance,xp,,,,,
13120333,Chris Norris,Chris,Norris,Verified emails found,2025-10-15 09:49:07.671102,c.norris@att.net,chris.norris@ehab.com,c.norris@att.net,c.norris@att.net,chris.norris@ehab.com,,2142135607,2142135607,"9126746207
9729311567
2142396500
2142732000",,https://www.linkedin.com/in/chris-norris-cpa-aba11b4,https://facebook.com/1200776679,,,,,,Vice President Controller,Enhabit Home Health & Hospice,"6688 N Central Expy Suite 1300, Dallas, Texas 75206, US",ehab.com,https://www.ehab.com/,https://www.linkedin.com/company/enhabithhh,"Dallas, TX, US",Dallas,,TX ,US,Enhabit Home Health & Hospice,Vice President Controller,2022-07-01,Present,"Physician Directed Partners, Inc.",,,Present,Encompass Home Health & Hospice,Vice President - Financial Controller,2015-06-01,Present,Senior Care Centers Health and Rehabilitation,Controller,2014-08-01,2015-06-01,Concentra Medical Centers,Director of Accounting,2010-08-01,2014-08-01,Baylor University - Hankamer School of Business,BBA,,,Baylor University - Hankamer School of Business,,,,"Leadership,Auditing,Banking,Accounting,Retail,Account Management,Forecasting,Business Development,Negotiation,Finance,Strategic Planning,Strategy,Financial Accounting,Consolidation,Budgeting,Microsoft Word,Real Estate,Internal Controls,Customer Service,External Audit,Sarbanes Oxley Act,Budgets,Management,Financial Reporting,Financial Statements,Mergers and Acquisitions,Analysis,Project Management,Financial Analysis",,,,,34,1988,vp,Finance,xp,,,,,
6089641,Jason Nelson,Jason,Nelson,Verified emails found,2025-10-15 09:49:07.883113,jnelson@genoahealthcare.com,jnelson@genoahealthcare.com,jasonnelson88@comcast.net,"jnelson@genoahealthcare.com,jasonnelson88@comcast.net,janelson@genoahealthcare.com",,,4252215753,,"4254457382
4256415052",,https://www.linkedin.com/in/jason-nelson-2335b4a,,,,,,,"Vice President, Controller",Genoa Healthcare,"707 S. Grady Way Suite 700, Renton, Washington 98057, US",genoahealthcare.com,http://www.genoahealthcare.com,https://www.linkedin.com/company/genoahealthcare,"Bellevue, WA, US",Bellevue,,WA ,US,Genoa Healthcare,"Vice President, Controller",2020-03-01,Present,MOD Pizza,"Vice President, Controller",2019-03-01,2020-03-01,MOD Pizza,Controller,2016-06-01,2019-03-01,Outerwall,Controller,2008-05-01,2016-06-01,PACCAR,Manager of External Reporting,2003-01-01,2005-01-01,University of Washington,,,,,,,,"Management,Leadership,Financial Analysis,Business Process Improvement,Financial Reporting,Team Building,Accounting,Process Improvement,Internal Controls,GAAP,Sarbanes-Oxley Act,Microsoft Excel,Project Management,Forecasting,Generally Accepted Accounting Principles (GAAP),Microsoft Office,Marketing,Finance,Retail,Generally Accepted Accounting Principles Gaap,Sarbanes Oxley Act,Generally Accepted Accounting Principles",,,Greater Seattle Retail Forum,,29,1974,vp,Finance,xp,,,,,
32322979,Bill Dohn,Bill,Dohn,Verified emails found,2025-10-15 09:49:08.115074,dohnww@gmail.com,,dohnww@gmail.com,dohnww@gmail.com,,,4047139449,4047139449,,,https://www.linkedin.com/in/billdohn,https://facebook.com/bill.dohn.5,,,,,,Vice President of Accounting,HMG Healthcare,"72 Glenmaura National Blvd, Moosic, Pennsylvania 18507, US",huntzingergroup.com,http://huntzingergroup.com/,https://www.linkedin.com/company/hmg-healthcare-services-inc,"Houston, TX, US",Houston,77030,TX ,US,HMG Healthcare,Vice President of Accounting,2019-03-01,Present,EHI Healthcare,Chief Executive Officer,2016-07-01,2019-02-01,Georgia SurgiCare,Director of Business Development,2015-10-01,2016-07-01,Unicity International,Franchise Owner,2015-06-01,2018-10-01,Pharmaco Ventures,CFO,2014-04-01,2014-12-01,Mercer University - Stetson School of Business and Economics,MBA,,,Wofford College,BS,,,"Revenue Cycle,Healthcare Management,Hospitals,Managed Care,Healthcare,Process Improvement,Medicare,Nursing,Healthcare Consulting,Physicians,Physician Relations,EMR,Healthcare Information Technology,Medicaid,HIPAA,EHR,Policy,Healthcare Industry,Budgets,Management,Practice Management,Training,Strategy,Executive Management,Finance,Start-ups,Performance Improvement,Leadership,Revenue Cycle Management,Accounting,Access,Medical Billing,Budgeting,U.S. Health Insurance Portability and Accountability Act (HIPAA),Strategic Planning,Team Building,Microsoft Excel,Consulting,Business Planning,Entrepreneurship,Payroll,Strategic Partnerships,Change Management,Mentoring,Customer Service,Cross-functional Team Leadership,Financial Reporting,Mortgage Lending,u.s. Health Insurance Portability and Accountability Act Hipaa,Cross Functional Team Leadership,Start Ups,Oncology,Interventional Radiology,Loans,Public Speaking,Contractual,Budget Preparation,Planning,Expenses,Excess,PowerPoint,Structures,MS Excel,Profit,Builders,Turnover,Reconciliation,Cooperation,Materials Management,Reporting,Capital,Ratings,R,Retail,Communication,Internal Medicine,Operations,Consultations,Pharmacy,Accounts Receivable,Sarbanesoxley Act,Financial Operations,Regulations,Morale,Reviews,Government,Collections,Outlook,Expense Allocation,Case Management,Analytical Skill,Cash,Administration,Financial Analysis,GAAP Standards,u.s. Health Insurance Portability and Accountability Act",,,"HFMA - Healthcare Financial Management Association (U.S.A.), Healthcare Industry Professionals Group, Healthcare Accounting & Finance Professionals, Chief Financial Officer (CFO) Forum & Global Network",,37,1964,vp,Finance,xp,,,,,
12778958,Becky Stath,Becky,Stath,Verified emails found,2025-10-15 09:49:08.334047,rebeccafd11@yahoo.com,becky.stath@ferguson.com,rebeccafd11@yahoo.com,rebeccafd11@yahoo.com,becky.stath@ferguson.com,beckystath@ferguson.com,605-274-7438,,"8603842371
501-262-1881
605-716-4948",,https://www.linkedin.com/in/becky-stath-60ab358,,,,,,,"Vice President, Controller",Ferguson Enterprises,"751 Lakefront Commons, Newport News, Virginia 23606, US",fergusonplc.com,https://www.ferguson.com/content/corporate-information/ferguson-difference/,https://www.linkedin.com/company/ferguson-enterprises,"Southington, CT, US",Southington,,CT ,US,Ferguson Enterprises,"Vice President, Controller",2023-07-01,Present,Kaman Corporation,"Vice President, Controller",2020-05-01,2023-07-01,Kaman Corporation,"AVP, SEC Compliance and External Reporting",2018-01-01,2020-05-01,Kaman Corporation,"Director, SEC Compliance and External Reporting",2017-04-01,2020-05-01,"KPMG, LLP",Senior Associate,2006-08-01,2011-04-01,University of Connecticut School of Business,Masters,,,,,,,"Internal Controls,Accounting,Financial Analysis,Sarbanes-Oxley Act,Financial Reporting,US GAAP,Financial Accounting,Auditing,GAAP,External Audit,Sarbanes Oxley Act",,,,,19,1988,vp,Finance,xp,,,,,
73873242,Lisa Sato,Lisa,Sato,Verified emails found,2025-10-15 09:49:08.539423,lsato@e.linkedin.com,lsato@e.linkedin.com,,,lsato@e.linkedin.com,,4087731765,4082184658,4082184658,,https://www.linkedin.com/in/lisasato,,,,,,,"Vice President, Controller",Linkedin,"1000 W Maude Ave, Sunnyvale, California 94085, US",linkedin.com,https://www.linkedin.com,https://www.linkedin.com/company/linkedin,"Sunnyvale, CA, US",Sunnyvale,,CA ,US,Linkedin,"Vice President, Controller",2017-03-01,Present,Linkedin,Assistant Corporate Controller,2012-12-01,2017-03-01,Juniper Networks,Global Process Owner - Record-to-Report,2011-05-01,2012-12-01,Juniper Networks,Assistant Corporate Controller,2008-06-01,2011-05-01,Oracle,Assistant Controller,2007-07-01,2008-01-01,University of Pennsylvania,Bachelor Of Science,,,,,,,"Revenue Recognition,Auditing,Sarbanes-Oxley Act,Mergers & Acquisitions,Finance,Financial Reporting,US GAAP,Financial Analysis,Accounting,GAAP,Essbase,Hyperion Enterprise,SEC filings,Internal Controls,Management,Microsoft Word,Research,Microsoft Excel,Mergers and Acquisitions,Customer Service,Budgets,Sarbanes Oxley Act",,,,,29,1972,vp,Finance,xp,,,,,
8180024,Zach Deakins,Zach,Deakins,Verified emails found,2025-10-15 09:49:08.731834,zdeakins@calpine.com,zdeakins@calpine.com,zachdeakins@hotmail.com,"zdeakins@calpine.com,zachdeakins@hotmail.com,deakinsz@calpine.com,zachdeakins@gmail.com,popejohnpaul2ballin@live.com",,,713-202-8980,713-202-8980,"615-517-1241
203-610-3345
281-653-1881
212-489-1600
312-486-1000
281-925-6152
212-492-4000
713-830-2000
2816535090
312-946-2600",,https://www.linkedin.com/in/zach-deakins-10135014,http://www.facebook.com/zachary.deakins,https://twitter.com/i/user/202284125,,,,,Vice President - Controller,Calpine,"717 Texas Street Suite 1000, Houston, Texas 77030, US",calpine.com,http://www.calpine.com,https://www.linkedin.com/company/calpine,"Houston, TX, US",Houston,77030,TX ,US,Calpine,Vice President - Controller,2019-08-31,Present,Champion Energy Services,Vice President - Finance Operations,2016-02-29,2019-07-31,Calpine,Director - Commercial Accounting,2013-04-30,2016-01-31,Deloitte,Senior Manager,2005-07-31,2013-04-30,Transocean,Senior Internal Auditor,2004-04-30,2005-07-31,Houston Christian University - Archie W. Dunham College of Business,,,,,,,,"IFRS,US GAAP,Accounting,Auditing,Internal Audit,Risk Management,Sarbanes-Oxley Act,Valuation,Finance,Financial Analysis,Internal Controls,Management,Microsoft Word,Marketing,Sales,Sarbanes Oxley Act,Financial Modeling,Financial Reporting,Business Development,u.s. Generally Accepted Accounting Principles Gaap,GAAP,U.S. SEC Filings,u.s. Generally Accepted Accounting Principles",,,,,23,1979,vp,Finance,xp,,,,,
88694599,Teresa Coffey,Teresa,Coffey,Verified emails found,2025-10-15 09:49:08.914582,teresa.folks@yahoo.com,teresacoffey@navy.mil,teresa.folks@yahoo.com,"teresa.folks@yahoo.com,teresacoffey@navy.mil,tab7347@yahoo.com",,,417-230-4103,417-230-4103,"8155547012
417-239-2790
815-777-1596
815-747-3145
815-776-0162",,https://www.linkedin.com/in/teresa-coffey-5a067439,http://www.facebook.com/people/_/1004089610,,,,,,Vice President - Controller,Crescent Electric Supply Company,"7750 Dunleith Drive, East Dubuque, Illinois 61025, US",crescentelectric.com,https://www.crescentelectric.com,https://www.linkedin.com/company/crescentelectricsupply,"East Dubuque, IL, US",East Dubuque,61025,IL ,US,Crescent Electric Supply Company,Vice President - Controller,2017-06-01,Present,Crescent Electric Supply Company,Controller,2004-01-01,Present,US Navy,LCDR,1997-01-01,Present,,,,,,,,,Clarke University,Bachelor of Arts - BA,,,,,,,"Strategic Planning,Operations Management,Logistics Management,Team Leadership,Process Improvement,Team Building,Logistics,Military,Contract Negotiation,Inventory Management,Defense,Management,Business Process Improvement,Six Sigma,Supply Chain Management",,,,,28,1971,vp,Finance,xp,,,,,
6764964,Randy Kanai,Randy,Kanai,Verified emails found,2025-10-15 09:49:09.120489,randykanai@gmail.com,randykanai@gmail.com,,randykanai@gmail.com,"randy.kanai@nordstrom.com,randolph.r.kanai@nordstrom.com",,425-369-0644,6613138837,"2062540415
6613138837",,https://www.linkedin.com/in/randy-kanai-5250407,,,,,,,"Vice President, Controller",Nordstrom,"1600 7th Ave, Seattle, Washington 98101, US",nordstrom.com,http://www.nordstrom.com,https://www.linkedin.com/company/nordstrom,"Seattle, WA, US",Seattle,,WA ,US,Nordstrom,"Vice President, Controller",2017-06-01,Present,Nordstrom,"VP, Nordstrom Product Group Finance and Planning",2014-06-01,2017-06-01,Nordstrom,"Vice President, Controller",2011-10-01,2014-06-01,Nordstrom,Assistant Controller,2009-03-01,2011-09-01,Nordstrom,Corporate Accounting Manager,2006-09-01,2009-03-01,"University of Washington, Michael G. Foster School of Business",Bachelor of Arts,,,,,,,"Sarbanes-Oxley Act,Financial Analysis,Corporate Finance,Finance,Financial Reporting,SEC filings,Accounting,Planning,Project Management,Business Development,Business Analysis,Sarbanes Oxley Act,Customer Service,Public Speaking",,,EY US Alumni (Official),,28,1974,vp,Finance,xp,,,,,
53888590,Glen Dawes,Glen,Dawes,Verified emails found,2025-10-15 09:49:09.318698,glthdawes@hotmail.com,gdawes@scottysbrewhouse.com,glthdawes@hotmail.com,glthdawes@hotmail.com,"glendawes@hotmail.com,gdawes@scottysbrewhouse.com",glendawes@scottysbrewhouse.com,2068837599,2068837599,"863-635-2427
425-242-0063",,https://www.linkedin.com/in/glen-dawes-cpa-mba-a566462,https://facebook.com/glen.dawes.5,,,,,,Vice President & Controller,Pomeroy,"1050 Elijah Creek Rd, Hebron, Kentucky 41048, US",pomeroy.com,http://www.pomeroy.com,https://www.linkedin.com/company/pomeroy,"Orlando, FL, US",Orlando,,FL ,US,Pomeroy,Vice President & Controller,2023-09-01,Present,University of Central Florida,"Associate Vice President and Chief Financial Officer, Ucf Foundation, Inc",2019-12-01,Present,Memorial Hermann Health System,Vice President Finance and Chief Financial Officer Memorial Hermann Health Plan Holdings,2016-10-01,2019-05-01,San Gabriel Valley Habitat for Humanity,Board Member,2014-06-01,2016-10-01,Kaiser Permanente,Vice President and Controller for Southern California Region,2010-11-01,2016-08-01,Harvard Business School,,,,Florida Southern College,,,,,,,,,34,1991,vp,Finance,xp,,,,,
9729600,Mark May,Mark,May,Verified emails found,2025-10-15 09:49:09.505935,markmay@gmail.com,mark.may@ascendlearning.com,markmay@gmail.com,markmay@gmail.com,mark.may@ascendlearning.com,,9134226994,,7853687541,,https://www.linkedin.com/in/mark-may-263a1254,,,,,,,Vice President - Controller,Ascend Learning,"25 Mall Road 6th Floor, Burlington, Massachusetts 01893, US",ascendlearning.com,https://www.ascendlearning.com,https://www.linkedin.com/company/ascend-learning,"Shawnee, KS, US",Shawnee,,KS ,US,Ascend Learning,Vice President - Controller,2018-09-01,Present,"Payless Inc. (formerly Collective Brands, Inc.)",Vice President - Corporate Controller,2008-12-01,2018-09-01,A. Zahner Company,Vice President - Finance,2001-04-01,2004-04-01,Layne Christensen,Assistant Controller,1999-05-01,2001-04-01,Layne Christensen,International Financial Reporting Manager,1997-04-01,1999-05-01,University of Notre Dame,Bachelor of Business Administration (BBA),,,,,,,"Finance,Financial Reporting,Financial Analysis,Financial Modeling,Accounting,IFRS,Leadership,Forecasting,GAAP,US GAAP,Sarbanes-Oxley Act,Auditing,Internal Controls,Management,Business Process Improvement,Budgets,Generally Accepted Accounting Principles (GAAP),Process Improvement,Mergers & Acquisitions,Strategic Planning,U.S. Generally Accepted Accounting Principles (GAAP),Budgeting,Public Speaking,Sarbanes Oxley Act,Marketing,Strategy,u.s. Generally Accepted Accounting Principles Gaap,Mergers and Acquisitions,Generally Accepted Accounting Principles Gaap,Generally Accepted Accounting Principles,u.s. Generally Accepted Accounting Principles",,,,,33,1970,vp,Finance,xp,,,,,
611593415,Hideki Aoki,Hideki,Aoki,Verified emails found,2025-10-15 09:49:09.681602,hideki.aoki@brookfield.com,hideki.aoki@brookfield.com,,hideki.aoki@brookfield.com,,,917-679-0140,917-679-0140,"9177445527
+81 90-3546-1700
+81 3-6402-1704
+81 3-6402-1714",,https://www.linkedin.com/in/hideki-aoki-5a556814,http://www.facebook.com/hideki.aoki.98,,,,,,"Vice President, Controller",Brookfield Asset Management,US,brookfield.com,https://www.brookfield.com,https://www.linkedin.com/company/brookfield-asset-management,"New York, NY, US",New York,,NY ,US,Brookfield Asset Management,"Vice President, Controller",2017-09-01,Present,J.P. Morgan,Vice President,2015-05-01,2017-09-01,Grove Fund Management (formerly known as Soros Real Estate Partners),Controller,2009-01-01,2015-05-01,Grove International Partners Japan (formerly known as Soros Private Funds Manage,Senior Accounting Manager,2004-01-01,2008-12-01,"AOKI Co., Ltd.",Director,2000-04-01,2003-12-01,Columbia Business School,,,,Keio University,,,,,,,,,25,1977,vp,Finance,xp,,,,,
74012224,John Perri,John,Perri,Verified emails found,2025-10-15 09:49:09.871191,joe4702@hotmail.com,jperri@discoverylandco.com,joe4702@hotmail.com,joe4702@hotmail.com,jperri@discoverylandco.com,johnperri@discoverylandco.com,8582456407,,8586744890,,https://www.linkedin.com/in/john-t-perri-50a2202,,,,,,,"Vice President, Controller",Discovery Land Company,"14605 N. 73rd Street, Scottsdale, Arizona 85260, US",discoverylandco.com,http://www.discoverylandco.com,https://www.linkedin.com/company/discovery-land-company,"Phoenix, AZ, US",Phoenix,,AZ ,US,Discovery Land Company,"Vice President, Controller",2024-10-01,Present,BeyondTrust,Chief Accounting Officer (CAO),2021-04-01,2024-11-01,BeyondTrust,VP Controller,2019-12-01,2021-04-01,"PICO Holdings, Inc.",Chief Financial Officer,2016-10-01,2019-05-01,"PICO Holdings, Inc.",Chief Accounting Officer,1998-06-01,2017-05-01,San Diego State University,BS,,,,,,,"Financial Analysis,Financial Reporting,Sarbanes-Oxley Act,Due Diligence,Management,Financial Modeling,Mergers & Acquisitions,Auditing,Financial Accounting,GAAP,Accounting,Internal Controls",,,,,29,1969,vp,Finance,xp,,,,,
35778491,Andres Alers-Alers,Andres,Alers-Alers,Verified emails found,2025-10-15 09:49:10.067586,aalersalers@gmail.com,andres.alersalers@healogics.com,aalersalers@gmail.com,"aalersalers@gmail.com,aalers.cpa@gmail.com,amy_alers@yahoo.com,aaa.cpa@me.com","andres.alersalers@healogics.com,aalersalers@healogics.com",,407-694-5788,407-694-5788,"321-442-6269
904-396-5965
904-272-4368
904-399-4094
850-385-9123",,https://www.linkedin.com/in/andresalersalers,http://www.facebook.com/andres.alersalers,http://twitter.com/HazelNole,,,,,"Vice President, Controller","Healogics, LLC.","5220 Belfort Road Suite 130, Jacksonville, Florida 32256, US",healogics.com,http://www.healogics.com,https://www.linkedin.com/company/healogics-llc,"Jacksonville, FL, US",Jacksonville,,FL ,US,"Healogics, LLC.","Vice President, Controller",2023-12-01,Present,Pilot Corporation of America,Controller,2019-09-01,2023-12-01,McKesson,"Director of Accounting, Specialty Businesses",2013-01-01,2018-01-01,"PSS World Medical, Inc.","Assistant Controller, PSS Dispensing",2012-01-01,2013-01-01,"PSS World Medical, Inc.",DSI Accounting Manager,2011-01-01,2012-01-01,Florida State University - College of Business,,,,,,,,"Accounting,Microsoft Word,Management,Mergers,Retail,Financial Accounting,Hospitality,Sales,Human Resources,Financial Audits,Microsoft Excel,Mergers and Acquisitions,Sarbanes Oxley Act,Internal Audit,Financial Reporting,Internal Controls,Timeshare,Customer Service,Due Diligence,Dealers,Manufacturing,Auditing,Finance,Financial Analysis,Employee Benefits",,,,,20,1981,vp,Finance,xp,,,,,
58172710,Ron Slepian,Ron,Slepian,Verified emails found,2025-10-15 09:49:10.271810,ron.slepian@cardinalfinancial.com,ron.slepian@cardinalfinancial.com,ron.slepian@gmail.com,"ron.slepian@cardinalfinancial.com,ron.slepian@gmail.com,timberwol514@yahoo.com,cbodnar120@att.net","ronslepian@hotmail.com,ronslep@aol.com,onslep@verizon.net",,516-481-8045,516-680-1979,"516-680-1979
980-859-0508
6109271833
347-832-0527",,https://www.linkedin.com/in/ron-slepian-40b96683,http://www.facebook.com/ron.slepian,,,,,,"Vice President, Controller","Cardinal Financial Company, Limited Partnership","3530 Toringdon Way Ste. 200, Charlotte, North Carolina 28277, US",cardinalfinancial.com,https://www.cardinalfinancial.com/,https://www.linkedin.com/company/cardinalfinancial,"Charlotte, NC, US",Charlotte,,NC ,US,"Cardinal Financial Company, Limited Partnership","Vice President, Controller",2019-08-01,Present,Joerns Healthcare,Accounting Manager,2017-12-01,2019-08-01,Sirius XM Radio Inc.,Senior Manager - Corporate Finance and Corporate Controller's Group,2006-07-01,2017-06-01,Universal Music Group,Senior Financial Analyst - Global IT Finance,2005-01-01,2006-07-01,EY,Senior Auditor - Assurance and Advisory Business Services,2002-06-01,2005-01-01,Lehigh University,Bachelor of Science (BS),,,,,,,,,,,,23,1979,vp,Finance,xp,,,,,
4392668,Donna Henderson,Donna,Henderson,Verified emails found,2025-10-15 09:49:10.463313,donnahenderson@gmail.com,,donnahenderson@gmail.com,,donnahenderson@gmail.com,,2812215569,,"2818368000
7134970132
2813471158
2053647707
2814970132
2814971158
7134734982
2819103630
2816476227",,https://www.linkedin.com/in/donna-henderson-14273455,https://facebook.com/donna.r.henderson.1,,,,,,"Vice President, Accounting",Archrock Inc (formerly Exterran Holdings),"1331 Macleod Trail SE, 904, Calgary, Alberta T2G 0K3, CA",enerflex.com,http://www.enerflex.com,https://www.linkedin.com/company/exterran,"Houston, TX, US",Houston,77030,TX ,US,Archrock Inc (formerly Exterran Holdings),"Vice President, Accounting",2015-08-01,Present,Archrock Inc,,,Present,Southcross Energy,"Vice President, Chief Accounting Officer",2013-04-01,2015-06-01,GenOn Energy,"Vice President, Chief Audit Executive",2011-09-01,2013-02-01,GenOn Energy,Assistant Controller,2010-12-01,2011-09-01,Eastern New Mexico University,Bachelor of Business Administration (BBA),,,,,,,"Sarbanes-Oxley Act,Derivatives,US G,SEC Repo,Internal Au,External,Business Process Improvement,Cross-functional Coordination,Accounting Research,SEC filings,Mergers & Acquisitions,Financial Reporting,Accounting,Sarbanes-Oxley,US GAAP,Auditing,GAAP,Financial Analysis,Financial Modeling,CPA,Internal Audit,Financial Accounting,Internal Controls,Leadership,Business Strategy,Mergers and Acquisitions,Cross Functional Coordination,Sarbanes Oxley,International Accounting,Strategic Planning,Account Management,Nursing,Sarbanes Oxley Act,Resources,Latin America,Microsoft Excel",,,Lyondell and LCR Alumni,,29,1962,vp,Finance,xp,,,,,
7899976,Mary Choquette,Mary,Choquette,Verified emails found,2025-10-15 09:49:10.647925,mchoquet@gilbaneco.com,mchoquet@gilbaneco.com,,,mchoquet@gilbaneco.com,,401-441-8444,401-441-8444,"4014471222
520-437-7975
401-456-5800
401-615-9499
401-331-2130",,https://www.linkedin.com/in/mary-choquette-7616895,http://www.facebook.com/mary.bucki,https://twitter.com/mary_choquette2,,,,,Vice President Controller,Gilbane Building Company,"7 Jackson Walkway, Providence, Rhode Island 02903, US",gilbaneco.com,http://www.gilbaneco.com/building,https://www.linkedin.com/company/gilbane-building-company,"Providence, RI, US",Providence,,RI ,US,Gilbane Building Company,Vice President Controller,1999-06-01,Present,,,,,,,,,,,,,,,,,Bryant University,,,,Bryant University,Bachelor's degree,,,"Contract Management,Construction Management,Contractors,Change Orders,Pre-construction,Construction,Budgets,Process Scheduler,Value Engineering,Project Planning,Contract Negotiation,CPM Scheduling,Constructability,Project Estimation,Subcontracting,Cost Control,LEED,Account Management,Business Development,Pre Construction,Strategic Planning,Strategy,Microsoft Office,Program Management",,,,,26,1977,vp,Finance,xp,,,,,
10347351,Brian Anttonen,Brian,Anttonen,Verified emails found,2025-10-15 09:49:10.835472,briananttonen@gmail.com,,briananttonen@gmail.com,"briananttonen@gmail.com,brian.anttonen@gmail.com",,brian.anttonen@wincofoods.com,2083923640,,"2083779840
2082322884
2086722353
2082329106",,https://www.linkedin.com/in/brian-anttonen-cpa-a171256,,,,,,,"Vice President, Controller",WinCo Foods,"650 N Armstrong Pl, Boise, Idaho 83704, US",wincofoods.com,http://www.wincofoods.com,https://www.linkedin.com/company/winco-foods,"Boise, ID, US",Boise,,ID ,US,WinCo Foods,"Vice President, Controller",2022-05-01,Present,WinCo Foods,Controller,2020-03-01,2022-05-01,WinCo Foods,Assistant Corporate Treasurer and Assistant Controller,2012-06-01,2020-03-01,WinCo Foods,Assistant Controller,2007-12-01,2012-06-01,WinCo Foods,Accounting Manager,2004-10-01,2007-11-01,University of Oregon Lundquist College of Business,MA,,,Washington State University - College of Business and Economics,BA,,,"Non-Qualified Deferred Compensation,401(k) Retirement Savings Plans,Employee Stock Ownership Plan (ESOP),Employee Benefits Design,Strategic Vision,Strategic Financial Management,Financial Performance,Executive Management,Board of Directors,Financial Reporting,Forecasting,Financial Analysis,Auditing,Accounting,Budgets,Cash Flow,Financial Accounting,GAAP,Retail,Finance,General Ledger,P&L,Accounts Payable,Internal Audit,Internal Controls,Management,Budgeting,Public Speaking,Marketing,Leadership,Strategic Planning",,,,,23,1976,vp,Finance,xp,,,,,
5485423,Ashley Van,Ashley,Van,Verified emails found,2025-10-15 09:49:11.091648,ashleyamccormack@gmail.com,ashley.van@sweetgreen.com,ashleyamccormack@gmail.com,"ashleyamccormack@gmail.com,avan7911@gmail.com",ashley.van@sweetgreen.com,,9495478454,9495478454,"7143749639
6573290263
6572319286
7753553000
9493481800
9492141926
7149682565
7146098786",,https://www.linkedin.com/in/ashley-van-0a84a017,https://facebook.com/3414113,,,,,,"Vice President, Controller",sweetgreen,"3000 S Robertson Blvd, Los Angeles, California 90034, US",sweetgreen.com,http://www.sweetgreen.com,https://www.linkedin.com/company/sweetgreen,"Irvine, CA, US",Irvine,,CA ,US,sweetgreen,"Vice President, Controller",2021-02-01,Present,"El Pollo Loco, Inc.",Senior Director Treasury and SEC Reporting,2019-06-01,2021-02-01,"El Pollo Loco, Inc.",Director of SEC Reporting and Technical Accounting,2016-12-01,2019-06-01,James Hardie Building Products,External Reporting Manager,2015-10-01,2016-11-01,CoreLogic,"Sr. Manager, Financial Reporting",2015-04-01,2015-10-01,USC Marshall School of Business,Bachelor,,,University of Southern California,Bachelor of Science,,,"SEC filings,Sarbanes-Oxley Act,Financial Reporting,Revenue Recognition,Internal Controls,Accounting,Auditing,Sarbanes-Oxley,Financial Statements,General Ledger,GAAP,Financial Analysis,US GAAP,Internal Audit,SOX 404,Management,Finance,Journal Entries,Mergers & Acquisitions,CPA,Analysis,Income Tax,Variance Analysis,Cost Accounting,Financial Audits,Leadership,Public Speaking,Education,Engineering,Strategy,Microsoft Office,Sarbanes Oxley,Microsoft Excel,Marketing,Sarbanes Oxley Act,Reporting,Mergers and Acquisitions,Strategic Planning,Microsoft Word,Social Media,Sales",,,"SEC Professionals Group, PricewaterhouseCoopers LLP (PwC US), Accounting And Finance Professionals (AAFP)",,19,1984,vp,Finance,xp,,,,,
10488779,Rory King,Rory,King,Verified emails found,2025-10-15 09:49:11.283682,roryking77@gmail.com,,roryking77@gmail.com,"roryking77@gmail.com,rizory@hotmail.com",,"rory.king@7-eleven.com,rking@7-eleven.com",2146845878,,"5094898132
214-226-7139
214-378-9891",,https://www.linkedin.com/in/rory-king-36986920,,http://twitter.com/Rizory,,,,,Vice President Controller,7-Eleven,"3200 Hackberry Rd, Irving, Texas 75063, US",7-eleven.com,http://www.7-eleven.com,https://www.linkedin.com/company/7-eleven,"Dallas, TX, US",Dallas,,TX ,US,7-Eleven,Vice President Controller,2021-10-01,Present,7-Eleven,Senior Director - Assistant Controller,2019-07-01,2021-10-01,7-Eleven,Senior Director Financial Reporting,2015-12-01,2019-07-01,Riverstone Residential Group,VP of Financial Reporting,2010-06-01,2014-08-01,KPMG US,Senior Manager,2001-08-01,2010-06-01,Texas A&M University,Bachelor of Business Administration - BBA,,,Texas A&M University,,,,"SEC filings,Sarbanes-Oxley Act,Financial Reporting,GAAP,CPA,Accounting,Internal Controls,External Audit,Financial Accounting,US GAAP,Auditing,Financial Analysis,Revenue Recognition,Consolidation,Big 4,Financial Modeling,Project Management,Sarbanes Oxley Act,Sales,Microsoft Excel,Marketing,Leadership,Finance,Mergers And Acquisitions M&A,Management,Financial Statements,General Ledger,Generally Accepted Accounting Principles Gaap,Generally Accepted Accounting Principles,Mergers and Acquisitions",,,"KPMG US Alumni Group, Cedric Owens - DFW Market",,22,1978,vp,Finance,xp,,,,,
21890166,Pat Napolitano,Pat,Napolitano,Verified emails found,2025-10-15 09:49:11.477917,pat.m.napolitano@gmail.com,pat.napolitano@jcrew.com,pat.m.napolitano@gmail.com,pat.m.napolitano@gmail.com,pat.napolitano@jcrew.com,pnapolitano@jcrew.com,5168109594,,,,https://www.linkedin.com/in/pat-napolitano-9ba63519,http://www.facebook.com/patrick.napolitano,,,,,,"Vice President, Controller",J.Crew,"225 Liberty St, New York, New York 10281, US",jcrew.com,https://www.jcrew.com/,https://www.linkedin.com/company/j-crew,"New York, NY, US",New York,,NY ,US,J.Crew,"Vice President, Controller",2024-05-01,Present,J.Crew,Vice President - Accounting,2018-11-01,Present,J.Crew,"Senior Director, Assistant Controller",2015-08-01,2018-11-01,J.Crew,Sr. Director of Accounting,2015-04-01,2015-08-01,J.Crew,Director Accounting,2013-04-01,2015-04-01,NYU Stern School of Business,,,,,,,,"Internal Controls,Financial Reporting,SEC filings,Accounting,Auditing,Financial Analysis,Microsoft Excel,Analysis,Microsoft Word,PowerPoint,Leadership,Outlook,Financial Accounting,IFRS,Sarbanes-Oxley Act,CPA,GAAP,General Ledger,External Audit,US GAAP,U.S. Generally Accepted Accounting Principles (GAAP),U.S. SEC Filings,Retail,Sarbanes Oxley Act,Merchandising",,,KPMG US Alumni Group,,22,1980,vp,Finance,xp,,,,,
65735286,Marie Stahura,Marie,Stahura,Verified emails found,2025-10-15 09:49:11.673185,mstahura@hotmail.com,mstahura@infoblox.com,mstahura@hotmail.com,mstahura@hotmail.com,mstahura@infoblox.com,,650-219-0565,650-219-0565,408-557-0371,,https://www.linkedin.com/in/marie-stahura-b6b313a,http://www.facebook.com/marie.stahura,,,,,,Vice President Treasurer,Infoblox,"2390 Mission College Blvd, Santa Clara, California 95054, US",infoblox.com,http://www.infoblox.com,https://www.linkedin.com/company/infoblox,"Santa Clara, CA, US",Santa Clara,,CA ,US,Infoblox,Vice President Treasurer,2023-09-01,Present,Infoblox,Vice President - Sales and Marketing Finance,2022-04-01,2023-09-01,Infoblox,Senior Director of Finance - WW Sales and Marketing,2017-08-01,2022-04-01,Cisco,Controller Integrated Solutions Group,2013-07-01,2017-07-01,Cisco Systems,Controller,2010-07-01,2013-07-01,California Polytechnic State University-San Luis Obispo,BS,,,,,,,"Forecasting,Sarbanes-Oxley Act,Financial Analysis,Financial Modeling,Cross-functional Team Leadership,Financial Reporting,Finance,Managerial Finance,Process Improvement,Accounting,Budgets,Channel,Corporate Finance,Metrics,Go-to-market Strategy,Strategic Financial Planning,Business Analysis,Pricing,Team Management,Acquisition Integration,Consolidation,Leadership,Business Process Improvement,Cross Functional Team Leadership,Go to Market Strategy,Sarbanes Oxley Act,Customer Service,Strategic Planning,Essbase,Management",,,"Chief Financial Officer (CFO) Network - The #1 Group for CFOs, Cal Poly - Bay Area - Alumni, Professional BusinessWomen of California (PBWC), FINANCE JOBS, Finance Club",,27,1942,vp,Finance,xp,,,,,
57280732,J David Whitfield,J,Whitfield,Verified emails found,2025-10-15 09:49:11.886540,dwhitfield18@hotmail.com,,dwhitfield18@hotmail.com,dwhitfield18@hotmail.com,,,6155959672,,,,https://www.linkedin.com/in/j-david-whitfield-jr-cpa-mba-6a0b431,,,,,,,Vice President Accounting,Premise Health,"5500 Maryland Way Suite 120, Brentwood, Tennessee 37027, US",premisehealth.com,https://www.premisehealth.com,https://www.linkedin.com/company/premise-health,"Brentwood, TN, US",Brentwood,,TN ,US,Premise Health,Vice President Accounting,2019-02-01,Present,Premise Health,"Assistant Vice President, Financial Reporting and Analysis",2017-09-01,2021-05-01,Ey,Senior Manager Assurance Services,2005-07-01,2017-09-01,Live Beyond,Board Member,2012-07-01,2014-01-01,,,,,Lipscomb,Master Of Business Administration,,,Lipscomb,Bachelor Of Science,,,,,,,,20,1983,vp,Finance,xp,,,,,
15694261,Brant Scott,Brant,Scott,Verified emails found,2025-10-15 09:49:12.094007,ford_09tg@yahoo.com,brant.scott@ejgallo.com,ford_09tg@yahoo.com,ford_09tg@yahoo.com,brant.scott@ejgallo.com,,2092478252,,,,https://www.linkedin.com/in/brantscott,,,,,,,Vice President Controller,E. & J. Gallo Winery,"600 Yosemite Blvd, Modesto, California 95354, US",gallocareers.com,http://www.gallo.com,https://www.linkedin.com/company/e-&-j-gallo-winery,"Oakdale, CA, US",Oakdale,95361,CA ,US,E. & J. Gallo Winery,Vice President Controller,2021-01-01,Present,E. & J. Gallo Winery,Vice President Finance and Assistant Controller,2018-09-01,2021-01-01,E. & J. Gallo Winery,Director Financial Planning and Analysis,2015-02-01,2018-09-01,E. & J. Gallo Winery,Capital Planning Sr. Manager,2014-03-01,2015-02-01,E. & J. Gallo Winery,Regional Sales Finance Manager,2012-04-01,2014-03-01,"University of California, Davis - Graduate School of Management",,,,,,,,"Forecasting,Financial Analysis,Financial Modeling,Strategic Planning,Corporate Finance,Pricing,Essbase,Strategic Financial Planning,Financial Reporting,Budgets,Competitive Analysis,Finance,P,Financial Planning,Management,Marketing Strategy,Cross-functional Team Leadership,Leadership,Microsoft Excel,Business Process Improvement,Consumer Products,Microsoft Office,Sales,Wine,Strategy,Budgeting,Marketing,Pricing Strategy,Account Management,Cross Functional Team Leadership",,,Wines & Spirits (Number 1 W&S group on Linked),,20,1986,vp,Finance,xp,,,,,
33711066,Dan Weltzien,Dan,Weltzien,Verified emails found,2025-10-15 09:49:12.298044,dan.weltzien@gmail.com,dweltzien@badgermeter.com,dan.weltzien@gmail.com,"dan.weltzien@gmail.com,danweltzien@yahoo.com",dweltzien@badgermeter.com,danweltzien@badgermeter.com,414-588-4858,414-588-4858,"414-202-7619
414-321-4272
312-486-1000
212-489-1600
414-271-3000
414-977-2754
312-946-2600
318-752-3975
414-347-6200
262-473-6623",,https://www.linkedin.com/in/dan-weltzien-66301745,http://www.facebook.com/dan.weltzien,,,,,,Vice President - Controller,Badger Meter,"4545 West Brown Deer Road, Milwaukee, Wisconsin 53212, US",badgermeter.com,http://www.badgermeter.com,https://www.linkedin.com/company/badger-meter,"Milwaukee, WI, US",Milwaukee,53212,WI ,US,Badger Meter,Vice President - Controller,2019-03-01,Present,Badger Meter,Vice President - External Reporting and Accounting,2019-01-01,2019-03-01,Hydratight,Senior Director of Finance,2017-11-01,2018-12-01,Cortland Company,Global Finance Leader,2015-07-01,2017-10-01,Weasler Engineering,SPT Global Controller,2014-10-01,2015-07-01,University of Wisconsin-Whitewater,,,,,,,,"Hyperion Enterprise,External Audit,Sarbanes Oxley,Customer Service,Financial Reporting,Sarbanes Oxley Act,Auditing,Tax,US GAAP,Internal Controls,SEC filings,Internal Audit,Cost Accounting,Microsoft Excel,Project Management,CPA,Financial Analysis,Financial Audits,Financial Accounting,Accounting,GAAP,Corporate Tax,Research,IFRS,Strategy",,,,,24,1978,vp,Finance,xp,,,,,
16525468,Matt Trester,Matt,Trester,Verified emails found,2025-10-15 09:49:12.525659,matt.trester@gmail.com,matt.trester@probuild.com,matt.trester@gmail.com,matt.trester@gmail.com,matt.trester@probuild.com,,214-880-3500,678-429-1581,"678-429-1581
303-262-8500
404-429-2915
303-805-7388",,https://www.linkedin.com/in/matt-trester-cpa-a236916,http://www.facebook.com/matt.trester,,,,,,"Vice President, Controller",Builders FirstSource/Probuild,"2001 Bryan Suite 1600, Dallas, Texas 75201, US",bldr.com,http://bldr.com,https://www.linkedin.com/company/probuild-holdings,"Denver, CO, US",Denver,80219,CO ,US,Builders FirstSource/Probuild,"Vice President, Controller",2022-07-01,Present,Builders FirstSource/Probuild,Director Accounting,2016-04-01,2022-07-01,PwC,Assurance Manager,2013-07-01,2016-04-01,PwC,Assurance Senior Associate,2010-12-01,2013-06-01,"Tarpley & Underwood, PC",Senior Auditor,2010-07-01,2010-12-01,Georgia Institute of Technology,,,,,,,,"Auditing,Financial Reporting,CPA,Financial Accounting,Accounting,GAAP,SEC filings,Sarbanes-Oxley Act,Internal Controls,US GAAP,External Audit,Assurance,Internal Audit,Microsoft Excel,Management,Financial Analysis,Sarbanes Oxley Act",,,"The Georgia Tech Professional Network, PricewaterhouseCoopers (PwC) employees and alumni - unofficial group",,17,1983,vp,Finance,xp,,,,,
7538220,Brian Titus,Brian,Titus,Verified emails found,2025-10-15 09:49:12.713116,brian.j.titus@corteva.com,brian.j.titus@corteva.com,briantitus@gmail.com,brian.j.titus@corteva.com,briantitus@gmail.com,,4843187439,646-286-6000,"646-471-4000
646-286-6000
267-330-2611",,https://www.linkedin.com/in/brian-titus-9569ba14,,,,,,,"Vice President, Controller",Corteva Agriscience,"9330 Zionsville Rd., Indianapolis, Indiana 46268, US",corteva.com,http://www.corteva.com/,https://www.linkedin.com/company/corteva,"Philadelphia, PA, US",Philadelphia,,PA ,US,Corteva Agriscience,"Vice President, Controller",2019-02-01,Present,DuPont,General Auditor,2015-08-01,2019-02-01,DuPont,Director Corporate Accounting,2014-09-01,2015-08-01,DuPont,Global Finance Manager - Crop Protection Business CFO,2013-02-01,2014-08-01,DuPont,Manager - Accounting Policy and SEC Reporting,2012-02-01,2013-01-01,Lehigh University College of Business,BS,,,Lehigh University,Bachelor of Science (BS),,,"US GAAP,SEC filings,Internal Controls,Auditing,Financial Reporting,CPA,Accounting,GAAP,Sarbanes-Oxley,Financial Accounting,Big 4,External Audit,Divestitures,Cost Accounting,Strategic Financial Planning,Finance,Sarbanes-Oxley Act,Financial Planning,Leadership,Sales,Support,Sarbanes Oxley,Microsoft Excel,Audit,Policy,Customer Service,Sarbanes Oxley Act,Project Management",,,"Lehigh Club of Philadelphia, PricewaterhouseCoopers LLP (PwC US), Lehigh University",,28,1972,vp,Finance,xp,,,,,
6866919,Kathy Radley-Timberlake,Kathy,Radley-Timberlake,Verified emails found,2025-10-15 09:49:12.888650,kradley@teichert.com,kradley@teichert.com,,,kradley@teichert.com,,9164843382,,,,https://www.linkedin.com/in/kathy-radley-timberlake-0894551b,http://www.facebook.com/kathy.radley,,,,,,"Vice President, Controller",Teichert,"3500 American River Dr, Sacramento, California 95864, US",teichert.com,http://www.teichert.com,https://www.linkedin.com/company/teichert,"Sacramento, CA, US",Sacramento,,CA ,US,Teichert,"Vice President, Controller",2023-05-01,Present,Teichert,Controller,2015-07-01,2023-05-01,Meridian Systems,Vice President of Finance,1997-12-01,2015-07-01,Oracle,Accounting Manager,1997-07-01,1997-11-01,KPMG US,Manager,1991-09-01,1997-06-01,UC Santa Barbara,,,,,,,,"Contract Negotiation,Change Management,Strategic Planning,Analysis,Cross Functional Team Leadership,Business Analysis,Strategy,Due Diligence,Cash Flow Forecasting,Financial Analysis,Marketing,Business Intelligence,Team Building,Revenue Recognition,Business Process Improvement,Financial Reporting,Contract Management,Financial Accounting,Customer Service,Forecasting,Crystal Reports,Professional Services,Microsoft Office,Management",,,,,33,1969,vp,Finance,xp,,,,,
7933710,Brian Boyle,Brian,Boyle,Verified emails found,2025-10-15 09:49:13.067113,bboyle001@gmail.com,brian.boyle@epicgames.com,bboyle001@gmail.com,bboyle001@gmail.com,brian.boyle@epicgames.com,bboyle@epicgames.com,9196773900,,"9196773938
9196774019
8169037520
9196773195
9193637383",,https://www.linkedin.com/in/brian-boyle-41948510,,,,,,,"Vice President, Controller",Epic Games,"620 Crossroads Blvd, Cary, North Carolina 27518, US",epicgames.com,http://www.epicgames.com/,https://www.linkedin.com/company/epic-games,"Cary, NC, US",Cary,,NC ,US,Epic Games,"Vice President, Controller",2022-01-01,Present,Epic Games,Controller,2021-01-01,Present,Epic Games,Controller-US,2020-07-01,2021-01-01,Cornerstone Building Brands,Chief Accounting Officer (CAO),2019-05-01,2020-07-01,Ply Gem,Chief Accounting Officer-Treasurer,2016-01-01,2020-07-01,UNC Kenan-Flagler Business School,,,,,,,,"Accounting,Auditing,CPA,Financial Accounting,Financial Analysis,Financial Reporting,Forecasting,GAAP,Internal Audit,Internal Controls,SEC Filings,Sarbanes-Oxley Act,US GAAP,Strategic Planning,Mergers & Acquisitions,Management,u.s. Generally Accepted Accounting Principles Gaap,Sarbanes Oxley Act,Mergers and Acquisitions,U.S. SEC Filings,Financial Planning,u.s. Generally Accepted Accounting Principles",,,"PricewaterhouseCoopers LLP (PwC US), PricewaterhouseCoopers (PwC) employees and alumni - unofficial group",,30,1972,vp,Finance,xp,,,,,
6082783,Jason Penegar,Jason,Penegar,Verified emails found,2025-10-15 09:49:13.258094,jpenegar@bgca.org,jpenegar@bgca.org,,,jpenegar@bgca.org,,7703669610,7703669610,770-443-4490,,https://www.linkedin.com/in/jason-penegar-8b67787,,,,,,,Vice President - Controller,Boys & Girls Clubs of America,"1275 Peachtree St NE Ste 500, Atlanta, Georgia 30309, US",bgca.org,http://www.bgca.org,https://www.linkedin.com/company/bgcaclubs,"Atlanta, GA, US",Atlanta,30303,GA ,US,Boys & Girls Clubs of America,Vice President - Controller,2018-02-01,Present,"Serta Simmons Bedding, LLC",Vice President - Regional Controller,2016-10-01,2018-02-01,TydenBrooks  ,Vice President and CFO,2015-06-01,2016-10-01,"Printpack, Inc.","Director, Manufacturing Finance",2013-03-01,2015-06-01,"Printpack, Inc.",Division Controller,2007-08-01,2013-03-01,Kennesaw State University - Michael J. Coles College of Business,Master of Business Administration (M.B.A.),,,,,,,"Sarbanes-Oxley Act,JD Edwards,Manufacturing,Process Improvement,Accounting,Team Building,Forecasting,Cost Accounting,SEC filings,Continuous Improvement,Lean Manufacturing,Financial Reporting,Management,Business Process Improvement,Cross-functional Team Leadership,Leadership,Strategy,Sarbanes Oxley Act,Auditing,Financial Analysis,Cross Functional Team Leadership,Strategic Planning,Sales,Marketing",,,"#1 Atlanta and SE based FinTech, Accounting & Finance Community - Exec's & Senior Professionals",,27,1973,vp,Finance,xp,,,,,
12476065,Camille Alexander,Camille,Alexander,Verified emails found,2025-10-15 09:49:13.439006,caminkel9@hotmail.com,,caminkel9@hotmail.com,caminkel9@hotmail.com,,,6193701092,6193701092,"6192529534
6197415102
6192551718
8056720414",,https://www.linkedin.com/in/camille-alexander-87744b5,https://facebook.com/camille.alexander.33,,,,,,"Vice President, Accounting",Vuori,"5600 Avenida Encinas Ste 100, Carlsbad, California 92008, US",vuoriclothing.com,https://www.vuoriclothing.com,https://www.linkedin.com/company/vuori-inc-,"San Diego, CA, US",San Diego,,CA ,US,Vuori,"Vice President, Accounting",2023-09-01,Present,Petco,"Vice President, Controller",2021-03-01,2023-09-01,Petco,"Vice President, Accounting",2019-07-01,2021-03-01,Petco,"Director, Corporate Reporting",2011-02-01,2019-07-01,"PETCO Animal Supplies, Inc.","Manager, Financial Assurance",2006-01-01,2011-02-01,San Diego State University,,,,,,,,"Leadership,Social Media,Accounting,Editing,Process Improvement,Strategic Planning,Journalism,Risque Financier,Risk Management,Services financiers,Banking",,,"Petco Animal Supplies, Inc",,23,1980,vp,Finance,xp,,,,,
41775468,Boris Pak,Boris,Pak,Verified emails found,2025-10-15 09:49:13.616774,ypak@mac.com,,ypak@mac.com,ypak@mac.com,,bpak@mavistire.com,2018950910,2018950910,"2018950912
2016746444",,https://www.linkedin.com/in/boris-pak-23b0b514,https://facebook.com/boris.pak.5,,,,,,"Vice President, Controller",Mavis Tire,"358 Saw Mill River Rd, Millwood, New York 10546, US",mavis.com,https://mavis.com,https://www.linkedin.com/company/mavis-tire,"New York, NY, US",New York,,NY ,US,Mavis Tire,"Vice President, Controller",2022-06-01,Present,Mavis Tire,"Director, Financial Planning and Analysis",2018-10-01,2022-06-01,EY,Assurance Manager,2017-10-01,2018-10-01,EY,Senior Auditor,2012-10-01,2017-09-01,Pace University,Educational Media Employee,2010-10-01,2012-05-01,Pace University - Lubin School of Business,BBA /MBA,,,,,,,"Auditing,PowerPoint,Accounting,Microsoft PowerPoint,Tax,Investments,SEC filings,Financial Services,Account Reconciliation,Financial Accounting,Microsoft Office,Microsoft Word,Microsoft Excel,Internal Controls,Attorney,Financial Analysis,GAAP,QuickBooks,Sarbanes Oxley Act,Financial Reporting,Financial Statements,IFRS,General Ledger,Assurance,Services,Recruiting",,,,,14,1989,vp,Finance,xp,,,,,
29046534,Melody Darch,Melody,Darch,Verified emails found,2025-10-15 09:49:13.776306,melodarch@gmail.com,,melodarch@gmail.com,melodarch@gmail.com,,,7703315786,7703315786,"4048759066
4045002147
2023310900
6786450816
6786454017",,https://www.linkedin.com/in/melody-darch-908a2a8,https://facebook.com/melody.darch,,,,,,Vice President - Accounting,Cox Media Group,"223 Perimeter Center Pkwy NE, Atlanta, Georgia 30303, US",coxmediagroup.com,http://coxmediagroup.com,https://www.linkedin.com/company/coxmediagroup,"Atlanta, GA, US",Atlanta,30303,GA ,US,Cox Media Group,Vice President - Accounting,2014-01-01,Present,Cox Media Group,Senior Director,2009-01-01,2013-12-01,Cox Newspapers,CFO and VP of Finance,2007-10-01,2008-12-01,The Atlanta Journal-Constitution,Controller,1990-01-01,1997-01-01,Arthur Andersen,Senior,1982-01-01,1985-01-01,University of North Carolina at Chapel Hill,BS,,,,,,,"Financial Reporting,Budgets,Financial Analysis,Sarbanes-Oxley Act,Process Improvement,Forecasting,Internal Controls,Digital Media,Direct Marketing,Accounting,Sarbanes Oxley Act,Microsoft Office,Strategy,Microsoft Excel,Customer Service",,,"Media & Entertainment Professionals, Media Financial Management Association, Andersen Alumni Association, TED: Ideas Worth Spreading - Unofficial, Finance Shared Services & GBS Exchange, Shared Services and Outsourcing Network (SSON), UNC Alumni",,27,1958,vp,Finance,xp,,,,,
26172761,David Wacnik,David,Wacnik,Verified emails found,2025-10-15 09:49:13.978879,david.wacnik@ama-assn.org,david.wacnik@ama-assn.org,,,david.wacnik@ama-assn.org,dwacnik@ama-assn.org,8473474154,8472122536,"8472122536
8476800216
3124644287
8475900059",,https://www.linkedin.com/in/davidwacnik,,,,,,,"Vice President, Controller",American Medical Association,"330 N Wabash Ave, Chicago, Illinois 60611, US",ama-assn.org,http://www.ama-assn.org,https://www.linkedin.com/company/american-medical-association,"Libertyville, IL, US",Libertyville,,IL ,US,American Medical Association,"Vice President, Controller",2021-08-01,Present,American Medical Association,"Vice-President, Controller",,Present,Fort Dearborn Company,"Vice-President, Corporate Controller",2020-01-01,2021-01-01,Mizkan America,Corporate Controller,2016-01-01,2020-01-01,Mizkan America,Division Controller,2014-01-01,2016-01-01,University of Michigan - Stephen M. Ross School of Business,,,,DePaul University,,,,"Finance,Accounting,SAP,Cross Functional Team Leadership,Financial Reporting,Business Analysis,Business Development,Budgets,Auditing,Forecasting,Internal Controls,Strategic Planning,Financial Analysis,General Ledger,Analysis,Corporate Finance,Management,Start Ups,Team Leadership,Account Reconciliation,Accounts Receivable Ar,Root Cause,u.s. Generally Accepted Accounting Principles Gaap,Financial Statements,Accounts Payable,Accounts Receivable,u.s. Generally Accepted Accounting Principles",,,,,38,1965,vp,Finance,xp,,,,,
6879167,Patricia Sobon,Patricia,Sobon,Verified emails found,2025-10-15 09:49:14.175269,pmsobon@yahoo.com,,pmsobon@yahoo.com,"pmsobon@yahoo.com,triciamp@hotmail.com",,,9168476438,9168476438,"707-260-4229
9167881897",,https://www.linkedin.com/in/pmsobon,https://facebook.com/psobon,,,,,,"Vice President, Controller",American Pacific Mortgage,"3000 Lava Ridge Ct Suite 200, Roseville, California 95661, US",joinapm.com,http://www.joinapm.com,https://www.linkedin.com/company/american-pacific-mortgage,"Roseville, CA, US",Roseville,,CA ,US,American Pacific Mortgage,"Vice President, Controller",2021-07-01,Present,,,,,,,,,,,,,,,,,California State University-Sacramento,BS,,,,,,,"Risk Management,Financial Analysis,Process Improvement,Financial Reporting,Banking,Access,Credit,Accounting,Vendor Management,Lotus Notes,Outlook,Software Documentation,SAP,Microsoft Excel,MS Excel Pivot Tables,Financial Modeling,Forecasting,Finance,Budget,Accounts Payable,Analysis,Visio,PowerPoint,Budgets,Management,Internal Controls,Auditing,Leadership,System Conversion,Variance Analysis,Enjoyable,Public Speaking,History,Managerial Finance,System,Financial Risk,Business Analysis,Communication,Education,Job Posting,Executive Positions,Inventory,Multitasking,Interviews,Data Conversion,u.s. Generally Accepted Accounting Principles Gaap,Financial Statements,Project Management,Resume,Mergers and Acquisitions,Payroll,Written,Hiring,Internal Audit,u.s. Generally Accepted Accounting Principles",,,,,4,1970,vp,Finance,xp,,,,,
6158724,Daniel Etue,Daniel,Etue,Verified emails found,2025-10-15 09:49:14.357390,detue@borgwarner.com,detue@borgwarner.com,danetue@yahoo.com,"detue@borgwarner.com,danetue@yahoo.com",,,2484143749,2487032131,"2487032131
2485064727
2484351402
2484351837",,https://www.linkedin.com/in/daniel-etue-423b716,https://facebook.com/dan.etue,,,,,,Vice President Treasurer,BorgWarner,"3850 Hamlin Rd, Auburn Hills, Michigan 48326, US",borgwarner.com,http://borgwarner.com,https://www.linkedin.com/company/borgwarner,"Berkley, MI, US",Berkley,,MI ,US,BorgWarner,Vice President Treasurer,2023-01-01,Present,BorgWarner,Vice President and Controller,2020-07-01,2022-12-01,Meritor,VP Finance and M and A,2019-06-01,2020-07-01,Meritor,"Vice President, Finance",2013-06-01,2019-06-01,Meritor,Senior Director Finance - Commercial Truck and Industrial and Corporate Accounting Research,2013-02-01,2013-06-01,Michigan State University,,,,,,,,"Microsoft Office,Management,Marketing,Customer Service,Sales,PowerPoint,Accounting,Microsoft Excel,Financial Analysis,Project Management,Risque Financier,Strategy,Cell Culture,Financial Reporting",,,,,29,1973,vp,Finance,xp,,,,,
15665054,Stephanie Salomon,Stephanie,Salomon,Verified emails found,2025-10-15 09:49:14.567313,stephanie.salomon@hines.com,stephanie.salomon@hines.com,,stephanie.salomon@hines.com,,,4153505902,4153505902,"4159826200
4154403481
4155048273
7075464671
4159277276
3109277276",,https://www.linkedin.com/in/stephanie-salomon-4a6a6a15,,,,,,,Vice President - Controller,Hines,IE,hines.com,https://www.hines.com/,https://www.linkedin.com/company/hines-ireland,"Los Angeles, CA, US",Los Angeles,,CA ,US,Hines,Vice President - Controller,2020-08-01,Present,Hines,Senior Controller,2011-11-01,2020-08-01,Ernst & Young,Audit Intern,1998-06-01,1998-09-01,Hines,Controller,2002-04-01,2009-10-01,SPI Holdings,Controller,2009-11-01,2011-10-01,"University of California, Los Angeles",Bachelor’s Degree,,,,,,,"Financial Reporting,Accounting,Financial Analysis,Budgeting,Auditing,Management,Commercial Real Estate,Microsoft Excel,Project Management,Internal Audit",,,,,26,1978,vp,Finance,xp,,,,,
17547089,Jordan Berkowitz,Jordan,Berkowitz,Verified emails found,2025-10-15 09:49:14.764563,jberkowitz@winnco.com,jberkowitz@winnco.com,jordanberkowitz18@gmail.com,"jberkowitz@winnco.com,jordanberkowitz18@gmail.com,jordanberkowitz@att.net",,,4408402972,4405253384,"4405253384
2164758900
2163713298",,https://www.linkedin.com/in/jordan-berkowitz-cpa-2a189b10,,,,,,,Vice President - Accounting,WinnCompanies,"One Washington Mall Suite 500, Boston, Massachusetts 02108, US",workwithwinn.com,http://www.workwithwinn.com,https://www.linkedin.com/company/winncompanies,"Cleveland, OH, US",Cleveland,,OH ,US,WinnCompanies,Vice President - Accounting,2024-05-01,Present,Jonathan Rose Companies,RCM Corporate Controller - Real Estate Operations,2022-10-01,2024-05-01,Jonathan Rose Companies,Director - Financial Operations,2020-06-01,2022-10-01,The NRP Group LLC,"Director - Accounting, Forecasting and Reporting",2017-08-01,2020-04-01,Forest City,Director - Accounting and Reporting - New York SBU,2016-03-01,2017-07-01,Cleveland State University,,,,,,,,"Investor Relations,SEC Regulations,Audit Committee,CPA,SEC filings,Internal Controls,US GAAP,Financial Reporting,FAS 5,GAAP,Financial Analysis,Sarbanes-Oxley Act,Auditing,Real Estate Transactions,Account Reconciliation,Tax,Analysis,Accounting,Financial Accounting,Cash Flow,Generally Accepted Accounting Principles (GAAP),Management,U.S. Generally Accepted Accounting Principles (GAAP),Research,Microsoft Excel,Editing,Marketing,Sarbanes Oxley Act,Generally Accepted Accounting Principles Gaap,u.s. Generally Accepted Accounting Principles Gaap,Customer Service,Teamwork,Generally Accepted Accounting Principles,u.s. Generally Accepted Accounting Principles",,,,,18,1983,vp,Finance,xp,,,,,
10093731,Tom O'Brien,Tom,O'Brien,Verified emails found,2025-10-15 09:49:14.953888,toobrien@schnucks.com,toobrien@schnucks.com,,toobrien@schnucks.com,,,3149944217,,,,https://www.linkedin.com/in/tom-o-brien-899b0725,,,,,,,Vice President - Controller,"Schnuck Markets, Inc.","11420 Lackland Rd, St. Louis, Missouri 63146, US",schnucks.com,http://www.schnucks.com,https://www.linkedin.com/company/schnuck-markets-inc-,"St. Louis, MO, US",St. Louis,63108,MO ,US,"Schnuck Markets, Inc.",Vice President - Controller,2017-10-01,Present,"Schnuck Markets, Inc.","Assistant Controller, Director of Corporate Accounting and Financial Reporting",2011-05-01,Present,Brown Shoe Company,"Manager, Financial Reporting",2010-03-01,2011-05-01,Ernst & Young,Audit Manager,2001-06-01,2010-03-01,,,,,Truman State University,Masters of Accountancy,,,Truman State University,Bachelor of Science,,,"Accounting,Financial Reporting,Auditing,Financial Analysis,Sarbanes-Oxley Act,Internal Controls,US GAAP,Financial Accounting,Forecasting,CPA,Corporate Finance,Microsoft Excel,General Ledger,GAAP,Management,Consumer Goods,Sarbanes Oxley Act",,,"Truman State University - School of Business, Truman State University Alumni and Friends, Brown Shoe Alumni",,24,1960,vp,Finance,xp,,,,,
121230128,Felipe Sousa,Felipe,Sousa,Verified emails found,2025-10-15 09:49:15.150547,salim_sousa@hotmail.com,,salim_sousa@hotmail.com,salim_sousa@hotmail.com,,,3058122512,,551136221095,,https://www.linkedin.com/in/felipe-sousa1122,,,,,,,Senior Vice President Finance and Accounting,MSC Cruises,"Avenue Eugene Pittard, 40, Geneva, Geneva 1206, CH",msccruises.com,http://www.msccruises.com/,https://www.linkedin.com/company/msc-cruises,"Miami, FL, US",Miami,,FL ,US,MSC Cruises,Senior Vice President Finance and Accounting,2024-09-30,Present,L'Oréal,Chief Financial Officer - Research and Innovation North America,2021-03-31,2024-09-30,L'Oréal,Vice President Finance - Urban Decay Cosmetics,2019-03-31,2021-02-28,L'Oréal,Chief Financial Officer L'Oréal Argentina,2017-03-31,2019-03-31,Solvay,Global Internal Auditor,2002-03-31,2004-07-31,University of Miami Herbert Business School,Master of Business Administration - MBA,,,IMD,,,,,,,,,14,1978,vp,Finance,xp,,,,,
28200293,Peter Joyce,Peter,Joyce,Verified emails found,2025-10-15 09:49:15.339951,peterajoyce@gmail.com,pjoyce@invenergyllc.com,peterajoyce@gmail.com,"peterajoyce@gmail.com,peter.joyce@gmail.com,peterjoyce01@gmail.com,peterjoyce@aol.com,peter.joyce@att.net,corygibbons@hotmail.com",pjoyce@invenergyllc.com,peterjoyce@invenergyllc.com,404-375-2833,404-375-2833,"303-908-1181
609-202-5370
404-438-2928
423-290-0142
702-682-2101
303-908-0811
303-956-3286
303-851-6597
404-687-0210
404-872-2619
804-418-7100
404-443-3134
404-880-0343
404-659-2100
404-374-8532
201-274-4258",,https://www.linkedin.com/in/peterajoyce,,,,,,,"Vice President, Accounting",Invenergy LLC,"1 S Wacker Dr, Chicago, Illinois 60606, US",invenergy.com,http://www.invenergy.com,https://www.linkedin.com/company/invenergy-llc,"Chicago, IL, US",Chicago,,IL ,US,Invenergy LLC,"Vice President, Accounting",2021-01-01,Present,Deloitte,Senior Manager,2012-08-01,2020-12-01,MF Global,Global Head of Financial Static Data,2008-10-01,2012-03-01,Infor,Director of Royalties and Affiliate Commissions,2006-05-01,2008-10-01,Infor,Royalty Accounting Manager,2006-05-01,2007-07-01,Georgia State University - J. Mack Robinson College of Business,MBA,,,Georgia State University - J. Mack Robinson College of Business,BBA,,,"Delivery,Payments,Consulting,Funding,Atlanta,Units,Oracle,Capital,Leadership,Empowerment,Georgia,Google Groups,Job Costing,Software,Royalties,Administrative Work,Strategic Planning,Controller,Hardware,Tests,Great Plains Software,Chicago,Travel,Portfolio,Smartstream,SEC,PowerPoint,GAAP,Meeting Deadlines,Mumbai,Trading,Factoring,Reporting,User Acceptance Testing,Financial Transactions,Financial Systems,Rollout,Efficiencies,Cash Flow,Analysis,Internal Audit,COSMOS,HFM,Financial Statements,Flexible,Transaction Processing,Regulations,Sales,Warehousing,Policy,Freight,Marketing,Transactional,Investment Banking,London,Financial Services,Multi Tasking,BPCS,Finance,Operations,Trading Desk,Debt,Transportation Management,Auditing,Softrax,SEC filings,Data Migration,Fixed Assets,Manage Multiple,Cost Savings,Human Resources,International Business,R,Power,Dealers,Responsibility,Business Development,Peachtree,CPA,Transportation,Financial Reporting,Services,Project Management,Americas,Group Projects,Cash Flow Forecasting,Property,Software Systems,Mortgage Lending,Mortgage Servicing,Lines of Credit,Concerts,Utilization,Standardization,ADP Payroll,Compliance,Long Range Planning,Securities,Automation,Clutter Control,Tax Preparation,Sandy Springs,Flows,Documentation,Connectivity,General Ledger,Leases,Payroll,Accounting System,Credit Lines,Europe,Budgeting,Secondary Market,House,Post Closing,Globalization,Parties,Banking,Public Speaking,System,VPN,Cognos,Managerial Finance,Static,Work Independently,Accounting Policy,PC,Management,Reports,Treasury,Sarbanes Oxley Act,QuickBooks,Purchased,Research,Bookkeeping,Coordinated,Budgets,Accounting,Account Reconciliation,Financial Accounting,Nasd,Financial Data,Ifm,Benefits Administration,Contractual Agreements,Golang,Profit,Microsoft Excel,Sun Microsystems,Consolidation,Databases,Infor,Oracle Financials,Net,Asia Pacific,Equities,Lotus,Commissioned Art,SEC Regulations,Internal Controls,Microsoft Word,International,Cash Management,Business Intelligence,Design,Loans,Global Finance,CPOE,Invoicing,Enterprise Software,Negotiation,Static Data,Licensure,.NET",,,,,25,1963,vp,Finance,xp,,,,,
12333476,Michael Lew,Michael,Lew,Verified emails found,2025-10-15 09:49:15.565622,michael.lew@americantower.com,michael.lew@americantower.com,michaellew99@gmail.com,"michael.lew@americantower.com,michaellew99@gmail.com,rancid08@hotmail.com",,,781-562-0227,781-363-1063,"781-363-1063
781-363-9194
7817606053
617-332-0426
208-342-5531
781-436-5856
781-245-0257",,https://www.linkedin.com/in/michael-lew-558b5779,,,,,,,Vice President - Controller,American Tower,"116 Huntington Avenue, Boston, Massachusetts 02116, US",americantower.com,http://www.americantower.com,https://www.linkedin.com/company/american-tower,"Wakefield, MA, US",Wakefield,01880,MA ,US,American Tower,Vice President - Controller,2022-08-01,Present,American Tower,Director of Accounting,2016-06-01,2022-08-01,Philips,"Senior Manager, Accounting",2015-06-01,2016-06-01,Veolia North America,Accounting Manager,2013-05-01,2015-06-01,Veolia North America,Accounting Supervisor,2010-03-01,2013-04-01,Bentley University,Master of Science (M.S.),,,Bentley University,Bachelor’s Degree,,,"Financial Reporting,Accounting,Financial Analysis,Marketing,Leadership",,,,,20,1982,vp,Finance,xp,,,,,
1201498,Nick Karatzas,Nick,Karatzas,Verified emails found,2025-10-15 09:49:15.776186,nick.karatzas@bullhorn.com,nick.karatzas@bullhorn.com,nickkaratzas99@gmail.com,"nick.karatzas@bullhorn.com,nickkaratzas99@gmail.com",,nickk@bullhorn.com,978-531-2571,8572250290,"7818903799
8572250290
9789642512
6172430235",,https://www.linkedin.com/in/nick-karatzas-49b6014,,,,,,,"Vice President, Controller",Bullhorn,"100 Summer Street 17th Floor, Boston, Massachusetts 02110, US",bullhorn.com,http://www.bullhorn.com,https://www.linkedin.com/company/bullhorn,"Belmont, MA, US",Belmont,,MA ,US,Bullhorn,"Vice President, Controller",2024-06-01,Present,Brightcove,"Vice President, Corporate Controller",2019-03-01,2024-06-01,SharkNinja,"Vice President, Corporate Controller",2017-12-01,2019-02-01,Lionbridge,"Vice President, Corporate Controller",2016-01-01,2017-12-01,Lionbridge,Director of Corporate Accounting and SEC Reporting,2014-01-01,2015-12-01,Boston University,B.S.,,,UMass Boston,MBA,,,"Accounting,Financial Analysis,Financial Reporting,Process Improvement,Budget,Sarbanes-Oxley Act,Strategic Planning,Financial Modeling,Vendor Management,Mergers & Acquisitions,Forecasting,Finance,Corporate Finance,Auditing,SEC filings,Management,Mergers and Acquisitions,Sarbanes Oxley Act",,,,,21,1977,vp,Finance,xp,,,,,
7274204,Robert Fincutter,Robert,Fincutter,Verified emails found,2025-10-15 09:49:15.947595,rfincutter@vertafore.com,rfincutter@vertafore.com,robert.fincutter@gmail.com,"rfincutter@vertafore.com,robert.fincutter@gmail.com,rwfincutter@yahoo.com",,,303-517-2667,303-517-2667,"781-942-2762
303-517-1726",,https://www.linkedin.com/in/robertfincutter,,,,,,,Vice President - Controller,Vertafore,"999 18th St, Denver, Colorado 80219, US",vertafore.com,http://www.vertafore.com,https://www.linkedin.com/company/vertafore,"Denver, CO, US",Denver,80219,CO ,US,Vertafore,Vice President - Controller,2020-05-01,Present,Maxar Technologies,Director - Accounting and US Shared Services (until June 2018 and then Sr. Director),2017-10-01,2019-05-01,DigitalGlobe,Assistant Controller,2014-03-01,2017-10-01,DigitalGlobe,Senior Manager - Integration and Controls,2013-08-01,2014-02-01,CenturyLink,Director of SOX Compliance,2011-04-01,2013-03-01,University of Notre Dame,Bachelors,,,,,,,"Auditing,Variance Analysis,CPA,Accounting,Stock Compensation,Cross Functional Team,Corporate Finance,Tax,Forecasting,SEC filings,Account Reconciliation,Cross Functional Team Building,Corporate Tax,Consolidation,Sarbanes Oxley,US GAAP,Cross Functional Team Leadership,Internal Controls,Revenue Recognition,Financial Analysis,GAAP,External Audit,Sarbanes Oxley Act,Financial Reporting,Financial Statements,Due Diligence,IPO,Fair Value,Cross Cultural Teams,Analysis,Internal Audit,Generally Accepted Accounting Principles,U.S. SEC Filings,u.s. Generally Accepted Accounting Principles",,,,,26,1975,vp,Finance,xp,,,,,
716129864,Amanda Gibson,Amanda,Gibson,Verified emails found,2025-10-15 09:49:16.253876,amanda.gibson@graftech.com,amanda.gibson@graftech.com,missmandigutierrez@gmail.com,"amanda.gibson@graftech.com,missmandigutierrez@gmail.com,latina1king@gmail.com,amanda.gibson@parker.com,agibson@parker.com,goldentyme38@gmail.com","tourmentedsouls@gmail.com,jevans01912@gmail.com,fairylocal101@gmail.com,classicbulletproof@gmail.com,suetcase5@gmail.com,specialityeliquor@gmail.com",,830-734-7091,830-734-7091,"801-814-9824
801-920-4919
801-690-8510
2168962863
801-786-0280
801-786-0174
801-564-8397
3306594648
801-430-3831
801-503-1404
801-675-0013",,https://www.linkedin.com/in/amanda-gibson-finance,http://www.facebook.com/aagibson10,,,,,,"Vice President, Controller",GrafTech International Ltd.,"982 Keynote Circle, Brooklyn Heights, Ohio, US",graftech.com,http://www.graftech.com,https://www.linkedin.com/company/graftech-international,"Cleveland, OH, US",Cleveland,,OH ,US,GrafTech International Ltd.,"Vice President, Controller",2025-01-01,Present,GrafTech International Ltd.,,,Present,Parker Hannifin,Vice President Finance Services,2022-01-01,Present,Parker Hannifin,"Director, Finance Programs",2021-01-01,2022-01-01,Parker Hannifin,Division Controller,2018-01-01,2021-01-01,Kent State University,,,,,,,,"Business Strategy,Generally Accepted Accounting Principles (GAAP),Financial Modeling,Account Reconciliation,Financial Accounting,Financial Management,Communication,Analytical Skills,Financial Statements,Business Analysis,Financial Services,Project Management,Financial Planning,Financial Analysis,Accounting,Finance,Financial Reporting,Business Process Improvement,General Ledger,Leadership,Microsoft Excel,Manufacturing",,,,,18,,vp,Finance,xp,,,,,
51262400,Daniel Lorber,Daniel,Lorber,Verified emails found,2025-10-15 09:49:16.467472,daniel.lorber@signetjewelers.com,daniel.lorber@signetjewelers.com,danielv.lorber@gmail.com,"daniel.lorber@signetjewelers.com,danielv.lorber@gmail.com",,,4402509779,,,,https://www.linkedin.com/in/daniel-lorber-cpa-5b83516,,,,,,,"Vice President, Controller",Signet Jewelers,"375 Ghent Rd, Akron, Ohio 44333, US",signetjewelers.com,http://www.signetjewelers.com,https://www.linkedin.com/company/signetjewelers,"Cleveland, OH, US",Cleveland,,OH ,US,Signet Jewelers,"Vice President, Controller",2022-09-01,Present,Signet Jewelers,"Vice President, Assistant Controller",2019-10-01,2022-09-01,Myers Industries,Corporate Controller,2017-07-01,2019-08-01,Stemco LP,Finance Director - Air Springs,2015-07-01,2016-10-01,"Veyance Technologies, Inc.",Head of Finance - North America Air Springs,2014-11-01,2015-06-01,Ohio University,Bachelor's,,,,,,,"Financial Reporting,Accounting,Auditing,US GAAP,Financial Statements,Internal Controls,Sarbanes-Oxley Act,SEC filings,Corporate Finance,Financial Accounting,SEC reporting,SOX,IFRS,Audit,Technical Accounting,SAP ERP,NetSuite,Hyperion Financial Management (HFM),Carve-outs,Mergers & Acquisitions,Due Diligence,U.S. Generally Accepted Accounting Principles (GAAP),U.S. SEC Filings,Hyperion Financial Management Hfm,Sarbanes Oxley Act,Mergers and Acquisitions,Carve Outs,Management,Strategic Planning,u.s. Generally Accepted Accounting Principles Gaap,Hyperion Financial Management,u.s. Generally Accepted Accounting Principles",,,,,26,1976,vp,Finance,xp,,,,,
64292074,Amanda Howles,Amanda,Howles,Verified emails found,2025-10-15 09:49:16.652317,amanda.howles@angi.com,amanda.howles@angi.com,amanda.m.howles@gmail.com,"amanda.howles@angi.com,amanda.m.howles@gmail.com",,,336-414-0313,336-414-0313,"919-881-2746
6468501258
3366010990",,https://www.linkedin.com/in/amanda-howles-cpa-247462b0,https://facebook.com/amanda.m.howles,,,,,,"Vice President, Accounting",Angi,"Denver, Colorado 80219, US",angi.com,http://www.angi.com,https://www.linkedin.com/company/angi,"New York, NY, US",New York,,NY ,US,Angi,"Vice President, Accounting",2020-08-01,Present,Angi,Senior Director of Accounting,2019-07-01,2020-07-01,Angi,Director of Accounting,2018-10-01,2019-06-01,Handy HQ,Director Of Accounting,2017-05-01,2018-10-01,Spring Inc.,Financial Controller,2015-05-01,2017-05-01,University of North Carolina at Chapel Hill,,,,,,,,"Certified Public Accountant,US GAAP",,,,,16,1985,vp,Finance,xp,,,,,
6340351,Steve Locanto,Steve,Locanto,Verified emails found,2025-10-15 09:49:16.841726,slocanto@acehardware.com,slocanto@acehardware.com,slocanto@gmail.com,"slocanto@acehardware.com,slocanto@gmail.com",slocan@acehardware.com,,630-392-1534,630-392-1534,"630-221-0432
331-332-5000",,https://www.linkedin.com/in/steve-locanto-a83b3111,,,,,,,Vice President Controller,Ace Hardware Corporation,"2915 Jorie Blvd, Oak Brook, Illinois 60523, US",acehardware.com,http://www.acehardware.com,https://www.linkedin.com/company/acehardwarecorp,"Warrenville, IL, US",Warrenville,,IL ,US,Ace Hardware Corporation,Vice President Controller,2019-12-01,Present,Ace Hardware Corporation,Corporate Controller,2014-11-01,2019-11-01,Navistar International Corporation,Assistant Corporate Controller,2010-09-01,2014-11-01,Navistar International Corporation,Division Controller - Truck Segment,2009-08-01,2010-09-01,Navistar International Corporation,Director of Finance and Accounting,2007-03-01,2009-08-01,Northern Illinois University,BS,,,,,,,"Sarbanes-Oxley Act,Variance Analysis,Financial Reporting,Internal Controls,Essbase,Hyperion Enterprise,Sarbanes-Oxley,Financial Analysis,GAAP,Forecasting,Revenue Recognition,Internal Audit,Finance,Auditing,Cash Management,Big 4,Business Process Improvement,PeopleSoft,Consolidation,General Ledger,Hyperion,Public Speaking,Strategic Planning,Sales Management,Sarbanes Oxley,Sarbanes Oxley Act,Generally Accepted Accounting Principles",,,,,24,1966,vp,Finance,xp,,,,,
73895727,Charles Booker,Charles,Booker,Verified emails found,2025-10-15 09:49:17.066185,charles.booker@cardinalhealth.com,charles.booker@cardinalhealth.com,cjnbooker@yahoo.com,"charles.booker@cardinalhealth.com,cjnbooker@yahoo.com",,,6147578131,,6147779272,,https://www.linkedin.com/in/charles-booker-9075763,,,,,,,"Vice President, Accounting",Cardinal Health,"7000 Cardinal Place, Dublin, Ohio 43017, US",cardinalhealth.com,http://cardinalhealth.com,https://www.linkedin.com/company/cardinal-health,"Hilliard, OH, US",Hilliard,,OH ,US,Cardinal Health,"Vice President, Accounting",2020-08-31,Present,Cardinal Health,Director of Accounting,2015-07-31,2020-08-31,Cardinal Health,"Manager, Financial Planning & Analysis",2012-03-31,2015-07-31,Cardinal Health,"Manager, External Reporting & Technical Accounting",2010-12-31,2012-03-31,Mount Carmel Health System,Accounting Manager,2010-02-28,2010-12-31,Ssc Training Program / Emylon Business School,,,,,,,,,,,,,20,1977,vp,Finance,xp,,,,,
108513217,Heidi Whitmill,Heidi,Whitmill,Verified emails found,2025-10-15 09:49:17.270287,acctg555@yahoo.com,hwhitmill@bill.com,acctg555@yahoo.com,acctg555@yahoo.com,hwhitmill@bill.com,heidi.whitmill@bill.com,4088872722,4088872722,,,https://www.linkedin.com/in/heidi-whitmill-89308012,,,,,,,"Vice President, Controller",BILL,"6220 America Center Drive Suite 100, San Jose, California 95002, US",bill.com,http://www.bill.com,https://www.linkedin.com/company/bill,"Fremont, CA, US",Fremont,,CA ,US,BILL,"Vice President, Controller",2024-06-01,Present,PayPal,Head of Finance Product Enablement,2022-10-01,2024-04-01,PayPal,Head of Treasury Product Enablement,2021-06-01,2023-01-01,PayPal,Head of Global Finance Product,2020-04-01,2021-06-01,Visa,"Vice President, Assistant Corporate Controller",2015-05-01,2020-04-01,"University of California, Berkeley",BA,,,,,,,,,,,,28,1974,vp,Finance,xp,,,,,
102207878,Doug Schwartz,Doug,Schwartz,Verified emails found,2025-10-15 09:49:17.470013,douglas.schwartz@medvet.com,douglas.schwartz@medvet.com,,douglas.schwartz@medvet.com,,,6145609601,,6143682600,,https://www.linkedin.com/in/doug-schwartz-660a97170,,,,,,,"Vice President, Controller",MedVet,"350 E Wilson Bridge Rd, Worthington, Ohio 43085, US",medvet.com,http://www.medvet.com,https://www.linkedin.com/company/medvet-medical-and-cancer-centers-for-pets,"Columbus, OH, US",Columbus,,OH ,US,MedVet,"Vice President, Controller",2023-01-01,Present,Liqui-Box,Assistant Controller,2014-06-01,2018-04-01,Deloitte,Senior Auditor,2008-09-01,2009-03-01,Emplifi,Controller,2020-12-01,2023-01-01,Liqui-Box,Corporate Controller,2018-04-01,2020-12-01,The Ohio State University Fisher College of Business,Bachelor's degree,,,University of Cincinnati,Master's degree,,,,,,,,18,1984,vp,Finance,xp,,,,,
70305963,Jeff Sarafa,Jeff,Sarafa,Verified emails found,2025-10-15 09:49:17.663494,jeff.sarafa@corpay.com,jeff.sarafa@corpay.com,jeffsarafa@yahoo.com,"jeff.sarafa@corpay.com,jeffsarafa@yahoo.com",sarafajeff@gmail.com,,216-776-2052,216-776-2052,5107749989,,https://www.linkedin.com/in/jeff-sarafa,,,,,,,"Vice President, Controller",Corpay,"230 Scientific Dr NW Suite 100, Peachtree Corners, Georgia 30092, US",cpsgo.com,http://www.cpsgo.com,https://www.linkedin.com/company/corporate-payroll-services_2,"Portland, OR, US",Portland,,OR ,US,Corpay,"Vice President, Controller",2021-08-01,Present,Corpay,Director Of Finance And Accounting,2019-07-01,2021-08-01,Building Champions,Chief Financial Officer,2018-01-01,2019-01-01,Nike,"Finance Director, Technology",2015-01-01,2017-01-01,Oracle,"GBU Consulting Finance, Senior Director",2011-01-01,2015-01-01,"University of California, Berkeley, Haas School of Business",Master of Business Administration - MBA,,,University of Michigan - Stephen M. Ross School of Business,Bachelor of Business Administration - BBA,,,,,,,,27,1970,vp,Finance,xp,,,,,
113909286,Steve O,Steve,O,Verified emails found,2025-10-15 09:49:17.849272,rados2000@hotmail.com,,rados2000@hotmail.com,"rados2000@hotmail.com,rados2000@yahoo.com,sodar1@hotmail.com,rados@hotmail.com","emmaalvarenga@yahoo.com,rados2000@att.net","o@castlegroup.com,steve@castlegroup.com",305-970-1336,305-970-1336,"314-853-5519
305-742-8711
201-970-1979
901-233-2137
954-704-4719
305-371-5393
954-217-7365
724-244-4823
574-233-4236
305-761-8557",,https://www.linkedin.com/in/steve-o-0894279,http://www.facebook.com/steve.odar,,,,,,"Vice President, Accounting",Castle Group,"12270 SW 3rd Street Suite 200, Plantation, Florida 33325, US",castlegroup.com,http://www.castlegroup.com,https://www.linkedin.com/company/castle-group,"Florida, United States",,,FL ,US,Castle Group,"Vice President, Accounting",2022-03-31,Present,VIKING Life-Saving Equipment A/S,Director of Finance and Controller,2019-06-30,2022-03-31,FedEx,"Sr. Manager, Controller",2013-09-30,2019-06-30,Bacardi USA,Finance Director,2009-10-31,2013-09-30,Royal Caribbean International,"Manager, Business Analysis and Planning",1998-05-31,2009-10-31,Florida International University - College of Business,Master's,,,,,,,,,,,,30,1971,vp,Finance,xp,,,,,
95545848,Ernestine Oriadha,Ernestine,Oriadha,Verified emails found,2025-10-15 09:49:18.072824,eoriadha@gmail.com,ernestine_oriadha@kindermorgan.com,eoriadha@gmail.com,"eoriadha@gmail.com,oriadha@gmail.com,ann.oriadha@att.net,kjgotmoney@att.net","ernestine_oriadha@kindermorgan.com,oriadha@yahoo.com",,281-433-4931,281-433-4931,"281-827-9941
7134204385
281-897-0277
281-676-4835
281-890-0105
281-807-4373
330-721-1650
832-688-8010",,https://www.linkedin.com/in/ernestine-oriadha-mba-cpa-223a3115,,,,,,,Vice President - Accounting,"Kinder Morgan, Inc.","1001 Louisiana St, Houston, Texas 77030, US",kindermorgan.com,http://www.kindermorgan.com,https://www.linkedin.com/company/kinder-morgan,"Houston, TX, US",Houston,77030,TX ,US,"Kinder Morgan, Inc.",Vice President - Accounting,2023-01-01,Present,"Kinder Morgan, Inc.",Director of Financial Reporting and Midstream Accounting,2019-01-01,2023-01-01,"Kinder Morgan, Inc.",Manager Financial Reporting,2017-08-01,2019-01-01,Kinder Morgan,Manager of Interstate Accounting,2015-01-01,2017-08-01,Spectra Energy,Senior Accountant,2011-03-01,2013-03-01,University of Houston,,,,University of Houston-Clear Lake,,,,"SEC filings,Revenue Analysis,FERC,US GAAP reporting,Gas Accounting,Mergers & Acquisitions,Purchase Price Allocation,Balance Sheet Review,Fixed Income Analysis,Expense Allocation,Project Management,Project Coordination,Sarbanes-Oxley Act,Financial Analysis,U.S. SEC Filings,Accounting",,,,,18,1984,vp,Finance,xp,,,,,
239688303,Shawn McGoran,Shawn,McGoran,Verified emails found,2025-10-15 09:49:18.302253,shawnmcgoran@yahoo.com,shawn.mcgoran@dickssportinggoods.com,shawnmcgoran@yahoo.com,shawnmcgoran@yahoo.com,shawn.mcgoran@dickssportinggoods.com,,4127201639,4127201639,,,https://www.linkedin.com/in/shawn-m-8944818,,,,,,,Vice President - Controller,DICK'S Sporting Goods,"345 Court St, Coraopolis, Pennsylvania 15108, US",dickssportinggoods.jobs,http://www.dickssportinggoods.com,https://www.linkedin.com/company/dick's-sporting-goods,"Pittsburgh, Pennsylvania, United States",Pittsburgh,,PA ,US,DICK'S Sporting Goods,Vice President - Controller,2019-04-01,Present,DICK'S Sporting Goods,Director of Accounting and Finance,2016-01-01,2019-04-01,DICK'S Sporting Goods,Director of Financial Planning and Analysis,2015-01-01,2016-01-01,Del Monte Foods,Sr. Auditor,2004-01-01,2005-01-01,Deloitte,Auditor and Audit Senior,2001-01-01,2004-01-01,Westminster College (PA),Bachelor of Science,,,,,,,,,,,,14,1979,vp,Finance,xp,,,,,
8537810,Sarah Bleach,Sarah,Bleach,Verified emails found,2025-10-15 09:49:18.481711,sbleach@verdantas.com,sbleach@verdantas.com,bleachs@verizon.net,,"sbleach@verdantas.com,bleachs@verizon.net",,4436194252,4436194252,"4108793679
4107710001",,https://www.linkedin.com/in/sarah-bleach-638ab719,https://facebook.com/sarah.t.bleach,,,,,,"Vice President, Controller",Verdantas,"8306 Laurel Fair Circle, Tampa, Florida 33610, US",verdantas.com,https://www.verdantas.com,https://www.linkedin.com/company/verdantas,"Maryland, United States",,,MD ,US,Verdantas,"Vice President, Controller",2019-11-01,Present,Duffield Associates (BECAME VERDANTAS),Controller,2019-11-01,2020-12-01,CallisonRTKL,Controller,2016-06-01,2019-10-01,Arthur Bell CPAs,Controller,2015-05-01,2016-05-01,Shapiro Sher Guinot & Sandler,Controller,2011-11-01,2015-05-01,"Isenberg School of Management, UMass Amherst",BBA,,,,,,,"Auditing,System Conversion,Quicken,Accounting,Deltek,Forecasting,Excel,Finance,Account Reconciliation,Budgeting,Microsoft Excel,Marketing,Sage 50,Customer Service,Financial Analysis,International Accounting,Budgets,Financial Reporting,Financial Statements,General Ledger,Research,Accounts Payable,Accounts Receivable,Payroll",,,,,33,1969,vp,Finance,xp,,,,,
44848921,Allison Campbell,Allison,Campbell,Verified emails found,2025-10-15 09:49:18.652258,allisonmagill@gmail.com,acampbell@grail.com,allisonmagill@gmail.com,"allisonmagill@gmail.com,aannnhhhh@gmail.com","acampbell@grail.com,acampbell@grailbio.com",allison@grail.com,650-796-7628,650-796-7628,"6508650981
650-371-4804
650-796-7621
650-348-0154
650-652-3945
650-362-3274
650-654-3854",,https://www.linkedin.com/in/allisoncampbellcpa,http://www.facebook.com/alison.bronzini,,,,,,"Vice President, Controller","Grail, Inc.","1525 O'Brien Drive, Menlo Park, California 94025, US",grail.com,http://www.grail.com,https://www.linkedin.com/company/grail-inc.,"Bellevue, WA, US",Bellevue,,WA ,US,"Grail, Inc.","Vice President, Controller",2022-02-01,Present,"Grail, Inc.","Senior Director of Finance, Assistant Controller",2021-01-01,2022-02-01,"Grail, Inc.","Director, Technical Accounting",2019-09-01,2021-01-01,Ey,"Senior Manager, Assurance Services",2015-07-01,2019-08-01,Ey,"Senior Manager, Global Assurance Standards, Methodology and Implementation",2013-09-01,2015-06-01,Queen's University,Bachelor of Commerce,,,Uppsala University,,,,"Services,Accounting,Auditing,Information Technology,Client Service Oriented,Technical Accounting Research,Valuation,Software as a Service,Financial Modeling,Volunteering,Life Sciences,Financial Services,Consolidation,Business Planning,Real Estate,Professional Services,Internal Controls,Manufacturing,Financial Analysis,GAAP,IFRS,Financial Statements,Financial Reporting,Coaching,Due Diligence,Assurance,Financial Projection,SOX 404",,,,,19,1976,vp,Finance,xp,,,,,
14427651,Amy Wilson,Amy,Wilson,Verified emails found,2025-10-15 09:49:18.856579,amy.wilson@lifespacecommunities.com,amy.wilson@lifespacecommunities.com,jnawilson518@aol.com,"amy.wilson@lifespacecommunities.com,jnawilson518@aol.com,awilson@lifespacecommunities.com",,,2149796100,,3104775876,,https://www.linkedin.com/in/amy-wilson-a9a89a9,,,,,,,"Senior Vice President, Finance and Accounting","Lifespace Communities, Inc.","3501 Olympus Blvd 300, Dallas, Texas 75019, US",lifespacecareers.com,http://www.lifespacecommunities.com,https://www.linkedin.com/company/lifespacecommunities,"Texas, United States",,,TX ,US,"Lifespace Communities, Inc.","Senior Vice President, Finance and Accounting",2024-11-30,Present,CBRE,"Chief Financial Officer and SVP, Global Workplace Solutions",2022-04-30,2024-06-30,CBRE,"Chief Financial Officer and VP, Global Workplace Solutions, Enterprise Accounts",2019-12-31,2022-04-30,CBRE,"Chief Financial Officer and VP, Global Workplace Solutions, Americas",2015-10-31,2019-12-31,Verizon,Accounting Manager and Senior Accountant,1998-01-01,2000-01-01,CBRE,,,,,,,,"Finance,Financial Analysis,Cost Accounting,Product Marketing,Forecasting,Financial Reporting,Financial Modeling,Cash Management,GAAP",,,,,13,1967,vp,Finance,xp,,,,,
3365224,Vincent Lucinese,Vincent,Lucinese,Verified emails found,2025-10-15 09:49:19.050926,vlucinese@scholastic.com,vlucinese@scholastic.com,,vlucinese@scholastic.com,,,9735719311,,"2123431001
2016332531",,https://www.linkedin.com/in/vincent-lucinese-734aa5b,,,,,,,Vice President - Controller,Scholastic,"557 Broadway, New York, New York 10012, US",scholastic.com,http://www.scholastic.com/?eml=/smd,https://www.linkedin.com/company/scholastic,"Verona, NJ, US",Verona,,NJ ,US,Scholastic,Vice President - Controller,2010-06-01,Present,AT&T,Director - Accounting,1999-01-01,2007-01-01,Ricoh Company Ltd.,Senior Manager - Accounting,2007-07-01,2010-06-01,Sony Electronics Inc,Accounting Mgr. - Consumer Elec.,1987-01-01,1999-01-01,,,,,Fordham University,BS,,,,,,,"Engineering,Microsoft Office,Sales,Financial Reporting,Account Management,CPA,Internal Audit",,,,,38,1961,vp,Finance,xp,,,,,
7259312,Christina Kim,Christina,Kim,Verified emails found,2025-10-15 09:49:19.260076,christinamkim8@gmail.com,christina.kim@wellsfargo.com,christinamkim8@gmail.com,christinamkim8@gmail.com,"christina.kim@wellsfargo.com,christina.m.kim@wellsfargo.com",,2132156052,2132156052,8183343651,,https://www.linkedin.com/in/christina-kim-65a5798,,,,,,,"Vice President, Controller",Wells Fargo,"420 Montgomery St, San Francisco, California 94163, US",wellsfargo.com,http://www.wellsfargo.com,https://www.linkedin.com/company/wellsfargo,"Glendale, CA, US",Glendale,,CA ,US,Wells Fargo,"Vice President, Controller",2013-05-01,Present,"Prospect Mortgage, LLC","SVP, Corporate Controller",2010-07-01,2013-05-01,20th Century Fox,"Director, Finance (Reporting Group)",2008-10-01,2010-07-01,Indymac Bank,VP - Finance,2000-09-01,2008-07-01,,,,,UC Santa Barbara,BA,,,,,,,"Financial Modeling,Financial Reporting,Credit Analysis,Banking,Risk Management,Mortgage Lending,Credit,Accounting,Finance,Financial Analysis,Loans",,,,,24,1975,vp,Finance,xp,,,,,
53092315,Robin Turner,Robin,Turner,Verified emails found,2025-10-15 09:49:19.441948,rpatino68@yahoo.com,rturner@schoolsfirstfcu.org,rpatino68@yahoo.com,rpatino68@yahoo.com,"rturner@schoolsfirstfcu.org,rpatino@schoolsfirstfcu.org",,714-323-3771,714-323-3771,"714-914-2408
714-280-0292
714-466-8542
800-926-8743
714-258-4000",,https://www.linkedin.com/in/robin-turner-cpa-cgma-b5043b1,,,,,,,"Vice President, Controller",SchoolsFirst Federal Credit Union,"2115 N. Broadway, Santa Ana, California 92706, US",schoolsfirstfcu.org,http://www.schoolsfirstfcu.org/,https://www.linkedin.com/company/schoolsfirst-federal-credit-union,"Tustin, CA, US",Tustin,,CA ,US,SchoolsFirst Federal Credit Union,"Vice President, Controller",2004-01-31,Present,Grant Thornton LLP,Audit Manager,1997-08-31,2004-01-31,,,,,,,,,,,,,Western CUNA Management School,,,,University of New Hampshire,Bachelor Of Science,,,"Financial Reporting,SEC reporting,Auditing,Audit,Internal Controls,GAAP,Accounting,Financial Analysis,Internal Audit,General Ledger,Technical Accounting,US GAAP,10Q,Revenue Recognition,FASB,Accounting Research,SOX,External Audit,Enterprise Risk...,Budgets,Finance,Financial Statements,SEC filings,Sarbanes-Oxley Act",,,,,28,1968,vp,Finance,xp,,,,,
2712806,Dean Jenkins,Dean,Jenkins,Verified emails found,2025-10-15 09:49:19.645803,dean.jenkins@wnco.com,dean.jenkins@wnco.com,,,dean.jenkins@wnco.com,deanjenkins@wnco.com,2144973901,2144973901,2147924163,,https://www.linkedin.com/in/jenkinsdean,https://facebook.com/dean.jenkins.186,,,,,,Vice President Treasurer,Southwest Airlines,"2702 Love Field Drive, Dallas, Texas 75235, US",southwest.com,http://www.southwest.com,https://www.linkedin.com/company/southwest-airlines,"Dallas, TX, US",Dallas,,TX ,US,Southwest Airlines,Vice President Treasurer,2023-07-01,Present,Southwest Airlines,Managing Director and Assistant Treasurer,2008-11-01,2023-08-01,Electronic Data Systems,Assistant Treasurer and Manager - Capital Markets,2001-01-01,2005-12-01,Electronic Data Systems,"Assistant Treasurer and Director, Treasury Operations",2006-01-01,2008-11-01,Electronic Data Systems,Financial Consultant - Corporate Financial Analysis,1999-01-01,2000-12-01,University of North Texas,MBA,,,The University of Texas at San Antonio,BBA,,,"Corporate Financial Analysis,Global Cash Management,Foreign Exchange Risk Management,Interest Rate Risk Management,Liquidity Management,Cash Flow Forecasting,Cash Flow Planning and Analysis,Financial Analysis,Valuation Modeling,Contract Negotiation,Debt Management and Compliance,Full P&L Responsibility,Contract Pricing and Costing,Financial Planning and Analysis,M&A analysis,Bank Relationship Management,Capital Markets,Cross Functional Team Building,Banking,Corporate Finance,Due Diligence,Financial Modeling,Forecasting,Internal Audit,P&L Management,Strategic Planning,Modernization,Analysis,Sales",,,"EDS Alumni, Treasury Management Network, Executive Talent: Insights for the C-Suite, by AESC, Treasury / Finance Careers, University of Texas at San Antonio Alumni, Super CFO : Finance, Accounting, Tax, IFRS, Startup, PE, CEO, CA, CPA, CS, Networking, Professionals, Financial Risk Management Network",,39,1963,vp,Finance,xp,,,,,
72459499,Sunny Kim,Sunny,Kim,Verified emails found,2025-10-15 09:49:19.825882,sunny3232@gmail.com,skim@onec1.com,sunny3232@gmail.com,sunny3232@gmail.com,skim@onec1.com,,9728677555,,"4698770533
4698770633",,https://www.linkedin.com/in/sunny-kim-cpa,,,,,,,Vice President - Controller,C1,"10900 Nesbitt Ave S, Bloomington, Minnesota 55437, US",onec1.com,http://www.onec1.com,https://www.linkedin.com/company/onec1,"Allen, TX, US",Allen,,TX ,US,C1,Vice President - Controller,2025-05-01,Present,Carbon Health,Vice President - Controller,2022-01-01,2025-05-01,Upbound Group,Sr. Director - Corporate Accounting,2021-01-01,2022-01-01,Upbound Group,Director of Accounting,2016-01-01,2021-01-01,Vistra Corp.,"Manager, Technical Accounting",2012-01-01,2016-01-01,The University of Texas at Dallas,,,,UC Irvine,,,,,,,,,18,1941,vp,Finance,xp,,,,,
19518895,Tom Barrett,Tom,Barrett,Verified emails found,2025-10-15 09:49:20.021542,tobarrett@congruex.com,tobarrett@congruex.com,,tobarrett@congruex.com,,,3035759673,,3037844587,,https://www.linkedin.com/in/tom-barrett-b4738b11,,,,,,,Vice President Controller,Congruex,"1600 Pearl Street Suite 300, Boulder, Colorado 80302, US",congruex.com,http://www.congruex.com,https://www.linkedin.com/company/congruexgroup,"Denver, CO, US",Denver,80219,CO ,US,Congruex,Vice President Controller,2023-06-01,Present,Trax Retail,Vice President Global Controller,2022-03-01,2023-06-01,Voyager Space,Chief Financial Officer,2021-09-01,2022-01-01,Liberty Latin America,Vice President of Accounting,2018-01-01,2021-09-01,Liberty Global,Vice President Global Consolidations and Reporting,2016-07-01,2017-12-01,University of Colorado Boulder - Leeds School of Business,Bachelor of Business Administration - BBA,,,,,,,"SEC filings,IFRS,Auditing,CGMA,Underwriting,US GAAP,Big 4",,,Liberty Global Fast Forward Class 2012,,29,1964,vp,Finance,xp,,,,,
17939149,Leanne Horler,Leanne,Horler,Verified emails found,2025-10-15 09:49:20.223620,leanne.horler@yahoo.com,,leanne.horler@yahoo.com,leanne.horler@yahoo.com,,lhorler@invitationhomes.com,2145526364,,,,https://www.linkedin.com/in/leanne-horler-31398b29,,,,,,,"Vice President, Accounting",Invitation Homes,"5420 LBJ Freeway Suite 600, Dallas, Texas 75240, US",invitationhomes.com,https://www.invitationhomes.com,https://www.linkedin.com/company/invitation-homes,"Dallas, TX, US",Dallas,,TX ,US,Invitation Homes,"Vice President, Accounting",2019-03-01,Present,Invitation Homes,"Senior Director, Corporate Accounting and Treasury",2015-08-01,2019-03-01,Invitation Homes,"Director, Treasury",2014-10-01,2015-07-01,Invitation Homes,VP - Corporate Finance and Acquisition Accounting,2012-11-01,2014-09-01,Invitation Homes,Fund and AM Corporate Controller,2012-06-01,2012-11-01,University of Notre Dame,Bachelor of Business Administration,,,,,,,"Microsoft Office,Microsoft Excel,Strategic Planning,Fund Accounting,MRI Software,Investment Banking,Drug Discovery,General Ledger,Mergers",,,"Goldman Sachs Alumni Networking Group, Concur",,23,1978,vp,Finance,xp,,,,,
11362422,Brent Trask,Brent,Trask,Verified emails found,2025-10-15 09:49:20.423941,brent.trask@charter.com,brent.trask@charter.com,brenttrask@gmail.com,brent.trask@charter.com,brenttrask@gmail.com,,3145432273,,3148216249,,https://www.linkedin.com/in/brent-trask-105b4751,,,,,,,"Vice President, Accounting",Charter Communications,"400 Washington Blvd, Stamford, Connecticut 06902, US",spectrum.com,http://corporate.charter.com,https://www.linkedin.com/company/charter-communications,"St. Louis, MO, US",St. Louis,63108,MO ,US,Charter Communications,"Vice President, Accounting",2014-03-01,Present,Charter Communications,"Senior Director, Accounting",2006-06-01,2014-03-01,Charter Communications,"Director, Accounting",2000-01-01,2006-05-01,Charter Communications,Accounting Manager,1997-04-01,1999-12-01,Charter Communications,Senior Accountant,1995-05-01,1997-04-01,Maryville University of Saint Louis,Master of Business Administration (MBA),,,University of Missouri-Columbia,Bachelor's degree,,,"Accounting,Communications",,,"Charter Communications, Concur, Boy Scouts of America Volunteers",,30,1971,vp,Finance,xp,,,,,
10701250,Justin Sinnott,Justin,Sinnott,Verified emails found,2025-10-15 09:49:20.702672,sinnott.justin@gmail.com,justins@westmarine.com,sinnott.justin@gmail.com,"sinnott.justin@gmail.com,cloguinn@gmail.com,nailgrl2@gmail.com,jackrpb@aol.com,sk8head69@bellsouth.net",justins@westmarine.com,,561-207-1895,561-207-1895,"561-792-2652
561-585-6434",,https://www.linkedin.com/in/justin-sinnott-7b791223,,,,,,,"Vice President, Controller",West Marine,"1 E Broward Blvd, Fort Lauderdale, Florida 33315, US",westmarine.com,https://www.westmarine.com/,https://www.linkedin.com/company/west-marine,"Fort Lauderdale, FL, US",Fort Lauderdale,33315,FL ,US,West Marine,"Vice President, Controller",2025-01-01,Present,Blue Compass RV,Assistant Corporate Controller,2021-05-01,2025-01-01,"RV Retailer, LLC",Director of Accounting and Financial Reporting,2020-04-01,2021-05-01,EY,Assurance Manager,2017-10-01,2020-04-01,EY,Assurance Senior,2012-09-01,2017-09-01,Florida Atlantic University,Master of Business Administration (MBA),,,University of Florida,Bachelors,,,"Microsoft Office,Fixed Assets,Microsoft Excel,Accruals,SEC filings,Financial Modeling,Financial Statements,GAAP,Revenue Analysis,Auditing,Data Analytics,US GAAP,Microsoft Word,Process Improvement,Financial Analysis,Financial Accounting,Quality Assurance,Financial Audits,Expenses,Financial Reporting,Assurance,Marketing,Accounting",,,,,13,1988,vp,Finance,xp,,,,,
32443602,Matt Bogenschutz,Matt,Bogenschutz,Verified emails found,2025-10-15 09:49:20.899942,matthew.bogenschutz@universalplant.com,matthew.bogenschutz@universalplant.com,,matthew.bogenschutz@universalplant.com,,,2817442161,,2818523139,,https://www.linkedin.com/in/matt-bogenschutz-cpa-910b707,,,,,,,"Vice President, Controller",Universal Plant Services,"4460 Hwy 225, Deer Park, Texas 77536, US",upsindustrial.com,https://www.upsindustrial.com,https://www.linkedin.com/company/ups-industrial-services-llc,"Houston, TX, US",Houston,77030,TX ,US,Universal Plant Services,"Vice President, Controller",2023-12-01,Present,Spiradrill,Controller,2022-08-01,2023-11-01,Cornerstone Chemical Company,Controller and Treasurer,2021-01-01,2021-12-01,The Sinclair Group,Controller and CFO,2015-11-01,2020-04-01,LyondellBasell,Global Process Owner (Sr. Accounting Manager) - Capital Adminstration and Fixed Assets,2013-01-01,2014-12-01,Stephen F. Austin State University,BBA,,,,,,,"Accounting,Internal Controls,Budgets,Auditing,Strategy,Process Improvement,Management,Leadership,Contract Management,Strategic Planning,Manufacturing,Forecasting,Financial Analysis,Negotiation,Financial Reporting,Sarbanes-Oxley Act,US GAAP,SAP,IFRS,Financial Accounting,Corporate Finance,Internal Audit,Cost Accounting,Change Management,Business Process Improvement,Budgeting,U.S. Generally Accepted Accounting Principles (GAAP),International Financial Reporting Standards (IFRS),Analysis,Succession Planning,u.s. Generally Accepted Accounting Principles Gaap,Recruiting,Microsoft Excel,International Financial Reporting Standards Ifrs,Engineering,Sales,Pipelines,Universities,Sarbanes Oxley Act,College Recruiting,Planning,u.s. Generally Accepted Accounting Principles,International Financial Reporting Standards",,,"Chief Financial Officer (CFO) Network - The #1 Group for CFOs, Global Jobs Network, Finance Plus: Private Equity, Venture Capital and M&A news, CFO CONTROLLERS GROUP, Business Control | FP&A | Management Accounting | Finance Partner | Forecasting | Budgeting | CIMA, Fixed Asset Accounting Group",,34,1965,vp,Finance,xp,,,,,
112409729,Kara White,Kara,White,Verified emails found,2025-10-15 09:49:21.333320,kara_white@qbsol.com,kara_white@qbsol.com,,,kara_white@qbsol.com,,713-294-9033,713-294-9033,"281-989-5082
7137710735
713-918-8800
713-918-8000
713-580-3218
832-321-3180
713-580-3332
713-580-3300",,https://www.linkedin.com/in/kara-white-cpa-78ba112,,,,,,,Vice President - Controller,Quorum Software,GI,quorum.gi,https://www.quorum.gi,https://www.linkedin.com/company/quorum-business-solutions,"Houston, TX, US",Houston,77030,TX ,US,Quorum Software,Vice President - Controller,2019-12-31,Present,"WAVE Electronics, Inc.",Vice President - Finance & Accounting,2019-06-30,2019-11-30,Hoover Ferguson,Consultant,2018-07-31,2019-06-30,The Friedkin Group,Corporate Controller - Director of Financial Services - Director of Financial Planning & Analysis,2007-03-31,2018-05-31,BMC Software,Director - Americas Accounting,2006-05-31,2007-03-31,The University of Texas at Austin - Red McCombs School of Business,,,,The University of Chicago Booth School Of Business,,,,,,,,,33,1990,vp,Finance,xp,,,,,
36292280,Denisse Rodgers,Denisse,Rodgers,Verified emails found,2025-10-15 09:49:21.542064,denisse.reguerin@gmail.com,,denisse.reguerin@gmail.com,"denisse.reguerin@gmail.com,dreguerin@gmail.com,dreguerin@hotmail.com,travisjackson76@yahoo.com,dreguerin@att.net,darrinvalente@hotmail.com,mrcoop9@hotmail.com",denisse@ymail.com,,813-767-0853,813-767-0853,"8133131859
813-964-8196",,https://www.linkedin.com/in/denisser,http://www.facebook.com/dreguerin,,,,,,Vice President Controller,Primo Brands,"1150 Assembly Drive Suite 800, Tampa, Florida 33607, US",primobrands.com,https://www.primobrands.com/,https://www.linkedin.com/company/primobrands,"Florida, United States",,,FL ,US,Primo Brands,Vice President Controller,2021-12-01,Present,Primo Brands,Senior Director of Financial Reporting and Technical Accounting,2019-01-01,2021-12-01,Primo Brands,Director of Financial Reporting and Technical Accounting,2017-03-01,2018-12-01,Primo Brands,Senior Manager - Financial Reporting and Technical Accounting,2015-09-01,2017-03-01,PricewaterhouseCoopers,Assurance Manager,2005-09-01,2013-01-01,University of South Florida,,,,,,,,"Auditing,U.S. Generally Accepted Accounting Principles Gaap,Microsoft Office,Financial Reporting,Project Management,Sarbanes Oxley Act,Social Media,CPA,US GAAP,Assurance,Accounting,Internal Controls,XBRL,SEC filings,Strategic Planning,Financial Analysis,U.S. SEC Filings,Journalism,External Audit,Financial Accounting,u.s. Generally Accepted Accounting Principles",,,,,25,1981,vp,Finance,xp,,,,,
241279516,Alex Gildner,Alex,Gildner,Verified emails found,2025-10-15 09:49:21.728602,alexgildner@gmail.com,alex.gildner@id.me,alexgildner@gmail.com,,"alexgildner@gmail.com,alex.gildner@id.me",agildner@id.me,6102485389,6102485389,,,https://www.linkedin.com/in/alex-gildner-cpa-mba-6ba2a5102,,,,,,,"Vice President, Controller",ID.me,"8281 Greensboro Dr., McLean, Virginia 22102, US",id.me,https://id.me,https://www.linkedin.com/company/id.me,"Philadelphia, PA, US",Philadelphia,,PA ,US,ID.me,"Vice President, Controller",2024-10-01,Present,ID.me,"Senior Director, Controller",2023-06-01,2024-10-01,ID.me,Director- Technical and Revenue Accounting and Reporting,2022-03-01,2023-06-01,"RealNetworks, Inc.",Director of Accounting and Assistant Controller,2019-01-01,2021-11-01,Starbucks,"Senior Manager, Inventory Finance and Accounting",2018-01-01,2019-01-01,Lehigh University,,,,Muhlenberg College,,,,"Financial Reporting,Financial Analysis,Financial Accounting,CPA,US GAAP,Internal Controls,Sarbanes-Oxley Act,Auditing,Forecasting,Microsoft Office,Financial Statements,Accounting,Finance",,,,,17,1986,vp,Finance,xp,,,,,
2144095,Ryan Cahill,Ryan,Cahill,Verified emails found,2025-10-15 09:49:21.925695,ryan.cahill@anthology.com,ryan.cahill@anthology.com,ryancahill@gmail.com,ryan.cahill@anthology.com,ryancahill@gmail.com,,2023200938,2023200938,,,https://www.linkedin.com/in/ryan-cahill-b8233620,,,,,,,"Vice President, Controller",Anthology Inc,"5201 Congress Ave, Boca Raton, Florida 33487, US",anthology.com,http://www.anthology.com,https://www.linkedin.com/company/anthologyinc,"Washington, DC, US",Washington,20005,DC ,US,Anthology Inc,"Vice President, Controller",2022-01-01,Present,Blackboard,"Senior Director, Assistant Controller",2020-10-01,2022-01-01,Blackboard,"Director, Revenue Accounting",2017-12-01,2020-09-01,Blackboard,"Senior Manager, Revenue Accounting",2014-12-01,2017-11-01,Blackboard,"Manager, Revenue Accounting",2013-07-01,2014-12-01,Villanova University,BS,,,Walt Whitman High School,,,,"Accounting,Auditing,Financial Reporting,Internal Controls,GAAP,Financial Analysis,US GAAP,Management,Financial Accounting,Assurance,Revenue Recognition,Software Revenue,Leadership,C++,Quality Assurance,Account Management",,,,,18,1984,vp,Finance,xp,,,,,
613403369,Laura Boyd,Laura,Boyd,Likely emails found,2025-10-15 09:49:22.099502,,,,,,"lboyd@vineyardvines.com,lauraboyd@vineyardvines.com",6462455451,6462455451,,,https://www.linkedin.com/in/laura-boyd-2598a853,,https://twitter.com/lauraboydspeaks,,,,,"Vice President, Controller",vineyard vines,"181 Harbor Point, Stamford, Connecticut 06902, US",vineyardvines.com,http://www.vineyardvines.com,https://www.linkedin.com/company/vineyard-vines,"New York, NY, US",New York,,NY ,US,vineyard vines,"Vice President, Controller",,Present,vineyard vines,"Vice President, Corporate Controller",2023-04-01,Present,"Hunter Douglas, Inc.",Global Controller and North America Controller,2022-05-01,2023-04-01,"Hunter Douglas, Inc.","Vice President, Corporate Controller, North America",2019-02-01,2022-05-01,Tapestry,Sr Director of Accounting - Tapestry,2017-05-01,2019-02-01,Boston College,,,,Monash University,,,,,,,,,25,,vp,Finance,xp,,,,,
15591946,Stephen Hunn,Stephen,Hunn,Verified emails found,2025-10-15 09:49:22.316958,shunn@apexsystems.com,shunn@apexsystems.com,cshunn205@gmail.com,"shunn@apexsystems.com,cshunn205@gmail.com",,shunn@apexsystemsinc.com,2058704762,,"8044334486
8042619289",,https://www.linkedin.com/in/cshunn,,,,,,,"Vice President, Controller",Apex Systems,"4400 Cox Rd Ste 200, Glen Allen, Virginia 23060, US",apexsystems.com,http://www.apexsystems.com,https://www.linkedin.com/company/apex-systems,"Richmond, VA, US",Richmond,,VA ,US,Apex Systems,"Vice President, Controller",2017-08-01,Present,Tredegar Film Products,Shared Service Controller,2015-10-01,2017-08-01,Tredegar Corporation,Assistant Controller,2008-12-01,2015-10-01,HRH,Assistant Controller,2004-05-01,2008-12-01,Ernst & Young,Manager,1998-01-01,2004-01-01,University of Virginia,,,,,,,,"Research,Microsoft Excel,Leadership,Accounting,Financial Reporting,Team Management,Budgets,Sales Management",,,,,27,1975,vp,Finance,xp,,,,,
15258043,Brian Rogers,Brian,Rogers,Verified emails found,2025-10-15 09:49:22.539532,brianrogers@gmail.com,brogers@gilbaneco.com,brianrogers@gmail.com,,"brianrogers@gmail.com,brogers@gilbaneco.com",,9783174449,,6784630725,,https://www.linkedin.com/in/brian-rogers-9b361153,,,,,,,Vice President - Controller,Gilbane Building Company,"7 Jackson Walkway, Providence, Rhode Island 02903, US",gilbaneco.com,http://www.gilbaneco.com/building,https://www.linkedin.com/company/gilbane-building-company,"Providence, RI, US",Providence,,RI ,US,Gilbane Building Company,Vice President - Controller,2017-09-01,Present,Gilbane Building Company,Vice President - Controller,2016-01-01,2017-09-01,Gilbane Building Company,Controller,2014-04-01,2015-12-01,Gilbane Building Company,Accounting Manager,2013-01-01,2014-03-01,Gilbane Building Company,Accounting Supervisor,2012-04-01,2012-12-01,College of the Holy Cross,Bachelor of Arts (B.A.),,,,,,,"Strategic Planning,Marketing,Team Building",,,,,19,1982,vp,Finance,xp,,,,,
132504009,Kitty Ng,Kitty,Ng,Verified emails found,2025-10-15 09:49:22.727620,kitty.ng@psgequity.com,kitty.ng@psgequity.com,kittylee214@gmail.com,"kitty.ng@psgequity.com,kittylee214@gmail.com,rng200@gmail.com",,,617-230-6396,617-230-6396,8572843528,,https://www.linkedin.com/in/kitty-ng-52973127,http://www.facebook.com/people/_/18606983,,,,,,"Vice President, Controller",PSG,"401 Park Drive, Boston, Massachusetts 02215, US",psgequity.com,http://www.psgequity.com,https://www.linkedin.com/company/psgequity,"Quincy, MA, US",Quincy,,MA ,US,PSG,"Vice President, Controller",2023-03-01,Present,Providence Equity Partners,Vice President,2019-01-01,2023-03-01,Providence Equity Partners,Manager,2016-01-01,2018-12-01,Providence Equity Partners,Senior Associate,2013-08-01,2015-12-01,Providence Equity Partners,Associate,2011-02-01,2013-08-01,Bentley University,Master of Business Administration (M.B.A.),,,Bentley University,Bachelor of Science (BS),,,,,,,,14,1988,vp,Finance,xp,,,,,
8367066,Thomas Morgan,Thomas,Morgan,Likely emails found,2025-10-15 09:49:22.937774,,,,,,"tmorgan@mainehealth.org,thomas.morgan@mainehealth.org,morgant@mainehealth.org,thomasmorgan@mainehealth.org,thomasm@mainehealth.org",5417310617,7193549159,"2076617001
7193549159",,https://www.linkedin.com/in/thomas-morgan-720ba251,,,,,,,Vice President Reimbursement,MaineHealth,"110 Free Street, Portland, Maine 04101, US",mainehealth.org,http://www.mainehealth.org,https://www.linkedin.com/company/mainehealth,"Scarborough, ME, US",Scarborough,,ME ,US,MaineHealth,Vice President Reimbursement,2013-08-01,Present,PeaceHealth,Reimbursement Manager,2010-02-01,2013-08-01,Childrens Hospital of The King's Daughters,Reimbursement Manager,2005-01-01,2010-02-01,"BKD, LLP",Supervisor,1998-01-01,2004-12-01,,,,,Regis University,Bachelor's degree,,,Montgomery College,Associate's degree,,,"Medicare/Medicaid reimbursement,340B,GME,Revenue Analysis,Revenue Modeling,Certified Public Accountant,Finance,Revenue Cycle Management,Analysis,Healthcare Consulting,Accounts Receivable,CPA,HIPAA,Physician Relations,Medical Compliance,Medicare,Healthcare Industry,Physicians,Health Information Management,CPT,Credentialing,Healthcare Reimbursement,Medical Billing,Managed Care,Medical Coding,Provider Relations,Accounting,U.S. Health Insurance Portability and Accountability Act (HIPAA),Current Procedural Terminology (CPT),Working with Physicians,Medicaid,Accruals,Curriculum Development,Projection,Research,Marketing,Reimbursement,Strategic Planning,Microsoft Excel,Current Procedural Terminology Cpt,Compliance,Public Speaking,u.s. Health Insurance Portability and Accountability Act Hipaa,u.s. Health Insurance Portability and Accountability Act,Current Procedural Terminology",,,"HFMA - Healthcare Financial Management Association (U.S.A.), Regulation & Reimbursement Trends in Healthcare, Healthcare Reimbursement",,27,1970,vp,Finance,xp,,,,,
6730743,Ross Hollander,Ross,Hollander,Verified emails found,2025-10-15 09:49:23.162997,rosshollander@gmail.com,rosshollander@gmail.com,ross_hollander@hotmail.com,"rosshollander@gmail.com,ross_hollander@hotmail.com,jewie.jewberg@gmail.com",ross.hollander@nationals.com,,7035977677,7035977677,"202-775-8549
202-675-6287
202-775-5800
703-281-5446",,https://www.linkedin.com/in/ross-hollander-36519256,http://www.facebook.com/ross.hollander,,,,,,"Vice President, Accounting",Washington Nationals,"1500 S. Capitol Street, SE Nationals Park, Washington, District of Columbia 20005, US",nationals.com,http://www.nationals.com,https://www.linkedin.com/company/washington-nationals,"Arlington, VA, US",Arlington,,VA ,US,Washington Nationals,"Vice President, Accounting",2020-01-01,Present,Washington Nationals,"Senior Director, Financial Reporting",2017-02-01,2020-01-01,Washington Nationals,"Director, Financial Reporting",2008-06-01,2017-02-01,Global Events Partners,Controller,1997-10-01,2008-06-01,Feddeman and Company,Staff Accountant,1996-08-01,1997-10-01,University of Delaware,Bachelor of Science (B.S.),,,,,,,"SEC filings,Sarbanes Oxley Act,SEC reporting,Financial Reporting,Discontinued Operations,Strategic Partnerships,Cash Flow",,,,,29,1974,vp,Finance,xp,,,,,
5334026,John Thomas,John,Thomas,Verified emails found,2025-10-15 09:49:23.333703,john.thomas@brightspringhealth.com,john.thomas@brightspringhealth.com,,,john.thomas@brightspringhealth.com,jthomas@brightspringhealth.com,8172391088,,"5026307077
5022975640",,https://www.linkedin.com/in/john-thomas-1962a114,,,,,,,"Vice President, Controller",BrightSpring Health Services,"805 N Whittington Pkwy, Louisville, Kentucky 40222, US",brightspringhealth.com,http://brightspringhealth.com,https://www.linkedin.com/company/brightspringhealth,"Louisville, KY, US",Louisville,,KY ,US,BrightSpring Health Services,"Vice President, Controller",2019-08-01,Present,BrightSpring,Sr. Director of Accounting and Assistant Controller,2018-03-01,2019-07-01,PharMerica,Assistant Controller,2015-05-01,2018-03-01,Macy's,Director - Accounting Services,2012-01-01,2015-05-01,Macy's,Internal Audit Director,2010-01-01,2012-01-01,Bellarmine University,MBA,,,Bellarmine University,BA,,,"Auditing,CPA,Accounting,Retail,Forecasting,Finance,Process Improvement,Compliance,Financial Accounting,Risk Assessment,Sarbanes Oxley,US GAAP,Audit,Internal Controls,Financial Analysis,GAAP,Budgets,Sarbanes Oxley Act,Management,Financial Reporting,Financial Statements,General Ledger,SOX,Internal Audit",,,,,24,1979,vp,Finance,xp,,,,,
3032276,Kashka Ashford,Kashka,Ashford,Verified emails found,2025-10-15 09:49:23.551477,kashka.ashford@nightwing.us,kashka.ashford@nightwing.us,kashkaashford@gmail.com,kashka.ashford@nightwing.us,kashkaashford@gmail.com,,2026959421,2026959421,"7037712125
7815223083",,https://www.linkedin.com/in/kashka-ashford-6b562a8,,,,,,,"Vice President, Controller",Nightwing,,nightwing.com,https://nightwing.com,https://www.linkedin.com/company/nightwing-us,"Leesburg, VA, US",Leesburg,,VA ,US,Nightwing,"Vice President, Controller",2024-01-01,Present,Raytheon Intelligence & Space,Controller,2020-04-01,2023-08-01,Raytheon Sytems Limited,Financial Controller,2010-09-01,2011-08-01,Raytheon,"Director, Accounting Analysis",2007-01-01,2010-09-01,KPMG,Senior Manager,1998-10-01,2007-01-01,George Mason University,,,,,,,,"Accounting,Cost Accounting,SQL,Business Process Improvement,SAP,Revenue Recognition,Management,Auditing,Managerial Finance,Financial Analysis,Sarbanes Oxley Act,Finance,Process Improvement,US GAAP,SEC filings,Internal Controls,GAAP,Variance Analysis,Financial Reporting",,,,,21,1972,vp,Finance,xp,,,,,
2211214,Bob Sutter,Bob,Sutter,Verified emails found,2025-10-15 09:49:23.758267,bob.sutter.chicago@gmail.com,,bob.sutter.chicago@gmail.com,bob.sutter.chicago@gmail.com,,,8479174780,8478990718,"8478990718
3122740994",(312) 274-0994,https://www.linkedin.com/in/bob-sutter-67065910,https://facebook.com/bob.sutter.chicago,,,,,,"President, Director of Accounts",THE ESCAPE POD,"400 N Peoria St Ste 2, Chicago, Illinois 60642, US",theescapepod.com,http://theescapepod.com,https://www.linkedin.com/company/the-escape-pod,"Winnetka, IL, US",Winnetka,,IL ,US,THE ESCAPE POD,"President, Director of Accounts",2012-01-01,Present,DDB,"SVP, Group Business Director",1998-09-01,2011-10-01,McCann Erickson,"SVP, Group Account Director",1995-01-01,1998-01-01,Cohen-Johnson,"VP, Management Supervisor",1991-01-01,1995-01-01,McCann Erickson,"VP, Account Director",1986-01-01,1991-01-01,Harvard Business School,MBA,,,University of Oregon,BS 1977,,,"Account Management,Team Leadership,Creative Collaboration,Leadership,Microsoft Office,Management,Marketing,Public Speaking,Advertising,Services,Ideas,Financial Services",,,"University of Oregon, Advertising Age, DDB Worldwide, McCann-Erickson Advertising Alumni (Over 2,000 Members!), Harvard Business School Alumni (Official), Chicago Ducks",,42,1955,cxo,Finance,xp,,,,,
30829002,Beth Lancing,Beth,Lancing,Verified emails found,2025-10-15 09:49:23.966457,elancing@nascar.com,elancing@nascar.com,elancing1@msn.com,"elancing@nascar.com,elancing1@msn.com,gogirlarizona@hotmail.com",,,3862747377,3865896485,"3863106800
3865896485
3863105836
6144979174",,https://www.linkedin.com/in/beth-peppin-lancing-56b2247,,,,,,,"Vice President, Controller",NASCAR,"One Daytona Blvd. International Motorsports Center, Daytona Beach, Florida 32114, US",nascar.com,http://www.nascar.com,https://www.linkedin.com/company/nascar,"Daytona Beach, FL, US",Daytona Beach,,FL ,US,NASCAR,"Vice President, Controller",2021-03-01,Present,NASCAR,"Controller, Managing Director",2019-02-01,2021-03-01,NASCAR,"Managing Director, Corporate Accounting",2013-01-01,2019-02-01,NASCAR,Director of Accounting,2009-02-01,2013-01-01,NASCAR,Sr. Manager - Internal Controls,2007-07-01,2009-02-01,University of Denver,Masters,,,Northern Arizona University-The W. A. Franke College of Business,Bachelors,,,"General Ledger,Financial Analysis,Financial Reporting,Accounting,Budgets,Finance",,,,,30,1970,vp,Finance,xp,,,,,
5183133,Kathy Mueller,Kathy,Mueller,Verified emails found,2025-10-15 09:49:24.190301,kathleen.mueller@bobevans.com,kathleen.mueller@bobevans.com,,,kathleen.mueller@bobevans.com,,6148759491,,6142465850,,https://www.linkedin.com/in/kathy-mueller-b059b096,,,,,,,"Vice President, Controller","Bob Evans Restaurants, LLC","8111 Smiths Mill Rd, New Albany, Ohio 43054, US",bobevans.com,https://www.bobevans.com/,https://www.linkedin.com/company/bob-evans-restaurants,"Columbus, OH, US",Columbus,,OH ,US,"Bob Evans Restaurants, LLC","Vice President, Controller",2021-05-01,Present,"Bob Evans Restaurants, LLC",Controller,2017-05-01,2021-04-01,Bob Evans,Senior Director Corporate Accounting,2014-11-01,2017-04-01,Bob Evans,Director Corporate Accounting,2012-04-01,2014-10-01,Bob Evans,Senior Manager Special Projects,2011-04-01,2012-03-01,Louisiana State University,Bachelor's Degree,,,,,,,"Sarbanes-Oxley Act,Accounting,Internal Audit,Corporate Finance,Financial Reporting,Cash Flow,GAAP,Accounts Receivable,Financial Accounting,Budgets,Accounts Payable,Payroll,Strategic Planning,Leadership,Team Building,Financial Analysis,Forecasting,Management,Microsoft Office,Research,Sarbanes Oxley Act,Social Media,Integration,Budgeting,Enterprise Software",,,,,28,1952,vp,Finance,xp,,,,,
10512582,Farzad Noori,Farzad,Noori,Verified emails found,2025-10-15 09:49:24.388189,fnoori_68@yahoo.com,fnoori@lionsgate.com,fnoori_68@yahoo.com,"fnoori_68@yahoo.com,fnoori@gmail.com,fnoori@yahoo.com,enoori@gmail.com,bobbyr_68@yahoo.com","fnoori@lionsgate.com,enoori@sbcglobal.net",farzad_noori@paramount.com,310-395-4709,562-234-2412,"562-234-2412
310-383-2040
310-395-2922
310-454-4847",,https://www.linkedin.com/in/farzad-noori-4358584,,,,,,,"Vice President, Controller",Paramount,"5515 Melrose Ave, Los Angeles, California 90038, US",paramount.com,http://www.paramount.com,https://www.linkedin.com/company/paramount-pictures,"Santa Monica, CA, US",Santa Monica,,CA ,US,Paramount,"Vice President, Controller",2018-01-01,Present,Lionsgate,,,Present,Paramount Pictures Corp.,VP Accounting,2008-04-01,Present,PricewaterhouseCoopers,Senior Manager,2003-12-01,2008-04-01,KPMG,Senior Manager,1999-01-01,2003-01-01,California State University-Northridge,Bachelor of Applied Science (BASc),,,"California State University, Northridge",,,,"US GAAP,Financial Reporting,Corporate Tax,Internal Controls,SEC filings,Revenue Recognition,GAAP,Sarbanes-Oxley Act,Financial Modeling,Financial Accounting,Mergers & Acquisitions,Customer Service,Sarbanes Oxley Act,Project Management,Management,Leadership,Mergers and Acquisitions,Financial Analysis,Budgets,Accounting,Account Management,Finance,Strategic Planning,Forecasting",,,"Chief Financial Officer (CFO) Network - The #1 Group for CFOs, PricewaterhouseCoopers (PwC) employees and alumni - unofficial group, PwC SoCal Phoenix Las Vegas Alumni Group, Film & TV Professionals, Chief Financial Officer (CFO) Forum & Global Network, Accounting, Audit & Taxation Professionals",,25,1968,vp,Finance,xp,,,,,
22358115,Melissa Ostrom,Melissa,Ostrom,Verified emails found,2025-10-15 09:49:24.600802,mljohnson9@gmail.com,melissa.ostrom@xcelenergy.com,mljohnson9@gmail.com,mljohnson9@gmail.com,"melissa.ostrom@xcelenergy.com,melissa.l.ostrom@xcelenergy.com",,6128196004,,61396717131,,https://www.linkedin.com/in/melissa-ostrom-b7700b16,,,,,,,"Vice President, Controller",Xcel Energy,"401 Nicollet Mall, Minneapolis, Minnesota, US",xcelenergy.com,http://www.xcelenergy.com,https://www.linkedin.com/company/xcel-energy,"Burnsville, MN, US",Burnsville,,MN ,US,Xcel Energy,"Vice President, Controller",2022-04-01,Present,Xcel Energy,"Director, Financial Forecasting and Reporting",2018-11-01,2022-03-01,Xcel Energy,"Director, Capital Asset Accounting",2016-04-01,2018-11-01,Xcel Energy,Capital Asset Accounting Manager,2013-12-01,2016-04-01,Xcel Energy,Business Area Finance Manager,2012-06-01,2013-11-01,Wisconsin School of Business,BBA and Masters of Accountancy,,,,,,,"Financial Reporting,Management,Analysis,Capital,Supervisor,Accounting",,,,,17,1983,vp,Finance,xp,,,,,
11603473,Mark Weinstein,Mark,Weinstein,Verified emails found,2025-10-15 09:49:25.420204,mark.weinstein@healogics.com,mark.weinstein@healogics.com,,mark.weinstein@healogics.com,,mweinstein@healogics.com,7068316463,7068316463,"7068316466
7066500705
7063963233",,https://www.linkedin.com/in/mark-weinstein-956a5a14,,,,,,,"Vice President, Billing","Healogics, Inc.","5220 Belfort Road Suite 130, Jacksonville, Florida 32256, US",healogics.com,http://www.healogics.com,https://www.linkedin.com/company/healogics-llc,"Ponte Vedra Beach, FL, US",Ponte Vedra Beach,32082,FL ,US,"Healogics, Inc.","Vice President, Billing",2018-11-01,Present,"Medac, Inc.","Vice President, Operations",2010-11-01,2018-11-01,Eagle Applied Sciences,Senior Facilitator,2009-11-01,2010-10-01,Sonic Healthcare,"Finance Director, Southest Division",2007-04-01,2009-07-01,Mullins Pathology & Cytology Laboratory,Administrator and Finance Director,2002-01-01,2007-04-01,American University,MPA,,,Towson University,BS,,,"Healthcare Information Technology (HIT),U.S. Health Insurance Portability and Accountability Act (HIPAA),Healthcare Information Technology,Hospitals,Clinical Research,Electronic Medical Record (EMR),Healthcare,DoD,Process Improvement,Working with Physicians,Managed Care,Business Process Improvement,Revenue Cycle,Strategic Planning,Analysis,Revenue Cycle Management,Budgets,Military,Program Management,Team Building,Management,HIPAA,Healthcare Management,Recruiting,Leadership Development,Leadership,Project Planning,Healthcare Consulting,Customer Service,Human Resources,Government,Operations Management,Financial Modeling,Medicine,Finance,Consulting,Investments,History,Employee Benefits,Eagle,Inventory,Provider Enrollment,Budgeting,Business Planning,Partnerships,Population Health,Esoteric,Proprietary Software,EHR,Payments,Manages,Catalyst,Coordinated,Service Centers,Project,Islands,Technical Support,Training,C,BPO,Purchased,System Acquisition,Staff Management,Patient,Modernization,Data Entry,Accounts Receivable,Accounts Payable,Adjustments,American,Pricing,Camp,Air Force,Science,Business Management,Results Driven,PMP,Offering,Rico,Responsibility,Usa,Caribbean,Latin America,Information System,Business Services,Editing,Savings,Consolidate,Research,Reports,Capital,New Market,Germany,Pathology,Capital Projects,Benchmarking,Consultative Services,Strategy,Invoicing,Executive Positions,Compliance,Canada,South America,Monitors,Solution,SALT,Central America,Fache,Serving,Claim,Tampa,Latin,Reporting,Laboratory,Facilitation,Operations,Anesthesia,House,Quality Improvement,Revenue,Location,Visibility,Cytology,Followup,Families,Insurance,u.s. Health Insurance Portability and Accountability Act Hipaa,Operational Support,Middleware,Health Policy,Market,Cost Savings,Multiple Locations,Cost Management,Public Administration,Business Development,Healthcare Information Technology Hit,Mergers and Acquisitions,Accreditation,Florida,Covering,Material Management,Houston,Disruption,Community,Lean Manufacturing,Microsoft Office,Road,Net,Portfolio,Key Performance Indicators,Lake Homes,Teaching,Forecasting,Ambulatory,Interventions,Social Services,Accountability,Call Centers,Project Management,New Equipment,Electronic Medical Record Emr,Six Sigma,Political Science,SEP IRA,Testing,Sonic,Contractual Agreements,Dermatology,Network Development,Philippines,SAN,Loan Servicing,Fiscal Policy,Financial Performance,Sales,Consolidated Billing,Distribution,Information Management,Execution,Falls Church,Google Groups,Tricare,Medical Research,Georgia,Networking,Springs,Designations,Cash,Telemedicine,Internal Audit,Marketing,Cash Flow,Managerial Finance,System,Provider Relations,Information Technology,Efficiencies,Laboratory Medicine,Microsoft Word,Applied Sciences,Refunds,u.s. Health Insurance Portability and Accountability Act,Electronic Medical Record",,,"Georgia Association of Healthcare Executives - The Independent ACHE Chapter of Georgia, USAF MSC Alumni, United States Air Force Medical Service Corps, Affiliated Colleges Supporting Reasoned Healthcare",,43,1957,vp,Finance,xp,,,,,
68985331,Fhfma Mario Di Figlia,Fhfma,Di Figlia,Verified emails found,2025-10-15 09:49:25.604478,mdnd426@aol.com,fhfma.difiglia@wmchealth.org,mdnd426@aol.com,mdnd426@aol.com,fhfma.difiglia@wmchealth.org,fdifiglia@wmchealth.org,5163300023,,"5168761386
5167051936",,https://www.linkedin.com/in/mario-di-figlia-fhfma-b345b119,http://www.facebook.com/mario.difiglia,https://twitter.com/mariodifiglia,,,,,Vice President Reimbursement,"Westchester Medical Center, a member of WMCHealth",US,wmchealth.org,http://wmchealth.org,https://www.linkedin.com/company/wmchealth,"Valhalla, NY, US",Valhalla,,NY ,US,"Westchester Medical Center, a member of WMCHealth",Vice President Reimbursement,2023-06-01,Present,"Huntington Hospital, Huntington, NY 11743",Director of Finance,2012-07-01,2013-02-01,Lenox Hill Hospital,Senior Reimbursement Analysts,1994-12-01,1999-03-01,Northwell Health (formerly North Shore-LIJ Health System),"Director, Finance",2013-02-01,2023-07-01,Northwell Health,Director Corporate Finance,2013-02-01,2023-07-01,Iona University,,,,Queens College,,,,"HFMA Metro-NY Gen. Ed. Chair in Charge of Flyer Approvals,HFMA Metro-NY Chapter - Chair Finance Committee,Revenue Cycle,Hospitals,Healthcare,Healthcare Management,Healthcare Information Technology,Healthcare Consulting,HIPAA,Auditing,Medicare,Managed Care,Mergers,Medicaid,Financial Analysis,Strategic Planning,Credentialing,Process Improvement,EMR,Medical Billing,Accounts Receivable,Quality Improvement,Epic Systems,Executive Management,Physician Relations,Medical Compliance,Risk Management,Accounting,Patient Safety,Financial Reporting,EHR,Physicians,Revenue Cycle Management,Budgets,Performance Improvement,Insurance,Meditech,Finance,Data Analysis,Healthcare Industry,Access,Managerial Finance,Clinical Research,Healthcare Reimbursement,Medicare/Medicaid reimbursement,Leadership,Management,Microsoft Excel",,,,,36,1965,vp,Finance,xp,,,,,
71797531,Allyson O'Malley,Allyson,O'Malley,Verified emails found,2025-10-15 09:49:25.772494,allyson.omalley@shiftkey.com,allyson.omalley@shiftkey.com,,,allyson.omalley@shiftkey.com,,4402904993,,2164760644,,https://www.linkedin.com/in/allyson-o-malley-564481113,,,,,,,"Vice President, Accounting",shiftkey,"Irving, Texas, US",shiftkey.com,http://www.shiftkey.com,https://www.linkedin.com/company/myshiftkey,"Cleveland, OH, US",Cleveland,,OH ,US,shiftkey,"Vice President, Accounting",2022-08-01,Present,OnShift,"Vice President, Accounting",2021-01-01,2022-09-01,OnShift,Controller,2015-12-01,2020-12-01,,,,,,,,,"University of California, Berkeley",Bachelors,,,,,,,,,,,,9,1993,vp,Finance,xp,,,,,
21103137,Rebecca Hefley,Rebecca,Hefley,Verified emails found,2025-10-15 09:49:25.942116,rhefley@mtm-inc.net,rhefley@mtm-inc.net,hefley.becca@gmail.com,"rhefley@mtm-inc.net,hefley.becca@gmail.com,becca.reiter@gmail.com",,,3147497304,3147497304,"6362364685
6366955719
253-588-1311",,https://www.linkedin.com/in/rebecca-hefley-33046b12,https://facebook.com/hefley.becca,,,,,,"Vice President, Controller",MTM Health,"16 Hawk Ridge Cir Ste 120, Lake Saint Louis, Missouri 63367, US",mtm-inc.net,http://www.mtm-inc.net,https://www.linkedin.com/company/medical-transportation-management,"St. Louis, MO, US",St. Louis,63108,MO ,US,MTM Health,"Vice President, Controller",2023-01-01,Present,MTM Health,Controller,2014-05-01,2023-01-01,MTM Health,Manager Financial Reporting and Analysis,2013-10-01,2014-05-01,HD Supply,Accountant,2010-04-01,2011-05-01,KPMG,Senior Audit Associate,2008-07-01,2010-04-01,University of Missouri Trulaske College of Business,Masters,,,University of Missouri-Columbia,Business,,,"Leadership,Sarbanes Oxley Act,Sarbanes Oxley,General Ledger,SEC filings,Big 4,Strategic Planning,Account Management,External Audit,Financial Accounting",,,,,18,1982,vp,Finance,xp,,,,,
441093466,Bryan Bryant,Bryan,Bryant,Verified emails found,2025-10-15 09:49:26.160145,bryan.bryant@owens-minor.com,bryan.bryant@owens-minor.com,,"bryan.bryant@owens-minor.com,bbryant@owens-minor.com",,,919-608-0017,919-608-0017,"8044390736
813-932-9683
703-847-6060
813-222-6271
703-918-3053",,https://www.linkedin.com/in/bryan-bryant-cpa-872a7b20,,,,,,,"Vice President, Accounting",Owens & Minor,"9120 Lockwood Blvd, Mechanicsville, Virginia 23116, US",owens-minor.com,http://owens-minor.com,https://www.linkedin.com/company/owens-&-minor,"Richmond, VA, US",Richmond,,VA ,US,Owens & Minor,"Vice President, Accounting",2018-06-01,Present,,,,,,,,,,,,,,,,,Liberty University,,,,Virginia Commonwealth University,,,,,,,,,7,1978,vp,Finance,xp,,,,,
280849290,Andrea Dwyer,Andrea,Dwyer,Verified emails found,2025-10-15 09:49:26.472992,andreadwyer@gmail.com,,andreadwyer@gmail.com,,andreadwyer@gmail.com,,8606081924,,,,https://www.linkedin.com/in/andrea-b-dwyer,,,,,,,"Vice President, Controller",AAA Northeast,"110 Royal Little Drive, Providence, Rhode Island 02904, US",aaa.com,http://www.aaa.com,https://www.linkedin.com/company/aaanortheast,"Connecticut, United States",,06796,CT ,US,AAA Northeast,"Vice President, Controller",2021-06-01,Present,AAA Northeast,Managing Director of Finance,2021-06-01,2021-12-01,FM Global,"Staff Vice President, Senior Product Owner,  Finance and Insurance",2018-06-01,2021-12-01,FM Global,Assistant Vice President Finance and Insurance,2016-10-01,2021-12-01,FM Global,"CPA, Finance Manager, Rating Agencies and Financial Analysis",2008-07-01,2021-12-01,University of Hartford,,,,,,,,"Insurance Accounting,Financial Planning and Analysis,Global Project Management,Global Delivery,Strategic Planning,Finance,Generally Accepted Accounting Principles (GAAP),Insurance,Financial Reporting,Accounting,Financial Analysis,International Financial Reporting Standards (IFRS),Auditing,Reinsurance,Research,Budgets,Payroll,Risk Management,Business Analysis,General Ledger,Software Documentation,Forecasting,Enterprise Risk Management,Managerial Finance,Finance and Accounting,Business Process Re-engineering,Sox,Microsoft Office,PowerPoint,HTML,SAP,Management,Customer Service,Negotiation,Public Speaking,Statutory Accounting,Global Regulatory Compliance,Executive Level Alliances,Agile Practices,Budget Planning & Forecasting,Pension Plan Accounting,Rating Agencies,Ceded Reinsurance",,,,,20,1982,vp,Finance,xp,,,,,
87572048,Carolyn Stelmat,Carolyn,Stelmat,Verified emails found,2025-10-15 09:49:26.646794,carolyn.stelmat@hardrockdigital.com,carolyn.stelmat@hardrockdigital.com,carolynstelmat@gmail.com,carolyn.stelmat@hardrockdigital.com,carolynstelmat@gmail.com,,9542248476,9542248476,5612134799,,https://www.linkedin.com/in/carolyn-stelmat,,,,,,,"Vice President, Accounting",Hard Rock Digital,US,hardrockdigital.com,http://hardrockdigital.com,https://www.linkedin.com/company/hardrockdigital,"Coral Springs, FL, US",Coral Springs,,FL ,US,Hard Rock Digital,"Vice President, Accounting",2022-09-01,Present,Stryker,"Senior Director, Finance",2020-12-01,2022-07-01,Stryker,"Vice President, Accounting and Administration",2018-10-01,2020-12-01,Envision Healthcare,"Senior Director, Accounting",2017-11-01,2018-04-01,Telit,"Vice President, Finance",2016-06-01,2017-07-01,Florida Atlantic University,Bachelor of Business Administration - BBA,,,Nova Southeastern University,Master of Arts - MA,,,"Accounting,Restructuring,Finance,Managerial Finance,Due Diligence,Mergers & Acquisitions,Strategic Planning,Project Management,Change Management,Integration,Revenue Recognition,Business Process Improvement,Government Contracting,Financial Reporting,Cash Flow Forecasting,Financial Modeling,Budgeting,Forecasting,Acquisition Integration,SAP Implementation,Internal Controls,Generally Accepted Accounting Principles (GAAP),Cash Management,Financial Accounting,Corporate Finance,Analytical Skills,Strategy,Hyperion Enterprise,Microsoft Dynamics,Salesforce.com,Cognos,Oracle,Microsoft Excel,Executive Management,Management,Cross-functional Team Leadership,Leadership,Team Leadership,Team Building,Process Improvement,Oracle ERP Implementations,FinancialForce,Software and SaaS,Great Plains implementations,SAP Implementations,Netsuite,ERP Implementations,Technical Accounting Research,CRM Integration,Finance Transformation",,,,,31,1965,vp,Finance,xp,,,,,
20781444,Jared Lish,Jared,Lish,Verified emails found,2025-10-15 09:49:26.849053,jlish5@yahoo.com,,jlish5@yahoo.com,jlish5@yahoo.com,,,8017170501,8017170501,"8013162910
2089394146
7203968393
8017580580
8018031508",,https://www.linkedin.com/in/jared-lish-42177518,https://facebook.com/jared.lish,,,,,,Vice President Of Accounting,Podium,"1650 W Digital Dr, Lehi, Utah 84043, US",podium.com,https://www.podium.com,https://www.linkedin.com/company/podium,"Salt Lake City, UT, US",Salt Lake City,,UT ,US,Podium,Vice President Of Accounting,2021-10-01,Present,Podium.com,Controller,2016-09-01,2021-12-01,HireVue,Director of Accounting,2012-11-01,2016-09-01,Ernst & Young,Senior Accountant,2009-08-01,2012-11-01,,,,,Brigham Young University,Master,,,Boise State University,,,,"Financial Reporting,Accounting,Financial Analysis,US GAAP,GAAP,CPA,Leadership,Outdoor Adventures,SEC filings,Revenue Recognition,Internal Controls,Ear Training,Tax Accounting,Tax Research,Financial Statements,Financial Accounting,Sarbanes-Oxley,Corporate Tax,Big 4,Auditing,Assurance,General Ledger,Tax Preparation,Income Tax,IFRS,Tax Returns,Tax,International Tax,Counting,Sarbanes-Oxley Act,Breathing,U.S. Generally Accepted Accounting Principles (GAAP),Traeger Grilling,Laborers,Packaging,Phoenix,Eagle Scout,SALT,Soldering,Google Groups,Yahoo,Psi,Expenses,Defects,Business Services,Academic,Seattle,Assembling,Boy Scouts,Lake,SAN,Vinyl,Snow Removal,Dec Alpha,Sprinkler,Sarbanes Oxley,Moderate,Circuit,Scholarships,Saws,Sarbanes Oxley Act,Software Lifecycle,u.s. Generally Accepted Accounting Principles Gaap,Management,Lawn Care,Reporting,Funding,Mexico,Income,Routers,Anticipate,Hospitals,Spanish,u.s. Generally Accepted Accounting Principles",,,"BYU Marriott School of Management Alumni, The BYU Network",,16,1983,vp,Finance,xp,,,,,
4578791,John Burke,John,Burke,Verified emails found,2025-10-15 09:49:27.077826,jburke016@gmail.com,jburke@gsig.com,jburke016@gmail.com,jburke016@gmail.com,jburke@gsig.com,john.burke@gsig.com,7816461642,7816461642,6174489506,,https://www.linkedin.com/in/john-burke-165ab818,,,,,,,"Vice President, Accounting",Novanta Inc.,"125 Middlesex Turnpike, Bedford, Massachusetts 01730, US",novanta.com,http://www.novanta.com,https://www.linkedin.com/company/novanta-inc,"Arlington, MA, US",Arlington,,MA ,US,Novanta Inc.,"Vice President, Accounting",2017-02-01,Present,GSI Group,Assistant Corporate Controller,2011-09-01,2017-02-01,Millipore,Manager - External Reporting,2009-12-01,2011-09-01,PricewaterhouseCoopers,Manager,2003-05-01,2009-12-01,,,,,"Isenberg School of Management, UMass Amherst",BBA,,,,,,,"Sarbanes-Oxley Act,Revenue Recognition,SEC filings,Internal Controls,US GAAP,Sarbanes-Oxley,GAAP,Financial Reporting,Accounting,Auditing,CPA,Finance,Financial Accounting,Financial Analysis,Forecasting,Process Improvement,Sarbanes Oxley,Sarbanes Oxley Act",,,,,22,1981,vp,Finance,xp,,,,,
1412877,Heather O'Connor,Heather,O'Connor,Verified emails found,2025-10-15 09:49:27.266341,heather.oconnor@crunchyroll.com,heather.oconnor@crunchyroll.com,haoconn100@yahoo.com,"heather.oconnor@crunchyroll.com,haoconn100@yahoo.com,heatheranneo1@yahoo.com",,,734-649-5340,734-649-5340,"626-799-4951
734-207-7940",,https://www.linkedin.com/in/heather-o-connor-3a06887,http://www.facebook.com/hoconnor1,http://twitter.com/hconnor,,,,,"Senior Vice President, Accounting",Crunchyroll,"5750 Wilshire Blvd, Los Angeles, California 90036, US",crunchyroll.com,http://www.crunchyroll.com/,https://www.linkedin.com/company/crunchyroll,"Burbank, CA, US",Burbank,,CA ,US,Crunchyroll,"Senior Vice President, Accounting",2025-02-01,Present,Providence High School,Providence High School Board of Regents,2022-06-01,Present,Netflix,"Vice President, Content Controller at Netflix",2019-11-01,2023-08-01,Netflix,"Director, Content Controller at Netflix",2018-07-01,2019-10-01,Netflix,Controller Original Programming,2015-02-01,2018-06-01,Illinois,,,,,,,,"Financial Reporting,SEC Filings,Public Speaking,Microsoft Office,Finance,Entertainment,Project Management,Editing",,,,,33,1987,vp,Finance,xp,,,,,
9749430,Angela Nannenhorn,Angela,Nannenhorn,Verified emails found,2025-10-15 09:49:27.447398,angela.nannenhorn@coyote.com,angela.nannenhorn@coyote.com,amnannenhorn@bellsouth.net,"angela.nannenhorn@coyote.com,amnannenhorn@bellsouth.net",,,7706523947,,"7707761626
7733656246
678-366-0918
770-569-0323",,https://www.linkedin.com/in/angela-nannenhorn-a3781b2b,http://www.facebook.com/angela.nannenhorn,,,,,,"Vice President, Accounts Payable",Coyote Logistics,"2545 West Diversey Avenue, Chicago, Illinois 60647, US",rxo.com,http://www.rxo.com,https://www.linkedin.com/company/coyote-logistics,"Atlanta, GA, US",Atlanta,30303,GA ,US,Coyote Logistics,"Vice President, Accounts Payable",2021-11-01,Present,Coyote Logistics,Director of Accounts Payable,2012-03-01,2021-11-01,Recall,"Accounts Payable Manager, North America",2008-08-01,2012-03-01,Recall,Supplier and Sub-Contractor Manager,2006-06-01,2008-08-01,Recall,Sub-Contractor Analyst,2005-09-01,2006-06-01,TROY,,,,,,,,"Concur,Excel,PeopleSoft,Management,Business Process Improvement,Records Management,Leadership,Microsoft Excel,Contract Negotiation,Accounts Payable,Salesforce.com,Project Management,Process Improvement,Team Building,SAP,Accounting,Customer Service,Sourcing,Sales,Outsourcing,Financial Analysis,Account Management,Operations Management,Vendor Management,Income Statement,Six Sigma,Financial Reporting,Forecasting,Analysis,Budgets,Change Management,Cross-functional Team Leadership,Logistics,Purchasing,Strategic Planning,Team Leadership,Training,P,Supply Chain Management,Microsoft Office,Cross Functional Team Leadership,Supply Chain,Continuous Improvement,PowerPoint,Public Speaking",,,,,23,1982,vp,Finance,xp,,,,,
29231497,Gebre Jennings,Gebre,Jennings,Verified emails found,2025-10-15 09:49:27.669507,gjennings@bozzuto.com,gjennings@bozzuto.com,,"gjennings@bozzuto.com,gebre.jennings@bozzuto.com",,,3017045809,3017045809,"301.704.5809
3016233621
7032433061
3014836443",,https://www.linkedin.com/in/gebre-jennings-0a7b306,https://facebook.com/gebre.jennings,,,,,,Vice President - Property Accounting,Bozzuto,"6406 Ivy Ln Ste 700, Greenbelt, Maryland 20770, US",bozzuto.com,http://www.bozzuto.com,https://www.linkedin.com/company/the-bozzuto-group,"Elkridge, MD, US",Elkridge,,MD ,US,Bozzuto,Vice President - Property Accounting,2020-01-01,Present,The Bozzuto Group,Director-Real Estate Accounting,2012-08-01,2020-01-01,The Bozzuto Group,Accounting Manager,2007-09-01,2012-08-01,The Bozzuto Group,Property Accountant,2005-08-01,2007-08-01,Edgewood Management Corporation,Staff Accountant,2003-09-01,2005-08-01,Hampton University,,,,Strayer University,,,,"Variance Analysis,Accounts Receivable,Fixed Assets,Account Reconciliation,Financial Reporting,Financial Accounting,Accounting,Financial Analysis,General Ledger,Managerial Finance,Sarbanes-Oxley Act,Budgets,Journal Entries,Accruals,Accounts Payable,Cash Management,Great Plains Software,Internal Audit,Cash Flow,Due Diligence,Forecasting,Auditing,Yardi,QuickBooks,Financial Modeling,Payroll,Internal Controls,Sarbanes-Oxley,Sarbanes Oxley,Microsoft Excel,Investment Properties,Customer Service,Sarbanes Oxley Act",,,,,25,1977,vp,Finance,xp,,,,,
6179843,Tim Probst,Tim,Probst,Verified emails found,2025-10-15 09:49:27.873063,tim.probst@graybar.com,tim.probst@graybar.com,timprobst10@gmail.com,"tim.probst@graybar.com,timprobst10@gmail.com",,,6363863988,,"3149180076
3147262226",,https://www.linkedin.com/in/tim-probst-97657a42,,,,,,,Vice President and Controller,Graybar,"34 N. Meramec Ave, St. Louis, Missouri 63108, US",graybar.com,https://www.graybar.com,https://www.linkedin.com/company/graybar,"Ballwin, MO, US",Ballwin,,MO ,US,Graybar,Vice President and Controller,2018-01-01,Present,Scottrade,Senior Vice President and Chief Accounting Officer,2012-01-01,2018-01-01,Kellwood Company,Vice President and Controller,2008-01-01,2012-01-01,Kellwood Company,Director of Finance,2003-01-01,2008-01-01,Brand Services,Controller,2002-01-01,2003-01-01,Washington University in St. Louis,BSBA,,,,,,,"Apparel,Leadership,Customer Service,Management,Fashion,Strategic Planning,Strategy,Account Management,Financial Reporting,Microsoft Excel,Public Speaking,Finance",,,Kellwood - Past and Present,,28,1975,vp,Finance,xp,,,,,
7843141,Chris de Jongh,Chris,de Jongh,Verified emails found,2025-10-15 09:49:28.077987,fcrdejongh@hotmail.com,,fcrdejongh@hotmail.com,fcrdejongh@hotmail.com,,,4078086777,4078086777,,,https://www.linkedin.com/in/chris-de-jongh-42399b6,https://facebook.com/chris.jongh,,,,,,Senior Vice President Accounting,Signature Aviation,UK,signatureflight.com,https://www.signatureflight.com/locations/bzn,https://www.linkedin.com/company/signature-flight-support-limited,"Apopka, FL, US",Apopka,,FL ,US,Signature Aviation,Senior Vice President Accounting,2019-03-01,Present,BBA Aviation plc,Vice President,2017-10-01,2019-03-01,Alere Inc.,Vice President Shared Services,2011-12-01,2017-09-01,Alere (formerly Inverness Medical Innovations),Director of Finance,2010-06-01,2011-12-01,Inverness Medical,Controller,2009-03-01,2010-05-01,Rollins College - Crummer Graduate School of Business,MBA,,,Stellenbosch University,Bachelors,,,"Financial Analysis,Internal Controls,Forecasting,Finance,Financial Reporting,Management,Accounting,Sarbanes-Oxley Act,Mergers & Acquisitions,Cost Accounting,Budgets,Process Improvement,Strategic Planning,Analysis,Microsoft Excel,Medical Devices,Cross-functional Team Leadership,Leadership,Variance Analysis,Healthcare,Cross Functional Team Leadership,Mergers and Acquisitions,Sarbanes Oxley Act",,,ACCA USA Network,,24,1978,vp,Finance,xp,,,,,
2387078,Wade Cunningham,Wade,Cunningham,Verified emails found,2025-10-15 09:49:28.286827,wade.cunningham@brinker.com,wade.cunningham@brinker.com,wadecunningham@gmail.com,wade.cunningham@brinker.com,wadecunningham@gmail.com,,2142361656,,9727709876,,https://www.linkedin.com/in/wade-cunningham-43559623,,,,,,,Vice President - Controller,Brinker International,"3000 Olympus Blvd, Dallas, Texas 75019, US",brinkerjobs.com,http://www.brinker.com,https://www.linkedin.com/company/brinker-international,"Dallas, TX, US",Dallas,,TX ,US,Brinker International,Vice President - Controller,2016-05-01,Present,Brinker International,Senior Director - Financial Reporting,2009-03-01,Present,Oldcastle Glass,Corporate Controller,2008-03-01,2009-03-01,Brinker International,Financial Reporting - Senior Manager,2004-01-01,2008-01-01,Ernst & Young,Audit Manager,1998-01-01,2004-01-01,University of North Texas,,,,,,,,"finance,Sales,Journalism,Strategy,Auditing,Internal Controls,SEC filings,Risk Management,Change Management,Due Diligence,Financial Analysis",,,UNT Accounting,,27,1976,vp,Finance,xp,,,,,
3976518,Varun Chadalavada,Varun,Chadalavada,Verified emails found,2025-10-15 09:49:28.462290,vchadalavada@turo.com,vchadalavada@turo.com,varunski3@gmail.com,"vchadalavada@turo.com,varunski3@gmail.com",,,408-750-7112,408-750-7112,"408-367-4996
4088650425
5107040202",,https://www.linkedin.com/in/varun-chadalavada-071a7a8,https://facebook.com/varunchadalavada,http://www.twitter.com/varunski3,,,,,"Vice President, Revenue Accounting",Turo,"111 Sutter St Suite 1300, San Francisco, California 94104, US",turo.com,https://turo.com/,https://www.linkedin.com/company/turo,"Burlingame, CA, US",Burlingame,,CA ,US,Turo,"Vice President, Revenue Accounting",2024-07-01,Present,BILL,"Senior Director, Revenue",2020-12-01,2024-07-01,RingCentral,Director Of Revenue,2020-04-01,2020-12-01,RingCentral,Senior Revenue Manager,2018-05-01,2020-04-01,Tanium,Senior Accounting Manager,2017-03-01,2018-05-01,San Jose State University,Corporate Financial Management,,,Monta Vista High School,High School Diploma,,,"Auditing,Accounting,Financial Reporting,GAAP,SEC filings,US GAAP,CPA,SAN,Process Improvement,Customer Service,Operations",,,KPMG US Alumni Group,,15,1963,vp,Finance,xp,,,,,
95923399,Alexander Glueckler,Alexander,Glueckler,Verified emails found,2025-10-15 09:49:28.657555,ajglueckler@gmail.com,alex.glueckler@crossfit.com,ajglueckler@gmail.com,"ajglueckler@gmail.com,jesus_nateras_18@hotmail.com,saint07@aol.com","alex.glueckler@crossfit.com,alex@crossfit.com","alexander.glueckler@crossfit.com,alexander@crossfit.com,alexanderglueckler@crossfit.com,glueckler@crossfit.com,alexanderg@crossfit.com,aglueckler@crossfit.com,gluecklera@crossfit.com",480-560-5655,480-560-5655,"480-575-1010
480-488-8891",,https://www.linkedin.com/in/aglueckler,http://www.facebook.com/people/_/60000173,https://twitter.com/alexglueckler,,,,,Vice President of Accounting,"CrossFit, LLC","Boulder, Colorado 80302, US",crossfit.com,http://crossfit.com,https://www.linkedin.com/company/crossfit,"Broomfield, CO, US",Broomfield,,CO ,US,"CrossFit, LLC",Vice President of Accounting,2022-12-01,Present,CLMBR,Chief Financial Officer,2022-01-01,2022-01-01,Pure Harvest Corporate Group (OTC: PHCG),Chief Financial Officer,2021-01-01,2022-01-01,"Silverware, Inc.","Head of Product, GM",2017-01-01,2021-01-01,Turin Capital Partners I LP,Managing Partner + CFO,2016-01-01,2017-01-01,Regis University,,,,,,,,,,,,,18,1975,vp,Finance,xp,,,,,
14468863,Emily Ellis,Emily,Ellis,Verified emails found,2025-10-15 09:49:28.833168,eellis@paloaltonetworks.com,eellis@paloaltonetworks.com,levyemily@yahoo.com,"eellis@paloaltonetworks.com,levyemily@yahoo.com",emellis@paloaltonetworks.com,emilyellis@paloaltonetworks.com,408-507-8827,408-507-8827,408-677-3726,,https://www.linkedin.com/in/emily-ellis-9357509,http://www.facebook.com/Levytwin,,,,,,Vice President of Accounting,Palo Alto Networks,"3000 Tannery Way, Santa Clara, California 95054, US",paloaltonetworks.com,http://www.paloaltonetworks.com,https://www.linkedin.com/company/palo-alto-networks,"San Jose, CA, US",San Jose,,CA ,US,Palo Alto Networks,Vice President of Accounting,2024-03-01,Present,PwC,Partner,2019-07-01,2024-03-01,PwC,Senior Manager,2005-09-01,2019-07-01,PwC,Senior Manager - National Accounting Services Group,2014-07-01,2016-01-01,Applied Materials,Finance Analyst,2004-02-01,2005-06-01,San José State University,BA,,,"University of California, Berkeley",,,,"Revenue Recognition,SEC filings,US GAAP,Internal Controls,Financial Reporting,CPA,Communication,Technical Writing,Fair Market Value,Project Management,External Audit,Finance,Auditing,Management,Sarbanes-Oxley Act,Big 4,Accounting,GAAP,SAN,Technology,Microsoft Office,Sarbanes Oxley Act,Sales,Microsoft Excel,Assurance",,,,,21,1982,vp,Finance,xp,,,,,
4622445,Colin McHugh,Colin,McHugh,Verified emails found,2025-10-15 09:49:29.137469,colin.mchugh@get-carrot.com,colin.mchugh@get-carrot.com,colinmchugh@gmail.com,colin.mchugh@get-carrot.com,colinmchugh@gmail.com,,6105856063,6105856063,"6106471828
6174262222
4155211631
2159874441
4843236313
2159707255
6108342989",,https://www.linkedin.com/in/colin-mchugh-23646515,,,,,,,"Senior Vice President, Accounting",Carrot Fertility,"2829 Westown Parkway, West Des Moines, Iowa 50266, US",get-carrot.com,http://www.get-carrot.com,https://www.linkedin.com/company/carrot-fertility,"Chesterbrook, Pennsylvania, United States",Chesterbrook,19087,PA ,US,Carrot Fertility,"Senior Vice President, Accounting",2025-01-01,Present,"Accolade, Inc.",Chief Accounting Officer,2023-07-01,2025-01-01,"Accolade, Inc.",SVP of Finance,2022-06-01,2023-07-01,"Accolade, Inc.",Vice President Finance,2017-02-01,2022-05-01,"Monetate, Inc.",Vice President of Finance,2015-06-01,2017-02-01,Notre Dame,Master Of Business Administration,,,Saint Joseph's University,Bachelor Of Science,,,"Accounting,Financial Modeling,Due Diligence,Financial Accounting,GAAP Standards,SEC filings,US GAAP,Financial Reporting,10Q,Financial Statements,Strategic Planning,Leadership,Hyperion Enterprise,Financial Audits,Auditing,Cash Flow Forecasting,Finance,Corporate Finance,Variance Analysis,Budgets,Management",,,"KPMG U.S., Saint Joseph's University Hawk Career Network, Software as a Service - SaaS - Group, KPMG US Alumni Group, Saint Joe's Alumni, Finance Plus: Private Equity, Venture Capital and M&A news",,23,1979,vp,Finance,xp,,,,,
133773469,Tim Lutz,Tim,Lutz,Verified emails found,2025-10-15 09:49:29.334649,timothy_lutz@yahoo.com,tim.lutz@firstgroup.com,timothy_lutz@yahoo.com,timothy_lutz@yahoo.com,"tim.lutz@firstgroup.com,tim.lutz@rocketmail.com",,5132937277,,"5138321162
7049267442",,https://www.linkedin.com/in/tim-lutz,,,,,,,Vice President and Controller,First Student,"191 Rosa Parks St, Cincinnati, Ohio 45202, US",firststudentinc.com,http://firststudentinc.com,https://www.linkedin.com/company/first-student,"Cincinnati, OH, US",Cincinnati,,OH ,US,First Student,Vice President and Controller,2022-01-01,Present,Self-employed,Independent Consultant,2019-01-01,2021-01-01,Multi-Color Corporation,Chief Accounting Officer,2014-01-01,2019-01-01,Self-employed,Independent Consultant,2012-01-01,2014-01-01,Xavient Information Systems,Chief Financial Officer,2010-01-01,2012-01-01,Ohio University,,,,Xavier University - Williams College of Business,,,,"SOX,Internal Controls,Internal Audit,Corporate Finance,Offshoring,Sarbanes-Oxley Act,Auditing,Accounting,Mergers,Financial Analysis,SEC filings,Sarbanes-Oxley,Finance,Analysis,Financial Reporting,Financial Services,Mergers & Acquisitions,Managerial Finance,Outsourcing,Cash Management,Budgets,Telecommunications,Forecasting,Process Improvement,Business Analysis,Strategic Financial Planning,Business Process Improvement,Variance Analysis,Financial Modeling,Executive Management,General Ledger,ERP,Cost Accounting,PeopleSoft,Cash Flow,Acquisition Integration,Risk Management,Financial Planning,Budgeting,Financial Statements,Management Accounting,Generally Accepted Accounting Principles (GAAP),Financial Forecasting,Financial Accounting,Strategy,Strategic Planning,Leadership,Management",,,,,33,1970,vp,Finance,xp,,,,,
8436958,Purvi Patel,Purvi,Patel,Verified emails found,2025-10-15 09:49:29.515864,purvi.patel@liveramp.com,purvi.patel@liveramp.com,email4purvi@gmail.com,"purvi.patel@liveramp.com,email4purvi@gmail.com",,,925-899-0245,925-899-0245,"925-330-7554
925-938-9344
4156559490",,https://www.linkedin.com/in/purvirpatel,http://www.facebook.com/purviRpatel,,,,,,"Vice President, US Controller",LiveRamp,"225 Bush St Flr 17, San Francisco, California 94105, US",liveramp.com,https://liveramp.com/,https://www.linkedin.com/company/liveramp,"San Francisco, CA, US",San Francisco,,CA ,US,LiveRamp,"Vice President, US Controller",2024-06-01,Present,LiveRamp,US Controller,2023-10-01,Present,LiveRamp,Senior Director of Accounting,2019-06-01,2023-09-01,LiveRamp,Director of Accounting,2018-04-01,2019-05-01,Gensler,Assistant Controller - Global,2013-04-01,2018-03-01,"University of California, Davis",,,,,,,,"Financial Reporting,Accounting,Operational Due Diligence,Process Management,GAAP,Professional Services,Financial Audits,Sourcing Advisory,Not for Profit Audits,Single Audit,Finance,Financial Analysis,Start-ups,General Ledger,QuickBooks,Account Reconciliation,Microsoft Excel,Internal Controls,Management,Auditing,Budgets,Financial Accounting,Financial Statements,US GAAP,Analysis,Accounts Payable,Accounts Receivable,Revenue Recognition,Tax,IFRS,Due Diligence,Fixed Assets,Process Improvement,Generally Accepted Accounting Principles (GAAP),Business Process Improvement,Budgeting,Start Ups,Leadership,Operational Due,Project Management,Generally Accepted Accounting Principles Gaap,Public Speaking,Microsoft Office,Generally Accepted Accounting Principles",,,,,21,1976,vp,Finance,xp,,,,,
64576652,Andrew Kwan,Andrew,Kwan,Verified emails found,2025-10-15 09:49:29.690447,andrew@teamwass.com,andrew@teamwass.com,andrew.jian.kwan@gmail.com,"andrew@teamwass.com,andrew.jian.kwan@gmail.com,andrew.kwan@teamwass.com",,,9492923134,9492923134,4154413360,,https://www.linkedin.com/in/andrew-kwan-a10a923,https://facebook.com/andrew.kwan.1004,,,,,,"Senior Vice President, Accounting",Wasserman,"10900 Wilshire Blvd 1200, Los Angeles, California 90024, US",teamwass.com,http://www.teamwass.com,https://www.linkedin.com/company/wasserman,"Los Angeles, CA, US",Los Angeles,,CA ,US,Wasserman,"Senior Vice President, Accounting",2022-05-01,Present,Leaf Group,"Vice President, Controller",2018-04-01,2022-05-01,Pepperdine Graziadio Business School,Adjunct Professor,2019-05-01,2020-05-01,"Blackstone Consulting, Inc.","Vice President, Finance",2017-06-01,2018-04-01,"Prospect Mortgage, LLC","Vice President, Accounting",2015-06-01,2017-06-01,"University of California, Los Angeles - The Anderson School of Management",Master of Business Administration (M.B.A.),,,University of Southern California,Master of Accounting (MAcc),,,,,,,,21,1980,vp,Finance,xp,,,,,
65961686,Mary Tee,Mary,Tee,Verified emails found,2025-10-15 09:49:29.852021,mytee888@yahoo.com,,mytee888@yahoo.com,mytee888@yahoo.com,,,8186256684,8186256684,"6612105630
6612879953
8187957984
6267957984
8185480085
8185440069",,https://www.linkedin.com/in/mary-tee-63b84a3,https://facebook.com/mytee888,,,,,,Vice President and Controller,Princess Cruises,"1510 SE 17th St, Fort Lauderdale, Florida 33315, US",spr.ly,https://spr.ly/lin,https://www.linkedin.com/company/princess-cruises,United States,,,,US,Princess Cruises,Vice President and Controller,2021-01-01,Present,The Walt Disney Company,Director of Accounting - Direct to Consumer and International,2019-07-01,2021-01-01,The Walt Disney Company,"Director Of Accounting, Finance Integration Management Office",2018-10-01,2019-07-01,The Walt Disney Company,"Director of Accounting and Controller, Disney Publishing, Games and Digital Media",2016-12-01,2018-10-01,The Walt Disney Company,Segment Controller - Disney Interactive,2012-11-01,2016-12-01,University of Southern California,Bachelor of Science ,,,,,,,"Sarbanes-Oxley Act,Accounting,Financial Analysis,Financial Reporting,Variance Analysis,Due Diligence,Mergers,SEC filings,Process Improvement,GAAP,Cash Flow Forecasting,Acquisition Integration,JD Edwards,Account Reconciliation,SAP,Sarbanes Oxley Act,Leadership,SAP Products,Financial Modeling,Forecasting,Internal Controls,Income Statement,Business Process Improvement,Budgets,Management,Mergers and Acquisitions,Generally Accepted Accounting Principles Gaap,Generally Accepted Accounting Principles",,,,,33,1970,vp,Finance,xp,,,,,
19802275,Sandi Berger,Sandi,Berger,Verified emails found,2025-10-15 09:49:30.044214,sberger@bvsl.net,sberger@bvsl.net,sandijeans@yahoo.com,"sberger@bvsl.net,sandijeans@yahoo.com",,,4435291000,,4109620595,,https://www.linkedin.com/in/sandi-berger-b7a7693,http://www.facebook.com/people/_/1006057667,,,,,,Vice President Of Accounting,Brightview Senior Living,"218 North Charles Street Suite 220, Baltimore, Maryland 21201, US",brightviewseniorliving.com,http://www.brightviewseniorliving.com,https://www.linkedin.com/company/brightview-senior-living,"Baltimore, MD, US",Baltimore,,MD ,US,Brightview Senior Living,Vice President Of Accounting,2017-11-01,Present,Connections Education,Vice President of Finance,2015-02-01,2017-10-01,Prometric,"Vice President, Controller",2014-09-01,2015-01-01,Prometric,Domestic Controller,2011-09-01,2014-09-01,Prometric,"Director, Financial Reporting",2008-07-01,2011-09-01,University of Baltimore,,,,,,,,"Financial Reporting,Management,Forecasting,Finance,SEC filings,Accounting,Strategic Planning,Leadership,Internal Controls,Program Management,Financial Analysis,Financial Accounting,Change Management,Auditing,Financial Modeling,Process Improvement,Internal Audit,Team Building,Sarbanes-Oxley Act,Managerial Finance,GAAP,Strategic Financial Planning,Corporate Finance,Microsoft Office,Microsoft Excel,Editing,Journalism,Sarbanes Oxley Act,Financial Planning,Business Process Improvement,Generally Accepted Accounting Principles Gaap,Generally Accepted Accounting Principles",,,"Chief Financial Officer (CFO) Network - The #1 Group for CFOs, Huron Consulting Group Alumni, Baltimore Women in Business",,20,1982,vp,Finance,xp,,,,,
22112283,Clarisse Thomsen,Clarisse,Thomsen,Verified emails found,2025-10-15 09:49:30.212006,clarisse.thomsen@radancy.com,clarisse.thomsen@radancy.com,clarissethomsen@gmail.com,"clarisse.thomsen@radancy.com,clarissethomsen@gmail.com",,,402-332-7261,402-332-7261,"402-330-7261
402-391-3672
202-986-9514",,https://www.linkedin.com/in/clarissethomsen,https://facebook.com/clarissethomsen,https://twitter.com/i/user/244715318,,,,,"Vice President, Accounts",Radancy,"1 Battery Park Plaza # 2710, New York, New York 10004, US",radancy.com,https://www.radancy.com/,https://www.linkedin.com/company/radancy,"Chicago, IL, US",Chicago,,IL ,US,Radancy,"Vice President, Accounts",2024-04-01,Present,Brazen,Director of Accounts,2022-06-01,2024-04-01,Brazen,Team Lead and Senior Account Manager,2022-01-01,2022-06-01,Brazen,Senior Account Manager,2020-07-01,2022-01-01,ActivePipe,Senior Customer Success Manager,2019-06-01,2020-07-01,University of Nebraska-Lincoln,,,,,,,,"Leadership,Event Planning,Microsoft Office,Management,Project Management,Public Relations,Communication,Social Networking,Public Speaking,Time Management,Cloud Computing,MS Project,Enterprise Software,Recruiting,Analysis,Sales,Budgets,Account Management",,,,,12,1992,vp,Finance,xp,,,,,
4504242,Leigh Cokonis,Leigh,Cokonis,Verified emails found,2025-10-15 09:49:30.425925,leigh.cokonis@ngc.com,leigh.cokonis@ngc.com,,,leigh.cokonis@ngc.com,,5404417611,,,,https://www.linkedin.com/in/leigh-cokonis-59872828,,,,,,,Vice President and Controller,Northrop Grumman Space Systems,"2980 Fairview Park Dr, Falls Church, Virginia 22042, US",northropgrumman.com,https://www.northropgrumman.com/,https://www.linkedin.com/company/northrop-grumman-corporation,"Vienna, VA, US",Vienna,22180,VA ,US,Northrop Grumman Space Systems,Vice President and Controller,2024-04-01,Present,Northrop Grumman Aeronautics Systems,Vice President and Controller,2020-05-01,Present,Northrop Grumman Aerospace Systems,"Director Financial Planning, Reporting, and Analysis",2017-09-01,2020-05-01,Northrop Grumman,Director Accounting Consultation and Compliance,2015-06-01,2017-09-01,Exelis,Senior Accounting Manager,2013-04-01,2015-06-01,James Madison University,Masters,,,,,,,"Auditing,Financial Reporting,Sarbanes Oxley Act,CPA,US GAAP,Accounting,Internal Controls,Financial Accounting,SEC filings,Financial Analysis,GAAP,External Audit,Internal Audit",,,,,20,1982,vp,Finance,xp,,,,,
5750991,Edna Dsouza,Edna,Dsouza,Verified emails found,2025-10-15 09:49:30.603713,dsouzae@gmail.com,edna.dsouza@corsair.com,dsouzae@gmail.com,dsouzae@gmail.com,edna.dsouza@corsair.com,ednad@corsair.com,7325308836,,"4083706973
408-249-7417",,https://www.linkedin.com/in/edna-dsouza-5780b74,http://www.facebook.com/people/_/1832817196,,,,,,Vice President Corporate Controller,Corsair,"115 N McCarthy Blvd, Milpitas, California 95035, US",corsair.com,http://www.corsair.com,https://www.linkedin.com/company/corsair,"San Jose, CA, US",San Jose,,CA ,US,Corsair,Vice President Corporate Controller,2023-09-01,Present,CBIZ Mayer Hoffman McCann,Audit Senior,2002-01-01,2006-01-01,A F Ferguson & Co,Audit Senior,1993-01-01,1996-01-01,"CareDx, Inc.",Controller,2021-05-01,2023-09-01,NETGEAR,"Sr. Director, Assistant Controller",2018-07-01,2021-05-01,AICPA,,,,Institute of Cost Accountants of India,,,,"SEC filings,Cost Accounting,Sarbanes-Oxley Act,Internal Audit,Sarbanes-Oxley,Business Process Improvement,Cross-functional Team Leadership,Forecasting,Accounting,GAAP,Fixed Assets,Process Improvement,Variance Analysis,Mergers & Acquisitions,Finance,Auditing,Cross Functional Team,Sarbanes Oxley,Business Process,Cross Functional Team Leadership,Financial Analysis,Sarbanes Oxley Act,Financial Reporting,Mergers and Acquisitions,Generally Accepted Accounting Principles Gaap,Generally Accepted Accounting Principles",,,"Bay Area Revenue Recognition Forum, Spansion Employees and Alumni, Chartered Accountant & Information Technology, Chartered Accountant in Industry, Finance Plus: Private Equity, Venture Capital and M&A news",,27,1972,vp,Finance,xp,,,,,
6900152,Richard Thomas,Richard,Thomas,Verified emails found,2025-10-15 09:49:30.815193,richard.thomas@atmosenergy.com,richard.thomas@atmosenergy.com,susanvonstruensee@gmail.com,"richard.thomas@atmosenergy.com,susanvonstruensee@gmail.com",,,212-945-8355,212-945-8355,"9727655578
212-773-8932
212-773-3000
318-224-5168",,https://www.linkedin.com/in/richardthomasey,,,,,,,Vice President and Controller,Atmos Energy,"5430 LBJ Fwy, Dallas, Texas 75240, US",atmosenergy.com,http://www.atmosenergy.com,https://www.linkedin.com/company/atmos-energy,"New York, NY, US",New York,,NY ,US,Atmos Energy,Vice President and Controller,2017-02-01,Present,Atmos Energy,Director Capital Markets,2013-06-01,2017-02-01,Tuesday Morning,Assistant Controller,2012-11-01,2013-06-01,Ey,Senior Manager - Assurance,2011-10-01,2012-11-01,Ey,Audit Manager,2008-10-01,2011-10-01,"Texas A&M University, College",Masters,,,"Texas A&M University, College",Bachelors,,,"Forensic Accounting,FCPA,Certified Fraud Examiner,Litigation Support,Litigation Consulting,Due Diligence,Enterprise Risk Management,Corporate Governance,SEC filings,Forensic Analysis,Internal Controls,Business Valuation,Financial Reporting,CPA,Big 4,External Audit,Financial Analysis,Mergers & Acquisitions,Investigation,Change Management,Leadership,Mergers and Acquisitions,Business Strategy,Fraud Investigations",,,,,22,1980,vp,Finance,xp,,,,,
94078643,Sara Desruisseaux,Sara,Desruisseaux,Verified emails found,2025-10-15 09:49:31.012771,sara.desruisseaux@prattwhitney.com,sara.desruisseaux@prattwhitney.com,sarammcauley@yahoo.com,"sara.desruisseaux@prattwhitney.com,sarammcauley@yahoo.com",,,8605080047,,,,https://www.linkedin.com/in/sara-desruisseaux-1833081a,,,,,,,"Vice President, Controller",Pratt & Whitney,"400 Main Street, East Hartford, Connecticut 06108, US",prattwhitney.com,https://prattwhitney.com/,https://www.linkedin.com/company/pratt-&-whitney,"Hartford, CT, US",Hartford,,CT ,US,Pratt & Whitney,"Vice President, Controller",2023-07-01,Present,Pratt & Whitney,"Executive Director, Mature Commercial Engines CFO",2022-09-01,2023-07-01,Pratt & Whitney,"Senior Director, Commercial Engines Controller",2020-09-01,2022-09-01,Pratt & Whitney,"Assistant Controller - Financial Reporting, Technical Accounting and Business Controls",2018-11-01,2020-09-01,Pratt & Whitney,Director of Financial Reporting and Technical Accounting,2017-12-01,2018-10-01,University of Hartford,MSAT,,,Fairfield University,BS,,,,,,,,21,1982,vp,Finance,xp,,,,,
19078555,Robert Berger,Robert,Berger,Verified emails found,2025-10-15 09:49:31.204975,robert_berger@navyfederal.org,robert_berger@navyfederal.org,,,"robert_berger@navyfederal.org,bob_berger@navyfederal.org",,7032061311,7033852549,"7033852549
7032558000
7032063015",,https://www.linkedin.com/in/robert-berger-66259571,,,,,,,"Senior Vice President, Collections",Navy Federal Credit Union,"820 Follin Lane SE, Vienna, Virginia 22180, US",navyfederal.org,http://www.navyfederal.org,https://www.linkedin.com/company/navy-federal-credit-union,"Pensacola, FL, US",Pensacola,,FL ,US,Navy Federal Credit Union,"Senior Vice President, Collections",2013-08-01,Present,Navy Federal Credit Union,"Vice President, Collections",2008-04-01,Present,Navy Federal Credit Union,"AVP, Collections",2006-04-01,2008-03-01,,,,,,,,,,,,,,,,,"Project Management,Employee Benefits,Compliance,Foreclosures,Financial Risk,HR Policies,Internal Communications,Internal Audit,Logistics Management,Social Media,Strategic Partnerships,Vendor Management,Microsoft Word,Credit,Team Building,Strategic Planning",,,,,19,1957,vp,Finance,xp,,,,,
5685127,Greg Hollern,Greg,Hollern,Verified emails found,2025-10-15 09:49:31.485210,greghollern@gmail.com,,greghollern@gmail.com,,greghollern@gmail.com,,6144744954,,"6142836849
6148735473",,https://www.linkedin.com/in/greg-hollern-44078a6,,,,,,,Vice President and Controller,PHOENIX Retail LLC,US,phoenixdtc.com,https://www.phoenixdtc.com,https://www.linkedin.com/company/phoenixdtc,"Columbus, OH, US",Columbus,,OH ,US,PHOENIX Retail LLC,Vice President and Controller,2024-06-01,Present,EXPRESS,Vice President and Controller,2013-10-01,2025-07-01,Abercrombie & Fitch,Corporate Controller,2009-08-01,2013-09-01,Abercrombie & Fitch,Director of Accounting Operations,2007-01-01,2009-08-01,Abercrombie & Fitch,Director of Store Control,2004-09-01,2007-01-01,Miami University,Bachelor of Science - BS,,,,,,,"Business Development,Microsoft Excel,Retail,Journalism,Materials Management,Finance,Commercial Lending,Variance Analysis,Leadership,Revenue Recognition,SEC reporting,Manufacturing",,,,,33,1970,vp,Finance,xp,,,,,
16645102,Thomas Simpson,Thomas,Simpson,Verified emails found,2025-10-15 09:49:31.672108,thomas.simpson@standard.com,thomas.simpson@standard.com,,,"thomas.simpson@standard.com,thomas.simpson.cfs@standard.com,tsimpso3@standard.com",,5033301761,6142847596,6142847596,,https://www.linkedin.com/in/thomas-simpson-cpa-bb121a8,https://facebook.com/tom.simpson.969,,,,,,"Vice President, Controller",Standard Insurance Company,"1100 SW Sixth Avenue, Portland, Oregon 97204, US",standard.com,https://www.standard.com,https://www.linkedin.com/company/the-standard,"Portland, OR, US",Portland,,OR ,US,Standard Insurance Company,"Vice President, Controller",2019-10-01,Present,Standard Insurance Company,"Sr Director, Financial Reporting and Accounting Policy and Sr Director Financial Planning and Analysis",2016-03-01,2019-10-01,Standard Insurance Company,"Director, SEC Reporting",2012-03-01,2016-03-01,Standard Insurance Company,Investment Accounting and Statutory Reporting,2007-07-01,2012-03-01,Relay Resources,Chairperson of the Board of Directors,2015-09-01,Present,Franklin University,BS Finance,,,Monterey Peninsula College,AS Business,,,"US GAAP,Sarbanes-Oxley Act,Financial Reporting,SEC filings,Statutory Accounting,CPA,Cash Flow,Valuation,PeopleSoft,Sarbanes-Oxley,Insurance,Essbase,Financial Statements,GAAP,Internal Controls,Financial Analysis,Sarbanes Oxley,Business Development,Finance,Strategy,Sarbanes Oxley Act",,,"SEC Professionals Group, National Association of Insurance Commissioners (NAIC), IFRS forum, CFO and Controllers: U.S. GAAP, IFRS and SEC Reporting Risks, Insurance U.S GAAP and Statutory Accounting and Reporting Resource",,27,1975,vp,Finance,xp,,,,,
2021464,Mark Mahoney,Mark,Mahoney,Verified emails found,2025-10-15 09:49:31.847793,markmahoney@gmail.com,mmahoney@republicservices.com,markmahoney@gmail.com,,"markmahoney@gmail.com,mmahoney@republicservices.com",mark.mahoney@republicservices.com,4806951573,4806951573,4806277129,,https://www.linkedin.com/in/mark-mahoney-3953b955,,,,,,,Vice President Accounting Services,Republic Services,"18500 N. Allied Way, Phoenix, Arizona 85054, US",republicservices.com,http://www.republicservices.com,https://www.linkedin.com/company/republic-services-inc,"Phoenix, AZ, US",Phoenix,,AZ ,US,Republic Services,Vice President Accounting Services,2020-05-01,Present,Republic Services,"Vice-President, Enterprise Data",2017-07-01,2020-05-01,Republic Services,"Vice-President, Business Systems and Technology",2014-11-01,2017-07-01,Republic Services,"Vice-President, Finance",2008-12-01,2014-11-01,Republic Services Inc,Assistant Corporate Controller,2000-09-01,2008-11-01,Bentley University - McCallum Graduate School of Business,,,,University of Massachusetts Amherst,,,,"Microsoft Office,Customer Service,Financial Analysis,Oracle Implementations,Financial Services,Business Systems,CRISC,Active Directory,Data Center,Mergers and Acquisitions",,,,,25,1955,vp,Finance,xp,,,,,
45513991,Brandon Webster,Brandon,Webster,Verified emails found,2025-10-15 09:49:32.053202,bwebster@prim.com,bwebster@prim.com,bwebster_3@hotmail.com,"bwebster@prim.com,bwebster_3@hotmail.com",,,9724101522,,,,https://www.linkedin.com/in/brandon-e-webster-cpa-cgma-6224735,,,,,,,"Vice President, Corporate Accounting",Primoris Services Corporation,"2300 N. Field Street Suite 1900, Dallas, Texas 75201, US",prim.com,http://www.prim.com,https://www.linkedin.com/company/primoris-services-corporation,"Dallas, TX, US",Dallas,,TX ,US,Primoris Services Corporation,"Vice President, Corporate Accounting",2020-02-29,Present,Primoris Services Corporation,Director of Finance and Accounting,2018-05-31,2020-03-31,Willbros,Corporate Controller,2017-10-31,2019-04-30,Mentis Neuro Health,Corporate Controller,2017-04-30,2017-10-31,Willbros,Controller - U.S. Construction,2016-05-31,2017-04-30,The University of New Mexico,BA,,,New Mexico State University,,,,"Auditing,Variance Analysis,CPA,Accounting,Percentage of Completion,Human Resources,Year End Close,Cost Accounting,Financial Planning,Tax,Construction Accounting,Team Leadership,Finance,SEC filings,Pivot Tables,U.S. SEC Filings,Oracle,Vlookup,Account Reconciliation,Corporate Tax,JD Edwards,Financial Accounting,Strategic Financial Planning,Monthly Close Process,Microsoft Excel,US GAAP,Sumif,Project Accounting,Internal Controls,Private Piloting,Financial Analysis,Treatment,GAAP,External Audit,Tax Preparation,Sarbanes Oxley Act,Private Equity,U.S. Generally Accepted Accounting Principles Gaap,Financial Reporting,Financial Statements,GAAS,General Ledger,Cost Benefit,Healthcare Industry,Assurance,Accounts Payable,Accounts Receivable,Member of AICPA,Financial Audits,Generally Accepted Accounting Principles Gaap,Internal Audit,Generally Accepted Accounting Principles,u.s. Generally Accepted Accounting Principles",,,,,21,1982,vp,Finance,xp,,,,,
13120334,Karen Zina,Karen,Zina,Verified emails found,2025-10-15 09:49:32.235150,karenzina11@gmail.com,kezina@concentra.com,karenzina11@gmail.com,karenzina11@gmail.com,"kezina@concentra.com,karen_zina@concentra.com",karen.zina@concentra.com,9723171672,,,,https://www.linkedin.com/in/karenzina,,,,,,,"Senior Vice President, Controller",Concentra,"5080 Spectrum Drive Suite 1200 West Tower, Addison, Texas 75001, US",concentra.com,https://www.concentra.com/,https://www.linkedin.com/company/concentra,"Texas, United States",,,TX ,US,Concentra,"Senior Vice President, Controller",2016-03-01,Present,IO Metro,Chief Financial Officer,2015-12-01,2016-03-01,Concentra,Director of Accounting,2012-10-01,2015-11-01,The Bond Group,Chief Financial Officer,2012-02-01,2014-10-01,"Bond Purchasing & Logistics, LLC",VP Finance,2012-01-01,2013-12-01,University of Maryland,Bachelor's Degree,,,,,,,"Pricing,Team Leadership,Internal Controls,Mergers and Acquisitions,P&l,Variance Analysis,Business Development,General Ledger,Cost Accounting,Financial Planning,Consolidation,Finance,Budgeting,Sarbanes Oxley Act,Management,System Migration,Executive Management,Healthcare,Business Planning,Key Performance,Strategic Financial Planning,Product Management,Forecasting,Financial Control,Financial Reporting,Project Management,Account Management,Business Modeling,Financial Modeling,Financial Accounting,Process Improvement,Financial Audits,Mergers,Due Diligence,Strategy,Excel,Business Strategy,Team Building,Budgets,Auditing,Balanced Scorecard,Analysis,Leadership,Business Process,Microsoft Excel,Accounting,Strategic Planning,Financial Analysis,Public Speaking,Key Performance Indicators,Business Process Improvement,Strategic Financial,Cash Flow,Start Ups",,,,,29,1967,vp,Finance,xp,,,,,
7484000,Minnie Hatfield,Minnie,Hatfield,Verified emails found,2025-10-15 09:49:32.412889,minnie.hatfield@lob.com,minnie.hatfield@lob.com,courtesyparts.robert@gmail.com,"minnie.hatfield@lob.com,courtesyparts.robert@gmail.com,minnie.hatfield@thedrybar.com,cmj0908@hotmail.com","cmjminnie@yahoo.com,chenxmei@yahoo.com,cmj0908@yahoo.com",,562-713-0908,562-713-0908,"562-713-9080
1.5627130908
909-690-6734
562-483-0018
714-467-1640
562-690-6734",,https://www.linkedin.com/in/minniechen,http://www.facebook.com/minnie.chen.773,http://www.twitter.com/brideglamor,,,,,Vice President of Accounting,Lob,"185 Berry Street Suite 6100, San Francisco, California 94107, US",lob.com,https://www.lob.com,https://www.linkedin.com/company/lob,"Irvine, California, United States",Irvine,,CA ,US,Lob,Vice President of Accounting,2024-07-01,Present,MJH Accounting & Advisory,Accounting Advisory,2022-01-01,Present,Drybar,"VP, Finance and Accounting",2019-09-01,Present,Drybar,"VP, Controller",2019-01-01,Present,Drybar,"VP, Corporate Controller",2019-01-01,2021-01-01,"Cal State Fullerton, College of Business and Economics",Master of Business Administration;,,,National Chengchi University,Bachelor of Business Administration,,,"GAAP,Financial Reporting,Cost Accounting,Management,Corporate Finance,Bank Reconciliation,Sarbanes Oxley Act,Cash Flow,Accounting,Payroll,Cash Management,Accounts Payable,Strategic Planning,Strategic Financial Planning,Research,Budgets,Finance,Internal Controls and Sox Compliance,Analysis,Financial Analysis,Project Management,Consolidation,US GAAP,Financial Planning,General Ledger,Tax,Financial Accounting,Financial Statements,Auditing,Variance Analysis,Internal Controls",,,,,14,1970,vp,Finance,xp,,,,,
138151664,Richelle Feyerherm,Richelle,Feyerherm,Verified emails found,2025-10-15 09:49:32.591487,richelle.feyerherm@gmail.com,,richelle.feyerherm@gmail.com,"richelle.feyerherm@gmail.com,abergurlfitch33@aol.com",,"rfeyerherm@muellerwaterproducts.com,richelle.feyerherm@muellerwaterproducts.com,richelle@muellerwaterproducts.com,richelle_feyerherm@muellerwaterproducts.com,feyerherm@muellerwaterproducts.com,richellefeyerherm@muellerwaterproducts.com,richellef@muellerwaterproducts.com,feyerhermr@muellerwaterproducts.com",678-895-5785,678-895-5785,"678-947-2977
470-297-3781
678-373-8881
203-246-9293
678-624-4602
678-384-0554",,https://www.linkedin.com/in/richelle-feyerherm,,,,,,,Vice President and Controller,Mueller Water Products,"1200 Abernathy Road Suite 1200, Atlanta, Georgia 30303, US",muellerwaterproducts.com,http://www.muellerwaterproducts.com,https://www.linkedin.com/company/mueller-water-products,"Atlanta, GA, US",Atlanta,30303,GA ,US,Mueller Water Products,Vice President and Controller,2019-11-01,Present,Innovative Water Care,Chief Financial Officer,2019-03-01,2019-07-01,"Arch Chemicals, Inc. / Lonza Inc",Financial Officer,2001-05-01,2019-02-01,"Garvey, Kordish and Lathrop, LLC",Staff Accountant,1997-01-01,2000-01-01,,,,,State University of New York - System,Bachelor of Science,,,,,,,"Sarbanes-Oxley Act,Accounting,SAP,Financial Analysis,Forecasting,Business Strategy,Internal Controls,Financial Reporting,Cash Flow,General Ledger,Auditing,Cash Flow Forecasting,Account Reconciliation,US GAAP,Variance Analysis,CPA,Cash Management,SAP Products,Cross-functional Team Leadership,Strategic Planning",,,,,27,1970,vp,Finance,xp,,,,,
9007321,Berg Crawford,Berg,Crawford,Verified emails found,2025-10-15 09:49:32.787569,bergcrawford@hotmail.com,berg.crawford@aei.com,bergcrawford@hotmail.com,bergcrawford@hotmail.com,berg.crawford@aei.com,,7206857927,,,,https://www.linkedin.com/in/berg-crawford-b352185,,,,,,,Vice President Corporate Controller,Advanced Energy,"1595 Wynkoop St, Denver, Colorado 80219, US",advancedenergy.com,http://www.advancedenergy.com,https://www.linkedin.com/company/advancedenergy,"Denver, CO, US",Denver,80219,CO ,US,Advanced Energy,Vice President Corporate Controller,2021-12-01,Present,Advanced Energy,Assistant Corporate Controller,2019-09-01,2021-12-01,PwC,Director,2019-04-01,2019-09-01,PwC,Sr. Manager,2011-07-01,2019-03-01,PwC,Manager,2008-07-01,2011-07-01,Brigham Young University Marriott School of Business,Masters Degree,,,Brigham Young University Marriott School of Business,Bachelor's degree,,,"Internal Controls,Financial Reporting,SEC Filings,US GAAP,Financial Analysis,Financial Accounting,CPA,Watson,Accounting,Auditing,Assurance",,,,,22,1977,vp,Finance,xp,,,,,
31221152,Joseph Cross,Joseph,Cross,Verified emails found,2025-10-15 09:49:32.996757,josephmcross@hotmail.com,jcross@eyemartexpress.com,josephmcross@hotmail.com,josephmcross@hotmail.com,jcross@eyemartexpress.com,,7574342147,,"8174163840
8172526228",,https://www.linkedin.com/in/josephmcross,https://facebook.com/josephmcross,,,,,,"Senior Vice President, Controller",Eyemart Express,"13800 Senlac Drive Suite 200, Farmers Branch, Texas 75234, US",eyemartexpress.com,http://www.eyemartexpress.com,https://www.linkedin.com/company/eyemart-express,"Texas, United States",,,TX ,US,Eyemart Express,"Senior Vice President, Controller",2024-06-30,Present,Eyemart Express,"Vice President, Corporate Controller",2022-06-30,2024-06-30,Corsearch,Vice President of Finance,2020-06-30,2022-06-30,Corsearch | Wolters Kluwer Corporate Legal Services,Vice President of Finance,2020-06-30,2022-06-30,Corsearch,Controller,2019-08-31,2020-06-30,University of Richmond,Bachelor Of Science,,,,,,,"Auditing,Variance Analysis,PowerPoint,CPA,Lease Administration,Accounting,PeopleSoft,Cash Flow,Year End Close,Expenses,Leases,Journal Entries,Accruals,Tax,Managerial Finance,Spreadsheets,Depreciation,ERP,Fitness,Bank Reconciliation,Account Reconciliation,Balance,Balance Sheet,Financial Accounting,Consolidation,Sarbanes Oxley,Internal Controls,Bookkeeping,Financial Analysis,Invoicing,GAAP,External Audit,Sarbanes Oxley Act,Lease Audit,Management,Financial Reporting,Financial Statements,Fixed Assets,General Ledger,GAAP Standards,Accounts Payable,Accounts Receivable,Financial Audits",,,,,21,1981,vp,Finance,xp,,,,,
57900515,Thomas Kennedy,Thomas,Kennedy,Verified emails found,2025-10-15 09:49:33.209594,tekenned@gmail.com,,tekenned@gmail.com,tekenned@gmail.com,tkennedy003@yahoo.com,,4438353245,412-996-2904,"412-996-2904
202-419-7077
4439196920
3102783311
2538351970",,https://www.linkedin.com/in/thomas-kennedy-9993b9149,,,,,,,Vice President of Accounting,Consilio LLC,"1828 L Street NW Suite 1070, Washington, District of Columbia 20005, US",consilio.com,http://www.consilio.com,https://www.linkedin.com/company/consilio-llc,"Washington, DC, US",Washington,20005,DC ,US,Consilio LLC,Vice President of Accounting,2021-05-01,Present,Danaher Corporation,"Senior Director, Water Quality Platform Finance and Accounting",2018-06-01,2020-09-01,Danaher Corporation,Director of Finance,2015-01-01,2018-06-01,Danaher Corporation,Director Of Internal Audit,2008-07-01,2015-01-01,PricewaterhouseCoopers,Manager,1999-09-01,2008-06-01,University of North Carolina at Chapel Hill,,,,"Staples Ins Agency, Inc. Jane Staples, Agent - State Farm Insurance Agent",,,,"Financial Planning and Analysis,Internal Audit,Mergers & Acquisitions,Financial Accounting,Business Valuation,Data Analysis,Project Management,Financial Modeling,Strategic Planning,Market Research,Integration,Due Diligence,Business Strategy,Financial Reporting,Auditing,Internal Controls,Accounting,Financial Analysis,Finance,Forecasting,U.S. Generally Accepted Accounting Principles (GAAP),Change Management,People Development,Management,Leadership,Cross-functional Team Leadership,Analytical Skills,Generally Accepted Accounting Principles (GAAP),Financial Statements,Process Improvement,Microsoft Excel,Sarbanes-Oxley Act",,,,,26,1976,vp,Finance,xp,,,,,
1619712,Craig Ekegren,Craig,Ekegren,Verified emails found,2025-10-15 09:49:33.388066,rodeoclown24@hotmail.com,craig_ekegren@cargill.com,rodeoclown24@hotmail.com,rodeoclown24@hotmail.com,craig_ekegren@cargill.com,,952-448-7687,4062181831,"4062181831
6414792695
952-334-2261
952-484-0069",,https://www.linkedin.com/in/craig-ekegren-8415a39,https://facebook.com/craig.ekegren,,,,,,Vice President and Controller,"Cargill, Inc.","15407 McGinty Rd W, Wayzata, Minnesota 55391, US",cargill.com,https://www.cargill.com,https://www.linkedin.com/company/cargill,"Missoula, MT, US",Missoula,,MT ,US,"Cargill, Inc.",Vice President and Controller,2001-07-01,Present,Cargill,Platform Controller.,1995-01-01,2013-01-01,Lacrosse Global Fund Services,Board Member,2007-01-01,2011-12-01,,,,,,,,,Concordia College,Bachelor of Arts (B.A.),,,,,,,"Process Improvement,JD Edwards,Accounting,Corporate Finance,Internal Controls,Risk Management,Financial Analysis,Internal Audit,Financial Reporting,Forecasting,Cost Accounting,Financial Audits,US GAAP,Finance,Strategy,Financial Modeling,IFRS,Commodity,ERP,Golf Instruction,Sarbanes-Oxley Act,Budgets,Auditing,Life Coaching,GAAP,Managerial Finance,Variance Analysis,SAP,Financial Accounting,Sarbanes Oxley Act,Public Speaking,Marketing",,,Cargill Alumni,,30,1958,vp,Finance,xp,,,,,
33995767,Ana Gulacsy,Ana,Gulacsy,Verified emails found,2025-10-15 09:49:33.588834,cuestafiesta@yahoo.com,agulacsy@redlobster.com,cuestafiesta@yahoo.com,cuestafiesta@yahoo.com,agulacsy@redlobster.com,ana.gulacsy@redlobster.com,3216626318,3216626318,"3216629270
407-296-2221
4077349000
97124456677
407-578-1808",,https://www.linkedin.com/in/ana-gulacsy-54910369,https://facebook.com/agulacsy,,,,,,"Vice President, Controller",Red Lobster,"450 S Orange Ave, Orlando, Florida 32801, US",redlobster.com,http://www.redlobster.com,https://www.linkedin.com/company/-red-lobster,"Orlando, FL, US",Orlando,,FL ,US,Red Lobster,"Vice President, Controller",2025-02-01,Present,Red Lobster,"Senior Director, Accounting",2022-06-01,2025-02-01,Red Lobster,"Director, Operations Accounting",2014-07-01,2022-07-01,Darden,"Manager, Corporate Reporting",2008-10-01,2014-07-01,Darden,Accounting Supervisor and Senior Financial Analyst,2003-03-01,2008-10-01,University of Florida,Master of Accounting,,,,,,,"Accounting,Variance Analysis,Financial Reporting,Hyperion Enterprise,Sarbanes-Oxley Act,Internal Controls,Financial Analysis,US GAAP,Financial Accounting,Cash Management,P&L,GAAP,CPA,Auditing,SEC filings,Hyperion,Budgets,Public Speaking,Business Analysis,Generally Accepted Accounting Principles Gaap,Leadership,Management,Budgeting,Sarbanes Oxley Act,Generally Accepted Accounting Principles",,,"Autism Speaks Supporters, Orlando Accounting and Finance Professionals, UF Fisher School of Accounting",,28,1974,vp,Finance,xp,,,,,
34364159,Richard Allen,Richard,Allen,Verified emails found,2025-10-15 09:49:33.759113,richard.allen79@gmail.com,richard_allen@navyfederal.org,richard.allen79@gmail.com,richard.allen79@gmail.com,richard_allen@navyfederal.org,richard.allen@navyfederal.org,6199482668,6199482668,"8055501019
7032061311",,https://www.linkedin.com/in/richard-allen-23aa7144,,,,,,,"Vice President, Accounting Operations",Navy Federal Credit Union,"820 Follin Lane SE, Vienna, Virginia 22180, US",navyfederal.org,http://www.navyfederal.org,https://www.linkedin.com/company/navy-federal-credit-union,"Chula Vista, CA, US",Chula Vista,,CA ,US,Navy Federal Credit Union,"Vice President, Accounting Operations",2023-03-01,Present,Navy Federal Credit Union,Regional Manager,2014-08-01,Present,Navy Federal Credit Union,"Vice President, Branch Operations",2019-03-01,2023-03-01,Navy Federal Credit Union,Regional Training Supervisor,2013-03-01,2014-08-01,Navy Federal Credit Union,Branch Manager,2010-01-01,2013-03-01,Chapman University,Master's degree,,,Chapman University,Master's degree,,,"Risk Management,Call Center,Credit,Mortgage Lending,Customer Service,Loans,Consumer Lending,Banking,Process Improvement,Small Business Lending,Commercial Lending,Retail Banking,Leadership,Management,Insurance,Credit Unions,Call Centers,Credit Analysis,Training,Sales Management,Microsoft Word,Coaching,Strategic Planning",,,"Financial Executive Way Forward - Leaders in Banking,Consulting,IT & Recruiting, Credit Union Insight - CUInsight.com",,19,1979,vp,Finance,xp,,,,,
309229852,Samantha Whirley,Samantha,Whirley,Verified emails found,2025-10-15 09:49:33.933380,sexysamantha12@hotmail.com,,sexysamantha12@hotmail.com,"sexysamantha12@hotmail.com,sexysamantha@msn.com",sexysamantha12@aol.com,swhirley@erickson.com,,,,,https://www.linkedin.com/in/samanthawhirley,,,,,,,Vice President Controller,Erickson Senior Living,"701 Maiden Choice Ln, Catonsville, Maryland 21228, US",ericksonseniorlivingcareers.com,http://www.erickson.com,https://www.linkedin.com/company/ericksonseniorliving,"Washington, DC, US",Washington,20005,DC ,US,Erickson Senior Living,Vice President Controller,2024-01-01,Present,EchoStar Corporation,Senior Leadership Staff Advisor,2022-05-01,2023-12-01,Hughes,Director - Accounting,2021-06-01,2022-06-01,Hughes,Senior Manager Revenue Assurance,2018-07-01,2021-06-01,Hughes Network Systems,Senior Manager Corporate Reporting,2013-07-01,2018-07-01,University of Miami,BBA,,,Florida International University,Graduate Courses,,,,,,,,22,1982,vp,Finance,xp,,,,,
42173192,Shelly Romenesko,Shelly,Romenesko,Verified emails found,2025-10-15 09:49:34.100815,psydergrl@hotmail.com,shelly.romenesko@millsfleetfarm.com,psydergrl@hotmail.com,psydergrl@hotmail.com,shelly.romenesko@millsfleetfarm.com,sromenesko@millsfleetfarm.com,920-327-2164,920-327-2164,"920-336-5715
908-757-4245
414-769-9700
414-352-4160
920-770-5493
414-570-0734
414-384-5073
920-336-3404
414-339-7612
716-856-5005",,https://www.linkedin.com/in/shelly-romenesko-749673a,,,,,,,"Vice President, Controller",Fleet Farm,"2401 S. Memorial Dr., Appleton, Wisconsin 54914, US",fleetfarm.com,https://www.fleetfarm.com/,https://www.linkedin.com/company/fleetfarm,"Green Bay, WI, US",Green Bay,,WI ,US,Fleet Farm,"Vice President, Controller",2019-06-01,Present,Babcock & Wilcox MEGTEC (B&W MEGTEC),"Vice President, Finance",2008-07-01,2019-07-01,VF Corporation,"Brand Controller - Vans, Outdoor Coalition",2007-03-01,2008-08-01,Actuant Corporation,Contoller - Milwaukee Cylinder,2005-01-01,2007-03-01,GE Healthcare,Controller - Global Products Company,2004-03-01,2005-01-01,University of Wisconsin-Madison,Masters of Accountancy - Taxation,,,University of Wisconsin-Madison,Bachelors of Business Administration - Accounting,,,"Tax,Financial Reporting,Forecasting,Marketing,Manufacturing,Continuous Improvement,Customer Service,Strategic Planning,Business Process Improvement,Accounting,Sales,Strategy",,,,,30,1967,vp,Finance,xp,,,,,
71573111,Connor Danahy,Connor,Danahy,Verified emails found,2025-10-15 09:49:34.274043,cdanahy@berkshireresi.com,cdanahy@berkshireresi.com,connor.danahy@gmail.com,"cdanahy@berkshireresi.com,connor.danahy@gmail.com,sllovell@bellsouth.net","cjdan@earthlink.net,cjdan@aol.com,cjdan13@twcny.rr.com,cjdan13@mail.com,cjdan13@comcast.net,cjdan13@aol.com,bell.kenya@rocketmail.com",,716-597-9657,716-597-9657,"716-445-3036
617-638-2000
617-535-7539
716-688-3541",,https://www.linkedin.com/in/connor-danahy-b2b0267,http://www.facebook.com/connordanahy,,,,,,"Vice President, Controller",Berkshire,"One Beacon Street 24th Floor, Boston, Massachusetts 02108, US",berkshireresi.com,http://www.berkshireresi.com,https://www.linkedin.com/company/berkshireresidentialinvestments,"Boston, MA, US",Boston,,MA ,US,Berkshire,"Vice President, Controller",2023-05-01,Present,Berkshire,"AVP, Assistant Controller",2017-07-01,2023-04-01,Berkshire,Accounting Manager,2014-06-01,2017-06-01,Berkshire,Senior Accountant,2011-03-01,2014-06-01,Berkshire,Property Accountant,2008-07-01,2011-02-01,University of Dayton,Bachelor of Science,,,,,,,,,,,,17,1986,vp,Finance,xp,,,,,
4517695,Elizabeth Truong,Elizabeth,Truong,Verified emails found,2025-10-15 09:49:34.462942,elizabethtruong@gmail.com,etruong@newrez.com,elizabethtruong@gmail.com,,"elizabethtruong@gmail.com,etruong@newrez.com,elizabethtruong@ymail.com,elizabeth_t@newrez.com,e.truong@newrez.com","elizabeth.truong@newrez.com,elizabethtruong@newrez.com",,,,,https://www.linkedin.com/in/elizabeth-truong-11a08920,,,,,,,"Vice President, Investor Accounting",Newrez LLC,"1100 Virginia Dr Suite 125, Fort Washington, Pennsylvania 19034, US",newrez.com,https://www.newrez.com/,https://www.linkedin.com/company/newrez-llc,"Irving, TX, US",Irving,,TX ,US,Newrez LLC,"Vice President, Investor Accounting",2022-04-01,Present,Mr. Cooper,"Vice President, Corporate Accounting",2019-02-01,2022-04-01,"Pacific Union Financial, LLC","Vice President, Assistant Controller",2015-07-01,2019-01-01,Nationstar Mortgage,"Vice President, Originations Accounting",2014-04-01,2015-08-01,Nationstar Mortgage,"AVP, Accounting (Originations and Reverse)",2013-03-01,2014-04-01,California State University-San Bernardino - College of Business and Public Administration,Bachelor of Science,,,,,,,"Mortgage Servicing,LPS,Investor Reporting,Servicing Accounting,Investor Accounting,Loan Accounting,Loss Mitigation,Investors,Credit,Mortgage Lending,Mortgage Banking,Loans,Process Improvement,Loan Origination,Finance,Portfolio Management,Account Reconciliation,Accounting,Auditing,Banking,Financial Analysis,Loan Servicing,Business Process Improvement,Working with Investors,Project Management,Business Development,Marketing,Sales,Public Speaking,Microsoft Excel",,,"California Mortgage Bankers Association, Mortgage Professionals, Jobs for CA - Accounts, Finance & commercial Professionals, Hirespin, Mortgage Bankers Association (MBA), Job Postings Group (#1 in Jobs, Recruiters, HR, Managers, Finance, Marketing & Technology), California Jobs, Accounting Jobs and Jobseekers, California Careers, Networking and Jobs, Finding Mortgage Jobs in Texas",,30,1972,vp,Finance,xp,,,,,
12185023,Jason Pitofsky,Jason,Pitofsky,Verified emails found,2025-10-15 09:49:34.624080,jason.pitofsky@regeneron.com,jason.pitofsky@regeneron.com,jpitofsky@gmail.com,"jason.pitofsky@regeneron.com,jpitofsky@gmail.com",,,9148477000,,,,https://www.linkedin.com/in/jason-pitofsky-a054b010,https://facebook.com/jason.pitofsky,,,,,,"Vice President, Controller",Regeneron,"777 Old Saw Mill River Road, Tarrytown, New York 10591, US",regeneron.com,http://www.regeneron.com,https://www.linkedin.com/company/regeneron-pharmaceuticals,"New York, NY, US",New York,,NY ,US,Regeneron,"Vice President, Controller",2024-02-01,Present,"Regeneron Pharmaceuticals, Inc.","Vice President, Accounting and Financial Reporting",2011-05-01,2024-01-01,PricewaterhouseCoopers,Senior Manager,1999-09-01,2011-05-01,,,,,,,,,Binghamton University,BS,,,,,,,"Financial Reporting,SEC filings,Sarbanes-Oxley Act,US GAAP,Sarbanes-Oxley,Internal Controls,Auditing,GAAP,Accounting,Financial Accounting,External Audit,CPA,IFRS,Assurance,Big 4,Sarbanes Oxley,Sarbanes Oxley Act,Technical Accounting Research,Statutory Accounting",,,,,26,1977,vp,Finance,xp,,,,,
23919356,Jeff Kral,Jeff,Kral,Verified emails found,2025-10-15 09:49:34.811741,jeff.kral@am.jll.com,jeff.kral@am.jll.com,jkral9@hotmail.com,"jeff.kral@am.jll.com,jkral9@hotmail.com,jeff.kral@jll.com",,,7737913867,,,,https://www.linkedin.com/in/jeff-kral-4546901,,,,,,,"Vice President, Controller",Jones Lang LaSalle,"200 East Randolph Drive, Chicago, Illinois 60601, US",co.jll,https://co.jll/41LJERI,https://www.linkedin.com/company/jll,"Chicago, IL, US",Chicago,,IL ,US,Jones Lang LaSalle,"Vice President, Controller",2018-07-01,Present,JLL,"Vice President, Assistant Controller",2010-04-01,2018-06-01,First Industrial Realty Trust,Property Accounting Manager,2007-03-01,2009-09-01,Equity Office Properties Trust,Assistant Property Controller,2000-07-01,2007-03-01,,,,,Gies College of Business - University of Illinois Urbana-Champaign,Bachelor's,,,University of Illinois Urbana-Champaign,Bachelors,,,"Financial Statements,GAAP,Accounting,Real Estate,Financial Reporting,General Ledger,Financial Analysis,Accounts Payable,Budgets,Finance,Variance Analysis,Due Diligence,Management,Leases,Commercial Real Estate",,,,,24,1975,vp,Finance,xp,,,,,
13407983,Arnie Landau,Arnie,Landau,Verified emails found,2025-10-15 09:49:34.989008,alandau@harrywinston.com,alandau@harrywinston.com,,,alandau@harrywinston.com,,2123157950,,2122452001,,https://www.linkedin.com/in/arnie-landau-cpa-cgma-b2260310,,,,,,,"Vice President, Controller",Harry Winston,"717 Fifth Avenue, New York, New York 10092, US",harrywinston.com,http://www.harrywinston.com,https://www.linkedin.com/company/harry-winston,"New York, NY, US",New York,,NY ,US,Harry Winston,"Vice President, Controller",1991-10-01,Present,Schlumberger,Financial Accountant,1988-01-01,1990-01-01,Laventhol & Horwath CPA's,Senior Accountant,1986-01-01,1989-01-01,,,,,,,,,Queens College,BA,,,Queens College,Bachelor of Arts (B.A.),,,"Microsoft Office,Management,Sales,Financial Analysis,Merchandising,Luxury Goods,Account Management,Microsoft Excel,Financial Reporting,Wholesale,Watches,Forecasting,Fashion,Marketing Strategy,Internal Controls,Jewelry,Retail,Luxury,Finance,Accounting",,,,,38,1963,vp,Finance,xp,,,,,
11487339,Michael Clifford,Michael,Clifford,Verified emails found,2025-10-15 09:49:35.172125,mjclifford81@yahoo.com,,mjclifford81@yahoo.com,"mjclifford81@yahoo.com,mlcato82@yahoo.com",,,386-956-1674,386-956-1674,"919-390-5843
781-449-8060
570-253-1300
781-622-1000
508-482-7000
508-520-0430
570-253-7312
781-622-1207
919-587-4051",,https://www.linkedin.com/in/michael-clifford-0600a766,http://www.facebook.com/rockaglock,,,,,,"Vice President, Accounting",Shields Health Solutions,"100 Technology Center Dr, Stoughton, Massachusetts 02072, US",shieldsrx.com,http://shieldsrx.com,https://www.linkedin.com/company/shields-health-solutions,"Easton, MA, US",Easton,02356,MA ,US,Shields Health Solutions,"Vice President, Accounting",2020-01-01,Present,Stride Rite,Controller,2008-06-01,2013-07-01,BearingPoint,"Director, Infrastructure Accounting",2004-12-01,2008-06-01,Thermo Fisher Scientific,Finance Director,1991-08-01,2004-12-01,PwC,Audit Manager,1984-06-01,1991-05-01,Bentley College,Master of Business Administration (MBA),,,Stonehill College,Bachelor of Science (BS),,,"Sarbanes Oxley,Finance,Project Management,Cash Flow,General Ledger,Management,Infrastructure,Controllership Functions,Strategic Planning,Cost Accounting,Team Building,Sarbanes Oxley Act,Forecasting,Cross Functional Team Leadership,Leadership,Auditing,Strategy,Accounting,Financial Reporting,Windows Server,Financial Analysis,Process Improvement,Corporate Finance",,,,,41,1981,vp,Finance,xp,,,,,
17294487,Craig Barattin,Craig,Barattin,Verified emails found,2025-10-15 09:49:35.356867,cbarattin@healthfirst.org,cbarattin@healthfirst.org,craigbahm12@gmail.com,"cbarattin@healthfirst.org,craigbahm12@gmail.com",,,2013707270,2013707270,,,https://www.linkedin.com/in/craig-barattin-18378813,https://facebook.com/craigbahm,,,,,,"Vice President Finance, Controller",Healthfirst,"100 Church Street, New York, New York 10007, US",healthfirst.org,http://www.healthfirst.org,https://www.linkedin.com/company/healthfirst,"Nolensville, TN, US",Nolensville,37135,TN ,US,Healthfirst,"Vice President Finance, Controller",2013-07-01,Present,APS Healthcare,Vice President and Corporate Controller,2009-01-01,2013-07-01,ActiveHealth Management,Vice President and Corporate Controller,2002-04-01,2009-01-01,Arthur Andersen LLP,Audit Senior,1997-12-01,2002-04-01,,,,,Montclair State University,B.S.,,,,,,,"Financial Analysis,Internal Controls,Forecasting,Financial Reporting,Auditing,Sarbanes-Oxley,Healthcare,GAAP,Due Diligence,Medicaid,Consolidation,Financial Statements,Financial Accounting,Process Improvement,Sarbanes-Oxley Act,SEC filings,Sarbanes Oxley,Sarbanes Oxley Act,Sales,Project Management,Management,Leadership,Accounting,Managerial Finance,Strategic Planning,Healthcare Information Technology,Business Process Improvement,General Ledger",,,"Health Executives Network, New Jersey Society of CPAs (NJCPA), Andersen Alumni Association, Health Care Jobs, Medicaid Managed Care, The CFO Leadership Council, Chief Financial Officer (CFO) Network - The #1 Group for CFOs, Montclair State University - Feliciano School of Business, Healthcare Executives Network",,27,1975,vp,Finance,xp,,,,,
26788926,Eric Van Deman,Eric,Van Deman,Verified emails found,2025-10-15 09:49:35.585480,evandeman@libertyglobal.com,evandeman@libertyglobal.com,,evandeman@libertyglobal.com,,,7203313753,,,,https://www.linkedin.com/in/eric-van-deman-5a4a7b25,,,,,,,"Vice President, Accounting Policy",Liberty Global,"120 King's Road, Entrance on Tryon Street, London, England SW3 4ND, GB",libertyglobal.com,http://www.libertyglobal.com,https://www.linkedin.com/company/liberty-global,"Denver, CO, US",Denver,80219,CO ,US,Liberty Global,"Vice President, Accounting Policy",2017-10-01,Present,Liberty Global,"Director, Accounting Policy",2012-06-01,2017-09-01,KPMG LLP,"Senior Manager, Audit",2003-09-01,2012-05-01,KPMG Audit,Experienced Senior,2006-09-01,2008-05-01,Arthur Andersen LLP,Intern,2001-12-01,2002-03-01,University of Denver - Daniels College of Business,MAcc,,,University of San Diego,,,,"SEC filings,US GAAP,Internal Controls,Revenue Recognition,Financial Reporting,IFRS,Auditing,Accounting,Financial Analysis,SOX 404,CPA,Mergers & Acquisitions,Public Speaking,Mergers and Acquisitions,Sales,Microsoft Word,PowerPoint",,,"KPMG U.S., COLORADO CRE TRANSACTION NETWORK",,22,1980,vp,Finance,xp,,,,,
14935061,Kelley Hartley,Kelley,Hartley,Verified emails found,2025-10-15 09:49:35.757508,swim8402@aol.com,khartley@wingstop.com,swim8402@aol.com,swim8402@aol.com,khartley@wingstop.com,,214-906-4517,214-906-4517,"859-753-4799
214-321-6477
214-443-9601
859-873-5808
214-321-0427
972-661-3137
859-333-8504",,https://www.linkedin.com/in/kelley-hartley-43b0408,http://facebook.com/riveronconsulting,,,,,,Vice President Corporate Controller,"Wingstop Restaurants, Inc.","2801 N Central Expy, Dallas, Texas 75204, US",wingstop.com,http://www.wingstop.com,https://www.linkedin.com/company/wingstop-restaurants-inc-,"Dallas, TX, US",Dallas,,TX ,US,"Wingstop Restaurants, Inc.",Vice President Corporate Controller,2017-11-01,Present,"Wingstop Restaurants, Inc.",Assistant Controller,2015-08-01,Present,CROSSMARK,Assistant Controller,2013-10-01,2015-08-01,Riveron Consulting,Senior Manager,2012-04-01,2013-10-01,"KPMG, LLP",Senior Manager,2003-09-01,2012-04-01,Baylor University,,,,Baylor University - Hankamer School of Business,,,,"US GAAP,Sarbanes-Oxley Act,Accounting,Auditing,External Audit,Financial Reporting,Sarbanes Oxley Act",,,DFW Retail Executives Association,,22,1980,vp,Finance,xp,,,,,
97741464,Joshua Lavik,Joshua,Lavik,Verified emails found,2025-10-15 09:49:35.922549,joshua.lavik@homestreet.com,joshua.lavik@homestreet.com,,,joshua.lavik@homestreet.com,,4257452735,,,,https://www.linkedin.com/in/joshlavik,,,,,,,"Vice President, Division Controller",Homestreet Bank,"601 Union Street Ste. 2000, Seattle, Washington 98101, US",mechanicsbank.com,http://www.mechanicsbank.com,https://www.linkedin.com/company/homestreet-bank,"Seattle, WA, US",Seattle,,WA ,US,Homestreet Bank,"Vice President, Division Controller",2015-01-01,Present,Homestreet Bank,Corporate Controller,2019-01-01,Present,Federal Home Loan Bank of Seattle,Accounting Policy and Sec Reporting Manager,2013-01-01,2015-01-01,Independent,Financial Consultant,2011-01-01,2013-01-01,Microsoft,Senior Finance Manager - Treasury,2010-01-01,2011-01-01,University of Washington,Bachelors,,,Santa Clara University,,,,"Financial Analysis,GAAP,Derivatives,Valuation,Profitability Analysis,Banking,Audit,Accounting Policy,SEC reporting,SOX,Hedging,Financial Reporting,Accounting,Internal Controls,Corporate Finance,Technical Accounting,Financial Accounting,Financial Modeling,Capital Markets,Performance Measurement,Investments,Process Improvement,Reporting & Analysis,Analysis,Financial Control,Budgeting,Risk Management,Forecasting,FAS 133,Hedge Accounting,Fair Value,Big 4,Mortgage Servicing",,,,,26,1972,vp,Finance,xp,,,,,
47736532,Kathy Brunson,Kathy,Brunson,Verified emails found,2025-10-15 09:49:36.117879,kgb_1@sbcglobal.net,kathy.brunson@freemanco.com,kgb_1@sbcglobal.net,kgb_1@sbcglobal.net,kathy.brunson@freemanco.com,,2147948836,2147948836,"972-522-1222
972-965-9873
2144451355",,https://www.linkedin.com/in/kathy-g-brunson-603b908,http://www.facebook.com/kgb542,,,,,,Vice President Payroll,Freeman Company,"14221 Dallas Pkwy # 200, Dallas, Texas 75254, US",freeman.com,http://www.freeman.com,https://www.linkedin.com/company/the-freeman-company,"Grand Prairie, TX, US",Grand Prairie,,TX ,US,Freeman Company,Vice President Payroll,2024-11-01,Present,Freeman Company,Sr. Director of Payroll,2022-04-01,2024-11-01,The Freeman Company,Director of Payroll,2010-09-01,2022-09-01,The Freeman Company,Manager of Corporate Payroll,2008-10-01,2010-08-01,"Snelling, LLC","Director, Payroll and Billing Services",1992-02-01,2008-06-01,East Texas State University,Bachelors,,,,,,,"Payroll,PeopleSoft,Applicant Tracking Systems,Benefits Administration,Human Resources,Employee Relations,ADP Payroll,HRIS,Employee Benefits,Recruiting,Onboarding,Talent Acquisition,Temporary Placement,Ceridian,Performance Management,Deferred Compensation,Leadership,Test Planning,Problem Solving,Process Improvement,Microsoft Excel,Test Management,Customer Service,Payroll Taxes,Project Management,SAP,SAP HR,Management,Staffing Services,Time Management,Outlook,Policy,New Hire Orientations,Microsoft Office,Business Process Improvement,PowerPoint,Training,Public Speaking",,,,,35,1962,vp,Finance,xp,,,,,
24978960,Matt Diffley,Matt,Diffley,Verified emails found,2025-10-15 09:49:36.292087,m_diffley@hotmail.com,matt.diffley@seacoastbank.com,m_diffley@hotmail.com,m_diffley@hotmail.com,matt.diffley@seacoastbank.com,mdiffley@seacoastbank.com,6149400769,,"3307827995
2122707325",,https://www.linkedin.com/in/matt-diffley-4870355,https://facebook.com/matt.diffley,,,,,,"Senior Vice President, Controller",Seacoast Bank,"815 Colorado Avenue, Stuart, Florida 34994, US",seacoastbank.com,http://www.seacoastbank.com,https://www.linkedin.com/company/seacoastbank,"Stuart, FL, US",Stuart,,FL ,US,Seacoast Bank,"Senior Vice President, Controller",2020-06-01,Present,Seacoast Bank,"Vice President, Director of Financial Reporting",2017-12-01,2020-06-01,JPMorgan Chase & Co.,"Vice President of External Reporting, Consumer and Community Bank",2014-06-01,2017-11-01,JPMorgan Chase & Co.,"Vice President, Controller - Chase Wealth Management",2012-10-01,2014-05-01,JP Morgan Chase,"Senior Associate, Corporate Controller Group",2010-07-01,2012-10-01,The Ohio State University Fisher College of Business,Masters,,,Miami University,B.A,,,"SAP GL,Hyperion Essbase,Ariba Purchase Order system,Beeline Contractor System,Merit general ledger,Advanced Excel,Advanced Word,Strong interpersonal skills,P/L Analysis,Contract Review,Accounting guideline application,SOX Control Testing,Financial Statement Preparation,Financial Statements,Auditing,Sarbanes-Oxley Act,Business Process Improvement,GAAP,Internal Controls,Financial Analysis,US GAAP,CPA,Financial Reporting,General Ledger,External Audit,Managerial Finance,Tax,Account Reconciliation,Forecasting,Finance,Tax Preparation,Corporate Tax,Insurance,SAP,P,Financial Statement Analysis,Essbase,SEC Financial Reporting,Regulatory Submissions,Microsoft Office,Sarbanes Oxley Act,Pharmaceutical Industry,Strategic Planning",,,"Eco-Entrepreneurs Unite, Loui Byrdziak's - Work Anywhere!, Software & Technology (#1 in Jobs, HR, Managers, Cloud, Mobile, Voice, CRM & Big Data), Ohio Association of Independent Title Agents, General Title Insurance Company, Non-Profit and Charity Network, Insurance Risk & Finance Professionals, Insurance Board of Northern Ohio, Portfolio, Programme & Project Management Practitioners - APM, PM, PMI, PMP, MSP, JP Morgan Chase, Thistle Class Association, Bexley, Ohio, KPMG US Alumni Group, Jobs in Barbados",,21,1976,vp,Finance,xp,,,,,
3577076,Chris Androski,Chris,Androski,Verified emails found,2025-10-15 09:49:36.551219,androski7@yahoo.com,candroski@wyndham.com,androski7@yahoo.com,androski7@yahoo.com,"candroski@wyndham.com,chrisandroski@wyndham.com,chris.androski@wyn.com","chrisandroski@wyn.com,chrisa@wyn.com,chris@wyn.com,androskic@wyn.com,androski@wyn.com,candroski@wyn.com",2014892909,,"2013373295
2125358097
2013375404",,https://www.linkedin.com/in/chris-androski-7223036,,,,,,,"Senior Vice President, Controller",Wyndham Hotel Group,"New Jersey, US",wyndhamhotels.com,https://www.wyndhamhotels.com,https://www.linkedin.com/company/ramada-by-wyndham,"Oakland, NJ, US",Oakland,07436,NJ ,US,Wyndham Hotel Group,"Senior Vice President, Controller",2013-05-01,Present,Wyndham Hotel Group,"Vice President, Assistant Controller",2008-03-01,2013-04-01,Travelport,"Senior Director, Controller - Galileo",2006-09-01,2008-02-01,Cendant,"Director, Corporate Audit",2001-01-01,2005-01-01,Arthur Andersen,Auditor,1995-01-01,2000-01-01,University of Notre Dame,,,,,,,,"Managerial Finance,Financial Analysis,SEC filings,Sarbanes-Oxley Act,Internal Controls,Financial Reporting,Accounting,Budgets,Auditing,Sarbanes-Oxley,Project Management,Finance,Financial Modeling,US GAAP,GAAP,Microsoft Excel,Sarbanes Oxley,Sarbanes Oxley Act,Strategic Planning,Marketing,Research,Financial Accounting",,,"Andersen Alumni Association, ND Student Managers - Class of 1995, Wyndham Hotel Group, New York State Society of CPAs",,27,1949,vp,Finance,xp,,,,,
28281582,Mikalyn Kluth,Mikalyn,Kluth,Verified emails found,2025-10-15 09:49:36.743212,mikalynkluth@centura.org,mikalynkluth@centura.org,,,mikalynkluth@centura.org,,7143171350,,,,https://www.linkedin.com/in/mikalyn-kluth-10327b94,,,,,,,Vice President Accounting,Centura Health,"9100 E Mineral Circle, Centennial, Colorado 80112, US",centura.org,http://www.centura.org,https://www.linkedin.com/company/centura-health,"Littleton, CO, US",Littleton,,CO ,US,Centura Health,Vice President Accounting,2020-10-01,Present,CHOC Children's,Controller,2018-06-01,2020-10-01,Catholic Health Initiatives,"Director, National Accounting",2015-12-01,2018-05-01,Catholic Health Initiatives,"Manager, Grant and Foundation Accounting",2012-04-01,2015-12-01,Catholic Health Initiatives,"Manager, Internal Controls",2011-05-01,2012-04-01,"University of California, Berkeley",Bachelor's Degree,,,California State University-San Bernardino - College of Business and Public Administration,Master of Business Administration (M.B.A.),,,"OMB Circular A-133,Lawson General Ledger,Financial Reporting,Grant Administration,Accounting,PeopleSoft,Microsoft Excel,External Audit,Internal Audit,Finance Transformation,FAR,Government Contracting,Compliance,SOX 404,Federal Grant Management,Yellow Book,Foundation Accounting,GAAP,Leadership,Sales,Omb Circular A 133,Strategic Planning,Editing,Budgets,Management",,,,,20,1982,vp,Finance,xp,,,,,
15777133,Barry Williams,Barry,Williams,Verified emails found,2025-10-15 09:49:36.919143,barry.williams201@yahoo.com,,barry.williams201@yahoo.com,"barry.williams201@yahoo.com,shannonandbarry@yahoo.com",,,7247998419,7245063177,"7245063177
4122203544",,https://www.linkedin.com/in/barrywilliams201,http://www.facebook.com/garrycwilliams,http://twitter.com/garrycwilliams,,,,,Vice President and Controller,Westinghouse Electric Company,"1000 Westinghouse Drive, Cranberry Township, Pennsylvania 16066, US",westinghousenuclear.com,http://www.westinghousenuclear.com,https://www.linkedin.com/company/westinghouse-electric-company,"Pittsburgh, PA, US",Pittsburgh,15221,PA ,US,Westinghouse Electric Company,Vice President and Controller,2023-06-01,Present,Westinghouse Electric Company,BU CFO,2018-07-01,2023-06-01,Westinghouse Electric Company,"Group Controller, New Projects Business",2018-07-01,2018-07-01,DDI | Development Dimensions International,"Treasurer and Director, Finance",2013-03-01,2018-07-01,Westinghouse Electric Company,"Manager, Pricing and Proposal Development",2009-07-01,2013-03-01,University of Pittsburgh - Joseph M. Katz Graduate School of Business,MASTER OF BUSINESS ADMINISTRATION (MBA),,,University College Dublin,DIPLOMA;,,,"Mergers,Start-ups,Real Options,Pricing,Internal Controls,Project Management,Mergers & Acquisitions,Accounting,Nuclear,Project Planning,Strategy,Process Improvement,Finance,Energy,Strategic Planning,Six Sigma,Financial Analysis,Management,Business Process Improvement,Analysis,Leadership,Planning,Financial Planning,Start Ups,Solutions,Microsoft Word,Analytical Skill,Customer Service,Reporting,Mergers and Acquisitions,Marketing,Business Analysis",,,"Nuclear Power - the next generation, Westinghouse Electric Corporation Alumni, Charlotte Recruiters, Certified Corporate FP&A Professionals, PwC Ireland Alumni",,34,1968,vp,Finance,xp,,,,,
5625204,Jim Kobori,Jim,Kobori,Verified emails found,2025-10-15 09:49:37.091157,jimkobori@yahoo.com,jkobori@coopervision.com,jimkobori@yahoo.com,jimkobori@yahoo.com,jkobori@coopervision.com,,4087490650,,"4082190863
9254603674",,https://www.linkedin.com/in/jim-kobori-b360186,http://www.facebook.com/people/_/675414202,,,,,,Vice President and Controller,CooperVision,"6101 Bollinger Canyon Rd # 500, San Ramon, California 94583, US",coopervision.com,http://www.coopervision.com,https://www.linkedin.com/company/coopervision,"Sunnyvale, CA, US",Sunnyvale,,CA ,US,CooperVision,Vice President and Controller,2009-01-01,Present,SGI,Vice President of Finance,1995-01-01,2009-01-01,Electronic Arts,International Accounting Manager,1993-01-01,1995-01-01,Raychem,Accounting Manager,1989-01-01,1993-01-01,KPMG Peat Marwick,Supervising Senior Auditor,1986-01-01,1989-01-01,"University of California, Berkeley",B.S.,,,,,,,"Forecasting,Cross-functional Team Leadership,Sarbanes-Oxley Act,Management,Process Improvement,Strategy,Financial Analysis,Sarbanes-Oxley,Analysis,Finance,Leadership,Executive Management,Strategic Planning,Revenue Recognition,Budgets,Financial Reporting,Business Analysis,Start-ups,Business Strategy,Contract Negotiation,Internal Controls,Strategic Financial Planning,Employee Benefits,US GAAP,Business Intelligence,Change Management,Manufacturing,Hyperion Enterprise,Marketing,Financial Audits,Human Resources,Continuous Improvement,Team Building,Business Process Improvement,Accounting,Time Management,Sales,Sales Management,Mergers,Acquisition Integration,Pricing,P&L Management,ERP,Leadership Development,Financial Modeling,Auditing,Business Planning,Risk Management,Start Ups,Sarbanes Oxley,Cross Functional Team Leadership,Sarbanes Oxley Act,Budgeting,Mergers and Acquisitions",,,"Cal Alumni Association | UC Berkeley, CooperVision Alumni, SGI Ex-Employees",,39,1964,vp,Finance,xp,,,,,
51390670,Derek VanDunse,Derek,VanDunse,Verified emails found,2025-10-15 09:49:37.281447,derek.vandunse@gmail.com,derek.vandunse@betterhealthgroup.com,derek.vandunse@gmail.com,"derek.vandunse@gmail.com,umrebs1790@aol.com",derek.vandunse@betterhealthgroup.com,,6623420941,,9014283775,,https://www.linkedin.com/in/derek-vandunse-cpa-b26b9646,https://facebook.com/derek.vandunse,,,,,,"Vice President, Controller",Better Health Group,"601 S Harbour Island Blvd, Tampa, Florida 33602, US",betterhealthgroup.com,https://www.betterhealthgroup.com/,https://www.linkedin.com/company/better-health-group-services,"Nashville, TN, US",Nashville,,TN ,US,Better Health Group,"Vice President, Controller",2023-05-01,Present,Acadia Healthcare,Director Of Financial Reporting,2021-05-01,2023-05-01,"BDO USA, LLP",Assurance Senior Manager,2020-11-01,2021-05-01,"BDO USA, LLP",Assurance Manager,2017-08-01,2020-10-01,"BDO USA, LLP",Assurance Senior Associate,2015-08-01,2017-07-01,University of Mississippi,Bachelor,,,University of Mississippi Graduate School,Master of Accountancy,,,"Accounting,Leadership,GAAP,Financial Reporting,Microsoft Excel,Auditing,Financial Analysis,SEC Filings,Teamwork,Strategic Financial Planning,Budgets,Outlook,Financial Audits,Audits of Employee Benefit Plans,SAP,US GAAP,Financial Planning,External Audit,Finance,Financial Accounting,SEC Financial Reporting,Internal Controls,Microsoft Office,Cash Flow,Data Analytics,Healthcare Industry,Training,Public Speaking",,,,,12,1990,vp,Finance,xp,,,,,
33604692,Kandice Lambert,Kandice,Lambert,Verified emails found,2025-10-15 09:49:37.460029,kandice@lucidchart.com,kandice@lucidchart.com,kandice_lambert@yahoo.com,"kandice@lucidchart.com,kandice_lambert@yahoo.com,kandilambert2002@yahoo.com",,,801-647-7395,801-647-7395,"8016523811
8012776892
8012738469
8012740518
8016769093
8016018835
801-254-8555",,https://www.linkedin.com/in/kandice-lambert-cpa-52020013,https://facebook.com/kandice.lambert1,,,,,,Vice President of Accounting,Lucid,"10355 South Jordan Gateway Suite 150, South Jordan, Utah 84095, US",lucid.co,https://lucid.co,https://www.linkedin.com/company/lucidsoftware,"Salt Lake City, UT, US",Salt Lake City,,UT ,US,Lucid,Vice President of Accounting,2021-03-01,Present,Lucid,"Corporate Controller, Senior Director",2017-05-01,Present,MaritzCX,Global Accounting Manager,2016-09-01,2017-04-01,"AvidXchange, Inc.",Director of Accounting,2014-11-01,2016-08-01,Piracle - now an AvidXchange company,Controller - became Director of Accounting upon AvidXchange Acquisition,2012-05-01,2014-11-01,University of Utah - David Eccles School of Business,Master's degree,,,University of Utah - David Eccles School of Business,Bachelor's degree,,,"Accounting,Financial Accounting,Cash Flow,Accounts Payable,Payroll,Auditing,Accounts Receivable,Financial Statements,Tax,CPA,Budgets,Corporate Tax,GAAP,Payroll Taxes,Internal Controls,Financial Reporting,System Administration,Tax Accounting,Revenue Recognition,US GAAP,Cost Accounting,QuickBooks,Fixed Assets,Cash Management,Tax Returns,Financial Audits,Income Tax,Tax Preparation,Bookkeeping,Finance,External Audit,Consolidation,Accruals,Sarbanes-Oxley Act,General Ledger,Sarbanes-Oxley,Journal Entries,Assurance,Bank Reconciliation,Account Reconciliation,Variance Analysis,Sarbanes Oxley,Microsoft Office,Customer Service,Sarbanes Oxley Act,Business Development,Billing,Leadership,Training,Sales Tax,Marketing,Financial Analysis",,,,,21,1982,vp,Finance,xp,,,,,
6330690,Krista Kauffman,Krista,Kauffman,Verified emails found,2025-10-15 09:49:37.653572,krista.kauffman@cableone.biz,krista.kauffman@cableone.biz,krista_kauffman@yahoo.com,"krista.kauffman@cableone.biz,krista_kauffman@yahoo.com,krista_kauffman@att.net",,,3177579767,3177579767,4809052091,,https://www.linkedin.com/in/krista-boslooper-kauffman-1293033,https://facebook.com/krista.b.kauffman,,,,,,Vice President and Controller,Cable ONE,"210 E. Earll Drive, Phoenix, Arizona 85012, US",sparklight.com,http://www.cableone.biz,https://www.linkedin.com/company/cable-one,"Scottsdale, AZ, US",Scottsdale,,AZ ,US,Cable ONE,Vice President and Controller,2017-07-01,Present,IO,Independent Consultant,2016-11-01,2017-06-01,TASER International,Corporate Controller,2015-10-01,2016-11-01,"Stanley Black & Decker, Inc.",Global Shared Services Business Manager,2013-06-01,2015-06-01,"Stanley Black & Decker , Inc.",R2R Business Performance and Process Improvement,2012-02-01,2013-06-01,Butler University - College of Business Administration,,,,Butler University,Bachelor of Science,,,"Microsoft Word,Change Management,Process Improvement,Financial Reporting,Internal Controls,SEC Financial Reporting,Auditing,Financial Accounting,Management,Leadership,u.s. Generally Accepted Accounting Principles Gaap,Sales,Accounting,Internal Audit,PowerPoint,CPA,Financial Analysis,Shared Services,Marketing,Business Process Improvement,US GAAP,Sarbanes Oxley Act,u.s. Generally Accepted Accounting Principles",,,,,29,1972,vp,Finance,xp,,,,,
122033318,Matthew Rathgeber,Matthew,Rathgeber,Verified emails found,2025-10-15 09:49:37.843620,lrathgeber@gmail.com,matthew.rathgeber@uberfreight.com,lrathgeber@gmail.com,"lrathgeber@gmail.com,matt.822@hotmail.com",matthew.rathgeber@uberfreight.com,mrathgeber@uberfreight.com,2817395715,2817395715,"5732011719
4793676622
2816708266
5734264245
6368853387
5738853387
4797950830
5734264295
2818377411",,https://www.linkedin.com/in/matt-rathgeber,https://facebook.com/m.rathgeber82,,,,,,Vice President Finance Administration,Uber Freight,"433 W Van Buren St, Chicago, Illinois 60607, US",uberfreight.com,https://www.uberfreight.com/,https://www.linkedin.com/company/uber-freight,"Bentonville, AR, US",Bentonville,,AR ,US,Uber Freight,Vice President Finance Administration,2021-09-01,Present,Transplace,Senior Director Finance – Finance Operations Center Lead,2021-08-01,2022-10-01,Transplace,Director Finance – Finance Operations Center Lead,2020-09-01,2021-08-01,Scientific Games,Senior Director – Finance Solutions Delivery,2020-03-01,2020-09-01,SG Digital (Division of Scientific Games Corporation),Director Global Technology and Process Improvement,2019-09-01,2020-03-01,Grand Canyon University,,,,American Public University System,,,,"Financial Services,UiPath,Microsoft Excel,Strategic Planning,Robotic Process Automation (RPA),Supply Chain Management,Logistics,Forecasting,Budgeting,Inventory Management,Operations Management,Budgets,Inventory Control,Change Management,Warehousing,Supply Chain,Transportation,Administration,Customer Relations,Shipping,Account Management,Scheduling,Forklift Operator,3PL,Data Analysis,Planning,Manufacturing,Robotics,Business Process Outsourcing (BPO),Automation,Business Process Improvement,Corporate Finance,Microsoft Office,PowerPoint,Warehouse Management,Excel,Word,Access,Windows,Blockchain,Team Building,Customer Service,Coaching,Problem Solving,Supervisory Skills,Management,Process Improvement,Receiving",,,,,23,1982,vp,Finance,xp,,,,,
14987280,Matt Kennedy,Matt,Kennedy,Verified emails found,2025-10-15 09:49:38.044158,matt_kennedy@hexion.com,matt_kennedy@hexion.com,,"matt_kennedy@hexion.com,matt.kennedy@hexion.com",,,614-507-4229,614-507-4229,"614-451-3234
614-225-4000
614-225-4127
614-225-2042",,https://www.linkedin.com/in/matt-kennedy-5672b37,http://www.facebook.com/people/_/100002662694241,,,,,,Vice President and Controller,Hexion Inc.,"180 E. Broad Street, Columbus, Ohio 43215, US",hexion.com,http://www.hexion.com,https://www.linkedin.com/company/hexion-inc,"Columbus, OH, US",Columbus,,OH ,US,Hexion Inc.,Vice President and Controller,2022-05-01,Present,,,,,,,,,,,,,,,,,Miami University,BS,,,,,,,"US GAAP,Financial Reporting,Sarbanes-Oxley Act,Mergers & Acquisitions,Process Improvement,SEC filings,Internal Controls,Auditing,Financial Analysis,Sarbanes-Oxley,Consolidation,Variance Analysis,SAP,Accounting,Cost Accounting,Forecasting,Sarbanes Oxley,Training,Industrial Automation,Sarbanes Oxley Act,Management,General Ledger,Research,Mergers and Acquisitions,Analysis,Financial Audits,Automation,Finance,Forest Products",,,"Big 4 Alum & EE's CPA, MBA Pricewaterhouse, Deloitte Touche,Ernst EY, KPMG - Goal 10,000 Users eom, PricewaterhouseCoopers (PwC) employees and alumni - unofficial group",,3,1972,vp,Finance,xp,,,,,
13485055,Greg Julich,Greg,Julich,Verified emails found,2025-10-15 09:49:38.391662,gregjulich@prudential.com,gregjulich@prudential.com,gjulich@gmail.com,"gregjulich@prudential.com,gjulich@gmail.com,greg.julich@prudential.com",,,9082569185,9082569185,"9733774753
9737161286
8622239125",,https://www.linkedin.com/in/greg-julich-17648037,https://facebook.com/gjulich,,,,,,"Vice President, Accounting",Prudential Financial,"Broad St, Newark, New Jersey 07102, US",prudential.com,http://www.prudential.com,https://www.linkedin.com/company/prudential-financial,"Newark, NJ, US",Newark,,NJ ,US,Prudential Financial,"Vice President, Accounting",1987-06-01,Present,,,,,,,,,,,,,,,,,Muhlenberg College,Bachelor of Science (B.S.),,,,,,,"Marketing,Leadership,Business Strategy,Microsoft Office,Accounting,Financial Services,Management,Business Development,Strategy",,,,,38,1965,vp,Finance,xp,,,,,
56322949,Andy Caputo,Andy,Caputo,Verified emails found,2025-10-15 09:49:38.562211,ajcaputo1@yahoo.com,,ajcaputo1@yahoo.com,ajcaputo1@yahoo.com,,,601-327-9750,601-327-9750,"7705995704
912-638-4017
5672256985
4198439804
708-387-0643
720-890-6062",,https://www.linkedin.com/in/andycaputo,https://facebook.com/ajcaputo1,https://twitter.com/ajcaputo1,,,,,Vice President of Accounting,GPRS,,gsmcontrolsystem.com,http://www.gsmcontrolsystem.com,https://www.linkedin.com/company/cwt-hk-co-limited,"Toledo, Ohio, United States",Toledo,,OH ,US,GPRS,Vice President of Accounting,2024-08-01,Present,GPRS,Chief Financial Officer,2015-03-01,2024-08-01,Owens Corning,Plant Finance and Sourcing Leader,2012-07-01,2015-03-01,Owens Corning,Commercial Finance Lead - Asphalt,2011-06-01,2012-06-01,Owens Corning,FP and A Business Analyst - Roofing and Asphalt Division,2010-09-01,2012-06-01,University of Mississippi,Bachelors,,,University Of Michigan - Flint,,,,"Financial Reporting,Accounting,Internal Controls,Forecasting,SAP,Financial Analysis,Budgets,Variance Analysis,Cost Accounting,Finance,Process Improvement,Auditing,Management,Sarbanes-Oxley Act,Manufacturing,Financial Audits,Leadership,Internal Audit,Analysis,Financial Forecasting,Sarbanes-Oxley,Budgeting,SAP Products,Business Process Improvement,Sourcing,Business Development,HR,Negotiation,Sarbanes Oxley,Sarbanes Oxley Act",,,,,25,1975,vp,Finance,xp,,,,,
107948152,Derek Briese,Derek,Briese,Verified emails found,2025-10-15 09:49:38.743880,derek.briese@eosfitness.com,derek.briese@eosfitness.com,derekbriese@gmail.com,"derek.briese@eosfitness.com,derekbriese@gmail.com,derek.briese@gmail.com",,,6236806602,,,,https://www.linkedin.com/in/derek-briese,http://www.facebook.com/derek.briese,,,,,,Vice President of Accounting,EOS Fitness,"1 E Washington St 250, Phoenix, Arizona 85004, US",eosfitness.com,http://www.eosfitness.com,https://www.linkedin.com/company/localsgaming-com,"Phoenix, AZ, US",Phoenix,,AZ ,US,EOS Fitness,Vice President of Accounting,2023-08-01,Present,PwC,Trust Solutions Director,2022-07-01,2023-08-01,PwC UK,Audit Senior Manager,2019-07-01,2022-07-01,PwC,Assurance Senior Manager,2011-01-01,2019-06-01,,,,,University of Arizona - Eller College of Management,Masters,,,University of Arizona - Eller College of Management,BSBA,,,"US GAAP,Accounting,SEC filings,CPA,Auditing,Internal Controls,GAAP,Financial Reporting,Management,Financial Accounting,Sarbanes-Oxley Act,Financial Statements,External Audit,Assurance,Revenue Recognition",,,,,14,1988,vp,Finance,xp,,,,,
17417030,Kevin Necas,Kevin,Necas,Verified emails found,2025-10-15 09:49:38.912217,kevinnecas@gmail.com,knecas@camdenliving.com,kevinnecas@gmail.com,"kevinnecas@gmail.com,kevin.necas@gmail.com",knecas@camdenliving.com,,7134102955,7134102955,"5739997113
7138388696
5738740450
5738388696
7083839550",,https://www.linkedin.com/in/kevin-necas-67b32343,https://facebook.com/kevin.necas,,,,,,Vice President of Accounting,Camden Property Trust,"11 Greenway Plaza Suite 2400, Houston, Texas 77030, US",camdenliving.com,http://www.camdenliving.com,https://www.linkedin.com/company/camden-property-trust,"Houston, TX, US",Houston,77030,TX ,US,Camden Property Trust,Vice President of Accounting,2024-08-01,Present,Camden Property Trust,Director of Accounting,2023-08-01,2024-07-01,CenterPoint Energy,Assistant Controller,2022-11-01,2023-07-01,Phillips 66,"Director, Crude Accounting",2021-03-01,2022-11-01,Phillips 66,"Senior Advisor, External Reporting, Controllers",2018-02-01,2021-02-01,Tulane University - A.B. Freeman School of Business,Master’s Degree,,,Tulane University - A.B. Freeman School of Business,Bachelor’s Degree,,,"CPA,SEC Financial Reporting,US GAAP,Financial Accounting,Financial Analysis,SOX 404,Internal Controls,Project Management,Team Management,Accounting Applications,External Audit,Financial Audits,Auditing,Internal Control Implementation,COSO Framework,Member of AICPA,PCAOB standards,International Project Management,Microsoft Office,Microsoft Excel,Accounting,Mathematics,Writing,Marketing Management,SAP PS,International,SAP,Ethics,Not for Profit,C,Insurance,Calculus,Computing,Tax,Managerial Finance,Sociology,Legal Writing,Classics,Pers,Commercial Litigation,Investments,Property Law,Popular,Finance,Music,Descriptive,Span,Operations,Credit,Policy,Theory,Organizational Structure,SEM,Culture,Management,Diversity Management,Risk,SAP FI,Spanish,Statistics,Financial Markets,Macroeconomics,Microeconomics",,,,,17,1947,vp,Finance,xp,,,,,
23054708,Erica Mainardi,Erica,Mainardi,Verified emails found,2025-10-15 09:49:39.109689,ericamainardi1@gmail.com,emainardi@tollbrothers.com,ericamainardi1@gmail.com,"ericamainardi1@gmail.com,kmgrits81@hotmail.com",emainardi@tollbrothers.com,,484-695-1321,484-695-1321,"215-508-5906
610-278-6879",,https://www.linkedin.com/in/erica-mainardi-a1210914,https://facebook.com/erica.gritzmainardi,http://www.twitter.com/kmgrits81,,,,,"Vice President, Corporate Accounting",Toll Brothers,"1140 Virginia Drive, Fort Washington, Pennsylvania 19034, US",tollcareercenter.com,,https://www.linkedin.com/company/toll-brothers,"Blue Bell, PA, US",Blue Bell,,PA ,US,Toll Brothers,"Vice President, Corporate Accounting",2024-04-01,Present,Toll Brothers,"Vice President, FP and A",2020-06-01,2024-04-01,DuPont,Global Business Controller and Accounting Policy Leader,2018-08-01,2020-06-01,BrightView Landscapes,"Senior Director, Technical Accounting and Financial Reporting",2016-10-01,2018-08-01,DuPont,Accounting Policy Senior Consultant,2014-09-01,2016-10-01,Saint Joseph's University - Erivan K. Haub School of Business,Bachelors,,,Bethlehem Catholic High School,,,,"Research,Customer Service,Policy,Microsoft Office,Auditing,Account Reconciliation,Legislation,IND,Consolidation",,,Pennsylvania Institute of Certified Public Accountants (PICPA),,22,1981,vp,Finance,xp,,,,,
3996161,Denise Martin,Denise,Martin,Verified emails found,2025-10-15 09:49:39.316051,denise.martin@foth.com,denise.martin@foth.com,denisemartin@gmail.com,denise.martin@foth.com,denisemartin@gmail.com,,9202958195,9206194087,"9206194087
9204966753
9203607208",,https://www.linkedin.com/in/denise-martin-055ba1a,https://facebook.com/denise.martin.7503314,,,,,,Vice President Accounting,The Foth Companies,"2121 Innovation Court, De Pere, Wisconsin 54115, US",foth.com,http://www.foth.com,https://www.linkedin.com/company/fothcompanies,"Green Bay, WI, US",Green Bay,,WI ,US,The Foth Companies,Vice President Accounting,2023-06-01,Present,Nature's Way,Vice President of Accounting,2021-12-01,2023-06-01,Schwabe North America - Nature's Way Brands,Corporate Controller,2009-01-01,2021-12-01,Nature's Way,Assistant Controller,2002-12-01,2009-01-01,PDQ Manufacturing,Accountant,1997-10-01,2002-12-01,St. Norbert College,BBA,,,St. John Fisher University,,,,"Team Leadership,Accounting and Finance,Budgets,Forecasting,Accounting,Microsoft Excel,Financial Analysis,Process Improvement,Strategic Planning,Management,Accounts Payable",,,"William E. Dargan Fellowship of St. Norbert College, Greater Green Bay Chamber",,31,1972,vp,Finance,xp,,,,,
4567312,Paul Kane,Paul,Kane,Verified emails found,2025-10-15 09:49:39.483275,pkane@pamhealth.com,pkane@pamhealth.com,,,"pkane@pamhealth.com,p.kane@pamhealth.com",paul.kane@pamhealth.com,4844322229,4844322229,"484-557-0924
610-504-9222
484-840-0217
484-840-0216
702-735-2200
702-735-4876
574-234-5088
574-236-6633
212-744-4486
212-744-0163
610-325-2161
610-524-7282
610-325-2163
610-524-7272
610-554-3832",,https://www.linkedin.com/in/paulkanecfo,,,,,,,Vice President of Accounting,PAM Health,"1828 Good Hope Road Suite 102, Enola, Pennsylvania 17025, US",pamhealth.com,http://www.pamhealth.com,https://www.linkedin.com/company/pamhealthcorporate,"Newtown Square, PA, US",Newtown Square,19073,PA ,US,PAM Health,Vice President of Accounting,2023-03-01,Present,X-Biomedical Inc.,Acting Chief Financial Officer (Consultant),2022-10-01,Present,Lumbermens Merchandising Corporation,SVP Finance and Technology,2021-09-01,2022-09-01,"Omega Flex, Inc.",Chief Financial Officer,2005-01-01,2021-09-01,,,,,West Chester University of Pennsylvania,,,,,,,,"Internal Controls,Financial Reporting,Accounting,Financial Analysis,Process Improvement,Finance,General Ledger,Strategic Planning,Auditing,Financial Accounting,Forecasting,Contract Negotiation,Sarbanes-Oxley Act,Management,Budgets,Fundraising,Team Building,Executive Leadership and Supervision,Profitability and Cost Analysis,Accounting and Financial Operations,External and Internal Financial Reporting,Board Relations,Financial Modeling,Procedure Creation and Implementation,Staff Training and Development,Budget Development and Management,Treasury Functions,Cash Flow Management,Capital Budgeting,Operations,Information Systems,Public Speaking,Microsoft Office,Program Management,Training,Sarbanes Oxley Act,Budgeting",,,"Greater Valley Forge Human Resource Association, Chief Financial Officer (CFO) Network - The #1 Group for CFOs, Randstad Finance & Accounting",,20,1967,vp,Finance,xp,,,,,
730278649,Terri Anderson,Terri,Anderson,Verified emails found,2025-10-15 09:49:39.660276,andersonterri@ymail.com,,andersonterri@ymail.com,,andersonterri@ymail.com,,,,,,https://www.linkedin.com/in/terri-anderson-cpa-24274b297,,,,,,,Vice President Controller,Interstate Batteries,"12770 Merit Drive # 1000, Dallas, Texas 75251, US",interstatebatteries.com,https://www.interstatebatteries.com,https://www.linkedin.com/company/interstate-batteries,"Dallas, TX, US",Dallas,,TX ,US,Interstate Batteries,Vice President Controller,2023-10-01,Present,Keurig Dr Pepper Inc.,"Vice President, Assistant Controller",2009-01-01,2023-10-01,Keurig Dr Pepper Inc.,Vice President Financial Systems Strategy,2008-01-01,2008-12-01,Keurig Dr Pepper Inc.,Vice President Controller- DSD Business Unit,2007-01-01,2007-12-01,Keurig Dr Pepper Inc.,Director of Reporting and Compliance,2004-01-01,2006-12-01,Oklahoma State University,,,,,,,,,,,,,33,,vp,Finance,xp,,,,,
2394855,Sara Curran,Sara,Curran,Verified emails found,2025-10-15 09:49:39.823527,saramiller115@yahoo.com,,saramiller115@yahoo.com,"saramiller115@yahoo.com,sara.miller@gmail.com,sarahdee088@gmail.com,umbertoperez1999@gmail.com","sara.curran@aol.com,sara.miller@mail.com,dhoggs@comcast.net",sarac@dodgers.com,909-754-3656,909-754-3656,"3038852925
5704705072
248-931-2966
815-690-2529
903-276-4849
323-224-1371
323-224-2617
909-797-0762
909-789-0729
828-963-8697
740-775-3538
616-616-6151
828-387-4689
515-331-0621
951-780-4521
951-970-7189
636-578-5313
917-825-3322",,https://www.linkedin.com/in/sara-curran-773393a,http://www.facebook.com/sara.m.curran.7,,,,,,Vice President of Accounting,Los Angeles Dodgers,"1000 Vin Scully Ave, Los Angeles, California 90012, US",dodgers.com,http://www.dodgers.com,https://www.linkedin.com/company/los-angeles-dodgers,"Los Angeles, CA, US",Los Angeles,,CA ,US,Los Angeles Dodgers,Vice President of Accounting,2024-01-01,Present,Los Angeles Dodgers,Controller,2019-01-01,2023-12-01,Los Angeles Dodgers,Assistant Controller,2015-01-01,2018-12-01,Los Angeles Dodgers,Senior Accounting Manager,2013-06-01,2014-12-01,Los Angeles Dodgers,Accounting Manager,2003-03-01,2013-06-01,California State University-San Bernardino - College of Business and Public Administration,Finance,,,Riverside City College,,,,"Ticket Sales,Baseball,Sports Marketing,Sports,Sports Management,Microsoft Excel,Social Media,Public Relations,Event Management,Facebook,Archtics,PowerPoint,Social Networking,Fundraising,Sports Writing,Sponsorship Sales,Athletics,Accounting,Financial Statements,Marketing,Sponsorship Activation,Broadcast,Event Planning,Sponsorship,Advertising,Management,Auditing,Sales,Press Releases,Customer Service,Social Media Marketing,Digital Media,Time Management,Revenue Recognition,Microsoft Word,Account Management,Financial Analysis,Public Speaking,Blogging,Leadership,Budgets,Hospitality,Media Relations,Forecasting,Strategic Partnerships,QuickBooks,Inventory Management,Financial Reporting,Coaching,Strategic Planning,Project Management",,,,,22,1980,vp,Finance,xp,,,,,
6362276,James Sheehan,James,Sheehan,Verified emails found,2025-10-15 09:49:39.999353,jamessheehan@gmail.com,jnsheehan@hormel.com,jamessheehan@gmail.com,,"jamessheehan@gmail.com,jnsheehan@hormel.com",jsheehan@hormel.com,5072191445,5072191445,"507-433-1269
5072792181
5074375717",,https://www.linkedin.com/in/james-sheehan-43318539,,,,,,,Vice President and Controller,Hormel Foods,"1 Hormel Place, Austin, Minnesota 55912, US",hormelfoods.com,http://www.hormelfoods.com,https://www.linkedin.com/company/hormel-foods,"Austin, MN, US",Austin,55912,MN ,US,Hormel Foods,Vice President and Controller,,Present,,,,,,,,,,,,,,,,,Missouri Western State University,BS BA,,,Carlson School of Management,Minnesota Executive Program,,,"Internal Controls,Sarbanes-Oxley Act,GAAP,Forecasting,Sarbanes-Oxley,Financial Reporting,General Ledger,US GAAP,Accounting,Financial Statements,Accruals,Cost Accounting,Finance,Business Development,Sarbanes Oxley Act,Sarbanes Oxley,Team Building,Strategy,Business Strategy,Sales",,,,,,1955,vp,Finance,xp,,,,,
1140734,Bill Guc,Bill,Guc,Verified emails found,2025-10-15 09:49:40.199483,william.guc@wecenergygroup.com,william.guc@wecenergygroup.com,billguc@gmail.com,william.guc@wecenergygroup.com,billguc@gmail.com,,920-617-6223,248-444-2850,"248-444-2850
4142212345
249-780-5451
920-617-6040
920-617-6100
920-617-6019
9204332639
920-617-6140
920-977-8458
203-863-7700",,https://www.linkedin.com/in/bill-guc-46b11413,,,,,,,Vice President and Controller,WEC Energy Group,"231 W. Michigan Street, Milwaukee, Wisconsin 53212, US",wecenergygroup.com,https://www.wecenergygroup.com,https://www.linkedin.com/company/wec-energy-group,"Green Bay, WI, US",Green Bay,,WI ,US,WEC Energy Group,Vice President and Controller,2015-10-01,Present,WEC Energy Group,Vice President,2015-06-01,2015-10-01,Integrys Energy Services,Vice President and Controller,2005-02-01,2010-11-01,DTE Energy Trading,Manager of Accounting,2001-05-01,2005-02-01,MCN Energy,Accounting Manager,1995-11-01,2001-05-01,The University of Chicago,Advanced Management Program (AMP),,,Wayne State University,BS,,,"Derivatives,Accounting,Energy Markets,Sarbanes-Oxley Act,Financial Reporting,Financial Analysis,Natural Gas,Internal Controls,Risk Management,Financial Modeling,Process Improvement,Energy,Forecasting,Mergers & Acquisitions,Sarbanes-Oxley,Microsoft Office,Sarbanes Oxley,Research,Project Management,Microsoft Excel,Mergers and Acquisitions,Finance,Sarbanes Oxley Act",,,"Linked:Energy (Energy industry expertise), Energy Professionals, DTE Energy Alumni, Energy Marketing - Customer engagement, Retail electricity, Consumer power marketing",,25,1969,vp,Finance,xp,,,,,
1400015,Benjamin Otchere,Benjamin,Otchere,Verified emails found,2025-10-15 09:49:40.376327,benokyere@hotmail.com,botchere@aosmith.com,benokyere@hotmail.com,benokyere@hotmail.com,"botchere@aosmith.com,bokyere@aosmith.com",,4147318944,4147318944,,,https://www.linkedin.com/in/benjamin-otchere-4639416,https://facebook.com/benjamin.okyere.505,,,,,,Vice President and Controller,A. O. Smith Corporation,"11270 W. Park Place, Milwaukee, Wisconsin 53212, US",aosmith.com,https://www.aosmith.com,https://www.linkedin.com/company/a.-o.-smith-corporation,"Milwaukee, WI, US",Milwaukee,53212,WI ,US,A. O. Smith Corporation,Vice President and Controller,2021-12-01,Present,A. O. Smith Corporation,Vice President Finance and International Controller,2019-08-01,2021-11-01,A. O. Smith Corporation,Global Operations Controller,2014-08-01,2019-08-01,A.O. Smith,Director - Audit and Risk Management,2012-05-01,2015-01-01,Ernst & Young,Senior Manager,2007-08-01,2012-05-01,Ohio University,Master of Science,,,Ohio University,Master of Arts,,,"Managerial Finance,Assurance,Auditing,External Audit,Accounting,Sarbanes-Oxley Act,SEC filings,Internal Controls,Financial Reporting,Financial Accounting,GAAP,US GAAP,Sarbanes-Oxley,IFRS,Risk Management,Management,Financial Analysis,CPA,Internal Audit,Process Improvement,Financial Audits,Tax,Finance,Financial Statements,Forecasting,Big 4,Consolidation,U.S. Generally Accepted Accounting Principles (GAAP),Generally Accepted Accounting Principles (GAAP),U.S. SEC Filings,Sales,Sarbanes Oxley,Marketing,Sarbanes Oxley Act,U.S. Generally Accepted Accounting Principles Gaap,Generally Accepted Accounting Principles Gaap,Generally Accepted Accounting Principles,u.s. Generally Accepted Accounting Principles",,,,,23,1981,vp,Finance,xp,,,,,
6063390,Bill Velasco,Bill,Velasco,Verified emails found,2025-10-15 09:49:40.560926,velascog@gmail.com,bvelasco@flowserve.com,velascog@gmail.com,"velascog@gmail.com,velasco.guillermoa@gmail.com,guillermo_velasco@yahoo.com,guillermo_a_velasco@hotmail.com",bvelasco@flowserve.com,,214-789-1300,214-789-1300,"972-443-6500
1.8177130018
469-420-3235
+52 469 499 6792
972-308-6099",,https://www.linkedin.com/in/billvelasco,http://www.facebook.com/people/_/100001211850459,https://twitter.com/bill_velasco,,,,,Vice President of Accounting,Flowserve Corporation,"5215 N. O'Connor Blvd., Irving, Texas 75039, US",flowserve.com,http://www.flowserve.com,https://www.linkedin.com/company/flowserve,"Grapevine, TX, US",Grapevine,,TX ,US,Flowserve Corporation,Vice President of Accounting,2023-09-01,Present,Flowserve Corporation,Global Controller,2017-01-01,2023-09-01,Flowserve Corporation,Global Controller - Flow Solutions Group,2008-07-01,2016-12-01,Flowserve Corporation,Director of Global Consolidations,2006-07-01,2008-07-01,AT&T,CFO,2006-01-01,2006-07-01,University of Buenos Aires,,,,Roffey Park Institute,,,,"Strategy,Leadership,Hyperion,Finance,ERP,Income Statement,Strategic Financial Planning,Sarbanes Oxley,US GAAP,Manufacturing,Mergers and Acquisitions,Foreign Exchange Conversion,Structured Financing,Internal Controls,High Tech and Telecommunications Industries,Foreign Exchange Hedging and Exposure Management,Business Process Improvement,Sales,Operations,Financial Audits,Project Management,Budgets,Business Strategy,Budgeting,Financial Accounting,Analysis,International,Executive Management,Consolidation,Business Analysis,Forecasting,CPA,Strategic Planning,Business Planning,Financial Analysis,Managerial Finance,Accounting,Cross Functional Team Leadership,Hyperion Enterprise,GAAP,Revenue Recognition,Cycle,Pricing Solutions,Team Leadership,Budgeting and Planning,Financial Modeling,Variance Analysis,Heavy and Highly Engineered Specialized Manufacturing,Corporate Law,International Finance and Accounting,Planning,Cash Flow and Cash Cycle Management,Cash Flow,Cost Accounting,Sarbanes Oxley Act,Financial Reporting,Consumer Goods,Process Improvement,Contract Management Corporate and Government,u.s. Generally Accepted Accounting Principles Gaap,Management,Retail and Channel Sales,Telecommunications,Cash,Consulting,Internal Controls and Process Improvements,Corporate Finance,PowerPoint,u.s. Generally Accepted Accounting Principles",,,,,37,1954,vp,Finance,xp,,,,,
2327972,Steve Brooke,Steve,Brooke,Verified emails found,2025-10-15 09:49:40.750100,invitations@linkedin.com,invitations@linkedin.com,steve.brooke@yahoo.com,"invitations@linkedin.com,steve.brooke@yahoo.com,sbrooke@avantstay.com",sbrooke@e.linkedin.com,,2089496792,2089496792,"2088550803
2084611600
2083773326",,https://www.linkedin.com/in/stevenbrooke,http://www.facebook.com/steve.brooke.35,,,,,,Vice President of Accounting,Linkedin,"1000 W Maude Ave, Sunnyvale, California 94085, US",linkedin.com,https://www.linkedin.com,https://www.linkedin.com/company/linkedin,"South Jordan, UT, US",South Jordan,,UT ,US,Linkedin,Vice President of Accounting,,Present,Avantstay,Vice President of Accounting,2022-04-01,Present,Jolt | Task Management Software,Vice President of Accounting,2020-11-01,2022-04-01,Vacasa,Corporate Financial Controller,2018-01-01,2020-11-01,bodybuilding.com,Controller and Director of Accounting,2011-06-01,2018-01-01,Brigham Young University,Bachelor of Science,,,San Joaquin Delta College,,,,"Financial Reporting,Revenue Recognition,General Ledger,Business Strategy,GAAP,Management,Leadership,Account Reconciliation,QuickBooks,Accounting,Sarbanes-Oxley,SEC,Variance Analysis,Market,Accounting Issues,Cost,Fortune 500,Adjustments,Finance,SEC filings,Cascade,Tight Deadlines,Structure,SAN,Driving,Adoption,Monthly Close Process,Construction,Real Estate,SAP ERP,Yardi,Assessment,Disclosures,GL,Meridian,Impairment,Delta,Financial Statements,Assurance,Quarterly Reviews,Utah,Silicon,Auditing,Big 4,Valuation,Elimination,System,Timing,Engagements,Vps,Reports,FAS,Cultivate,Inventory,Hyperion,Consolidation,Surplus,Information Quality,Property,Testing,Training,Policy,Portuguese,Reporting,Commercial Real Estate,Land Development,Hardware,CPA,SAP,Store Operations,Yahoo,Retail,Applications,Micron,Advertising,Rapid Growth,Operations,Values,Microsoft Access,Sarbanes Oxley,Lockbox,Project Planning,Project,Sarbanes Oxley Act,San Jose,Standardization,Internal Audit,Kpmg,Portfolio,Private Companies,Brazil,Intercompany,Reviews,Materials,Software,Compliance,Annual Reports,Internal Controls,Financial Transactions,Semiconductors,Conceptual Modeling,Evaluation,Disposal,Financial Metrics,Databases",,,,,26,1972,vp,Finance,xp,,,,,
8651233,Diane Wear,Diane,Wear,Verified emails found,2025-10-15 09:49:40.939968,diane.wear@yahoo.com,,diane.wear@yahoo.com,diane.wear@yahoo.com,,,865-368-2297,865-368-2297,"865-984-4997
865-368-2314
865-632-2101
865-632-9222",,https://www.linkedin.com/in/diane-wear-819bb88,http://facebook.com/people/_/1442291947,,,,,,Vice President and Controller,Tennessee Valley Authority,"400 W Summit Hill Dr, Knoxville, Tennessee 37902-1499, US",tva.com,http://www.tva.com,https://www.linkedin.com/company/tva,"Maryville, TN, US",Maryville,,TN ,US,Tennessee Valley Authority,Vice President and Controller,2012-03-01,Present,Tennessee Valley Authority,Assistant Controller,2008-05-01,2012-02-01,PricewaterhouseCoopers LLP,"Managing Director, Assurance and Business Advisory Services",1992-12-01,2008-04-01,PwC,Managing Director,2000-01-01,2008-01-01,KPMG,Audit Associate,1990-01-01,1992-01-01,East Tennessee State University,BBA,,,,,,,"SEC filings,Sarbanes-Oxley Act,GAAP,Internal Controls,External Audit,Financial Reporting,Auditing,Internal Audit,Accounting,Capital Budgeting,Financial Analysis,Financial Modeling,Utilities,Sarbanes Oxley Act,Research,PowerPoint,Marketing,Education,Sales,Public Speaking,Strategic Planning",,,"PricewaterhouseCoopers (PwC) employees and alumni - unofficial group, Energy & Utilities Network, PricewaterhouseCoopers LLP (PwC US)",,34,1968,vp,Finance,xp,,,,,
29930005,Brad Gulick,Brad,Gulick,Verified emails found,2025-10-15 09:49:41.111291,thetruefunkyboss@hotmail.com,brad.gulick@parker.com,thetruefunkyboss@hotmail.com,thetruefunkyboss@hotmail.com,brad.gulick@parker.com,bgulick@parker.com,9892774067,,9896345466,,https://www.linkedin.com/in/brad-gulick-60a683101,https://facebook.com/brad.gulick.7,,,,,,Vice President Group Controller,Parker Hannifin,"6035 Parkland Blvd, Cleveland, Ohio 44124, US",parker.com,https://www.parker.com/us/en/about-parker.html,https://www.linkedin.com/company/parker-hannifin,"Cleveland, OH, US",Cleveland,,OH ,US,Parker Hannifin,Vice President Group Controller,2020-10-01,Present,Parker Hannifin,Division Controller OES Division,2018-08-01,2020-10-01,Parker Hannifin,Division Controller - Precision Fluidics Division,2014-12-01,2018-08-01,Parker Hannifin,Accounting Manager,2012-07-01,2014-11-01,Parker Hannifin,Plant Accountant,2010-03-01,2012-06-01,University of South Carolina,,,,Michigan State University,,,,"Leadership,Auditing,Variance Analysis,Lean Manufacturing,Accounting,Cost Accounting,Forecasting,Finance,Process Improvement,Strategic Planning,Microsoft Office,Microsoft Excel,Cross Functional Team Leadership,Internal Controls,Manufacturing,Financial Analysis,GAAP,Budgets,Sarbanes Oxley Act,Management,Financial Reporting,Fixed Assets,Accounts Payable,Continuous Improvement,Mergers and Acquisitions,Accounts Receivable,Industrial Engineering,CPA",,,,,17,1985,vp,Finance,xp,,,,,
35184628,Nate Carey,Nate,Carey,Verified emails found,2025-10-15 09:49:41.318498,ncarey@ball.com,ncarey@ball.com,natecarey@gmail.com,"ncarey@ball.com,natecarey@gmail.com,nate_carey@hotmail.com",,,281-635-6847,281-635-6847,"7133564058
973-898-3863
408-817-3700
512-477-1300
512-708-5507
408-817-5050
512-477-8681
719-647-2537
512-906-0275",,https://www.linkedin.com/in/nate-carey-664a5b2,,,,,,,Vice President and Controller,Ball Corporation,"9200 W 108th Circle, Westminster, Colorado 80021, US",ball.com,http://www.ball.com,https://www.linkedin.com/company/ball,"Denver, CO, US",Denver,80219,CO ,US,Ball Corporation,Vice President and Controller,2017-11-01,Present,Ball Corporation,Assistant Controller at Ball Corporation,2014-09-01,2017-11-01,A Precious Child,Board Member,2017-02-01,Present,PWC,Senior Manager,2012-07-01,2014-09-01,PWC,Senior Manager - National Office,2010-07-01,2012-06-01,Colorado State University - Pueblo,Bachelor of Science in Business Administration,,,,,,,"Certified Public Accountant - Texas, California,California,Certified Public Accountant,Certified Public,Texas",,,,,23,1978,vp,Finance,xp,,,,,
5345299,Mary Edrehi,Mary,Edrehi,Verified emails found,2025-10-15 09:49:41.601921,medrehi@tcco.com,medrehi@tcco.com,maryedrehi@gmail.com,medrehi@tcco.com,maryedrehi@gmail.com,,5166445139,5169332196,"5163150188
5169332196",,https://www.linkedin.com/in/mary-edrehi-7b944a45,,,,,,,Vice President Corporate Controller,Turner Construction Company,"375 Hudson Street, New York, New York 10014, US",turnerconstruction.com,http://www.turnerconstruction.com,https://www.linkedin.com/company/turner-construction-company,"New York, NY, US",New York,,NY ,US,Turner Construction Company,Vice President Corporate Controller,2023-01-01,Present,Turner Construction Company,Vice President Regional Controller,2015-01-01,2022-12-01,Turner Construction Company,Vice President and Regional Financial Manager,2014-10-01,2015-12-01,Turner Construction Company,Regional Financial Manager - New York,2013-01-01,2014-09-01,Turner Construction Company,Financial Manager,2005-02-01,2013-01-01,Adelphi University,GOAL Accelerated MBA,,,,,,,"Cost Management,Cost Control,Contract Management,Cost Accounting,Project Control,Financial Reporting,Cost Reporting,Job Costing,Cash Flow,Construction Management,Construction,Financial Analysis,Construction Accounting,Managerial Finance,Variance Analysis,Social Media,Strategic Planning,Sales Management,Cash Flow Forecasting,Java,Marketing,Budgets",,,"Construction Financial Management Association (CFMA), Adelphi University Alumni, Accountants in Construction, Construction Accounting",,29,1971,vp,Finance,xp,,,,,
11775785,Thea Sears,Thea,Sears,Verified emails found,2025-10-15 09:49:41.796257,thea.sears@davey.com,thea.sears@davey.com,ladybugspiker@aol.com,"thea.sears@davey.com,ladybugspiker@aol.com,theas@davey.com,tsears@biomedscienceacademy.org",,,330-346-0525,330-346-0525,"800-445-8733
330-673-9843
330-673-9444
330-673-9511
303-758-3581
303-761-3089",,https://www.linkedin.com/in/thea-sears-37846713,,,,,,,Vice President and Controller,The Davey Tree Expert Company,"1500 N Mantua St., P.O. Box 5193, Kent, Ohio 44240-5193, US",davey.com,http://www.davey.com,https://www.linkedin.com/company/the-davey-tree-expert-company,"Kent, OH, US",Kent,,OH ,US,The Davey Tree Expert Company,Vice President and Controller,2017-09-01,Present,The Davey Tree Expert Company,Controller,2016-09-01,2017-09-01,The Davey Tree Expert Company,Assistant Controller,2010-05-01,2016-09-01,The Davey Tree Expert Company,Manager of Financial Accounting,1993-05-01,2010-05-01,Bio-Med Science Academy STEM School,Board of Directors,2016-05-01,Present,The University of Akron,B.S.,,,,,,,"Financial Reporting,Sarbanes-Oxley Act,SEC Financial Reporting,Financial Accounting,Cost Accounting,Budgets,Internal Controls,Mergers & Acquisitions,General Ledger,Auditing,Accounts Payable,SEC filings,Account Reconciliation,Accounting,Budgeting,Financial Analysis,Customer Service,Management,Team Building,U.S. SEC Filings,Strategic Planning,Business Process Improvement,Business Strategy,Leadership,Sarbanes Oxley Act,Mergers and Acquisitions",,,,,32,1968,vp,Finance,xp,,,,,
18958953,Jared Wood,Jared,Wood,Verified emails found,2025-10-15 09:49:42.005753,jaredandsuz@gmail.com,jared.wood@nch.com,jaredandsuz@gmail.com,"jaredandsuz@gmail.com,jaredw@gmail.com,woodjared@yahoo.com,woodjared@msn.com,jaredw@att.net","jared.wood@nch.com,jaredg.wood@nch.com",,309-370-2896,309-370-2896,"706-241-4124
210-598-9943
801-280-2089
918-207-1391
561-499-2942
801-599-5263
216-235-0843
203-430-8542
757-572-6216
908-451-2417
812-431-1203
513-266-2255",,https://www.linkedin.com/in/jared-g-wood-mba-cpa-cia-b321157,http://www.facebook.com/jared.wood.714,https://twitter.com/JaredGWood,,,,,Vice President and Controller,NCH Corporation,"2727 Chemsearch Blvd, Irving, Texas 75062, US",nch.com,http://www.nch.com/,https://www.linkedin.com/company/nch,"Texas, United States",,,TX ,US,NCH Corporation,Vice President and Controller,2017-10-01,Present,Caterpillar Inc.,Senior Auditor,2010-08-01,2012-09-01,RxAmerica,Financial Analyst,2005-11-01,2008-03-01,Caterpillar Inc.,"Controller – Sales, Marketing, Service and Parts (Americas Region)",2016-01-01,2017-06-01,Caterpillar Inc.,Plant Controller,2012-10-01,2016-01-01,University of Utah,Master of Business Administration (MBA),,,Utah Valley University,Bachelor's degree,,,"Process Improvement,Management,Technical Accounting,Generally Accepted Accounting Principles (GAAP),External Audits,Cost Control,Big Four Accounting Firms,Spreadsheets,Cash Flow,Interpersonal Skills,Financial Planning,Accounts Receivable (AR),Pricing Strategy,General Ledgers,Financial Statements,Account Reconciliation,Mergers & Acquisitions (M&A),Forecasting,Analysis,Financial Reporting,Leadership,Compensation,Auditing,SAP,Financial Analysis,Internal Audit,Communication,Problem Solving,Teamwork,Financial Accounting,Oracle Applications,Microsoft Excel,Microsoft Office,Decision Analysis,Leadership Accountability,Supervisory Experience,CPA,Budgets,Sarbanes-Oxley Act,Six Sigma,Internal Controls,Variance Analysis,Accounting,Business Process Improvement,Strategic Planning,Finance,Financial & Operational Modeling,Financial Modeling,Financial And Operational Modeling,Crystal Reports,Microsoft Word,Customer Service,Great Plains Software,Sarbanes Oxley Act,Project Management,Marketing Strategy,Continuous Improvement",,,,,22,1978,vp,Finance,xp,,,,,
1961253,Julie Abramowski,Julie,Abramowski,Verified emails found,2025-10-15 09:49:42.268537,julieabramowski@gmail.com,abramowskij@hnicorp.com,julieabramowski@gmail.com,,"julieabramowski@gmail.com,abramowskij@hnicorp.com",,5632145908,,"5632727770
5632727282
5632994893
563-386-8579",,https://www.linkedin.com/in/julie-abramowski-90665713,,,,,,,Vice President Corporate Controller,HNI Corporation,"600 E 2nd St, Muscatine, Iowa 52761, US",hnicorp.com,http://www.hnicorp.com,https://www.linkedin.com/company/hni-corporation,"Davenport, IA, US",Davenport,,IA ,US,HNI Corporation,Vice President Corporate Controller,2015-08-01,Present,HNI Corporation,Director of Financial Reporting,2014-12-01,2015-08-01,HNI Corporation,Director Financial Planning and Analysis,2013-07-01,2014-12-01,The HON Company,Corporate Controller,2007-04-01,2013-07-01,The HON Company,Senior Financial Analyst,2004-11-01,2007-04-01,The University of Iowa Tippie College of Business,Masters,,,Gies College of Business - University of Illinois Urbana-Champaign,BS,,,"Forecasting,Cost Accounting,Process Improvement,Continuous Improvement,Accounting,Financial Analysis,5S,Inventory Management,Kaizen,Lean Manufacturing,Business Process Improvement,Budgets,Team Building,Leadership,Cross-functional Team Leadership,Management,Project Management,Cross Functional Team Leadership,Public Speaking,Sales",,,,,22,1975,vp,Finance,xp,,,,,
9798104,Katy Giannelli,Katy,Giannelli,Verified emails found,2025-10-15 09:49:42.494917,katy.giannelli@willscot.com,katy.giannelli@willscot.com,,,katy.giannelli@willscot.com,,4102079920,,"6104855100
4109319100",,https://www.linkedin.com/in/katy-giannelli-570a0314,,,,,,,Vice President Accounting Operations,WillScot,"4646 East Van Buren St Suite 400, Phoenix, Arizona 85008, US",willscot.com,http://www.willscot.com,https://www.linkedin.com/company/willscot,"Baltimore, MD, US",Baltimore,,MD ,US,WillScot,Vice President Accounting Operations,2023-04-01,Present,WillScot,Senior Director Accounting Operations,2019-10-01,2023-05-01,WillScot,Interim Director - Integration,2018-07-01,2019-09-01,Acton,Vice President-Finance,2003-09-01,2018-06-01,Williams Scotsman,VIce President and Controller,1990-01-01,2003-01-01,University of Delaware - Lerner College of Business and Economics,BS,,,John Carroll High School,,,,"Accounting System,Financial Reporting,Financial Analysis,Relationship Management,Budgets,Restructuring,Corporate Finance,Strategic Financial Planning,Coaching,Forecasting,Management,Payroll,Accounts Payable,Accounts Receivable,Account Reconciliation,Inventory Management,Mergers,Financial Modeling,Internal Controls,General Ledger,Microsoft Excel,Negotiation,Contract Management,Accruals,Accounting,Contract Negotiation,Due Diligence,Process Improvement,Mergers & Acquisitions,Team Building,Leadership,Analysis,Operations Management,Financial Accounting,P&L Management,Strategic Planning,Income Statement,Budget Process,CPA,Managerial Finance,Finance,Financial Forecasting,SEC filings,Cash Management,US GAAP,External Audit,Auditing,Tax,Executive Management,P&L,Marketing,Sales,Mergers and Acquisitions",,,"Friends of Thunder Lacrosse Club, Baltimore Metro Finance & Accounting, Harford County Maryland Professionals, The John Carroll School Alumni Association - Bel Air, MD",,42,1960,vp,Finance,xp,,,,,
212876228,Brian Ignatowski,Brian,Ignatowski,Verified emails found,2025-10-15 09:49:42.726140,brian.ignatowski@gmail.com,brian.ignatowski@disney.com,brian.ignatowski@gmail.com,brian.ignatowski@gmail.com,"brian.ignatowski@disney.com,brian.ignatowski@pwc.com,brian.ignatowski@gcp.pwc.com","bignatowski@disney.com,bignatowski@pwc.com",8606737194,8605082485,"8605082485
8603025438",,https://www.linkedin.com/in/brian-ignatowski-cpa-8058b3,https://facebook.com/brian.ignatowski,,,,,,"Vice President, Controllership",The Walt Disney Company,"500 South Buena Vista Street, Burbank, California 91521, US",disneycareers.com,http://www.thewaltdisneycompany.com,https://www.linkedin.com/company/the-walt-disney-company,"Hartford, CT, US",Hartford,,CT ,US,The Walt Disney Company,"Vice President, Controllership",1996-01-01,Present,Barnes Group Inc.,Senior Auditor,1994-01-01,1996-01-01,PWC,"Manager, Business Assurance",,Present,,,,,,,,,UF Hough Graduate School of Business,Master Of Business Administration,,,Central Connecticut State University,Bachelor Of Science,,,,,,,,31,1964,vp,Finance,xp,,,,,
3242579,John Springer,John,Springer,Verified emails found,2025-10-15 09:49:42.951841,john.springer@relativity.com,john.springer@relativity.com,johndspringer@msn.com,"john.springer@relativity.com,johndspringer@msn.com,jandkspringer@msn.com",,,8015714525,,,,https://www.linkedin.com/in/john-springer-375241,,,,,,,Vice President of Accounting,Relativity,"231 South LaSalle Street 20th Floor, Chicago, Illinois 60604, US",relativity.com,http://www.relativity.com,https://www.linkedin.com/company/relativityhq,"Salt Lake City, UT, US",Salt Lake City,,UT ,US,Relativity,Vice President of Accounting,2023-08-01,Present,insightsoftware,Chief Accounting Officer (CAO),2022-10-01,2023-08-01,Cornerstone OnDemand,VP and Worldwide Corporate Controller,2019-09-01,2022-08-01,Cadence Design Systems,VP Finance and Accounting,2005-03-01,2019-09-01,Schiff Nutrition International,Director of Internal Audit,2004-03-01,2005-03-01,Brigham Young University,,,,,,,,"Financial Reporting,Mergers & Acquisitions,Finance,Managerial Finance,Mergers,Accounting,Internal Audit,Process Improvement,Financial Analysis,Business Process Improvement,Internal Controls,Management,International Business,Strategic Financial Planning,US GAAP,Analysis,Auditing,Financial Planning,Sarbanes-Oxley,Sarbanes-Oxley Act,Revenue Recognition,Financial Accounting,Due Diligence,GAAP,Business Process,Social Media,Environmental Consulting,Natural Sciences,Syngis,Mergers and Acquisitions,Sarbanes Oxley Act,Contaminated Sites Reclamation,Forging First Nations Partnerships,Sarbanes Oxley,Generally Accepted Accounting Principles Gaap,u.s. Generally Accepted Accounting Principles Gaap,Desktop Remediation,Contaminated Sites Remediation,Strategic Financial,Leadership,Start Ups,Tax,Financial Modeling,Data Analysis,Forecasting,Strategic Planning,P&L Analysis,U.S. SEC Filings,Cash Flow Forecasting,Budgeting,Cross Functional Team Leadership,Portuguese,Corporate Governance,External Audit,Corporate FP&A,IPO,Integration,Generally Accepted Accounting Principles,u.s. Generally Accepted Accounting Principles",,,,,29,1970,vp,Finance,xp,,,,,
15051033,Michael Warnes,Michael,Warnes,Verified emails found,2025-10-15 09:49:43.147417,mwarnes@matw.com,mwarnes@matw.com,,,mwarnes@matw.com,,412-427-1187,412-427-1187,412-442-8200,,https://www.linkedin.com/in/michael-warnes-7b654a95,,,,,,,"Vice President, Financial Controller",Matthews International,"Two Northshore Center, Pittsburgh, Pennsylvania 15221, US",matw.com,http://www.matw.com,https://www.linkedin.com/company/matthews-international,"Pittsburgh, PA, US",Pittsburgh,15221,PA ,US,Matthews International,"Vice President, Financial Controller",2017-12-01,Present,Matthews International,"Director, Corporate Accounting and Reporting",2014-12-01,2017-12-01,HJ Heinz,"Controller, U.S. Division",2010-03-01,2014-08-01,HJ Heinz,"Director, Corporate Accounting",2008-01-01,2010-03-01,HJ Heinz,"Manager, Corporate Accounting",2004-07-01,2008-01-01,University at Buffalo,Bachelor of Business Administration,,,,,,,"Corporate Finance,Financial Reporting,Sarbanes-Oxley Act,Variance Analysis,Internal Controls,Cost Accounting,Financial Audits,Accounting,SAP,Consolidation,Financial Analysis,Managerial Finance,Financial Accounting,General Ledger,Auditing,Hyperion Enterprise,US GAAP,Budgets,Cash Flow,Forecasting,Editing,Sarbanes Oxley Act,Business Development,Marketing,Leadership,Integration",,,,,26,1976,vp,Finance,xp,,,,,
2522082,Robert Shutt,Robert,Shutt,Verified emails found,2025-10-15 09:49:43.362228,robert.shutt@charter.com,robert.shutt@charter.com,,,"robert.shutt@charter.com,robert_shutt@charter.com,robb.shutt@charter.com",,7856082182,7856082182,"8163636134
3143955434
8163636234
9138433853",,https://www.linkedin.com/in/robert-shutt-1961024b,https://facebook.com/robert.shutt.395,,,,,,"Vice President, Technical Accounting",Charter Communications,"400 Washington Blvd, Stamford, Connecticut 06902, US",spectrum.com,http://corporate.charter.com,https://www.linkedin.com/company/charter-communications,"St. Louis, MO, US",St. Louis,63108,MO ,US,Charter Communications,"Vice President, Technical Accounting",2015-02-01,Present,Peabody Energy,Director of Financial Reporting,2012-08-01,2015-01-01,KPMG,Audit Senior Manager,2002-05-01,2012-08-01,Arthur Andersen,Audit Senior Associate,1997-09-01,2002-05-01,,,,,University of Kansas,Bachelor of Science (B.S.),,,,,,,"SEC filings,Sarbanes-Oxley Act,US GAAP,Financial Reporting,CPA,External Audit,IFRS,Big 4,Leadership,Sarbanes Oxley Act,Finance,Social Media",,,"Kansas University, University of Kansas School of Business Alumni",,28,1974,vp,Finance,xp,,,,,
12583450,Smith,Smith,,Verified emails found,2025-10-15 09:49:43.573765,jrsmithtx@gmail.com,,jrsmithtx@gmail.com,jrsmithtx@gmail.com,,,,,,,https://www.linkedin.com/in/jr-smith-tx,,,,,,,Vice President Franchise Accounting,Christian Brothers Automotive,"17725 Katy Freeway Suite 200, Houston, Texas 77030, US",cbac.com,http://www.cbac.com,https://www.linkedin.com/company/christian-brothers-automotive,"Houston, TX, US",Houston,77030,TX ,US,Christian Brothers Automotive,Vice President Franchise Accounting,2024-01-01,Present,Christian Brothers Automotive,Director of Franchise Accounting,2020-01-01,2024-01-01,Straight Streets,Director,2019-01-01,2020-01-01,RHA Architects,CFO and Vice President,2018-01-01,2019-01-01,RHA Architects,Vice President of Business and Marketing (Controller and CFO in function),2017-01-01,2018-01-01,Texas A&M University,Master of Science (M.S.),,,Texas A&M University,Bachelor of Business Administration (B.B.A.),,,"Leadership,Event Planning,Microsoft Office,Financial Reporting,CPA,Microsoft Excel,Public Speaking,Strategic Planning,Financial Analysis,Business Strategy,Strategy,Change Management,Risk Management",,,,,19,1987,vp,Finance,xp,,,,,
12006363,Matt Glover,Matt,Glover,Verified emails found,2025-10-15 09:49:43.732319,gloversmatt@gmail.com,,gloversmatt@gmail.com,gloversmatt@gmail.com,,"mglover@calmainefoods.com,matt.glover@calmainefoods.com",601-810-4667,601-810-4667,6018014667,,https://www.linkedin.com/in/matt-glover-6b42b09b,https://facebook.com/msglover,https://twitter.com/mglover32,,,https://angel.co/matt-glover,,Vice President - Accounting,"Cal-Maine Foods, Inc.","1052 Highland Colony Pkwy Suite 200, Ridgeland, Mississippi 39157, US",calmainefoods.com,http://www.calmainefoods.com,https://www.linkedin.com/company/calmainefoods,"Jackson, MS, US",Jackson,,MS ,US,"Cal-Maine Foods, Inc.",Vice President - Accounting,2021-11-01,Present,"Cal-Maine Foods, Inc.",Director Of Financial Reporting,2019-07-01,2021-12-01,BKD CPAs & Advisors,Senior Manager,2010-01-01,2019-07-01,,,,,,,,,University of Mississippi,Master's Degree,,,University of Mississippi,Bachelor's Degree,,,"Investor Relations,Organization Skills,Finance,Leadership,U.S. SEC Filings,Corporate Accounting,GAAP,CPA,External Audit,Auditing,US GAAP,Internal Controls,Accounting,Financial Accounting,Financial Reporting,Assurance,Internal Audit,Sarbanes-Oxley Act,Financial Statements,General Ledger,IFRS,Strategic Planning,Customer Service,PowerPoint,Microsoft Office,Business Analysis,Sales Management,Sarbanes Oxley Act",,,,,15,1987,vp,Finance,xp,,,,,
33112588,Gerald Whittmore,Gerald,Whittmore,Verified emails found,2025-10-15 09:49:43.920855,gerald_whittmore@att.net,gerald.whittmore@xerox.com,gerald_whittmore@att.net,gerald_whittmore@att.net,gerald.whittmore@xerox.com,,4697663603,4697663603,1.4697663603,,https://www.linkedin.com/in/gerald-whittmore-cpp-7a885b13,https://facebook.com/gerald.whittmore,,,,,,Vice President of Payroll,Xerox,"201 Merritt 7, Norwalk, Connecticut 06851, US",xerox.com,http://www.xerox.com,https://www.linkedin.com/company/xerox,"Dallas, TX, US",Dallas,,TX ,US,Xerox,Vice President of Payroll,2013-11-01,Present,"Xerox Business Services, LLC",Payroll Director,2011-08-01,2013-10-01,"ACS, a Xerox Company",SBU Payroll Manager,2010-06-01,2011-08-01,"EDS, an HP Company",Global Payroll Process Management,2009-11-01,2011-05-01,,,,,,,,,,,,,"ADP Payroll,Applicant Tracking Systems,BPO,Benefits Administration,Change Management,Deferred Compensation,Employee Benefits,Employee Relations,HR Policies,HRIS,Human Resources,Management,Onboarding,Payroll,PeopleSoft,Performance Management,Personnel Management,Policy,Process Improvement,Recruiting,SAP,SAP HR,Talent Acquisition,Talent Management,Microsoft Office,Leadership,New Business Development",,,"Dallas Chapter APA, Region 8 Board of Advisor, American Payroll Association",,15,1987,vp,Finance,xp,,,,,
4942308,David Dux,David,Dux,Verified emails found,2025-10-15 09:49:44.132886,dcddux@charter.net,ddux@fastenal.com,dcddux@charter.net,dcddux@charter.net,ddux@fastenal.com,,5073135243,5073135243,"5076890298
5123314563
5073137937",,https://www.linkedin.com/in/david-dux-b770335,https://facebook.com/david.dux.54,,,,,,Vice President Inventory Accounting,Fastenal Company,"2001 Theurer Blvd, Winona, Minnesota 55987, US",fastenal.com,http://www.fastenal.com,https://www.linkedin.com/company/fastenal,"Minnesota City, MN, US",Minnesota City,55959,MN ,US,Fastenal Company,Vice President Inventory Accounting,1988-11-01,Present,Fastenal,Corporate Buyer,1988-02-01,1988-11-01,Fastenal Company,Assistant Manager,1985-01-01,1988-02-01,,,,,,,,,University of Wisconsin-Eau Claire,BS Business,,,,,,,"Materials Management,Demand Planning,Demand Forecasting,Warehousing,Inventory Optimization,Supply Chain Optimization,Sales Operations,MRP,Continuous Improvement,Operations Management,Pricing,Project Planning,Accounts Payable,Process Improvement,Project Management,Negotiation,Manufacturing,Windows,PowerPoint,Microsoft Word,Research,Marketing,Customer Service,Management,Purchasing,Public Speaking,Supply Chain,Budgets,Microsoft Office,Inventory Management,Business Development,Outlook,Strategic Planning,Supply Chain Management,Teaching,Account Management,Key Account Management",,,"Manufacturing, Wholesale & Distribution Forum, Institute of Business Forecasting & Planning/ S&OP/ Demand Planning/ Supply Chain/ Analytics/ Data",,40,1961,vp,Finance,xp,,,,,
11668776,Jodi Noah,Jodi,Noah,Verified emails found,2025-10-15 09:49:44.306066,jnoah@txtav.com,jnoah@txtav.com,jodinoah@gmail.com,jnoah@txtav.com,jodinoah@gmail.com,,,,,,https://www.linkedin.com/in/jodi-noah-4361831a,,,,,,,Vice President and Controller,Textron Aviation,"One Cessna Blvd., Wichita, Kansas 67215, US",textronaviation.com,http://www.textronaviation.com/,https://www.linkedin.com/company/textron-aviation,"Wichita, KS, US",Wichita,,KS ,US,Textron Aviation,Vice President and Controller,2017-04-01,Present,TRU Simulation + Training,Chief Financial Officer,2014-01-01,2017-04-01,Cessna Aircraft Company,"Senior Vice President, Cessna Single Engine and Propeller Aircraft",2011-07-01,2013-12-01,Cessna Aircraft Company,"Vice President, Finance Business Operations",2010-10-01,2011-07-01,Cessna Aircraft Company,"Director, Integrated Supply Chain Finance",2003-01-01,2010-10-01,"University of Tennessee, Knoxville",Masters,,,The University of Kansas,Bachelors,,,"Leadership,Logistics,Microsoft Office,Business Development,Supply Chain Management,Microsoft Excel,Training,Simulation,Business Analysis,Process Improvement,Supply Chain,Six Sigma,Team Building,Aviation,Lean Manufacturing,Root Cause Analysis,Sales,5s,Forecasting,Green Belt,Team Leadership,Finance,Strategic Planning,Strategy,Operations Management,Program Management,Cross Functional Team Leadership,Manufacturing,Black Belt,Customer Service,Value Stream Mapping,Financial Analysis,Contract Negotiation,Project Planning,Procurement,Budgets,Operational Excellence,Kaizen,Continuous Improvement,Mergers and Acquisitions,Strategic Sourcing,Integration,CRM,Aircraft,Pricing,Analysis",,,"Heartspring, Textron Connections, Independent Living Resource Center",,27,1971,vp,Finance,xp,,,,,
13358701,Faith Pizzo,Faith,Pizzo,No emails found,2025-10-15 09:49:44.479614,,,,,,,2149866616,2149866616,"9726735750
5044668041",,https://www.linkedin.com/in/faith-pizzo-00ab39a,https://facebook.com/faith.pizzo,,,,,,Vice President of Accounting,Keurig Dr Pepper Inc.,"53 South Ave, Burlington, Massachusetts 01803, US",keurigdrpepper.com,http://www.keurigdrpepper.com,https://www.linkedin.com/company/keurig-dr-pepper-inc,"Plano, TX, US",Plano,,TX ,US,Keurig Dr Pepper Inc.,Vice President of Accounting,2024-02-01,Present,Keurig Dr Pepper Inc.,Senior Director - Consolidations and Corporate Accounting,2018-09-01,2024-02-01,Dr Pepper Snapple Group,"Director - Corporate Accounting and FP and A, Internal Reporting and Consolidated FP and A",2015-02-01,2018-09-01,Dr  Pepper Snapple Group,"Director - Corporate Accounting, Consolidations and Internal Reporting",2013-08-01,2015-02-01,Dr  Pepper Snapple Group,Director - Consolidations and Internal Reporting,2011-08-01,2013-08-01,Texas Tech University,BBA,,,,,,,"Research,Financial Reporting,Editing,Microsoft Word,Microsoft Office,PowerPoint,Akuntansi,Risque Financier,Variance Analysis,Reporting and Analysis,Strategy,Gestion d'actifs,Accounts Receivable,Clinical Trials",,,"Dr Pepper Employees & Alumni, CPA & Business Professional Group",,22,1980,vp,Finance,xp,,,,,
70905716,Ginna Wetzel,Ginna,Wetzel,Verified emails found,2025-10-15 09:49:44.655234,ginna.wetzel@wbd.com,ginna.wetzel@wbd.com,altmeyvm@gmail.com,"ginna.wetzel@wbd.com,altmeyvm@gmail.com",,,703-300-2187,703-300-2187,,,https://www.linkedin.com/in/ginna-wetzel-cpa-796b999,http://www.facebook.com/ginna.altmeyer,http://twitter.com/ginnaaltmeyer,,,,,"Vice President, Technical Accounting",Warner Bros. Discovery,US,wbd.com,https://wbd.com/,https://www.linkedin.com/company/warner-bros-discovery,"Washington, DC, US",Washington,20005,DC ,US,Warner Bros. Discovery,"Vice President, Technical Accounting",2023-01-01,Present,Warner Bros. Discovery,"Senior Director, Technical Accounting",2021-03-01,2023-01-01,Gannett | USA TODAY NETWORK,"Director, Technical Accounting",2018-09-01,2021-03-01,The Advisory Board Company,"Director, Financial Reporting and Technical Accounting",2016-07-01,2018-09-01,Opower,"Manager, Financial Reporting and Technical Accounting",2016-02-01,2016-07-01,James Madison University,,,,,,,,,,,,,15,1987,vp,Finance,xp,,,,,
9615984,Kimberly LaBella,Kimberly,LaBella,Verified emails found,2025-10-15 09:49:44.847470,klabella@rentprogress.com,klabella@rentprogress.com,,klabella@rentprogress.com,,,6312350206,6312350206,,,https://www.linkedin.com/in/kimberly-labella-cpa-38a10810,,,,,,,"Vice President, Controller",Progress Residential®,"7500 N Dobson Rd. Suite 300, Scottsdale, Arizona 85256, US",rentprogress.com,http://rentprogress.com,https://www.linkedin.com/company/progress-residential,"Tampa, FL, US",Tampa,,FL ,US,Progress Residential®,"Vice President, Controller",2021-02-01,Present,Progress Residential®,Director of Accounting and Tax,2019-09-01,2021-02-01,PODS,Accounting Supervisor,2013-03-01,2013-09-01,PODS,Senior Accountant,2012-02-01,2013-03-01,Horizon Bay Retirement Living,Property Accountant,2010-07-01,2012-01-01,University of South Florida - College of Business Administration,MAcc,,,University of South Florida - College of Business Administration,B.A.,,,"General Ledger,FRx,Financial Reporting,Accounting,GAAP,Account Reconciliation,Fixed Assets,Accounts Payable,PeopleSoft,Budgets,Essbase,Financial Analysis,Outlook,Yardi,Microsoft Dynamics,Atlas,Accounts Receivable,Revenue Recognition,ADP Payroll,Inventory Analysis,Microsoft Excel,PowerPoint,Access Database,Sage FAS,Microsoft Word,Invoicing,Customer Service,Bookkeeping,Forecasting,Internal Controls,Payroll,Strategic Planning,Process Improvement,Managerial Finance,QuickBooks,Leadership,Investments,Management",,,,,16,1980,vp,Finance,xp,,,,,
7557121,Susan Carlton,Susan,Carlton,Verified emails found,2025-10-15 09:49:45.479403,scarlton@hhhunt.com,scarlton@hhhunt.com,scarltoncpa1@gmail.com,"scarlton@hhhunt.com,scarltoncpa1@gmail.com,secarlton@hhhunt.com,scarlton2010@hotmail.com",,,8045270026,,,,https://www.linkedin.com/in/susan-carlton-a941a822,,,,,,,Senior Vice President Accounting,HHHunt,"800 Hethwood Blvd, Blacksburg, Virginia 24060, US",hhhunt.com,http://www.hhhunt.com,https://www.linkedin.com/company/hhhunt-corporation,"Richmond, VA, US",Richmond,,VA ,US,HHHunt,Senior Vice President Accounting,2022-10-01,Present,HH Hunt,Vice President Accounting,2016-10-01,Present,HHHunt,Vice President Of Accounting,2016-10-01,Present,Medical Action Industries,"Finance Director at AVID Medical, and Owens and Minor Company",2012-03-01,2015-12-01,"Transfield Services Infrastructure, Inc.",VP Finance,2011-06-01,2013-03-01,University of Lynchburg,BA,,,,,,,"Internal Controls,Accounting,Budgets,Financial Reporting,General Ledger,SAP,Accounts Payable,Financial Modeling,Accounts Receivable,Process Improvement,Business Process Improvement,Cash Flow,Leadership,Account Reconciliation,Strategic Financial Planning,IFRS,Financial Accounting,Payroll,Procurement,Project Planning,Finance,Change Management,Mergers & Acquisitions,Asset Management,Strategy,Contract Management,Analysis,Management,Operations Management,Contract Negotiation,Strategic Planning,Business Strategy,Business Development,Acquisition Integration,Human Resources,Financial Planning,Customer Service,Hospitals,Strategic Financial,Mergers and Acquisitions,Financial Analysis,Business Process",,,,,27,1966,vp,Finance,xp,,,,,
108085420,Ian Thompson,Ian,Thompson,Verified emails found,2025-10-15 09:49:45.653291,ianzthompson@gmail.com,,ianzthompson@gmail.com,"ianzthompson@gmail.com,sickpuzzle@gmail.com,baybreezie@gmail.com",,"ithompson@blackrock.com,thompsoni@blackrock.com",302-242-6882,302-242-6882,2089010710,,https://www.linkedin.com/in/ian-thompson-4248b557,https://facebook.com/ian.thompson.3152130,,,,,,Investment Accounting Vice President,BlackRock,"50 Hudson Yards, New York, New York 10001, US",blackrock.com,http://www.blackrock.com,https://www.linkedin.com/company/blackrock,"Philadelphia, PA, US",Philadelphia,,PA ,US,BlackRock,Investment Accounting Vice President,2020-11-01,Present,BlackRock,Investment Accounting Associate,2016-11-01,2020-11-01,BlackRock,Investment Accounting Analyst,2014-02-01,2016-11-01,SEI,Fund Accountant and Analyst,2011-07-01,2014-01-01,Northwestern Mutual,Financial Representative Intern,2010-05-01,2010-12-01,Penn State University,Bachelor of Science,,,,,,,"Microsoft Excel,Microsoft Word,Microsoft Office,Fund Accounting,Mutual Funds,Fundraising,Customer Service,Sales,Licensed Life Insurance Agent,Life Insurance,Finance,Analysis,Time Management,Management,PowerPoint,Financial Analysis,Leadership,Social Media,Public Speaking,Investments,Risk Management,Team Building,Team Leadership",,,,,14,1977,vp,Finance,xp,,,,,
6693503,Wade Fugate,Wade,Fugate,Verified emails found,2025-10-15 09:49:45.821085,wade.fugate@westernsouthern.com,wade.fugate@westernsouthern.com,wadefugate@gmail.com,wade.fugate@westernsouthern.com,wadefugate@gmail.com,,513-389-1667,513-520-5785,"5136291050
225-690-4242
513-520-5785",,https://www.linkedin.com/in/wade-fugate-cpa-b57b22a,,,,,,,Vice President and Controller,Western & Southern Financial Group,"400 East Fourth St., Cincinnati, Ohio 45202, US",westernsouthern.com,http://www.westernsouthern.com,https://www.linkedin.com/company/western-&-southern-financial-group,"Cincinnati, OH, US",Cincinnati,,OH ,US,Western & Southern Financial Group,Vice President and Controller,2016-03-01,Present,Western & Southern Financial Group,Assistant Vice President and Assistant Controller,2004-06-01,Present,Ernst & Young,Audit Manager,1996-09-01,2004-06-01,,,,,,,,,University of Cincinnati,BBA,,,Xavier University,MBA,,,"Analysis,CPA,Accounting,Sarbanes-Oxley Act,Banking,Auditing,Financial Audits,Life Insurance,Financial Statements,Internal Controls,US GAAP,Financial Services,SEC filings,Financial Analysis,Agents,Sarbanes Oxley Act,Strategic Planning,Marketing,Customer Service,Dealers,Insurance",,,,,29,1975,vp,Finance,xp,,,,,
78736004,Bilal Mian,Bilal,Mian,Verified emails found,2025-10-15 09:49:46.056723,bmian@related.com,bmian@related.com,bilalmian@gmail.com,bmian@related.com,bilalmian@gmail.com,,7183706778,,7327103737,,https://www.linkedin.com/in/bilal-mian-cpp-29671267,,,,,,,Vice President of Payroll,Related Companies,"30 Hudson Yards, New York, New York 10001, US",related.com,http://www.related.com,https://www.linkedin.com/company/related,"Woodbridge Township, NJ, US",Woodbridge Township,,NJ ,US,Related Companies,Vice President of Payroll,2025-01-01,Present,Related Companies,Senior Director of Payroll,2023-01-01,2025-03-01,Related Companies,Director Of Payroll,2019-01-01,2023-03-01,Metro One LPSG,Director of Payroll and Billing,2010-04-01,2018-12-01,Metro One LPSG,Payroll and Billing Manager,2006-05-01,2010-01-01,"Rutgers, The State University of New Jersey-New Brunswick",Bachelor's degree,,,,,,,"Executive Pay,Critical Thinking,Management of Direct Reports,Accounts Payable (AP),Account Reconciliation,Compensation Planning,Global Delivery,Employee Benefits Design,Corporate Communications,Written Communication,Problem Solving,Team Leadership,Negotiation,Bank Reconciliation,Benefits Administration,Communication,Interviewing,Time Management,Multi-state Payroll Processing,Compensation & Benefits,Payroll Taxes,Employee Relations,Garnishments,Performance Management,ADP Payroll,Human Resources,Hiring,Applicant Tracking Systems,Deferred Compensation,Customer Service,HRIS,Management,New Hire Orientations,Leadership,Microsoft Excel,Recruiting,Outlook,Talent Acquisition,Personnel Management,PeopleSoft,Payroll,Budgets,Sales,Team Building,Training",,,,,19,1983,vp,Finance,xp,,,,,
6650311,Melissa Siegfried,Melissa,Siegfried,Verified emails found,2025-10-15 09:49:46.245401,hammer.melissa@gmail.com,,hammer.melissa@gmail.com,hammer.melissa@gmail.com,,,570-617-2612,570-617-2612,570-622-5249,,https://www.linkedin.com/in/melissa-siegfried-cpa-175b378,http://www.facebook.com/people/_/9300939,,,,,,"Vice President, Controller",Recovery Centers of America,"2201 Renaissance Blvd 3rd Floor, King of Prussia, Pennsylvania 19406, US",recoverycentersofamerica.com,http://www.recoverycentersofamerica.com,https://www.linkedin.com/company/recovery-centers-of-america,"Philadelphia, PA, US",Philadelphia,,PA ,US,Recovery Centers of America,"Vice President, Controller",2021-02-01,Present,NHS Human Services,Director of Financial Services,2012-04-01,2014-12-01,Grant Thornton,Audit Manager,2005-09-01,2012-05-01,Recovery Centers of America,Controller,2017-03-01,2021-02-01,Recovery Centers of America,Assistant Controller,2014-12-01,2017-03-01,Penn State University,MBA,,,Penn State University,Bachelor of Science (BS),,,"Auditing,Financial Reporting,CPA,US GAAP,Accounting,Internal Controls,Financial Analysis,GAAP,Financial Accounting",,,,,20,1983,vp,Finance,xp,,,,,
74691012,Emily Woosley,Emily,Woosley,Verified emails found,2025-10-15 09:49:46.431595,emily.woosley@bunn.com,emily.woosley@bunn.com,emilywoosley@gmail.com,emily.woosley@bunn.com,emilywoosley@gmail.com,,2176859619,2176859619,"2174158205
4104517560",,https://www.linkedin.com/in/emilywoosley,https://facebook.com/emily.mills.714655,,,,,,Vice President of Accounting,BUNN,"5020 Ash Grove, Springfield, Illinois 62711, US",bunn.com,http://www.bunn.com,https://www.linkedin.com/company/bunn,"Springfield, IL, US",Springfield,,IL ,US,BUNN,Vice President of Accounting,2023-08-01,Present,BUNN,Director Of Accounting,2018-04-01,2023-07-01,Springfield Clinic,Director Of Accounting,2020-05-01,2020-12-01,H. D. Smith,"Vice President, Controller",2018-01-01,2018-04-01,H. D. Smith,Controller,2017-05-01,2017-12-01,Illinois Wesleyan University,Bachelor of Arts - BA,,,University of Illinois Springfield,Master of Business Administration (M.B.A.),,,"Accounting,Financial Accounting,Financial Analysis,Financial Reporting,GAAP,General Ledger,Process Improvement,Variance Analysis,Auditing,Microsoft Excel,Strategic Planning,Business Process Improvement,Forecasting,Generally Accepted Accounting Principles (GAAP),Management,SAP Products,Working Capital Management",,,,,17,1986,vp,Finance,xp,,,,,
15449097,Julie Malloy,Julie,Malloy,Verified emails found,2025-10-15 09:49:46.721080,jmalloy@gitlab.com,jmalloy@gitlab.com,juliemalloydutot@gmail.com,"jmalloy@gitlab.com,juliemalloydutot@gmail.com",,,6106442019,,"2152741869
6102138241",,https://www.linkedin.com/in/julie-malloy-72004053,,,,,,,Vice President Accounting Operations,GitLab,"268 Bush St, San Francisco, California, US",gitlab.com,https://about.gitlab.com/,https://www.linkedin.com/company/gitlab-com,"Berwyn, PA, US",Berwyn,,PA ,US,GitLab,Vice President Accounting Operations,2024-04-01,Present,Unisys,Vice President Finance Centralized Services,2021-01-01,2024-04-01,Unisys,Vice President Client Financial Management Operations,2020-03-01,2021-01-01,Unisys,Vice President Corporate Operations,2018-01-01,2020-02-01,Unisys,Senior Director Global Operations,2014-02-01,2017-12-01,Villanova University,Bachelor's Degrees,,,Temple University,Master of Business Administration (M.B.A.),,,"Invoicing,Bid Pricing,Time & Attendance,Payroll Processing,Accounts Receivable (AR),Accounts Payable (AP),Financial Planning,Financial Accounting,Finance,Business Process Improvement,Program Management,IT Strategy,Project Management,Service Delivery,Resource Management,Business Analysis,Oracle ERP,SAP BusinessObjects,Management,Process Improvement,Business Operations,Professional Services Automation,Datawarehouse Reporting,Tableua Dashoard Implementation,Microsoft Office,Salesforce.com,Workday,Financial Analysis,collaboration,Business Strategy,Customer Service,Microsoft Excel,Strategy,Sales",,,,,24,1965,vp,Finance,xp,,,,,
2387076,Sarah Coco,Sarah,Coco,Verified emails found,2025-10-15 09:49:46.899153,sarah.coco@brinker.com,sarah.coco@brinker.com,sarahcoco@gmail.com,sarah.coco@brinker.com,sarahcoco@gmail.com,,8179917630,8179917630,9722171504,,https://www.linkedin.com/in/sarah-coco-9a59489,https://facebook.com/sarah.coco.77,,,,,,Vice President Of Accounting,Brinker International,"3000 Olympus Blvd, Dallas, Texas 75019, US",brinkerjobs.com,http://www.brinker.com,https://www.linkedin.com/company/brinker-international,"Texas, United States",,,TX ,US,Brinker International,Vice President Of Accounting,2022-05-01,Present,Brinker International,Sr Director Accounting Shared Services,2018-05-01,2022-05-01,Brinker International,"Director, Accounting Shared Services",2016-06-01,2018-05-01,Brinker International,Senior Accounting Manager-Revenue Accounting,2012-02-01,2016-06-01,Brinker International,Senior Accounting Manager-Operations Accounting,2009-06-01,2012-02-01,University of North Texas,MS,,,Paschal High School,,,,"Microsoft Excel,Accounts Payable,Accounts Receivable,Team Building,Analysis,Payroll,Microsoft Word,Restaurants,PowerPoint,PeopleSoft,Essbase,Fixed Assets,Accounting,Customer Service,Business Analysis,Strategy",,,"Brinker International Team Members, Accounting And Finance Professionals (AAFP)",,32,1969,vp,Finance,xp,,,,,
69070433,Terri Schexnaydre,Terri,Schexnaydre,Verified emails found,2025-10-15 09:49:47.110353,terri.schexnaydre@talkdesk.com,terri.schexnaydre@talkdesk.com,tschex@me.com,"terri.schexnaydre@talkdesk.com,tschex@me.com",,,9732047743,9732047743,"2123917062
4159131425
3179571063",,https://www.linkedin.com/in/terri-schexnaydre,http://www.facebook.com/tschexnaydre,,,,,,"Vice President, Accounting",Talkdesk,"535 Mission Street 12th Floor, San Francisco, California 94105, US",talkdesk.com,https://www.talkdesk.com,https://www.linkedin.com/company/talkdesk,"Corning, NY, US",Corning,14830,NY ,US,Talkdesk,"Vice President, Accounting",2022-05-01,Present,Self-employed,Accounting Consultant,2022-01-01,2022-05-01,"Hero Digital, LLC","SVP, Corporate Controller",2019-06-01,2021-01-01,Genesys,"Vice President, Corporate Controller",2014-05-01,2019-06-01,"CDTi (Clean Diesel Technologies, Inc.)",Corporate Controller,2011-01-01,2014-04-01,California State University-Northridge,Bachelor's Degree,,,,,,,,,,,,28,1964,vp,Finance,xp,,,,,
7384724,Heather Croucher,Heather,Croucher,Verified emails found,2025-10-15 09:49:47.305281,hezalynne@aol.com,,hezalynne@aol.com,"hezalynne@aol.com,hezalynne@hotmail.com,kccorry3@aol.com",,,9895292416,9895292416,"810-529-2416
248-926-9321
989-770-4597
989-770-4668",(209) 869-4545,https://www.linkedin.com/in/heather-croucher-cpa-cfe-00b12015,http://www.facebook.com/heather.l.croucher,,,,,,Vice President of Accounting,Better,"251 E 4th St, Ripon, California 95366, US",betterbuilttruss.com,http://betterbuilttruss.com,https://www.linkedin.com/company/better-built-truss-inc,"Detroit, MI, US",Detroit,48226,MI ,US,Better,Vice President of Accounting,2023-07-31,Present,Homepoint,Senior Managing Director-Chief Accounting Officer,2023-01-31,2023-06-30,Homepoint,Managing Director - Controller,2016-04-30,2023-02-28,FCA Fiat Chrysler Automobiles,Financial Planning and Analysis Manager,2014-10-31,2016-04-30,FCA Fiat Chrysler Automobiles,Internal Controls Group Manager,2011-12-31,2014-09-30,University of Michigan,BBA,,,Eastern Michigan University,MSA,,,"CPA,Financial Reporting,Auditing,US GAAP,Accounting,Internal Controls,Sarbanes-Oxley Act,Internal Audit,GAAP,Sarbanes-Oxley,Cost Accounting,Financial Accounting,General Ledger,Sarbanes Oxley,Microsoft Office,Sarbanes Oxley Act,Financial Analysis,PowerPoint",,,,,21,1981,vp,Finance,xp,,,,,
5372242,Vicky Lindsey,Vicky,Lindsey,Verified emails found,2025-10-15 09:49:47.489362,vlindsey413@gmail.com,vicky.lindsey@johnstonesupply.com,vlindsey413@gmail.com,"vlindsey413@gmail.com,ashleylindsey413@gmail.com",vicky.lindsey@johnstonesupply.com,vickylindsey@johnstonesupply.com,2145382576,2145382576,"9724245753
2148022557",,https://www.linkedin.com/in/vicky-lindsey-0bba5422,,,,,,,Senior Vice President - Accounting,Johnstone Supply,"11632 NE Ainsworth Circle, Portland, Oregon 97220, US",johnstonesupply.com,http://www.johnstonesupply.com,https://www.linkedin.com/company/johnstonesupply,"Texas, United States",,,TX ,US,Johnstone Supply,Senior Vice President - Accounting,2023-07-01,Present,Lucid Energy Group,VP of Corporate Accounting and Tax,2017-01-01,2022-11-01,Energy & Exploration Partners,Chief Accounting Officer,2014-01-01,2017-01-01,Halcon Resources Corporation,Vice President and Controller,2007-01-01,2013-05-01,Ascent Energy Inc,Vice President and Financial Controller,2004-08-01,2007-11-01,,,,,,,,,"Due Diligence,US GAAP,Natural Gas,Auditing,Energy Industry,Energy,Accounting,Internal Controls,SEC filings,Sarbanes-Oxley Act,OGSYS,Account Reconciliation,General Ledger,Financial Reporting,Upstream,Financial Analysis,Financial Accounting,Petroleum,Sarbanes-Oxley,Sarbanes Oxley Act,Marketing,Business Development,Sarbanes Oxley",,,"Oil and Gas People, COPAS of DALLAS, J MAR & Associates, Energy Leadership Series",,38,1964,vp,Finance,xp,,,,,
13390054,Adam Izzett,Adam,Izzett,Verified emails found,2025-10-15 09:49:47.724192,abizzett@yahoo.com,aizzett@foxrc.net,abizzett@yahoo.com,abizzett@yahoo.com,aizzett@foxrc.net,,6027103591,6027103591,"4809054609
4809981418",,https://www.linkedin.com/in/adam-izzett-45b06720,,,,,,,Vice President of Accounting,Fox Restaurant Concepts,"4455 East Camelback Road B 100, Phoenix, Arizona 85018, US",foxrc.com,http://www.foxrc.com,https://www.linkedin.com/company/foxrestaurantconcepts,"Scottsdale, AZ, US",Scottsdale,,AZ ,US,Fox Restaurant Concepts,Vice President of Accounting,2018-04-01,Present,Dutch Bros Coffee,,,Present,"Starwood Hotels & Resorts Worldwide, Inc.",Director - Global Revenue and Divisional Accounting Svcs,2015-04-01,2018-03-01,"Starwood Hotels & Resorts Worldwide, Inc.",Director of Global Divisional and Hotel Accounting Services,2013-07-01,2015-04-01,"Starwood Hotels & Resorts Worldwide, Inc.","Director of Internal Audit, Hotel Assurance",2009-02-01,2013-07-01,University of Arizona,BS,,,Gilbert High School,,,,"Auditing,Accounting,Shared Services,Accounts Receivable,Internal Audit,General Ledger,Monthly Close,Monthly Close Process,Presentation Skills,Financial Accounting,Financial Analysis,Leadership,Management,Project Management,SAP,Certified Fraud Examiner,CISA,SOX 404,Revenue Recognition,Public Speaking,Strategic Planning,Microsoft Word,Marketing",,,"The Institute of Internal Auditors (Official Global Group), University of Arizona Alumni",,23,1980,vp,Finance,xp,,,,,
23773624,Karen Durant,Karen,Durant,Verified emails found,2025-10-15 09:49:48.694627,karendurant@gmail.com,karen.durant@tennantco.com,karendurant@gmail.com,,"karendurant@gmail.com,karen.durant@tennantco.com",,6129638747,6129638747,"7136278330
7635226877
7635226879
9529361165
7635915038",,https://www.linkedin.com/in/karen-durant-2747756,,,,,,,"Vice President, Controller",Tennant Company,"10400 Clean Street, Eden Prairie, Minnesota 55344, US",tennantco.com,https://www.tennantco.com,https://www.linkedin.com/company/tennant-company,"Minneapolis, MN, US",Minneapolis,,MN ,US,Tennant Company,"Vice President, Controller",2007-09-01,Present,Honeywell,Various Accounting Positions,1981-01-01,1989-01-01,Internal Revenue Service,Revenue Agent,1980-01-01,1981-01-01,Pentair,VP Finance and Controller,1989-01-01,2007-01-01,,,,,Augsburg University,,,,University of St. Thomas,,,,"Internal Controls,Cost Accounting,Mergers & Acquisitions,Auditing,Process Improvement,Hyperion Enterprise,Internal Audit,Accounting,Financial Reporting,Lean Manufacturing,Manufacturing,Financial Accounting,Six Sigma,Forecasting,Cross-functional Team Leadership,Accounts Receivable,Finance,Sarbanes-Oxley Act,Variance Analysis,Continuous Improvement,Budgets,Business Process Improvement,Change Management,SEC filings,Strategic Planning,Accounts Payable,Strategic Financial Planning,SAP,Financial Analysis,Sarbanes-Oxley,Leadership,Consolidation,Financial Modeling,ERP,General Ledger,Acquisition Integration,Managerial Finance,Financial Audits,Cash Flow Forecasting,US GAAP,Cash Flow,Cash Management,Working Capital Management,Fixed Assets,Account Reconciliation,Financial Forecasting,JD Edwards,P&L,Cross Functional Team,Business Analysis,See 33+See Less,Working Capital,Sarbanes Oxley,Business Process,Cross Functional Team Leadership,Sarbanes Oxley Act,Management,Strategic Financial,Mergers and Acquisitions,Analysis",,,,,45,1959,vp,Finance,xp,,,,,
65123430,Chris McCann,Chris,McCann,Verified emails found,2025-10-15 09:49:48.874544,christopher.mccann@vonage.com,christopher.mccann@vonage.com,chribria96@gmail.com,"christopher.mccann@vonage.com,chribria96@gmail.com,chribria@aol.com",,,2017071294,2017071294,"2012911548
2015467280
2013844035
2019982284
2019787338
9737836229",,https://www.linkedin.com/in/chris-mccann-cpa-5253b239,https://facebook.com/chris.mccann.7393,,,,,,Vice President of Accounting,Vonage,"101 Crawfords Corner Rd Suite 2416, 4th Floor, Building # 2, Holmdel, New Jersey 07733, US",vonage.com,http://www.vonage.com,https://www.linkedin.com/company/vonage,"Saddle Brook, NJ, US",Saddle Brook,07663,NJ ,US,Vonage,Vice President of Accounting,2024-04-01,Present,Vonage,Senior Director Of Corporate Accounting,2019-01-01,Present,"Toys""R""Us",International Finance Director,2007-05-01,2018-12-01,SGS North American Inc,Assistant Vice President Finance,1990-01-01,2007-05-01,,,,,Manhattan College,Bachelor's degree,,,,,,,"Microsoft Excel,Management,Forecasting,Financial Analysis,Leadership",,,,,35,1968,vp,Finance,xp,,,,,
92330435,Erica Vogel,Erica,Vogel,Verified emails found,2025-10-15 09:49:49.052595,erica.vogel@drafthouse.com,erica.vogel@drafthouse.com,ericavogel@gmail.com,"erica.vogel@drafthouse.com,ericavogel@gmail.com,evogelrealtor@gmail.com,erica.vogel@gmail.com",,,5123282300,,"4193200914
4198379115
4135693774",,https://www.linkedin.com/in/erica-vogel-cpa-4172074,https://facebook.com/erica.vogel.5,https://twitter.com/austinwriterev,,,,,Senior Vice President Accounting,Alamo Drafthouse Cinema,"3908 Avenue B, Austin, Texas 78751, US",drafthouse.com,https://www.drafthouse.com,https://www.linkedin.com/company/alamodrafthousecinema,"Austin, TX, US",Austin,,TX ,US,Alamo Drafthouse Cinema,Senior Vice President Accounting,2020-10-01,Present,The Karis Group,Chief Financial Officer,2018-04-01,2020-05-01,Bridgepoint Consulting,Director of Finance-The Karis Group,2018-04-01,2018-12-01,"You Say Yes! Films, LLC",Owner and Indie Film Producer,2014-02-01,2016-12-01,Epicor Software,Senior Revenue Accountant,2015-01-01,2016-01-01,The University of Texas at Austin,Master in Professional Accounting,,,,,,,"Financial Accounting,Film Production,CPA,Blogging,Research,Social Media,Public Relations,Marketing,Financial Modeling,Writing,Financial Analysis,Project Management,Start-ups,Revenue Recognition,Sarbanes-Oxley Act,Microsoft Office,Public Speaking,Screenplays",,,,,16,1974,vp,Finance,xp,,,,,
12277994,Kelly Stanton,Kelly,Stanton,Verified emails found,2025-10-15 09:49:49.267906,kstanton@geiconsultants.com,kstanton@geiconsultants.com,,,kstanton@geiconsultants.com,,9788579190,,,,https://www.linkedin.com/in/kelly-stanton-7b586527,,,,,,,"Vice President, Controller","GEI Consultants, Inc.","400 Unicorn Park Drive, Woburn, Massachusetts 01801, US",geiconsultants.com,http://www.geiconsultants.com,https://www.linkedin.com/company/gei-consultants-inc-,"Wilmington, MA, US",Wilmington,,MA ,US,"GEI Consultants, Inc.","Vice President, Controller",2019-03-01,Present,"GEI Consultants, Inc.",Controller,2012-08-01,Present,Konarka Technologies,Director of Accounting and Administration,2005-07-01,2012-06-01,Auto Use,Assistant Controller,1997-01-01,2004-01-01,,,,,Bentley University - McCallum Graduate School of Business,MBA,,,Bentley University,BA,,,"Start Ups,Variance Analysis,Manufacturing,Solar Energy,Process Improvement,Software Conversions,Mergers,Great Plains Software,Cost Accounting,QuickBooks,Budgets",,,,,27,1971,vp,Finance,xp,,,,,
70494300,Jacqueline DiBartolo,Jacqueline,DiBartolo,Verified emails found,2025-10-15 09:49:49.436255,dibartolo@bessemer.com,dibartolo@bessemer.com,jacquelinedibartolo@gmail.com,dibartolo@bessemer.com,jacquelinedibartolo@gmail.com,,2016818718,2016818718,,,https://www.linkedin.com/in/jacqueline-dibartolo-cpp-79b1b6b,,,,,,,"Vice President, Payroll Director",Bessemer Trust,"1271 Avenue of the Americas, New York, New York 10020, US",bessemertrust.com,http://www.bessemertrust.com,https://www.linkedin.com/company/bessemer-trust,"Totowa, NJ, US",Totowa,,NJ ,US,Bessemer Trust,"Vice President, Payroll Director",2022-09-01,Present,BioReference Laboratories,"Sr Director, HR Operations and Payroll",2018-01-01,2022-07-01,BioReference Laboratories,"Director, Payroll",2017-05-01,2018-01-01,Ralph Lauren,"Director, Payroll Tax and Reporting",2015-04-01,2016-11-01,Michael Kors,Payroll Manager,2012-09-01,2015-04-01,Bergen Community College,,,,Eastside High School,,,,"Human Resources,PeopleSoft,Benefits Administration,Payroll Taxes,Recruiting,Supervisory Skills,Employee Benefits,Microsoft Excel,HR Policies,General Ledger,Compliance,Garnishments,Accounting,Account Reconciliation,Multi-state Payroll,Multi-State Sales Tax,ADP ReportSmith,ADP Payroll,Payroll,Interviews",,,,,31,1965,vp,Finance,xp,,,,,
54693507,Mike Bertram,Mike,Bertram,Verified emails found,2025-10-15 09:49:49.611766,mike.bertram@yahoo.com,,mike.bertram@yahoo.com,"mike.bertram@yahoo.com,mbertram@att.net",,,4196567327,,"4197321576
4194472968
8037816598
3175298856
4193450621
6018988779
4197323789",,https://www.linkedin.com/in/mike-bertram-823772,,,,,,,"Senior Vice President, Controller",Clean Harbors,"42 Longwater Drive, P.O. Box 9149, Norwell, Massachusetts 02061, US",cleanharbors.com,http://www.cleanharbors.com,https://www.linkedin.com/company/clean-harbors,"Columbia, SC, US",Columbia,,SC ,US,Clean Harbors,"Senior Vice President, Controller",2023-04-01,Present,"Thompson Industrial Services, LLC",Chief Financial Officer,2011-06-01,2023-04-01,Southland Log Homes,Executive Vice President and Chief Financial Officer,2006-01-01,2011-06-01,Point Lisas Nitrogen Limited,Board of Directors,2003-01-01,2005-01-01,"Mississippi Chemical Corporation (now CF Industries Holdings, Inc.)",Vice President of Finance,1998-01-01,2005-01-01,University of South Carolina,Master Of Business Administration,,,Clemson University,Bachelor Of Science,,,,,,,,26,1961,vp,Finance,xp,,,,,
63356693,Teresa McCue,Teresa,McCue,Verified emails found,2025-10-15 09:49:49.821809,teresa.mccue@natixis.com,teresa.mccue@natixis.com,tmmccue@comcast.net,"teresa.mccue@natixis.com,tmmccue@comcast.net",,,4015781161,4015781161,"5084552828
4014356999
4014346049
4014342078
4014356599",,https://www.linkedin.com/in/teresa-mccue-a14baa16,https://facebook.com/teresa.m.mccue,,,,,,"Vice President, Controller",Natixis Investment Managers,"888 Boylston Street, Boston, Massachusetts 02199-8197, US",natixis.com,https://im.natixis.com,https://www.linkedin.com/company/natixis-investment-managers,"Attleboro, MA, US",Attleboro,,MA ,US,Natixis Investment Managers,"Vice President, Controller",2021-07-01,Present,Citizens,"Vice President, Sr Finance Manager, Corporate Regulatory Reporting",2019-09-01,2021-07-01,Citizens,"Vice President, Sr Finance Manager, Capital Reporting",2012-10-01,2019-09-01,Citizens,"AVP, Finance Manager",2011-10-01,2012-10-01,Citizens,Assistant Vice President - Group Accounting Manager,2002-01-01,2011-12-01,Rhode Island College,BS,,,,,,,"Banking,Financial Analysis,Accounting,Analysis,Finance,Account Reconciliation,Financial Reporting,Risk Management,Cash Management,Credit,Financial Modeling,Business Analysis,Retail Banking,PowerPoint,Business Development,Sales,Financial Services",,,Basel III,,28,1949,vp,Finance,xp,,,,,
66603866,Adam Thoelen,Adam,Thoelen,Verified emails found,2025-10-15 09:49:49.991183,adam.thoelen@fanduel.com,adam.thoelen@fanduel.com,,adam.thoelen@fanduel.com,,,5166279244,,,,https://www.linkedin.com/in/adam-thoelen-5230388a,,,,,,,"Vice President, Technical Accounting",FanDuel,"New York, New York, US",fanduel.careers,http://www.fanduel.com,https://www.linkedin.com/company/fanduel,"New York, NY, US",New York,,NY ,US,FanDuel,"Vice President, Technical Accounting",2022-11-01,Present,Sema4,"Vice President, Controller",2021-05-01,2022-11-01,VICE Media,"Vice President, Global Technical Accounting, Financial Reporting and US Controller",2018-04-01,2021-04-01,Endeavor,"Director, Global Revenue Recognition",2016-11-01,2018-04-01,Deloitte,Accountant - Auditor,2005-09-01,2016-10-01,Boston College,Carroll School of Management,,,John Felice Rome Center (a campus of Loyola University Chicago),,,,"Household,Football,Rome,JAD,PowerPoint,Consulting,Boston,International,Public Speaking,Accounting,Cash Flow,Human Resources,C,Expenses,Matching,Golf,Meals,FIX,Community,Rebuild,Students,Warehousing,New York,Skiing,System,Records Management,Finance,Bread,Collecting,Microsoft Office,Microsoft Word,Families,Microsoft Excel,Donations,Italian,Invoicing,Travel,Surveying,Databases,Management,Fixed Assets,Due Diligence,Inventory Management,Mergers and Acquisitions,Chicago,Flash,Church Events,Country,Responsibility,Spanish",,,,,19,1983,vp,Finance,xp,,,,,
5645346,Merlix Reynolds,Merlix,Reynolds,Verified emails found,2025-10-15 09:49:50.172707,mreynolds@racetrac.com,mreynolds@racetrac.com,merlixlreynolds@gmail.com,"mreynolds@racetrac.com,merlixlreynolds@gmail.com",,,6784644535,6784644535,8172499036,,https://www.linkedin.com/in/merlix-reynolds-ab00b027,https://facebook.com/merlix.reynolds,,,,,,Vice President Of Accounting,RaceTrac,"200 Galleria Pkwy SE Ste 900, Atlanta, Georgia 30339, US",racetrac.com,http://www.racetrac.com,https://www.linkedin.com/company/racetrac-petroleum,"Marietta, GA, US",Marietta,,GA ,US,RaceTrac,Vice President Of Accounting,2022-01-01,Present,RaceTrac,Accounting Executive Director,2018-03-01,2022-01-01,RaceTrac,Director of Financial Accounting,2012-10-01,2018-02-01,EY,Senior Manager,2001-05-01,2012-10-01,,,,,University of Notre Dame,,,,University of Florida,,,,"Sarbanes-Oxley Act,Internal Controls,Assurance,Auditing,Financial Reporting,SEC filings,Accounting,US GAAP,Big 4,External Audit,Internal Audit,Financial Accounting,CPA,Management,U.S. Generally Accepted Accounting Principles (GAAP),Financial Analysis,QuickBooks,Workday,People Development,Strategy,Leadership,Generally Accepted Accounting Principles (GAAP),Thought Leadership,Diversity & Inclusion,JD Edwards,Public Speaking,Finance,Customer Service,Sarbanes Oxley Act",,,"Concur, Ernst & Young LLP - Current and Former Employees, Big Four Accounting Consulting - Deloitte, Ernst & Young, KPMG, PwC, Accenture, Capgemini (Big4.com)",,24,1980,vp,Finance,xp,,,,,
16734916,Ashley Byrd,Ashley,Byrd,Verified emails found,2025-10-15 09:49:50.355265,byrd.ashley@gmail.com,abyrd@pearce-services.com,byrd.ashley@gmail.com,byrd.ashley@gmail.com,abyrd@pearce-services.com,ashley.byrd@pearce-services.com,6613302566,6613302566,"3107773590
6615895571",,https://www.linkedin.com/in/ashley-byrd-cpa-485b068,https://facebook.com/ashley.byrd.184,,,,,,Vice President of Accounting,Pearce Services,"1222 Vine St Suite 301, Paso Robles, California 93446, US",pearce-services.com,https://www.pearce-services.com,https://www.linkedin.com/company/pearce-services,"Los Angeles, CA, US",Los Angeles,,CA ,US,Pearce Services,Vice President of Accounting,2022-12-01,Present,"NBCUniversal Media, LLC","VP, Controllership Film HQ SubConsolidation",2020-04-01,2022-11-01,Annapurna Pictures,"VP, Accounting and Financial Planning",2019-01-01,2020-04-01,Annapurna Pictures,Director of Accounting and Financial Planning,2017-03-01,2019-01-01,IM Global Film,Director of Accounting,2014-03-01,2017-03-01,UC Santa Barbara,"Business Economcs with an emphasis in Accounting, Communication",,,UC Santa Barbara,,,,"Assurance,CPA,Accounting,Revenue Recognition,Financial Analysis,Financial Accounting,Financial Reporting,GAAP,Auditing,IFRS,Due Diligence,Strategic Planning,Sarbanes Oxley,Big 4,Project Planning,Public Speaking,Leadership,Finance,Social Media",,,,,18,1984,vp,Finance,xp,,,,,
4703181,Annette Bruntz,Annette,Bruntz,Verified emails found,2025-10-15 09:49:50.636339,abruntz@comcast.net,annette.bruntz@tolmar.com,abruntz@comcast.net,abruntz@comcast.net,annette.bruntz@tolmar.com,abruntz@tolmar.com,9703812093,9703812093,"970-377-9834
217-297-5607
253-639-6660",,https://www.linkedin.com/in/annette-bruntz-9ab11a6,,,,,,,Vice President Accounting,TOLMAR Inc.,"701 Centre Ave, Fort Collins, Colorado 80526, US",tolmar.com,http://www.tolmar.com,https://www.linkedin.com/company/tolmar.,"Fort Collins, CO, US",Fort Collins,,CO ,US,TOLMAR Inc.,Vice President Accounting,2016-03-01,Present,TOLMAR Inc.,Corporate Controller,2010-01-01,Present,"TOLMAR, Inc",Controller,2006-01-01,2010-01-01,"TOLMAR, Inc.",Assistant Controller,2004-10-01,2006-01-01,"TOLMAR, Inc.",Budget Supervisor,2003-01-01,2004-10-01,University of Northern Colorado,,,,,,,,"Financial Reporting,Forecasting,Process Improvement,Cost Accounting,Auditing,Financial Analysis,Financial Accounting,Accounting,Budgets,Mergers & Acquisitions,Sarbanes-Oxley Act,SAP,ERP,Internal Controls,Manufacturing,US GAAP,Cross-functional Team Leadership,Management,Pharmaceutical Industry,Microsoft Word,Business Process Improvement,Social Media,Cross Functional Team Leadership,Business Development,Mergers and Acquisitions,Sarbanes Oxley Act,Budgeting,Analysis",,,"UNC Monfort College of Business Alumni & Friends, Professionals in the Pharmaceutical and Biotech Industry",,25,1970,vp,Finance,xp,,,,,
5857128,Michelle Moss,Michelle,Moss,Verified emails found,2025-10-15 09:49:50.817196,mmoss@salesforce.com,mmoss@salesforce.com,mab3658@gmail.com,"mmoss@salesforce.com,mab3658@gmail.com",,,585-748-1620,585-748-1620,"4155893290
502-426-8511
585-231-6228
585-784-3304
585-454-1001
6563025700
508-648-0934
325-716-3996",,https://www.linkedin.com/in/michelle-moss-3817824,http://www.facebook.com/people/_/64800104,,,,,,Vice President of Accounting,Salesforce,"415 Mission St, San Francisco, California 94105, US",salesforce.com,http://www.salesforce.com,https://www.linkedin.com/company/salesforce,"San Francisco, CA, US",San Francisco,,CA ,US,Salesforce,Vice President of Accounting,2023-08-01,Present,Salesforce,"VP, Corporate Accounting",,Present,Salesforce,"Senior Director, Corporate Accounting",2020-02-01,2023-08-01,Salesforce,"Director, Corporate Accounting",2017-08-01,2020-02-01,Salesforce,"Senior Manager, Accounting and Policy",2015-08-01,2017-08-01,St. John Fisher University,,,,,,,,"Leadership,Management,Microsoft Office,Project Management,Accounting,Account Management,Sales,Process Improvement,Microsoft Excel,Research,Government",,,"St. John Fisher College Alumni, PricewaterhouseCoopers LLP (PwC US), PricewaterhouseCoopers (PwC) employees and alumni - unofficial group",,19,1984,vp,Finance,xp,,,,,
16214281,Margaret Snyder,Margaret,Snyder,Verified emails found,2025-10-15 09:49:51.044180,margaret_snyder@goodyear.com,margaret_snyder@goodyear.com,,margaret_snyder@goodyear.com,,,3305549114,,,,https://www.linkedin.com/in/margaret-snyder-03775715,,,,,,,Vice President and Controller,The Goodyear Tire & Rubber Company,"200 Innovation Way, Akron, Ohio 44316, US",goodyear.com,http://www.goodyear.com,https://www.linkedin.com/company/goodyear,"Hudson, OH, US",Hudson,,OH ,US,The Goodyear Tire & Rubber Company,Vice President and Controller,2023-04-01,Present,The Goodyear Tire & Rubber Company,Latin America Controller,2022-12-01,2023-04-01,EY,"Senior Manager, Assurance Services",2015-10-01,2020-04-01,EY,"Senior Manager, Professional Practice Auditing",2015-07-01,2018-08-01,EY,"Senior, Assurance Services",2009-10-01,2012-09-01,The University of Akron,Masters of Science in Accountancy,,,Bowling Green State University,,,,"Marketing,Strategic Planning,Sales,Project Management,Microsoft Office,Customer Service,Training",,,,,13,1984,vp,Finance,xp,,,,,
10018343,Spryte Kimmey,Spryte,Kimmey,Verified emails found,2025-10-15 09:49:51.275044,skimmey@landstar.com,skimmey@landstar.com,spryte1@comcast.net,skimmey@landstar.com,"spryte1@comcast.net,kimmey63@comcast.net",,904-571-2836,904-571-2836,"9046310354
904-398-9400
904-390-4967
904-620-8118",,https://www.linkedin.com/in/spryte-kimmey-4410861a,,,,,,,Vice President Accounts Receivable,Landstar,"13410 Sutton Park Dr. South, Jacksonville, Florida 32224, US",landstar.com,https://www.landstar.com/,https://www.linkedin.com/company/landstar,"Jacksonville, FL, US",Jacksonville,,FL ,US,Landstar,Vice President Accounts Receivable,2010-07-01,Present,Landstar,Director of Accounts Receivable,2003-05-01,2010-07-01,Landstar,Accounts Receivable Manager,2001-08-01,2003-05-01,"PRC, LLC",Operations Manager,1998-01-01,2001-01-01,,,,,University of Florida - Warrington College of Business,Bachelor of Business Administration (BBA),,,University of North Florida,,,,"Transportation,Container,Process Improvement,Freight,Warehousing,LTL,3PL,Logistics,Transportation Management,Logistics Management,Operations Management,Truckload,Supply Chain,Shipping,Trucking,Leadership,Accounts Receivable,Negotiation,Managing Associates,Financial Analysis,Staff Development,Planning Budgeting and Forecasting,Research,Presentation Skills,Marketing,Sales,Business Analysis,Public Speaking,Customer Service Management,Microsoft Excel",,,"American Society of Transportation and Logistics of Jacksonville Florida, European Supply Chain, Jacksonville Women's Leadership Forum, Linkin Transportation Professionals",,27,1967,vp,Finance,xp,,,,,
48137062,Mary Sullivan,Mary,Sullivan,Verified emails found,2025-10-15 09:49:51.460024,sullivan.mary@cleanharbors.com,sullivan.mary@cleanharbors.com,sulldog3@aol.com,"sullivan.mary@cleanharbors.com,sulldog3@aol.com",,,8007677772,,,,https://www.linkedin.com/in/marysullivan0520,,,,,,,Senior Vice President Controller,Clean Harbors Environmental Services Inc.,"42 Longwater Drive, P.O. Box 9149, Norwell, Massachusetts 02061, US",cleanharbors.com,http://www.cleanharbors.com,https://www.linkedin.com/company/clean-harbors,"Quincy, MA, US",Quincy,,MA ,US,Clean Harbors Environmental Services Inc.,Senior Vice President Controller,2019-05-01,Present,Clean Harbors,Vice President of FP and A,2018-03-01,2019-05-01,Stop & Shop,Director of Commercial Finance,2018-01-01,2018-03-01,Ahold,Director of Finance - Supply Chain,2013-04-01,2017-12-01,Ahold USA,Supply Chain Finance Manager,2012-04-01,2013-04-01,University of Massachusetts Dartmouth,Master of Business Administration (M.B.A.),,,UMass Boston,Bachelor’s Degree,,,"Finance,Supply Chain Management,Strategic Planning,Supply Chain",,,,,15,1968,vp,Finance,xp,,,,,
739419485,Christopher M.,Christopher,M.,Verified emails found,2025-10-15 09:49:51.711968,mc@swifttrans.com,mc@swifttrans.com,,,"mc@swifttrans.com,m@swifttrans.com","christopher_m@swifttrans.com,christopher.m@swifttrans.com,christopherm@swifttrans.com,christopher@swifttrans.com",,,,,https://www.linkedin.com/in/christopher-m-275b1622,,,,,,,Vice President Corporate Controller,Swift Transportation,"2200 S. 75th Ave, Phoenix, Arizona 85043, US",swifttrans.com,http://www.swifttrans.com,https://www.linkedin.com/company/swift-transportation,"Phoenix, AZ, US",Phoenix,,AZ ,US,Swift Transportation,Vice President Corporate Controller,2023-04-01,Present,,,,,,,,,,,,,,,,,"Northern Arizona University, College of Business Administration",Master's in Business Admistration,,,Northern Arizona University,Bachelor's of Science,,,,,,,,2,,vp,Finance,xp,,,,,
27236662,John Sweeney,John,Sweeney,Verified emails found,2025-10-15 09:49:51.895209,johnsweeneycpa@yahoo.com,,johnsweeneycpa@yahoo.com,"johnsweeneycpa@yahoo.com,jsweeney314@yahoo.com,johnlkeenan@verizon.net",,john.sweeney@cwams.com,6319877380,,"9783691079
6094394364
6318468188
3865860042
6315878886",,https://www.linkedin.com/in/john-sweeney-b6b7775,,,,,,,Vice President and Controller,CardWorks,"101 Crossways Park Dr W, Woodbury, New York 11797, US",cardworks.com,https://linktr.ee/cardworksinc,https://www.linkedin.com/company/cardworks,"Nesconset, NY, US",Nesconset,11767,NY ,US,CardWorks,Vice President and Controller,2018-04-01,Present,Douglas Elliman Real Estate,Corporate Controller,2015-09-01,2018-04-01,EY,Sr. Manager - FAAS,2014-09-01,2015-09-01,Fidelity Investments,Director II of Brokerage Accounting,2010-06-01,2011-01-01,"Ernst & Young, LLP",Sr. Manager,2003-02-01,2010-06-01,Saint Joseph's College,BS,,,,,,,"CPA,Internal Controls,Finance,Accounting,Auditing,Financial Analysis,US GAAP,Partnerships,Golang,Structure,Microsoft Word,Staff Development,Sage Act,Marketing,Applications,Obtain,SAS,Executive Management,Tax,Financial Statements,Sales,Sarbanes Oxley Act,Pensions,American,Tax Returns,Mainframe,Science,Accounting System,Capital Markets,Paperless,Engagements,Detail,Financial Data,Turbo Tax,Hospitality,Business Background,Banking,SEC,For Profit,Testing,Operations,System,Lotus 123,Research,New York,PC,General Controls,Microsoft Excel,Hedge Funds,Manufacturing,Corporations,GAAP,Real Estate,Yahoo,PowerPoint,Leadership",,,,,30,1973,vp,Finance,xp,,,,,
19316358,Bob Owens,Bob,Owens,Verified emails found,2025-10-15 09:49:52.088461,bobowens@gmail.com,,bobowens@gmail.com,,bobowens@gmail.com,,,,,,https://www.linkedin.com/in/bob-owens-b15a0312,,,,,,,"Vice President, Chief Accountant",BMS,"3401 Princeton Pike, Lawrence Township, New Jersey 08311, US",bms.com,http://www.bms.com,https://www.linkedin.com/company/bristol-myers-squibb,"Bernards, NJ, US",Bernards,07920,NJ ,US,BMS,"Vice President, Chief Accountant",2008-09-01,Present,,,,,,,,,,,,,,,,,,,,,,,,,"Strategic Planning,Research,Project Management,Accounting,Sarbanes Oxley Act,US GAAP,Financial Reporting,Variance Analysis,Risk Management,Financial Services",,,,,17,1986,vp,Finance,xp,,,,,
7724465,Dan Cox,Dan,Cox,Verified emails found,2025-10-15 09:49:52.281509,dan6374@comcast.net,,dan6374@comcast.net,"dan6374@comcast.net,acslater1976ta@gmail.com",,,908-443-2000,435-705-1975,"435-705-1975
678-850-0586
705-705-1975
519-942-0754
908-470-9900
908-443-4240
9739980135",,https://www.linkedin.com/in/dan-cox-6067b74,,,,,,,Vice President Of Accounting,Travel + Leisure Co.,"6277 Sea Harbor Dr, Orlando, Florida 32821, US",travelandleisureco.com,https://www.travelandleisureco.com,https://www.linkedin.com/company/travelleisureco,"Orlando, FL, US",Orlando,,FL ,US,Travel + Leisure Co.,Vice President Of Accounting,2018-12-01,Present,RCI,Vice President and Controller,2012-02-01,2018-12-01,Wyndham Exchange and Rentals,VP Assistant Controller,2009-10-01,2012-02-01,Cegedim Dendrite,VP of Finance - Head of Accounting,2008-04-01,2009-10-01,Cegedim Dendrite,Assistant Controller,2007-05-01,2008-04-01,Harding University,BBA,,,The College of New Jersey,,,,"Executive Leadership,Memos,Control Design,Close Process,Big Four Accounting Firms,Accounting Issues,Financial Reporting,Consolidation,Sarbanes-Oxley Act,Revenue Recognition,Mergers & Acquisitions,Accounting,Internal Controls,SEC filings,Financial Accounting,Sarbanes-Oxley,Finance,Due Diligence,Corporate Tax,Forecasting,Internal Audit,US GAAP,Tax,Restructuring,Financial Analysis,Financial Audits,Leases,Managerial Finance,GAAP,Treasury Management,M&A due diligence,Company Acquisitions,Purchase Accounting,SOX,SEC reporting,Procurement,IFRS,Accounts Payable,Variance Analysis,Cash Management,Hyperion Enterprise,Oracle E-Business Suite,Business Objects,International Acquisitions,Oracle Financials,IPO,Shared Services,Outlooksoft,Essbase,Technology,Oracle E Business Suite,Sarbanes Oxley,Sarbanes Oxley Act,Mergers and Acquisitions",,,,,31,1974,vp,Finance,xp,,,,,
9661313,Michelle Soriano Zambrano,Michelle,Zambrano,Verified emails found,2025-10-15 09:49:52.458120,mzambrano56@gmail.com,michellezambrano@pvh.com,mzambrano56@gmail.com,mzambrano56@gmail.com,michellezambrano@pvh.com,,9088724423,9088724423,"9085260445
9086985834",,https://www.linkedin.com/in/michelle-zambrano-508ba132,https://facebook.com/mszambrano1,,,,,,Vice President of Accounting,PVH Corp.,"285 Madison Ave, New York, New York 10017, US",pvh.com,http://www.pvh.com,https://www.linkedin.com/company/pvh,"Raritan, NJ, US",Raritan,08869,NJ ,US,PVH Corp.,Vice President of Accounting,2014-05-01,Present,PVH,Director of Corporate Accounting,2012-01-01,2014-05-01,Ernst & Young,Audit Senior Manager,2001-05-01,2012-01-01,,,,,,,,,University of Virginia,MS,,,University of Pittsburgh,BA,,,"SEC filings,US GAAP,Accounting,Finance,Budgets,Forecasting,Internal Controls,Sarbanes-Oxley,Compliance SOX,Revenue Recognition,Auditing,Financial Reporting,IFRS,GAAP,CPA,Sarbanes-Oxley Act,Big 4,Consolidation,External Audit,Public Speaking,Sarbanes Oxley,Microsoft Excel,Sarbanes Oxley Act,Internal Audit,U.S. SEC Filings,u.s. Generally Accepted Accounting Principles Gaap,Generally Accepted Accounting Principles Gaap,u.s. Generally Accepted Accounting Principles,Generally Accepted Accounting Principles",,,"EY Global, Ernst & Young LLP - Current and Former Employees",,24,1980,vp,Finance,xp,,,,,
13390051,Jacki Bachman,Jacki,Bachman,Verified emails found,2025-10-15 09:49:52.643315,jackibachman@gmail.com,jaclyn.bachman@marriott.com,jackibachman@gmail.com,,"jackibachman@gmail.com,jaclyn.bachman@marriott.com",,845-294-6611,,,,https://www.linkedin.com/in/jacki-bachman-b190446,,,,,,,"Vice President, Accounting Policy",Marriott International,"10400 Fernwood Road, Bethesda, Maryland 20817, US",marriott.com,http://www.marriott.com,https://www.linkedin.com/company/marriott-international,"Phoenix, AZ, US",Phoenix,,AZ ,US,Marriott International,"Vice President, Accounting Policy",2021-01-01,Present,Marriott International,"Senior Director, Accounting Policy",2016-09-01,2021-01-01,"Starwood Hotels & Resorts Worldwide, Inc.","Director, Financial Reporting and Development Support",2014-02-01,2016-09-01,"Starwood Hotels & Resorts Worldwide, Inc.","Director, Global Compliance - Corp and Timeshare Assurance",2012-06-01,2014-02-01,"Starwood Hotels & Resorts Worldwide, Inc.","Director, Consolidations and International Accounting",2007-11-01,2012-05-01,Gies College of Business - University of Illinois Urbana-Champaign,B.S.,,,,,,,"Internal Controls,Consolidation,Sarbanes-Oxley Act,US GAAP,Financial Reporting,Assurance,Auditing,Sarbanes-Oxley,Revenue Recognition,CPA,Internal Audit,General Ledger,Financial Analysis,Management,Accounting,GAAP,SEC Filings,U.S. Generally Accepted Accounting Principles (GAAP),Forecasting,Hotels,Sarbanes Oxley,Resorts,Sarbanes Oxley Act,u.s. Generally Accepted Accounting Principles Gaap,u.s. Generally Accepted Accounting Principles",,,"Starwood Hotels & Resorts Worldwide, KPMG US Alumni Group, KPMG Pacific Southwest Alumni Connection, Finance Plus: Private Equity, Venture Capital and M&A news",,25,1989,vp,Finance,xp,,,,,
13012252,Kyle Jackson,Kyle,Jackson,Verified emails found,2025-10-15 09:49:52.827378,kyle_jackson@transwestern.net,kyle_jackson@transwestern.net,kylewaynejack@gmail.com,"kyle_jackson@transwestern.net,kylewaynejack@gmail.com,kyle.jackson@transwestern.net,mikeyj641@aol.com",,,8177130873,8173008470,"8173008470
2144551749",,https://www.linkedin.com/in/kwjackson,https://facebook.com/8359704,https://twitter.com/kyle_jackson,,,,,"Vice President, Controller",Transwestern,"1900 West Loop South Suite 1300, Houston, Texas 77030, US",transwestern.com,http://www.transwestern.com,https://www.linkedin.com/company/transwestern,"Dallas, TX, US",Dallas,,TX ,US,Transwestern,"Vice President, Controller",2024-10-01,Present,RSM US LLP,Audit Senior Manager - Asset Management,2021-08-01,2024-10-01,RSM US LLP,Audit Manager - Asset Management,2020-01-01,2021-08-01,B.C. Williams Companies,Controller,2019-03-01,2020-01-01,KPMG US,Audit Manager,2018-07-01,2019-03-01,Texas A&M University - Mays Business School,Master of Science (M.S.),,,Mays Business School - Texas A&M University,Bachelor of Business Administration (B.B.A.),,,"Auditing,Public Speaking,Accounting,Obtain,Corporate Finance,Preferences,Payments,Location,Civic,Symphony,Net,Teaching,Applications,Graphics,Students,Cost,Debate,Brochures,Government,Communication,Business Services,Academic,Shale,Healthcare,Finance,Advertising,Expense Reports,Dallas,Materials,Fund Of Funds,Concerts,Trace,Account Reconciliation,Executive Positions,Business Administration,Wind,Instruct,Public Policy,Microsoft Office,Case Studies,Group Benefit Plans,Corporations,Asset Management,Bank Deposits,Audit,Checks,Tutoring,Legal,Critical Thinking,Instructional Design,Biography,QuickBooks,Budgets,Texas,Financial Transactions,Management,Private Equity,Design,Politics,Filing,Young Professionals,Health Insurance,Campaigns,Presentations,Income,Employee Benefits,Employment Law,Hedge Funds,Country,Council",,,,,15,1990,vp,Finance,xp,,,,,
6509793,Tyler Hines,Tyler,Hines,Verified emails found,2025-10-15 09:49:52.990972,tyler.hines@internetbrands.com,tyler.hines@internetbrands.com,thines57@aol.com,"tyler.hines@internetbrands.com,thines57@aol.com",,,3104353065,3104353065,"3014696000
3102804138
5593619768
3103797675",,https://www.linkedin.com/in/tyler-hines-964a335,https://facebook.com/thines57,,,,,,Senior Vice President - Accounting,Internet Brands,"909 N. Sepulveda Blvd., El Segundo, California 90245, US",internetbrands.com,http://www.internetbrands.com,https://www.linkedin.com/company/internet-brands,"Los Angeles, CA, US",Los Angeles,,CA ,US,Internet Brands,Senior Vice President - Accounting,2019-02-01,Present,LiveXLive Media Inc,Corporate Controller,2018-04-01,2019-02-01,Westfield,Vice President - Finance,2010-09-01,2016-12-01,UCLA Alumni Association,Audit Commitee Chair,2004-08-01,2014-01-01,Ticketmaster Entertainment,Deputy Controller,2009-03-01,2010-09-01,"University of California, Los Angeles",Bachelor of Arts (B.A.),,,,,,,"Auditing,Team Building,Financial Reporting,General Ledger,Budgets,CPA,Sarbanes-Oxley Act,Accounting,Cash Flow,Due Diligence,Finance,Financial Analysis,Forecasting,Project Management,Program Management,Sarbanes Oxley Act,Strategic Planning,Strategy",,,"Hilton Worldwide -Active Employees or past Employees, Pi Kappa Alpha Professional Network, Deloitte Employees and Alumni, UCLA Alumni",,27,1992,vp,Finance,xp,,,,,
80709487,Adam Stiefel,Adam,Stiefel,Verified emails found,2025-10-15 09:49:53.200635,adam.stiefel86@gmail.com,adam.stiefel@blackrock.com,adam.stiefel86@gmail.com,adam.stiefel86@gmail.com,adam.stiefel@blackrock.com,astiefel@blackrock.com,3024812314,,2674810936,,https://www.linkedin.com/in/adam-stiefel-0a799693,,,,,,,Investment Accounting Vice President,BlackRock,"50 Hudson Yards, New York, New York 10001, US",blackrock.com,http://www.blackrock.com,https://www.linkedin.com/company/blackrock,"Philadelphia, PA, US",Philadelphia,,PA ,US,BlackRock,Investment Accounting Vice President,2022-01-01,Present,BlackRock,Investment Accountant,2018-03-01,2022-01-01,Golub Capital,Investor Relations Analyst,2014-07-01,2017-01-01,JPMorgan Chase,Trade Support,2012-06-01,2014-07-01,JPMorgan Chase,Collateral Specialist,2008-07-01,2012-06-01,Fox School of Business and Management - Temple University,,,,Penn State University,Bachelor of Science (B.S.),,,"Banking,Fixed Income,Securities,Trading,Microsoft Excel,Investments,Financial Analysis,Hedge Funds,Bloomberg,Equities,Derivatives,Capital Markets,Investment Banking,Portfolio Management,Credit Risk,Mortgage Lending,Account Reconciliation,Financial Risk,Settlement",,,,,16,1986,vp,Finance,xp,,,,,
28135188,Loretta Cangialosi,Loretta,Cangialosi,Verified emails found,2025-10-15 09:49:53.377035,lcangialosi@gmail.com,,lcangialosi@gmail.com,lcangialosi@gmail.com,,,2125733115,516-297-1956,"516-297-1956
516-318-8885
717-627-2211
4106651328
516-488-6389",,https://www.linkedin.com/in/loretta-cangialosi-72025936,,,,,,,"Senior Vice President, Controller",Pfizer,"New York, New York, New York 10017, US",pfizer.com,https://www.pfizer.com/?source=Linkedin,https://www.linkedin.com/company/pfizer,"New York, NY, US",New York,,NY ,US,Pfizer,"Senior Vice President, Controller",,Present,Pfizer,Senior Vice President and Controller,1993-02-01,Present,KPMG,Senior Manager,1980-01-01,1992-01-01,,,,,,,,,New York University,Master of Business Administration,,,Adelphi University,Bachelor of Business Administration,,,"Due Diligence,SAP Implementation,Reporting and Analysis,u.s. Generally Accepted Accounting Principles Gaap,Microsoft Office,Financial Analysis,Auditing,US GAAP,Shared Services,Accounting,Financial Accounting,Forecasting,Finance,Cost Savings,Analytical Skill,Sarbanes Oxley Act,Acquisition Integration,Analysis,Cost Accounting,Cash Flow,Financial Advisory,Editing,Compliance,Internal Controls,Financial Reporting,Divestitures,Public Speaking,Hyperion Enterprise,Hyperion,Mergers,SEC filings,IFRS,GAAP,Mergers and Acquisitions,Cross Functional Team Leadership,Management,Business Process Improvement,u.s. Generally Accepted Accounting Principles",,,,,44,1958,vp,Finance,xp,,,,,
18555811,Joy Malivuk,Joy,Malivuk,Verified emails found,2025-10-15 09:49:53.544210,joy.malivuk@trulieve.com,joy.malivuk@trulieve.com,,,"joy.malivuk@trulieve.com,j.malivuk@trulieve.com","jmalivuk@trulieve.com,joymalivuk@trulieve.com,joy_malivuk@trulieve.com",8134950987,,"8134064064
7274802763",,https://www.linkedin.com/in/joy-malivuk-507b054,https://facebook.com/joy.malivuk,,,,,,Vice President of Accounting,Trulieve,"3494 Martin Hurst Rd, Tallahassee, Florida 32312, US",trulieve.com,http://www.trulieve.com,https://www.linkedin.com/company/trulieve,"Clearwater, FL, US",Clearwater,,FL ,US,Trulieve,Vice President of Accounting,2023-01-01,Present,QVC,Director of Accounting,2018-01-01,2023-01-01,"HSN, Inc.","Operational Vice President, Financial Reporting and SEC Compliance",2013-09-01,2017-12-01,HSN,Director of Financial Reporting and SEC Compliance,2008-09-01,2013-09-01,Tech Data,Senior Manager of Corporate Accounting,2007-09-01,2008-09-01,University of Florida,Bachelor of Science (B.S.) and Masters,,,,,,,"Technical Accounting,Leadership,Microsoft Office,Financial Analysis,Financial Reporting,Corporate Finance,Marketing,Accounting,Financial Accounting,Social Media,Project Management,Sarbanes Oxley Act",,,,,26,1974,vp,Finance,xp,,,,,
93986120,Lisa C,Lisa,C,Verified emails found,2025-10-15 09:49:53.737982,lisa.cefalo@recordedfuture.com,lisa.cefalo@recordedfuture.com,lisac002002@yahoo.com,"lisa.cefalo@recordedfuture.com,lisac002002@yahoo.com,c@recordedfuture.com",,,617-763-6242,617-763-6242,"7812311583
617-337-5019
857-415-4149",,https://www.linkedin.com/in/lisa-c-70b4b25,http://www.facebook.com/people/_/100004915953988,,,,,,Vice President and Controller,Recorded Future,"363 Highland Avenue, Somerville, Massachusetts 02144, US",recordedfuture.com,http://www.recordedfuture.com,https://www.linkedin.com/company/recorded-future,"Boston, MA, US",Boston,,MA ,US,Recorded Future,Vice President and Controller,2019-12-31,Present,Rapid7,Director Of Operations,2013-05-31,Present,Recorded Future,Controller,2018-03-31,2019-12-31,Novartis Vaccines and Diagnostics,Associate Director,2007-09-30,2013-05-31,Liberty Mutual,Assistant Controller,2002-01-01,2007-08-31,Northeastern University,Masters,,,,,,,,,,,,25,1978,vp,Finance,xp,,,,,
10102996,Mike Russo,Mike,Russo,Verified emails found,2025-10-15 09:49:53.919751,mrusso@tjx.com,mrusso@tjx.com,russo_mike@verizon.net,"mrusso@tjx.com,mike_russo@tjx.com",russo_mike@verizon.net,,6177995306,,,,https://www.linkedin.com/in/mike-russo-73002bb,,,,,,,"Vice President, Financial Accounting","The TJX Companies, Inc.","770 Cochituate Road, Framingham, Massachusetts 01701, US",tjx.com,http://www.tjx.com,https://www.linkedin.com/company/tjx,"Boston, MA, US",Boston,,MA ,US,"The TJX Companies, Inc.","Vice President, Financial Accounting",2017-06-01,Present,"The TJX Companies, Inc.","Assistant Vice President, Director of Corporate Financial Accounting",2012-06-01,2017-06-01,"The TJX Companies, Inc.",Manager of Accounting - HomeGoods Division,2007-04-01,2012-06-01,"The TJX Companies, Inc.",Accounting Manager - HomeGoods Division,2004-10-01,2007-04-01,American Golf Corporation,Accounting Manager,2000-09-01,2002-04-01,Bentley University,,,,,,,,"Forecasting,Accounting,Corporate Finance,Financial Analysis,Financial Reporting,Sarbanes-Oxley Act,General Ledger,Auditing,Financial Audits,Inventory Management,Internal Controls,US GAAP,Retail,P&L,Management,Sarbanes Oxley Act,Sales,Budgets,Marketing,Customer Service,Strategic Planning,Leadership,Golf,Finance,Microsoft Word",,,"Retail Industry Professionals Group, HOB Alums, The TJX Companies Alumni, Bentley University Community, Red Sox Nation",,29,1974,vp,Finance,xp,,,,,
16020080,Troy Russell,Troy,Russell,Verified emails found,2025-10-15 09:49:54.102685,trussell@ritehite.com,trussell@ritehite.com,,trussell@ritehite.com,,,4147594819,4147594819,4149733100,,https://www.linkedin.com/in/troy-russell-6707233,https://facebook.com/troy.russell.921,,,,,,Vice President - Accounting,Rite-Hite,"195 S. Rite-Hite Way, Milwaukee, Wisconsin 53212, US",ritehite.com,http://www.ritehite.com,https://www.linkedin.com/company/rite-hite,"Milwaukee, WI, US",Milwaukee,53212,WI ,US,Rite-Hite,Vice President - Accounting,2014-07-01,Present,Rite-Hite Products Corporation,Controller,2010-01-01,Present,Rite Hite Corporation,Director of Order Administration,2004-10-01,2010-06-01,Rite-Hite Corporation,Financial Team lead - JDE Implementation,2001-09-01,2004-05-01,Rite Hite Corporation,Accounting Supervisor,1998-01-01,2001-05-01,University of Dubuque,,,,,,,,"Forecasting,ERP,Accounting,Manufacturing,Process Improvement,Accounts Payable,Inventory Management,Supply Chain Management,Change Management,Logistics,Troubleshooting,Operations Management,Cost Accounting,Auditing,Negotiation,Management,Finance,Account Management,New Business Development,Strategic Planning,Business Process Improvement",,,"Oracle ERP User Network, JD Edwards OneWorld & EnterpriseOne Functional/Business Analyst Professionals, Quest International Users Group, JD Edwards Professionals (JDE)",,35,1969,vp,Finance,xp,,,,,
21106172,Katherin Daniels,Katherin,Daniels,Verified emails found,2025-10-15 09:49:54.309398,katherin.daniels@abcfitness.com,katherin.daniels@abcfitness.com,,,katherin.daniels@abcfitness.com,,4698795459,,,,https://www.linkedin.com/in/katherin-daniels-cpa-41349128,,,,,,,Vice President Corporate Controller,ABC Fitness Solutions,"208 E Kiehl Ave, Sherwood, Arkansas 72120, US",abcfitness.com,https://abcfitness.com/,https://www.linkedin.com/company/abc-fitness-solutions,"Texas, United States",,,TX ,US,ABC Fitness Solutions,Vice President Corporate Controller,2022-09-01,Present,ABC Fitness Solutions,Accounting Controller,2021-01-01,2022-09-01,ABC Financial Services,Assistant Controller,2020-09-01,2021-01-01,ACTIVE Network,Director Of Accounting,2019-06-01,2020-09-01,"ACTIVE Network, LLC","Senior Manager, Revenue Operations",2018-08-01,2019-06-01,The University of Texas at Austin,Master in Professional Accounting,,,St.Edward's University,Bachelor of Business Administration,,,"Financial Reporting,Project Management,Sarbanes-Oxley Act,Accounting,Financial Analysis,Microsoft Office,Microsoft Excel,Oracle E-Business Suite,Analysis,SharePoint Designer,Financial Accounting,General Ledger,SAP,Internal Controls,Account Reconciliation,Variance Analysis,US GAAP,Oracle Discoverer,Capital Budgeting,Hyperion Enterprise,Hyperion,Microsoft Word,Forecasting,Oracle Financials,Business Objects,Outlook,Public Speaking,CPA TX license #095021,Excel,Finance,Word,Budgeting,Budget Monitoring,Pricing,Product Cost Analysis,U.S. Generally Accepted Accounting Principles (GAAP),Sarbanes Oxley Act,u.s. Generally Accepted Accounting Principles Gaap,Management,PowerPoint,Business Analysis,Oracle E Business Suite,u.s. Generally Accepted Accounting Principles",,,"Texas Exes - The University of Texas Ex-Students' Association, Houston CPA Society Young Professionals, Texas Young Professionals (Houston, Dallas, San Antonio, Austin & Fort Worth Chapters), Houston CPA Society",,17,1988,vp,Finance,xp,,,,,
29675099,David Reed,David,Reed,Verified emails found,2025-10-15 09:49:54.491413,david.l.reed@comcast.net,david.reed@cenveo.com,david.l.reed@comcast.net,david.l.reed@comcast.net,"david.reed@cenveo.com,reedd@cenveo.com,dreed@cenveo.com","davidr@cenveo.com,david@cenveo.com,d.reed@cenveo.com",7088394021,,,,https://www.linkedin.com/in/davidlreed,,,,,,,Vice President Of Accounting,Cenveo Inc.,"200 First Stamford Place 2nd Floor, Stamford, Connecticut 06902, US",cenveo.com,http://www.cenveo.com,https://www.linkedin.com/company/cenveo,"Willow Springs, IL, US",Willow Springs,,IL ,US,Cenveo Inc.,Vice President Of Accounting,2013-11-01,Present,Cenveo Envelope Group,Senior Director of Accounting,2009-11-01,2013-11-01,DA Stuart Company,North American Controller,2005-10-01,2009-11-01,"Rollprint Packaging Products, Inc.",Corporate Controller,1998-07-01,2005-10-01,"Rollprint Packaging Products, Inc.",Accounting Manager,1990-01-01,1998-01-01,Indiana University,BS,,,Portage High School,High School Diploma,,,"Cash Management,Auditing,Inventory Management,Forecasting,ERP System Implementation,Financial Analysis and Reporting,Team Building and Staff Development,Costing and Variance Analysis,Acquisitions and Integration,Operating and Capital Budgeting,General Ledger,JD Edwards,Financial Analysis,Financial Accounting,Manufacturing,Budgets,ERP,Finance,Accounting,Capital Budgeting,Cost Accounting,Payroll,Strategic Planning,Sarbanes-Oxley Act,Change Management,Team Building,Cash Flow,Continuous Improvement,Process Improvement,Executive Management,Operations Management,SEC filings,Business Process Improvement,Variance Analysis,Six Sigma,Account Reconciliation,Financial Statements,Financial Reporting,Mergers & Acquisitions,Negotiation,SAP,GAAP,Public Speaking,Sarbanes Oxley Act,Mergers and Acquisitions,Marketing,Customer Service,Business Process,Costing and Variance,Operating and Capital,Project Management,Business Development,Erp System,Sales,Team Building and Staff,Acquisitions",,,"Executive Suite, CPA & Business Professional Group, JD Edwards Professionals (JDE)",,35,1963,vp,Finance,xp,,,,,
48005807,Nathan Lewis,Nathan,Lewis,Verified emails found,2025-10-15 09:49:54.650803,nathan.lewis@streamrealty.com,nathan.lewis@streamrealty.com,,nathan.lewis@streamrealty.com,,,2146636731,2146636731,"2147970571
9723850513",,https://www.linkedin.com/in/nathan-lewis-8803268b,,,,,,,Vice President - Project Accounting,Stream Realty Partners,"2001 Ross Avenue Suite 400, Dallas, Texas 75201, US",streamrealty.com,https://streamrealty.com/,https://www.linkedin.com/company/stream-realty-partners,United States,,,,US,Stream Realty Partners,Vice President - Project Accounting,2023-06-01,Present,Press Waffle Co.,Partner,2016-05-01,2025-03-01,Stream Realty Partners,Controller,2020-11-01,2023-06-01,Stream Realty Partners,Assistant Controller,2020-03-01,2020-11-01,Stream Realty Partners,Accounting Manager,2018-08-01,2020-02-01,Texas A&M University,,,,,,,,"Auditing,Asset Based Lending,Banking,Factoring,Business Relationship Management,Reporting and Analysis,Lotus Notes,Report Writing,Portfolio Management,Financial Modeling,Data Analysis,Credit Risk,Finance,Commercial Banking,Account Reconciliation,Risk Assessment,Microsoft Excel,Credit,Financial Analysis,Customer Support,Regression Models,Financial Reporting,Credit Analysis,Loans,Commercial Lending,Spanish",,,,,12,1988,vp,Finance,xp,,,,,
102656033,Rene H,Rene,H,Verified emails found,2025-10-15 09:49:54.806655,hagedornrene@gmail.com,rene.h@harman.com,hagedornrene@gmail.com,"hagedornrene@gmail.com,rene.hagedorn@gmx.de",rene.h@harman.com,rh@harman.com,267-902-7294,267-902-7294,"267-902-7295
248-732-7768",,https://www.linkedin.com/in/rene-h-9a81619,,,,,,,Vice President Controlling,HARMAN International,"400 Atlantic St, Stamford, Connecticut 06901, US",harman.com,http://www.harman.com,https://www.linkedin.com/company/harman-international,"West Bloomfield Township, MI, US",West Bloomfield Township,,MI ,US,HARMAN International,Vice President Controlling,2024-01-01,Present,Fisker Inc,Vice President Global Finance,2023-10-01,2024-03-01,Fisker Inc,Sr. Director Global Finance,2023-04-01,2023-09-01,Fisker Inc,Global Finance Director,2022-04-01,2023-06-01,Fisker Inc,Director of FP and A,2021-11-01,2022-03-01,Technische Universität Kaiserslautern,Dipl. -Wirtsch. -Ing,,,Technische Universitaet Kaiserslautern,Dipl. Wirtsch. Ing,,,,,,,,18,1977,vp,Finance,xp,,,,,
1427115,Steve Keisling,Steve,Keisling,Verified emails found,2025-10-15 09:49:54.988659,stephen.keisling@unifycx.com,stephen.keisling@unifycx.com,steve3981@gmail.com,"stephen.keisling@unifycx.com,steve3981@gmail.com,steve3981@yahoo.com","skeisling@hotmail.com,steve3981@hotmail.com",,617-694-8541,617-694-8541,603-888-2353,,https://www.linkedin.com/in/steve-keisling-2b393110,,,,,,,Vice President of Accounting,UnifyCX,"9931 Corporate Campus Dr Suite 1400, Louisville, Kentucky 40223, US",unifycx.com,https://www.unifycx.com,https://www.linkedin.com/company/unifycx,"Nashua, NH, US",Nashua,,NH ,US,UnifyCX,Vice President of Accounting,2025-02-01,Present,Imprivata,Vice President Of Finance,2018-03-01,2025-01-01,Imprivata,"Director, Revenue Accounting",2015-09-01,2018-03-01,Decision Resources Group,"Director, Revenue Recognition",2013-03-01,2015-09-01,Decision Resources Group,Revenue Manager,2011-04-01,2013-03-01,Siena University,,,,North Andover High School,,,,"SOX,Revenue Recognition,Forecasting,Accounting,SOP 97-2,EITF 08-01,EITF 09-03,Sarbanes-Oxley Act,General Ledger,US GAAP,Finance,Financial Analysis,Sarbanes Oxley Act,Microsoft Excel,Java,Eitf 08 01,Eitf 09 03,Business Development,Strategy,Sales,SQL,Sop 97 2",,,Software as a Service - SaaS - Group,,27,1976,vp,Finance,xp,,,,,
100789969,Ryan Barkan,Ryan,Barkan,Verified emails found,2025-10-15 09:49:55.177232,ryanbarkan@shearers.com,ryanbarkan@shearers.com,,ryanbarkan@shearers.com,,,3308300818,,,,https://www.linkedin.com/in/ryan-barkan-cpa-mba-63655117b,,,,,,,"Vice President, Corporate Accounting",Shearer's Foods,"100 Lincoln Way East, Massillon, Ohio 44646, US",shearers.com,http://www.shearers.com,https://www.linkedin.com/company/shearer's-foods-inc-,"Navarre, OH, US",Navarre,44662,OH ,US,Shearer's Foods,"Vice President, Corporate Accounting",2022-09-01,Present,Shearer's Foods,"Director, Corporate Accounting",2010-04-01,2016-01-01,Shearer's Foods,Assistant Controller,2005-09-01,2010-03-01,Ernst & Young,Senior Assurance Associate,2001-01-01,2005-01-01,,,,,Malone University,Master of Business Administration - MBA,,,Malone University,,,,,,,,,17,1979,vp,Finance,xp,,,,,
34591176,Maribel Garcia,Maribel,Garcia,Verified emails found,2025-10-15 09:49:55.356959,maribelgpiedra@gmail.com,mgarcia@kayak.com,maribelgpiedra@gmail.com,maribelgpiedra@gmail.com,"mgarcia@kayak.com,mgarcia@opentable.com",maribel@kayak.com,9144941851,,,,https://www.linkedin.com/in/maribel-garcia-b27759b,,,,,,,"Senior Vice President, Controller",KAYAK,"1266 E Main St 700R, Stamford, Connecticut 06902, US",kayak.com,http://www.kayak.com,https://www.linkedin.com/company/kayak,"Los Angeles, CA, US",Los Angeles,,CA ,US,KAYAK,"Senior Vice President, Controller",2022-07-01,Present,OpenTable,"Senior Vice President, Controller",2022-07-01,Present,PVH Corp.,"Vice President, External Reporting",2019-01-01,2022-06-01,PVH Corp.,"Director, External Reporting",2014-08-01,2018-12-01,PwC,Senior Associate,2007-09-01,2010-06-01,Association of Chartered and Certified Accountants (ACCA),ACCA,,,Norwegian School of Economics (NHH),,,,"Financial Reporting,Financial Accounting,Financial Analysis,IFRS,US GAAP,Consolidation,External Audit,Accounting,Fashion Retail,Auditing,Analysis,Internal Controls,Leadership,Economics,Business Analysis,Finance,Global Marketing,Strategic Planning,Branding,Editing,Project Management",,,"Chief Financial Officer (CFO) Network - The #1 Group for CFOs, PwC Alumni, Retail Industry Professionals Group",,19,1982,vp,Finance,xp,,,,,
37498510,Shelley Pitser,Shelley,Pitser,Verified emails found,2025-10-15 09:49:55.541909,jspitser@msn.com,shelley.pitser@cartus.com,jspitser@msn.com,"jspitser@msn.com,pitserjake@aol.com",shelley.pitser@cartus.com,,2035029167,,"2037888578
7143669011
8603669011
7652896970
9493669011
9494932539
8603546716
8603540072",,https://www.linkedin.com/in/shelley-pitser-85667811,,,,,,,"Vice President, Operations Accounting",Cartus,"100 Reserve Road, Danbury, Connecticut 06810, US",cartus.com,http://www.cartus.com,https://www.linkedin.com/company/cartus,"Connecticut, United States",,06796,CT ,US,Cartus,"Vice President, Operations Accounting",2014-08-01,Present,Cartus,"Director, Client Finance",2002-06-01,2014-08-01,Coldwell Banker,Staff Accountant,1996-01-01,2000-01-01,Donahue Schriber,Staff Accountant,1995-01-01,2000-01-01,Elliott Corporation,Staff Accountant,1990-01-01,1995-01-01,Fairfield University,Masters,,,Ball State University - Miller College of Business,Bachelors,,,"Real Estate,Relocation,Corporate Relocation,Account Management,Customer Satisfaction,Negotiation,Expatriate Management,Property Management,Selling,Contract Negotiation,Real Estate Transactions,Financial Analysis,Sales,Investment Properties,Budgets,Customer Service,Marketing,Management,Process Improvement,Finance,Vendor Management,Team Building,Strategic Planning,Accounting,Leadership,Microsoft Excel,Operations Management,Microsoft Office,Communication,Robotic Process Automation Rpa,Enterprise Marketing,Product Management,Executive Leadership,Business Process Improvement,Small Business Marketing,Robotic Process Automation",,,"Finance Plus: Private Equity, Venture Capital and M&A news, Fairfield University Alumni, Institute of Management Accountants (IMA®) Official Site",,33,1965,vp,Finance,xp,,,,,
26801930,Cheryl Scruggs-Henderson,Cheryl,Scruggs-Henderson,Verified emails found,2025-10-15 09:49:55.718571,cherylscr1214@gmail.com,scruggshendersonc@associaonline.com,cherylscr1214@gmail.com,"cherylscr1214@gmail.com,crhenderson62@yahoo.com,trudye1214@hotmail.com,brandonbxt@hotmail.com","scruggshendersonc@associaonline.com,scruggshenderson@associaonline.com,cscruggshenderson@associaonline.com,cherylscruggshenderson@associaonline.com,cheryl.scruggshenderson@associaonline.com","cheryl@associaonline.com,cheryls@associaonline.com",469-628-7229,469-628-7229,"214-707-0765
1.4696287229
972-863-9302
972-293-2948
214-608-0109
270-893-1026
712-298-0837",,https://www.linkedin.com/in/cheryl-scruggs-henderson-a7643762,http://www.facebook.com/cheryl.scruggshenderson,,,,,,Vice President of Accounting,Associa,"2301 N Greenville Ave, Richardson, Texas 75082, US",associaonline.com,https://www.associaonline.com,https://www.linkedin.com/company/associa,"Texas, United States",,,TX ,US,Associa,Vice President of Accounting,2021-07-01,Present,Associa,Controller,2019-02-01,Present,Avero Diagnostics,Director of Finance and Accounting,2015-09-01,2019-01-01,Greystar,Corporate Accounting Manager,2009-06-01,2015-04-01,"Frandeli Group, LLC",Corporate Accounting Manager,2007-05-01,2009-01-01,University of Phoenix,Master Of Business Administration,,,University of Texas at Arlington,Bachelors,,,"General Ledger,GAAP,Account Reconciliation,Accounts Payable,Auditing,Budgeting,Budgets,Customer Service,Finance,Financial Reporting,Fixed Assets,Forecasting,Management,Microsoft Excel,Payroll,Accounting",,,,,26,1969,vp,Finance,xp,,,,,
